ISO-10303-21;
HEADER;
/* Generated by software containing ST-Developer
 * from STEP Tools, Inc. (www.steptools.com) 
 */
/* OPTION: using custom renumber hook */

FILE_DESCRIPTION(
/* description */ ('STEP AP242 Edition 2',
'CAx-IF Rec.Pracs.---Representation and Presentation of Product Manufa
cturing Information (PMI)---4.0---2014-10-13',
'CAx-IF Rec.Pracs.---3D Tessellated Geometry---0.4---2014-09-14','2;1',
'CAx-IF Rec.Pracs.---User Defined Attributes---1.5---2016-08-15'),
/* implementation_level */ '2;1');

FILE_NAME(
/* name */ 'BMP280+mount',
/* time_stamp */ '2026-02-01T16:55:09Z',
/* author */ (''),
/* organization */ (''),
/* preprocessor_version */ 'ST-DEVELOPER v20',
/* originating_system */ 'ONSHAPE BY PTC INC, 1.210',
/* authorisation */ '  ');

FILE_SCHEMA (('AP242_MANAGED_MODEL_BASED_3D_ENGINEERING_MIM_LF { 1 0 10303 442 3 1 4 }'));
ENDSEC;

DATA;
#10=TESSELLATED_SHAPE_REPRESENTATION('',(#298),#2348);
#11=TESSELLATED_SHAPE_REPRESENTATION('',(#299),#2349);
#12=TESSELLATED_SHAPE_REPRESENTATION('',(#300),#2350);
#13=TESSELLATED_SHAPE_REPRESENTATION('',(#301),#2351);
#14=TESSELLATED_SHAPE_REPRESENTATION('',(#302),#2352);
#15=TESSELLATED_SHAPE_REPRESENTATION('',(#303),#2353);
#16=TESSELLATED_SHAPE_REPRESENTATION('',(#304),#2354);
#17=TESSELLATED_SHAPE_REPRESENTATION('',(#305),#2355);
#18=TESSELLATED_SHAPE_REPRESENTATION('',(#306),#2356);
#19=TESSELLATED_SHAPE_REPRESENTATION('',(#307),#2357);
#20=TESSELLATED_SHAPE_REPRESENTATION('',(#308),#2358);
#21=TESSELLATED_SHAPE_REPRESENTATION('',(#309),#2359);
#22=TESSELLATED_SHAPE_REPRESENTATION('',(#310),#2360);
#23=TESSELLATED_SHAPE_REPRESENTATION('',(#311),#2361);
#24=TESSELLATED_SHAPE_REPRESENTATION('',(#312),#2362);
#25=TESSELLATED_SHAPE_REPRESENTATION('',(#313),#2363);
#26=TESSELLATED_SHAPE_REPRESENTATION('',(#314),#2364);
#27=TESSELLATED_SHAPE_REPRESENTATION('',(#315),#2365);
#28=TESSELLATED_SHAPE_REPRESENTATION('',(#316),#2366);
#29=TESSELLATED_SHAPE_REPRESENTATION('',(#317),#2367);
#30=TESSELLATED_SHAPE_REPRESENTATION('',(#318),#2368);
#31=TESSELLATED_SHAPE_REPRESENTATION('',(#319),#2369);
#32=TESSELLATED_SHAPE_REPRESENTATION('',(#320),#2370);
#33=TESSELLATED_SHAPE_REPRESENTATION('',(#321),#2371);
#34=TESSELLATED_SHAPE_REPRESENTATION('',(#322),#2372);
#35=TESSELLATED_SHAPE_REPRESENTATION('',(#323),#2373);
#36=TESSELLATED_SHAPE_REPRESENTATION('',(#324),#2374);
#37=TESSELLATED_SHAPE_REPRESENTATION('',(#325),#2375);
#38=TESSELLATED_SHAPE_REPRESENTATION('',(#326),#2376);
#39=TESSELLATED_SHAPE_REPRESENTATION('',(#327),#2377);
#40=TESSELLATED_SHAPE_REPRESENTATION('',(#328),#2378);
#41=TESSELLATED_SHAPE_REPRESENTATION('',(#329),#2379);
#42=TESSELLATED_SHAPE_REPRESENTATION('',(#330),#2380);
#43=TESSELLATED_SHAPE_REPRESENTATION('',(#331),#2381);
#44=TESSELLATED_SHAPE_REPRESENTATION('',(#332),#2382);
#45=TESSELLATED_SHAPE_REPRESENTATION('',(#333),#2383);
#46=TESSELLATED_SHAPE_REPRESENTATION('',(#334),#2384);
#47=TESSELLATED_SHAPE_REPRESENTATION('',(#335),#2385);
#48=TESSELLATED_SHAPE_REPRESENTATION('',(#336),#2386);
#49=TESSELLATED_SHAPE_REPRESENTATION('',(#337),#2387);
#50=TESSELLATED_SHAPE_REPRESENTATION('',(#338),#2388);
#51=TESSELLATED_SHAPE_REPRESENTATION('',(#339),#2389);
#52=TESSELLATED_SHAPE_REPRESENTATION('',(#340),#2390);
#53=TESSELLATED_SHAPE_REPRESENTATION('',(#341),#2391);
#54=TESSELLATED_SHAPE_REPRESENTATION('',(#342),#2392);
#55=TESSELLATED_SHAPE_REPRESENTATION('',(#343),#2393);
#56=TESSELLATED_SHAPE_REPRESENTATION('',(#344),#2394);
#57=TESSELLATED_SHAPE_REPRESENTATION('',(#345),#2395);
#58=TESSELLATED_SHAPE_REPRESENTATION('',(#346),#2396);
#59=TESSELLATED_SHAPE_REPRESENTATION('',(#347),#2397);
#60=TESSELLATED_SHAPE_REPRESENTATION('',(#348),#2398);
#61=TESSELLATED_SHAPE_REPRESENTATION('',(#349),#2399);
#62=TESSELLATED_SHAPE_REPRESENTATION('',(#350),#2400);
#63=TESSELLATED_SHAPE_REPRESENTATION('',(#351),#2401);
#64=TESSELLATED_SHAPE_REPRESENTATION('',(#352),#2402);
#65=TESSELLATED_SHAPE_REPRESENTATION('',(#353),#2403);
#66=TESSELLATED_SHAPE_REPRESENTATION('',(#354),#2404);
#67=TESSELLATED_SHAPE_REPRESENTATION('',(#355),#2405);
#68=TESSELLATED_SHAPE_REPRESENTATION('',(#356),#2406);
#69=TESSELLATED_SHAPE_REPRESENTATION('',(#357),#2407);
#70=TESSELLATED_SHAPE_REPRESENTATION('',(#358),#2408);
#71=TESSELLATED_SHAPE_REPRESENTATION('',(#359),#2409);
#72=TESSELLATED_SHAPE_REPRESENTATION('',(#360),#2410);
#73=TESSELLATED_SHAPE_REPRESENTATION('',(#361),#2411);
#74=TESSELLATED_SHAPE_REPRESENTATION('',(#362),#2412);
#75=TESSELLATED_SHAPE_REPRESENTATION('',(#363),#2413);
#76=TESSELLATED_SHAPE_REPRESENTATION('',(#364),#2414);
#77=TESSELLATED_SHAPE_REPRESENTATION('',(#365),#2415);
#78=TESSELLATED_SHAPE_REPRESENTATION('',(#366),#2416);
#79=TESSELLATED_SHAPE_REPRESENTATION('',(#367),#2417);
#80=TESSELLATED_SHAPE_REPRESENTATION('',(#368),#2418);
#81=TESSELLATED_SHAPE_REPRESENTATION('',(#369),#2419);
#82=TESSELLATED_SHAPE_REPRESENTATION('',(#370),#2420);
#83=TESSELLATED_SHAPE_REPRESENTATION('',(#371),#2421);
#84=TESSELLATED_SHAPE_REPRESENTATION('',(#372),#2422);
#85=TESSELLATED_SHAPE_REPRESENTATION('',(#373),#2423);
#86=TESSELLATED_SHAPE_REPRESENTATION('',(#374),#2424);
#87=TESSELLATED_SHAPE_REPRESENTATION('',(#375),#2425);
#88=TESSELLATED_SHAPE_REPRESENTATION('',(#376),#2426);
#89=TESSELLATED_SHAPE_REPRESENTATION('',(#377),#2427);
#90=TESSELLATED_SHAPE_REPRESENTATION('',(#378),#2428);
#91=TESSELLATED_SHAPE_REPRESENTATION('',(#379),#2429);
#92=TESSELLATED_SHAPE_REPRESENTATION('',(#380),#2430);
#93=TESSELLATED_SHAPE_REPRESENTATION('',(#381),#2431);
#94=TESSELLATED_SHAPE_REPRESENTATION('',(#382),#2432);
#95=TESSELLATED_SHAPE_REPRESENTATION('',(#383),#2433);
#96=TESSELLATED_SHAPE_REPRESENTATION('',(#384),#2434);
#97=TESSELLATED_SHAPE_REPRESENTATION('',(#385),#2435);
#98=TESSELLATED_SHAPE_REPRESENTATION('',(#386),#2436);
#99=TESSELLATED_SHAPE_REPRESENTATION('',(#387),#2437);
#100=TESSELLATED_SHAPE_REPRESENTATION('',(#388),#2438);
#101=TESSELLATED_SHAPE_REPRESENTATION('',(#389),#2439);
#102=TESSELLATED_SHAPE_REPRESENTATION('',(#390),#2440);
#103=TESSELLATED_SHAPE_REPRESENTATION('',(#391),#2441);
#104=TESSELLATED_SHAPE_REPRESENTATION('',(#392),#2442);
#105=TESSELLATED_SHAPE_REPRESENTATION('',(#393),#2443);
#106=COMPLEX_TRIANGULATED_FACE('ConvergentBody',#202,50,((-1.,0.,0.),(0.440567613429809,
-0.897719431669362,0.),(0.,0.,1.),(-1.,0.,0.),(-0.54588765130815,0.837858384304455,
0.),(0.,0.,-1.),(0.,0.,-1.),(-1.,0.,0.),(0.440567613429809,-0.897719431669362,
0.),(0.516298629403658,-0.856408620505366,0.),(0.,0.,1.),(0.,0.,-1.),(0.516298629403658,
-0.856408620505366,0.),(-1.,0.,0.),(0.,0.,1.),(-0.54588765130815,0.837858384304455,
0.),(-0.668211199525099,0.74397163442515,0.),(0.,0.,-1.),(0.,0.,1.),(-0.668211199525099,
0.74397163442515,0.),(0.588187469777259,-0.808724613448253,0.),(0.,0.,-1.),
(-1.,0.,0.),(0.,0.,1.),(0.588187469777259,-0.808724613448253,0.),(-1.,0.,
0.),(-0.774646174023983,0.632394896461068,0.),(0.,1.,0.),(0.,0.,-1.),(0.,
0.,1.),(0.,1.,0.),(-0.774646174023983,0.632394896461068,0.),(-1.,0.,0.),
(0.,-1.,0.),(0.,0.,1.),(-1.,0.,0.),(0.,0.,-1.),(0.,-1.,0.),(0.,-1.,0.),
(1.,0.,0.),(0.,0.,1.),(0.,0.,-1.),(1.,0.,0.),(0.,-1.,0.),(0.,0.,-1.),(0.,
1.,0.),(1.,0.,0.),(1.,0.,0.),(0.,0.,1.),(0.,1.,0.)),$,(2,2,2,3,3,3,1,1,
1,5,5,6,6,4,4,4,7,7,8,8,11,11,11,12,12,12,13,13,13,14,14,14,10,10,10,9,
9,9,16,16,16,15,15,15,17,17,17,18,18,18),((1,4,8),(10,2,9),(7,6,12),(10,
9,13),(1,14,4),(3,11,15),(16,17,5),(6,18,12),(15,11,19),(16,20,17),(21,
10,13),(12,18,22),(11,24,19),(25,10,21),(20,27,17),(22,18,29),(24,30,19),
(20,32,27),(33,23,36),(39,34,38),(22,42,37),(39,38,44),(33,26,23),(24,35,
41),(22,29,45),(42,22,45),(24,49,30),(41,49,24),(31,46,28),(31,50,46),(48,
40,43),(48,43,47)),());
#107=COMPLEX_TRIANGULATED_FACE('ConvergentBody',#203,256,((0.,0.,-1.),(-0.995182324445815,
-0.0980415274800658,0.),(0.,0.,-1.),(-0.995182324445818,0.0980415274800313,
0.),(0.,0.,-1.),(0.995182324445818,0.0980415274800313,0.),(-0.991481825942247,
-0.0912101453958179,0.0929757936406057),(0.,0.,-1.),(-0.555557312882982,
-0.831478245116636,0.),(-0.831478245116032,-0.555557312883887,0.),(-0.831478245116032,
-0.555557312883887,0.),(0.,0.,-1.),(-0.980775717778779,-0.195138390419522,
0.),(0.,0.,-1.),(-0.098041527480134,-0.995182324445808,0.),(0.,0.,-1.),
(0.995182324445815,-0.0980415274800658,0.),(0.,0.,-1.),(-0.980775717778779,
0.195138390419522,0.),(-0.831478245116032,0.555557312883887,0.),(-0.831478245116032,
0.555557312883887,0.),(0.,0.,-1.),(-0.555557312882736,0.8314782451168,0.),
(-0.990413188037405,0.0977246291613425,0.0976299842100917),(0.,0.,-1.),
(-0.555557312882736,0.8314782451168,0.),(-0.19513839041975,0.980775717778733,
0.),(0.,0.,-1.),(-0.098041527480134,0.995182324445808,0.),(0.,0.,-1.),(0.0980415274798577,
0.995182324445836,0.),(-0.980765151104346,-0.195136288039067,0.00464192520446631),
(-0.831273693474011,-0.555420640443863,0.0221801421772889),(-0.698927485841568,
-0.706281650874328,0.1125459869272),(-0.91782468031936,-0.369926037513332,
0.144057568236967),(-0.812151115093313,0.267911660868954,0.518299052886581),
(-0.743427607123457,0.627399078867566,0.231701939575007),(-0.961451861878838,
0.193598271962557,0.195269112720954),(-0.826240888016192,0.137293475706356,
0.546330025258253),(-0.976778632969781,0.0901822771679844,0.194346749544424),
(-0.808669743679133,0.261850324826682,0.526770968302247),(-0.526830890875708,
0.261846898261344,0.808631816273649),(-0.511338867854787,0.690700266937027,
0.511337172005032),(-0.824860573388502,0.126074112636166,0.551099222093622),
(-0.551166748844646,0.126068225851349,0.824816353741072),(-0.70195240045684,
-0.120856875205506,0.701894894701793),(-0.916037811297379,-0.110905494896259,
0.385453887612153),(-0.830990082036752,0.555231143714499,0.0342616492020111),
(-0.975022438724738,0.193993698933163,0.108155854013979),(-0.707660656244969,
0.70060068588631,0.0915154333354345),(-0.591799397001836,0.760812108645507,
0.266342653449726),(-0.224221366726553,0.948392387440482,0.22422457079504),
(-0.553344454976993,-0.828166357817707,0.0891650039262508),(-0.194417333138895,
-0.977151646314815,0.0858869063327205),(-0.555557312882982,-0.831478245116636,
0.),(0.,0.,-1.),(-0.19513839041975,-0.980775717778733,0.),(-0.546395481401296,
0.137287965193894,0.82619851883017),(-0.194290575261849,0.0901820693720662,
0.97678982730585),(-0.385445229644329,-0.110936792049759,0.916037664680955),
(-0.266380391748642,0.760829227613676,0.591760401936981),(-0.224219762470317,
0.948393903520816,0.224219762470448),(-0.518353603158245,0.267911837079018,
0.812116241461658),(-0.195254238812693,0.193570163963163,0.96146054201353),
(-0.23170950801204,0.627446907428246,0.743384881643116),(-0.120856497290555,
0.971140198339472,0.20562203732049),(-0.00722179358466797,0.831473535569549,
0.555517421279382),(-0.205620587683172,0.971139697630676,0.12086298691753),
(-0.555542936779775,0.831456729034508,0.00719396534192261),(-0.0948588536950467,
-0.990960776537596,0.0948606200679043),(-0.447616049339408,-0.774136425179908,
0.447607716179529),(-0.18300959075233,-0.965926327074748,0.183013169899197),
(-0.0976087132141842,0.0977061216725563,0.990417110561191),(-0.0929775861328408,
-0.0912265879676747,0.991480145098573),(-0.0970070890204741,0.990544751350925,
0.0970088668674591),(-0.0858860387731748,-0.977151024203899,0.194420843124198),
(-0.0891555162718318,-0.828183970163506,0.553319623258127),(-0.112559355284863,
-0.706287758684112,0.698919160898333),(-0.745269970795663,-0.489487786253756,
0.452740960968441),(-0.452758641119404,-0.489490041242455,0.745257748980962),
(-0.0915233918557336,0.700634534792716,0.707626114130206),(-0.108169051849696,
0.193940829669206,0.97503149221405),(-0.0342637199267216,0.555273325637162,
0.830961810995324),(0.,0.,-1.),(0.0980415274798577,-0.995182324445836,0.),
(0.0948588536948996,-0.990960776537597,0.0948606200680316),(0.0858860387734017,
-0.97715102420388,0.194420843124195),(0.0891555162720692,-0.828183970163489,
0.553319623258115),(0.112572388095113,-0.706284327182263,0.698920529541994),
(0.0227283548511852,-0.555456035227594,0.831235234344045),(0.00525149733373344,
-0.19508280090068,0.980772717080007),(-0.0227283548511853,-0.555456035227594,
0.831235234344045),(-0.00525149733373344,-0.19508280090068,0.980772717080007),
(0.0929775861325804,-0.0912265879676955,0.991480145098595),(-0.144548541387091,
-0.369933738696343,0.917744380618596),(0.108202469046074,0.193940120219521,
0.975027925477815),(0.0342725192604412,0.555273158005095,0.83096156013536),
(0.0915645438959201,0.700632624307368,0.707622681983346),(0.120878396325328,
0.971133349863035,0.205641508664026),(0.00722382771937159,0.831473523352761,
0.5555174131172),(0.0970070890202023,0.990544751350951,0.0970088668674632),
(0.980775717778733,0.19513839041975,0.),(0.,0.,1.),(0.980775717778733,-0.19513839041975,
0.),(0.980775717778733,-0.19513839041975,0.),(0.980775717778733,0.19513839041975,
0.),(0.,0.,1.),(0.980775717778733,0.19513839041975,0.),(0.,0.,1.),(0.831448134613003,
0.555602375308599,0.),(0.980775717778733,-0.19513839041975,0.),(0.,0.,1.),
(0.831448134612745,-0.555602375308986,0.),(0.980775717778733,0.19513839041975,
0.),(0.831448134613003,0.555602375308599,0.),(0.,0.,1.),(0.831448134613003,
0.555602375308599,0.),(0.,0.,1.),(0.555602375308477,0.831448134613085,0.),
(0.980775717778733,-0.19513839041975,0.),(0.831448134612745,-0.555602375308986,
0.),(0.,0.,1.),(0.,0.,1.),(0.831448134613003,0.555602375308599,0.),(0.555602375308477,
0.831448134613085,0.),(0.831448134612745,-0.555602375308986,0.),(0.,0.,
1.),(0.555602375308986,-0.831448134612745,0.),(0.555602375308986,-0.831448134612745,
0.),(0.831448134612745,-0.555602375308986,0.),(0.,0.,1.),(0.,0.,1.),(0.555602375308477,
0.831448134613085,0.),(0.195138390419795,0.980775717778724,0.),(0.,0.,1.),
(0.195138390419795,-0.980775717778724,0.),(0.555602375308986,-0.831448134612745,
0.),(0.555602375308477,0.831448134613085,0.),(0.195138390419795,0.980775717778724,
0.),(0.,0.,1.),(0.195138390419795,0.980775717778724,0.),(0.,0.,1.),(-0.19513839041975,
0.980775717778733,0.),(0.,0.,1.),(-0.19513839041975,-0.980775717778733,
0.),(0.195138390419795,-0.980775717778724,0.),(0.,0.,1.),(-0.19513839041975,
0.980775717778733,0.),(-0.555602375308985,0.831448134612745,0.),(0.,0.,
1.),(-0.555602375308986,-0.831448134612745,0.),(-0.19513839041975,-0.980775717778733,
0.),(0.,0.,1.),(-0.555602375308985,0.831448134612745,0.),(-0.831448134612635,
0.555602375309149,0.),(0.,0.,1.),(-0.831448134612635,-0.555602375309149,
0.),(-0.555602375308986,-0.831448134612745,0.),(0.,0.,1.),(-0.831448134612635,
0.555602375309149,0.),(-0.980775717778779,0.195138390419522,0.),(0.,0.,
1.),(-0.980775717778779,-0.195138390419522,0.),(-0.831448134612635,-0.555602375309149,
0.),(0.,0.,1.),(-0.980775717778779,0.195138390419522,0.),(-0.980775717778779,
-0.195138390419522,0.),(0.555602375308986,-0.831448134612745,0.),(0.195138390419795,
-0.980775717778724,0.),(0.,0.,1.),(0.,0.,1.),(0.195138390419795,0.980775717778724,
0.),(-0.19513839041975,0.980775717778733,0.),(0.195138390419795,-0.980775717778724,
0.),(-0.19513839041975,-0.980775717778733,0.),(0.,0.,1.),(0.,0.,1.),(-0.19513839041975,
0.980775717778733,0.),(-0.555602375308985,0.831448134612745,0.),(-0.19513839041975,
-0.980775717778733,0.),(-0.555602375308986,-0.831448134612745,0.),(0.,0.,
1.),(0.,0.,1.),(-0.555602375308985,0.831448134612745,0.),(-0.831448134612635,
0.555602375309149,0.),(-0.555602375308986,-0.831448134612745,0.),(-0.831448134612635,
-0.555602375309149,0.),(0.,0.,1.),(0.0976131895467922,0.0977113442937395,
0.990416154160872),(-0.831448134612635,0.555602375309149,0.),(0.,0.,1.),
(-0.980775717778779,0.195138390419522,0.),(-0.831448134612635,-0.555602375309149,
0.),(-0.980775717778779,-0.195138390419522,0.),(0.,0.,1.),(0.,0.,1.),(-0.980775717778779,
0.195138390419522,0.),(-0.980775717778779,-0.195138390419522,0.),(0.194417333138347,
-0.977151646314892,0.0858869063330889),(0.553344454978055,-0.828166357816816,
0.0891650039279345),(0.195138390419795,-0.980775717778724,0.),(0.,0.,-1.),
(0.555557312884132,-0.831478245115867,0.),(0.,0.,-1.),(0.555557312884132,
-0.831478245115867,0.),(0.831478245116196,-0.555557312883641,0.),(0.,0.,
-1.),(0.980775717778733,-0.19513839041975,0.),(0.831478245116196,-0.555557312883641,
0.),(0.183009590752289,-0.965926327074659,0.183013169899707),(0.447621686156922,
-0.774123288723751,0.447624798170922),(0.144565252300418,-0.369938049020909,
0.917740010958398),(0.195282167378198,0.193584910734014,0.961451900741882),
(0.518258850943307,0.267979191655897,0.812154490388605),(0.231700996645561,
0.627440209731392,0.743393187597035),(0.224271282771717,0.948368781572106,
0.224274487767483),(0.266353093326358,0.760850687147589,0.591745098452468),
(0.205637650914248,0.971134933916606,0.120872232763608),(0.555542596148524,
0.831456219224177,0.00727869342635267),(0.,0.,-1.),(0.195138390419795,0.980775717778724,
0.),(0.555557312883887,0.831478245116032,0.),(0.511302861485447,0.690747576493212,
0.511309269821649),(0.526778370407407,0.261884711592396,0.808653786428459),
(0.808669743679286,0.261850324826656,0.526770968302025),(0.224276093359495,
0.948367264246714,0.224276093359516),(0.591739915458279,0.760829685130384,
0.266424590978066),(0.546373756592833,0.137309434654293,0.826209318067495),
(0.194290416256329,0.0901910699513969,0.976789027913379),(0.698945314744765,
-0.706261880552577,0.1125593313532),(0.452723329047827,-0.489500673697928,
0.745272217236848),(0.745277761773783,-0.489478979375135,0.452737657540586),
(0.551166748845783,0.126068225851397,0.824816353740304),(0.824860573388665,
0.126074112636156,0.551099222093379),(0.701941871431792,-0.120879443307527,
0.701901538192142),(0.385454808862585,-0.110957978136736,0.916031067929749),
(0.555557312883887,0.831478245116032,0.),(0.831478245116196,0.555557312883641,
0.),(0.,0.,-1.),(0.707638155857964,0.700615811997152,0.0915736007455795),
(0.74339028739825,0.627441117781504,0.231707842592875),(0.812151115093458,
0.267911660868916,0.518299052886373),(0.961451861878838,0.193598271962557,
0.195269112720954),(0.82624088801635,0.137293475706345,0.546330025258016),
(0.976778632969781,0.0901822771679844,0.194346749544424),(0.831262925716885,
-0.555413445900234,0.0227563714557653),(0.980761977715365,-0.195135656651068,
0.00529325714496844),(0.916044273333041,-0.110937491038435,0.38542932215367),
(0.,0.,-1.),(0.831478245116196,0.555557312883641,0.),(0.980775717778733,
0.19513839041975,0.),(0.990413188037405,0.0977246291613425,0.0976299842100917),
(0.975022438724738,0.193993698933163,0.108155854013979),(0.830990082036915,
0.555231143714252,0.034261649202056),(0.99147518566741,-0.0912523988029291,
0.0930051392046986),(0.917741365043329,-0.369927931685188,0.144582544753948)),
$,(1,1,3,3,119,119,2,14,14,14,6,6,6,33,33,117,117,10,10,10,18,18,18,4,27,
27,27,43,43,87,87,7,7,15,5,12,12,12,9,9,20,20,20,17,17,16,8,11,11,19,21,
21,24,24,23,23,23,26,26,25,31,31,30,30,30,42,42,28,28,34,29,29,39,38,44,
35,35,36,13,22,41,40,40,77,77,78,79,79,80,81,81,37,37,82,32,84,84,85,86,
86,88,45,45,45,46,46,46,48,48,48,49,49,49,47,47,47,51,51,51,50,50,50,52,
52,52,53,53,53,54,54,54,56,56,56,57,57,57,55,55,55,59,59,59,61,61,61,63,
63,63,65,65,65,67,67,67,69,69,69,71,71,71,73,73,73,75,75,75,58,58,58,60,
60,60,62,62,62,64,64,64,66,66,66,68,68,68,70,70,70,83,72,72,72,74,74,74,
76,76,76,94,94,93,93,93,102,102,102,110,110,110,92,92,89,91,91,91,90,90,
98,98,97,97,97,101,101,101,100,100,96,96,103,99,108,105,105,104,95,106,
106,106,107,109,109,109,113,113,111,111,112,114,114,114,120,115,115,118,
116),((1,3,5),(7,4,2),(8,12,1),(7,2,13),(8,1,14),(14,1,16),(1,5,16),(3,
18,22),(24,19,4),(3,22,25),(3,25,28),(3,28,30),(3,30,5),(7,24,4),(32,7,
13),(34,33,11),(34,11,10),(35,7,32),(35,33,34),(36,39,41),(38,24,40),(41,
39,44),(46,44,39),(47,40,24),(47,46,39),(48,21,20),(24,49,19),(38,49,24),
(37,50,48),(48,50,21),(37,43,51),(37,51,50),(53,9,55),(8,14,56),(53,34,
9),(42,45,58),(60,58,45),(46,60,45),(50,26,23),(43,61,51),(42,58,63),(43,
65,61),(52,66,68),(51,69,50),(52,62,66),(70,54,57),(70,57,15),(71,34,53),
(72,54,70),(64,59,73),(60,74,59),(74,73,59),(68,29,27),(50,69,26),(68,66,
75),(68,75,29),(72,70,76),(71,77,78),(71,79,34),(71,80,79),(71,78,80),(65,
81,61),(64,73,82),(65,83,81),(61,81,67),(14,16,84),(86,15,85),(86,70,15),
(87,76,70),(88,89,77),(89,78,77),(90,92,78),(91,94,93),(95,93,74),(94,74,
93),(95,78,92),(82,73,96),(83,97,98),(81,83,98),(66,99,101),(67,81,100),
(75,66,101),(75,31,29),(102,106,108),(111,105,104),(102,108,114),(118,103,
116),(118,112,103),(107,74,109),(111,120,105),(122,74,107),(115,110,124),
(115,124,117),(109,74,123),(126,121,113),(118,127,112),(126,130,121),(73,
122,131),(73,74,122),(119,125,133),(118,135,127),(119,133,138),(118,140,
142),(118,144,135),(118,142,147),(118,150,144),(118,147,153),(118,156,150),
(118,153,159),(118,162,156),(118,159,165),(118,165,162),(132,123,74),(137,
129,128),(137,168,129),(73,131,170),(139,134,172),(139,172,141),(171,132,
74),(146,169,136),(146,174,169),(73,170,176),(143,173,178),(143,178,148),
(177,171,74),(152,175,145),(152,180,175),(73,176,182),(149,179,184),(149,
184,154),(94,183,177),(94,177,74),(158,181,151),(158,186,181),(189,182,
188),(189,73,182),(155,185,190),(155,190,160),(94,191,183),(164,187,157),
(164,193,187),(189,188,195),(161,192,197),(161,197,166),(94,196,191),(167,
194,163),(167,198,194),(94,195,196),(189,195,94),(199,85,201),(84,204,202),
(199,86,85),(84,207,204),(84,16,207),(210,87,86),(211,89,88),(86,87,70),
(89,90,78),(212,94,91),(212,90,89),(213,96,189),(215,98,97),(73,189,96),
(216,218,99),(217,100,98),(99,218,101),(81,98,100),(5,30,220),(101,221,
31),(75,101,31),(215,223,217),(215,217,98),(216,226,218),(223,227,217),
(214,228,224),(213,189,229),(210,86,199),(211,200,230),(211,231,89),(211,
232,231),(211,230,232),(230,200,203),(230,203,205),(224,228,233),(233,228,
235),(229,189,236),(228,236,235),(219,237,222),(101,218,221),(5,220,239),
(227,240,219),(219,240,237),(223,241,227),(241,240,227),(225,234,244),(225,
244,242),(246,206,209),(246,230,206),(244,234,248),(234,235,248),(5,239,
249),(240,250,238),(243,245,252),(243,252,253),(241,254,240),(255,247,208),
(255,208,17),(256,247,255),(256,230,246),(252,245,255),(245,248,255),(253,
6,251),(240,254,250),(253,252,6),(252,17,6),(252,255,17),(7,47,24),(35,
47,7),(35,79,47),(79,46,47),(35,34,79),(256,255,248),(79,80,46),(80,60,
46),(80,95,60),(95,74,60),(80,78,95),(189,94,236),(212,236,94),(212,89,
231),(212,231,236),(231,235,236),(231,232,235),(232,230,256),(232,248,235),
(232,256,248)),());
#108=COMPLEX_TRIANGULATED_FACE('ConvergentBody',#204,50,((-1.,0.,0.),(0.440588570070505,
-0.897709146618897,0.),(0.,0.,1.),(-1.,0.,0.),(-0.545887651308497,0.837858384304229,
0.),(0.,0.,-1.),(0.,0.,-1.),(-1.,0.,0.),(0.440588570070505,-0.897709146618897,
0.),(0.516295264254936,-0.856410649226133,0.),(0.,0.,1.),(0.,0.,-1.),(0.516295264254936,
-0.856410649226133,0.),(-1.,0.,0.),(0.,0.,1.),(-0.545887651308497,0.837858384304229,
0.),(-0.66821119952526,0.743971634425005,0.),(0.,0.,-1.),(0.,0.,1.),(-0.66821119952526,
0.743971634425005,0.),(0.588162234712085,-0.808742966373425,0.),(-1.,0.,
0.),(0.,0.,1.),(0.,0.,-1.),(-1.,0.,0.),(0.588162234712085,-0.808742966373425,
0.),(-0.774646174023994,0.632394896461054,0.),(0.,0.,1.),(0.,1.,0.),(0.,
0.,-1.),(-0.774646174023994,0.632394896461054,0.),(0.,1.,0.),(-1.,0.,0.),
(0.,-1.,0.),(0.,0.,1.),(-1.,0.,0.),(0.,0.,-1.),(0.,-1.,0.),(0.,-1.,0.),
(1.,0.,0.),(0.,0.,1.),(0.,0.,-1.),(1.,0.,0.),(0.,-1.,0.),(0.,0.,-1.),(0.,
1.,0.),(1.,0.,0.),(1.,0.,0.),(0.,0.,1.),(0.,1.,0.)),$,(2,2,2,3,3,3,1,1,
1,6,6,5,5,4,4,4,7,7,8,8,12,12,12,11,11,11,14,14,14,13,13,13,10,10,10,9,
9,9,16,16,16,15,15,15,17,17,17,18,18,18),((1,4,8),(10,2,9),(7,6,12),(10,
9,13),(1,14,4),(3,11,15),(16,17,5),(6,18,12),(15,11,19),(16,20,17),(21,
10,13),(12,18,24),(21,13,26),(11,23,19),(20,27,17),(24,18,30),(17,27,31),
(23,28,19),(33,25,36),(39,34,38),(24,42,37),(39,38,44),(33,22,25),(23,35,
41),(24,30,45),(42,24,45),(23,49,28),(41,49,23),(29,46,32),(29,50,46),(48,
40,43),(48,43,47)),());
#109=COMPLEX_TRIANGULATED_FACE('ConvergentBody',#205,358,((-0.999377341388443,
-0.0352835587684676,0.),(0.,0.,-1.),(-0.968032287644871,-0.166967079741609,
-0.187177681253925),(-0.873891485252994,-0.0745263511616939,0.48037432798271),
(-0.873891485252994,-0.0745263511616939,0.48037432798271),(-0.999998666017235,
0.00163339026291218,0.),(0.,0.,1.),(-0.999999930318653,-0.00037331312520674,
0.),(-0.853610016959028,0.072657715709564,-0.515820506857836),(0.,0.,-1.),
(-0.999336615688842,0.0364187938236739,0.),(0.,0.,1.),(-0.965083088785098,
0.16388087368509,0.204346986719223),(-0.853610016959028,0.072657715709564,
-0.515820506857836),(0.,0.,-1.),(0.959588636218248,-0.261025043925867,0.10514549768916),
(0.951725275068303,-0.145109732825762,-0.270485057323687),(-0.853610016959028,
0.072657715709564,-0.515820506857836),(-0.965083088785098,0.16388087368509,
0.204346986719223),(-0.854954304115513,0.375585549225281,-0.357754990304124),
(0.,0.,-1.),(0.,0.,-1.),(0.988871646683827,-0.148771188019777,0.),(-0.769109868917616,
0.639116585243668,0.),(0.,0.,-1.),(0.840129872203416,-0.521225974379819,
-0.150017603844617),(0.959588636218248,-0.261025043925867,0.10514549768916),
(-0.873891485252994,-0.0745263511616939,0.48037432798271),(-0.968032287644871,
-0.166967079741609,-0.187177681253925),(-0.859065252576749,-0.389554561614065,
0.332045381447957),(0.,0.,1.),(0.,0.,1.),(-0.769109868917616,0.639116585243668,
0.),(0.988871646683827,-0.148771188019777,0.),(0.,0.,1.),(0.999795241249679,
0.00356171189609598,-0.0199195828988698),(0.,0.,1.),(0.945254779796761,
-0.148683107172489,-0.29049394987316),(0.959588636218248,-0.261025043925867,
0.10514549768916),(0.839577461011448,-0.519464188888736,-0.158954847122505),
(-0.968032287644871,-0.166967079741609,-0.187177681253925),(0.,0.,-1.),
(-0.861031221227088,-0.390928317442231,0.325269560048241),(0.,0.,-1.),(0.999970561890376,
0.00767302760621138,0.),(-0.965083088785098,0.16388087368509,0.204346986719223),
(0.,0.,1.),(-0.907503770399066,0.420043934263404,0.),(-0.854954304115513,
0.375585549225281,-0.357754990304124),(-0.902402145639667,-0.430700982950958,
0.0129240407769344),(-0.66262956846191,-0.748947297878818,0.),(-0.57594136568752,
-0.72307844383604,0.381377906215928),(0.,0.,1.),(0.,0.,1.),(0.902990821843728,
0.429659837157244,0.),(0.,0.,1.),(0.976270353540132,0.216555297322938,0.),
(-0.854954304115513,0.375585549225281,-0.357754990304124),(-0.907503770399066,
0.420043934263404,0.),(-0.672889573886447,0.739742942754384,0.),(-0.579987435977122,
0.710963014607242,-0.39767595598586),(0.,0.,-1.),(0.,0.,-1.),(0.878255862978759,
-0.47819100696629,0.),(0.988871646683827,-0.148771188019777,0.),(-0.902155838116115,
-0.431410296299253,0.),(0.,0.,-1.),(-0.66262956846191,-0.748947297878818,
0.),(0.,0.,-1.),(0.902990821843728,0.429659837157244,0.),(0.,0.,-1.),(0.976270353540132,
0.216555297322938,0.),(-0.907503770399066,0.420043934263404,0.),(0.,0.,
1.),(-0.672889573886447,0.739742942754384,0.),(0.,0.,1.),(0.988871646683827,
-0.148771188019777,0.),(0.878255862978759,-0.47819100696629,0.),(-0.66262956846191,
-0.748947297878818,0.),(0.,0.,-1.),(-0.475760006400992,-0.832198181341937,
-0.284778165034647),(-0.57594136568752,-0.72307844383604,0.381377906215928),
(0.,0.,-1.),(0.760627365081094,0.649188733335531,0.),(-0.57594136568752,
-0.72307844383604,0.381377906215928),(-0.475760006400992,-0.832198181341937,
-0.284778165034647),(-0.307323465282416,-0.909360294071795,0.280385704436704),
(0.,0.,1.),(0.,0.,1.),(0.760627365081094,0.649188733335531,0.),(-0.672889573886447,
0.739742942754384,0.),(0.,0.,1.),(-0.478338600991747,0.82647014892809,0.296882595872574),
(-0.579987435977122,0.710963014607242,-0.39767595598586),(0.,0.,-1.),(0.80362521647719,
-0.595135708424549,0.),(-0.579987435977122,0.710963014607242,-0.39767595598586),
(-0.478338600991747,0.82647014892809,0.296882595872574),(-0.305835854889799,
0.907297279559889,-0.28857594557941),(0.,0.,-1.),(0.,0.,-1.),(0.591298450306057,
-0.806452814903423,0.),(0.,0.,1.),(0.80362521647719,-0.595135708424549,
0.),(-0.678799452310634,0.734323704875979,0.),(0.,0.,-1.),(0.,0.,-1.),(0.742129298031523,
-0.670256745585779,0.),(0.,0.,1.),(0.740287635034719,-0.671932836352983,
-0.0219198732965903),(-0.678799452310634,0.734323704875979,0.),(0.,0.,1.),
(-0.475760006400992,-0.832198181341937,-0.284778165034647),(0.,0.,-1.),
(-0.161679785169158,-0.91250028006047,-0.375769724641593),(-0.307323465282416,
-0.909360294071795,0.280385704436704),(0.,0.,-1.),(0.544040628214737,0.839058874484809,
0.),(0.,0.,1.),(0.591298450306057,-0.806452814903423,0.),(-0.478338600991747,
0.82647014892809,0.296882595872574),(0.,0.,1.),(-0.157740848033344,0.909834589411119,
0.383821370917283),(-0.305835854889799,0.907297279559889,-0.28857594557941),
(-0.467648318724576,0.883914616913917,0.),(0.,0.,-1.),(0.,0.,-1.),(0.464402128757182,
-0.872871326355824,0.149754166658632),(0.580975343431044,-0.791425754768695,
-0.190034010150768),(0.,0.,1.),(0.575934261267735,-0.791029383667949,-0.206330416739496),
(0.437091723013835,-0.894650260498341,0.0924756025287113),(-0.467648318724576,
0.883914616913917,0.),(0.,0.,1.),(0.,0.,1.),(0.544040628214737,0.839058874484809,
0.),(-0.307323465282416,-0.909360294071795,0.280385704436704),(-0.161679785169158,
-0.91250028006047,-0.375769724641593),(-0.124258077130235,-0.992249933367545,
0.),(0.,0.,1.),(0.,0.,1.),(0.286140887173086,0.958187556111954,0.),(-0.305835854889799,
0.907297279559889,-0.28857594557941),(-0.157740848033344,0.909834589411119,
0.383821370917283),(-0.119857105823658,0.992791153356826,0.),(0.,0.,-1.),
(0.,0.,-1.),(0.303022294832923,-0.952983467240743,0.),(0.,0.,-1.),(0.286140887173086,
0.958187556111954,0.),(-0.161679785169158,-0.91250028006047,-0.375769724641593),
(0.,0.,-1.),(0.00405007946798556,-0.999991798394518,0.),(-0.236458839054036,
0.971641506643895,0.),(0.,0.,1.),(0.,0.,-1.),(0.166010103948041,-0.964266914835857,
0.206470245653217),(0.337134331714352,-0.936917086460291,-0.0923407574058015),
(0.,0.,-1.),(-0.236458839054036,0.971641506643895,0.),(0.,0.,1.),(0.302484480380383,
-0.941337350266097,-0.149623300735591),(0.162780773930375,-0.968162967033494,
0.190165425100175),(0.,0.,1.),(0.303022294832923,-0.952983467240743,0.),
(-0.157740848033344,0.909834589411119,0.383821370917283),(0.,0.,1.),(-0.0128453790918213,
0.999917494714433,0.),(0.,0.,1.),(0.001621010922607,0.999998686160931,0.),
(0.,0.,1.),(-0.00107404653651893,-0.999999423211853,0.),(0.,0.,-1.),(0.00477538598397044,
-0.999875479304199,0.0150406640445711),(0.,0.,-1.),(0.011061410647577,-0.999938820725791,
0.),(0.,0.,-1.),(-0.0139032980904647,0.999728813645489,-0.018681473956563),
(-0.00211907308546656,0.999866138713429,0.0162238769582552),(0.,0.,-1.),
(0.00419274781458343,0.999991210394253,0.),(0.,0.,1.),(0.,0.,-1.),(0.00651127931063595,
0.999860014275248,-0.0154128224293883),(0.,0.,1.),(-0.00206016355899533,
-0.999879899544138,-0.0153604105971669),(0.0071665184070119,-0.999858682625485,
-0.0152070967759049),(0.,0.,1.),(-0.160857376227591,-0.968101072541678,
-0.192107308181722),(0.,0.,-1.),(-0.303784845100845,-0.94062640052438,0.151448811562201),
(0.,0.,1.),(-0.16419993949509,-0.964082059451327,-0.208768202832466),(-0.303784845100845,
-0.94062640052438,0.151448811562201),(-0.470439724030986,-0.868929843211936,
-0.153777090716822),(-0.186357473224216,0.962552010680376,0.196887071461413),
(0.,0.,1.),(-0.33620922370813,0.928830598977204,-0.155682613985071),(0.,
0.,-1.),(0.257988239174285,-0.966148057208497,0.),(-0.189856131644824,0.958106044943541,
0.214446860362907),(-0.33620922370813,0.928830598977204,-0.155682613985071),
(-0.504636891751272,0.85032870958138,0.14927388634748),(0.,0.,-1.),(0.257988239174285,
-0.966148057208497,0.),(0.,0.,1.),(-0.183842596472034,-0.974696705620867,
-0.127154361994584),(0.,0.,-1.),(0.,0.,1.),(0.242497004922065,0.962812765845894,
0.119108272290412),(0.133988949176096,0.941806043452688,-0.308299104790591),
(-0.322661880905383,-0.945688071223572,0.0395396327251706),(0.,0.,1.),(0.,
0.,-1.),(0.136519787718236,0.935344096066638,-0.326333831397622),(0.242497004922065,
0.962812765845894,0.119108272290412),(0.484361226466,0.856034920911265,
-0.180550315637491),(0.164945997088118,0.943241512368699,-0.288250355401371),
(0.,0.,1.),(0.305243109919235,0.925798722723288,0.2229873737474),(0.,0.,
-1.),(0.166631573195992,0.938141348756738,-0.303520557075),(0.305243109919235,
0.925798722723288,0.2229873737474),(0.46646833699838,0.856460695069895,
-0.221093573806112),(-0.303784845100845,-0.94062640052438,0.151448811562201),
(0.,0.,-1.),(-0.585408690508902,-0.782592180962017,0.211769080306276),(-0.470439724030986,
-0.868929843211936,-0.153777090716822),(-0.33620922370813,0.928830598977204,
-0.155682613985071),(0.,0.,1.),(-0.61571622607132,0.760655516836777,-0.205661648486703),
(-0.504636891751272,0.85032870958138,0.14927388634748),(-0.437861317182585,
-0.895871307148479,-0.0754457947350759),(0.,0.,-1.),(-0.585007845605083,
-0.789846658293603,0.184141459109372),(-0.470439724030986,-0.868929843211936,
-0.153777090716822),(-0.590737491162245,-0.782979367529063,0.194865406265773),
(0.,0.,1.),(0.,0.,1.),(0.569554076974908,0.765023581535408,0.300577898548775),
(0.46646833699838,0.856460695069895,-0.221093573806112),(0.305243109919235,
0.925798722723288,0.2229873737474),(-0.504636891751272,0.85032870958138,
0.14927388634748),(-0.621024729007483,0.760704301289303,-0.188831279085687),
(0.,0.,-1.),(0.,0.,-1.),(0.520176575699882,-0.854058739252251,0.),(0.,0.,
1.),(0.485836486056551,0.856839913151742,-0.172592792567762),(0.242497004922065,
0.962812765845894,0.119108272290412),(-0.470221227328592,-0.872426862617186,
-0.133279281036201),(-0.590452327333816,-0.789565808189364,0.167188168493938),
(0.,0.,1.),(-0.757279037916936,-0.652705007629513,0.0224640100373128),(0.,
0.,-1.),(0.,0.,-1.),(0.46646833699838,0.856460695069895,-0.221093573806112),
(0.574343133563282,0.767233698180581,0.285451252063918),(-0.752348679854768,
-0.658543714068604,0.0170774875645353),(0.,0.,-1.),(0.,0.,-1.),(0.508397817024102,
0.861030609952251,-0.0125677512062509),(0.786999585933229,0.616953524781994,
0.),(0.,0.,1.),(0.520176575699882,-0.854058739252251,0.),(-0.774176441296146,
0.632583826927537,-0.0221029331028128),(0.,0.,1.),(0.,0.,1.),(0.787777154544747,
0.615831572591431,0.0125947995993033),(0.509605950024379,0.860407912387927,
0.),(-0.75482464000061,-0.655926644410753,0.),(0.,0.,1.),(0.,0.,1.),(-0.759213938027711,
-0.650841145214756,0.),(0.,0.,1.),(0.745599904869093,0.666029983648795,
0.0220191448513563),(-0.776116487617617,0.630589563542002,0.),(0.,0.,-1.),
(-0.906312410218224,-0.422587735461599,0.00417383778703083),(0.,0.,1.),
(-0.92088634220485,-0.389830300365277,-0.00082562563462916),(0.,0.,-1.),
(0.,0.,-1.),(0.786572429860176,0.592893956877189,0.17257047395881),(0.923481188266899,
0.364598629195144,-0.119374764947117),(0.,0.,1.),(0.909917062651082,0.25560403796396,
0.326676468195897),(0.923481188266899,0.364598629195144,-0.119374764947117),
(0.785965292354697,0.591321168801559,0.180548704068884),(-0.865017005857428,
0.477019529410671,-0.155556896787875),(-0.968137956099947,0.22847449730768,
0.102510009455758),(0.,0.,-1.),(0.,0.,-1.),(0.742938425880732,-0.669359765260701,
0.),(0.,0.,-1.),(0.892290401374094,-0.451461891653834,0.),(0.,0.,1.),(0.742938425880732,
-0.669359765260701,0.),(-0.864331295209287,0.47541939323636,-0.164036010243507),
(0.,0.,1.),(-0.950072088837636,0.126079703656835,-0.285424130615293),(-0.968137956099947,
0.22847449730768,0.102510009455758),(0.,0.,1.),(0.892290401374094,-0.451461891653834,
0.),(-0.858327455154825,-0.489697850202594,0.153199201154575),(-0.966672113930731,
-0.235046986608891,-0.101478757554336),(0.,0.,1.),(-0.857680370573647,-0.488003889838796,
0.161977113923097),(0.,0.,-1.),(-0.95049608626605,-0.129953235027975,0.282257589266764),
(-0.966672113930731,-0.235046986608891,-0.101478757554336),(0.,0.,-1.),
(0.830400437006478,0.511069918334074,0.22190685612088),(0.953190459809695,
0.259773685848717,-0.154743592656865),(0.,0.,-1.),(0.746916723879637,0.664917594585157,
0.),(-0.957668959024672,-0.2878574511302,-0.00287275989696924),(0.0779921503581945,
-0.996953973101319,0.),(0.,0.,1.),(-0.957815419626667,-0.287384101726923,
0.),(0.,0.,-1.),(0.0779921503581945,-0.996953973101319,0.),(0.,0.,-1.),
(0.923481188266899,0.364598629195144,-0.119374764947117),(0.916680052037317,
0.25391412431055,0.308585968042083),(-0.968137956099947,0.22847449730768,
0.102510009455758),(-0.955784492663574,0.122944333278545,-0.267134225621744),
(0.,0.,-1.),(0.,0.,-1.),(0.974048301163391,-0.22634024609139,0.),(-0.966672113930731,
-0.235046986608891,-0.101478757554336),(-0.95634387776451,-0.126589201751018,
0.263403799255782),(0.,0.,1.),(0.,0.,1.),(0.900760412663488,0.142812822078379,
0.410164816663146),(0.953190459809695,0.259773685848717,-0.154743592656865),
(0.829222766786369,0.509480089763072,0.229825240515857),(0.0779921503581945,
-0.996953973101319,0.),(0.974977760071049,0.219159074060693,0.0372514110296443),
(0.,0.,1.),(0.,0.,-1.),(0.977032548320872,0.213090120657019,0.),(0.0779921503581945,
-0.996953973101319,0.),(-0.999831017966674,0.00231387981116076,-0.018236816387311),
(0.,0.,1.),(0.,0.,1.),(0.974048301163391,-0.22634024609139,0.),(-0.999812825809757,
-0.0049641011215206,0.0186994932114409),(0.,0.,-1.),(0.,0.,-1.),(0.953190459809695,
0.259773685848717,-0.154743592656865),(0.900760412663488,0.142812822078379,
0.410164816663146),(0.995538872885122,0.0943522791172563,0.),(0.,0.,-1.),
(0.99996838167732,-0.00795208435833919,0.),(0.,0.,1.),(0.999919425637151,
-0.012694181087037,0.),(0.900760412663488,0.142812822078379,0.410164816663146)),
$,(3,3,3,3,2,2,2,1,1,1,4,4,4,4,17,17,17,6,6,6,6,13,13,13,24,24,24,5,5,5,
5,14,14,14,15,15,20,20,20,20,7,7,7,16,16,8,8,8,8,10,10,10,10,27,27,19,19,
11,11,11,11,11,22,22,22,9,9,9,26,26,18,18,12,12,12,23,23,23,21,21,21,21,
35,35,32,32,32,32,36,36,25,25,25,25,30,30,37,37,37,37,45,45,31,31,28,28,
33,33,34,34,29,29,38,38,38,38,43,43,46,46,41,41,41,41,39,39,42,42,42,47,
47,47,40,40,44,44,48,48,48,48,52,52,50,50,50,50,56,56,51,51,63,63,63,54,
54,49,49,49,53,53,55,55,55,57,57,67,67,67,60,60,62,62,58,58,64,64,66,66,
61,61,69,69,68,68,59,59,65,65,70,70,70,73,73,73,73,71,71,71,81,81,74,74,
74,74,82,82,72,72,76,76,76,75,75,86,86,86,86,80,80,80,87,87,87,87,77,77,
77,77,79,79,79,79,78,78,78,84,84,84,95,95,95,95,85,85,85,98,98,88,88,88,
83,83,83,93,93,106,106,106,89,89,111,111,111,99,99,92,92,112,112,112,90,
90,94,94,116,116,91,91,96,96,97,97,117,117,117,118,118,118,118,100,100,
100,113,113,119,119,114,114,104,104,104,104,120,120,101,101,101,105,105,
105,105,122,122,122,115,115,103,103,103,102,102,102,121,121,121,107,107,
107,126,126,108,108,108,123,123,123,123,125,125,125,124,124,124,110,110,
127,127,109,109,128,128,128,128,129,129,130,130,130),((1,6,8),(6,11,8),
(2,10,15),(9,14,18),(10,21,22),(10,22,25),(10,25,15),(28,5,4),(7,32,12),
(31,35,7),(7,37,32),(35,37,7),(41,29,3),(42,2,44),(2,15,44),(13,46,19),
(32,47,12),(50,30,43),(53,54,31),(31,56,35),(31,54,56),(20,49,58),(21,62,
63),(22,21,63),(50,43,66),(67,42,69),(42,44,71),(42,71,69),(48,73,59),(47,
76,74),(32,76,47),(79,51,68),(67,83,80),(67,69,83),(85,52,82),(53,89,54),
(53,88,89),(75,91,60),(63,62,95),(61,94,97),(62,101,95),(62,100,101),(76,
103,74),(74,103,92),(77,34,23),(33,105,24),(77,23,65),(25,22,107),(22,106,
107),(37,109,32),(33,111,105),(32,109,112),(17,36,45),(36,72,45),(38,36,
17),(36,57,72),(39,16,27),(57,70,72),(57,55,70),(110,40,26),(113,86,81),
(80,83,117),(80,117,114),(96,78,64),(104,78,96),(110,26,108),(103,119,92),
(93,121,98),(92,119,122),(55,84,70),(55,90,84),(111,125,105),(107,106,127),
(127,106,126),(109,130,112),(111,133,125),(112,130,134),(102,104,96),(120,
104,102),(88,135,89),(137,87,116),(88,141,135),(88,140,141),(129,110,108),
(131,110,129),(90,118,84),(90,136,118),(99,124,143),(101,100,147),(100,
146,147),(114,117,149),(151,138,115),(114,149,152),(133,154,125),(127,126,
156),(156,126,159),(125,154,160),(130,161,134),(161,155,134),(119,164,122),
(123,166,144),(164,167,122),(158,132,128),(136,150,118),(136,142,150),(165,
120,102),(165,102,148),(162,132,158),(140,169,141),(140,171,169),(172,139,
153),(156,159,173),(174,163,157),(147,146,175),(175,146,177),(145,168,178),
(142,179,150),(152,149,180),(142,170,179),(154,181,160),(173,159,183),(160,
181,184),(161,185,155),(185,182,155),(186,163,174),(187,165,148),(187,148,
176),(164,188,167),(189,186,174),(173,183,190),(185,192,182),(193,186,189),
(170,196,179),(152,180,199),(179,196,201),(199,180,204),(171,197,169),(205,
172,153),(205,153,200),(171,206,197),(207,187,176),(175,177,208),(188,209,
167),(212,187,207),(188,213,209),(168,211,178),(208,177,214),(178,211,215),
(181,218,184),(190,183,221),(184,218,222),(192,219,182),(225,194,191),(190,
221,226),(198,229,202),(206,230,197),(233,212,207),(208,214,234),(236,195,
228),(192,239,219),(192,238,239),(203,232,243),(199,204,246),(204,245,246),
(213,248,209),(251,212,233),(213,253,248),(210,250,216),(254,237,227),(226,
221,256),(226,256,255),(259,252,235),(234,214,261),(234,261,260),(206,264,
230),(231,266,244),(230,264,267),(220,242,223),(265,205,200),(265,200,247),
(253,268,248),(271,252,259),(253,272,268),(274,237,254),(238,273,275),(238,
275,239),(244,266,277),(246,245,278),(217,249,262),(224,241,257),(249,270,
262),(279,271,259),(279,259,281),(282,260,283),(260,261,283),(280,286,272),
(272,286,268),(266,290,277),(246,278,293),(278,292,295),(278,295,293),(264,
297,267),(266,299,290),(267,303,300),(267,297,303),(305,274,254),(305,254,
308),(309,255,312),(255,256,315),(255,315,312),(307,275,273),(240,276,258),
(317,279,281),(319,286,280),(317,281,320),(321,282,323),(282,283,323),(298,
265,247),(298,247,294),(291,302,326),(292,328,329),(292,329,295),(331,306,
311),(333,334,307),(307,334,275),(338,318,322),(321,323,341),(338,322,343),
(319,340,286),(301,344,327),(300,346,345),(300,303,346),(348,332,310),(349,
309,350),(309,312,350),(258,276,316),(327,344,348),(328,349,354),(328,354,
329),(344,332,348),(345,356,333),(333,356,334),(349,350,354),(345,346,356),
(269,284,263),(269,289,284),(304,298,294),(304,294,296),(276,313,316),(276,
337,313),(285,288,324),(287,339,325),(347,304,296),(347,296,330),(325,339,
342),(314,336,351),(335,358,352),(357,347,330),(357,330,355),(353,357,355)),
());
#110=COMPLEX_TRIANGULATED_FACE('ConvergentBody',#206,50,((-1.,0.,0.),(0.,
-1.,0.),(0.,0.,1.),(-1.,0.,0.),(0.,1.,0.),(0.,0.,-1.),(0.,0.,-1.),(-1.,
0.,0.),(0.,-1.,0.),(0.,-1.,0.),(0.774646174023457,-0.632394896461712,0.),
(0.,0.,1.),(0.,0.,-1.),(1.,0.,0.),(-0.588152770266088,0.808749849352893,
0.),(0.,-1.,0.),(0.,0.,-1.),(0.774646174023457,-0.632394896461712,0.),(-1.,
0.,0.),(0.,0.,1.),(0.,1.,0.),(0.,0.,1.),(-0.588152770266088,0.808749849352893,
0.),(1.,0.,0.),(1.,0.,0.),(0.,1.,0.),(0.,0.,-1.),(0.,0.,1.),(1.,0.,0.),
(0.,1.,0.),(0.66821840801167,-0.743965159933144,0.),(0.,0.,1.),(0.,0.,-1.),
(0.66821840801167,-0.743965159933144,0.),(-0.516269883948622,0.856425949471218,
0.),(0.,0.,-1.),(0.,0.,1.),(-0.516269883948622,0.856425949471218,0.),(0.545903887624279,
-0.837847805676364,0.),(1.,0.,0.),(0.,0.,1.),(0.,0.,-1.),(1.,0.,0.),(0.545903887624279,
-0.837847805676364,0.),(-0.440545867159636,0.897730103610525,0.),(1.,0.,
0.),(0.,0.,-1.),(0.,0.,1.),(1.,0.,0.),(-0.440545867159636,0.897730103610525,
0.)),$,(2,2,2,3,3,3,1,1,1,6,6,6,9,9,9,5,5,5,4,4,4,10,10,10,7,7,7,8,8,8,
12,12,11,11,13,13,14,14,16,16,16,15,15,15,17,17,17,18,18,18),((1,4,8),(10,
2,9),(7,6,13),(10,9,16),(7,13,17),(1,19,4),(3,22,20),(3,12,22),(21,26,5),
(13,6,27),(22,28,20),(21,30,26),(31,11,18),(17,13,33),(31,18,34),(12,32,
22),(29,24,14),(23,35,15),(29,14,25),(33,13,36),(32,37,22),(23,38,35),(39,
31,34),(33,36,42),(39,34,44),(32,41,37),(38,45,35),(36,47,42),(37,41,48),
(38,50,45),(49,40,43),(49,43,46)),());
#111=COMPLEX_TRIANGULATED_FACE('ConvergentBody',#207,50,((-1.,0.,0.),(0.,
-1.,0.),(0.,0.,1.),(-1.,0.,0.),(0.,1.,0.),(0.,0.,-1.),(0.,0.,-1.),(-1.,
0.,0.),(0.,-1.,0.),(0.,-1.,0.),(0.774646174023457,-0.632394896461712,0.),
(0.,0.,1.),(0.,0.,-1.),(1.,0.,0.),(-0.588152770266088,0.808749849352893,
0.),(0.,-1.,0.),(0.,0.,-1.),(0.774646174023457,-0.632394896461712,0.),(-1.,
0.,0.),(0.,0.,1.),(0.,1.,0.),(0.,0.,1.),(-0.588152770266088,0.808749849352893,
0.),(1.,0.,0.),(1.,0.,0.),(0.,1.,0.),(0.,0.,-1.),(0.,0.,1.),(1.,0.,0.),
(0.,1.,0.),(0.66821840801167,-0.743965159933144,0.),(0.,0.,1.),(0.,0.,-1.),
(0.66821840801167,-0.743965159933144,0.),(-0.516269883948622,0.856425949471218,
0.),(0.,0.,-1.),(0.,0.,1.),(-0.516269883948622,0.856425949471218,0.),(0.545903887624279,
-0.837847805676364,0.),(1.,0.,0.),(0.,0.,1.),(0.,0.,-1.),(1.,0.,0.),(0.545903887624279,
-0.837847805676364,0.),(-0.440545867159636,0.897730103610525,0.),(1.,0.,
0.),(0.,0.,-1.),(0.,0.,1.),(1.,0.,0.),(-0.440545867159636,0.897730103610525,
0.)),$,(2,2,2,3,3,3,1,1,1,6,6,6,9,9,9,5,5,5,4,4,4,10,10,10,7,7,7,8,8,8,
12,12,11,11,13,13,14,14,16,16,16,15,15,15,17,17,17,18,18,18),((1,4,8),(10,
2,9),(7,6,13),(10,9,16),(7,13,17),(1,19,4),(3,22,20),(3,12,22),(21,26,5),
(13,6,27),(22,28,20),(21,30,26),(31,11,18),(17,13,33),(31,18,34),(12,32,
22),(29,24,14),(23,35,15),(29,14,25),(33,13,36),(32,37,22),(23,38,35),(39,
31,34),(33,36,42),(39,34,44),(32,41,37),(38,45,35),(36,47,42),(37,41,48),
(38,50,45),(49,40,43),(49,43,46)),());
#112=COMPLEX_TRIANGULATED_FACE('ConvergentBody',#208,50,((-1.,0.,0.),(0.,
-1.,0.),(0.,0.,1.),(-1.,0.,0.),(0.,1.,0.),(0.,0.,-1.),(0.,0.,-1.),(-1.,
0.,0.),(0.,-1.,0.),(0.,-1.,0.),(0.774646174023457,-0.632394896461712,0.),
(0.,0.,1.),(0.,0.,-1.),(1.,0.,0.),(-0.588152770266088,0.808749849352893,
0.),(0.,-1.,0.),(0.,0.,-1.),(0.774646174023457,-0.632394896461712,0.),(-1.,
0.,0.),(0.,0.,1.),(0.,1.,0.),(0.,0.,1.),(-0.588152770266088,0.808749849352893,
0.),(1.,0.,0.),(1.,0.,0.),(0.,1.,0.),(0.,0.,-1.),(0.,0.,1.),(1.,0.,0.),
(0.,1.,0.),(0.66821840801167,-0.743965159933144,0.),(0.,0.,1.),(0.,0.,-1.),
(0.66821840801167,-0.743965159933144,0.),(-0.516269883948696,0.856425949471173,
0.),(0.,0.,-1.),(0.,0.,1.),(-0.516269883948696,0.856425949471173,0.),(0.545903887624279,
-0.837847805676364,0.),(1.,0.,0.),(0.,0.,1.),(0.,0.,-1.),(1.,0.,0.),(0.545903887624279,
-0.837847805676364,0.),(-0.440545867159791,0.897730103610449,0.),(1.,0.,
0.),(0.,0.,-1.),(0.,0.,1.),(1.,0.,0.),(-0.440545867159791,0.897730103610449,
0.)),$,(2,2,2,3,3,3,1,1,1,6,6,6,9,9,9,5,5,5,4,4,4,10,10,10,7,7,7,8,8,8,
12,12,11,11,13,13,14,14,16,16,16,15,15,15,17,17,17,18,18,18),((1,4,8),(10,
2,9),(7,6,13),(10,9,16),(7,13,17),(1,19,4),(3,22,20),(3,12,22),(21,26,5),
(13,6,27),(22,28,20),(21,30,26),(31,11,18),(17,13,33),(31,18,34),(12,32,
22),(29,24,14),(23,35,15),(29,14,25),(33,13,36),(32,37,22),(23,38,35),(39,
31,34),(33,36,42),(39,34,44),(32,41,37),(38,45,35),(36,47,42),(37,41,48),
(38,50,45),(49,40,43),(49,43,46)),());
#113=COMPLEX_TRIANGULATED_FACE('ConvergentBody',#209,50,((-1.,0.,0.),(0.,
-1.,0.),(0.,0.,1.),(-1.,0.,0.),(0.,1.,0.),(0.,0.,-1.),(0.,0.,-1.),(-1.,
0.,0.),(0.,-1.,0.),(0.,-1.,0.),(0.774646174023457,-0.632394896461712,0.),
(0.,0.,1.),(0.,0.,-1.),(1.,0.,0.),(-0.588152770266088,0.808749849352893,
0.),(0.,-1.,0.),(0.,0.,-1.),(0.774646174023457,-0.632394896461712,0.),(-1.,
0.,0.),(0.,0.,1.),(0.,1.,0.),(0.,0.,1.),(-0.588152770266088,0.808749849352893,
0.),(1.,0.,0.),(1.,0.,0.),(0.,1.,0.),(0.,0.,-1.),(0.,0.,1.),(1.,0.,0.),
(0.,1.,0.),(0.66821840801167,-0.743965159933144,0.),(0.,0.,1.),(0.,0.,-1.),
(0.66821840801167,-0.743965159933144,0.),(-0.516269883948696,0.856425949471173,
0.),(0.,0.,-1.),(0.,0.,1.),(-0.516269883948696,0.856425949471173,0.),(0.545903887624279,
-0.837847805676364,0.),(0.,0.,-1.),(1.,0.,0.),(0.,0.,1.),(0.545903887624279,
-0.837847805676364,0.),(1.,0.,0.),(1.,0.,0.),(-0.440545867159791,0.897730103610449,
0.),(0.,0.,-1.),(0.,0.,1.),(1.,0.,0.),(-0.440545867159791,0.897730103610449,
0.)),$,(2,2,2,3,3,3,1,1,1,6,6,6,9,9,9,5,5,5,4,4,4,10,10,10,7,7,7,8,8,8,
12,12,11,11,13,13,14,14,15,15,15,16,16,16,17,17,17,18,18,18),((1,4,8),(10,
2,9),(7,6,13),(10,9,16),(7,13,17),(1,19,4),(3,22,20),(3,12,22),(21,26,5),
(13,6,27),(22,28,20),(21,30,26),(31,11,18),(17,13,33),(31,18,34),(12,32,
22),(29,24,14),(23,35,15),(29,14,25),(33,13,36),(32,37,22),(23,38,35),(39,
31,34),(33,36,40),(32,42,37),(43,31,39),(38,46,35),(36,47,40),(37,42,48),
(38,50,46),(49,44,41),(49,41,45)),());
#114=COMPLEX_TRIANGULATED_FACE('ConvergentBody',#210,24,((-1.,0.,0.),(0.,
-1.,0.),(0.,0.,1.),(-1.,0.,0.),(0.,1.,0.),(0.,0.,-1.),(0.,0.,-1.),(-1.,
0.,0.),(0.,-1.,0.),(0.,-1.,0.),(1.,0.,0.),(0.,0.,1.),(0.,0.,-1.),(0.,1.,
0.),(1.,0.,0.),(0.,-1.,0.),(0.,0.,-1.),(1.,0.,0.),(-1.,0.,0.),(0.,0.,1.),
(0.,1.,0.),(0.,0.,1.),(0.,1.,0.),(1.,0.,0.)),$,(2,2,2,3,3,3,1,1,1,6,6,6,
7,7,7,5,5,5,4,4,4,8,8,8),((1,4,8),(10,2,9),(7,6,13),(10,9,16),(7,13,17),
(1,19,4),(22,20,3),(22,3,12),(21,14,5),(21,23,14),(24,11,18),(24,18,15)),
());
#115=COMPLEX_TRIANGULATED_FACE('ConvergentBody',#211,188,((-0.970089950759578,
-0.242745725884679,0.),(0.,0.,1.),(0.,0.,1.),(-0.999875031372631,0.0158089100693472,
0.),(-0.999875031372631,0.0158089100693472,0.),(0.,0.,-1.),(0.,0.,-1.),
(-0.961173712407429,0.275944006234819,0.),(-0.970089950759578,-0.242745725884679,
0.),(0.,0.,-1.),(0.,0.,-1.),(0.990513825376292,0.136964209112952,-0.0110980701244989),
(0.,0.,-1.),(0.975858653316376,-0.216781983698177,-0.0265605024695089),
(0.,0.,-1.),(0.999997267818591,-0.000586909047287966,0.00226271808301609),
(0.,0.,1.),(0.975808141587778,0.216932634988262,0.0271790854897007),(-0.961173712407429,
0.275944006234819,0.),(0.,0.,1.),(0.,0.,1.),(0.990410610542898,-0.137733146560969,
0.0107890158243453),(0.,0.,1.),(0.999997385189486,-4.75481156988143E-5,
-0.00228634060635146),(-0.855728980344422,-0.517424305767226,0.),(0.,0.,
1.),(-0.855728980344422,-0.517424305767226,0.),(0.,0.,-1.),(0.,0.,-1.),
(0.950738774657542,0.30992954871302,0.00628149641557086),(0.737135654024098,
0.67496752307909,0.0324017029636376),(0.,0.,1.),(0.746472561138075,0.66541619717885,
0.),(0.950508605519698,0.310698231139154,0.),(-0.839533362838906,0.543308137874262,
0.),(0.,0.,-1.),(0.,0.,-1.),(0.751813987735083,-0.65937525571246,0.),(0.950530229670336,
-0.310632069308465,0.),(-0.839533362838906,0.543308137874262,0.),(0.,0.,
1.),(0.,0.,1.),(0.950758015526088,-0.309872113882379,-0.00620233431547529),
(0.742553940206173,-0.669008017718571,-0.0322787563663144),(-0.754333978236586,
0.656490860010835,0.),(-0.47042479675485,0.882440088956841,0.),(0.,0.,-1.),
(-0.754333978236586,0.656490860010835,0.),(0.,0.,1.),(-0.47042479675485,
0.882440088956841,0.),(-0.681781103707312,-0.731556236134748,0.),(0.,0.,
1.),(-0.681781103707312,-0.731556236134748,0.),(0.,0.,-1.),(-0.467444563302279,
-0.884022386729625,0.),(0.,0.,1.),(0.,0.,-1.),(0.566905967975193,0.823779989416768,
0.00203777099289832),(-0.467319637405285,-0.884088283616994,-0.000513095069415518),
(0.,0.,-1.),(0.,0.,1.),(0.690007354959724,0.720501250127106,0.069049248125976),
(-0.47042479675485,0.882440088956841,0.),(-0.138013362795147,0.990430366906213,
0.),(0.,0.,-1.),(0.,0.,-1.),(0.695939802973932,-0.714843194504618,-0.0683154294946381),
(0.,0.,-1.),(0.428101674978646,-0.903730284607964,-0.000727023304914853),
(0.,0.,1.),(0.573817730410952,-0.81897886969407,-0.0026121371802365),(-0.47042479675485,
0.882440088956841,0.),(0.,0.,1.),(-0.138013362795147,0.990430366906213,
0.),(-0.228259884627604,-0.973600194109527,0.000295126556420715),(0.,0.,
1.),(0.,0.,-1.),(0.260001528257515,0.962635511329497,-0.0757104856090262),
(-0.220731821706763,-0.975334472521726,-0.000359995528187312),(0.,0.,-1.),
(0.,0.,1.),(0.420777429664823,0.907163379714862,0.000978360350158828),(-0.00604537101262647,
0.999849266807949,-0.0162756613668207),(0.,0.,-1.),(0.,0.,-1.),(-0.180952344482616,
-0.983491865256772,0.),(0.196642511164911,-0.979814337444118,0.0359942626220122),
(0.,0.,1.),(0.266776623880999,-0.9607691050436,0.0758482679062276),(0.,
0.,1.),(-0.0104593834361848,0.999945299152976,0.),(0.0180940683665576,-0.999836164750192,
0.000498344833828744),(0.,0.,1.),(0.,0.,1.),(0.0205258361936109,0.999625494353765,
-0.0180986487490941),(0.,0.,-1.),(0.00553375358021446,0.999832542185552,
0.0174431980465316),(0.0182295112856724,-0.999833828652684,0.),(0.,0.,-1.),
(0.182066543675205,-0.98328621147363,0.),(-0.195532490600132,-0.980037581305224,
-0.0359636531669847),(0.,0.,1.),(0.137933519552355,-0.990441489530755,0.),
(0.46933243681057,-0.88302155339349,0.),(0.,0.,1.),(0.,0.,-1.),(0.46933243681057,
-0.88302155339349,0.),(0.137933519552355,-0.990441489530755,0.),(0.,0.,
1.),(-0.233871362689973,0.970115082172757,0.0646599803161204),(-0.265586841862679,
-0.961102860754886,-0.0757952536652638),(0.,0.,-1.),(0.,0.,1.),(0.315454500066118,
0.939213775953258,0.135521000024567),(0.161159390831559,0.972541251622123,
-0.167902247275236),(-0.426503618808618,-0.904485838964011,0.00017394459522962),
(0.,0.,1.),(0.,0.,-1.),(0.165710180641237,0.968446279931594,-0.186150312700533),
(0.361893138611276,0.929493094081605,0.0712456614867539),(-0.39327884234149,
0.919407048832258,0.00473610853927012),(0.,0.,-1.),(-0.542113328752,0.840286017121944,
-0.00570510462355018),(0.,0.,1.),(-0.572090931195715,-0.820187221366506,
0.00221096148988732),(0.,0.,-1.),(0.,0.,-1.),(-0.67167664304969,0.738122620685078,
-0.0634467021561613),(0.,0.,-1.),(0.752802662301737,-0.65824626974364,0.),
(0.46933243681057,-0.88302155339349,0.),(0.,0.,1.),(0.623507209966,0.757004044582411,
0.19540633461146),(0.459478312508756,0.884789204732898,-0.0776385440501725),
(-0.694319465555702,-0.716455249806559,0.0679143193668707),(0.,0.,1.),(0.,
0.,1.),(0.46933243681057,-0.88302155339349,0.),(0.752802662301737,-0.65824626974364,
0.),(-0.722067073749809,0.691005386165662,-0.0336258426873064),(0.,0.,1.),
(-0.94624740673756,0.323393203022012,-0.00571677195678858),(-0.740972068246272,
-0.670763296183668,0.0322024000916433),(0.,0.,-1.),(-0.950748396175064,
-0.309901018264542,0.00623265987712261),(0.,0.,-1.),(0.497251968408998,
0.855932629442921,-0.141844329348426),(0.630031187221874,0.756311772512167,
0.176219198407269),(-0.732733106180103,0.680516124061479,0.),(-0.946035474081032,
0.324063083025939,0.),(0.,0.,-1.),(0.,0.,1.),(0.921406627104053,0.388599829553145,
0.),(0.669758061156057,0.741800511710615,0.0340020637954469),(-0.750243334438236,
-0.661161810097194,0.),(-0.950519691408486,-0.310664314404981,0.),(0.,0.,
1.),(-0.973683557589956,0.226607188361736,-0.0242798653570139),(0.,0.,-1.),
(0.,0.,-1.),(0.838239040214875,-0.545302953833596,0.),(0.,0.,-1.),(0.960754026188889,
-0.277401696393226,0.),(0.,0.,1.),(0.838239040214875,-0.545302953833596,
0.),(-0.988643539820726,0.149973606316106,0.00958480982000225),(0.,0.,1.),
(0.,0.,1.),(0.960754026188889,-0.277401696393226,0.),(-0.975821682598631,
-0.216930308388492,0.0267073973432597),(0.,0.,1.),(0.,0.,-1.),(0.677051991190253,
0.735935188196157,0.),(0.921406627104053,0.388599829553145,0.),(-0.990462388766198,
-0.137326253553233,-0.0112141216593092),(0.,0.,-1.),(0.,0.,-1.),(0.971512467282654,
0.236988451014751,0.),(0.971512467282654,0.236988451014751,0.),(0.,0.,1.),
(-0.999988122163637,0.00438959763985541,0.00211824554849584),(0.,0.,-1.),
(0.,0.,-1.),(0.999715066772499,-0.0238701752833707,0.),(-0.999989875607508,
0.00387530481864792,-0.00228707128051928),(0.,0.,1.),(0.,0.,1.),(0.999715066772499,
-0.0238701752833707,0.)),$,(4,4,2,2,1,1,5,5,3,3,15,15,18,18,11,11,17,17,
6,6,16,16,12,12,10,10,9,9,21,21,21,22,22,22,7,7,23,23,23,8,8,24,24,24,19,
19,19,20,20,20,14,14,13,13,26,26,32,32,25,25,28,28,29,29,29,27,27,34,34,
31,31,30,30,30,33,33,38,38,35,35,36,36,44,44,41,41,41,37,37,43,43,40,40,
46,46,45,45,39,39,42,42,42,55,55,55,54,54,54,47,47,48,48,50,50,50,51,51,
58,58,58,49,49,52,52,53,53,56,56,65,65,65,61,61,61,57,57,66,66,66,60,60,
60,62,62,62,64,64,64,59,59,59,74,74,74,63,63,63,67,67,75,75,77,77,76,76,
69,69,78,78,68,68,73,73,73,70,70,79,79,80,80,71,71,81,81,72,72,82,82),((1,
4,5),(4,8,5),(1,5,9),(10,6,11),(6,7,13),(11,6,15),(6,13,15),(2,17,3),(4,
19,8),(3,21,20),(3,23,21),(17,23,3),(25,1,9),(25,9,27),(28,10,29),(10,11,
29),(26,32,2),(2,32,17),(19,35,8),(7,36,37),(13,7,37),(19,40,35),(20,42,
41),(21,42,20),(40,45,35),(36,47,37),(40,48,45),(41,42,49),(51,25,27),(51,
27,53),(54,28,29),(52,32,26),(24,12,16),(22,24,16),(22,16,14),(24,18,12),
(55,51,53),(54,29,57),(55,53,59),(54,57,60),(52,61,32),(52,56,61),(18,30,
12),(43,22,14),(18,34,30),(43,14,39),(50,63,46),(37,47,66),(66,47,68),(47,
65,68),(42,70,49),(50,72,63),(49,70,73),(33,62,31),(31,62,58),(67,44,38),
(71,44,67),(75,55,59),(60,57,77),(75,59,79),(60,77,80),(56,81,61),(56,76,
81),(71,67,69),(62,82,58),(74,83,64),(68,65,85),(65,84,85),(70,88,73),(88,
90,73),(74,91,83),(89,71,69),(82,78,58),(92,75,79),(76,94,81),(76,93,94),
(87,89,69),(80,77,96),(92,79,98),(80,96,99),(82,95,78),(100,89,87),(88,
102,90),(78,95,97),(103,92,98),(99,96,106),(103,98,108),(93,109,94),(93,
105,109),(111,101,86),(85,84,112),(102,113,90),(116,101,111),(102,117,113),
(91,115,83),(112,84,118),(83,115,119),(95,110,97),(97,110,121),(96,122,
106),(110,123,121),(105,124,109),(116,111,125),(112,118,126),(123,128,121),
(106,122,129),(122,127,129),(117,132,113),(114,134,120),(135,116,125),(117,
136,132),(105,137,124),(123,140,128),(124,137,141),(143,135,125),(126,118,
146),(144,126,146),(138,104,107),(138,107,131),(128,140,149),(129,127,151),
(136,152,132),(155,135,143),(157,152,136),(120,134,147),(142,158,150),(129,
151,160),(151,159,162),(151,162,160),(137,164,141),(142,166,158),(141,168,
167),(141,164,168),(133,154,148),(170,156,145),(144,146,172),(170,145,175),
(176,144,177),(144,172,177),(171,180,157),(157,180,152),(148,154,173),(165,
139,130),(165,130,161),(166,181,158),(159,182,183),(162,159,183),(185,170,
175),(186,187,171),(187,180,171),(166,185,181),(167,187,186),(168,187,167),
(185,175,181),(182,176,183),(183,176,177),(153,179,174),(174,179,178),(169,
165,161),(169,161,163),(188,169,163),(188,163,184),(179,184,178),(179,188,
184)),());
#116=COMPLEX_TRIANGULATED_FACE('ConvergentBody',#212,188,((-0.970089950759578,
-0.242745725884679,0.),(0.,0.,1.),(0.,0.,1.),(-0.999875031372631,0.0158089100693472,
0.),(-0.999875031372631,0.0158089100693472,0.),(0.,0.,-1.),(0.,0.,-1.),
(-0.961173712407429,0.275944006234819,0.),(-0.970089950759578,-0.242745725884679,
0.),(0.,0.,-1.),(0.,0.,-1.),(0.990513825376278,0.136964209113042,-0.0110980701246372),
(0.,0.,-1.),(0.975858653316429,-0.216781983697953,-0.0265605024693978),
(0.,0.,-1.),(0.999997267818591,-0.000586909047287966,0.00226271808301609),
(0.,0.,1.),(0.975808141587805,0.216932634988182,0.027179085489374),(-0.961173712407429,
0.275944006234819,0.),(0.,0.,1.),(0.,0.,1.),(0.990410610542914,-0.13773314656085,
0.01078901582441),(0.,0.,1.),(0.999997385189486,-4.75481156985269E-5,-0.00228634060635391),
(-0.855728980344356,-0.517424305767336,0.),(0.,0.,1.),(-0.855728980344356,
-0.517424305767336,0.),(0.,0.,-1.),(0.,0.,-1.),(0.950738774657558,0.309929548712972,
0.006281496415536),(0.737135654024098,0.67496752307909,0.0324017029636376),
(0.,0.,1.),(0.746472561138075,0.66541619717885,0.),(0.950508605519715,0.310698231139101,
0.),(-0.839533362838955,0.543308137874186,0.),(0.,0.,-1.),(0.,0.,-1.),(0.751813987733337,
-0.659375255714451,0.),(0.950530229670456,-0.310632069308098,0.),(-0.839533362838955,
0.543308137874186,0.),(0.,0.,1.),(0.,0.,1.),(0.950758015526206,-0.309872113882016,
-0.00620233431545297),(0.742553940204534,-0.669008017720416,-0.0322787563657839),
(-0.754333978236705,0.656490860010699,0.),(-0.470424796754627,0.88244008895696,
0.),(0.,0.,-1.),(-0.754333978236705,0.656490860010699,0.),(0.,0.,1.),(-0.470424796754627,
0.88244008895696,0.),(-0.681781103707338,-0.731556236134724,0.),(0.,0.,
1.),(-0.681781103707338,-0.731556236134724,0.),(0.,0.,-1.),(-0.467444563302423,
-0.884022386729548,0.),(0.,0.,1.),(0.,0.,-1.),(0.566905967975193,0.823779989416768,
0.00203777099289832),(-0.467319637405238,-0.884088283617018,-0.000513095070199882),
(0.,0.,-1.),(0.,0.,1.),(0.690007354959724,0.720501250127106,0.069049248125976),
(-0.470424796754627,0.88244008895696,0.),(-0.138013362795147,0.990430366906213,
0.),(0.,0.,-1.),(0.,0.,-1.),(0.695939802972994,-0.71484319450568,-0.0683154294930817),
(0.,0.,-1.),(0.428101674978732,-0.903730284607923,-0.000727023306049041),
(0.,0.,1.),(0.573817730410897,-0.818978869694107,-0.00261213718041155),
(-0.470424796754627,0.88244008895696,0.),(0.,0.,1.),(-0.138013362795147,
0.990430366906213,0.),(-0.22825988462639,-0.973600194109814,0.000295126547815483),
(0.,0.,1.),(0.,0.,-1.),(0.260001528257515,0.962635511329497,-0.0757104856090262),
(-0.22073182170596,-0.975334472521905,-0.000359995536783108),(0.,0.,-1.),
(0.,0.,1.),(0.420777429664823,0.907163379714862,0.000978360350158828),(-0.00604537101262647,
0.999849266807949,-0.0162756613668207),(0.,0.,-1.),(0.,0.,-1.),(-0.180952344483175,
-0.983491865256669,0.),(0.196642511165328,-0.979814337444047,0.0359942626216707),
(0.,0.,1.),(0.266776623881096,-0.960769105043665,0.0758482679050749),(0.,
0.,1.),(-0.0104593834361848,0.999945299152976,0.),(0.0180940683654598,-0.999836164750212,
0.000498344833000676),(0.,0.,1.),(0.,0.,1.),(0.0205258361936109,0.999625494353765,
-0.0180986487490941),(0.,0.,-1.),(0.00553375358021446,0.999832542185552,
0.0174431980465316),(0.0182295112843495,-0.999833828652709,0.),(0.,0.,-1.),
(0.182066543675763,-0.983286211473527,0.),(-0.195532490600636,-0.980037581305129,
-0.035963653166858),(0.,0.,1.),(0.137933519552355,-0.990441489530755,0.),
(0.46933243681057,-0.88302155339349,0.),(0.,0.,1.),(0.,0.,-1.),(0.46933243681057,
-0.88302155339349,0.),(0.137933519552355,-0.990441489530755,0.),(0.,0.,
1.),(-0.233871362689973,0.970115082172757,0.0646599803161204),(-0.265586841862984,
-0.961102860754828,-0.0757952536649411),(0.,0.,-1.),(0.,0.,1.),(0.315454500066118,
0.939213775953258,0.135521000024567),(0.161159390831559,0.972541251622123,
-0.167902247275236),(-0.426503618807864,-0.904485838964366,0.000173944596162503),
(0.,0.,1.),(0.,0.,-1.),(0.165710180641237,0.968446279931594,-0.186150312700533),
(0.361893138611276,0.929493094081605,0.0712456614867539),(-0.39327884234149,
0.919407048832258,0.00473610853927012),(0.,0.,-1.),(-0.542113328752,0.840286017121944,
-0.00570510462355018),(0.,0.,1.),(-0.572090931194307,-0.82018722136748,
0.00221096149304528),(0.,0.,-1.),(0.,0.,-1.),(-0.67167664304969,0.738122620685078,
-0.0634467021561613),(0.,0.,-1.),(0.752802662301874,-0.658246269743484,
0.),(0.46933243681057,-0.88302155339349,0.),(0.,0.,1.),(0.623507209966,
0.757004044582411,0.19540633461146),(0.459478312508756,0.884789204732898,
-0.0776385440501725),(-0.694319465555111,-0.716455249806656,0.0679143193718963),
(0.,0.,1.),(0.,0.,1.),(0.46933243681057,-0.88302155339349,0.),(0.752802662301874,
-0.658246269743484,0.),(-0.722067073749809,0.691005386165662,-0.0336258426873064),
(0.,0.,1.),(-0.94624740673756,0.323393203022012,-0.00571677195678858),(-0.740972068247596,
-0.670763296182129,0.0322024000932562),(0.,0.,-1.),(-0.950748396175056,
-0.309901018264569,0.00623265987690089),(0.,0.,-1.),(0.497251968408998,
0.855932629442921,-0.141844329348426),(0.630031187221874,0.756311772512167,
0.176219198407269),(-0.732733106180103,0.680516124061479,0.),(-0.946035474081032,
0.324063083025939,0.),(0.,0.,-1.),(0.,0.,1.),(0.921406627104053,0.388599829553145,
0.),(0.669758061156057,0.741800511710615,0.0340020637954469),(-0.750243334439994,
-0.661161810095199,0.),(-0.950519691408486,-0.310664314404981,0.),(0.,0.,
1.),(-0.973683557589956,0.226607188361736,-0.0242798653570139),(0.,0.,-1.),
(0.,0.,-1.),(0.838239040214893,-0.545302953833568,0.),(0.,0.,-1.),(0.960754026188873,
-0.277401696393282,0.),(0.,0.,1.),(0.838239040214893,-0.545302953833568,
0.),(-0.988643539820726,0.149973606316106,0.00958480982000225),(0.,0.,1.),
(0.,0.,1.),(0.960754026188873,-0.277401696393282,0.),(-0.975821682598769,
-0.216930308388139,0.0267073973410759),(0.,0.,1.),(0.,0.,-1.),(0.677051991190253,
0.735935188196157,0.),(0.921406627104053,0.388599829553145,0.),(-0.990462388766088,
-0.137326253553949,-0.0112141216602373),(0.,0.,-1.),(0.,0.,-1.),(0.971512467282654,
0.236988451014751,0.),(0.971512467282654,0.236988451014751,0.),(0.,0.,1.),
(-0.999988122163637,0.00438959763988031,0.00211824554849583),(0.,0.,-1.),
(0.,0.,-1.),(0.999715066772499,-0.0238701752833707,0.),(-0.999989875607509,
0.00387530481867126,-0.0022870712805351),(0.,0.,1.),(0.,0.,1.),(0.999715066772499,
-0.0238701752833707,0.)),$,(4,4,2,2,1,1,5,5,3,3,15,15,18,18,11,11,17,17,
6,6,16,16,12,12,10,10,9,9,21,21,21,22,22,22,7,7,23,23,23,8,8,24,24,24,19,
19,19,20,20,20,14,14,13,13,26,26,32,32,25,25,28,28,29,29,29,27,27,34,34,
31,31,30,30,30,33,33,38,38,35,35,36,36,44,44,41,41,41,37,37,43,43,40,40,
46,46,45,45,39,39,42,42,42,55,55,55,54,54,54,47,47,48,48,50,50,50,51,51,
58,58,58,49,49,52,52,53,53,56,56,65,65,65,61,61,61,57,57,66,66,66,60,60,
60,62,62,62,64,64,64,59,59,59,74,74,74,63,63,63,67,67,75,75,77,77,76,76,
69,69,78,78,68,68,73,73,73,70,70,79,79,80,80,71,71,81,81,72,72,82,82),((1,
4,5),(4,8,5),(1,5,9),(10,6,11),(6,7,13),(11,6,15),(6,13,15),(2,17,3),(4,
19,8),(3,21,20),(3,23,21),(17,23,3),(25,1,9),(25,9,27),(28,10,29),(10,11,
29),(26,32,2),(2,32,17),(19,35,8),(7,36,37),(13,7,37),(19,40,35),(20,42,
41),(21,42,20),(40,45,35),(36,47,37),(40,48,45),(41,42,49),(51,25,27),(51,
27,53),(54,28,29),(52,32,26),(24,12,16),(22,24,16),(22,16,14),(24,18,12),
(55,51,53),(54,29,57),(55,53,59),(54,57,60),(52,61,32),(52,56,61),(18,30,
12),(43,22,14),(18,34,30),(43,14,39),(50,63,46),(37,47,66),(66,47,68),(47,
65,68),(42,70,49),(50,72,63),(49,70,73),(33,62,31),(31,62,58),(67,44,38),
(71,44,67),(75,55,59),(60,57,77),(75,59,79),(60,77,80),(56,81,61),(56,76,
81),(71,67,69),(62,82,58),(74,83,64),(68,65,85),(65,84,85),(70,88,73),(88,
90,73),(74,91,83),(89,71,69),(82,78,58),(92,75,79),(76,94,81),(76,93,94),
(87,89,69),(80,77,96),(92,79,98),(80,96,99),(82,95,78),(100,89,87),(88,
102,90),(78,95,97),(103,92,98),(99,96,106),(103,98,108),(93,109,94),(93,
105,109),(111,101,86),(85,84,112),(102,113,90),(116,101,111),(102,117,113),
(91,115,83),(112,84,118),(83,115,119),(95,110,97),(97,110,121),(96,122,
106),(110,123,121),(105,124,109),(116,111,125),(112,118,126),(123,128,121),
(106,122,129),(122,127,129),(117,132,113),(114,134,120),(135,116,125),(117,
136,132),(105,137,124),(123,140,128),(124,137,141),(143,135,125),(126,118,
146),(144,126,146),(138,104,107),(138,107,131),(128,140,149),(129,127,151),
(136,152,132),(155,135,143),(157,152,136),(120,134,147),(142,158,150),(129,
151,160),(151,159,162),(151,162,160),(137,164,141),(142,166,158),(141,168,
167),(141,164,168),(133,154,148),(170,156,145),(144,146,172),(170,145,175),
(176,144,177),(144,172,177),(171,180,157),(157,180,152),(148,154,173),(165,
139,130),(165,130,161),(166,181,158),(159,182,183),(162,159,183),(185,170,
175),(186,187,171),(187,180,171),(166,185,181),(167,187,186),(168,187,167),
(185,175,181),(182,176,183),(183,176,177),(153,178,174),(153,179,178),(169,
165,161),(169,161,163),(188,169,163),(188,163,184),(179,184,178),(179,188,
184)),());
#117=COMPLEX_TRIANGULATED_FACE('ConvergentBody',#213,188,((-0.97008995075957,
-0.242745725884711,0.),(0.,0.,1.),(0.,0.,1.),(-0.999875031372631,0.0158089100693472,
0.),(-0.999875031372631,0.0158089100693472,0.),(0.,0.,-1.),(0.,0.,-1.),
(-0.961173712407429,0.275944006234819,0.),(-0.97008995075957,-0.242745725884711,
0.),(0.,0.,-1.),(0.,0.,-1.),(0.990513825376278,0.136964209113042,-0.0110980701246372),
(0.,0.,-1.),(0.975858653316376,-0.216781983698177,-0.0265605024695089),
(0.,0.,-1.),(0.999997267818591,-0.000586909047287966,0.00226271808301609),
(0.,0.,1.),(0.975808141587805,0.216932634988182,0.027179085489374),(-0.961173712407429,
0.275944006234819,0.),(0.,0.,1.),(0.,0.,1.),(0.990410610542898,-0.137733146560969,
0.0107890158243453),(0.,0.,1.),(0.999997385189486,-4.75481156985269E-5,
-0.00228634060635391),(-0.855728980344405,-0.517424305767255,0.),(0.,0.,
1.),(-0.855728980344405,-0.517424305767255,0.),(0.,0.,-1.),(0.,0.,-1.),
(0.950738774657558,0.309929548712972,0.006281496415536),(0.737135654024098,
0.67496752307909,0.0324017029636376),(0.,0.,1.),(0.746472561138075,0.66541619717885,
0.),(0.950508605519715,0.310698231139101,0.),(-0.839533362838955,0.543308137874186,
0.),(0.,0.,1.),(-0.839533362838955,0.543308137874186,0.),(0.,0.,-1.),(0.,
0.,-1.),(0.751813987735083,-0.65937525571246,0.),(0.950530229670336,-0.310632069308465,
0.),(0.,0.,1.),(0.950758015526088,-0.309872113882379,-0.00620233431547529),
(0.742553940206173,-0.669008017718571,-0.0322787563663144),(-0.754333978236705,
0.656490860010699,0.),(-0.470424796754627,0.88244008895696,0.),(0.,0.,-1.),
(-0.754333978236705,0.656490860010699,0.),(0.,0.,1.),(-0.470424796754627,
0.88244008895696,0.),(-0.681781103707432,-0.731556236134637,0.),(0.,0.,
1.),(-0.681781103707432,-0.731556236134637,0.),(0.,0.,-1.),(-0.467444563302423,
-0.884022386729548,0.),(0.,0.,1.),(0.,0.,-1.),(0.566905967975193,0.823779989416768,
0.00203777099289832),(-0.467319637405238,-0.884088283617018,-0.000513095070199882),
(0.,0.,-1.),(0.,0.,1.),(0.690007354959724,0.720501250127106,0.069049248125976),
(-0.470424796754627,0.88244008895696,0.),(-0.138013362795147,0.990430366906213,
0.),(0.,0.,-1.),(0.,0.,-1.),(0.695939802973995,-0.714843194504545,-0.068315429494772),
(0.,0.,-1.),(0.428101674978732,-0.903730284607923,-0.000727023306049041),
(0.,0.,1.),(0.573817730411187,-0.818978869693903,-0.00261213718091055),
(-0.470424796754627,0.88244008895696,0.),(0.,0.,1.),(-0.138013362795147,
0.990430366906213,0.),(-0.22825988462639,-0.973600194109814,0.000295126547815483),
(0.,0.,1.),(0.,0.,-1.),(0.260001528257515,0.962635511329497,-0.0757104856090262),
(-0.22073182170596,-0.975334472521905,-0.000359995536783108),(0.,0.,-1.),
(0.,0.,1.),(0.420777429664823,0.907163379714862,0.000978360350158828),(-0.00604537101278299,
0.999849266807946,-0.0162756613669387),(0.,0.,-1.),(0.,0.,-1.),(-0.180952344483175,
-0.983491865256669,0.),(0.196642511165328,-0.979814337444047,0.0359942626216707),
(0.,0.,1.),(0.266776623881096,-0.960769105043665,0.0758482679050749),(0.,
0.,1.),(-0.0104593834363736,0.999945299152974,0.),(0.0180940683654598,-0.999836164750212,
0.000498344833000676),(0.,0.,1.),(0.,0.,1.),(0.0205258361936109,0.999625494353765,
-0.0180986487490941),(0.,0.,-1.),(0.0055337535801634,0.99983254218555,0.0174431980466486),
(0.0182295112843495,-0.999833828652709,0.),(0.,0.,-1.),(0.182066543675763,
-0.983286211473527,0.),(-0.195532490600636,-0.980037581305129,-0.035963653166858),
(0.,0.,1.),(0.137933519552355,-0.990441489530755,0.),(0.46933243681057,
-0.88302155339349,0.),(0.,0.,1.),(0.,0.,-1.),(0.46933243681057,-0.88302155339349,
0.),(0.137933519552355,-0.990441489530755,0.),(0.,0.,1.),(-0.233871362690199,
0.970115082172646,0.0646599803169584),(-0.265586841862984,-0.961102860754828,
-0.0757952536649411),(0.,0.,-1.),(0.,0.,1.),(0.315454500066174,0.939213775953424,
0.135521000023287),(0.161159390831488,0.972541251621933,-0.167902247276408),
(-0.426503618808566,-0.904485838964036,0.000173944595448367),(0.,0.,1.),
(0.,0.,-1.),(0.165710180641195,0.968446279931351,-0.186150312701831),(0.361893138611236,
0.92949309408171,0.071245661485575),(-0.393278842341456,0.919407048832267,
0.00473610854031273),(0.,0.,-1.),(-0.542113328751796,0.84028601712208,-0.00570510462293696),
(0.,0.,1.),(-0.572090931195514,-0.820187221366645,0.00221096149033846),
(0.,0.,-1.),(0.,0.,-1.),(-0.671676643049777,0.738122620684989,-0.0634467021562584),
(0.,0.,-1.),(0.752802662301874,-0.658246269743484,0.),(0.46933243681057,
-0.88302155339349,0.),(0.,0.,1.),(0.623507209966094,0.757004044582238,0.195406334611829),
(0.459478312508475,0.884789204732972,-0.0776385440510031),(-0.694319465555617,
-0.716455249806573,0.0679143193675887),(0.,0.,1.),(0.,0.,1.),(0.46933243681057,
-0.88302155339349,0.),(0.752802662301874,-0.658246269743484,0.),(-0.722067073750076,
0.691005386165379,-0.03362584268739),(0.,0.,1.),(-0.946247406737542,0.323393203022064,
-0.00571677195679145),(-0.740972068246461,-0.670763296183448,0.0322024000918737),
(0.,0.,-1.),(-0.950748396175056,-0.309901018264569,0.00623265987690089),
(0.,0.,-1.),(0.497251968408652,0.855932629443005,-0.141844329349129),(0.630031187221983,
0.756311772511997,0.176219198407608),(-0.732733106180389,0.680516124061171,
0.),(-0.946035474081015,0.324063083025991,0.),(0.,0.,-1.),(0.,0.,1.),(0.921406627104053,
0.388599829553145,0.),(0.669758061156253,0.741800511710435,0.0340020637955054),
(-0.750243334438487,-0.661161810096909,0.),(-0.950519691408486,-0.310664314404981,
0.),(0.,0.,1.),(-0.973683557589949,0.226607188361768,-0.0242798653570288),
(0.,0.,-1.),(0.,0.,-1.),(0.838239040214925,-0.545302953833519,0.),(0.,0.,
-1.),(0.960754026188887,-0.277401696393232,0.),(0.,0.,1.),(0.838239040214925,
-0.545302953833519,0.),(-0.988643539820724,0.149973606316124,0.00958480981999329),
(0.,0.,1.),(0.,0.,1.),(0.960754026188887,-0.277401696393232,0.),(-0.975821682598769,
-0.216930308388139,0.0267073973410759),(0.,0.,1.),(0.,0.,-1.),(0.67705199119046,
0.735935188195967,0.),(0.921406627104053,0.388599829553145,0.),(-0.990462388766088,
-0.137326253553949,-0.0112141216602373),(0.,0.,-1.),(0.,0.,-1.),(0.971512467282654,
0.236988451014751,0.),(0.971512467282654,0.236988451014751,0.),(0.,0.,1.),
(-0.999988122163637,0.00438959763988031,0.00211824554849583),(0.,0.,-1.),
(0.,0.,-1.),(0.999715066772498,-0.0238701752833769,0.),(-0.999989875607509,
0.00387530481867126,-0.0022870712805351),(0.,0.,1.),(0.,0.,1.),(0.999715066772498,
-0.0238701752833769,0.)),$,(4,4,2,2,1,1,5,5,3,3,15,15,18,18,11,11,17,17,
6,6,16,16,12,12,10,10,9,9,21,21,21,22,22,22,8,8,7,7,23,23,23,24,24,24,19,
19,19,20,20,20,14,14,13,13,26,26,32,32,25,25,28,28,29,29,29,27,27,34,34,
31,31,30,30,30,33,33,38,38,35,35,36,36,44,44,41,41,41,37,37,43,43,40,40,
46,46,45,45,39,39,42,42,42,55,55,55,54,54,54,47,47,48,48,50,50,50,51,51,
58,58,58,49,49,52,52,53,53,56,56,65,65,65,61,61,61,57,57,66,66,66,60,60,
60,62,62,62,64,64,64,59,59,59,74,74,74,63,63,63,67,67,75,75,77,77,76,76,
69,69,78,78,68,68,73,73,73,70,70,79,79,80,80,71,71,81,81,72,72,82,82),((1,
4,5),(4,8,5),(1,5,9),(10,6,11),(6,7,13),(11,6,15),(6,13,15),(2,17,3),(4,
19,8),(3,21,20),(3,23,21),(17,23,3),(25,1,9),(25,9,27),(28,10,29),(10,11,
29),(26,32,2),(2,32,17),(19,35,8),(8,35,37),(7,38,39),(13,7,39),(20,42,
36),(21,42,20),(35,45,37),(38,47,39),(35,48,45),(36,42,49),(51,25,27),(51,
27,53),(54,28,29),(52,32,26),(24,12,16),(22,24,16),(22,16,14),(24,18,12),
(55,51,53),(54,29,57),(55,53,59),(54,57,60),(52,61,32),(52,56,61),(18,30,
12),(43,22,14),(18,34,30),(43,14,41),(50,63,46),(39,47,66),(66,47,68),(47,
65,68),(42,70,49),(50,72,63),(49,70,73),(33,62,31),(31,62,58),(67,44,40),
(71,44,67),(75,55,59),(60,57,77),(75,59,79),(60,77,80),(56,81,61),(56,76,
81),(71,67,69),(62,82,58),(74,83,64),(68,65,85),(65,84,85),(70,88,73),(88,
90,73),(74,91,83),(89,71,69),(82,78,58),(92,75,79),(76,94,81),(76,93,94),
(87,89,69),(80,77,96),(92,79,98),(80,96,99),(82,95,78),(100,89,87),(88,
102,90),(78,95,97),(103,92,98),(99,96,106),(103,98,108),(93,109,94),(93,
105,109),(111,101,86),(85,84,112),(102,113,90),(116,101,111),(102,117,113),
(91,115,83),(112,84,118),(83,115,119),(95,110,97),(97,110,121),(96,122,
106),(110,123,121),(105,124,109),(116,111,125),(112,118,126),(123,128,121),
(106,122,129),(122,127,129),(117,132,113),(114,134,120),(135,116,125),(117,
136,132),(105,137,124),(123,140,128),(124,137,141),(143,135,125),(126,118,
146),(144,126,146),(138,104,107),(138,107,131),(128,140,149),(129,127,151),
(136,152,132),(155,135,143),(157,152,136),(120,134,147),(142,158,150),(129,
151,160),(151,159,162),(151,162,160),(137,164,141),(142,166,158),(141,168,
167),(141,164,168),(133,154,148),(170,156,145),(144,146,172),(170,145,175),
(176,144,177),(144,172,177),(171,180,157),(157,180,152),(148,154,173),(165,
139,130),(165,130,161),(166,181,158),(159,182,183),(162,159,183),(185,170,
175),(186,187,171),(187,180,171),(166,185,181),(167,187,186),(168,187,167),
(185,175,181),(182,176,183),(183,176,177),(153,178,174),(153,179,178),(169,
165,161),(169,161,163),(188,169,163),(188,163,184),(179,184,178),(179,188,
184)),());
#118=COMPLEX_TRIANGULATED_FACE('ConvergentBody',#214,188,((-0.970089950759577,
-0.242745725884684,0.),(0.,0.,1.),(0.,0.,1.),(-0.999875031372631,0.0158089100693356,
0.),(-0.999875031372631,0.0158089100693356,0.),(0.,0.,-1.),(0.,0.,-1.),
(-0.961173712407542,0.275944006234424,0.),(-0.970089950759577,-0.242745725884684,
0.),(0.,0.,-1.),(0.,0.,-1.),(0.990513825376278,0.136964209113042,-0.0110980701246372),
(0.,0.,-1.),(0.975858653316376,-0.216781983698177,-0.0265605024695089),
(0.,0.,-1.),(0.999997267818591,-0.000586909047287966,0.00226271808301609),
(0.,0.,1.),(0.975808141587805,0.216932634988182,0.027179085489374),(-0.961173712407542,
0.275944006234424,0.),(0.,0.,1.),(0.,0.,1.),(0.990410610542898,-0.137733146560969,
0.0107890158243453),(0.,0.,1.),(0.999997385189486,-4.75481156985269E-5,
-0.00228634060635391),(-0.855728980344422,-0.517424305767227,0.),(0.,0.,
-1.),(0.,0.,-1.),(0.950738774657558,0.309929548712972,0.006281496415536),
(0.737135654024098,0.67496752307909,0.0324017029636376),(-0.855728980344422,
-0.517424305767227,0.),(0.,0.,1.),(0.,0.,1.),(0.746472561138075,0.66541619717885,
0.),(0.950508605519715,0.310698231139101,0.),(-0.839533362838781,0.543308137874456,
0.),(0.,0.,-1.),(0.,0.,-1.),(0.751813987735083,-0.65937525571246,0.),(0.950530229670336,
-0.310632069308465,0.),(-0.839533362838781,0.543308137874456,0.),(0.,0.,
1.),(0.,0.,1.),(0.950758015526088,-0.309872113882379,-0.00620233431547529),
(0.742553940206173,-0.669008017718571,-0.0322787563663144),(-0.754333978235752,
0.656490860011794,0.),(-0.470424796754627,0.88244008895696,0.),(0.,0.,-1.),
(-0.754333978235752,0.656490860011794,0.),(0.,0.,1.),(-0.470424796754627,
0.88244008895696,0.),(-0.681781103707432,-0.731556236134637,0.),(0.,0.,
-1.),(-0.681781103707432,-0.731556236134637,0.),(0.,0.,1.),(-0.467319637405429,
-0.884088283616918,-0.00051309506941553),(0.,0.,-1.),(0.,0.,-1.),(0.566905967975072,
0.823779989416851,0.00203777099303357),(0.,0.,1.),(0.690007354959724,0.720501250127106,
0.069049248125976),(-0.467444563302423,-0.884022386729548,0.),(0.,0.,1.),
(-0.470424796754627,0.88244008895696,0.),(-0.138013362795147,0.990430366906213,
0.),(0.,0.,-1.),(0.,0.,-1.),(0.695939802973995,-0.714843194504545,-0.068315429494772),
(0.,0.,-1.),(0.428101674979007,-0.903730284607793,-0.000727023305524701),
(0.,0.,1.),(0.573817730411307,-0.818978869693819,-0.00261213718077535),
(-0.470424796754627,0.88244008895696,0.),(0.,0.,1.),(-0.138013362795147,
0.990430366906213,0.),(-0.228259884627604,-0.973600194109527,0.000295126556420715),
(0.,0.,1.),(0.,0.,-1.),(0.260001528257502,0.962635511329579,-0.0757104856080227),
(-0.220731821706763,-0.975334472521726,-0.000359995528187312),(0.,0.,-1.),
(0.,0.,1.),(0.420777429664546,0.90716337971499,0.00097836035068469),(-0.00604537101278299,
0.999849266807946,-0.0162756613669387),(0.,0.,-1.),(0.,0.,-1.),(-0.180952344483175,
-0.983491865256669,0.),(0.196642511164911,-0.979814337444118,0.0359942626220122),
(0.,0.,1.),(0.266776623881108,-0.960769105043582,0.0758482679060753),(0.,
0.,1.),(-0.0104593834363736,0.999945299152974,0.),(0.0180940683665576,-0.999836164750192,
0.000498344833828744),(0.,0.,1.),(0.,0.,1.),(0.0205258361938224,0.999625494353764,
-0.018098648748922),(0.,0.,-1.),(0.0055337535800884,0.999832542185536,0.0174431980474684),
(0.0182295112856724,-0.999833828652684,0.),(0.,0.,-1.),(0.182066543675205,
-0.98328621147363,0.),(-0.195532490600636,-0.980037581305129,-0.035963653166858),
(0.,0.,1.),(0.137933519552355,-0.990441489530755,0.),(0.46933243681057,
-0.88302155339349,0.),(0.,0.,1.),(0.,0.,-1.),(0.46933243681057,-0.88302155339349,
0.),(0.137933519552355,-0.990441489530755,0.),(0.,0.,1.),(-0.233871362691907,
0.970115082171854,0.0646599803226611),(-0.265586841862984,-0.961102860754828,
-0.0757952536649411),(0.,0.,-1.),(0.,0.,1.),(0.315454500066174,0.939213775953424,
0.135521000023287),(0.161159390831488,0.972541251621933,-0.167902247276408),
(-0.426503618808566,-0.904485838964036,0.000173944595448367),(0.,0.,1.),
(0.,0.,-1.),(0.165710180641195,0.968446279931351,-0.186150312701831),(0.361893138611236,
0.92949309408171,0.071245661485575),(-0.393278842341482,0.919407048832222,
0.00473610854687126),(0.,0.,-1.),(-0.542113328750152,0.840286017123167,
-0.00570510461903567),(0.,0.,1.),(-0.572090931195514,-0.820187221366645,
0.00221096149033846),(0.,0.,-1.),(0.,0.,-1.),(-0.67167664304906,0.738122620685675,
-0.0634467021558698),(0.,0.,-1.),(0.752802662301874,-0.658246269743484,
0.),(0.46933243681057,-0.88302155339349,0.),(0.,0.,1.),(0.623507209966094,
0.757004044582238,0.195406334611829),(0.459478312508475,0.884789204732972,
-0.0776385440510031),(-0.694319465555617,-0.716455249806573,0.0679143193675887),
(0.,0.,1.),(0.,0.,1.),(0.46933243681057,-0.88302155339349,0.),(0.752802662301874,
-0.658246269743484,0.),(-0.72206707375002,0.69100538616543,-0.0336258426875592),
(0.,0.,1.),(-0.946247406737559,0.323393203022016,-0.00571677195675646),
(-0.740972068246461,-0.670763296183448,0.0322024000918737),(0.,0.,-1.),
(-0.950748396175056,-0.309901018264569,0.00623265987690089),(0.,0.,-1.),
(0.497251968408652,0.855932629443005,-0.141844329349129),(0.630031187221983,
0.756311772511997,0.176219198407608),(-0.732733106180389,0.680516124061171,
0.),(-0.946035474081032,0.324063083025939,0.),(0.,0.,-1.),(0.,0.,1.),(0.921406627104053,
0.388599829553145,0.),(0.669758061156253,0.741800511710435,0.0340020637955054),
(-0.750243334438487,-0.661161810096909,0.),(-0.950519691408486,-0.310664314404981,
0.),(0.,0.,1.),(-0.973683557589976,0.226607188361684,-0.0242798653566897),
(0.,0.,-1.),(0.,0.,-1.),(0.838239040214925,-0.545302953833519,0.),(0.,0.,
-1.),(0.960754026188887,-0.277401696393232,0.),(0.,0.,1.),(0.838239040214925,
-0.545302953833519,0.),(-0.988643539820708,0.14997360631622,0.00958480982015002),
(0.,0.,1.),(0.,0.,1.),(0.960754026188887,-0.277401696393232,0.),(-0.975821682598769,
-0.216930308388139,0.0267073973410759),(0.,0.,1.),(0.,0.,-1.),(0.67705199119046,
0.735935188195967,0.),(0.921406627104053,0.388599829553145,0.),(-0.990462388766088,
-0.137326253553949,-0.0112141216602373),(0.,0.,-1.),(0.,0.,-1.),(0.971512467282654,
0.236988451014751,0.),(0.971512467282654,0.236988451014751,0.),(0.,0.,1.),
(-0.999988122163637,0.00438959763988062,0.00211824554849862),(0.,0.,-1.),
(0.,0.,-1.),(0.999715066772498,-0.0238701752833769,0.),(-0.999989875607509,
0.00387530481867126,-0.0022870712805351),(0.,0.,1.),(0.,0.,1.),(0.999715066772498,
-0.0238701752833769,0.)),$,(4,4,2,2,1,1,5,5,3,3,15,15,18,18,11,11,17,17,
6,6,16,16,12,12,9,9,21,21,21,10,10,22,22,22,7,7,23,23,23,8,8,24,24,24,19,
19,19,20,20,20,13,13,14,14,25,25,32,32,28,28,26,26,29,29,29,27,27,34,34,
31,31,30,30,30,33,33,38,38,35,35,36,36,44,44,41,41,41,37,37,43,43,40,40,
46,46,45,45,39,39,42,42,42,55,55,55,54,54,54,47,47,48,48,50,50,50,51,51,
58,58,58,49,49,52,52,53,53,56,56,65,65,65,61,61,61,57,57,66,66,66,60,60,
60,62,62,62,64,64,64,59,59,59,74,74,74,63,63,63,67,67,75,75,77,77,76,76,
69,69,78,78,68,68,73,73,73,70,70,79,79,80,80,71,71,81,81,72,72,82,82),((1,
4,5),(4,8,5),(1,5,9),(10,6,11),(6,7,13),(11,6,15),(6,13,15),(2,17,3),(4,
19,8),(3,21,20),(3,23,21),(17,23,3),(25,1,9),(26,10,27),(10,11,27),(30,
1,25),(31,32,2),(2,32,17),(19,35,8),(7,36,37),(13,7,37),(19,40,35),(20,
42,41),(21,42,20),(40,45,35),(36,47,37),(40,48,45),(41,42,49),(51,30,25),
(52,26,27),(53,30,51),(54,32,31),(24,12,16),(22,24,16),(22,16,14),(24,18,
12),(55,53,51),(52,27,57),(52,57,56),(54,59,32),(61,53,55),(54,62,59),(18,
28,12),(43,22,14),(18,34,28),(43,14,39),(50,63,46),(37,47,66),(66,47,68),
(47,65,68),(42,70,49),(50,72,63),(49,70,73),(33,60,29),(29,60,58),(67,44,
38),(71,44,67),(75,61,55),(56,57,77),(75,55,79),(56,77,80),(62,81,59),(62,
76,81),(71,67,69),(60,82,58),(74,83,64),(68,65,85),(65,84,85),(70,88,73),
(88,90,73),(74,91,83),(89,71,69),(82,78,58),(92,75,79),(76,94,81),(76,93,
94),(87,89,69),(80,77,96),(92,79,98),(80,96,99),(82,95,78),(100,89,87),
(88,102,90),(78,95,97),(103,92,98),(99,96,106),(103,98,108),(93,109,94),
(93,105,109),(111,101,86),(85,84,112),(102,113,90),(116,101,111),(102,117,
113),(91,115,83),(112,84,118),(83,115,119),(95,110,97),(97,110,121),(96,
122,106),(110,123,121),(105,124,109),(116,111,125),(112,118,126),(123,128,
121),(106,122,129),(122,127,129),(117,132,113),(114,134,120),(135,116,125),
(117,136,132),(105,137,124),(123,140,128),(124,137,141),(143,135,125),(126,
118,146),(144,126,146),(138,104,107),(138,107,131),(128,140,149),(129,127,
151),(136,152,132),(155,135,143),(157,152,136),(120,134,147),(142,158,150),
(129,151,160),(151,159,162),(151,162,160),(137,164,141),(142,166,158),(141,
168,167),(141,164,168),(133,154,148),(170,156,145),(144,146,172),(170,145,
175),(176,144,177),(144,172,177),(171,180,157),(157,180,152),(148,154,173),
(165,139,130),(165,130,161),(166,181,158),(159,182,183),(162,159,183),(185,
170,175),(186,187,171),(187,180,171),(166,185,181),(167,187,186),(168,187,
167),(185,175,181),(182,176,183),(183,176,177),(153,179,174),(174,179,178),
(169,165,161),(169,161,163),(188,169,163),(188,163,184),(179,184,178),(179,
188,184)),());
#119=COMPLEX_TRIANGULATED_FACE('ConvergentBody',#215,290,((-0.999997724958534,
-0.0021330911272119,0.),(0.,0.,1.),(0.,0.,1.),(-0.975926408395648,0.188241246638023,
-0.110149346162992),(-0.999883806714487,0.00214299223077678,-0.0150924038656687),
(0.,0.,-1.),(-0.956569586009579,-0.291504077366788,0.),(0.,0.,1.),(-0.944850847880381,
0.326196064151974,0.0292062149462513),(0.,0.,-1.),(0.,0.,-1.),(-0.956569586009579,
-0.291504077366788,0.),(0.,0.,-1.),(0.999899634853696,0.00351883372969685,
0.0137236303006284),(0.,0.,-1.),(0.98241493456257,-0.17844093262511,-0.054952069226762),
(0.,0.,1.),(0.999865406872795,-0.00873394225119361,-0.0138883545408313),
(0.,0.,1.),(0.983583041281486,0.173730966788322,0.0488052464624287),(-0.886506221360711,
0.461835184355608,-0.0285478892385377),(0.,0.,1.),(0.,0.,1.),(0.951513078790321,
-0.307599525961703,-0.00232217981641398),(-0.89531911544633,-0.445425281631388,
0.),(-0.667321303782578,-0.744769949392374,0.),(0.,0.,1.),(-0.89531911544633,
-0.445425281631388,0.),(0.,0.,-1.),(-0.667321303782578,-0.744769949392374,
0.),(0.,0.,-1.),(0.953140340014912,0.302473928832912,0.00574583437280295),
(0.,0.,1.),(0.903276156225367,0.429033664873671,-0.00472228755937347),(-0.807871573693777,
0.578971376244666,0.110161998469969),(0.,0.,-1.),(0.,0.,-1.),(0.901008120248679,
-0.433797662791989,0.00198871872057945),(-0.670144166358141,0.74191210747155,
0.021753645287067),(0.,0.,1.),(0.,0.,1.),(0.832886411425613,-0.550509036603986,
0.0569212287280885),(-0.999999931336744,0.000370575914138683,0.),(0.,0.,
1.),(-0.959185670859439,0.282777030216259,0.),(0.,0.,-1.),(0.,0.,-1.),(-0.999999931336744,
0.000370575914138683,0.),(-0.962186229522523,-0.27239247367949,0.),(0.,
0.,1.),(0.,0.,-1.),(0.999894574724694,0.00484514870398152,0.0136880959288876),
(-0.962186229522523,-0.27239247367949,0.),(0.,0.,-1.),(-0.959185670859439,
0.282777030216259,0.),(0.,0.,1.),(0.,0.,1.),(0.999801088446355,-0.0108690309244889,
-0.0167226704878794),(-0.667321303782578,-0.744769949392374,0.),(-0.365790034037577,
-0.930697400339546,0.),(0.,0.,1.),(-0.667321303782578,-0.744769949392374,
0.),(0.,0.,-1.),(-0.365790034037932,-0.930697400339406,0.),(0.,0.,-1.),
(0.835464917118268,0.547135801961922,-0.0513885831294385),(0.,0.,1.),(0.709292796101449,
0.704764925623867,-0.0144958272952103),(-0.667956635212639,0.744200197175068,
0.),(0.,0.,-1.),(0.,0.,-1.),(0.714570098601144,-0.699415883512412,0.0143873581905502),
(-0.832141021914388,0.554564080740249,0.),(0.,0.,-1.),(0.,0.,-1.),(0.977885269314046,
-0.201815134623341,-0.0548730488997824),(-0.832141021914388,0.554564080740249,
0.),(0.,0.,1.),(0.,0.,1.),(0.93191621317591,-0.362515646661511,-0.0107040901275875),
(-0.851363536903646,-0.524576141309262,0.),(0.,0.,1.),(-0.851363536903646,
-0.524576141309262,0.),(0.,0.,-1.),(0.,0.,-1.),(0.949594383079145,0.313179546763922,
0.0137506041061195),(0.,0.,1.),(0.898202701425576,0.439404905619645,-0.0124593767576152),
(0.,0.,1.),(0.982291545468865,0.184320827812291,0.0336028590298448),(-0.634711826674351,
0.772748922406048,0.),(0.,0.,-1.),(0.,0.,-1.),(0.855180158279582,-0.518252299550823,
0.00902501496912523),(-0.634711826674351,0.772748922406048,0.),(0.,0.,1.),
(0.,0.,1.),(-0.672828068155178,-0.739798885307738,0.),(-0.672828068155178,
-0.739798885307738,0.),(0.,0.,-1.),(0.,0.,-1.),(0.830093963950645,0.55657221461283,
-0.034225442782754),(-0.454660180809863,0.889053486567553,0.0535538794861937),
(0.,0.,-1.),(0.,0.,-1.),(0.558052663645859,-0.827956534643471,-0.0553642604839687),
(0.,0.,1.),(0.705854143431329,-0.708212552818161,-0.0143146160133313),(0.,
0.,1.),(-0.341014935435522,0.93994979113488,0.0142549624833801),(-0.365790034039559,
-0.930697400338767,0.),(-0.518919026831826,0.854823399066679,0.),(0.,0.,
1.),(0.,0.,-1.),(0.699945815007622,0.714050921519076,0.0143922733115588),
(0.,0.,-1.),(-0.518919026831826,0.854823399066679,0.),(-0.365790034039914,
-0.930697400338627,0.),(0.,0.,-1.),(0.566109732159068,-0.824123384070659,
0.018450446680604),(0.,0.,1.),(0.749952205115552,-0.658761779679613,0.0600383850188378),
(-0.455086070804094,-0.89044745390174,0.),(0.,0.,1.),(-0.455086070804094,
-0.89044745390174,0.),(0.,0.,-1.),(0.,0.,-1.),(0.675970285491071,0.73692887929102,
0.),(0.,0.,1.),(0.680044175609992,0.732878054288445,-0.0207286459111515),
(0.541921395719655,0.838851995005899,0.0514638838010162),(0.,0.,1.),(0.,
0.,-1.),(0.424402616105925,0.905461819551955,0.00461657623230251),(0.,0.,
-1.),(0.278480031161285,-0.960442019199707,0.),(0.,0.,-1.),(0.170905388015958,
0.984097173408293,-0.0484159233819106),(0.,0.,1.),(0.558984840729332,-0.829177874665505,
0.),(0.,0.,1.),(0.298563644819803,0.954376006474301,-0.00511744644125472),
(0.,0.,1.),(0.278480031161285,-0.960442019199707,0.),(0.,0.,1.),(0.441602611784666,
-0.897206965951344,-0.00260643690610815),(-0.227508646839778,-0.973776060299869,
0.),(0.,0.,-1.),(0.,0.,-1.),(0.433076174532846,0.901241148881043,-0.014471303174666),
(0.,0.,1.),(0.354360090527324,0.934615116669149,-0.0303893062602783),(-0.227508646839778,
-0.973776060299869,0.),(0.,0.,1.),(-0.166695410838372,0.969761001164063,
0.178258914578487),(0.,0.,-1.),(0.,0.,-1.),(0.314842253909169,-0.949139762086322,
0.00284027817569826),(0.,0.,1.),(0.184365074813659,-0.981342811992032,0.0545509352855262),
(-0.0082044574277804,0.999769119371275,0.0198593763724014),(0.,0.,1.),(0.,
0.,1.),(-0.0195930067405935,0.999715865121657,-0.01357582818541),(0.,0.,
-1.),(-0.0183001118938225,-0.999732602110188,0.0141361303992928),(0.,0.,
-1.),(0.00275540174119996,0.999816187184649,-0.0189736555464503),(0.0191934279408812,
-0.999815789195129,0.),(0.,0.,-1.),(0.,0.,-1.),(0.170741940553221,0.983099294302712,
-0.0660527613172273),(0.,0.,1.),(0.0075865661685128,0.999797673791883,-0.0186294254906296),
(0.,0.,1.),(0.0191934279408812,-0.999815789195129,0.),(0.,0.,-1.),(-0.0257661740172758,
0.999667997025268,0.),(-0.0244213840251612,-0.999701753525668,0.),(0.,0.,
1.),(-0.0126024201626226,0.999749490905555,0.0184968764965627),(0.,0.,-1.),
(0.0326615458316111,-0.999466469384486,0.),(0.,0.,1.),(0.,0.,-1.),(0.0326615458316111,
-0.999466469384486,0.),(-0.155560467922361,0.987826371798089,0.),(0.99208435871987,
-0.125573186562196,0.),(0.,0.,-1.),(0.,0.,1.),(0.99208435871987,-0.125573186562196,
0.),(-0.155560467922361,0.987826371798089,0.),(-0.165060762091334,-0.986283399849064,
0.),(-0.519694831430632,-0.854351966220179,0.),(0.,0.,1.),(0.,0.,-1.),(-0.519694831430632,
-0.854351966220179,0.),(-0.165060762091334,-0.986283399849064,0.),(0.,0.,
1.),(0.159682799861669,0.975718817557479,-0.149913950293405),(0.,0.,-1.),
(0.329083075314904,0.944128582648328,-0.0180429755790014),(-0.175110283032897,
0.98229248756842,0.0666172473371907),(0.,0.,1.),(0.,0.,-1.),(-0.355568473917387,
0.934183721806232,0.0295268397956198),(0.147942028569995,-0.988996034462522,
0.),(0.488886862212057,-0.872347199202502,0.),(0.,0.,1.),(0.,0.,-1.),(0.488886862212057,
-0.872347199202502,0.),(0.147942028569995,-0.988996034462522,0.),(-0.433149926964995,
0.901213316337007,0.0139892539855718),(0.,0.,1.),(-0.0692775986784079,-0.997597420967673,
0.),(0.99208435871987,-0.125573186562196,0.),(0.,0.,1.),(-0.0692775986784079,
-0.997597420967673,0.),(0.,0.,-1.),(0.99208435871987,-0.125573186562196,
0.),(-0.519694831430632,-0.854351966220179,0.),(-0.823957262910539,-0.566651946874775,
0.),(0.,0.,1.),(0.,0.,-1.),(-0.823957262910539,-0.566651946874775,0.),(-0.519694831430632,
-0.854351966220179,0.),(0.,0.,1.),(0.432859548149224,0.900425549636272,
-0.0432023279264872),(-0.541709074547562,0.840472747006269,0.012523581458997),
(-0.829034859787427,0.559196925293086,0.),(0.,0.,-1.),(0.,0.,1.),(-0.829034859787427,
0.559196925293086,0.),(-0.545376678763021,0.838191075030877,0.),(0.488886862212057,
-0.872347199202502,0.),(0.78590423422252,-0.61834823087894,0.),(0.,0.,1.),
(0.,0.,-1.),(0.78590423422252,-0.61834823087894,0.),(0.488886862212057,
-0.872347199202502,0.),(0.,0.,-1.),(0.524040792910497,0.851600135416441,
-0.0125879595025482),(0.786745925974065,0.617276962119283,0.),(-0.910221791985517,
0.414121104744341,0.),(0.,0.,-1.),(-0.910221791985517,0.414121104744341,
0.),(0.,0.,1.),(0.,0.,1.),(-0.901841844555303,-0.43206629978406,0.),(-0.901841844555303,
-0.43206629978406,0.),(0.,0.,-1.),(0.,0.,1.),(0.788185056357173,0.615311208267173,
0.0125073544777284),(0.526115357659215,0.85041321158312,0.),(-0.966251730610044,
0.25759967603453,0.),(0.175083410883975,0.98455360404258,0.),(0.,0.,-1.),
(0.175083410883975,0.98455360404258,0.),(0.,0.,-1.),(0.950452115488591,
-0.310870996014847,0.),(0.,0.,-1.),(0.950452115488591,-0.310870996014847,
0.),(0.78590423422252,-0.61834823087894,0.),(-0.966251730610044,0.25759967603453,
0.),(0.,0.,1.),(0.175083410883975,0.98455360404258,0.),(0.,0.,1.),(0.175083410883975,
0.98455360404258,0.),(0.950452115488591,-0.310870996014847,0.),(0.,0.,1.),
(0.78590423422252,-0.61834823087894,0.),(0.950452115488591,-0.310870996014847,
0.),(-0.957920517665069,-0.287033590083612,0.),(0.132187928620964,-0.991224672577766,
0.),(0.,0.,1.),(-0.957920517665069,-0.287033590083612,0.),(0.,0.,-1.),(0.132187928620964,
-0.991224672577766,0.),(0.,0.,-1.),(0.953081220559968,0.264166006129652,
0.147825938933027),(0.,0.,-1.),(0.847599912168255,0.529084705870584,0.0405433460163887),
(0.,0.,1.),(0.90187707884785,0.431590864267027,0.0186295606525931),(0.132187928620964,
-0.991224672577766,0.),(0.976713627412517,0.211074044296995,0.0384478588583617),
(0.,0.,1.),(0.,0.,-1.),(0.979869742608706,0.199637890992537,0.),(0.132187928620964,
-0.991224672577766,0.)),$,(1,1,3,3,2,2,5,5,6,6,4,4,27,27,32,32,28,28,31,
31,7,7,34,34,11,11,11,10,10,10,33,33,35,35,12,12,36,36,22,22,38,38,9,9,
13,13,8,8,16,16,39,39,15,15,14,14,40,40,23,23,23,24,24,24,37,37,45,45,21,
21,50,50,17,17,42,42,18,18,46,46,20,20,19,19,43,43,49,49,41,41,25,25,54,
54,26,26,30,30,29,29,56,56,55,55,62,62,51,51,57,57,48,48,48,44,44,47,47,
47,63,63,58,58,52,52,53,53,60,60,61,61,59,59,65,65,77,77,74,74,64,64,67,
67,78,78,66,66,69,69,72,72,73,73,70,70,68,68,71,71,75,75,84,84,80,80,81,
81,83,83,88,88,76,76,86,86,87,87,79,79,82,82,85,85,91,91,90,90,99,99,99,
100,100,100,95,95,95,94,94,94,97,97,103,103,89,89,96,96,102,102,102,101,
101,101,98,98,93,93,93,92,92,92,107,107,107,106,106,106,108,108,104,104,
104,105,105,105,118,118,118,117,117,117,119,119,119,109,109,110,110,112,
112,111,111,120,120,120,113,113,113,126,126,126,121,121,121,114,114,114,
127,127,127,122,122,122,116,116,116,115,115,115,125,125,123,123,124,124,
129,129,129,128,128,128),((1,4,5),(7,1,5),(5,4,9),(7,5,12),(11,6,13),(6,
10,15),(6,15,13),(2,17,3),(8,19,2),(2,19,17),(4,21,9),(3,23,22),(3,17,23),
(25,7,12),(25,12,28),(29,11,31),(11,13,31),(27,33,8),(8,33,19),(9,21,35),
(10,36,37),(10,37,15),(21,39,35),(22,41,40),(22,23,41),(43,45,48),(49,43,
48),(47,46,51),(49,48,53),(54,47,51),(43,55,45),(44,57,56),(50,57,44),(59,
26,30),(59,30,62),(29,65,63),(29,31,65),(27,61,67),(27,67,33),(35,39,69),
(36,70,71),(36,71,37),(55,73,45),(46,74,75),(46,75,51),(55,77,73),(56,79,
78),(56,57,79),(81,49,53),(81,53,83),(84,54,85),(54,51,85),(82,87,50),(50,
89,57),(50,87,89),(77,91,73),(74,92,93),(74,93,75),(77,95,91),(78,79,96),
(98,81,83),(98,83,99),(100,84,101),(84,85,101),(97,87,82),(39,103,69),(70,
105,71),(70,104,105),(41,107,40),(40,107,109),(39,110,103),(111,60,64),
(63,65,114),(63,114,116),(111,64,118),(61,113,67),(95,117,91),(92,116,119),
(93,92,119),(79,121,96),(95,112,117),(96,121,113),(18,20,14),(16,18,14),
(14,20,32),(24,18,16),(123,98,99),(123,99,125),(100,127,126),(100,101,127),
(97,129,87),(97,124,129),(20,34,32),(24,16,38),(34,66,32),(42,24,38),(34,
68,66),(72,42,38),(66,68,115),(108,42,72),(58,90,52),(76,58,52),(52,90,
86),(80,58,76),(90,88,86),(80,76,94),(88,102,86),(68,131,115),(116,114,
133),(115,131,134),(113,132,67),(122,80,94),(119,116,135),(116,133,137),
(116,137,135),(121,139,113),(113,141,132),(139,143,113),(113,143,141),(88,
130,102),(106,108,72),(107,145,109),(146,108,106),(147,123,125),(126,127,
149),(126,149,148),(124,151,129),(153,123,147),(124,154,151),(120,122,94),
(110,155,103),(105,104,157),(157,104,156),(102,130,128),(145,159,109),(110,
161,155),(159,162,109),(140,122,120),(131,142,134),(130,150,128),(130,152,
150),(146,106,158),(144,140,120),(144,120,136),(142,138,134),(160,146,158),
(142,164,138),(143,163,141),(157,156,165),(165,156,167),(155,161,168),(169,
153,147),(148,149,171),(148,171,170),(154,173,151),(154,175,173),(176,153,
169),(166,160,158),(152,172,150),(152,174,172),(135,137,177),(138,164,178),
(179,160,166),(159,180,162),(172,174,181),(170,171,182),(183,144,136),(135,
177,185),(183,136,186),(143,184,163),(164,187,178),(185,177,189),(184,190,
163),(164,192,187),(193,179,166),(165,167,196),(193,166,198),(180,199,162),
(180,195,199),(161,200,168),(196,167,201),(168,200,202),(174,203,181),(170,
182,205),(181,203,206),(175,204,173),(207,176,169),(170,205,210),(207,169,
212),(175,209,204),(203,213,206),(209,214,204),(215,183,186),(215,186,218),
(185,189,219),(184,217,190),(191,216,220),(191,220,188),(221,194,197),(196,
201,224),(221,197,226),(195,227,199),(195,223,227),(213,229,206),(210,205,
231),(200,228,202),(209,232,214),(213,234,229),(235,208,211),(210,231,238),
(235,211,240),(209,237,232),(224,201,241),(228,242,202),(233,244,230),(231,
245,238),(233,246,244),(232,237,247),(249,222,225),(249,225,250),(251,224,
241),(223,252,227),(248,252,223),(228,254,242),(246,255,244),(245,257,259),
(238,245,261),(245,259,261),(246,264,255),(247,267,265),(237,270,247),(247,
270,267),(273,249,250),(273,250,276),(277,251,279),(251,241,281),(251,281,
279),(275,283,248),(248,283,252),(266,258,256),(266,268,258),(285,274,278),
(277,279,288),(285,278,290),(275,287,283),(271,236,239),(271,239,263),(253,
282,243),(253,284,282),(269,272,262),(269,262,260),(284,280,282),(284,286,
280),(280,286,289)),());
#120=COMPLEX_TRIANGULATED_FACE('ConvergentBody',#216,290,((-0.999997724958534,
-0.0021330911272119,0.),(0.,0.,1.),(0.,0.,1.),(-0.975926408395818,0.18824124663758,
-0.110149346162235),(-0.999883806714489,0.00214299223074983,-0.0150924038655734),
(0.,0.,-1.),(-0.956569586009579,-0.291504077366788,0.),(0.,0.,1.),(-0.944850847880489,
0.32619606415162,0.0292062149466986),(0.,0.,-1.),(0.,0.,-1.),(-0.956569586009579,
-0.291504077366788,0.),(0.,0.,-1.),(0.999899634853696,0.00351883372969685,
0.0137236303006284),(0.,0.,-1.),(0.98241493456257,-0.17844093262511,-0.054952069226762),
(0.,0.,1.),(0.999865406872795,-0.00873394225119361,-0.0138883545408313),
(0.,0.,1.),(0.983583041281486,0.173730966788322,0.0488052464624287),(-0.886506221360219,
0.461835184356436,-0.0285478892404221),(0.,0.,1.),(0.,0.,1.),(0.951513078790321,
-0.307599525961703,-0.00232217981641398),(-0.89531911544633,-0.445425281631388,
0.),(-0.667321303782578,-0.744769949392374,0.),(0.,0.,1.),(-0.89531911544633,
-0.445425281631388,0.),(0.,0.,-1.),(-0.667321303782578,-0.744769949392374,
0.),(0.,0.,-1.),(0.953140340014912,0.302473928832912,0.00574583437280295),
(0.,0.,1.),(0.903276156225367,0.429033664873671,-0.00472228755937347),(-0.8078715736935,
0.578971376245743,0.11016199846634),(0.,0.,-1.),(0.,0.,-1.),(0.901008120248679,
-0.433797662791989,0.00198871872057945),(-0.670144166358522,0.741912107471204,
0.0217536452871308),(0.,0.,1.),(0.,0.,1.),(0.832886411425613,-0.550509036603986,
0.0569212287280885),(-0.999999931336744,0.000370575914197779,0.),(0.,0.,
1.),(-0.959185670859431,0.282777030216289,0.),(0.,0.,-1.),(0.,0.,-1.),(-0.999999931336744,
0.000370575914197779,0.),(-0.96218622952253,-0.272392473679463,0.),(0.,
0.,1.),(0.,0.,-1.),(0.999894574724694,0.00484514870402064,0.0136880959288875),
(-0.96218622952253,-0.272392473679463,0.),(0.,0.,-1.),(-0.959185670859431,
0.282777030216289,0.),(0.,0.,1.),(0.,0.,1.),(0.999801088446355,-0.0108690309244563,
-0.0167226704879042),(-0.667321303782578,-0.744769949392374,0.),(-0.365790034037285,
-0.93069740033966,0.),(0.,0.,1.),(-0.667321303782578,-0.744769949392374,
0.),(0.,0.,-1.),(-0.36579003403764,-0.930697400339521,0.),(0.,0.,-1.),(0.835464917118268,
0.547135801961922,-0.0513885831294385),(0.,0.,1.),(0.709292796101449,0.704764925623867,
-0.0144958272952103),(-0.667956635213154,0.744200197174605,0.),(0.,0.,-1.),
(0.,0.,-1.),(0.714570098601144,-0.699415883512412,0.0143873581905502),(-0.832141021914465,
0.554564080740134,0.),(0.,0.,-1.),(0.,0.,-1.),(0.977885269314022,-0.201815134623414,
-0.0548730488999481),(-0.832141021914465,0.554564080740134,0.),(0.,0.,1.),
(0.,0.,1.),(0.931916213175877,-0.36251564666159,-0.0107040901277664),(-0.851363536903646,
-0.524576141309262,0.),(0.,0.,1.),(-0.851363536903646,-0.524576141309262,
0.),(0.,0.,-1.),(0.,0.,-1.),(0.949594383079145,0.313179546763922,0.0137506041061195),
(0.,0.,1.),(0.898202701425576,0.439404905619645,-0.0124593767576152),(0.,
0.,1.),(0.982291545468865,0.184320827812291,0.0336028590298448),(-0.634711826674458,
0.77274892240596,0.),(0.,0.,-1.),(0.,0.,-1.),(0.855180158279547,-0.518252299550881,
0.00902501496907096),(-0.634711826674458,0.77274892240596,0.),(0.,0.,1.),
(0.,0.,1.),(-0.672828068154494,-0.739798885308359,0.),(-0.672828068154494,
-0.739798885308359,0.),(0.,0.,-1.),(0.,0.,-1.),(0.830093963950645,0.55657221461283,
-0.034225442782754),(-0.454660180808782,0.88905348656766,0.0535538794935858),
(0.,0.,-1.),(0.,0.,-1.),(0.558052663646064,-0.82795653464338,-0.0553642604832618),
(0.,0.,1.),(0.705854143431359,-0.708212552818132,-0.0143146160132361),(0.,
0.,1.),(-0.341014935434227,0.939949791135242,0.0142549624904873),(-0.365790034039267,
-0.930697400338881,0.),(-0.518919026831826,0.854823399066679,0.),(0.,0.,
1.),(0.,0.,-1.),(0.699945815007386,0.714050921519293,0.0143922733122646),
(0.,0.,-1.),(-0.518919026831826,0.854823399066679,0.),(-0.365790034039622,
-0.930697400338742,0.),(0.,0.,-1.),(0.566109732159068,-0.824123384070659,
0.018450446680604),(0.,0.,1.),(0.749952205115552,-0.658761779679613,0.0600383850188378),
(-0.4550860708044,-0.890447453901584,0.),(0.,0.,1.),(-0.4550860708044,-0.890447453901584,
0.),(0.,0.,-1.),(0.,0.,-1.),(0.675970285489877,0.736928879292116,0.),(0.,
0.,1.),(0.680044175609038,0.732878054289355,-0.0207286459102623),(0.541921395718163,
0.838851995006555,0.051463883806029),(0.,0.,1.),(0.,0.,-1.),(0.424402616105644,
0.905461819552046,0.00461657624042081),(0.,0.,-1.),(0.278480031161285,-0.960442019199707,
0.),(0.,0.,-1.),(0.170905388016647,0.984097173408577,-0.0484159233737055),
(0.,0.,1.),(0.558984840729332,-0.829177874665505,0.),(0.,0.,1.),(0.298563644819683,
0.954376006474388,-0.00511744643198348),(0.,0.,1.),(0.278480031161285,-0.960442019199707,
0.),(0.,0.,1.),(0.441602611784553,-0.897206965951402,-0.00260643690510063),
(-0.2275086468409,-0.973776060299606,0.),(0.,0.,-1.),(0.,0.,-1.),(0.43307617453489,
0.901241148880173,-0.0144713031676851),(0.,0.,1.),(0.354360090529394,0.934615116668568,
-0.0303893062539988),(-0.2275086468409,-0.973776060299606,0.),(0.,0.,1.),
(-0.166695410838075,0.969761001163972,0.178258914579263),(0.,0.,-1.),(0.,
0.,-1.),(0.314842253908958,-0.949139762086389,0.00284027817636089),(0.,
0.,1.),(0.184365074813864,-0.981342811992003,0.0545509352853606),(-0.0082044574277804,
0.999769119371275,0.0198593763724014),(0.,0.,1.),(0.,0.,1.),(-0.0195930067391409,
0.999715865121704,-0.0135758281840772),(0.,0.,-1.),(-0.0183001118937537,
-0.99973260211019,0.0141361303992258),(0.,0.,-1.),(0.00275540174117855,
0.99981618718465,-0.0189736555463783),(0.0191934279408812,-0.999815789195129,
0.),(0.,0.,-1.),(0.,0.,-1.),(0.170741940554675,0.983099294302521,-0.0660527613163034),
(0.,0.,1.),(0.00758656616858083,0.99979767379188,-0.0186294254907543),(0.,
0.,1.),(0.0191934279408812,-0.999815789195129,0.),(0.,0.,-1.),(-0.0257661740152132,
0.999667997025321,0.),(-0.0244213840250625,-0.99970175352567,0.),(0.,0.,
1.),(-0.0126024201626226,0.999749490905555,0.0184968764965627),(0.,0.,-1.),
(0.0326615458316111,-0.999466469384486,0.),(0.,0.,1.),(0.,0.,-1.),(0.0326615458316111,
-0.999466469384486,0.),(-0.15556046792267,0.98782637179804,0.),(0.992084358719874,
-0.125573186562164,0.),(0.,0.,-1.),(0.,0.,1.),(0.992084358719874,-0.125573186562164,
0.),(-0.15556046792267,0.98782637179804,0.),(-0.165060762091735,-0.986283399848996,
0.),(-0.519694831430632,-0.854351966220179,0.),(0.,0.,1.),(0.,0.,-1.),(-0.519694831430632,
-0.854351966220179,0.),(-0.165060762091735,-0.986283399848996,0.),(0.,0.,
1.),(0.159682799861459,0.975718817557607,-0.149913950292791),(0.,0.,-1.),
(0.329083075314719,0.944128582648396,-0.0180429755788067),(-0.175110283032897,
0.98229248756842,0.0666172473371907),(0.,0.,1.),(0.,0.,-1.),(-0.355568473917387,
0.934183721806232,0.0295268397956198),(0.147942028569995,-0.988996034462522,
0.),(0.488886862212057,-0.872347199202502,0.),(0.,0.,1.),(0.,0.,-1.),(0.488886862212057,
-0.872347199202502,0.),(0.147942028569995,-0.988996034462522,0.),(-0.433149926964995,
0.901213316337007,0.0139892539855718),(0.,0.,1.),(-0.0692775986784079,-0.997597420967673,
0.),(0.992084358719874,-0.125573186562164,0.),(0.,0.,1.),(-0.0692775986784079,
-0.997597420967673,0.),(0.,0.,-1.),(0.992084358719874,-0.125573186562164,
0.),(-0.519694831430632,-0.854351966220179,0.),(-0.823957262910539,-0.566651946874775,
0.),(0.,0.,1.),(0.,0.,-1.),(-0.823957262910539,-0.566651946874775,0.),(-0.519694831430632,
-0.854351966220179,0.),(0.,0.,1.),(0.432859548149229,0.900425549636269,
-0.0432023279264831),(-0.541709074547562,0.840472747006269,0.012523581458997),
(-0.829034859787427,0.559196925293086,0.),(0.,0.,-1.),(0.,0.,1.),(-0.829034859787427,
0.559196925293086,0.),(-0.545376678763021,0.838191075030877,0.),(0.488886862212057,
-0.872347199202502,0.),(0.78590423422252,-0.61834823087894,0.),(0.,0.,1.),
(0.,0.,-1.),(0.78590423422252,-0.61834823087894,0.),(0.488886862212057,
-0.872347199202502,0.),(0.,0.,-1.),(0.524040792910685,0.851600135416324,
-0.0125879595025619),(0.786745925974065,0.617276962119283,0.),(-0.910221791985517,
0.414121104744341,0.),(0.,0.,-1.),(-0.910221791985517,0.414121104744341,
0.),(0.,0.,1.),(0.,0.,1.),(-0.901841844555303,-0.43206629978406,0.),(-0.901841844555303,
-0.43206629978406,0.),(0.,0.,-1.),(0.,0.,1.),(0.788185056357163,0.615311208267187,
0.0125073544776372),(0.526115357659405,0.850413211583002,0.),(-0.966251730610044,
0.25759967603453,0.),(0.175083410883975,0.98455360404258,0.),(0.,0.,-1.),
(0.175083410883975,0.98455360404258,0.),(0.,0.,-1.),(0.950452115488591,
-0.310870996014847,0.),(0.,0.,-1.),(0.950452115488591,-0.310870996014847,
0.),(0.78590423422252,-0.61834823087894,0.),(-0.966251730610044,0.25759967603453,
0.),(0.,0.,1.),(0.175083410883975,0.98455360404258,0.),(0.,0.,1.),(0.175083410883975,
0.98455360404258,0.),(0.950452115488591,-0.310870996014847,0.),(0.,0.,1.),
(0.78590423422252,-0.61834823087894,0.),(0.950452115488591,-0.310870996014847,
0.),(-0.957920517665069,-0.287033590083612,0.),(0.132187928620964,-0.991224672577766,
0.),(0.,0.,1.),(-0.957920517665069,-0.287033590083612,0.),(0.,0.,-1.),(0.132187928620964,
-0.991224672577766,0.),(0.,0.,-1.),(0.953081220559966,0.264166006129615,
0.147825938933105),(0.,0.,-1.),(0.84759991216824,0.529084705870657,0.0405433460157526),
(0.,0.,1.),(0.901877078847768,0.431590864267217,0.0186295606521939),(0.132187928620964,
-0.991224672577766,0.),(0.976713627412535,0.211074044296911,0.0384478588583766),
(0.,0.,1.),(0.,0.,-1.),(0.979869742608723,0.199637890992453,0.),(0.132187928620964,
-0.991224672577766,0.)),$,(1,1,3,3,2,2,5,5,6,6,4,4,27,27,32,32,28,28,31,
31,7,7,34,34,11,11,11,10,10,10,33,33,35,35,12,12,36,36,22,22,38,38,9,9,
13,13,8,8,16,16,39,39,15,15,14,14,40,40,23,23,23,24,24,24,37,37,45,45,21,
21,50,50,17,17,42,42,18,18,46,46,20,20,19,19,43,43,49,49,41,41,25,25,54,
54,26,26,30,30,29,29,56,56,55,55,62,62,51,51,57,57,48,48,48,44,44,47,47,
47,63,63,58,58,53,53,52,52,60,60,61,61,59,59,65,65,77,77,74,74,64,64,67,
67,78,78,66,66,69,69,72,72,73,73,70,70,68,68,71,71,75,75,84,84,80,80,81,
81,83,83,88,88,76,76,86,86,87,87,79,79,82,82,85,85,91,91,90,90,99,99,99,
100,100,100,95,95,95,94,94,94,97,97,103,103,89,89,96,96,102,102,102,101,
101,101,98,98,93,93,93,92,92,92,107,107,107,106,106,106,108,108,104,104,
104,105,105,105,118,118,118,117,117,117,119,119,119,109,109,110,110,112,
112,111,111,120,120,120,113,113,113,126,126,126,121,121,121,114,114,114,
127,127,127,122,122,122,116,116,116,115,115,115,125,125,123,123,124,124,
129,129,129,128,128,128),((1,4,5),(7,1,5),(5,4,9),(7,5,12),(11,6,13),(6,
10,15),(6,15,13),(2,17,3),(8,19,2),(2,19,17),(4,21,9),(3,23,22),(3,17,23),
(25,7,12),(25,12,28),(29,11,31),(11,13,31),(27,33,8),(8,33,19),(9,21,35),
(10,36,37),(10,37,15),(21,39,35),(22,41,40),(22,23,41),(43,45,48),(49,43,
48),(47,46,51),(49,48,53),(54,47,51),(43,55,45),(44,57,56),(50,57,44),(59,
26,30),(59,30,62),(29,65,63),(29,31,65),(27,61,67),(27,67,33),(35,39,69),
(36,70,71),(36,71,37),(55,73,45),(46,74,75),(46,75,51),(55,77,73),(56,79,
78),(56,57,79),(81,49,53),(81,53,83),(84,54,85),(54,51,85),(82,87,50),(50,
89,57),(50,87,89),(77,91,73),(74,92,93),(74,93,75),(77,95,91),(78,79,96),
(98,81,83),(98,83,99),(100,84,101),(84,85,101),(97,87,82),(39,103,69),(70,
105,71),(70,104,105),(41,107,40),(40,107,109),(39,110,103),(111,60,64),
(63,65,114),(63,114,116),(111,64,118),(61,113,67),(95,117,91),(92,116,119),
(93,92,119),(79,121,96),(95,112,117),(96,121,113),(18,20,14),(16,18,14),
(14,20,32),(24,18,16),(123,98,99),(123,99,125),(100,127,126),(100,101,127),
(97,129,87),(97,124,129),(20,34,32),(24,16,38),(34,66,32),(42,24,38),(34,
68,66),(72,42,38),(66,68,115),(108,42,72),(58,90,52),(76,58,52),(52,90,
86),(80,58,76),(90,88,86),(80,76,94),(88,102,86),(68,131,115),(116,114,
133),(115,131,134),(113,132,67),(122,80,94),(119,116,135),(116,133,137),
(116,137,135),(121,139,113),(113,141,132),(139,143,113),(113,143,141),(88,
130,102),(106,108,72),(107,145,109),(146,108,106),(147,123,125),(126,127,
149),(126,149,148),(124,151,129),(153,123,147),(124,154,151),(120,122,94),
(110,155,103),(105,104,157),(157,104,156),(102,130,128),(145,159,109),(110,
161,155),(159,162,109),(140,122,120),(131,142,134),(130,150,128),(130,152,
150),(146,106,158),(144,140,120),(144,120,136),(142,138,134),(160,146,158),
(142,164,138),(143,163,141),(157,156,165),(165,156,167),(155,161,168),(169,
153,147),(148,149,171),(148,171,170),(154,173,151),(154,175,173),(176,153,
169),(166,160,158),(152,172,150),(152,174,172),(135,137,177),(138,164,178),
(179,160,166),(159,180,162),(172,174,181),(170,171,182),(183,144,136),(135,
177,185),(183,136,186),(143,184,163),(164,187,178),(185,177,189),(184,190,
163),(164,192,187),(193,179,166),(165,167,196),(193,166,198),(180,199,162),
(180,195,199),(161,200,168),(196,167,201),(168,200,202),(174,203,181),(170,
182,205),(181,203,206),(175,204,173),(207,176,169),(170,205,210),(207,169,
212),(175,209,204),(203,213,206),(209,214,204),(215,183,186),(215,186,218),
(185,189,219),(184,217,190),(191,216,220),(191,220,188),(221,194,197),(196,
201,224),(221,197,226),(195,227,199),(195,223,227),(213,229,206),(210,205,
231),(200,228,202),(209,232,214),(213,234,229),(235,208,211),(210,231,238),
(235,211,240),(209,237,232),(224,201,241),(228,242,202),(233,244,230),(231,
245,238),(233,246,244),(232,237,247),(249,222,225),(249,225,250),(251,224,
241),(223,252,227),(248,252,223),(228,254,242),(246,255,244),(245,257,259),
(238,245,261),(245,259,261),(246,264,255),(247,267,265),(237,270,247),(247,
270,267),(273,249,250),(273,250,276),(277,251,279),(251,241,281),(251,281,
279),(275,283,248),(248,283,252),(266,258,256),(266,268,258),(285,274,278),
(277,279,288),(285,278,290),(275,287,283),(271,236,239),(271,239,263),(253,
282,243),(253,284,282),(269,272,262),(269,262,260),(284,280,282),(284,286,
280),(280,286,289)),());
#121=COMPLEX_TRIANGULATED_FACE('ConvergentBody',#217,290,((-0.999997724958534,
-0.0021330911272119,0.),(0.,0.,1.),(0.,0.,1.),(-0.975926408395844,0.188241246637539,
-0.110149346162084),(-0.999883806714489,0.00214299223074597,-0.0150924038655598),
(0.,0.,-1.),(-0.956569586009579,-0.291504077366788,0.),(0.,0.,1.),(-0.944850847880456,
0.326196064151685,0.0292062149470683),(0.,0.,-1.),(0.,0.,-1.),(-0.956569586009579,
-0.291504077366788,0.),(0.,0.,-1.),(0.999899634853696,0.00351883372969685,
0.0137236303006284),(0.,0.,-1.),(0.982414934562589,-0.178440932625052,-0.0549520692266173),
(0.,0.,1.),(0.999865406872796,-0.00873394225118585,-0.0138883545408132),
(0.,0.,1.),(0.983583041281486,0.173730966788322,0.0488052464624287),(-0.886506221360181,
0.461835184356532,-0.0285478892400427),(0.,0.,1.),(0.,0.,1.),(0.951513078790284,
-0.307599525961821,-0.00232217981608104),(-0.89531911544633,-0.445425281631388,
0.),(-0.667321303782578,-0.744769949392374,0.),(0.,0.,1.),(-0.89531911544633,
-0.445425281631388,0.),(0.,0.,-1.),(-0.667321303782578,-0.744769949392374,
0.),(0.,0.,-1.),(0.953140340014912,0.302473928832912,0.00574583437280295),
(0.,0.,1.),(0.903276156225367,0.429033664873671,-0.00472228755937347),(-0.807871573693478,
0.578971376245763,0.110161998466397),(0.,0.,-1.),(0.,0.,-1.),(0.901008120248632,
-0.433797662792086,0.00198871872092134),(-0.670144166358522,0.741912107471204,
0.0217536452871308),(0.,0.,1.),(0.,0.,1.),(0.832886411425578,-0.550509036604031,
0.0569212287281651),(-0.999999931336744,0.000370575914166931,0.),(0.,0.,
1.),(-0.959185670859413,0.282777030216349,0.),(0.,0.,-1.),(0.,0.,-1.),(-0.999999931336744,
0.000370575914166931,0.),(-0.96218622952253,-0.272392473679463,0.),(0.,
0.,1.),(0.,0.,-1.),(0.999894574724695,0.00484514870393348,0.013688095928892),
(-0.96218622952253,-0.272392473679463,0.),(0.,0.,-1.),(-0.959185670859413,
0.282777030216349,0.),(0.,0.,1.),(0.,0.,1.),(0.999801088446354,-0.0108690309245438,
-0.0167226704879013),(-0.667321303782578,-0.744769949392374,0.),(-0.36579003403764,
-0.930697400339521,0.),(0.,0.,1.),(-0.667321303782578,-0.744769949392374,
0.),(0.,0.,-1.),(-0.365790034037285,-0.93069740033966,0.),(0.,0.,-1.),(0.835464917118268,
0.547135801961922,-0.0513885831294385),(0.,0.,1.),(0.709292796101449,0.704764925623867,
-0.0144958272952103),(-0.667956635213154,0.744200197174605,0.),(0.,0.,-1.),
(0.,0.,-1.),(0.714570098601144,-0.699415883512412,0.0143873581905502),(-0.832141021914413,
0.554564080740212,0.),(0.,0.,-1.),(0.,0.,-1.),(0.977885269314015,-0.201815134623467,
-0.0548730488998837),(-0.832141021914413,0.554564080740212,0.),(0.,0.,1.),
(0.,0.,1.),(0.931916213175912,-0.362515646661503,-0.0107040901276595),(-0.851363536903646,
-0.524576141309262,0.),(0.,0.,1.),(-0.851363536903646,-0.524576141309262,
0.),(0.,0.,-1.),(0.,0.,-1.),(0.949594383079151,0.313179546763903,0.0137506041061397),
(0.,0.,1.),(0.898202701425576,0.439404905619645,-0.0124593767576152),(0.,
0.,1.),(0.982291545468874,0.184320827812236,0.0336028590299009),(-0.634711826674458,
0.77274892240596,0.),(0.,0.,-1.),(0.,0.,-1.),(0.855180158279655,-0.518252299550699,
0.00902501496939576),(-0.634711826674458,0.77274892240596,0.),(0.,0.,1.),
(-0.672828068154494,-0.739798885308359,0.),(0.,0.,-1.),(0.,0.,-1.),(0.830093963950645,
0.55657221461283,-0.034225442782754),(-0.672828068154494,-0.739798885308359,
0.),(0.,0.,1.),(-0.454660180808782,0.88905348656766,0.0535538794935858),
(0.,0.,-1.),(0.,0.,-1.),(0.558052663646155,-0.827956534643309,-0.0553642604834144),
(0.,0.,1.),(0.705854143431359,-0.708212552818132,-0.0143146160132361),(0.,
0.,1.),(-0.341014935434227,0.939949791135242,0.0142549624904873),(-0.365790034039267,
-0.930697400338881,0.),(0.,0.,-1.),(-0.518919026831826,0.854823399066679,
0.),(0.,0.,-1.),(0.699945815007622,0.714050921519076,0.0143922733115588),
(0.,0.,1.),(-0.365790034039622,-0.930697400338742,0.),(-0.518919026831826,
0.854823399066679,0.),(0.,0.,-1.),(0.566109732158926,-0.824123384070753,
0.0184504466807487),(0.,0.,1.),(0.749952205115513,-0.658761779679595,0.0600383850195201),
(-0.4550860708044,-0.890447453901584,0.),(0.,0.,-1.),(0.,0.,-1.),(0.675970285489877,
0.736928879292116,0.),(0.,0.,1.),(0.680044175609038,0.732878054289355,-0.0207286459102623),
(-0.4550860708044,-0.890447453901584,0.),(0.,0.,1.),(0.,0.,1.),(0.541921395719655,
0.838851995005899,0.0514638838010162),(0.,0.,-1.),(0.424402616105925,0.905461819551955,
0.00461657623230251),(0.,0.,-1.),(0.278480031161285,-0.960442019199707,
0.),(0.,0.,-1.),(0.170905388015958,0.984097173408293,-0.0484159233819106),
(0.,0.,1.),(0.558984840729131,-0.82917787466564,0.),(0.,0.,1.),(0.298563644819803,
0.954376006474301,-0.00511744644125472),(0.,0.,1.),(0.278480031161285,-0.960442019199707,
0.),(0.,0.,1.),(0.441602611784831,-0.897206965951264,-0.00260643690583452),
(-0.2275086468409,-0.973776060299606,0.),(0.,0.,1.),(0.,0.,-1.),(0.43307617453489,
0.901241148880173,-0.0144713031676851),(-0.2275086468409,-0.973776060299606,
0.),(0.,0.,-1.),(0.,0.,1.),(0.354360090529394,0.934615116668568,-0.0303893062539988),
(-0.166695410838075,0.969761001163972,0.178258914579263),(0.,0.,-1.),(0.,
0.,-1.),(0.314842253909009,-0.949139762086376,0.00284027817528265),(0.,
0.,1.),(0.184365074813629,-0.981342811992094,0.0545509352845149),(-0.0082044574277804,
0.999769119371275,0.0198593763724014),(0.,0.,1.),(0.,0.,1.),(-0.0195930067407498,
0.999715865121654,-0.0135758281854103),(0.,0.,-1.),(-0.0183001118938035,
-0.999732602110191,0.0141361303991106),(0.,0.,-1.),(0.00275540174117855,
0.99981618718465,-0.0189736555463783),(0.0191934279421017,-0.999815789195105,
0.),(0.,0.,1.),(0.,0.,-1.),(0.170741940554675,0.983099294302521,-0.0660527613163034),
(0.,0.,-1.),(0.0191934279421017,-0.999815789195105,0.),(0.,0.,1.),(0.00758656616858083,
0.99979767379188,-0.0186294254907543),(0.,0.,-1.),(-0.025766174017432,0.999667997025264,
0.),(-0.0244213840250625,-0.99970175352567,0.),(0.,0.,1.),(-0.0126024201626892,
0.999749490905552,0.0184968764966862),(0.,0.,-1.),(0.0326615458316111,-0.999466469384486,
0.),(0.,0.,1.),(0.,0.,-1.),(0.0326615458316111,-0.999466469384486,0.),(-0.15556046792267,
0.98782637179804,0.),(0.992084358719874,-0.125573186562164,0.),(0.,0.,-1.),
(0.,0.,1.),(0.992084358719874,-0.125573186562164,0.),(-0.15556046792267,
0.98782637179804,0.),(-0.165060762091735,-0.986283399848996,0.),(-0.519694831430632,
-0.854351966220179,0.),(0.,0.,1.),(0.,0.,-1.),(-0.519694831430632,-0.854351966220179,
0.),(-0.165060762091735,-0.986283399848996,0.),(0.,0.,1.),(0.159682799861459,
0.975718817557607,-0.149913950292791),(0.,0.,-1.),(0.329083075314719,0.944128582648396,
-0.0180429755788067),(-0.175110283033152,0.982292487568323,0.066617247337946),
(0.,0.,1.),(0.,0.,-1.),(-0.355568473917361,0.934183721806207,0.0295268397967506),
(0.147942028570031,-0.988996034462517,0.),(0.488886862212057,-0.872347199202502,
0.),(0.,0.,1.),(0.,0.,-1.),(0.488886862212057,-0.872347199202502,0.),(0.147942028570031,
-0.988996034462517,0.),(-0.433149926964781,0.901213316337094,0.0139892539866155),
(0.,0.,1.),(-0.0692775986784079,-0.997597420967673,0.),(0.992084358719874,
-0.125573186562164,0.),(0.,0.,1.),(-0.0692775986784079,-0.997597420967673,
0.),(0.,0.,-1.),(0.992084358719874,-0.125573186562164,0.),(-0.519694831430632,
-0.854351966220179,0.),(-0.823957262910433,-0.566651946874928,0.),(0.,0.,
1.),(0.,0.,-1.),(-0.823957262910433,-0.566651946874928,0.),(-0.519694831430632,
-0.854351966220179,0.),(0.,0.,1.),(0.432859548149229,0.900425549636269,
-0.0432023279264831),(-0.541709074547496,0.840472747006308,0.0125235814592194),
(-0.829034859787427,0.559196925293086,0.),(0.,0.,-1.),(0.,0.,1.),(-0.829034859787427,
0.559196925293086,0.),(-0.545376678763021,0.838191075030877,0.),(0.488886862212057,
-0.872347199202502,0.),(0.785904234222616,-0.618348230878817,0.),(0.,0.,
1.),(0.,0.,-1.),(0.785904234222616,-0.618348230878817,0.),(0.488886862212057,
-0.872347199202502,0.),(0.,0.,-1.),(0.524040792910685,0.851600135416324,
-0.0125879595025619),(0.786745925974065,0.617276962119283,0.),(-0.910221791985517,
0.414121104744341,0.),(0.,0.,-1.),(-0.910221791985517,0.414121104744341,
0.),(0.,0.,1.),(0.,0.,1.),(-0.901841844555283,-0.432066299784102,0.),(-0.901841844555283,
-0.432066299784102,0.),(0.,0.,-1.),(0.,0.,1.),(0.788185056357163,0.615311208267187,
0.0125073544776372),(0.526115357659405,0.850413211583002,0.),(-0.966251730610044,
0.25759967603453,0.),(0.175083410883759,0.984553604042618,0.),(0.,0.,-1.),
(0.175083410883759,0.984553604042618,0.),(0.,0.,-1.),(0.950452115488591,
-0.310870996014847,0.),(0.,0.,-1.),(0.950452115488591,-0.310870996014847,
0.),(0.785904234222616,-0.618348230878817,0.),(-0.966251730610044,0.25759967603453,
0.),(0.,0.,1.),(0.175083410883759,0.984553604042618,0.),(0.,0.,1.),(0.175083410883759,
0.984553604042618,0.),(0.950452115488591,-0.310870996014847,0.),(0.,0.,
1.),(0.785904234222616,-0.618348230878817,0.),(0.950452115488591,-0.310870996014847,
0.),(-0.957920517665095,-0.287033590083522,0.),(0.132187928620964,-0.991224672577766,
0.),(0.,0.,1.),(-0.957920517665095,-0.287033590083522,0.),(0.,0.,-1.),(0.132187928620964,
-0.991224672577766,0.),(0.,0.,-1.),(0.953081220559966,0.264166006129615,
0.147825938933105),(0.,0.,-1.),(0.84759991216824,0.529084705870657,0.0405433460157526),
(0.,0.,1.),(0.901877078847768,0.431590864267217,0.0186295606521939),(0.132187928620964,
-0.991224672577766,0.),(0.976713627412535,0.211074044296911,0.0384478588583766),
(0.,0.,1.),(0.,0.,-1.),(0.979869742608723,0.199637890992453,0.),(0.132187928620964,
-0.991224672577766,0.)),$,(1,1,3,3,2,2,5,5,6,6,4,4,27,27,32,32,28,28,31,
31,7,7,34,34,11,11,11,10,10,10,33,33,35,35,12,12,36,36,22,22,38,38,9,9,
13,13,8,8,16,16,39,39,15,15,14,14,40,40,24,24,24,23,23,23,37,37,45,45,21,
21,50,50,17,17,42,42,18,18,46,46,20,20,19,19,43,43,49,49,41,41,25,25,54,
54,26,26,29,29,56,56,30,30,55,55,62,62,51,51,57,57,47,47,47,44,44,48,48,
48,63,63,58,58,52,52,60,60,61,61,53,53,59,59,65,65,77,77,74,74,64,64,67,
67,78,78,66,66,70,70,72,72,69,69,73,73,68,68,71,71,75,75,84,84,80,80,81,
81,83,83,88,88,76,76,87,87,86,86,79,79,82,82,85,85,91,91,90,90,99,99,99,
100,100,100,95,95,95,94,94,94,97,97,103,103,89,89,96,96,102,102,102,101,
101,101,98,98,93,93,93,92,92,92,107,107,107,106,106,106,108,108,104,104,
104,105,105,105,118,118,118,117,117,117,119,119,119,109,109,110,110,112,
112,111,111,120,120,120,113,113,113,126,126,126,121,121,121,114,114,114,
127,127,127,122,122,122,116,116,116,115,115,115,125,125,123,123,124,124,
129,129,129,128,128,128),((1,4,5),(7,1,5),(5,4,9),(7,5,12),(11,6,13),(6,
10,15),(6,15,13),(2,17,3),(8,19,2),(2,19,17),(4,21,9),(3,23,22),(3,17,23),
(25,7,12),(25,12,28),(29,11,31),(11,13,31),(27,33,8),(8,33,19),(9,21,35),
(10,36,37),(10,37,15),(21,39,35),(22,41,40),(22,23,41),(43,45,48),(49,43,
48),(47,46,51),(49,48,53),(54,47,51),(43,55,45),(44,57,56),(50,57,44),(59,
26,30),(59,30,62),(29,65,63),(29,31,65),(27,61,67),(27,67,33),(35,39,69),
(36,70,71),(36,71,37),(55,73,45),(46,74,75),(46,75,51),(55,77,73),(56,79,
78),(56,57,79),(81,49,53),(81,53,83),(84,54,85),(54,51,85),(82,87,50),(50,
89,57),(50,87,89),(77,91,73),(74,92,93),(74,93,75),(77,95,91),(78,79,96),
(97,81,83),(98,84,99),(84,85,99),(101,81,97),(102,87,82),(39,103,69),(70,
105,71),(70,104,105),(41,107,40),(40,107,109),(39,110,103),(111,60,64),
(63,65,114),(63,114,112),(61,116,67),(117,60,111),(95,113,91),(92,112,119),
(93,92,119),(79,121,96),(95,118,113),(96,121,116),(18,20,14),(16,18,14),
(14,20,32),(24,18,16),(123,101,97),(98,125,124),(98,99,125),(102,127,87),
(129,101,123),(102,130,127),(20,34,32),(24,16,38),(34,66,32),(42,24,38),
(34,68,66),(72,42,38),(66,68,115),(108,42,72),(58,90,52),(76,58,52),(52,
90,86),(80,58,76),(90,88,86),(80,76,94),(88,100,86),(68,132,115),(112,114,
133),(115,132,134),(116,131,67),(122,80,94),(119,112,135),(112,133,137),
(112,137,135),(121,139,116),(116,141,131),(139,143,116),(116,143,141),(88,
128,100),(106,108,72),(107,145,109),(146,108,106),(147,129,123),(124,125,
149),(147,123,151),(124,149,152),(130,153,127),(130,148,153),(120,122,94),
(110,155,103),(105,104,157),(157,104,156),(100,128,126),(145,159,109),(110,
161,155),(159,162,109),(140,122,120),(132,142,134),(128,150,126),(128,154,
150),(146,106,158),(144,140,120),(144,120,136),(142,138,134),(160,146,158),
(142,164,138),(143,163,141),(157,156,165),(165,156,167),(155,161,168),(169,
147,151),(152,149,171),(152,171,173),(169,151,174),(148,175,153),(148,170,
175),(166,160,158),(154,172,150),(154,176,172),(135,137,177),(138,164,178),
(179,160,166),(159,180,162),(172,176,181),(173,171,182),(183,144,136),(135,
177,185),(183,136,186),(143,184,163),(164,187,178),(185,177,189),(184,190,
163),(164,192,187),(193,179,166),(165,167,196),(193,166,198),(180,199,162),
(180,195,199),(161,200,168),(196,167,201),(168,200,202),(176,203,181),(173,
182,205),(181,203,206),(170,204,175),(207,169,174),(173,205,210),(207,174,
212),(170,209,204),(203,213,206),(209,214,204),(215,183,186),(215,186,218),
(185,189,219),(184,217,190),(191,216,220),(191,220,188),(221,194,197),(196,
201,224),(221,197,226),(195,227,199),(195,223,227),(213,229,206),(210,205,
231),(200,228,202),(209,232,214),(213,234,229),(235,208,211),(210,231,238),
(235,211,240),(209,237,232),(224,201,241),(228,242,202),(233,244,230),(231,
245,238),(233,246,244),(232,237,247),(249,222,225),(249,225,250),(251,224,
241),(223,252,227),(248,252,223),(228,254,242),(246,255,244),(245,257,259),
(238,245,261),(245,259,261),(246,264,255),(247,267,265),(237,270,247),(247,
270,267),(273,249,250),(273,250,276),(277,251,279),(251,241,281),(251,281,
279),(275,283,248),(248,283,252),(266,258,256),(266,268,258),(285,274,278),
(277,279,288),(285,278,290),(275,287,283),(271,236,239),(271,239,263),(253,
282,243),(253,284,282),(269,272,262),(269,262,260),(284,280,282),(284,286,
280),(280,286,289)),());
#122=COMPLEX_TRIANGULATED_FACE('ConvergentBody',#218,290,((-0.999997724958534,
-0.0021330911272119,0.),(0.,0.,1.),(0.,0.,1.),(-0.975926408395668,0.188241246637828,
-0.110149346163142),(-0.999883806714488,0.00214299223077293,-0.0150924038656551),
(0.,0.,-1.),(-0.956569586009623,-0.291504077366645,0.),(0.,0.,1.),(-0.944850847880693,
0.326196064151229,0.0292062149444804),(0.,0.,-1.),(0.,0.,-1.),(-0.956569586009623,
-0.291504077366645,0.),(0.,0.,-1.),(0.999899634853696,0.0035188337296884,
0.0137236303006099),(0.,0.,-1.),(0.982414934562566,-0.178440932625146,-0.0549520692267128),
(0.,0.,1.),(0.999865406872795,-0.00873394225119361,-0.0138883545408313),
(0.,0.,1.),(0.983583041281508,0.173730966788222,0.0488052464623381),(-0.886506221360443,
0.461835184355865,-0.0285478892426986),(0.,0.,1.),(0.,0.,1.),(0.951513078790257,
-0.307599525961903,-0.00232217981622074),(-0.895319115447238,-0.445425281629564,
0.),(0.,0.,-1.),(-0.667321303781582,-0.744769949393267,0.),(0.,0.,-1.),
(0.953140340014914,0.302473928832909,0.00574583437273672),(-0.895319115447238,
-0.445425281629564,0.),(-0.667321303781582,-0.744769949393267,0.),(0.,0.,
1.),(0.,0.,1.),(0.903276156225295,0.429033664873823,-0.00472228755921342),
(-0.807871573693631,0.578971376245626,0.110161998465995),(0.,0.,-1.),(0.,
0.,-1.),(0.901018678226544,-0.433775882499114,0.00195582438024274),(-0.670144166358522,
0.741912107471204,0.0217536452871308),(0.,0.,1.),(0.,0.,1.),(0.832949943320278,
-0.550423443296084,0.0568192308363018),(-0.999999931336744,0.000370575914138683,
0.),(0.,0.,1.),(-0.959185670859413,0.282777030216349,0.),(0.,0.,-1.),(0.,
0.,-1.),(-0.999999931336744,0.000370575914138683,0.),(-0.962186229522545,
-0.272392473679411,0.),(0.,0.,1.),(0.,0.,-1.),(0.999894574724695,0.00484514870393348,
0.013688095928892),(-0.962186229522545,-0.272392473679411,0.),(0.,0.,-1.),
(-0.959185670859413,0.282777030216349,0.),(0.,0.,1.),(0.,0.,1.),(0.999801088446354,
-0.0108690309245438,-0.0167226704879013),(-0.667321303781582,-0.744769949393267,
0.),(-0.365790034037285,-0.93069740033966,0.),(0.,0.,1.),(-0.667321303781582,
-0.744769949393267,0.),(0.,0.,-1.),(-0.36579003403764,-0.930697400339521,
0.),(0.,0.,-1.),(0.835464917118179,0.547135801962094,-0.0513885831290409),
(0.,0.,1.),(0.709292796101608,0.704764925623709,-0.0144958272951403),(-0.667956635213154,
0.744200197174605,0.),(0.,0.,-1.),(0.,0.,-1.),(0.714539902668337,-0.699447225124764,
0.0143633826096608),(-0.832141021914413,0.554564080740212,0.),(0.,0.,-1.),
(0.,0.,-1.),(0.977885269314022,-0.201815134623415,-0.0548730488999465),
(-0.832141021914413,0.554564080740212,0.),(0.,0.,1.),(0.,0.,1.),(0.931916213175971,
-0.362515646661341,-0.0107040901279714),(-0.851363536903624,-0.524576141309297,
0.),(0.,0.,1.),(-0.851363536903624,-0.524576141309297,0.),(0.,0.,-1.),(0.,
0.,-1.),(0.949615192713419,0.313118363226167,0.0137068004444119),(0.,0.,
1.),(0.898247459349261,0.439308951393289,-0.012615347729123),(0.,0.,1.),
(0.982291545468874,0.184320827812236,0.0336028590299009),(-0.634711826674458,
0.77274892240596,0.),(0.,0.,-1.),(0.,0.,-1.),(0.855180158279619,-0.518252299550768,
0.00902501496880404),(-0.634711826674458,0.77274892240596,0.),(0.,0.,1.),
(0.,0.,1.),(-0.672828068154521,-0.739798885308335,0.),(-0.672828068154521,
-0.739798885308335,0.),(0.,0.,-1.),(0.,0.,-1.),(0.830079867483441,0.556574542372109,
-0.034528138987645),(-0.454660180808782,0.88905348656766,0.0535538794935858),
(0.,0.,-1.),(0.,0.,-1.),(0.557935135130079,-0.828045942495066,-0.0552114309254669),
(0.,0.,1.),(0.705839815962415,-0.708227386191657,-0.0142871848268979),(0.,
0.,1.),(-0.341014935434227,0.939949791135242,0.0142549624904873),(-0.365790034039267,
-0.930697400338881,0.),(-0.518919026831826,0.854823399066679,0.),(0.,0.,
1.),(0.,0.,-1.),(0.699945815007788,0.714050921518912,0.0143922733116122),
(0.,0.,-1.),(-0.518919026831826,0.854823399066679,0.),(-0.365790034039622,
-0.930697400338742,0.),(0.,0.,-1.),(0.566109732158893,-0.824123384070778,
0.0184504466806609),(0.,0.,1.),(0.749952205115434,-0.658761779679737,0.0600383850189451),
(-0.455086070804542,-0.890447453901511,0.),(0.,0.,1.),(-0.455086070804542,
-0.890447453901511,0.),(0.,0.,-1.),(0.,0.,-1.),(0.675870615805462,0.737020291912472,
0.),(0.,0.,1.),(0.679978403743321,0.732936864497175,-0.0208068042653225),
(0.541921395719784,0.838851995005808,0.0514638838011329),(0.,0.,1.),(0.,
0.,-1.),(0.424402616105702,0.905461819552063,0.00461657623165406),(0.,0.,
-1.),(0.278480031161285,-0.960442019199707,0.),(0.,0.,-1.),(0.170905388014393,
0.984097173408346,-0.0484159233863576),(0.,0.,1.),(0.558984840729131,-0.82917787466564,
0.),(0.,0.,1.),(0.298563644819177,0.954376006474487,-0.00511744644309066),
(0.,0.,1.),(0.278480031161285,-0.960442019199707,0.),(0.,0.,1.),(0.441570839461101,
-0.897222740507745,-0.00255883828924612),(-0.2275086468409,-0.973776060299606,
0.),(0.,0.,-1.),(0.,0.,-1.),(0.43307617453489,0.901241148880173,-0.0144713031676851),
(0.,0.,1.),(0.354360090529315,0.934615116668594,-0.0303893062541185),(-0.2275086468409,
-0.973776060299606,0.),(0.,0.,1.),(-0.166695410838075,0.969761001163972,
0.178258914579263),(0.,0.,-1.),(0.,0.,-1.),(0.314842253909009,-0.949139762086376,
0.00284027817528265),(0.,0.,1.),(0.184365074813629,-0.981342811992094,0.0545509352845149),
(-0.00820445742798748,0.999769119371274,0.019859376372401),(0.,0.,1.),(0.,
0.,1.),(-0.0195930067409402,0.999715865121538,-0.0135758281937031),(0.,
0.,-1.),(-0.0183001118938035,-0.999732602110191,0.0141361303991106),(0.,
0.,-1.),(0.00275540174100999,0.999816187184648,-0.0189736555465066),(0.0191934279408812,
-0.999815789195129,0.),(0.,0.,-1.),(0.,0.,-1.),(0.170741940554282,0.983099294302564,
-0.0660527613166814),(0.,0.,1.),(0.00758656616863074,0.999797673791878,
-0.0186294254908507),(0.,0.,1.),(0.0191934279408812,-0.999815789195129,
0.),(0.,0.,-1.),(-0.0257661740174113,0.999667997025265,0.),(-0.0244213840250625,
-0.99970175352567,0.),(0.,0.,1.),(-0.0126024201627468,0.999749490905549,
0.0184968764967816),(0.,0.,-1.),(0.0326615458316111,-0.999466469384486,
0.),(0.,0.,1.),(0.,0.,-1.),(0.0326615458316111,-0.999466469384486,0.),(-0.155560467920816,
0.987826371798332,0.),(0.992084358719874,-0.125573186562164,0.),(0.,0.,
-1.),(0.,0.,1.),(0.992084358719874,-0.125573186562164,0.),(-0.155560467920816,
0.987826371798332,0.),(-0.165060762091735,-0.986283399848996,0.),(-0.519694831430632,
-0.854351966220179,0.),(0.,0.,1.),(0.,0.,-1.),(-0.519694831430632,-0.854351966220179,
0.),(-0.165060762091735,-0.986283399848996,0.),(0.,0.,1.),(0.159682799861443,
0.975718817557447,-0.149913950293855),(0.,0.,-1.),(0.329083075314939,0.944128582648314,
-0.0180429755791145),(-0.175110283032763,0.982292487568367,0.0666172473383255),
(0.,0.,1.),(0.,0.,-1.),(-0.35556847391786,0.934183721806006,0.0295268397970923),
(0.147942028569995,-0.988996034462522,0.),(0.488886862212057,-0.872347199202502,
0.),(0.,0.,1.),(0.,0.,-1.),(0.488886862212057,-0.872347199202502,0.),(0.147942028569995,
-0.988996034462522,0.),(-0.433149926965492,0.901213316336739,0.0139892539874438),
(0.,0.,1.),(-0.0692775986784079,-0.997597420967673,0.),(0.992084358719874,
-0.125573186562164,0.),(0.,0.,1.),(-0.0692775986784079,-0.997597420967673,
0.),(0.,0.,-1.),(0.992084358719874,-0.125573186562164,0.),(-0.519694831430632,
-0.854351966220179,0.),(-0.823957262910433,-0.566651946874928,0.),(0.,0.,
1.),(0.,0.,-1.),(-0.823957262910433,-0.566651946874928,0.),(-0.519694831430632,
-0.854351966220179,0.),(0.,0.,1.),(0.432859548149346,0.900425549636209,
-0.0432023279265678),(-0.541709074547757,0.840472747006076,0.0125235814634808),
(-0.829034859787228,0.559196925293381,0.),(0.,0.,-1.),(0.,0.,1.),(-0.829034859787228,
0.559196925293381,0.),(-0.545376678763021,0.838191075030877,0.),(0.488886862212057,
-0.872347199202502,0.),(0.785904234222616,-0.618348230878817,0.),(0.,0.,
1.),(0.,0.,-1.),(0.785904234222616,-0.618348230878817,0.),(0.488886862212057,
-0.872347199202502,0.),(0.,0.,-1.),(0.524040792910685,0.851600135416324,
-0.0125879595025619),(0.786745925974065,0.617276962119283,0.),(-0.910221791985092,
0.414121104745275,0.),(0.,0.,1.),(-0.910221791985092,0.414121104745275,
0.),(0.,0.,-1.),(0.,0.,-1.),(-0.901841844555283,-0.432066299784102,0.),
(0.,0.,1.),(0.788185056357163,0.615311208267187,0.0125073544776372),(0.526115357659405,
0.850413211583002,0.),(-0.901841844555283,-0.432066299784102,0.),(0.,0.,
1.),(0.,0.,1.),(-0.966251730610068,0.257599676034438,0.),(0.175083410883975,
0.98455360404258,0.),(-0.966251730610068,0.257599676034438,0.),(0.175083410883975,
0.98455360404258,0.),(0.,0.,-1.),(0.175083410883975,0.98455360404258,0.),
(0.,0.,-1.),(0.950452115488591,-0.310870996014847,0.),(0.,0.,-1.),(0.950452115488591,
-0.310870996014847,0.),(0.785904234222616,-0.618348230878817,0.),(0.,0.,
1.),(0.950452115488591,-0.310870996014847,0.),(0.175083410883975,0.98455360404258,
0.),(0.,0.,1.),(0.785904234222616,-0.618348230878817,0.),(0.950452115488591,
-0.310870996014847,0.),(-0.957920517665095,-0.287033590083522,0.),(0.,0.,
-1.),(0.132187928620964,-0.991224672577766,0.),(0.,0.,-1.),(0.953081220559966,
0.264166006129615,0.147825938933105),(0.,0.,-1.),(0.84759991216824,0.529084705870657,
0.0405433460157526),(-0.957920517665095,-0.287033590083522,0.),(0.132187928620964,
-0.991224672577766,0.),(0.,0.,1.),(0.,0.,1.),(0.901877078847768,0.431590864267217,
0.0186295606521939),(0.132187928620964,-0.991224672577766,0.),(0.976713627412535,
0.211074044296911,0.0384478588583766),(0.,0.,1.),(0.,0.,-1.),(0.979869742608723,
0.199637890992453,0.),(0.132187928620964,-0.991224672577766,0.)),$,(1,1,
3,3,2,2,5,5,6,6,4,4,27,27,32,32,28,28,31,31,7,7,34,34,11,11,11,33,33,10,
10,10,35,35,12,12,36,36,22,22,38,38,9,9,13,13,8,8,16,16,39,39,15,15,14,
14,40,40,23,23,23,24,24,24,37,37,45,45,21,21,50,50,17,17,42,42,18,18,46,
46,20,20,19,19,43,43,49,49,41,41,25,25,54,54,26,26,30,30,29,29,56,56,55,
55,62,62,51,51,57,57,48,48,48,44,44,47,47,47,63,63,58,58,53,53,52,52,60,
60,61,61,59,59,65,65,77,77,74,74,64,64,67,67,78,78,66,66,69,69,72,72,73,
73,70,70,68,68,71,71,75,75,84,84,80,80,81,81,83,83,88,88,76,76,86,86,87,
87,79,79,82,82,85,85,91,91,90,90,99,99,99,100,100,100,95,95,95,94,94,94,
97,97,103,103,89,89,96,96,102,102,102,101,101,101,98,98,93,93,93,92,92,
92,107,107,107,106,106,106,108,108,104,104,104,105,105,105,118,118,118,
117,117,117,119,119,119,110,110,109,109,111,111,120,120,120,112,112,114,
114,114,113,113,113,126,126,126,121,121,121,127,127,127,122,122,122,115,
115,115,125,125,123,123,116,116,116,124,124,129,129,129,128,128,128),((1,
4,5),(7,1,5),(5,4,9),(7,5,12),(11,6,13),(6,10,15),(6,15,13),(2,17,3),(8,
19,2),(2,19,17),(4,21,9),(3,23,22),(3,17,23),(25,7,12),(26,11,28),(11,13,
28),(30,7,25),(32,33,8),(8,33,19),(9,21,35),(10,36,37),(10,37,15),(21,39,
35),(22,41,40),(22,23,41),(43,45,48),(49,43,48),(47,46,51),(49,48,53),(54,
47,51),(43,55,45),(44,57,56),(50,57,44),(59,31,27),(59,27,62),(26,65,63),
(26,28,65),(32,61,67),(32,67,33),(35,39,69),(36,70,71),(36,71,37),(55,73,
45),(46,74,75),(46,75,51),(55,77,73),(56,79,78),(56,57,79),(81,49,53),(81,
53,83),(84,54,85),(54,51,85),(82,87,50),(50,89,57),(50,87,89),(77,91,73),
(74,92,93),(74,93,75),(77,95,91),(78,79,96),(98,81,83),(98,83,99),(100,
84,101),(84,85,101),(97,87,82),(39,103,69),(70,105,71),(70,104,105),(41,
107,40),(40,107,109),(39,110,103),(111,60,64),(63,65,114),(63,114,116),
(111,64,118),(61,113,67),(95,117,91),(92,116,119),(93,92,119),(79,121,96),
(95,112,117),(96,121,113),(18,20,14),(16,18,14),(14,20,29),(24,18,16),(123,
98,99),(123,99,125),(100,127,126),(100,101,127),(97,129,87),(97,124,129),
(20,34,29),(24,16,38),(34,66,29),(42,24,38),(34,68,66),(72,42,38),(66,68,
115),(108,42,72),(58,90,52),(76,58,52),(52,90,86),(80,58,76),(90,88,86),
(80,76,94),(88,102,86),(68,131,115),(116,114,133),(115,131,134),(113,132,
67),(122,80,94),(119,116,135),(116,133,137),(116,137,135),(121,139,113),
(113,141,132),(139,143,113),(113,143,141),(88,130,102),(106,108,72),(107,
145,109),(146,108,106),(147,123,125),(126,127,149),(126,149,148),(124,151,
129),(153,123,147),(124,154,151),(120,122,94),(110,155,103),(105,104,157),
(157,104,156),(102,130,128),(145,159,109),(110,161,155),(159,162,109),(140,
122,120),(131,142,134),(130,150,128),(130,152,150),(146,106,158),(144,140,
120),(144,120,136),(142,138,134),(160,146,158),(142,164,138),(143,163,141),
(157,156,165),(165,156,167),(155,161,168),(169,153,147),(148,149,171),(148,
171,170),(154,173,151),(154,175,173),(176,153,169),(166,160,158),(152,172,
150),(152,174,172),(135,137,177),(138,164,178),(179,160,166),(159,180,162),
(172,174,181),(170,171,182),(183,144,136),(135,177,185),(183,136,186),(143,
184,163),(164,187,178),(185,177,189),(184,190,163),(164,192,187),(193,179,
166),(165,167,196),(193,166,198),(180,199,162),(180,195,199),(161,200,168),
(196,167,201),(168,200,202),(174,203,181),(170,182,205),(181,203,206),(175,
204,173),(207,176,169),(170,205,210),(207,169,212),(175,209,204),(203,213,
206),(209,214,204),(215,183,186),(215,186,218),(185,189,219),(184,217,190),
(191,216,220),(191,220,188),(221,194,197),(196,201,224),(221,197,226),(195,
227,199),(195,223,227),(213,229,206),(210,205,231),(200,228,202),(209,232,
214),(213,234,229),(235,208,211),(210,231,238),(235,211,240),(209,237,232),
(224,201,241),(228,242,202),(233,244,230),(230,244,246),(231,247,238),(232,
237,245),(249,222,225),(248,224,241),(223,250,227),(253,222,249),(254,250,
223),(228,252,242),(244,256,246),(246,256,258),(247,260,262),(238,247,264),
(247,262,264),(245,267,255),(237,270,245),(245,270,267),(273,253,249),(274,
248,276),(248,241,278),(248,278,276),(280,253,273),(282,283,254),(254,283,
250),(257,261,259),(257,269,261),(285,281,275),(274,276,288),(285,275,290),
(282,287,283),(266,236,239),(271,236,266),(251,279,243),(251,284,279),(263,
272,265),(268,272,263),(284,277,279),(284,286,277),(277,286,289)),());
#123=COMPLEX_TRIANGULATED_FACE('ConvergentBody',#219,102,((0.,1.,0.),(-0.96655096344117,
-0.256474628513124,0.),(0.,0.,1.),(0.,1.,0.),(0.9741170411549,0.226044221628475,
0.),(0.,0.,-1.),(0.,0.,-1.),(0.,1.,0.),(-0.96655096344117,-0.256474628513124,
0.),(-0.96655096344117,-0.256474628513124,0.),(0.,-1.,0.),(0.,0.,1.),(0.,
0.,-1.),(0.976779645539445,0.214246409677818,0.),(-0.96655096344117,-0.256474628513124,
0.),(0.,0.,-1.),(0.,-1.,0.),(0.,1.,0.),(0.,0.,1.),(0.9741170411549,0.226044221628475,
0.),(0.,0.,1.),(0.976779645539445,0.214246409677818,0.),(0.,-1.,0.),(0.963359504340471,
-0.268213469827453,0.),(0.,0.,1.),(0.,0.,-1.),(0.979299368718096,0.202417258227498,
0.),(-0.971598865541665,0.236633988425477,0.),(0.,0.,-1.),(0.963359504340471,
-0.268213469827453,0.),(0.,-1.,0.),(0.,0.,1.),(-0.971598865541665,0.236633988425477,
0.),(0.979299368718096,0.202417258227498,0.),(-0.967209599321691,0.253979508976559,
0.),(0.,0.,-1.),(-0.967209599321691,0.253979508976559,0.),(0.,0.,1.),(-0.962510697641431,
0.271243722371239,0.),(0.,1.,0.),(0.,0.,-1.),(0.,0.,-1.),(0.966832344207377,
-0.255411859933066,0.),(0.966832344207377,-0.255411859933066,0.),(0.,0.,
1.),(0.,0.,1.),(-0.962510697641431,0.271243722371239,0.),(0.,1.,0.),(0.,
1.,0.),(0.96220891406086,0.272312331160051,0.),(0.,0.,-1.),(0.,0.,-1.),
(-0.966043869108534,-0.258378100770582,0.),(0.970135077819798,-0.242565312407967,
0.),(0.970135077819798,-0.242565312407967,0.),(0.,0.,1.),(-0.966043869108534,
-0.258378100770582,0.),(0.,0.,1.),(0.96220891406086,0.272312331160051,0.),
(0.,1.,0.),(-0.964931754523581,-0.262500874497674,0.),(0.,0.,1.),(-0.964931754523581,
-0.262500874497674,0.),(0.,0.,-1.),(-0.963802045313137,-0.266618861767531,
0.),(0.,-1.,0.),(0.,0.,1.),(0.,0.,-1.),(0.969890841792727,0.243540048054927,
0.),(0.,0.,-1.),(0.97671261573214,0.21455177992662,0.),(-0.974799714613357,
0.223081860288364,0.),(-0.963802045313137,-0.266618861767531,0.),(0.,0.,
-1.),(0.,-1.,0.),(0.,0.,1.),(0.969890841792727,0.243540048054927,0.),(0.,
0.,1.),(-0.974799714613357,0.223081860288364,0.),(0.97671261573214,0.21455177992662,
0.),(0.,-1.,0.),(0.964398516367736,-0.264453212549421,0.),(0.,0.,1.),(0.,
0.,-1.),(0.964398516367736,-0.264453212549421,0.),(0.,-1.,0.),(-0.973156327480756,
0.230145089637314,0.),(0.,0.,-1.),(-0.973156327480756,0.230145089637314,
0.),(0.,0.,1.),(-0.971461762124913,0.237196215672086,0.),(0.,1.,0.),(0.,
0.,-1.),(0.,1.,0.),(0.,0.,-1.),(0.964398516367736,-0.264453212549421,0.),
(0.964398516367736,-0.264453212549421,0.),(0.,0.,1.),(0.,1.,0.),(-0.971461762124913,
0.237196215672086,0.),(0.,0.,1.),(0.,1.,0.)),$,(2,2,2,3,3,3,1,1,1,6,6,6,
7,7,5,5,5,4,4,4,8,8,14,14,14,9,9,9,13,13,13,10,10,10,11,11,12,12,15,15,
15,17,17,18,18,16,16,16,23,23,23,19,19,19,20,20,20,24,24,24,22,22,21,21,
28,28,28,25,25,29,29,29,27,27,27,26,26,30,30,30,34,34,34,33,33,33,31,31,
32,32,35,35,35,37,37,37,38,38,38,36,36,36),((1,4,8),(10,2,9),(13,7,6),(10,
9,15),(16,7,13),(1,18,4),(21,19,3),(12,21,3),(20,14,5),(20,22,14),(23,11,
17),(16,13,26),(16,26,29),(23,17,31),(12,32,21),(12,25,32),(22,27,14),(22,
34,27),(33,35,28),(29,26,36),(33,37,35),(25,38,32),(37,39,35),(29,36,42),
(41,42,36),(25,45,38),(37,47,39),(46,38,45),(44,24,30),(44,30,43),(48,49,
40),(42,41,52),(52,41,51),(45,56,46),(56,58,46),(48,60,49),(55,44,43),(55,
43,54),(61,57,53),(61,53,63),(64,52,51),(62,58,56),(65,61,63),(68,64,51),
(64,68,70),(65,63,73),(64,70,74),(76,58,62),(62,78,76),(62,67,78),(59,69,
50),(59,77,69),(77,71,69),(77,80,71),(81,66,75),(74,70,84),(81,75,86),(67,
83,78),(79,87,72),(84,70,88),(79,89,87),(83,90,78),(89,91,87),(84,88,95),
(88,93,95),(83,98,90),(89,100,91),(90,98,101),(97,82,85),(97,85,96),(102,
94,92),(102,99,94)),());
#124=COMPLEX_TRIANGULATED_FACE('ConvergentBody',#220,72,((-1.,0.,0.),(0.,
-1.,0.),(0.,0.,1.),(-1.,0.,0.),(0.,1.,0.),(0.,0.,-1.),(0.,0.,-1.),(-1.,
0.,0.),(0.,-1.,0.),(0.,-1.,0.),(1.,0.,0.),(0.,0.,1.),(0.,0.,-1.),(0.,-1.,
0.),(1.,0.,0.),(0.,-1.,0.),(1.,0.,0.),(0.,0.,-1.),(-1.,0.,0.),(0.,0.,1.),
(0.,1.,0.),(0.,0.,1.),(1.,0.,0.),(0.,-1.,0.),(0.,1.,0.),(1.,0.,0.),(0.,
0.,-1.),(1.,0.,0.),(0.,0.,-1.),(0.,1.,0.),(0.,1.,0.),(0.,0.,1.),(1.,0.,
0.),(0.,0.,1.),(1.,0.,0.),(0.,1.,0.),(0.,-1.,0.),(-1.,0.,0.),(0.,0.,1.),
(0.,0.,-1.),(0.,1.,0.),(-1.,0.,0.),(0.,-1.,0.),(0.,0.,-1.),(-1.,0.,0.),
(-1.,0.,0.),(0.,0.,1.),(0.,1.,0.),(-1.,0.,0.),(0.,-1.,0.),(0.,0.,1.),(-1.,
0.,0.),(0.,0.,-1.),(0.,-1.,0.),(0.,-1.,0.),(1.,0.,0.),(0.,0.,1.),(0.,0.,
-1.),(1.,0.,0.),(0.,-1.,0.),(0.,0.,-1.),(0.,1.,0.),(1.,0.,0.),(1.,0.,0.),
(0.,0.,1.),(0.,1.,0.),(0.,1.,0.),(-1.,0.,0.),(0.,0.,-1.),(-1.,0.,0.),(0.,
0.,1.),(0.,1.,0.)),$,(2,2,2,3,3,3,1,1,1,8,8,8,5,5,5,7,7,7,4,4,4,6,6,6,11,
11,11,9,9,9,10,10,10,12,12,12,16,16,16,17,17,17,15,15,15,18,18,18,14,14,
14,13,13,13,22,22,22,21,21,21,23,23,23,24,24,24,19,19,19,20,20,20),((1,
4,8),(10,2,9),(7,6,13),(10,9,16),(7,13,18),(1,19,4),(20,3,22),(22,3,12),
(21,25,5),(13,6,29),(29,6,27),(20,22,32),(34,20,32),(21,36,25),(23,11,17),
(23,17,15),(37,24,14),(13,29,40),(37,14,43),(13,40,44),(47,32,22),(47,22,
39),(35,33,28),(31,41,30),(35,28,26),(31,48,41),(49,45,52),(55,50,54),(53,
44,58),(55,54,60),(49,38,45),(39,51,57),(44,40,61),(58,44,61),(65,47,39),
(65,39,57),(46,68,42),(40,69,61),(46,70,68),(65,71,47),(72,62,67),(72,66,
62),(64,56,59),(64,59,63)),());
#125=COMPLEX_TRIANGULATED_FACE('ConvergentBody',#221,122,((-1.,0.,0.),(-0.707106781186547,
-0.707106781186547,0.),(-0.57735302221287,-0.57735302221287,0.577344763103755),
(-0.707111838831284,0.,0.707101723505636),(-1.,0.,0.),(-0.707106781186597,
0.707106781186498,0.),(-0.707111838831287,0.,-0.707101723505633),(-0.707111838831287,
0.,-0.707101723505633),(-1.,0.,0.),(-0.577353022212872,-0.577353022212872,
-0.577344763103752),(-0.707106781186547,-0.707106781186547,0.),(-0.577353022212872,
-0.577353022212872,-0.577344763103752),(-0.707106781186547,-0.707106781186547,
0.),(0.,-0.707111838831287,-0.707101723505633),(0.,-1.,0.),(-0.707111838831287,
0.,-0.707101723505633),(0.,0.,-1.),(0.,-0.707111838831287,-0.707101723505633),
(-0.577353022212872,-0.577353022212872,-0.577344763103752),(-1.,0.,0.),
(-0.707111838831284,0.,0.707101723505636),(-0.577353022212897,0.577353022212816,
0.577344763103782),(-0.707106781186597,0.707106781186498,0.),(-0.707111838831284,
0.,0.707101723505636),(0.,0.,1.),(0.,0.707111838831235,0.707101723505685),
(-0.577353022212897,0.577353022212816,0.577344763103782),(-0.707106781186547,
-0.707106781186547,0.),(0.,-1.,0.),(0.,-0.707111838831284,0.707101723505636),
(-0.57735302221287,-0.57735302221287,0.577344763103755),(0.,-0.707111838831284,
0.707101723505636),(-0.57735302221287,-0.57735302221287,0.577344763103755),
(0.,0.,1.),(-0.707111838831284,0.,0.707101723505636),(-0.707106781186597,
0.707106781186498,0.),(-0.577353022212897,0.577353022212816,0.577344763103782),
(0.,0.707111838831235,0.707101723505685),(-0.707111838831287,0.,-0.707101723505633),
(-0.707106781186597,0.707106781186498,0.),(0.,0.,-1.),(0.,-1.,0.),(0.707106781186547,
-0.707106781186547,0.),(0.57735302221287,-0.57735302221287,0.577344763103755),
(0.,-0.707111838831284,0.707101723505636),(0.,-0.707111838831287,-0.707101723505633),
(0.577353022212872,-0.577353022212872,-0.577344763103752),(0.707106781186547,
-0.707106781186547,0.),(0.,-1.,0.),(0.,-0.707111838831284,0.707101723505636),
(0.57735302221287,-0.57735302221287,0.577344763103755),(0.707111838831284,
0.,0.707101723505636),(0.,0.,1.),(0.,0.,-1.),(0.,0.,-1.),(0.,0.,-1.),(0.,
0.,-1.),(0.707111838831287,0.,-0.707101723505633),(0.577353022212872,-0.577353022212872,
-0.577344763103752),(0.,-0.707111838831287,-0.707101723505633),(0.,0.,1.),
(0.,0.707111838831235,0.707101723505685),(0.707111838831284,0.,0.707101723505636),
(0.,0.,1.),(-0.707111838831284,0.,0.707101723505636),(0.,0.707111838831235,
0.707101723505685),(0.,0.707111838831235,0.707101723505685),(0.577353022212896,
0.577353022212816,0.577344763103782),(0.707106781186597,0.707106781186498,
0.),(0.,0.,1.),(0.707111838831284,0.,0.707101723505636),(0.,-0.707111838831284,
0.707101723505636),(0.,0.,1.),(0.707111838831284,0.,0.707101723505636),
(0.577353022212896,0.577353022212816,0.577344763103782),(0.,0.707111838831235,
0.707101723505685),(0.,0.,-1.),(0.707106781186597,0.707106781186498,0.),
(0.707111838831287,0.,-0.707101723505633),(0.707111838831284,0.,0.707101723505636),
(1.,0.,0.),(0.,-1.,0.),(0.,-0.707111838831284,0.707101723505636),(0.707111838831284,
0.,0.707101723505636),(0.,0.707111838831235,0.707101723505685),(0.,1.,0.),
(1.,0.,0.),(0.,0.707111838831235,0.707101723505685),(-0.707111838831284,
0.,0.707101723505636),(-1.,0.,0.),(0.,1.,0.),(0.,-0.707111838831284,0.707101723505636),
(-0.707111838831284,0.,0.707101723505636),(0.,0.,1.),(1.,0.,0.),(0.,1.,
0.),(0.,1.,0.),(-1.,0.,0.),(1.,0.,0.),(0.,-1.,0.),(0.,-1.,0.),(-1.,0.,0.),
(-0.707111838831284,0.,0.707101723505636),(0.,-0.707111838831284,0.707101723505636),
(0.,-1.,0.),(-1.,0.,0.),(0.,0.,-1.),(0.707106781186547,-0.707106781186547,
0.),(0.577353022212872,-0.577353022212872,-0.577344763103752),(0.707111838831287,
0.,-0.707101723505633),(1.,0.,0.),(0.57735302221287,-0.57735302221287,0.577344763103755),
(0.707106781186547,-0.707106781186547,0.),(1.,0.,0.),(0.707111838831284,
0.,0.707101723505636),(0.707111838831287,0.,-0.707101723505633),(0.707106781186597,
0.707106781186498,0.),(1.,0.,0.),(1.,0.,0.),(0.707111838831284,0.,0.707101723505636),
(0.707106781186597,0.707106781186498,0.),(0.577353022212896,0.577353022212816,
0.577344763103782)),$,(2,2,2,2,3,3,3,1,1,1,1,5,5,5,5,7,7,7,7,4,4,4,4,9,
9,9,9,6,6,6,6,8,8,8,8,11,11,11,10,10,10,25,25,25,25,24,24,24,24,27,27,27,
27,16,14,18,26,26,26,26,12,12,12,22,22,22,30,30,30,13,13,13,28,28,28,28,
29,29,29,17,17,17,17,15,15,15,15,19,19,19,19,23,23,23,14,14,18,18,16,16,
21,21,21,21,20,20,20,31,31,31,31,32,32,32,32,33,33,33,34,34,34,34),((1,
5,9),(2,11,13),(7,16,8),(10,19,12),(1,20,5),(24,21,4),(2,13,28),(33,3,31),
(24,4,35),(36,6,23),(7,39,16),(36,40,6),(37,22,27),(42,29,15),(18,46,14),
(42,15,49),(50,32,30),(50,30,45),(41,54,17),(54,55,17),(56,17,55),(56,57,
17),(18,60,46),(25,34,61),(64,61,34),(64,34,53),(67,38,26),(25,61,70),(73,
25,70),(67,26,76),(77,54,41),(80,71,63),(80,63,84),(88,85,62),(88,62,66),
(92,72,83),(73,70,94),(81,87,95),(86,97,96),(81,95,99),(86,91,97),(101,
82,100),(101,100,105),(77,107,54),(92,83,104),(90,106,98),(107,57,56),(90,
102,106),(93,103,89),(93,89,65),(77,57,107),(73,94,64),(73,64,53),(108,
43,48),(59,109,47),(112,51,44),(108,113,43),(79,116,58),(116,110,58),(120,
74,52),(120,52,115),(68,75,122),(78,69,117),(117,69,121),(119,114,111),
(119,111,118)),());
#126=COMPLEX_TRIANGULATED_FACE('ConvergentBody',#222,4,((0.,-1.,0.),(0.,
-1.,0.),(0.,-1.,0.),(0.,-1.,0.)),$,(4,2,1,3),((1,2,3),(1,3,4)),());
#127=COMPLEX_TRIANGULATED_FACE('ConvergentBody',#223,4,((0.,1.,0.),(0.,
1.,0.),(0.,1.,0.),(0.,1.,0.)),$,(2,3,1,4),((1,2,3),(1,4,2)),());
#128=COMPLEX_TRIANGULATED_FACE('ConvergentBody',#224,20,((-1.,0.,0.),(0.,
0.,1.),(-1.,0.,0.),(0.,1.,0.),(0.,0.,-1.),(0.,0.,-1.),(-1.,0.,0.),(0.,0.,
-1.),(1.,0.,0.),(-1.,0.,0.),(0.,0.,1.),(0.,1.,0.),(0.,0.,1.),(1.,0.,0.),
(0.,1.,0.),(1.,0.,0.),(0.,0.,-1.),(0.,0.,1.),(1.,0.,0.),(0.,1.,0.)),$,(2,
2,3,3,3,1,1,5,5,4,4,4,6,6,7,7,7,8,8,8),((1,3,7),(5,8,6),(1,10,3),(13,11,
2),(12,15,4),(5,17,8),(13,18,11),(12,20,15),(19,14,9),(19,9,16)),());
#129=COMPLEX_TRIANGULATED_FACE('ConvergentBody',#225,4,((0.,-1.,0.),(0.,
-1.,0.),(0.,-1.,0.),(0.,-1.,0.)),$,(4,2,1,3),((1,2,3),(1,3,4)),());
#130=COMPLEX_TRIANGULATED_FACE('ConvergentBody',#226,4,((0.,1.,0.),(0.,
1.,0.),(0.,1.,0.),(0.,1.,0.)),$,(2,3,1,4),((1,2,3),(1,4,2)),());
#131=COMPLEX_TRIANGULATED_FACE('ConvergentBody',#227,16,((-1.,0.,0.),(0.,
0.,1.),(-1.,0.,0.),(0.,0.,-1.),(0.,0.,-1.),(-1.,0.,0.),(0.,0.,-1.),(1.,
0.,0.),(-1.,0.,0.),(0.,0.,1.),(1.,0.,0.),(0.,0.,1.),(0.,0.,-1.),(1.,0.,
0.),(1.,0.,0.),(0.,0.,1.)),$,(2,2,3,3,1,1,5,5,4,4,6,6,7,7,8,8),((1,3,6),
(4,7,5),(1,9,3),(12,10,2),(4,13,7),(12,16,10),(15,11,8),(15,8,14)),());
#132=COMPLEX_TRIANGULATED_FACE('ConvergentBody',#228,20,((-1.,0.,0.),(0.,
-1.,0.),(0.,0.,1.),(-1.,0.,0.),(0.,0.,-1.),(-1.,0.,0.),(0.,0.,-1.),(0.,
-1.,0.),(0.,-1.,0.),(1.,0.,0.),(0.,0.,1.),(0.,0.,-1.),(1.,0.,0.),(0.,-1.,
0.),(-1.,0.,0.),(0.,0.,1.),(0.,0.,-1.),(1.,0.,0.),(1.,0.,0.),(0.,0.,1.)),
$,(2,2,2,3,3,1,1,1,6,6,6,5,5,5,4,4,7,7,8,8),((1,4,6),(9,2,8),(5,12,7),(9,
8,14),(1,15,4),(11,16,3),(5,17,12),(11,20,16),(19,10,13),(19,13,18)),());
#133=COMPLEX_TRIANGULATED_FACE('ConvergentBody',#229,20,((0.,-1.,0.),(1.,
0.,0.),(0.,0.,1.),(0.,0.,1.),(0.,-1.,0.),(0.,-1.,0.),(0.,0.,-1.),(0.,0.,
-1.),(0.,1.,0.),(0.,0.,-1.),(0.,1.,0.),(1.,0.,0.),(0.,-1.,0.),(0.,0.,-1.),
(1.,0.,0.),(1.,0.,0.),(0.,0.,1.),(0.,1.,0.),(0.,0.,1.),(0.,1.,0.)),$,(6,
6,6,2,2,1,1,3,3,7,7,7,5,5,5,8,8,8,4,4),((1,5,6),(7,8,10),(1,6,13),(7,10,
14),(17,19,4),(17,4,3),(20,11,9),(20,18,11),(16,2,15),(16,15,12)),());
#134=COMPLEX_TRIANGULATED_FACE('ConvergentBody',#230,4,((1.,0.,0.),(1.,
0.,0.),(1.,0.,0.),(1.,0.,0.)),$,(4,2,1,3),((1,2,3),(1,3,4)),());
#135=COMPLEX_TRIANGULATED_FACE('ConvergentBody',#231,4,((-1.,0.,0.),(-1.,
0.,0.),(-1.,0.,0.),(-1.,0.,0.)),$,(2,3,1,4),((1,2,3),(1,4,2)),());
#136=COMPLEX_TRIANGULATED_FACE('ConvergentBody',#232,20,((0.,-1.,0.),(1.,
0.,0.),(0.,0.,1.),(0.,0.,1.),(0.,-1.,0.),(0.,-1.,0.),(0.,0.,-1.),(0.,0.,
-1.),(0.,1.,0.),(0.,0.,-1.),(0.,1.,0.),(1.,0.,0.),(0.,-1.,0.),(0.,0.,-1.),
(1.,0.,0.),(0.,0.,1.),(0.,1.,0.),(0.,0.,1.),(0.,1.,0.),(1.,0.,0.)),$,(6,
6,6,2,2,1,1,3,3,7,7,7,5,5,5,4,4,8,8,8),((1,5,6),(7,8,10),(1,6,13),(7,10,
14),(16,4,3),(17,11,9),(16,3,18),(17,19,11),(20,2,15),(20,15,12)),());
#137=COMPLEX_TRIANGULATED_FACE('ConvergentBody',#233,4,((1.,0.,0.),(1.,
0.,0.),(1.,0.,0.),(1.,0.,0.)),$,(4,2,1,3),((1,2,3),(1,3,4)),());
#138=COMPLEX_TRIANGULATED_FACE('ConvergentBody',#234,4,((-1.,0.,0.),(-1.,
0.,0.),(-1.,0.,0.),(-1.,0.,0.)),$,(2,3,1,4),((1,2,3),(1,4,2)),());
#139=COMPLEX_TRIANGULATED_FACE('ConvergentBody',#235,20,((0.,-1.,0.),(1.,
0.,0.),(0.,0.,1.),(0.,0.,1.),(0.,-1.,0.),(0.,-1.,0.),(0.,0.,-1.),(0.,0.,
-1.),(0.,1.,0.),(0.,0.,-1.),(0.,1.,0.),(1.,0.,0.),(0.,-1.,0.),(0.,0.,-1.),
(1.,0.,0.),(0.,0.,1.),(0.,1.,0.),(0.,0.,1.),(0.,1.,0.),(1.,0.,0.)),$,(6,
6,6,2,2,1,1,3,3,7,7,7,5,5,5,4,4,8,8,8),((1,5,6),(7,8,10),(1,6,13),(7,10,
14),(16,4,3),(17,11,9),(16,3,18),(17,19,11),(20,2,15),(20,15,12)),());
#140=COMPLEX_TRIANGULATED_FACE('ConvergentBody',#236,4,((1.,0.,0.),(1.,
0.,0.),(1.,0.,0.),(1.,0.,0.)),$,(4,2,1,3),((1,2,3),(1,3,4)),());
#141=COMPLEX_TRIANGULATED_FACE('ConvergentBody',#237,4,((-1.,0.,0.),(-1.,
0.,0.),(-1.,0.,0.),(-1.,0.,0.)),$,(2,3,1,4),((1,2,3),(1,4,2)),());
#142=COMPLEX_TRIANGULATED_FACE('ConvergentBody',#238,20,((0.,-1.,0.),(1.,
0.,0.),(0.,0.,1.),(0.,0.,1.),(0.,-1.,0.),(0.,-1.,0.),(0.,0.,-1.),(0.,0.,
-1.),(0.,1.,0.),(0.,0.,-1.),(0.,1.,0.),(1.,0.,0.),(0.,-1.,0.),(0.,0.,-1.),
(1.,0.,0.),(0.,0.,1.),(0.,1.,0.),(0.,0.,1.),(0.,1.,0.),(1.,0.,0.)),$,(6,
6,6,2,2,1,1,3,3,7,7,7,5,5,5,4,4,8,8,8),((1,5,6),(7,8,10),(1,6,13),(7,10,
14),(16,4,3),(17,11,9),(16,3,18),(17,19,11),(20,2,15),(20,15,12)),());
#143=COMPLEX_TRIANGULATED_FACE('ConvergentBody',#239,4,((1.,0.,0.),(1.,
0.,0.),(1.,0.,0.),(1.,0.,0.)),$,(4,2,1,3),((1,2,3),(1,3,4)),());
#144=COMPLEX_TRIANGULATED_FACE('ConvergentBody',#240,4,((-1.,0.,0.),(-1.,
0.,0.),(-1.,0.,0.),(-1.,0.,0.)),$,(2,3,1,4),((1,2,3),(1,4,2)),());
#145=COMPLEX_TRIANGULATED_FACE('ConvergentBody',#241,20,((0.,-1.,0.),(1.,
0.,0.),(0.,0.,1.),(0.,0.,1.),(0.,-1.,0.),(0.,-1.,0.),(0.,0.,-1.),(0.,0.,
-1.),(0.,1.,0.),(0.,0.,-1.),(0.,1.,0.),(1.,0.,0.),(0.,-1.,0.),(0.,0.,-1.),
(1.,0.,0.),(0.,0.,1.),(0.,1.,0.),(0.,0.,1.),(0.,1.,0.),(1.,0.,0.)),$,(6,
6,6,2,2,1,1,3,3,7,7,7,5,5,5,4,4,8,8,8),((1,5,6),(7,8,10),(1,6,13),(7,10,
14),(16,4,3),(17,11,9),(16,3,18),(17,19,11),(20,2,15),(20,15,12)),());
#146=COMPLEX_TRIANGULATED_FACE('ConvergentBody',#242,4,((1.,0.,0.),(1.,
0.,0.),(1.,0.,0.),(1.,0.,0.)),$,(4,2,1,3),((1,2,3),(1,3,4)),());
#147=COMPLEX_TRIANGULATED_FACE('ConvergentBody',#243,4,((-1.,0.,0.),(-1.,
0.,0.),(-1.,0.,0.),(-1.,0.,0.)),$,(2,3,1,4),((1,2,3),(1,4,2)),());
#148=COMPLEX_TRIANGULATED_FACE('ConvergentBody',#244,16,((0.,-1.,0.),(0.,
0.,1.),(0.,-1.,0.),(0.,0.,1.),(0.,-1.,0.),(0.,0.,-1.),(0.,0.,-1.),(0.,1.,
0.),(0.,0.,-1.),(0.,1.,0.),(0.,-1.,0.),(0.,0.,-1.),(0.,0.,1.),(0.,1.,0.),
(0.,0.,1.),(0.,1.,0.)),$,(6,6,2,2,1,1,3,3,7,7,5,5,8,8,4,4),((1,3,5),(6,
7,9),(1,5,11),(6,9,12),(13,15,4),(13,4,2),(16,10,8),(16,14,10)),());
#149=COMPLEX_TRIANGULATED_FACE('ConvergentBody',#245,4,((1.,0.,0.),(1.,
0.,0.),(1.,0.,0.),(1.,0.,0.)),$,(4,2,1,3),((1,2,3),(1,3,4)),());
#150=COMPLEX_TRIANGULATED_FACE('ConvergentBody',#246,4,((-1.,0.,0.),(-1.,
0.,0.),(-1.,0.,0.),(-1.,0.,0.)),$,(2,3,1,4),((1,2,3),(1,4,2)),());
#151=COMPLEX_TRIANGULATED_FACE('ConvergentBody',#247,16,((0.,-1.,0.),(0.,
0.,1.),(0.,-1.,0.),(0.,0.,1.),(0.,-1.,0.),(0.,0.,-1.),(0.,0.,-1.),(0.,1.,
0.),(0.,0.,-1.),(0.,1.,0.),(0.,-1.,0.),(0.,0.,-1.),(0.,0.,1.),(0.,1.,0.),
(0.,0.,1.),(0.,1.,0.)),$,(6,6,2,2,1,1,3,3,7,7,5,5,4,4,8,8),((1,3,5),(6,
7,9),(1,5,11),(6,9,12),(13,4,2),(14,10,8),(13,2,15),(14,16,10)),());
#152=COMPLEX_TRIANGULATED_FACE('ConvergentBody',#248,4,((1.,0.,0.),(1.,
0.,0.),(1.,0.,0.),(1.,0.,0.)),$,(4,2,1,3),((1,2,3),(1,3,4)),());
#153=COMPLEX_TRIANGULATED_FACE('ConvergentBody',#249,4,((-1.,0.,0.),(-1.,
0.,0.),(-1.,0.,0.),(-1.,0.,0.)),$,(2,3,1,4),((1,2,3),(1,4,2)),());
#154=COMPLEX_TRIANGULATED_FACE('ConvergentBody',#250,16,((0.,-1.,0.),(0.,
0.,1.),(0.,-1.,0.),(0.,0.,1.),(0.,-1.,0.),(0.,0.,-1.),(0.,0.,-1.),(0.,1.,
0.),(0.,0.,-1.),(0.,1.,0.),(0.,-1.,0.),(0.,0.,-1.),(0.,0.,1.),(0.,1.,0.),
(0.,0.,1.),(0.,1.,0.)),$,(6,6,2,2,1,1,3,3,7,7,5,5,4,4,8,8),((1,3,5),(6,
7,9),(1,5,11),(6,9,12),(13,4,2),(14,10,8),(13,2,15),(14,16,10)),());
#155=COMPLEX_TRIANGULATED_FACE('ConvergentBody',#251,4,((1.,0.,0.),(1.,
0.,0.),(1.,0.,0.),(1.,0.,0.)),$,(4,2,1,3),((1,2,3),(1,3,4)),());
#156=COMPLEX_TRIANGULATED_FACE('ConvergentBody',#252,4,((-1.,0.,0.),(-1.,
0.,0.),(-1.,0.,0.),(-1.,0.,0.)),$,(2,3,1,4),((1,2,3),(1,4,2)),());
#157=COMPLEX_TRIANGULATED_FACE('ConvergentBody',#253,16,((0.,-1.,0.),(0.,
0.,1.),(0.,-1.,0.),(0.,0.,1.),(0.,-1.,0.),(0.,0.,-1.),(0.,0.,-1.),(0.,1.,
0.),(0.,0.,-1.),(0.,1.,0.),(0.,-1.,0.),(0.,0.,-1.),(0.,0.,1.),(0.,1.,0.),
(0.,0.,1.),(0.,1.,0.)),$,(6,6,2,2,1,1,3,3,7,7,5,5,4,4,8,8),((1,3,5),(6,
7,9),(1,5,11),(6,9,12),(13,4,2),(14,10,8),(13,2,15),(14,16,10)),());
#158=COMPLEX_TRIANGULATED_FACE('ConvergentBody',#254,4,((1.,0.,0.),(1.,
0.,0.),(1.,0.,0.),(1.,0.,0.)),$,(4,2,1,3),((1,2,3),(1,3,4)),());
#159=COMPLEX_TRIANGULATED_FACE('ConvergentBody',#255,4,((-1.,0.,0.),(-1.,
0.,0.),(-1.,0.,0.),(-1.,0.,0.)),$,(2,3,1,4),((1,2,3),(1,4,2)),());
#160=COMPLEX_TRIANGULATED_FACE('ConvergentBody',#256,16,((0.,-1.,0.),(0.,
0.,1.),(0.,-1.,0.),(0.,0.,1.),(0.,-1.,0.),(0.,0.,-1.),(0.,0.,-1.),(0.,1.,
0.),(0.,0.,-1.),(0.,1.,0.),(0.,-1.,0.),(0.,0.,-1.),(0.,0.,1.),(0.,1.,0.),
(0.,0.,1.),(0.,1.,0.)),$,(6,6,2,2,1,1,3,3,7,7,5,5,4,4,8,8),((1,3,5),(6,
7,9),(1,5,11),(6,9,12),(13,4,2),(14,10,8),(13,2,15),(14,16,10)),());
#161=COMPLEX_TRIANGULATED_FACE('ConvergentBody',#257,4,((1.,0.,0.),(1.,
0.,0.),(1.,0.,0.),(1.,0.,0.)),$,(4,2,1,3),((1,2,3),(1,3,4)),());
#162=COMPLEX_TRIANGULATED_FACE('ConvergentBody',#258,4,((-1.,0.,0.),(-1.,
0.,0.),(-1.,0.,0.),(-1.,0.,0.)),$,(2,3,1,4),((1,2,3),(1,4,2)),());
#163=COMPLEX_TRIANGULATED_FACE('ConvergentBody',#259,20,((-1.,0.,0.),(0.,
-1.,0.),(0.,0.,1.),(-1.,0.,0.),(0.,1.,0.),(0.,0.,-1.),(0.,0.,-1.),(-1.,
0.,0.),(0.,-1.,0.),(0.,-1.,0.),(0.,0.,1.),(0.,0.,-1.),(0.,1.,0.),(0.,-1.,
0.),(0.,0.,-1.),(-1.,0.,0.),(0.,0.,1.),(0.,1.,0.),(0.,0.,1.),(0.,1.,0.)),
$,(2,2,2,3,3,3,1,1,1,6,6,7,7,5,5,4,4,4,8,8),((1,4,8),(10,2,9),(7,6,12),
(10,9,14),(7,12,15),(1,16,4),(19,17,3),(19,3,11),(18,13,5),(18,20,13)),
());
#164=COMPLEX_TRIANGULATED_FACE('ConvergentBody',#260,20,((-1.,0.,0.),(0.,
-1.,0.),(0.,0.,1.),(-1.,0.,0.),(0.,1.,0.),(0.,0.,-1.),(0.,0.,-1.),(-1.,
0.,0.),(0.,-1.,0.),(0.,-1.,0.),(0.,0.,1.),(0.,0.,-1.),(0.,1.,0.),(0.,-1.,
0.),(0.,0.,-1.),(-1.,0.,0.),(0.,0.,1.),(0.,1.,0.),(0.,0.,1.),(0.,1.,0.)),
$,(2,2,2,3,3,3,1,1,1,6,6,7,7,5,5,4,4,4,8,8),((1,4,8),(10,2,9),(7,6,12),
(10,9,14),(7,12,15),(1,16,4),(17,3,11),(18,13,5),(17,11,19),(18,20,13)),
());
#165=COMPLEX_TRIANGULATED_FACE('ConvergentBody',#261,20,((-1.,0.,0.),(0.,
-1.,0.),(0.,0.,1.),(-1.,0.,0.),(0.,1.,0.),(0.,0.,-1.),(0.,0.,-1.),(-1.,
0.,0.),(0.,-1.,0.),(0.,-1.,0.),(0.,0.,1.),(0.,0.,-1.),(0.,1.,0.),(0.,-1.,
0.),(0.,0.,-1.),(-1.,0.,0.),(0.,0.,1.),(0.,1.,0.),(0.,0.,1.),(0.,1.,0.)),
$,(2,2,2,3,3,3,1,1,1,6,6,7,7,5,5,4,4,4,8,8),((1,4,8),(10,2,9),(7,6,12),
(10,9,14),(7,12,15),(1,16,4),(17,3,11),(18,13,5),(17,11,19),(18,20,13)),
());
#166=COMPLEX_TRIANGULATED_FACE('ConvergentBody',#262,20,((-1.,0.,0.),(0.,
-1.,0.),(0.,0.,1.),(-1.,0.,0.),(0.,1.,0.),(0.,0.,-1.),(0.,0.,-1.),(-1.,
0.,0.),(0.,-1.,0.),(0.,-1.,0.),(0.,0.,1.),(0.,0.,-1.),(0.,1.,0.),(0.,-1.,
0.),(0.,0.,-1.),(-1.,0.,0.),(0.,0.,1.),(0.,1.,0.),(0.,0.,1.),(0.,1.,0.)),
$,(2,2,2,3,3,3,1,1,1,6,6,7,7,5,5,4,4,4,8,8),((1,4,8),(10,2,9),(7,6,12),
(10,9,14),(7,12,15),(1,16,4),(17,3,11),(18,13,5),(17,11,19),(18,20,13)),
());
#167=COMPLEX_TRIANGULATED_FACE('ConvergentBody',#263,20,((-1.,0.,0.),(0.,
-1.,0.),(0.,0.,1.),(-1.,0.,0.),(0.,1.,0.),(0.,0.,-1.),(0.,0.,-1.),(-1.,
0.,0.),(0.,-1.,0.),(0.,-1.,0.),(0.,0.,1.),(0.,0.,-1.),(0.,1.,0.),(0.,-1.,
0.),(0.,0.,-1.),(-1.,0.,0.),(0.,0.,1.),(0.,1.,0.),(0.,0.,1.),(0.,1.,0.)),
$,(2,2,2,3,3,3,1,1,1,6,6,7,7,5,5,4,4,4,8,8),((1,4,8),(10,2,9),(7,6,12),
(10,9,14),(7,12,15),(1,16,4),(17,3,11),(18,13,5),(17,11,19),(18,20,13)),
());
#168=COMPLEX_TRIANGULATED_FACE('ConvergentBody',#264,36,((-1.,0.,0.),(0.,
-1.,0.),(0.,-0.707113524688784,0.707100037619999),(-0.707113524688784,0.,
0.707100037619999),(-1.,0.,0.),(0.,1.,0.),(-1.,0.,0.),(0.,-1.,0.),(0.,-1.,
0.),(1.,0.,0.),(0.707113524688735,0.,0.707100037620048),(0.,-0.707113524688784,
0.707100037619999),(0.,-1.,0.),(1.,0.,0.),(-1.,0.,0.),(-0.707113524688784,
0.,0.707100037619999),(0.,0.707113524688735,0.707100037620048),(0.,1.,0.),
(-0.707113524688784,0.,0.707100037619999),(0.,0.,1.),(0.,0.707113524688735,
0.707100037620048),(-0.707113524688784,0.,0.707100037619999),(0.,-0.707113524688784,
0.707100037619999),(0.,0.,1.),(0.,-0.707113524688784,0.707100037619999),
(0.,0.,1.),(0.707113524688735,0.,0.707100037620048),(0.,1.,0.),(1.,0.,0.),
(0.,0.707113524688735,0.707100037620048),(0.707113524688735,0.,0.707100037620048),
(1.,0.,0.),(0.,1.,0.),(0.,0.,1.),(0.707113524688735,0.,0.707100037620048),
(0.,0.707113524688735,0.707100037620048)),$,(2,2,2,2,3,3,1,1,10,10,10,10,
9,9,4,4,4,4,6,6,6,5,5,5,7,7,7,11,11,12,12,12,12,8,8,8),((1,5,7),(9,2,8),
(9,8,13),(1,15,5),(19,16,4),(19,4,22),(25,23,3),(25,3,12),(18,28,6),(30,
17,21),(18,33,28),(34,20,24),(34,24,26),(30,21,36),(31,35,27),(31,27,11),
(32,10,14),(32,14,29)),());
#169=COMPLEX_TRIANGULATED_FACE('ConvergentBody',#265,16,((1.,0.,0.),(0.,
-1.,0.),(1.,0.,0.),(0.,1.,0.),(0.,1.,0.),(1.,0.,0.),(0.,1.,0.),(-1.,0.,
0.),(1.,0.,0.),(0.,-1.,0.),(0.,1.,0.),(-1.,0.,0.),(-1.,0.,0.),(0.,-1.,0.),
(-1.,0.,0.),(0.,-1.,0.)),$,(4,4,2,2,1,1,5,5,3,3,6,6,8,8,7,7),((1,3,6),(4,
7,5),(1,6,9),(4,11,7),(14,2,10),(14,10,16),(12,15,8),(12,13,15)),());
#170=COMPLEX_TRIANGULATED_FACE('ConvergentBody',#266,36,((-1.,0.,0.),(0.,
-1.,0.),(0.,-0.707113524688784,0.707100037619999),(-0.707113524688784,0.,
0.707100037619999),(-1.,0.,0.),(0.,1.,0.),(-1.,0.,0.),(0.,-1.,0.),(0.,-1.,
0.),(1.,0.,0.),(0.707113524688735,0.,0.707100037620048),(0.,-0.707113524688784,
0.707100037619999),(0.,-1.,0.),(1.,0.,0.),(-1.,0.,0.),(-0.707113524688784,
0.,0.707100037619999),(0.,0.707113524688735,0.707100037620048),(0.,1.,0.),
(-0.707113524688784,0.,0.707100037619999),(0.,0.,1.),(0.,0.707113524688735,
0.707100037620048),(-0.707113524688784,0.,0.707100037619999),(0.,-0.707113524688784,
0.707100037619999),(0.,0.,1.),(0.,-0.707113524688784,0.707100037619999),
(0.,0.,1.),(0.707113524688735,0.,0.707100037620048),(0.,1.,0.),(1.,0.,0.),
(0.,0.707113524688735,0.707100037620048),(0.707113524688735,0.,0.707100037620048),
(1.,0.,0.),(0.,1.,0.),(0.,0.,1.),(0.707113524688735,0.,0.707100037620048),
(0.,0.707113524688735,0.707100037620048)),$,(2,2,2,2,3,3,1,1,10,10,10,10,
9,9,4,4,4,4,6,6,6,5,5,5,7,7,7,11,11,12,12,12,12,8,8,8),((1,5,7),(9,2,8),
(9,8,13),(1,15,5),(19,16,4),(19,4,22),(25,23,3),(25,3,12),(18,28,6),(30,
17,21),(18,33,28),(34,20,24),(34,24,26),(30,21,36),(31,35,27),(31,27,11),
(32,10,14),(32,14,29)),());
#171=COMPLEX_TRIANGULATED_FACE('ConvergentBody',#267,16,((1.,0.,0.),(0.,
-1.,0.),(1.,0.,0.),(0.,1.,0.),(0.,1.,0.),(1.,0.,0.),(0.,1.,0.),(-1.,0.,
0.),(1.,0.,0.),(0.,-1.,0.),(0.,1.,0.),(-1.,0.,0.),(-1.,0.,0.),(0.,-1.,0.),
(-1.,0.,0.),(0.,-1.,0.)),$,(4,4,2,2,1,1,5,5,3,3,6,6,8,8,7,7),((1,3,6),(4,
7,5),(1,6,9),(4,11,7),(14,2,10),(14,10,16),(12,15,8),(12,13,15)),());
#172=COMPLEX_TRIANGULATED_FACE('ConvergentBody',#268,36,((-1.,0.,0.),(0.,
-1.,0.),(0.,-0.707113524688735,0.707100037620048),(-0.707113524688784,0.,
0.707100037619999),(-1.,0.,0.),(0.,1.,0.),(-1.,0.,0.),(0.,-1.,0.),(0.,-1.,
0.),(1.,0.,0.),(0.707113524688735,0.,0.707100037620048),(0.,-0.707113524688735,
0.707100037620048),(0.,-1.,0.),(1.,0.,0.),(-1.,0.,0.),(-0.707113524688784,
0.,0.707100037619999),(0.,0.707113524688735,0.707100037620048),(0.,1.,0.),
(-0.707113524688784,0.,0.707100037619999),(0.,0.,1.),(0.,0.707113524688735,
0.707100037620048),(-0.707113524688784,0.,0.707100037619999),(0.,-0.707113524688735,
0.707100037620048),(0.,0.,1.),(0.,-0.707113524688735,0.707100037620048),
(0.,0.,1.),(0.707113524688735,0.,0.707100037620048),(0.,1.,0.),(1.,0.,0.),
(0.,0.707113524688735,0.707100037620048),(0.707113524688735,0.,0.707100037620048),
(1.,0.,0.),(0.,1.,0.),(0.,0.,1.),(0.707113524688735,0.,0.707100037620048),
(0.,0.707113524688735,0.707100037620048)),$,(2,2,2,2,3,3,1,1,10,10,10,10,
9,9,4,4,4,4,6,6,6,5,5,5,7,7,7,11,11,12,12,12,12,8,8,8),((1,5,7),(9,2,8),
(9,8,13),(1,15,5),(19,16,4),(19,4,22),(25,23,3),(25,3,12),(18,28,6),(30,
17,21),(18,33,28),(34,20,24),(34,24,26),(30,21,36),(31,35,27),(31,27,11),
(32,10,14),(32,14,29)),());
#173=COMPLEX_TRIANGULATED_FACE('ConvergentBody',#269,16,((1.,0.,0.),(0.,
-1.,0.),(1.,0.,0.),(0.,1.,0.),(0.,1.,0.),(1.,0.,0.),(0.,1.,0.),(-1.,0.,
0.),(1.,0.,0.),(0.,-1.,0.),(0.,1.,0.),(-1.,0.,0.),(-1.,0.,0.),(0.,-1.,0.),
(-1.,0.,0.),(0.,-1.,0.)),$,(4,4,2,2,1,1,5,5,3,3,6,6,8,8,7,7),((1,3,6),(4,
7,5),(1,6,9),(4,11,7),(14,2,10),(14,10,16),(12,15,8),(12,13,15)),());
#174=COMPLEX_TRIANGULATED_FACE('ConvergentBody',#270,36,((-1.,0.,0.),(0.,
-1.,0.),(0.,-0.707113524688735,0.707100037620048),(-0.707113524688784,0.,
0.707100037619999),(-1.,0.,0.),(0.,1.,0.),(-1.,0.,0.),(0.,-1.,0.),(0.,-1.,
0.),(1.,0.,0.),(0.707113524688735,0.,0.707100037620048),(0.,-0.707113524688735,
0.707100037620048),(0.,-1.,0.),(1.,0.,0.),(-1.,0.,0.),(-0.707113524688784,
0.,0.707100037619999),(0.,0.707113524688784,0.707100037619999),(0.,1.,0.),
(-0.707113524688784,0.,0.707100037619999),(0.,0.,1.),(0.,0.707113524688784,
0.707100037619999),(-0.707113524688784,0.,0.707100037619999),(0.,-0.707113524688735,
0.707100037620048),(0.,0.,1.),(0.,-0.707113524688735,0.707100037620048),
(0.,0.,1.),(0.707113524688735,0.,0.707100037620048),(0.,1.,0.),(1.,0.,0.),
(0.,0.707113524688784,0.707100037619999),(0.707113524688735,0.,0.707100037620048),
(1.,0.,0.),(0.,1.,0.),(0.,0.,1.),(0.707113524688735,0.,0.707100037620048),
(0.,0.707113524688784,0.707100037619999)),$,(2,2,2,2,3,3,1,1,10,10,10,10,
9,9,4,4,4,4,6,6,6,5,5,5,7,7,7,11,11,12,12,12,12,8,8,8),((1,5,7),(9,2,8),
(9,8,13),(1,15,5),(19,16,4),(19,4,22),(25,23,3),(25,3,12),(18,28,6),(30,
17,21),(18,33,28),(34,20,24),(34,24,26),(30,21,36),(31,35,27),(31,27,11),
(32,10,14),(32,14,29)),());
#175=COMPLEX_TRIANGULATED_FACE('ConvergentBody',#271,16,((1.,0.,0.),(0.,
-1.,0.),(1.,0.,0.),(0.,1.,0.),(0.,1.,0.),(1.,0.,0.),(0.,1.,0.),(-1.,0.,
0.),(1.,0.,0.),(0.,-1.,0.),(0.,1.,0.),(-1.,0.,0.),(-1.,0.,0.),(0.,-1.,0.),
(-1.,0.,0.),(0.,-1.,0.)),$,(4,4,2,2,1,1,5,5,3,3,6,6,8,8,7,7),((1,3,6),(4,
7,5),(1,6,9),(4,11,7),(14,2,10),(14,10,16),(12,15,8),(12,13,15)),());
#176=COMPLEX_TRIANGULATED_FACE('ConvergentBody',#272,36,((-1.,0.,0.),(0.,
-1.,0.),(0.,-0.707113524688735,0.707100037620048),(-0.707113524688784,0.,
0.707100037619999),(-1.,0.,0.),(0.,1.,0.),(-1.,0.,0.),(0.,-1.,0.),(0.,-1.,
0.),(1.,0.,0.),(0.707113524688735,0.,0.707100037620048),(0.,-0.707113524688735,
0.707100037620048),(0.,-1.,0.),(1.,0.,0.),(-1.,0.,0.),(-0.707113524688784,
0.,0.707100037619999),(0.,0.707113524688784,0.707100037619999),(0.,1.,0.),
(-0.707113524688784,0.,0.707100037619999),(0.,0.,1.),(0.,0.707113524688784,
0.707100037619999),(-0.707113524688784,0.,0.707100037619999),(0.,-0.707113524688735,
0.707100037620048),(0.,0.,1.),(0.,-0.707113524688735,0.707100037620048),
(0.,0.,1.),(0.707113524688735,0.,0.707100037620048),(0.,1.,0.),(1.,0.,0.),
(0.,0.707113524688784,0.707100037619999),(0.707113524688735,0.,0.707100037620048),
(1.,0.,0.),(0.,1.,0.),(0.,0.,1.),(0.707113524688735,0.,0.707100037620048),
(0.,0.707113524688784,0.707100037619999)),$,(2,2,2,2,3,3,1,1,10,10,10,10,
9,9,4,4,4,4,6,6,6,5,5,5,7,7,7,11,11,12,12,12,12,8,8,8),((1,5,7),(9,2,8),
(9,8,13),(1,15,5),(19,16,4),(19,4,22),(25,23,3),(25,3,12),(18,28,6),(30,
17,21),(18,33,28),(34,20,24),(34,24,26),(30,21,36),(31,35,27),(31,27,11),
(32,10,14),(32,14,29)),());
#177=COMPLEX_TRIANGULATED_FACE('ConvergentBody',#273,16,((1.,0.,0.),(0.,
-1.,0.),(1.,0.,0.),(0.,1.,0.),(0.,1.,0.),(1.,0.,0.),(0.,1.,0.),(-1.,0.,
0.),(1.,0.,0.),(0.,-1.,0.),(0.,1.,0.),(-1.,0.,0.),(-1.,0.,0.),(0.,-1.,0.),
(-1.,0.,0.),(0.,-1.,0.)),$,(4,4,2,2,1,1,5,5,3,3,6,6,8,8,7,7),((1,3,6),(4,
7,5),(1,6,9),(4,11,7),(14,2,10),(14,10,16),(12,15,8),(12,13,15)),());
#178=COMPLEX_TRIANGULATED_FACE('ConvergentBody',#274,36,((-1.,0.,0.),(0.,
-1.,0.),(0.,-0.707113524688784,0.707100037619999),(-0.707113524688784,0.,
0.707100037619999),(-1.,0.,0.),(0.,1.,0.),(-1.,0.,0.),(0.,-1.,0.),(0.,-1.,
0.),(1.,0.,0.),(0.707113524688735,0.,0.707100037620048),(0.,-0.707113524688784,
0.707100037619999),(0.,-1.,0.),(1.,0.,0.),(-1.,0.,0.),(-0.707113524688784,
0.,0.707100037619999),(0.,0.707113524688735,0.707100037620048),(0.,1.,0.),
(-0.707113524688784,0.,0.707100037619999),(0.,0.,1.),(0.,0.707113524688735,
0.707100037620048),(-0.707113524688784,0.,0.707100037619999),(0.,-0.707113524688784,
0.707100037619999),(0.,0.,1.),(0.,-0.707113524688784,0.707100037619999),
(0.,0.,1.),(0.707113524688735,0.,0.707100037620048),(0.,1.,0.),(1.,0.,0.),
(0.,0.707113524688735,0.707100037620048),(0.707113524688735,0.,0.707100037620048),
(1.,0.,0.),(0.,1.,0.),(0.,0.,1.),(0.707113524688735,0.,0.707100037620048),
(0.,0.707113524688735,0.707100037620048)),$,(2,2,2,2,3,3,1,1,10,10,10,10,
9,9,4,4,4,4,6,6,6,5,5,5,7,7,7,11,11,12,12,12,12,8,8,8),((1,5,7),(9,2,8),
(9,8,13),(1,15,5),(19,16,4),(19,4,22),(25,23,3),(25,3,12),(18,28,6),(30,
17,21),(18,33,28),(34,20,24),(34,24,26),(30,21,36),(31,35,27),(31,27,11),
(32,10,14),(32,14,29)),());
#179=COMPLEX_TRIANGULATED_FACE('ConvergentBody',#275,16,((1.,0.,0.),(0.,
-1.,0.),(1.,0.,0.),(0.,1.,0.),(0.,1.,0.),(1.,0.,0.),(0.,1.,0.),(-1.,0.,
0.),(1.,0.,0.),(0.,-1.,0.),(0.,1.,0.),(-1.,0.,0.),(-1.,0.,0.),(0.,-1.,0.),
(-1.,0.,0.),(0.,-1.,0.)),$,(4,4,2,2,1,1,5,5,3,3,6,6,8,8,7,7),((1,3,6),(4,
7,5),(1,6,9),(4,11,7),(14,2,10),(14,10,16),(12,15,8),(12,13,15)),());
#180=COMPLEX_TRIANGULATED_FACE('ConvergentBody',#276,394,((0.,0.,1.),(0.,
0.,1.),(-0.999432778123603,0.0126761445563865,0.031199957873723),(0.,0.,
1.),(-0.918497115296355,-0.393683512018358,0.0370990775783769),(-0.974306007759802,
-0.207976470983926,-0.0864499321007736),(0.,0.,1.),(0.,0.,1.),(-0.923831681796612,
0.381889833294225,0.0263662461368909),(-0.949595776575804,0.29127702624786,
-0.115868697626231),(-0.988915014096729,0.0350002945121111,-0.144298559515099),
(0.,0.,1.),(-0.819656797695322,-0.572841714229372,0.0038864418951473),(-0.555523449451934,
-0.831408141545912,0.0124177002780892),(-0.875569204627301,-0.460246232825607,
-0.146805902736072),(0.,0.,1.),(-0.704819865746159,0.708487695434271,0.0356951294689058),
(-0.797900294911564,0.588200512718759,-0.131815311012902),(-0.690822055890227,
-0.706399279894199,-0.154158828681838),(-0.813187361280903,-0.58184606557991,
-0.01347113292126),(-0.551879832492122,-0.833898651271825,0.00645677129052064),
(-0.195100441658156,-0.980781534733591,-0.00184358086706199),(0.,0.,1.),
(0.,0.,1.),(-0.36722693247609,0.929972264713973,0.0172036893416921),(-0.637916488482132,
0.763800744197783,-0.09834112509799),(-0.772355251570173,-0.595338111056447,
-0.221449540292403),(-0.448458975687764,-0.677596434918072,-0.582878733967368),
(-0.629215975060115,-0.761774196975408,-0.154231415579384),(-0.32498993266062,
-0.640829465744106,-0.695499201655451),(-0.894340274792288,-0.191559831517941,
-0.404302243171212),(-0.477109797476348,-0.877903651177578,-0.0406376721916493),
(-0.16145869163428,-0.986146108368667,-0.038038715081883),(-0.251251733429619,
-0.693781991517549,-0.67493637825691),(-0.316810146818184,-0.632456968775402,
-0.706844759137727),(-0.833076991796455,-0.529679222229734,-0.159444809503081),
(-0.860025919528977,-0.319473742211816,-0.397859203457098),(-0.372542476333651,
-0.662787453365589,-0.649557460882675),(-0.954627123758128,-0.270073483464982,
-0.1254885178587),(-0.874550371965547,-0.212285511735705,-0.436000583029465),
(-0.654590293188734,-0.347468861794091,-0.671399239012531),(-0.829487199786954,
-0.249968665417694,-0.499466366934646),(-0.329875968853522,-0.764343944004686,
-0.554039872605133),(-0.692194949391093,-0.337801302851872,-0.637774593276527),
(-0.476743257563105,-0.418270778914284,-0.773152909762717),(-0.788103985460141,
-0.24775225895485,-0.563481078905592),(-0.821086004067213,-0.207817272990692,
-0.531629339833355),(-0.843006608297452,0.255176942977825,-0.473523585620946),
(-0.850876645220602,0.322494496226781,-0.414736343381635),(-0.781548336919,
0.558077128104215,-0.278804799359868),(-0.245166504836413,0.620934311689272,
-0.744536073990554),(-0.0784758839759894,0.838483375084763,-0.539246850098035),
(-0.335527617163948,0.635052554952429,-0.695794129443958),(-0.951791276810718,
0.290923763208933,-0.0972457165502705),(-0.328631470134901,0.647911862054631,
-0.687176524515989),(-0.661268288782242,0.425177034809153,-0.618020015308487),
(-0.907718612610244,0.257876999985957,-0.330977904397223),(-0.21213301616212,
0.822814002406503,-0.527234957962532),(-0.33824064887261,0.712064400131324,
-0.615270309307912),(-0.465968484525558,0.33955620546236,-0.81705260219949),
(-0.746303376955272,0.293781590527792,-0.597263464990214),(-0.820903969222845,
0.309021248851042,-0.480231757667816),(-0.819323480753305,0.233489079655563,
-0.523633348410781),(-0.806143088494409,-0.230196362394557,-0.545108205417062),
(-0.472332843857847,0.676061692539822,-0.565545995029007),(-0.779666238183111,
0.59770087015206,-0.186746423946663),(-0.422808204587219,0.676817209535943,
-0.602620682527336),(-0.726649365906953,0.660402276982938,-0.189339725316093),
(-0.859082801193412,0.328695203261085,-0.392347045416217),(-0.227229392789041,
0.593092761862919,-0.772403896208803),(-0.561230450607971,0.810966956721945,
-0.165387352646813),(-0.122066959790351,0.569821558039944,-0.812651862312806),
(-0.0486101748891036,0.83574482727861,-0.546962187517837),(-0.809673130898649,
0.209667642876394,-0.548150436131759),(-0.896377984859446,-0.155130956872577,
-0.415260032364201),(-0.643229098007612,-0.730753496139784,0.228594959165326),
(-0.476743257563105,-0.418270778914284,-0.773152909762717),(-0.87705645491786,
0.117048425613254,-0.46590947720386),(-0.465968484525558,0.33955620546236,
-0.81705260219949),(-0.633419953031524,0.647863322256062,-0.423145694503536),
(-0.633419953031524,0.647863322256062,-0.423145694503536),(-0.985026613948936,
0.0357071799055453,-0.168664065869074),(-0.752116085019987,0.580064073176702,
0.312805156069815),(-0.82585191536971,-0.0214813478533572,-0.563477741862609),
(-0.633419953031524,0.647863322256062,-0.423145694503536),(-0.465968484525558,
0.33955620546236,-0.81705260219949),(-0.154411240844814,0.884587501023107,
-0.440070587218073),(-0.0613786270358853,0.989080522305538,-0.133986508794707),
(-0.554675990743092,0.830386797690531,0.0528423269210879),(-0.712036031046778,
0.596091765274817,0.371051610780365),(-0.809772618579987,0.247561412494527,
-0.53196019892641),(-0.83978257386473,0.0521372057930433,-0.540413675257411),
(-0.832234980699276,0.126705532277826,-0.539750539592753),(-0.975232279238306,
-0.115648655581073,-0.188540154858189),(-0.795497875505722,-0.531371131451076,
0.291252211538877),(-0.911062796443363,-0.287951391613581,-0.295039958318532),
(-0.829760368899499,-0.55425755320225,0.0655461282000913),(-0.59722736453691,
-0.794599452736273,0.109229962736933),(-0.476743257563105,-0.418270778914284,
-0.773152909762717),(-0.61632682259643,-0.76789869407045,0.174564725512019),
(-0.0839299590914974,-0.955915576507194,-0.281391493399886),(-0.793963254639304,
-0.273952306702764,-0.542745321430593),(-0.818533472257894,-0.121858705468283,
-0.561385260489648),(-0.994405158594711,0.0925986411708047,-0.0508318031703497),
(-0.825456536120214,0.551382708950872,0.120824729448962),(-0.979900333175655,
0.194964220995134,-0.0422408519563849),(-0.786454445560469,0.582805163851579,
0.204517837965568),(-0.555381354607242,0.831442774242849,0.0159519313557602),
(-0.818583303815641,-0.546791575098743,0.175898687076697),(-0.980246570572475,
-0.195033109536208,-0.0328442851275483),(-0.994619246813832,-0.0939827333625299,
-0.0435866917440778),(0.,0.,1.),(-0.157283851343111,-0.986638754965691,
-0.0424942032097299),(0.203046264556118,-0.978607276113831,0.033166452732779),
(0.,0.,1.),(0.,0.,1.),(0.147633289858534,0.987633037011417,-0.0527768503148105),
(-0.218750125929145,0.975469643651112,0.024644608358736),(0.,0.,1.),(-0.529609464387205,
-0.840466444609507,-0.114586084307619),(-0.282555671337951,-0.639884811350732,
-0.714639574049323),(-0.828236306957599,-0.553239520919066,-0.0891664305132872),
(-0.977151693408843,-0.194417342508833,-0.0858863493230017),(-0.990960813757157,
-0.0948587600459517,-0.0948603249008646),(-0.774139718522035,-0.447595156859068,
-0.447622912464197),(-0.965926545243049,-0.183009170037563,-0.183012439131853),
(-0.706262543103198,-0.698939996118477,-0.112588196696224),(-0.990960813757157,
0.0948587600459517,-0.0948603249008646),(-0.977151127225812,0.0858857342493896,
-0.194420459864099),(-0.828214615904905,0.0891550929892346,-0.553273819546499),
(-0.977151127225812,-0.0858857342493896,-0.194420459864099),(-0.828214615904905,
-0.0891550929892346,-0.553273819546499),(-0.706279962737369,-0.112571529334904,
-0.69892507825868),(-0.965926545243049,0.183009170037563,-0.183012439131853),
(-0.774139718522141,0.447595156858643,-0.447622912464439),(-0.706279962737349,
0.112571529334995,-0.698925078258685),(-0.828236306958108,0.553239520918301,
-0.0891664305133018),(-0.977151693408843,0.194417342508833,-0.0858863493230017),
(-0.706262543103166,0.69893999611851,-0.112588196696211),(-0.161977051201422,
-0.862988041876699,-0.478555194791481),(-0.489483153988489,-0.74526870516,
-0.452748052531006),(-0.489493141936046,-0.452740511198774,-0.745266726425547),
(-0.489483153988421,0.745268705159911,-0.452748052531226),(-0.489493141936265,
0.452740511198073,-0.745266726425829),(-0.14527676158998,0.578233855571743,
-0.802832654301359),(-0.322786825217437,0.939622440103554,-0.113658855879738),
(-0.400256535874185,0.91528933230379,-0.0451679494872146),(-0.555063238424913,
-0.830966533187662,0.0374088501738091),(-0.194755104379242,-0.97884930216833,
-0.0626457737026441),(-0.555201180460486,0.831173041578649,0.0300503605332859),
(-0.19472698558108,0.978707975623661,-0.064900689804818),(-0.343663238554112,
-0.935580078925114,-0.0811510590502562),(-0.174543374522622,-0.619744525300636,
-0.765147916268577),(-0.187943545221965,-0.981641801303169,0.0325053494623531),
(-0.104760283697542,-0.612614238328342,-0.783408627701403),(-0.0101373164792054,
-0.995652808773727,0.0925889798820017),(-0.131764679238526,-0.988837519415474,
-0.0695588204429866),(-0.065521814627331,-0.952131796598934,0.298583210702187),
(0.207642732146998,-0.975931641448644,-0.0666477832030793),(-0.555310663942993,
-0.831336945621324,-0.0225599059439382),(-0.195135876184631,-0.980763081102021,
-0.00507627549750906),(-0.0922162367014187,-0.99341430887614,-0.0680012985814912),
(-0.369880649147167,-0.917785319605723,-0.144424417958637),(-0.0912384876661316,
-0.991477389663029,-0.0929952910387578),(-0.555393039526959,0.0227267372138664,
-0.831277370713661),(-0.195080830209609,0.00526265882029323,-0.980773049235587),
(-0.555393039526958,-0.0227267372139049,-0.83127737071366),(-0.195080830209609,
-0.00526265882030169,-0.980773049235587),(-0.0912240267512758,-0.0929753507454274,
-0.991480590378373),(-0.369902998641763,-0.14456568799754,-0.917754070244109),
(-0.369902998641802,0.144565687997678,-0.917754070244072),(-0.0912240267512666,
0.0929753507454204,-0.991480590378375),(-0.0918239813114229,0.993345869534689,
-0.069515033873914),(-0.195135876184631,0.980763081102021,-0.00507627549750906),
(-0.555310663942011,0.831336945621982,-0.0225599059438907),(-0.0912384876661315,
0.991477389663029,-0.0929952910387578),(-0.369880649146588,0.917785319606006,
-0.144424417958322),(-0.00678042781884055,0.552156871906136,-0.83371266909255),
(-0.0381755587661468,0.998913390544705,-0.0267332172282717),(0.0207022072106565,
0.556252442394244,-0.830755462784955),(0.0246792080935873,0.885115487245904,
-0.464716592048658),(-0.0558745913495817,-0.613854839850005,-0.787439055187284),
(-0.0140181808550115,-0.921084412095394,-0.389110519519068),(-0.239015470042684,
0.969974949115674,-0.0449466702695557),(0.117187281550303,0.989476155769931,
-0.0848768413974543),(0.057578938085801,0.947382531438353,0.314882525736773),
(0.00670540571256525,0.994829470067071,0.101337865678634),(0.130380130959702,
0.885437299375788,-0.44609618954329),(0.476743257563198,0.418270778913983,
-0.773152909762823),(0.616326822596233,0.767898694070513,0.174564725512437),
(0.0625620690304137,0.989364673153732,-0.131314626123838),(0.100365068674884,
-0.948789339052075,-0.299542389472697),(0.554675990743953,-0.830386797689931,
0.0528423269214762),(0.71203603104695,-0.596091765275022,0.371051610779707),
(0.633419953031609,-0.647863322256061,-0.42314569450341),(0.465968484525595,
-0.339556205462303,-0.817052602199492),(0.0918239813114396,-0.993345869534687,
-0.0695150338739221),(0.154340352577128,0.986962573835221,-0.0456501195499306),
(0.501101989626477,0.863910586945449,-0.0505499135108678),(0.00909875375242717,
-0.627179849432929,-0.77882132042301),(0.0382429155363758,-0.998899787061028,
-0.0271421226271989),(0.133419262022176,-0.630946092296507,-0.764268492833),
(0.0427393197222368,-0.905401813162224,-0.422398990614606),(0.354892063905588,
-0.933921387037513,-0.0429239538109009),(0.,0.,1.),(0.374712678040413,-0.92672519260967,
0.0277637587216068),(0.17070402106928,-0.645368476637883,-0.744553333585229),
(0.330809689943055,-0.937046954420578,-0.111838965709177),(0.0894325639964279,
0.539151813703747,-0.837446797281466),(0.187864927968955,0.981648053923053,
0.0327699110206561),(0.195100421403893,0.980781432914703,-0.00189905708312638),
(0.,0.,1.),(0.551735718405652,0.833995236566461,0.00629622266537287),(0.132162087130732,
0.582677772948191,-0.801885151151575),(0.343720234321765,0.935577290291538,
-0.0809415493336614),(0.206248033535316,0.847953481906153,-0.488299745224229),
(0.235871341134347,0.704053802721744,-0.669830540737384),(0.261826995977689,
-0.808716607180355,-0.526710616418536),(0.261833549211577,-0.526741316006192,
-0.808694490224419),(0.69075593429521,-0.511299761570589,-0.5113010786746),
(0.137279717655655,-0.826277675883354,-0.54627784272949),(0.0901824178266785,
-0.97677869772373,-0.194346358823795),(0.126054904126931,-0.824893094515809,
-0.551054937157524),(0.126048889131956,-0.551105584374644,-0.824860177496575),
(-0.110940050677999,-0.916049045103695,-0.385417244191502),(0.267899140778989,
-0.812204595143353,-0.518221715096832),(0.627356921715622,-0.743465090087034,
-0.231695819119332),(0.193598545908256,-0.961451788372814,-0.195269203042687),
(0.0977247222742656,-0.990413190381989,-0.097629867222013),(0.137280883639509,
-0.54632036075187,-0.826249370598914),(0.0901848337952481,-0.194288575139438,
-0.976789969913497),(-0.120881844661818,-0.7019435488267,-0.701899447137362),
(0.267918275520719,-0.518235314067174,-0.812189606493275),(0.193573875452507,
-0.195262860702733,-0.961458043792074),(0.627405815582289,-0.231675023872162,
-0.743430310040797),(0.0977071231610894,-0.0976094359341027,-0.990416940535757),
(-0.110941332270666,-0.385416096156991,-0.916049372914536),(0.261833549211527,
0.526741316006149,-0.808694490224463),(0.261826995977632,0.808716607180322,
-0.526710616418616),(0.690755934295203,0.511299761570579,-0.511301078674621),
(0.137280883639582,0.546320360751776,-0.826249370598964),(0.0901848337952481,
0.194288575139438,-0.976789969913497),(0.126048889132035,0.551105584374639,
-0.824860177496567),(0.126054904126912,0.824893094515774,-0.551054937157582),
(-0.110941332270859,0.38541609615668,-0.916049372914644),(0.267918275520703,
0.518235314067085,-0.812189606493338),(0.627405815582268,0.23167502387213,
-0.743430310040824),(0.193573875452507,0.195262860702733,-0.961458043792074),
(0.0977071231610894,0.0976094359341027,-0.990416940535757),(0.137279717655615,
0.826277675883276,-0.546277842729619),(0.0901824178266785,0.97677869772373,
-0.194346358823795),(-0.12088184466189,0.701943548826683,-0.701899447137366),
(0.267899140778989,0.812204595143353,-0.518221715096832),(0.193598545908256,
0.961451788372814,-0.195269203042687),(0.62735692171523,0.743465090087193,
-0.231695819119881),(0.0977247222742657,0.990413190381989,-0.097629867222013),
(-0.110940050677681,0.916049045103958,-0.385417244190969),(0.555063238423831,
0.830966533188408,0.0374088501732793),(0.194755104379287,0.97884930216832,
-0.0626457737026689),(0.597227364536395,0.79459945273662,0.109229962737225),
(0.911062796443514,0.287951391613636,-0.295039958318013),(0.829760368899908,
0.554257553201653,0.0655461281999486),(0.0922162367014353,0.993414308876138,
-0.0680012985814995),(0.643229098007718,0.730753496139371,0.228594959166347),
(0.476743257563198,0.418270778913983,-0.773152909762823),(0.896401675914498,
0.155121027826173,-0.415212598729651),(0.476743257563198,0.418270778913983,
-0.773152909762823),(0.329875968853872,0.764343944004539,-0.554039872605127),
(0.692194949391087,0.337801302851939,-0.637774593276499),(0.215685665215303,
-0.835727784965464,-0.505013626803626),(0.555381354608115,-0.831442774242264,
0.0159519313558753),(0.78645444556012,-0.582805163852108,0.204517837965399),
(0.555201180461357,-0.831173041578059,0.0300503605335053),(0.194726985581125,
-0.97870797562365,-0.0649006898048427),(0.752116085019714,-0.58006407317707,
0.312805156069788),(0.985026613948972,-0.0357071799055149,-0.168664065868868),
(0.633419953031609,-0.647863322256061,-0.42314569450341),(0.465968484525595,
-0.339556205462303,-0.817052602199492),(0.746303376955213,-0.293781590527725,
-0.597263464990322),(0.33825652862398,-0.712050788315498,-0.615277332349024),
(0.465968484525595,-0.339556205462303,-0.817052602199492),(0.633419953031609,
-0.647863322256061,-0.42314569450341),(0.877064024366184,-0.117026189375072,
-0.465900813653446),(0.283447322362049,-0.637580202432891,-0.716344261449353),
(0.559696299707941,-0.814022129884651,-0.155267588862886),(0.529736960639582,
0.840445391054914,-0.114150327143157),(0.282555671337822,0.639884811350836,
-0.714639574049281),(0.303783082576889,-0.642678868151735,-0.703334707782353),
(0.0100975556775527,-0.87330175839085,-0.487075023133797),(0.335541422192758,
-0.635051243702491,-0.695788668968373),(0.878059485842202,-0.320577692175135,
-0.355304774246269),(0.834591219890736,-0.513056973391799,-0.200574269873629),
(0.193993691545434,-0.975022401592573,-0.108156202009992),(0.555125555374142,
-0.831059825799758,-0.0342809526154951),(0.700599480807449,-0.707651944415614,
-0.0915919923199296),(0.193938639420412,-0.108180474380877,-0.975030660596111),
(0.555210055234278,-0.0342781557082198,-0.831003491333215),(0.193938639420412,
0.108180474380877,-0.975030660596111),(0.555210055234278,0.0342781557082198,
-0.831003491333215),(0.70062376738567,-0.0915748137553348,-0.707630122352057),
(0.700623767385666,0.0915748137553084,-0.707630122352064),(0.193993691545434,
0.975022401592573,-0.108156202009992),(0.555125555373156,0.83105982580041,
-0.0342809526156746),(0.700599480807345,0.707651944415648,-0.0915919923204677),
(0.760858890134519,-0.591728757840486,-0.266365963380878),(0.948390304762149,
-0.224223570478926,-0.224231175965431),(0.760853724264662,-0.266349612193765,
-0.591742760291011),(0.948384341965357,-0.224229879555583,-0.224250085907286),
(0.760853724264638,0.266349612193771,-0.591742760291038),(0.948387356773683,
0.224229804790346,-0.224237410249743),(0.760858890134694,0.591728757840113,
-0.266365963381209),(0.948393318837629,0.224210896450814,-0.224231101091865),
(0.,0.,1.),(0.70514876599855,-0.708416256579716,0.030193132071793),(0.61601584168086,
-0.784880482535781,-0.0669859009988041),(0.65514702884602,-0.54088018616501,
-0.527476060886498),(0.688260111201316,0.715949161080899,-0.11711028168658),
(0.,0.,1.),(0.819893401097229,0.572503102599916,0.00387406126547028),(0.555522915695566,
0.831407342714844,0.0124948236057844),(0.677631378398561,0.732486971824603,
-0.0654106345855941),(0.324989932660677,0.640829465744223,-0.695499201655317),
(0.723292177802759,0.664470393690638,-0.187956168927628),(0.837592718892215,
0.243366693870209,-0.489092107453627),(0.825456536119531,-0.551382708951752,
0.120824729449614),(0.979900333175657,-0.194964220995134,-0.042240851956345),
(0.831526880281222,-0.555437535174193,-0.00722439543465448),(0.97113976775555,
-0.205620484549265,-0.120862598918864),(0.831526880281733,0.555437535173426,
-0.0072243954347735),(0.971139526465634,0.205619829267259,-0.120865652474998),
(0.818583303816077,0.546791575098176,0.175898687076432),(0.980246570572478,
0.195033109536208,-0.0328442851274613),(0.795497875506217,0.531371131450573,
0.291252211538443),(0.975232279238337,0.115648655581184,-0.188540154857959),
(0.971138263776862,-0.120860292474732,-0.205628943321179),(0.831504187348276,
-0.00723577731789453,-0.555471358351526),(0.971138022515622,0.120863345922151,
-0.205628288027087),(0.831504187348276,0.00723577731789205,-0.555471358351526),
(0.769293579552486,-0.621706055774642,-0.147203833755993),(0.422808204583884,
-0.676817209535077,-0.602620682530648),(0.794024957600768,0.273752380170789,
-0.542755931388986),(0.37254247633456,0.662787453365098,-0.649557460882655),
(0.95476301360524,0.269790892303369,-0.125061833832677),(0.874824413878238,
0.212065424570681,-0.435557689157536),(0.654590293188826,0.347468861794626,
-0.671399239012164),(0.788279022554073,0.247713036672637,-0.563253436796985),
(0.990544770120894,-0.0970070919623758,-0.0970086722677314),(0.994405158594712,
-0.0925986411708037,-0.0508318031703191),(0.990544770120894,0.0970070919623758,
-0.0970086722677314),(0.994619246813838,0.0939827333625296,-0.0435866917439415),
(0.316810146818583,0.632456968775218,-0.706844759137712),(0.724458740377213,
0.607836851406773,-0.325105975895494),(0.814225795741961,0.324724637604661,
-0.481238260408388),(0.448458975690384,0.677596434918316,-0.582878733965068),
(0.718868930709641,0.666004117192736,-0.199163190230275),(0.,0.,1.),(0.999897462997206,
-0.00872347552198277,0.0113562523117298),(0.,0.,1.),(0.921502318158121,
-0.387902333135138,0.0191117130976302),(0.,0.,1.),(0.925520850853565,0.378512997157624,
0.011792608619205),(0.809771103132666,-0.247635816960191,-0.531927873578519),
(0.328646412809125,-0.647908014787595,-0.68717300567011),(0.661268288782189,
-0.425177034809093,-0.618020015308584),(0.907675322571063,-0.257979917723982,
-0.331016420811179),(0.95177801886107,-0.290953538984226,-0.0972863863315448),
(0.820832944663149,-0.309054109051564,-0.480332004590541),(0.47233284386443,
-0.676061692538676,-0.565545995024879),(0.829864548526904,-0.553216974581917,
-0.0726347722008433),(0.831339916324578,-0.531213753824966,-0.163358168674332),
(0.862973889325437,-0.0123695242116317,-0.505097080978802),(0.941907362272933,
-0.257114626763357,-0.216107819387421),(0.65514702884602,-0.54088018616501,
-0.527476060886498),(0.86646407489478,0.0713621415749771,-0.494112792453875),
(0.887106036998314,0.145131306332534,-0.438154976056827),(0.819211942113153,
-0.0382543842996101,-0.572213592971238),(0.814622549286795,-0.121864872366425,
-0.567044138561187),(0.811537472752511,-0.58244268575875,-0.046555860260563),
(0.65514702884602,-0.54088018616501,-0.527476060886498),(0.842979579028699,
-0.254690736859193,-0.473833365117653),(0.811395164248747,-0.223969220539916,
-0.539884872620534),(0.829652101247741,0.25081821749004,-0.498766090136777),
(0.82416126390598,0.216384508937571,-0.523388914067487),(0.819318078588298,
-0.232283338144895,-0.524177772247779),(0.82137862414269,0.208341945054665,
-0.530971552658239),(0.882262722704496,0.469210306338091,-0.0381336669121153),
(0.902792416948737,0.174366222457498,-0.393144086011427),(0.950033405199212,
-0.292055605764487,-0.110181904808041),(0.871211099155907,0.198608373767312,
-0.448938675742088),(0.998204262680168,0.0446112483974946,-0.0399760738887535),
(-0.834415947745636,-0.171716154954231,-0.523701812366051),(-0.822112921753717,
0.210825193851688,-0.528850717616007),(0.834499612221233,0.171927855178537,
-0.523499006509391),(0.822051893608197,-0.210599192762262,-0.529035598256923)),
$,(43,2,2,5,5,3,48,6,6,4,1,15,15,15,8,16,16,10,18,18,70,70,70,71,71,26,
37,37,49,49,7,68,68,60,33,33,33,29,29,29,29,21,56,56,56,27,23,20,34,34,
34,34,34,32,32,32,32,76,42,42,42,28,22,19,35,35,39,39,9,59,59,88,88,17,
38,38,38,36,36,36,40,40,40,11,91,91,91,91,91,91,31,12,14,41,41,62,62,62,
92,92,92,30,13,47,55,55,66,66,51,51,45,110,110,110,173,113,113,113,178,
67,67,50,50,44,57,57,61,46,53,53,52,52,63,58,58,64,54,54,65,83,72,73,75,
74,90,90,69,78,78,82,82,89,89,106,106,108,116,116,116,77,77,94,84,93,80,
80,79,79,98,85,86,99,104,81,81,103,87,112,112,114,114,107,107,105,105,105,
109,129,129,129,129,130,130,130,130,130,118,151,151,111,111,133,133,142,
149,149,131,131,115,115,150,150,150,132,132,134,159,147,147,147,119,119,
120,120,95,143,143,143,117,121,121,96,144,144,144,122,97,148,148,148,124,
124,125,125,100,145,145,145,123,126,126,101,146,146,146,127,102,140,140,
158,158,158,128,183,183,183,165,165,165,141,154,154,136,136,181,181,181,
179,179,179,185,185,185,164,164,152,152,188,188,188,188,188,135,135,153,
137,137,138,138,155,156,139,139,157,160,160,161,161,162,162,163,163,205,
205,187,187,203,206,206,206,172,172,209,209,167,167,166,166,170,170,171,
171,180,180,168,168,169,169,182,182,192,193,193,193,193,195,174,175,176,
177,189,189,189,184,184,219,219,215,215,216,216,191,190,190,190,190,194,
186,186,214,214,214,214,211,208,210,207,212,212,201,204,200,202,199,198,
213,213,217,218,218,25,24,196,197),((1,2,4),(6,5,3),(2,7,8),(10,3,9),(1,
7,2),(11,6,3),(10,11,3),(1,4,12),(15,13,5),(6,15,5),(7,16,8),(18,9,17),
(18,10,9),(19,21,14),(15,20,13),(23,1,12),(7,24,16),(26,17,25),(26,18,17),
(27,29,19),(31,27,19),(29,32,19),(19,32,21),(31,19,15),(34,35,38),(42,39,
37),(43,34,38),(44,41,46),(42,47,40),(47,46,40),(48,49,54),(58,55,53),(59,
55,58),(61,62,56),(63,48,57),(62,63,57),(35,30,28),(31,36,27),(34,30,35),
(31,64,37),(64,42,37),(51,65,67),(69,66,50),(51,67,70),(72,51,70),(73,58,
52),(69,49,74),(48,74,49),(69,68,66),(75,78,82),(75,84,78),(81,80,85),(60,
86,79),(61,78,91),(78,84,92),(78,92,93),(78,93,91),(94,75,82),(96,75,94),
(45,77,99),(44,102,75),(98,100,76),(75,103,84),(75,102,103),(68,26,71),
(69,26,68),(94,82,104),(105,83,107),(104,82,106),(83,90,107),(97,95,109),
(110,94,111),(111,94,104),(59,58,87),(61,91,62),(112,1,23),(115,1,112),
(7,116,24),(119,116,7),(29,120,32),(34,121,30),(97,109,122),(110,124,123),
(125,127,122),(126,123,124),(97,122,127),(110,111,124),(128,129,131),(130,
133,132),(126,124,131),(125,132,133),(128,131,124),(134,129,128),(135,136,
130),(130,136,133),(105,107,137),(106,138,128),(134,128,138),(135,137,139),
(107,139,137),(104,106,128),(43,101,140),(43,140,34),(44,46,102),(125,141,
127),(125,142,141),(125,133,142),(135,139,143),(135,144,136),(135,143,144),
(72,70,145),(71,147,146),(71,26,147),(148,100,98),(148,98,127),(108,89,
150),(108,150,139),(120,152,32),(34,153,121),(33,113,22),(32,152,154),(32,
154,156),(33,157,113),(32,156,158),(147,25,118),(147,26,25),(148,127,160),
(162,149,161),(163,160,127),(162,161,164),(163,164,161),(162,101,149),(136,
165,167),(166,169,168),(136,167,133),(170,133,167),(170,168,169),(171,165,
136),(171,172,166),(166,172,169),(151,173,174),(150,175,139),(173,176,174),
(177,139,175),(177,174,176),(151,88,173),(72,145,178),(72,178,180),(73,
181,58),(182,155,153),(182,153,34),(146,147,184),(146,184,187),(179,146,
187),(181,188,87),(181,87,58),(173,88,191),(183,101,192),(183,140,101),
(197,192,101),(197,101,162),(198,185,117),(184,147,118),(199,187,186),(182,
200,155),(154,201,156),(202,200,182),(203,183,192),(183,34,140),(159,204,
114),(205,115,112),(204,206,114),(202,207,200),(201,208,156),(180,178,209),
(210,179,187),(198,117,211),(119,212,116),(180,209,214),(181,216,188),(180,
214,217),(181,217,216),(199,215,210),(199,210,187),(208,159,156),(208,204,
159),(218,221,223),(225,223,221),(226,221,218),(228,229,222),(164,225,222),
(164,222,229),(219,224,230),(232,230,224),(225,232,223),(219,230,233),(234,
231,236),(232,237,230),(237,236,231),(238,241,243),(243,241,245),(246,241,
238),(248,249,242),(242,172,245),(242,249,172),(239,244,250),(250,244,252),
(243,245,252),(239,250,253),(254,251,256),(250,252,257),(256,251,257),(258,
190,260),(263,191,259),(260,190,264),(267,265,189),(268,188,216),(173,191,
263),(203,192,270),(271,193,273),(274,192,197),(275,194,272),(278,196,281),
(280,270,192),(277,282,195),(202,284,207),(285,204,208),(286,215,199),(217,
214,287),(202,288,284),(203,270,289),(274,197,293),(273,294,295),(228,293,
229),(227,295,294),(197,229,293),(271,273,295),(296,249,298),(300,297,299),
(234,236,296),(235,297,300),(296,236,249),(248,298,249),(247,301,299),(300,
299,301),(302,263,259),(304,303,258),(254,256,302),(255,303,304),(302,256,
263),(304,258,260),(227,220,305),(227,305,295),(220,235,307),(235,300,307),
(247,240,309),(247,309,301),(240,255,311),(255,304,311),(220,307,305),(240,
311,309),(313,115,205),(315,314,206),(204,315,206),(317,199,213),(318,212,
119),(317,213,320),(321,286,199),(323,321,199),(323,199,317),(217,287,322),
(325,272,327),(272,295,327),(325,275,272),(329,262,331),(329,304,262),(262,
333,331),(261,266,334),(306,308,335),(306,335,328),(305,327,295),(307,300,
336),(310,312,330),(310,330,337),(309,338,301),(311,304,329),(339,315,285),
(288,340,284),(285,315,204),(269,341,266),(268,217,342),(269,345,346),(268,
216,217),(269,346,341),(326,328,347),(328,335,347),(348,276,326),(348,326,
347),(336,301,338),(347,335,337),(336,300,301),(337,330,349),(347,337,349),
(349,330,332),(332,334,350),(349,332,350),(351,322,354),(323,355,321),(217,
322,351),(356,119,115),(313,358,115),(358,356,115),(360,318,119),(356,360,
119),(279,283,362),(280,363,270),(279,367,364),(279,362,367),(334,266,276),
(334,276,348),(350,334,348),(266,283,276),(288,368,340),(370,339,369),(370,
315,339),(266,374,283),(266,341,375),(266,375,374),(323,352,355),(283,374,
376),(283,377,362),(283,376,377),(370,369,292),(315,378,314),(373,379,316),
(270,363,290),(380,291,366),(371,291,381),(380,381,291),(217,351,342),(382,
343,353),(324,383,353),(383,382,353),(367,384,365),(384,380,365),(385,346,
344),(382,385,344),(378,359,314),(386,319,361),(386,317,319),(371,324,387),
(323,317,386),(371,374,324),(324,374,375),(324,375,383),(372,388,378),(378,
388,359),(371,387,389),(390,386,361),(372,390,388),(371,376,374),(371,377,
376),(371,381,377),(388,357,359),(390,361,357),(388,390,357),(31,6,11),
(31,15,6),(69,11,10),(69,31,11),(69,10,18),(69,92,31),(31,103,64),(31,84,
103),(31,92,84),(69,18,26),(69,93,92),(69,74,93),(391,64,103),(47,42,64),
(391,47,64),(102,391,103),(47,391,46),(391,102,46),(392,74,48),(392,48,
63),(91,74,392),(91,93,74),(392,63,62),(91,392,62),(111,104,128),(173,263,
176),(111,128,124),(163,127,141),(197,162,229),(162,164,229),(143,139,177),
(141,142,232),(163,141,225),(141,232,225),(142,133,170),(142,170,237),(142,
237,232),(163,225,164),(171,136,144),(170,169,237),(144,143,252),(171,144,
245),(144,252,245),(143,177,257),(143,257,252),(171,245,172),(177,176,257),
(237,169,236),(256,257,176),(172,236,169),(172,249,236),(263,256,176),(341,
393,375),(393,341,346),(393,383,375),(385,393,346),(348,347,349),(350,348,
349),(362,394,367),(362,377,381),(362,381,394),(394,384,367),(394,381,380),
(394,380,384),(393,385,383),(385,382,383)),());
#181=COMPLEX_TRIANGULATED_FACE('ConvergentBody',#277,391,((0.,0.,1.),(0.,
0.,1.),(-0.999474837904281,0.0128474148655997,0.0297488206065865),(0.,0.,
1.),(-0.918572998509047,-0.393579610886412,0.0363144090493016),(-0.974332278652031,
-0.207711346597238,-0.0867905943723359),(0.,0.,1.),(0.,0.,1.),(-0.923915054642094,
0.381806221175404,0.0245963671597195),(-0.949491290921171,0.291299851694441,
-0.116664839894656),(-0.988819607220936,0.0353387467765923,-0.144868759060378),
(0.,0.,1.),(-0.819898673050078,-0.57249529923659,0.00391130192251225),(-0.555522699807658,
-0.831407019612436,0.0125258827064833),(-0.875759052902703,-0.459870541572478,
-0.146850829935673),(0.,0.,1.),(-0.704793867788159,0.708587893839387,0.0341877263424899),
(-0.797560738971784,0.588491279101393,-0.13257029106247),(-0.690866612217456,
-0.706326833417729,-0.154291051319444),(-0.813561749725189,-0.581330752920063,
-0.0131085885389217),(-0.551736797789546,-0.833994274983347,0.00632892249435936),
(-0.195100415318386,-0.980781402321998,-0.00191541167612688),(0.,0.,1.),
(0.,0.,1.),(-0.36746822010629,0.929893240303603,0.0162993512012514),(-0.638052274078051,
0.763670421571752,-0.0984722436032155),(-0.772357761610815,-0.595281978795009,
-0.221591637480815),(-0.448458975687764,-0.677596434918072,-0.582878733967368),
(-0.629095908325515,-0.761893826121878,-0.154130256100029),(-0.32498654981779,
-0.640827464668824,-0.695502626137139),(-0.894489490748945,-0.191242976823569,
-0.404122103769829),(-0.476914010855623,-0.878010873985244,-0.0406193477701314),
(-0.161618672826681,-0.98612464717955,-0.0379154957603167),(-0.251237314440045,
-0.69378386229523,-0.674939822689155),(-0.316804268096998,-0.6324563388889,
-0.706847957565681),(-0.833167989916567,-0.529587746368661,-0.159273097146219),
(-0.860150599718328,-0.319259319630403,-0.397761778748704),(-0.372536505644789,
-0.662789624727668,-0.649558669648345),(-0.954763013605695,-0.269790892302506,
-0.125061833831063),(-0.874824413879025,-0.212065424570522,-0.435557689156035),
(-0.654587452498022,-0.347469864489458,-0.671401489649693),(-0.829652101247848,
-0.250818217496997,-0.4987660901331),(-0.329872715128367,-0.764346396667173,
-0.554038426208641),(-0.69219253736788,-0.337802729577816,-0.637776455430893),
(-0.47674281534772,-0.418273133058986,-0.773151908860962),(-0.788277854193843,
-0.247713689510446,-0.563254784814717),(-0.821378624143584,-0.208341945056005,
-0.53097155265633),(-0.843017485970851,0.254641594358232,-0.473792335068945),
(-0.851051865598068,0.322540923599348,-0.414340529837146),(-0.781821478506456,
0.557877051872554,-0.278439168832201),(-0.24516182704253,0.62093246873838,
-0.744539151306114),(-0.0784675194466736,0.838488443895246,-0.539240185674264),
(-0.335539366533662,0.635051438965384,-0.69578948208074),(-0.951777889567197,
0.290953829330331,-0.0972867829102644),(-0.328644625544429,0.647907748996793,
-0.687174111045134),(-0.661264974556692,0.425178218887958,-0.618022746836879),
(-0.907674379705375,0.257981133336642,-0.331018058825807),(-0.212140950976954,
0.822804404589291,-0.527246743666621),(-0.338255822774634,0.712049895488428,
-0.615278753650713),(-0.465968470519051,0.339559626356755,-0.817051188500817),
(-0.746300610921831,0.29378339995936,-0.597266031217262),(-0.820830975854989,
0.309055370405217,-0.48033455747077),(-0.819315854229225,0.23227577461958,
-0.524184600626067),(-0.806206811282807,-0.230019023583622,-0.545088824166159),
(-0.472332843859148,0.676061692539627,-0.565545995028154),(-0.779905635278823,
0.597526948773245,-0.186302832909409),(-0.422808204586624,0.676817209535792,
-0.602620682527923),(-0.726983683319444,0.660377809505994,-0.188137909256373),
(-0.859218622170226,0.329016132918207,-0.391780223588999),(-0.227225089537443,
0.593089264636206,-0.772407847486019),(-0.561693725841409,0.810861742623062,
-0.164327090586694),(-0.122064718729123,0.569816846680965,-0.812655502461),
(-0.0486048325179146,0.835748542632084,-0.546956985277867),(-0.809868919257524,
0.210064604058352,-0.547709042962099),(-0.896400203191948,-0.155123681470347,
-0.415214786784528),(-0.643242712575964,-0.730759856044966,0.228536311143453),
(-0.47674281534772,-0.418273133058986,-0.773151908860962),(-0.877063655459864,
0.117026905683962,-0.465901328198813),(-0.465968470519051,0.339559626356755,
-0.817051188500817),(-0.6334192137732,0.647863992602273,-0.423145774777892),
(-0.6334192137732,0.647863992602273,-0.423145774777892),(-0.985026613948936,
0.0357071799055442,-0.168664065869073),(-0.752116471327017,0.58006389522714,
0.31280455721187),(-0.825903867365232,-0.0212603185613789,-0.563409975706698),
(-0.6334192137732,0.647863992602273,-0.423145774777892),(-0.465968470519051,
0.339559626356755,-0.817051188500817),(-0.154404748831021,0.884584728273434,
-0.440078438512777),(-0.0613783892092903,0.989080644349019,-0.133985716821612),
(-0.554675999522935,0.830386810834185,0.0528420282149083),(-0.712036825067351,
0.596091491564207,0.371050526792196),(-0.809771312023575,0.247636485499922,
-0.531927244341615),(-0.839966305703562,0.0524344014314549,-0.540099286084731),
(-0.832417910490459,0.127109603253637,-0.539373313258454),(-0.975231159603861,
-0.115654728256534,-0.188542221185643),(-0.795443380810181,-0.531418037884278,
0.291315459487636),(-0.911056121163612,-0.287968162465547,-0.295044202614676),
(-0.829724413422464,-0.55430901249963,0.0655661225972188),(-0.597280599401025,
-0.794559811464065,0.10922724744926),(-0.47674281534772,-0.418273133058986,
-0.773151908860962),(-0.616359196650421,-0.767878022982051,0.174541349042636),
(-0.0839165932340972,-0.955923146530961,-0.281369762601333),(-0.794024328613124,
-0.27375320039395,-0.542756437865594),(-0.818616967142086,-0.121524016178586,
-0.561336062086625),(-0.994405158594711,0.0925986411708044,-0.0508318031703494),
(-0.825456536120214,0.551382708950872,0.120824729448962),(-0.979900333175655,
0.194964220995134,-0.0422408519563849),(-0.786454771619139,0.582804951155771,
0.20451719024524),(-0.555381355005292,0.831442774838402,0.0159518864559775),
(-0.818538000719279,-0.546847039990343,0.175937080322157),(-0.98024657057247,
-0.195033109536254,-0.0328442851274055),(-0.994619246813828,-0.0939827333626109,
-0.0435866917440005),(0.,0.,1.),(-0.157485608351394,-0.986613895801684,
-0.0423237967721956),(0.203075122562683,-0.978597727850715,0.0332713336307677),
(0.,0.,1.),(0.,0.,1.),(0.147732361677246,0.987609107582044,-0.0529471428337921),
(-0.219128949056793,0.975390608159444,0.0244062532891917),(0.,0.,1.),(-0.529719719543277,
-0.840450679208338,-0.114191394357176),(-0.282553571994402,-0.639882013769587,
-0.714642909016372),(-0.828233505840002,-0.553245027331017,-0.089158283616739),
(-0.977151693408836,-0.194417342508879,-0.085886349322986),(-0.990960813757156,
-0.094858760045969,-0.0948603249008588),(-0.774139718522264,-0.447595156858592,
-0.447622912464278),(-0.965926545243049,-0.183009170037585,-0.183012439131831),
(-0.706265192128601,-0.69893831602022,-0.11258200915941),(-0.990960813757157,
0.0948587600459517,-0.0948603249008646),(-0.977151127225812,0.0858857342493896,
-0.194420459864099),(-0.828214615904905,0.0891550929892346,-0.553273819546499),
(-0.977151127225812,-0.0858857342493896,-0.194420459864099),(-0.828214615904905,
-0.0891550929892346,-0.553273819546499),(-0.706279962737369,-0.112571529334904,
-0.69892507825868),(-0.965926545243049,0.183009170037563,-0.183012439131853),
(-0.774139718522269,0.447595156858588,-0.447622912464273),(-0.706279962737382,
0.112571529334868,-0.698925078258672),(-0.828236306958108,0.553239520918301,
-0.0891664305133018),(-0.977151693408843,0.194417342508833,-0.0858863493230017),
(-0.706262543103202,0.698939996118469,-0.112588196696241),(-0.161946667567144,
-0.863002780240974,-0.478538899317752),(-0.489483153988354,-0.745268705160135,
-0.452748052530929),(-0.489493141936164,-0.452740511198315,-0.745266726425748),
(-0.489483153988436,0.745268705160096,-0.452748052530905),(-0.489493141936162,
0.452740511198415,-0.745266726425688),(-0.145274752028281,0.578228567777736,
-0.802836826402993),(-0.323072789707229,0.939571057266797,-0.113270476724265),
(-0.401081168946752,0.914941699068983,-0.0448952471991091),(-0.555145875038228,
-0.830909303975239,0.0374537847943783),(-0.194755107759994,-0.978849319160163,
-0.0626454976920061),(-0.555201183547618,0.831173046199934,0.0300501756741227),
(-0.194726989158597,0.978707993605636,-0.0649004079005603),(-0.343712881502795,
-0.935580224691806,-0.0809388550368513),(-0.17453329437815,-0.619733246444692,
-0.765159350988167),(-0.18812346288522,-0.981613946717638,0.0323051438860139),
(-0.104756140829145,-0.612596051481399,-0.783423403191393),(-0.0103493529112408,
-0.995704320957609,0.09200976100754),(-0.132070431084632,-0.98881748904393,
-0.0692630824752749),(-0.0659390739365658,-0.952264001428018,0.298069304210763),
(0.20771256230083,-0.975902243169928,-0.0668603263402618),(-0.555310663941847,
-0.831336945622092,-0.0225599059438828),(-0.195135876184631,-0.980763081102021,
-0.00507627549750906),(-0.0922162707209967,-0.993414332190078,-0.0680009118589767),
(-0.369880649146491,-0.917785319606053,-0.144424417958269),(-0.0912384876661316,
-0.991477389663029,-0.0929952910387578),(-0.555393039526959,0.0227267372138664,
-0.831277370713661),(-0.195080830209609,0.00526265882029323,-0.980773049235587),
(-0.555393039526958,-0.0227267372139049,-0.83127737071366),(-0.195080830209609,
-0.00526265882030169,-0.980773049235587),(-0.0912240267512741,-0.0929753507454491,
-0.991480590378371),(-0.369902998641753,-0.144565687997553,-0.917754070244111),
(-0.36990299864176,0.144565687997516,-0.917754070244114),(-0.0912240267512666,
0.0929753507454204,-0.991480590378375),(-0.0918240141790841,0.993345893539831,
-0.0695146474319941),(-0.195135876184402,0.980763081102063,-0.00507627549828879),
(-0.555310663942165,0.831336945621859,-0.0225599059445975),(-0.0912384876660762,
0.991477389663041,-0.0929952910386851),(-0.369880649146609,0.917785319605895,
-0.144424417958976),(-0.00678030289822613,0.55215140284228,-0.83371629217133),
(-0.038130031635155,0.99890920923642,-0.0269535227785079),(0.0207009227475413,
0.556247507489482,-0.830758799056103),(0.0246794417908767,0.885116674046716,
-0.464714319208447),(-0.0558759791109061,-0.613840519448773,-0.787450120097304),
(-0.0140034017495422,-0.921103562316871,-0.389065717105236),(-0.239697877496238,
0.96982057221155,-0.0446428632489075),(0.117343288220475,0.989449328349501,
-0.0849739921289374),(0.057667211343704,0.947243746532625,0.315283645929624),
(0.00675091470023654,0.99481868568106,0.101440661327297),(0.130379747171226,
0.885438554046766,-0.446093811361623),(0.476742815347757,0.418273133058981,
-0.773151908860942),(0.616327214280696,0.767898481069271,0.174564279589222),
(0.0625618357477709,0.98936479277825,-0.131313835975955),(0.100354918933095,
-0.948794208560143,-0.299530365820668),(0.55476427130025,-0.830324093530798,
0.0529008789242779),(0.712048724642421,-0.596110839387206,0.370996604971235),
(0.633420443988154,-0.647864672561265,-0.423142892159297),(0.465970712760908,
-0.339559616195767,-0.817049913957571),(0.0918240141792227,-0.993345893539821,
-0.0695146474319428),(0.154424409369584,0.986940655575942,-0.0458393298618735),
(0.474334451872153,0.879572239895967,-0.0368714330008419),(0.00909342719770024,
-0.627166958187734,-0.77883176369441),(0.0383098734503744,-0.998879438882075,
-0.0277888498295345),(0.133406468468726,-0.630939061859466,-0.764276530053488),
(0.0427215486310313,-0.905405521191704,-0.422392840230684),(0.354871418001225,
-0.933939615685101,-0.042697434814821),(0.,0.,1.),(0.374942169677208,-0.926640783662492,
0.0274814019131083),(0.170702686991669,-0.645365097883423,-0.744556568091199),
(0.331128969230169,-0.93694860922348,-0.111717990542046),(0.0894313966268173,
0.539146484760772,-0.837450352717986),(0.188003917711618,0.981613917415177,
0.03299460655793),(0.195100302216209,0.98078083375112,-0.00219732146084086),
(0.,0.,1.),(0.551981149852067,0.833837872574025,0.00558681207963519),(0.132159741985394,
0.582673492959495,-0.801888647631787),(0.343788371626115,0.935599176058384,
-0.0803973711854912),(0.206246676823311,0.847954891300008,-0.488297870791725),
(0.235867362694958,0.704053695863148,-0.669832053993214),(0.261826995977689,
-0.808716607180355,-0.526710616418536),(0.261833549211519,-0.526741316006161,
-0.808694490224459),(0.69075593429521,-0.511299761570589,-0.5113010786746),
(0.137279717655655,-0.826277675883354,-0.54627784272949),(0.0901824178266785,
-0.97677869772373,-0.194346358823795),(0.126054904126979,-0.824893094515875,
-0.551054937157414),(0.126048889132071,-0.551105584374528,-0.824860177496635),
(-0.110940050677642,-0.916049045104004,-0.385417244190869),(0.267899140778989,
-0.812204595143353,-0.518221715096832),(0.627356921715164,-0.74346509008722,
-0.231695819119973),(0.193598545908256,-0.961451788372814,-0.195269203042687),
(0.0977247222742656,-0.990413190381989,-0.097629867222013),(0.137280883639583,
-0.546320360751716,-0.826249370599004),(0.0901848337952426,-0.194288575139483,
-0.976789969913489),(-0.120881844661699,-0.701943548826782,-0.7018994471373),
(0.267918275520621,-0.5182353140672,-0.812189606493291),(0.193573875452493,
-0.195262860702757,-0.961458043792072),(0.627405815582289,-0.231675023872162,
-0.743430310040797),(0.0977071231610849,-0.0976094359341218,-0.990416940535756),
(-0.110941332270691,-0.385416096156559,-0.916049372914715),(0.261833549211125,
0.526741316005807,-0.808694490224817),(0.261826995977115,0.80871660718081,
-0.526710616418123),(0.690755934295542,0.511299761570572,-0.51130107867417),
(0.137280883639334,0.546320360751621,-0.826249370599108),(0.0901848337952481,
0.194288575139438,-0.976789969913497),(0.126048889131709,0.551105584374662,
-0.824860177496601),(0.126054904126323,0.824893094515727,-0.551054937157786),
(-0.120881844661687,0.701943548826724,-0.70189944713736),(0.267918275520572,
0.518235314066375,-0.812189606493834),(0.627405815582301,0.231675023871916,
-0.743430310040864),(0.193573875452507,0.195262860702733,-0.961458043792074),
(0.0977071231610894,0.0976094359341027,-0.990416940535757),(-0.110941332270653,
0.385416096156587,-0.916049372914708),(0.137279717655267,0.826277675883409,
-0.546277842729505),(0.0901824178267422,0.97677869772377,-0.194346358823567),
(-0.110940050677733,0.916049045103957,-0.385417244190955),(0.267899140778937,
0.812204595144107,-0.518221715095677),(0.193598545908206,0.961451788372807,
-0.19526920304277),(0.627356921715327,0.743465090087219,-0.231695819119534),
(0.0977247222742109,0.990413190382001,-0.0976298672219506),(0.555063243340363,
0.830966540548428,0.0374086137334104),(0.194755107759811,0.978849319160198,
-0.0626454976920173),(0.597227523402809,0.794599391056325,0.109229542812669),
(0.911062796443533,0.287951391613154,-0.295039958318424),(0.829760368899898,
0.554257553201646,0.0655461282001423),(0.0922162707209041,0.993414332190087,
-0.0680009118589752),(0.643229628885106,0.730753202253461,0.228594404832316),
(0.476742815347757,0.418273133058981,-0.773151908860942),(0.896453066706172,
0.155070869771969,-0.415120373555989),(0.476742815347757,0.418273133058981,
-0.773151908860942),(0.329872715128363,0.764346396667069,-0.554038426208786),
(0.6921925373679,0.337802729577813,-0.637776455430872),(0.215681965851344,
-0.835729941875065,-0.505011637351062),(0.555471134618171,-0.831382066572802,
0.0159899339316439),(0.786435477208492,-0.582837515166991,0.204498584596125),
(0.55528401732195,-0.831116119594416,0.0300941166528747),(0.19472698915887,
-0.978707993605583,-0.0649004079005351),(0.752100246866415,-0.580092549778574,
0.312790428809562),(0.985026748631806,-0.0357073372108487,-0.168663245993797),
(0.633420443988154,-0.647864672561265,-0.423142892159297),(0.465970712760908,
-0.339559616195767,-0.817049913957571),(0.746297337624902,-0.293784642391138,
-0.597269510145206),(0.338255479627943,-0.712049461442811,-0.61527944461088),
(0.465970712760908,-0.339559616195767,-0.817049913957571),(0.633420443988154,
-0.647864672561265,-0.423142892159297),(0.877142597406361,-0.116949901756977,
-0.465772030390679),(0.283444471722985,-0.637577913284388,-0.716347426840917),
(0.588231246690828,-0.796353900941291,-0.140728337132731),(0.529879526196678,
0.840445979553556,-0.1134823473931),(0.282553571994273,0.639882013769691,
-0.71464290901633),(0.303779406941009,-0.642677608185798,-0.703337446646452),
(0.0100889213895962,-0.873303973724762,-0.487071230049297),(0.33553731086775,
-0.63505163422597,-0.69579029519142),(0.951888560146877,-0.290705074319445,
-0.0969470413495545),(0.733757154153533,-0.338242717520285,-0.589230262947347),
(0.72890819388955,-0.592002779769517,-0.343839430004529),(0.193993691545434,
-0.975022401592573,-0.108156202009992),(0.555125555372991,-0.831059825800518,
-0.0342809526157045),(0.700602036928439,-0.707650214813151,-0.0915858030844528),
(0.193938639420412,-0.108180474380877,-0.975030660596111),(0.555210055234278,
-0.0342781557082198,-0.831003491333215),(0.193938639420412,0.108180474380877,
-0.975030660596111),(0.555210055234278,0.0342781557082198,-0.831003491333215),
(0.70062376738567,-0.0915748137553348,-0.707630122352057),(0.700623767385666,
0.0915748137553084,-0.707630122352064),(0.193993691545203,0.975022401592595,
-0.10815620201021),(0.555125555373317,0.831059825800298,-0.0342809526157742),
(0.700599480807394,0.707651944415595,-0.091591992320493),(0.760858890134715,
-0.591728757840055,-0.266365963381276),(0.948390304762169,-0.224223570478905,
-0.224231175965368),(0.760853724264662,-0.266349612193765,-0.591742760291011),
(0.948384341965357,-0.224229879555583,-0.224250085907286),(0.760853724264759,
0.266349612193529,-0.591742760290992),(0.948387356773683,0.224229804790346,
-0.224237410249743),(0.760858890134864,0.591728757840025,-0.266365963380918),
(0.948393318837629,0.224210896450814,-0.224231101091865),(0.,0.,1.),(0.705316797383792,
-0.708297745618112,0.0290261757827389),(0.595250734077882,-0.798905302333503,
-0.0861793564791299),(0.721513918419555,0.68131178328324,-0.123417662780786),
(0.,0.,1.),(0.820125648418163,0.572181114558639,0.00164102075575281),(0.555530301128268,
0.831418395909598,0.0113813650959135),(0.629406106722457,0.761797178778906,
-0.153339529231631),(0.324986549817846,0.640827464668941,-0.695502626137004),
(0.8315228578838,-0.555443684764446,-0.00721455972691298),(0.971139767755548,
-0.205620484549285,-0.120862598918844),(0.825413298103204,-0.551440273316519,
0.120857404733822),(0.979900333175647,-0.194964220995179,-0.0422408519563512),
(0.818583303815988,0.546791575098117,0.175898687077028),(0.980246570572483,
0.195033109536209,-0.032844285127313),(0.831526880281733,0.555437535173426,
-0.0072243954347735),(0.971139526465634,0.205619829267259,-0.120865652474998),
(0.79549787550598,0.531371131450415,0.291252211539377),(0.975232279238369,
0.115648655580896,-0.188540154857969),(0.971138263776863,-0.12086029247474,
-0.20562894332117),(0.831504187348276,-0.00723577731789453,-0.555471358351526),
(0.971138022515622,0.120863345922151,-0.205628288027087),(0.831504187348276,
0.00723577731789205,-0.555471358351526),(0.422808204583994,-0.676817209535078,
-0.60262068253057),(0.706033804834238,-0.704508600776053,-0.0719992907177395),
(0.757350819249265,-0.618606088250827,-0.209156028269513),(0.827663421927242,
-0.248722294417178,-0.503100864900412),(0.794150728905482,0.273657405680331,
-0.542619796998969),(0.37253650564501,0.662789624727484,-0.649558669648405),
(0.95482532022794,0.269661110074848,-0.124865902330509),(0.874980294676285,
0.211990058103889,-0.435281172569307),(0.65458745249806,0.347469864489445,
-0.671401489649663),(0.7883370556472,0.24764759201143,-0.563200991533612),
(0.990544770120892,-0.0970070919623984,-0.097008672267731),(0.99440515859471,
-0.0925986411708254,-0.0508318031703204),(0.990544770120894,0.0970070919623758,
-0.0970086722677314),(0.994619246813836,0.0939827333625885,-0.0435866917438628),
(0.316804268097226,0.632456338888907,-0.706847957565572),(0.83343820503934,
0.529315740357224,-0.158762733003965),(0.860427471108996,0.319125555100651,
-0.397269992628036),(0.448458975690384,0.677596434918316,-0.582878733965068),
(0.772755232164648,0.595093421872867,-0.220710603292645),(0.,0.,1.),(0.999927369088427,
-0.0087177519578527,0.00832210001735749),(0.,0.,1.),(0.921685617689859,
-0.387579647893541,0.0166624932822881),(0.,0.,1.),(0.925568391546904,0.378482499307422,
0.00861105610740772),(0.809267419735874,-0.246888421222251,-0.533040665259626),
(0.328642838273946,-0.647907483199285,-0.687175216422721),(0.661261660288853,
-0.425179402968589,-0.618025478377149),(0.907925954487488,-0.257697402357755,
-0.330548801217081),(0.951888560146877,-0.290705074319445,-0.0969470413495545),
(0.821017618320733,-0.309021396358233,-0.480037339172443),(0.47233284386687,
-0.676061692538573,-0.565545995022964),(0.725291560799759,-0.627334962050512,
-0.283554222718924),(0.826259707022865,0.0214177394434564,-0.562882027593368),
(0.818924358710282,0.121769736956067,-0.560834223164567),(0.811696271839035,
0.497146871673247,-0.306584654325873),(0.957560638618302,0.238477879089936,
-0.161882440535333),(0.874673306854388,0.014406356498013,-0.484498775198515),
(0.865725446740212,-0.0849535423801843,-0.493256876792933),(0.878381531383244,
-0.147705832321396,-0.454564486539667),(0.951888560146877,-0.290705074319445,
-0.0969470413495545),(0.809262212142555,-0.222527434127487,-0.54366921290319),
(0.829878644568074,0.250222485594341,-0.498688422757985),(0.806568217065751,
0.230049330734199,-0.544541106481524),(0.818410354734706,-0.228807917824359,
-0.527116142803361),(0.821591960011432,0.207950811234013,-0.530794792129396),
(0.837172469040965,-0.191632506477855,-0.512268718097123),(0.819342237279167,
-0.206595807857153,-0.534786378272875),(0.8031837715578,-0.586892670515208,
-0.102239045387344),(0.888781963300619,0.435287746798571,-0.143496338624095),
(0.949125444664482,-0.260936385440116,-0.176275616702643),(0.989080906125984,
0.049356902139786,-0.138862728434109),(-0.834499612221205,-0.171927855178443,
-0.523499006509466),(-0.822054280706619,0.210579757598157,-0.52903962541744),
(0.834728769513008,0.171478068964929,-0.523281141654616)),$,(43,1,1,5,5,
3,48,6,6,4,2,15,15,15,8,16,16,10,18,18,70,70,70,71,71,26,37,37,49,49,7,
69,69,60,33,33,33,29,29,29,29,21,56,56,56,27,23,20,34,34,34,34,34,32,32,
32,32,76,42,42,42,28,22,19,35,35,39,39,9,59,59,88,88,17,38,38,38,36,36,
36,40,40,40,11,91,91,91,91,91,91,31,12,14,41,41,62,62,62,92,92,92,30,13,
47,55,55,66,66,51,51,45,110,110,110,173,113,113,113,178,67,67,50,50,44,
57,57,61,46,53,53,52,52,63,58,58,64,54,54,65,83,72,73,75,74,90,90,68,78,
78,82,82,89,89,106,106,108,116,116,116,77,77,94,84,93,80,80,79,79,98,85,
86,99,104,81,81,103,87,112,112,114,114,107,107,105,105,105,109,129,129,
129,129,130,130,130,130,130,118,151,151,111,111,133,133,142,149,149,131,
131,115,115,150,150,150,132,132,134,159,147,147,147,119,119,120,120,95,
143,143,143,117,121,121,96,144,144,144,122,97,148,148,148,124,124,125,125,
101,145,145,145,123,100,126,126,102,146,146,146,127,140,140,158,158,158,
128,183,183,183,165,165,165,141,154,154,136,136,181,181,181,179,179,179,
185,185,185,164,164,152,152,188,188,188,188,188,188,135,135,153,137,137,
138,138,155,156,139,139,157,160,160,161,161,162,162,163,163,205,205,187,
203,206,206,206,172,172,166,166,167,167,171,171,170,170,180,180,168,168,
169,169,182,182,209,209,192,193,193,193,193,195,174,175,176,177,189,189,
189,184,184,219,219,215,215,216,216,191,190,190,190,190,194,186,186,211,
208,214,214,214,210,207,201,201,200,202,199,198,204,197,212,213,217,218,
25,24,196),((1,2,4),(6,5,3),(2,7,8),(10,3,9),(1,7,2),(11,6,3),(10,11,3),
(1,4,12),(15,13,5),(6,15,5),(7,16,8),(18,9,17),(18,10,9),(19,21,14),(15,
20,13),(23,1,12),(7,24,16),(26,17,25),(26,18,17),(27,29,19),(31,27,19),
(29,32,19),(19,32,21),(31,19,15),(34,35,38),(42,39,37),(43,34,38),(44,41,
46),(42,47,40),(47,46,40),(48,49,54),(58,55,53),(59,55,58),(61,62,56),(63,
48,57),(62,63,57),(35,30,28),(31,36,27),(34,30,35),(31,64,37),(64,42,37),
(51,65,67),(69,66,50),(51,67,70),(72,51,70),(73,58,52),(69,49,74),(48,74,
49),(69,68,66),(75,78,82),(75,84,78),(81,80,85),(60,86,79),(61,78,91),(78,
84,92),(78,92,93),(78,93,91),(94,75,82),(96,75,94),(45,77,99),(44,102,75),
(98,100,76),(75,103,84),(75,102,103),(68,26,71),(69,26,68),(94,82,104),
(105,83,107),(104,82,106),(83,90,107),(97,95,109),(110,94,111),(111,94,
104),(59,58,87),(61,91,62),(112,1,23),(115,1,112),(7,116,24),(119,116,7),
(29,120,32),(34,121,30),(97,109,122),(110,124,123),(125,127,122),(126,123,
124),(97,122,127),(110,111,124),(128,129,131),(130,133,132),(126,124,131),
(125,132,133),(128,131,124),(134,129,128),(135,136,130),(130,136,133),(105,
107,137),(106,138,128),(134,128,138),(135,137,139),(107,139,137),(104,106,
128),(43,101,140),(43,140,34),(44,46,102),(125,141,127),(125,142,141),(125,
133,142),(135,139,143),(135,144,136),(135,143,144),(72,70,145),(71,147,
146),(71,26,147),(148,100,98),(148,98,127),(108,89,150),(108,150,139),(120,
152,32),(34,153,121),(33,113,22),(32,152,154),(32,154,156),(33,157,113),
(32,156,158),(147,25,118),(147,26,25),(148,127,160),(162,149,161),(163,
160,127),(162,161,164),(163,164,161),(162,101,149),(136,165,167),(166,169,
168),(136,167,133),(170,133,167),(170,168,169),(171,165,136),(171,172,166),
(166,172,169),(151,173,174),(150,175,139),(173,176,174),(177,139,175),(177,
174,176),(151,88,173),(72,145,178),(72,178,180),(73,181,58),(182,155,153),
(182,153,34),(146,147,184),(146,184,187),(179,146,187),(181,188,87),(181,
87,58),(173,88,191),(183,101,192),(183,140,101),(197,192,101),(197,101,
162),(198,185,117),(184,147,118),(199,187,186),(182,200,155),(154,201,156),
(202,200,182),(203,183,192),(183,34,140),(159,204,114),(205,115,112),(204,
206,114),(202,207,200),(201,208,156),(180,178,209),(210,179,187),(198,117,
211),(119,212,116),(180,209,214),(181,216,188),(180,214,217),(181,217,216),
(199,215,210),(199,210,187),(208,159,156),(208,204,159),(218,221,223),(225,
223,221),(226,221,218),(228,229,222),(164,225,222),(164,222,229),(219,224,
230),(232,230,224),(225,232,223),(219,230,233),(234,231,236),(232,237,230),
(237,236,231),(238,241,243),(243,241,245),(246,241,238),(248,249,242),(241,
250,245),(242,172,250),(242,249,172),(239,244,251),(251,244,253),(244,245,
253),(239,251,254),(255,252,257),(257,252,253),(258,190,260),(263,191,259),
(260,190,264),(267,265,189),(268,188,216),(173,191,263),(203,192,270),(271,
193,273),(274,192,197),(275,194,272),(278,196,281),(280,270,192),(277,282,
195),(202,284,207),(285,204,208),(286,215,199),(217,214,287),(202,288,284),
(203,270,289),(294,274,197),(295,296,273),(228,294,229),(227,296,295),(229,
294,197),(296,271,273),(297,249,299),(301,298,300),(234,236,297),(235,298,
301),(297,236,249),(248,299,249),(247,302,300),(301,300,302),(263,259,303),
(258,305,304),(255,257,303),(256,304,305),(263,303,257),(258,260,305),(227,
220,306),(227,306,296),(220,235,308),(235,301,308),(247,240,310),(247,310,
302),(240,256,312),(256,305,312),(220,308,306),(240,312,310),(314,115,205),
(316,315,206),(204,316,206),(317,199,213),(318,212,119),(317,213,320),(321,
286,199),(321,199,317),(217,287,322),(323,325,272),(296,323,272),(325,275,
272),(262,327,329),(262,329,305),(262,331,327),(261,266,332),(307,309,333),
(307,333,324),(306,323,296),(308,301,334),(311,313,330),(311,330,335),(310,
336,302),(312,305,329),(288,337,284),(339,285,338),(339,316,285),(285,316,
204),(269,341,266),(268,217,342),(269,345,346),(268,216,217),(269,346,341),
(324,347,326),(324,333,347),(348,276,326),(347,348,326),(334,302,336),(347,
333,335),(334,301,302),(335,330,349),(347,335,349),(328,349,330),(328,332,
350),(328,350,349),(351,322,354),(355,321,317),(217,322,351),(356,119,115),
(314,358,115),(358,356,115),(360,318,119),(356,360,119),(279,283,362),(280,
363,270),(279,367,364),(279,362,367),(332,266,276),(332,276,348),(350,332,
348),(266,283,276),(288,368,337),(339,338,369),(266,370,283),(266,341,371),
(266,371,370),(372,352,355),(372,355,317),(283,370,375),(283,376,362),(283,
375,376),(339,369,293),(377,291,366),(270,363,290),(340,292,378),(217,351,
342),(379,343,353),(374,380,353),(380,379,353),(381,378,365),(367,381,365),
(382,346,344),(379,382,344),(340,378,383),(384,383,378),(384,378,381),(385,
359,315),(316,385,315),(386,319,361),(386,317,319),(340,375,374),(340,374,
387),(339,385,316),(340,376,375),(340,383,376),(339,387,385),(372,317,386),
(374,370,371),(374,375,370),(374,371,380),(373,386,388),(374,388,387),(387,
357,359),(385,387,359),(388,361,357),(388,386,361),(387,388,357),(31,6,
11),(31,15,6),(69,11,10),(69,31,11),(69,10,18),(69,92,31),(31,103,64),(31,
84,103),(31,92,84),(69,18,26),(69,93,92),(69,74,93),(389,64,103),(47,42,
64),(389,47,64),(102,389,103),(47,389,46),(389,102,46),(390,74,48),(390,
48,63),(91,74,390),(91,93,74),(390,63,62),(91,390,62),(111,104,124),(104,
128,124),(173,263,176),(163,127,141),(197,162,229),(162,164,229),(143,139,
177),(141,142,232),(163,141,225),(141,232,225),(142,133,170),(142,170,237),
(142,237,232),(163,225,164),(171,136,144),(170,169,237),(144,143,245),(171,
144,250),(144,245,250),(143,177,253),(143,253,245),(171,250,172),(177,176,
253),(237,169,236),(257,253,176),(172,236,169),(172,249,236),(263,257,176),
(341,391,371),(391,341,346),(391,380,371),(382,391,346),(350,348,347),(362,
384,367),(362,376,383),(362,383,384),(384,381,367),(350,347,349),(391,382,
380),(382,379,380)),());
#182=COMPLEX_TRIANGULATED_FACE('ConvergentBody',#278,361,((0.,0.,1.),(0.,
0.,1.),(-0.999526830100255,0.0126959191672283,0.0280165941226891),(0.,0.,
1.),(-0.918673835410068,-0.39352361827923,0.0343153899785298),(-0.974213116801305,
-0.207954998226865,-0.0875415430795644),(0.,0.,1.),(0.,0.,1.),(-0.924009620696681,
0.381658684158984,0.0232995636441603),(-0.949461158130617,0.291193599700173,
-0.117174215145327),(-0.988737273090346,0.0350837230842205,-0.145491364611156),
(0.,0.,1.),(-0.820009380516758,-0.572344949367804,0.00242379819483851),
(-0.555527725855362,-0.831414541701711,0.0117815810867517),(-0.875635614689774,
-0.459885450070109,-0.147538615625451),(0.,0.,1.),(-0.704899569676342,0.708513488315183,
0.0335445009734664),(-0.797608129144996,0.588360473933689,-0.132865439578334),
(-0.690942187549379,-0.70631908758822,-0.153987791636296),(-0.813712174774911,
-0.581089001368865,-0.0144246009032837),(-0.551950942202539,-0.83385544132786,
0.00593804426128919),(-0.195100436390552,-0.98078150825303,-0.00185816821822898),
(0.,0.,1.),(0.,0.,1.),(-0.367540746105073,0.929868752156552,0.0160593809140851),
(-0.638121668736184,0.763609259332226,-0.0984968778765938),(-0.772624226843626,
-0.595152806923719,-0.221008914990115),(-0.448458975688891,-0.677596434918177,
-0.582878733966378),(-0.629324321277494,-0.761790067030602,-0.153710092128436),
(-0.371911428655082,-0.667331948345281,-0.645251857768288),(-0.894671365844922,
-0.191350330019166,-0.403668426234624),(-0.476940002762495,-0.878010257285053,
-0.040326441290374),(-0.161140950427847,-0.986186159621123,-0.0383464818067038),
(-0.257166274563815,-0.717651536651808,-0.647179866164165),(-0.0333591029109499,
-0.928891296057232,-0.3688470284035),(-0.339573871610664,-0.629081608885795,
-0.699246676846593),(-0.833351945258056,-0.529402632433383,-0.158925731419486),
(-0.860312020803089,-0.319217237148555,-0.397446326400119),(-0.353256437600087,
-0.669590841450863,-0.65334370306847),(-0.954767977975217,-0.269780556610694,
-0.125046229483094),(-0.774219953599029,-0.288837038718246,-0.563166608130837),
(-0.829800627433191,-0.250344557439553,-0.498756976163619),(-0.31922763265168,
-0.846303725916813,-0.426454830024148),(-0.828088796384142,-0.346671834587009,
-0.440553724768206),(-0.814651937222595,-0.236023859075242,-0.52974990243199),
(-0.821437490284564,-0.207958108258525,-0.531030954619909),(-0.843007219148808,
0.254933585377371,-0.473653560642832),(-0.851196441202497,0.322416405504002,
-0.414140410906835),(-0.781988515920548,0.557754558505847,-0.278215408333771),
(-0.303775731267649,0.642676348195053,-0.703340185517276),(-0.0100859455458395,
0.873302768684167,-0.487073452274927),(-0.335531143831763,0.635052219991212,
-0.695792734514512),(-0.951858916835529,0.290771748977539,-0.0970380978648908),
(-0.328637023688372,0.64790751818177,-0.687177964245644),(-0.661255031625933,
0.42518177113616,-0.618030941493146),(-0.907835182123074,0.257822385620443,
-0.330700619250325),(-0.215680898152966,0.835730818491609,-0.505010642655454),
(-0.338252499937613,0.712050015061221,-0.615280442024018),(-0.465972926941891,
0.339566447748311,-0.817045812008605),(-0.746291805349338,0.293788261296647,
-0.597274642683514),(-0.820934713363414,0.308989397818153,-0.480199696408592),
(-0.819522600221685,0.232144734855398,-0.523919392468732),(-0.289457933549828,
-0.652216762701987,-0.700590750121356),(-0.529798820812364,-0.840429387221113,
-0.113980939463456),(-0.806438583345857,-0.230001041806736,-0.544753459887079),
(-0.472332843859148,0.676061692539627,-0.565545995028154),(-0.78005841480588,
0.597417905647485,-0.186012675649567),(-0.422808204586624,0.676817209535792,
-0.602620682527923),(-0.727139021061199,0.660314339304246,-0.187759999359176),
(-0.859389943863027,0.328947573551037,-0.391461898838173),(-0.283441621049888,
0.637575624099985,-0.716350592245254),(-0.561797264753312,0.810861276825001,
-0.163975068414151),(-0.133405288445427,0.630935866319,-0.764279374055774),
(-0.0427211686571132,0.905405947356346,-0.422391965170182),(-0.809959263645414,
0.21015705796662,-0.54753995490904),(-0.633419704734535,0.647865342903086,
-0.423142972432582),(-0.75210063316515,0.580092371828517,0.312789829980046),
(-0.985117760552217,0.0350597092880253,-0.168267093126445),(-0.633419704734535,
0.647865342903086,-0.423142972432582),(-0.87713828107571,0.116350405264024,
-0.46593027275167),(-0.465972926941891,0.339566447748311,-0.817045812008605),
(-0.465972926941891,0.339566447748311,-0.817045812008605),(-0.633419704734535,
0.647865342903086,-0.423142972432582),(-0.0999814037846046,0.948805213062242,
-0.299620404116899),(-0.554764280101013,0.830324106702442,0.052900579890923),
(-0.712049518491552,0.596110565670662,0.370995521147834),(-0.883553661850282,
-0.218580446410861,-0.414192606256784),(-0.809849094758601,0.247575026271674,
-0.53183742824782),(-0.825747491681489,-0.0215535545460676,-0.563628001671456),
(-0.840118853763458,0.0523407001780851,-0.53987106113964),(-0.832540383697964,
0.127081173019074,-0.539190954093392),(-0.989460007749384,-0.0415090209851662,
-0.138729572339291),(-0.794774081578215,-0.530970893946654,0.293945690618174),
(-0.892114621248345,-0.375318084186417,-0.251530988622794),(-0.994417729541996,
0.0925063402055588,-0.0507538786135038),(-0.825413298103329,0.551440273316367,
0.120857404733659),(-0.979900333175655,0.194964220995134,-0.0422408519563849),
(-0.786432625324304,0.582841524141474,0.204498126059789),(-0.55547131733684,
0.831382340050012,0.0159693540583633),(-0.829679842405579,-0.554290656707042,
0.0662814226848571),(-0.555437776975149,-0.83133213968513,0.0193842574128404),
(-0.290307178558336,-0.915302797602565,-0.279181895506168),(-0.919703806172098,
-0.349162176951915,-0.179529059204231),(-0.818296981721077,-0.546686020555051,
0.177551245098021),(-0.980275106999385,-0.195038787238419,-0.0319466128081112),
(-0.99464758889646,-0.0941569798423904,-0.0425515810448688),(0.,0.,1.),
(-0.156954552739678,-0.986677625139159,-0.0428080883015894),(0.203532299971284,
-0.978547250460046,0.0319355833747116),(0.,0.,1.),(0.,0.,1.),(0.148197532098816,
0.987506285208678,-0.0535614427846838),(-0.219200539154982,0.975376380138584,
0.0243318865260733),(0.,0.,1.),(-0.916044174415111,-0.385429714009401,-0.110936946409966),
(-0.991477642786697,-0.0929925539808582,-0.0912385267211784),(-0.991477642786701,
0.0929925539808296,-0.091238526721171),(-0.980762491875554,0.00506999612405597,
-0.195139000892582),(-0.831314703406411,0.0225397988233425,-0.555344777025331),
(-0.980762491875554,-0.00506999612406411,-0.195139000892582),(-0.83131470340641,
-0.0225397988233807,-0.55534477702533),(-0.698953467096018,-0.112575870390407,
-0.706251176452329),(-0.917779522773555,-0.144408847895639,-0.369901111416281),
(-0.917779522773521,0.144408847895744,-0.369901111416324),(-0.698953467096021,
0.112575870390482,-0.706251176452313),(-0.916044174415061,0.385429714009493,
-0.110936946410063),(-0.170701352899468,0.645361719084072,-0.74455980260765),
(-0.323059071189649,0.939606835583928,-0.113012526058126),(-0.401159051222266,
0.914912557527688,-0.0447931657800299),(-0.312154662063594,-0.867622392028084,
-0.387028231274449),(-0.554369766023665,-0.829733631505979,0.0649327595807182),
(-0.0396459457179091,-0.965444004693394,-0.257577314198505),(-0.802284550837486,
-0.253499426321301,-0.540441986102362),(-0.555161526659403,-0.83091867165019,
0.0370113552883995),(-0.194761974331608,-0.978883830906873,-0.0620823561371382),
(-0.701935489182844,-0.701908754150938,-0.120874603916284),(-0.555290715586294,
0.831112030672552,0.0300834448660375),(-0.194726992736297,0.978708011587344,
-0.0649001259985367),(-0.701935489182861,0.701908754150864,-0.120874603916619),
(-0.34374936806967,-0.935568344559657,-0.0809212247164239),(-0.171472692812797,
-0.632077066527331,-0.755695505868423),(-0.187769734232291,-0.981662667833216,
0.0328775529640996),(-0.104755360424449,-0.612592531000288,-0.783426260362138),
(-0.00966568332280483,-0.99552732531908,0.0939782906257762),(-0.131168448369106,
-0.988877408073482,-0.0701164028905784),(-0.0645419109661817,-0.951708380320772,
0.300142467098619),(0.208476246342032,-0.975879202767746,-0.064787624717421),
(-0.0293281215802783,-0.62485482357447,-0.780189919660777),(-0.00711450494859068,
-0.92519376632044,-0.379428357639669),(-0.0921739982518988,-0.993486296448771,
-0.0669994986157694),(-0.385444878949617,-0.916038029310104,-0.110934999658253),
(-0.553322277193682,0.0891946442251776,-0.828177983891592),(-0.194362104383153,
0.0859209567205923,-0.97715963976004),(-0.553322277193682,-0.0891946442251776,
-0.828177983891592),(-0.194362104383154,-0.0859209567205923,-0.97715963976004),
(-0.0948468558290259,-0.0948468558290489,-0.990963242445799),(-0.447603326599436,
-0.447635005799117,-0.774128002077398),(-0.18301715923459,-0.183017159234634,
-0.965924137213366),(-0.447603326599634,0.447635005799317,-0.774128002077167),
(-0.183017159234612,0.183017159234612,-0.965924137213366),(-0.0948468558290316,
0.0948468558290316,-0.9909632424458),(-0.0916560482737481,0.99337231935029,
-0.0693585175985364),(-0.385444878949717,0.916038029310013,-0.110934999658654),
(-0.0859209567205765,-0.194362104383199,-0.977159639760032),(-0.0891934928754636,
-0.553382310604306,-0.828137995227193),(-0.112554825469701,-0.698941105881663,
-0.7062667638877),(-0.745259405653845,-0.452744029303176,-0.489501033926183),
(-0.452727422857828,-0.745262339481529,-0.489511926252087),(-0.0859209567205923,
0.194362104383154,-0.97715963976004),(-0.0891934928755394,0.553382310604302,
-0.828137995227187),(-0.112554825470055,0.698941105881667,-0.706266763887639),
(-0.745259405653749,0.452744029303197,-0.48950103392631),(-0.452727422858195,
0.745262339481152,-0.489511926252321),(-0.0090933354642315,0.627163342515462,
-0.778834676330586),(-0.0380419826024971,0.99895963089777,-0.0251488249479652),
(0.00777874786487746,0.925549174464697,-0.378547509210366),(0.0293391592036379,
0.624856391197575,-0.78018824915322),(-0.239656626518388,0.969831378143236,
-0.044629579144516),(0.118101403287692,0.989333520189874,-0.0852715918122274),
(0.0583376579471718,0.947183875689356,0.315340170766951),(0.00699262907367005,
0.994723228931373,0.102356245354067),(0.0400403465180414,0.965400697200718,
-0.257678606979865),(0.312154662063587,0.867622392027913,-0.38702823127484),
(0.55436976602483,0.829733631505127,0.0649327595816604),(0.185529812561904,
-0.943366002735463,-0.275025950654951),(0.0917802512223515,-0.993419220503436,
-0.0685174271255742),(-0.0929925539808296,-0.991477642786701,-0.091238526721171),
(-0.00506999612405597,-0.980762491875554,-0.195139000892582),(-0.022544146215956,
-0.831254420890952,-0.555434828958935),(0.00506999612406411,-0.980762491875554,
-0.195139000892582),(0.0225441462159942,-0.831254420890951,-0.555434828958935),
(0.112554825469689,-0.698941105881666,-0.706266763887699),(-0.144402036653164,
-0.917764204167363,-0.369941775634309),(0.0948468558290431,-0.0948468558290431,
-0.990963242445798),(0.0859209567205765,-0.194362104383199,-0.977159639760032),
(0.0891934928754636,-0.553382310604306,-0.828137995227193),(0.0859209567205923,
0.194362104383153,-0.97715963976004),(0.0891934928755394,0.553382310604302,
-0.828137995227187),(0.112554825470043,0.69894110588167,-0.706266763887638),
(0.0225441462167006,0.831254420890828,-0.55543482895909),(0.00506999612484369,
0.980762491875596,-0.195139000892353),(-0.0225441462166624,0.831254420890829,
-0.55543482895909),(-0.00506999612483554,0.980762491875596,-0.195139000892353),
(0.0929925539807855,0.991477642786709,-0.0912385267211231),(-0.144402036654272,
0.917764204167116,-0.369941775634488),(-0.0929925539807569,0.991477642786713,
-0.0912385267211156),(0.154819240449921,0.986846455998894,-0.0465303671695555),
(0.474713531546753,0.879400952978357,-0.0360697500291902),(0.0090984847913524,
-0.62715734264896,-0.778839447598795),(0.0382670738022407,-0.998929521445399,
-0.025989271776637),(0.133407987096116,-0.630925267067451,-0.764287652886548),
(0.04767105935537,-0.9031666479955,-0.426635061907141),(0.355477360619789,
-0.933730705729557,-0.0422233971225888),(0.,0.,1.),(0.374911095590383,-0.926700077818634,
0.0258580001963838),(0.170695285013562,-0.64534609239781,-0.744574738156632),
(0.331182793735584,-0.937239342501037,-0.109088826200111),(0.104755360424471,
0.612592531000336,-0.783426260362098),(0.188006591582709,0.981551246782943,
0.034794704486501),(0.19509969326044,0.98077777249422,-0.00332726178076495),
(0.,0.,1.),(0.552449613802564,0.833536905201235,0.00395624530893391),(0.171472692812755,
0.632077066527366,-0.755695505868404),(0.343918901213453,0.935699631675843,
-0.0786510563808459),(0.0333591029110471,0.928891296057207,-0.368847028403554),
(0.257166274563834,0.717651536651804,-0.647179866164162),(0.0929925539808582,
-0.991477642786697,-0.0912385267211784),(0.14440203665314,-0.917764204167376,
-0.369941775634286),(0.183017159234612,-0.183017159234612,-0.965924137213366),
(0.447603326599419,-0.44763500579906,-0.77412800207744),(0.183017159234634,
0.18301715923459,-0.965924137213366),(0.447603326599618,0.447635005799259,
-0.77412800207721),(0.0948468558290489,0.0948468558290259,-0.990963242445799),
(0.144402036654248,0.917764204167129,-0.369941775634465),(0.555161526660508,
0.830918671649423,0.0370113552890689),(0.194761974331426,0.978883830906911,
-0.0620823561371142),(0.555437776976345,0.831332139684319,0.0193842574133802),
(0.290307178558427,0.915302797602304,-0.279181895506929),(0.919703806172056,
0.349162176951826,-0.179529059204617),(0.829679842404999,0.554290656707853,
0.0662814226853449),(0.0921739982518164,0.993486296448779,-0.0669994986157553),
(0.319227632651686,0.846303725916701,-0.426454830024365),(0.828088796384072,
0.346671834586937,-0.440553724768395),(0.283428298549594,-0.637564941873391,
-0.7163653707957),(0.560046440206724,-0.814207519826673,-0.15301666402544),
(0.289457933549756,0.652216762701989,-0.700590750121383),(0.530165677441795,
0.840492571767072,-0.111788153518413),(0.210864372023003,-0.857373112645787,
-0.469518436617156),(0.373583827171998,-0.554284054166529,-0.743777057573195),
(0.0169103969810488,-0.869097443102553,-0.494351770368579),(0.334234000806731,
-0.635174770205856,-0.696304993518404),(0.851333779286159,-0.322338586767569,
-0.41391862935489),(0.782226643148871,-0.557579750929112,-0.277896203827757),
(0.303757891462951,-0.642670251682442,-0.703353460911659),(0.194362104383199,
-0.0859209567205765,-0.977159639760032),(0.553322277193577,-0.0891946442251039,
-0.82817798389167),(0.698953467095921,-0.112575870390405,-0.706251176452425),
(0.452727422857856,-0.745262339481536,-0.48951192625205),(0.745259405653808,
-0.452744029303186,-0.489501033926231),(0.194362104383199,0.0859209567205765,
-0.977159639760032),(0.553322277193577,0.0891946442251039,-0.82817798389167),
(0.698953467095925,0.11257587039048,-0.706251176452409),(0.452727422858223,
0.745262339481159,-0.489511926252284),(0.745259405653712,0.452744029303207,
-0.489501033926358),(0.501291844407137,-0.863817229308567,-0.0502621237171816),
(0.830391510820834,-0.554766106553212,0.0518122164791555),(0.915306535650399,
-0.290332896754145,-0.279142893260803),(0.555297424939634,-0.831122072666287,
0.0296794572441294),(0.1947341087823,-0.978743777203901,-0.0643369680774893),
(0.701935489182757,-0.70190875415103,-0.120874603916262),(0.385444878949555,
-0.916038029310135,-0.110934999658214),(0.701935489182774,0.701908754150955,
-0.120874603916597),(0.385444878949655,0.916038029310044,-0.110934999658615),
(0.390232547522753,-0.830136792399274,-0.398235438853634),(0.862779629499892,
-0.273252161852848,-0.425375794989293),(0.38529358891227,-0.770374322744705,
-0.508008123162159),(0.896516266599113,-0.232980493146684,-0.376800575286605),
(0.402029027000889,-0.486095672398596,-0.775940499474074),(0.363838563193093,
-0.575624471962617,-0.732310021241922),(0.907874378236771,-0.257749848871115,
-0.330649555796033),(0.951872492362188,-0.290741218589972,-0.096996402495224),
(0.339573871610657,0.629081608885764,-0.699246676846625),(0.832788404536774,
0.529968908045216,-0.159988842656155),(0.85993958156017,0.319185198898723,
-0.398277196020688),(0.353256437600163,0.669590841450772,-0.653343703068522),
(0.954870862700565,0.269566162352348,-0.124722570852695),(0.774390085808464,
0.288649079918796,-0.563029043357083),(0.,0.,1.),(0.70520904577081,-0.708454463219897,
0.0277934399963695),(0.610269167966069,-0.78634553036033,-0.0960845956037373),
(0.720925387572029,0.681831413474952,-0.123985923204487),(0.,0.,1.),(0.818951358013557,
0.573858203792594,0.00233134032012777),(0.555543734221524,0.831438500161128,
0.00900998429627975),(0.629727888630531,0.761821097322705,-0.151892731738433),
(0.371911428654748,0.667331948345223,-0.64525185776854),(0.900117423828037,
-0.30377503759681,-0.312264871309972),(0.813540464895618,-0.543508297414298,
0.20676228529215),(0.98545623828785,-0.0354887262809213,-0.166182287643776),
(0.825273176815135,-0.551346661398131,0.122233557563336),(0.979938118164859,
-0.19497173882198,-0.0413195550344999),(0.916044174415065,-0.385429714009501,
-0.110936946410005),(0.892114621248284,0.375318084186303,-0.25153098862318),
(0.989503867502385,0.0412189843651294,-0.138503037965704),(0.794774081577134,
0.530970893947219,0.293945690620077),(0.818296981720288,0.546686020555848,
0.177551245099206),(0.980275106999398,0.195038787238375,-0.03194661280798),
(0.916044174415015,0.385429714009592,-0.110936946410102),(0.844387564435356,
0.273273090177581,-0.460794378450651),(0.976713366052485,-0.00117999518405429,
-0.214545119230874),(0.802515420923208,0.253499238909312,-0.540099190013136),
(0.815112929656992,0.235704525056318,-0.529182661067019),(0.422808204583621,
-0.676817209535074,-0.602620682530836),(0.732460624447674,-0.658515980297026,
-0.172795073214401),(0.850746900613814,-0.219724575327439,-0.477441956779214),
(0.969777045160085,0.00405908473226128,-0.243959026296856),(0.819350050014901,
-0.228152783695597,-0.525938972536291),(0.99444422745313,-0.0927403586430057,
-0.0497986381732892),(0.991477642786697,-0.0929925539808582,-0.0912385267211784),
(0.8313147034063,-0.0225397988233885,-0.555344777025494),(0.980762491875554,
-0.00506999612406411,-0.195139000892582),(0.831314703406301,0.0225397988233503,
-0.555344777025495),(0.980762491875554,0.00506999612405597,-0.195139000892582),
(0.917779522773508,-0.144408847895691,-0.369901111416377),(0.917779522773474,
0.144408847895796,-0.36990111141642),(0.991477642786701,0.0929925539808296,
-0.091238526721171),(0.99464758889646,0.0941569798424187,-0.0425515810447996),
(0.448458975690384,0.677596434918316,-0.582878733965068),(0.772465243609872,
0.595677222893401,-0.220150161346175),(0.,0.,1.),(0.999888240814351,-0.00936296156662987,
0.0116550775151064),(0.,0.,1.),(0.921403193312087,-0.388220615672522,0.017346726525103),
(0.,0.,1.),(0.925473159713766,0.378602731354316,0.0126254687227249),(0.47233284386687,
-0.676061692538573,-0.565545995022964),(0.780295191391409,-0.597254678096786,
-0.185543158814733),(0.809576011879458,-0.544841795962988,-0.21848134556794),
(0.859494756415106,-0.169573743694127,-0.48219654617645),(0.82533186446729,
0.0214822602507014,-0.564239156731848),(0.818103581592657,0.121315289429154,
-0.562129104686804),(0.810615794608381,0.498745023658693,-0.306847576016354),
(0.957317274892177,0.23887836667217,-0.162729103509647),(0.875074899903602,
0.0417235451412638,-0.482185716648208),(0.831928829511414,-0.126510135992697,
-0.540268089117688),(0.839344927449682,-0.0522427567122256,-0.541082976201982),
(0.843104114015173,-0.254550303382177,-0.473687234342168),(0.809968735410618,
-0.210119594953612,-0.547540321322416),(0.829292362772713,0.250340511830533,
-0.49960364808844),(0.80599111535171,0.229706473084799,-0.545539419471268),
(0.819463870186735,-0.232557934700076,-0.523827998933441),(0.821528769365648,
0.20954940111162,-0.530263641595694),(0.822299086080539,-0.210580891374675,
-0.528658586631256),(0.788245013193625,-0.598750008995232,-0.142014879162685),
(0.888277428985545,0.436604689913124,-0.142616807917912),(0.956563815724532,
-0.259962158037654,-0.131929309991862),(0.989293833197899,0.0497590868516088,
-0.137192364482512),(-0.818367149419581,-0.121163972065329,-0.56177798161215),
(-0.834535386890103,-0.17180205298286,-0.523483278261168),(-0.822228520956833,
0.210585216157509,-0.528766608307516),(0.835199983183895,0.171822769619968,
-0.522415470607202)),$,(43,1,1,5,5,3,48,6,6,4,2,15,15,15,8,16,16,10,18,
18,71,71,71,72,72,26,37,37,49,49,7,70,70,73,73,33,33,33,29,29,29,21,59,
59,27,23,20,34,34,34,34,34,32,32,32,32,76,42,42,42,28,22,68,68,19,35,35,
39,39,9,58,58,85,85,17,40,40,40,36,36,36,88,88,88,88,88,38,31,11,12,14,
41,41,41,47,57,57,67,67,62,62,62,62,53,53,45,109,109,109,172,112,112,112,
177,52,44,46,55,55,54,54,64,50,51,65,56,87,87,69,89,89,89,30,78,78,63,82,
82,66,86,86,105,105,108,115,115,115,106,106,93,77,80,80,79,79,97,83,83,
84,84,98,103,81,96,96,95,60,74,99,99,100,61,75,111,111,113,113,104,104,
104,107,130,130,130,131,117,92,94,94,118,118,119,90,121,120,120,123,123,
124,125,125,101,101,126,91,102,150,150,110,110,134,134,144,148,148,132,
132,114,114,149,149,149,133,133,147,147,116,128,135,135,136,136,122,129,
142,142,157,157,157,157,127,160,160,161,161,151,151,143,143,186,186,186,
186,186,139,139,154,145,158,140,140,155,146,159,152,152,152,138,138,153,
137,156,141,162,162,192,192,192,188,188,188,187,187,187,191,191,191,203,
203,185,201,204,204,204,171,171,179,179,179,164,164,163,178,178,178,168,
168,167,181,181,190,193,180,180,183,183,189,174,173,165,165,166,166,169,
170,175,176,182,182,217,217,213,213,214,214,184,184,210,210,208,206,212,
212,212,205,207,199,202,198,200,197,196,195,209,211,215,216,13,25,24,194),
((1,2,4),(6,5,3),(2,7,8),(10,3,9),(1,7,2),(11,6,3),(10,11,3),(1,4,12),(15,
13,5),(6,15,5),(7,16,8),(18,9,17),(18,10,9),(19,21,14),(15,20,13),(23,1,
12),(7,24,16),(26,17,25),(26,18,17),(27,29,19),(31,27,19),(29,32,19),(19,
32,21),(31,19,15),(34,36,39),(42,40,38),(43,34,39),(44,41,45),(42,46,41),
(46,45,41),(47,48,53),(57,54,52),(58,54,57),(60,61,55),(62,47,56),(61,62,
56),(36,30,28),(31,37,27),(63,30,36),(34,63,36),(31,65,38),(65,42,38),(50,
66,68),(70,67,49),(50,68,71),(73,50,71),(74,57,51),(70,48,75),(47,75,48),
(70,69,67),(76,79,83),(87,80,78),(59,82,81),(60,80,88),(80,89,90),(80,90,
91),(87,89,80),(80,91,88),(69,26,72),(70,26,69),(92,87,78),(92,78,95),(96,
77,98),(95,78,97),(77,86,98),(100,93,104),(105,92,106),(44,94,103),(44,
87,94),(106,92,95),(58,57,84),(60,88,61),(107,1,23),(110,1,107),(7,111,
24),(114,111,7),(29,64,32),(100,104,115),(105,106,116),(105,116,115),(117,
118,120),(119,122,121),(117,120,116),(123,116,120),(123,121,122),(124,118,
117),(124,125,119),(119,125,122),(96,98,126),(95,97,117),(97,126,117),(73,
71,127),(72,129,128),(72,26,129),(43,102,130),(43,130,34),(44,45,133),(44,
133,87),(134,131,101),(134,101,136),(100,115,136),(99,85,137),(99,137,139),
(98,139,126),(64,140,32),(34,141,63),(33,108,22),(32,140,142),(32,142,144),
(33,145,108),(32,144,146),(129,25,113),(129,26,25),(148,141,34),(149,35,
132),(150,132,135),(134,136,151),(150,135,151),(125,152,154),(153,156,155),
(157,122,154),(158,155,156),(125,154,122),(159,152,125),(160,161,153),(153,
161,156),(138,84,162),(138,162,163),(137,163,139),(158,156,164),(157,165,
166),(157,167,122),(157,168,167),(157,166,168),(160,169,161),(159,171,170),
(159,125,172),(159,172,173),(159,173,171),(73,127,174),(74,176,84),(74,
84,57),(73,174,177),(148,143,141),(128,129,178),(128,178,181),(175,128,
181),(176,182,84),(162,84,182),(149,132,185),(186,132,150),(186,185,132),
(187,188,190),(189,192,191),(193,188,187),(193,166,189),(189,166,192),(164,
194,195),(166,165,196),(164,156,194),(197,161,169),(199,198,170),(199,170,
171),(200,171,202),(204,201,203),(205,202,171),(205,206,203),(204,203,206),
(207,179,112),(178,129,113),(208,181,180),(148,209,143),(142,210,144),(211,
209,148),(212,149,185),(147,213,109),(214,110,107),(213,215,109),(211,216,
209),(210,217,144),(177,174,218),(219,175,181),(207,112,220),(114,221,111),
(177,218,223),(176,225,182),(177,223,226),(208,224,219),(208,219,181),(217,
147,144),(217,213,147),(187,190,227),(228,227,190),(228,191,192),(229,195,
194),(230,192,196),(166,196,192),(231,233,197),(232,198,199),(197,233,161),
(200,199,171),(234,199,200),(234,201,204),(235,184,237),(241,182,236),(242,
183,226),(242,238,183),(162,182,241),(211,244,216),(245,213,217),(226,223,
246),(247,224,208),(212,248,250),(212,185,248),(211,254,244),(229,194,255),
(230,256,257),(230,258,192),(230,259,258),(230,257,259),(231,260,233),(232,
262,261),(232,199,263),(232,263,264),(232,264,262),(265,185,268),(270,265,
268),(269,185,186),(271,269,186),(271,270,268),(255,233,260),(257,256,261),
(255,194,233),(257,261,262),(235,237,272),(241,236,273),(235,272,273),(274,
276,248),(274,248,185),(249,279,251),(278,279,249),(226,246,282),(242,226,
285),(226,282,285),(288,110,214),(290,289,215),(213,290,215),(291,208,222),
(292,221,114),(291,222,294),(295,247,208),(295,208,291),(246,296,282),(275,
267,297),(274,185,265),(300,298,266),(302,300,266),(270,302,266),(243,303,
239),(240,305,306),(240,306,308),(240,308,272),(243,309,303),(243,311,309),
(243,287,312),(243,312,311),(254,313,244),(314,290,245),(245,290,213),(275,
297,315),(275,315,317),(275,317,277),(318,299,301),(302,319,301),(319,318,
301),(320,262,322),(319,321,323),(320,257,262),(324,257,320),(324,321,319),
(325,322,262),(325,326,323),(319,323,326),(307,304,327),(307,326,308),(307,
327,326),(282,296,328),(329,295,291),(330,114,110),(288,332,110),(332,330,
110),(334,292,114),(330,334,114),(304,310,299),(304,299,318),(327,304,318),
(310,316,299),(254,336,313),(338,314,337),(338,290,314),(309,340,315),(309,
311,341),(309,341,340),(342,283,329),(342,329,291),(315,345,317),(315,340,
346),(315,346,345),(338,337,253),(347,252,281),(339,252,348),(347,348,252),
(349,286,284),(344,350,284),(350,349,284),(277,351,280),(351,347,280),(352,
312,287),(349,352,287),(317,353,277),(353,351,277),(354,333,289),(290,354,
289),(355,293,335),(355,291,293),(339,346,344),(339,344,356),(338,354,290),
(339,348,345),(338,356,354),(339,345,346),(342,291,355),(344,341,350),(343,
355,357),(344,340,341),(344,346,340),(344,357,356),(356,331,333),(354,356,
333),(357,335,331),(357,355,335),(356,357,331),(31,6,11),(31,15,6),(70,
11,10),(70,31,11),(70,10,18),(70,90,31),(31,358,65),(31,89,358),(31,90,
89),(70,18,26),(70,91,90),(70,75,91),(359,65,358),(46,42,65),(359,46,65),
(87,358,89),(87,133,358),(133,359,358),(46,359,45),(359,133,45),(360,75,
47),(360,47,62),(88,75,360),(88,91,75),(360,62,61),(88,360,61),(106,95,
117),(162,206,163),(162,241,206),(106,117,116),(124,117,126),(172,126,139),
(172,124,126),(173,172,139),(173,139,163),(167,136,115),(123,115,116),(123,
167,115),(167,168,136),(168,151,136),(123,122,167),(172,125,124),(186,150,
227),(150,151,187),(150,187,227),(227,271,186),(168,193,151),(193,187,151),
(168,166,193),(205,173,163),(205,163,206),(205,171,173),(228,271,227),(161,
194,156),(161,233,194),(241,204,206),(241,273,204),(228,192,258),(263,199,
234),(228,258,271),(258,270,271),(258,259,270),(263,234,273),(234,204,273),
(263,273,272),(264,263,272),(259,257,324),(259,324,302),(259,302,270),(325,
262,264),(264,272,308),(325,264,308),(325,308,326),(361,311,312),(352,361,
312),(311,361,341),(353,348,347),(353,347,351),(317,348,353),(317,345,348),
(324,319,302),(352,349,350),(361,352,350),(361,350,341),(318,319,326),(327,
318,326)),());
#183=COMPLEX_TRIANGULATED_FACE('ConvergentBody',#279,366,((0.,0.,1.),(0.,
0.,1.),(-0.999454666554371,0.0135107023144155,0.030130224454224),(0.,0.,
1.),(-0.918401169191677,-0.393892506200436,0.0372556839489102),(-0.964284778662263,
-0.199014527482412,-0.17478010038681),(0.,0.,1.),(0.,0.,1.),(-0.923859652994594,
0.38204506982059,0.0229108313792588),(-0.941999208104193,0.316659652409161,
-0.111194228569572),(-0.988730163752737,0.00520495499881306,-0.149618086236076),
(0.,0.,1.),(-0.819177132960742,-0.573535879557267,0.0023280237735743),(-0.555545375020676,
-0.831440955814878,0.00867601791022868),(-0.894241064864218,-0.427037063529322,
-0.134060673885981),(0.,0.,1.),(-0.704821361821231,0.708672958990923,0.0317723954953901),
(-0.78722413020291,0.575987044897522,-0.220265959550021),(0.,0.,1.),(-0.552625197627264,
-0.833420778445424,0.00389833334262658),(-0.195099612276991,-0.980777365385101,
-0.0034497590681768),(-0.688078513222517,-0.716012063910458,-0.117790848439841),
(0.,0.,1.),(-0.367668962750142,0.929846210095945,0.014337342865467),(-0.654902313533641,
0.746824306962599,-0.115569953959144),(-0.257166274564205,-0.717651536651517,
-0.647179866164333),(-0.0333591029110506,-0.928891296057208,-0.368847028403552),
(-0.339573871610816,-0.629081608885576,-0.699246676846716),(-0.725278393624982,
-0.607413937745577,-0.324067215208786),(-0.814803332305158,-0.324608284087614,
-0.480338413585782),(-0.353256437600672,-0.669590841450354,-0.653343703068675),
(-0.954870862700426,-0.269566162352575,-0.124722570853274),(-0.774388962004538,
-0.288654444108165,-0.563027838940616),(-0.829312485652743,-0.25040121077953,
-0.49953982301776),(-0.319227632652377,-0.846303725916484,-0.426454830024278),
(-0.828088796383993,-0.34667183458731,-0.44055372476825),(-0.815100424402453,
-0.235709179977079,-0.529199849408022),(-0.821532788593418,-0.209448266272042,
-0.530297370370208),(-0.843106822606429,0.254540124528055,-0.473687883188639),
(-0.878314420130673,0.320360808592179,-0.354870020864943),(-0.834919443302959,
0.512732730643037,-0.200036671942953),(-0.303757891462946,0.642670251682562,
-0.703353460911552),(-0.00989514586030102,0.873389345200526,-0.486922106479671),
(-0.335531143831763,0.635052219991212,-0.695792734514512),(-0.951872492362164,
0.290741218589998,-0.0969964024953714),(-0.328637023688372,0.64790751818177,
-0.687177964245644),(-0.661255031625933,0.42518177113616,-0.618030941493146),
(-0.907874378236776,0.257749848871221,-0.330649555795936),(-0.215560235726709,
0.835795929608375,-0.504954402717233),(-0.338252137226802,0.712049556273348,
-0.615281172369534),(-0.465970684719472,0.339566457923327,-0.817047086547325),
(-0.746291805349346,0.293788261296656,-0.5972746426835),(-0.820984950565094,
0.308958056085305,-0.48013397143466),(-0.819463870186773,0.23255793469918,
-0.523827998933779),(-0.371911428655082,-0.667331948345281,-0.645251857768288),
(-0.678092666037606,-0.732239917478912,-0.0633643394701422),(-0.448458975688891,
-0.677596434918177,-0.582878733966378),(-0.719583213874936,-0.665685627008015,
-0.197642718824561),(-0.811070340345563,-0.452622358861758,-0.37053731697381),
(-0.289457933549805,-0.652216762701963,-0.700590750121387),(-0.530087339246231,
-0.840521656591729,-0.111940866403415),(-0.824389051651081,-0.216268995442164,
-0.523077827027938),(-0.472332843859148,0.676061692539627,-0.565545995028154),
(-0.830152299167802,0.552884816937761,-0.071871686957458),(-0.422808204586624,
0.676817209535792,-0.602620682527923),(-0.762706718966791,0.625507747081896,
-0.164373109672607),(-0.897971719167497,0.178661953377129,-0.402152580485118),
(-0.283428298549691,0.63756494187351,-0.716365370795556),(-0.562090549272462,
0.811034355800236,-0.162103325475692),(-0.133407987096123,0.630925267067486,
-0.764287652886518),(-0.042594704973125,0.905464222791716,-0.422279803391598),
(-0.811554135785718,0.224030993378039,-0.539620235624226),(-0.633418965479998,
0.647866013244511,-0.423143052705479),(-0.752101019462068,0.580092193878809,
0.312789231152528),(-0.985117760552218,0.0350597092880221,-0.16826709312644),
(-0.633418965479998,0.647866013244511,-0.423143052705479),(-0.877127154457285,
0.116387108425749,-0.465942052090127),(-0.465970684719472,0.339566457923327,
-0.817047086547325),(-0.465970684719472,0.339566457923327,-0.817047086547325),
(-0.633418965479998,0.647866013244511,-0.423143052705479),(-0.100351969052705,
0.948801788416342,-0.299507343157384),(-0.554764288901364,0.830324119874062,
0.0529002808605828),(-0.712050312334711,0.596110291954603,0.370994437330049),
(-0.883548392383471,-0.21860159242836,-0.414192687169112),(-0.809896262321723,
0.247525232206193,-0.531788777334172),(-0.866187395210888,-0.0720447791343377,
-0.494498681673937),(-0.814694809361575,0.121905361685774,-0.5669316099774),
(-0.819203226364521,0.0382379829882887,-0.572227166928439),(-0.989460007749384,
-0.0415090209851586,-0.138729572339292),(-0.794774081577486,-0.530970893947228,
0.29394569061911),(-0.892114621248222,-0.375318084186657,-0.251530988622872),
(-0.994417729541994,0.0925063402055879,-0.0507538786134965),(-0.825413298103329,
0.551440273316367,0.120857404733659),(-0.979900333175647,0.194964220995179,
-0.0422408519563712),(-0.786432951323742,0.582841311486069,0.204497478462274),
(-0.555471317735648,0.831382340646915,0.0159693091109055),(-0.82967984240512,
-0.554290656707697,0.0662814226851397),(-0.555437776976291,-0.831332139684355,
0.0193842574133711),(-0.290307178559047,-0.915302797602339,-0.279181895506169),
(-0.919703806172004,-0.349162176952135,-0.179529059204284),(-0.818296981720487,
-0.546686020555748,0.177551245098593),(-0.980275106999394,-0.195038787238374,
-0.031946612808106),(-0.994647588896462,-0.0941569798423682,-0.0425515810448674),
(0.,0.,1.),(-0.157804462742714,-0.9865114195747,-0.0435082818230506),(0.202930862253006,
-0.978639985199127,0.0329066029043445),(0.,0.,1.),(0.,0.,1.),(0.147286037842818,
0.987667950354651,-0.0530927763335622),(-0.21954704353345,0.975327772060862,
0.0231264507116345),(0.,0.,1.),(-0.504662188357882,-0.861701373293871,-0.0527903296569565),
(-0.16191105759781,-0.98602928035188,-0.0391288604013959),(-0.916044174415109,
-0.385429714009423,-0.110936946409909),(-0.991477642786701,-0.0929925539808296,
-0.091238526721171),(-0.990960813757156,0.094858760045969,-0.0948603249008588),
(-0.977151127225812,0.0858857342493896,-0.194420459864099),(-0.828214615904905,
0.0891550929892346,-0.553273819546499),(-0.980762491875554,-0.00506999612405597,
-0.195139000892582),(-0.831314703406411,-0.0225397988233425,-0.555344777025331),
(-0.698953467096011,-0.112575870390387,-0.706251176452338),(-0.917779522773553,
-0.144408847895622,-0.369901111416293),(-0.965926545243049,0.183009170037585,
-0.183012439131831),(-0.774135859944795,0.447614332308541,-0.447610410803314),
(-0.706279962737373,0.112571529334888,-0.698925078258679),(-0.828196327462826,
0.553299553357257,-0.0891652815379843),(-0.977151693408836,0.194417342508879,
-0.085886349322986),(-0.706278130945037,0.698927634343061,-0.112567151960054),
(-0.489481790993433,0.745271509899396,-0.452744909212833),(-0.489480886116214,
0.452753973885994,-0.745266597438344),(-0.170695285013476,0.645346092397862,
-0.744574738156606),(-0.323415725169359,0.939767651919318,-0.110630145616957),
(-0.401357306325338,0.914847090267972,-0.0443521598966038),(-0.312154662064292,
-0.867622392027761,-0.387028231274611),(-0.554369766024777,-0.829733631505165,
0.0649327595816241),(-0.03964616144155,-0.965443979064167,-0.257577377057263),
(-0.802516890155608,-0.253500070481232,-0.540096616616862),(-0.555161526660454,
-0.830918671649459,0.0370113552890482),(-0.194761974331609,-0.978883830906877,
-0.0620823561370732),(-0.701935489182754,-0.701908754151002,-0.120874603916439),
(-0.555290718680517,0.831112035303724,0.0300832598063607),(-0.194726996313953,
0.978708029568828,-0.0648998440987965),(-0.343885784323825,-0.935717924216753,
-0.0785782007905361),(-0.171472692812377,-0.632077066527509,-0.75569550586837),
(-0.188032438357791,-0.981541976545414,0.0349163343514883),(-0.104755360424526,
-0.612592531000498,-0.783426260361964),(-0.0102000071816186,-0.995494921104929,
0.0942646376314412),(-0.132622372989545,-0.988677757428832,-0.0701968528362761),
(-0.0658878210605066,-0.951690448028065,0.299906795801696),(0.207272398454988,
-0.976033540970352,-0.0663074636793825),(-0.0293391592038047,-0.624856391197606,
-0.780188249153189),(-0.00712133124341438,-0.925189988916002,-0.379437440233473),
(-0.0921739982518987,-0.993486296448776,-0.0669994986156864),(-0.385444878949701,
-0.916038029310021,-0.110934999658641),(-0.555393039526958,0.0227267372139049,
-0.83127737071366),(-0.195080830209609,0.00526265882030169,-0.980773049235587),
(-0.553322277193682,-0.0891946442251776,-0.828177983891592),(-0.194362104383154,
-0.0859209567205923,-0.97715963976004),(-0.0948468558290316,-0.0948468558290316,
-0.9909632424458),(-0.44760332659951,-0.447635005799276,-0.774128002077263),
(-0.183017159234612,-0.183017159234612,-0.965924137213366),(-0.369902998641748,
0.144565687997533,-0.917754070244116),(-0.0912240267512741,0.0929753507454491,
-0.991480590378371),(-0.0918240799135918,0.993345941548849,-0.0695138745607858),
(-0.195135876184403,0.980763081102067,-0.00507627549749889),(-0.555400715154743,
0.831276668693937,-0.0225642569279514),(-0.0912384876660249,0.991477389663049,
-0.0929952910386495),(-0.369921312058732,0.917770002223576,-0.144417609394714),
(-0.0859209567205923,-0.194362104383153,-0.97715963976004),(-0.0891934928755394,
-0.553382310604302,-0.828137995227187),(-0.11255482547004,-0.69894110588173,
-0.706266763887579),(-0.745259405653644,-0.452744029303453,-0.489501033926233),
(-0.452727422857898,-0.745262339481376,-0.489511926252253),(-0.00909848479135466,
0.627157342649004,-0.77883944759876),(-0.0382670738021967,0.99892952144539,
-0.0259892717770677),(0.0139988518372611,0.921107961562611,-0.389055465574268),
(0.0558649448936265,0.613835017329102,-0.787455192015783),(-0.240211193252013,
0.969767537018953,-0.0430058923943984),(0.116610854407436,0.9894961698619,
-0.0854355807787268),(0.0566192622810538,0.946866511556608,0.316603961490329),
(0.00630606923903034,0.994701606967321,0.102610655330631),(0.0839172259512997,
0.955923965673945,-0.281366790931049),(0.476750023298355,0.418259312051098,
-0.773154941242414),(0.616369444829604,0.767865880060102,0.174558579622918),
(0.185532434796752,-0.943360927169455,-0.275041590906494),(0.0917801639592434,
-0.993419205954023,-0.0685177549639024),(-0.0929925539808652,-0.991477642786693,
-0.0912385267212222),(-0.00506999612484568,-0.980762491875551,-0.195139000892581),
(-0.0225441462166546,-0.831254420890939,-0.555434828958927),(0.00506999612485383,
-0.980762491875551,-0.195139000892581),(0.0225441462166928,-0.831254420890938,
-0.555434828958926),(0.112554825470028,-0.698941105881733,-0.706266763887578),
(-0.144402036654255,-0.917764204167127,-0.369941775634469),(0.0948468558290489,
-0.0948468558290259,-0.990963242445799),(0.0859209567205923,-0.194362104383154,
-0.97715963976004),(0.0891934928755394,-0.553382310604302,-0.828137995227187),
(0.154038886759259,0.986997302484527,-0.0459167317460211),(0.47427629289951,
0.879595094875142,-0.0370738056461458),(0.00909333546381373,-0.627163342515584,
-0.778834676330492),(0.0380419826019208,-0.998959630897792,-0.0251488249479332),
(0.133405288445402,-0.630935866319127,-0.764279374055674),(0.0477961122163439,
-0.903107741399723,-0.426745754613791),(0.354680535614079,-0.934007313393043,
-0.0428025254490846),(0.,0.,1.),(0.37481729480715,-0.926692795416881,0.0274309758466017),
(0.170701352899642,-0.645361719084246,-0.744559802607459),(0.330721494905979,
-0.937165466954063,-0.11110436695255),(0.104755360424467,0.612592531000336,
-0.783426260362098),(0.187752620878395,0.981666812815695,0.0328515139615887),
(0.195100444807442,0.980781550565737,-0.00183480402412202),(0.,0.,1.),(0.551874336244382,
0.833903875982801,0.00624840905219787),(0.174532509794506,0.619728560851216,
-0.765163324977166),(0.343708726342553,0.935572138802007,-0.0810498891635131),
(0.161947150375458,0.86300324313716,-0.478537901132202),(0.251231841772005,
0.693781099943465,-0.674944699246599),(0.0929925539808939,-0.991477642786689,
-0.0912385267212297),(0.144402036654231,-0.91776420416714,-0.369941775634446),
(0.183017159234634,-0.18301715923459,-0.965924137213366),(0.447603326599494,
-0.447635005799219,-0.774128002077305),(0.183017159234612,0.183017159234612,
-0.965924137213366),(0.447603326599392,0.447635005799021,-0.774128002077478),
(0.0948468558290431,0.0948468558290431,-0.990963242445798),(0.0859209567205765,
0.194362104383199,-0.977159639760032),(0.0891934928754636,0.553382310604306,
-0.828137995227193),(0.112554825469662,0.698941105881594,-0.706266763887774),
(-0.110937413267239,0.385446624184564,-0.916037002659989),(0.0225441462160021,
0.831254420890841,-0.555434828959099),(0.00506999612405394,0.9807624918756,
-0.195139000892354),(-0.120863031264322,0.701931802440026,-0.701914433814333),
(-0.110934184918539,0.916030529846262,-0.385462935969252),(0.0929925539807499,
0.991477642786717,-0.0912385267210718),(0.144402036653093,0.917764204167385,
-0.369941775634283),(0.555152596182689,0.83090530526791,0.0374428715413363),
(0.194755114521186,0.978849353143221,-0.0626449456775116),(0.59728759901868,
0.79455493185225,0.109224467624089),(0.911072413983765,0.288034913208715,
-0.294928712150316),(0.829719225096537,0.554316967408486,0.0655645265998465),
(0.0922163387588983,0.993414378816718,-0.0680001384270576),(0.643256158164087,
0.730740178852339,0.228561383428678),(0.476750023298355,0.418259312051098,
-0.773154941242414),(0.828019593857976,0.178882501594753,-0.531398723004182),
(0.959574501155565,0.123101502360821,-0.253106295552991),(0.476750023298355,
0.418259312051098,-0.773154941242414),(0.329867239698502,0.764348453911798,
-0.554038848075057),(0.692174070376979,0.337797612359949,-0.637799207730522),
(0.283441621049984,-0.637575624100022,-0.716350592245183),(0.588025545362301,
-0.796464742011302,-0.140960536088077),(0.529705660724389,0.840446959741923,
-0.114283948379017),(0.282549373232221,0.639876418483693,-0.714649578992783),
(0.210999167099606,-0.857304035661581,-0.469584009439886),(0.373583827171998,
-0.554284054166529,-0.743777057573195),(0.0170995027478224,-0.869009279965342,
-0.494500230879516),(0.334234000806731,-0.635174770205856,-0.696304993518404),
(0.9480735188569,-0.299028162091138,-0.108345563447202),(0.732511199892223,
-0.333956335684188,-0.59321202608245),(0.728568468579239,-0.592195137908497,
-0.344227984379015),(0.303775731267913,-0.642676348195022,-0.70334018551719),
(0.194362104383199,-0.0859209567205765,-0.977159639760032),(0.553322277193577,
-0.0891946442251039,-0.82817798389167),(0.698953467095915,-0.112575870390385,
-0.706251176452434),(0.452727422857927,-0.745262339481383,-0.489511926252217),
(0.745259405653607,-0.452744029303464,-0.48950103392628),(0.194362104383199,
0.0859209567205765,-0.977159639760032),(0.553322277193577,0.0891946442251039,
-0.82817798389167),(0.698953467095919,0.112575870390389,-0.706251176452429),
(0.45272742285785,0.745262339481522,-0.489511926252076),(0.745259405653817,
0.452744029303188,-0.489501033926215),(0.501291909004644,-0.863817181079519,
-0.050262308326555),(0.830391510820377,-0.554766106553874,0.0518122164793875),
(0.915306535650277,-0.290332896754084,-0.279142893261265),(0.555297421948323,
-0.831122068186843,0.0296796386496194),(0.194734105274834,-0.978743759575194,
-0.0643372468747674),(0.701935489182667,-0.701908754151093,-0.120874603916417),
(0.385444878949639,-0.916038029310052,-0.110934999658601),(0.701935489182859,
0.701908754150948,-0.120874603916139),(0.385444878949555,0.916038029310139,
-0.110934999658178),(0.390233159119641,-0.830136565010332,-0.398235313547596),
(0.862779629499891,-0.273252161852667,-0.425375794989412),(0.385293588912172,
-0.770374322745187,-0.508008123161504),(0.887946686404055,-0.238908109929845,
-0.393031292792072),(0.402029027000889,-0.486095672398596,-0.775940499474074),
(0.363838563193093,-0.575624471962617,-0.732310021241922),(0.904015820928685,
-0.265414351430369,-0.335127763047814),(0.9480735188569,-0.299028162091138,
-0.108345563447202),(0.,0.,1.),(0.7052170058171,-0.708376669090419,0.0295206604724221),
(0.595293591942034,-0.798870210388909,-0.0862086210650109),(0.690898596067422,
0.706379662400411,-0.153905498599453),(0.81381993402688,0.580947983157037,
-0.014019837597343),(0.,0.,1.),(0.82007546623273,0.572248873481941,0.00273065593220123),
(0.555524833591881,0.831410213079132,0.0122154349257432),(0.629258266291811,
0.76178689847652,-0.1539959597293),(0.324979784001486,0.640823462403775,
-0.695509475149825),(0.900117423828022,-0.303775037596636,-0.312264871310187),
(0.813540464894994,-0.543508297414965,0.206762285292852),(0.985368567513282,
-0.0361222796536224,-0.16656520365745),(0.825273176814584,-0.551346661398864,
0.122233557563751),(0.979938118164867,-0.194971738821935,-0.0413195550345137),
(0.916044174415063,-0.385429714009523,-0.110936946409948),(0.795443380810219,
0.53141803788453,0.291315459487074),(0.975298798908733,0.115470791288461,
-0.18830493675525),(0.818538000719226,0.546847039990542,0.175937080321786),
(0.980246570572468,0.195033109536254,-0.0328442851274667),(0.916044174415063,
0.385429714009528,-0.110936946409927),(0.422808204583621,-0.676817209535074,
-0.602620682530836),(0.705883993708551,-0.704612887676798,-0.072446296978034),
(0.757317176951517,-0.618565819381071,-0.209396801760697),(0.826336477491194,
-0.246335695865678,-0.506445210175609),(0.799006076318621,0.257833276367453,
-0.54324146712447),(0.372523709092337,0.66279199526757,-0.649563589784189),
(0.938361738319999,0.300168123869891,-0.171395290103022),(0.866662700574116,
0.209956045117467,-0.452564053535201),(0.654576089451962,0.347473875286248,
-0.671410492255918),(0.793392230481497,0.246020482946494,-0.556778852492054),
(0.850582945157977,-0.221325648647913,-0.476994350760009),(0.969674922535057,
0.00294994599169837,-0.244380527917584),(0.819893337622438,-0.223272860189269,
-0.527185114381317),(0.994431798075791,-0.0928321288037311,-0.0498757941041171),
(0.991477642786701,-0.0929925539808296,-0.091238526721171),(0.831314703406301,
-0.0225397988233504,-0.555344777025495),(0.980762491875554,-0.00506999612405597,
-0.195139000892582),(0.8313147034063,0.0225397988233885,-0.555344777025494),
(0.980762491875554,0.00506999612406411,-0.195139000892582),(0.917779522773506,
-0.144408847895675,-0.369901111416389),(0.917779522773513,0.144408847895671,
-0.369901111416372),(0.991477642786697,0.0929925539808582,-0.0912385267211784),
(0.994619246813836,0.0939827333625517,-0.0435866917439429),(0.316792510437686,
0.632455079021753,-0.706854354411272),(0.833236533897182,0.529518800863325,
-0.159143702706944),(0.861592038021126,0.31908883828771,-0.394767619364611),
(0.448458975689256,0.677596434918211,-0.582878733966057),(0.772513207829779,
0.595218622579918,-0.221219653427561),(0.,0.,1.),(0.999912785704666,-0.00887825638108124,
0.00977739985717228),(0.,0.,1.),(0.921655555088971,-0.387613365838904,0.0175190295586388),
(0.,0.,1.),(0.925521760546982,0.37856294917602,0.00997818947346282),(0.47233284386687,
-0.676061692538573,-0.565545995022964),(0.724996885462707,-0.627485266806368,
-0.283974921446094),(0.863997784154539,-0.0702675143466929,-0.498568255511304),
(0.822566718287266,0.0644331247328999,-0.565006518903341),(0.811549774139724,
0.497194898315788,-0.306894439803845),(0.95749591896548,0.238571954002595,
-0.162126456594337),(0.872278738332216,0.0143630583831248,-0.488798020871034),
(0.892248303023264,-0.125550848957182,-0.433739495640224),(0.9480735188569,
-0.299028162091138,-0.108345563447202),(0.8112712830414,-0.212951148554219,
-0.544509608401726),(0.847918851015178,0.244360224285656,-0.470448406183042),
(0.809880315413271,0.198354957169565,-0.552040927533784),(0.81976641670641,
-0.224035732421287,-0.527058832236773),(0.824123518851641,0.197415173999265,
-0.530893280001196),(0.807589423662827,0.214271678483191,-0.549442417900128),
(0.818165892690173,-0.201044073066189,-0.538689012996784),(0.842438189179132,
-0.179237737531203,-0.508106023244441),(0.917127687867349,0.396174318603549,
-0.0438487562663201),(0.790127413731811,0.502024316552654,-0.351667820050853),
(0.803305401107033,-0.58677984883363,-0.101930572229586),(0.949228886585046,
-0.26089977683952,-0.175772089131358),(0.98917028170159,0.0492821255904209,
-0.138251314263869),(-0.886696427175049,-0.14538628828976,-0.43889893279926),
(-0.835193197264162,-0.171817099975272,-0.522428183963838),(-0.822299681938306,
0.210578192187751,-0.528658734969072),(0.833766928596053,0.185334849251087,
-0.520080476880819)),$,(43,1,1,5,5,3,48,6,6,4,2,15,15,15,8,16,16,9,70,70,
70,18,71,71,26,72,72,33,33,33,29,29,29,21,59,59,27,23,20,34,34,34,34,34,
32,32,32,32,76,42,42,42,28,22,49,49,37,37,12,67,67,19,35,35,39,39,7,58,
58,86,86,17,40,40,40,36,36,36,89,89,89,89,89,38,31,10,14,11,41,41,41,47,
56,56,66,66,62,62,62,62,52,52,45,107,107,107,173,110,110,110,178,69,69,
51,44,46,54,54,53,53,63,50,57,57,64,55,55,65,74,73,88,88,68,90,90,90,30,
78,78,61,82,82,87,87,105,105,112,115,115,115,106,106,93,77,80,80,79,79,
97,85,85,83,98,103,81,81,102,84,96,96,95,60,75,109,109,113,113,104,104,
104,111,130,130,130,131,117,92,94,94,118,118,119,91,121,120,120,150,150,
108,108,134,134,145,148,148,132,132,114,114,149,149,149,133,133,137,158,
116,128,135,135,136,136,122,123,123,124,99,125,125,100,101,126,129,143,
143,157,157,157,127,182,182,182,182,162,162,162,161,161,151,151,144,144,
187,187,187,187,187,187,140,140,154,146,159,141,141,155,147,160,153,153,
153,139,139,152,138,156,142,163,163,193,193,193,189,189,189,205,205,186,
202,202,206,206,206,172,172,180,180,180,165,165,164,179,179,169,169,168,
181,181,208,208,191,192,192,192,192,194,184,184,190,175,174,166,166,167,
167,170,171,176,177,188,188,188,183,183,218,218,214,214,215,215,185,185,
210,209,213,213,213,207,201,201,200,204,199,196,198,197,203,212,212,211,
216,217,13,25,24,195),((1,2,4),(6,5,3),(2,7,8),(10,3,9),(1,7,2),(11,6,3),
(10,11,3),(1,4,12),(15,13,5),(6,15,5),(7,16,8),(18,9,17),(18,10,9),(19,
1,12),(22,20,14),(15,22,13),(7,23,16),(25,17,24),(25,18,17),(26,28,31),
(34,32,30),(35,26,31),(36,33,37),(34,38,33),(38,37,33),(39,40,45),(49,46,
44),(50,46,49),(52,53,47),(54,39,48),(53,54,48),(28,55,57),(59,29,58),(60,
55,28),(26,60,28),(59,62,30),(62,34,30),(42,63,65),(67,64,41),(42,65,68),
(70,42,68),(71,49,43),(67,40,72),(39,72,40),(67,66,64),(73,76,80),(84,77,
75),(51,79,78),(52,77,85),(84,86,77),(77,87,85),(77,86,88),(77,88,87),(59,
58,56),(66,25,69),(67,25,66),(89,84,75),(89,75,92),(93,74,95),(92,75,94),
(74,83,95),(97,90,101),(102,89,103),(36,91,100),(36,84,91),(103,89,92),
(50,49,81),(52,85,53),(104,1,19),(107,1,104),(108,23,7),(111,108,7),(56,
61,112),(59,56,112),(97,101,114),(102,103,115),(102,115,114),(116,117,119),
(118,121,120),(116,119,115),(122,115,119),(122,120,121),(123,117,116),(124,
125,118),(118,125,121),(93,95,126),(94,127,116),(123,116,127),(124,126,
128),(95,128,126),(92,94,116),(124,128,129),(124,130,125),(124,129,130),
(70,68,131),(69,133,132),(69,25,133),(35,99,134),(35,134,26),(36,37,137),
(36,137,84),(138,135,98),(138,98,140),(97,114,140),(96,82,141),(96,141,
128),(61,143,112),(26,144,60),(113,105,21),(22,112,20),(112,143,145),(112,
145,147),(113,148,105),(112,147,149),(59,112,22),(133,24,110),(133,25,24),
(151,144,26),(152,27,136),(153,136,139),(138,140,154),(153,139,154),(125,
155,157),(156,159,158),(160,121,157),(161,158,159),(125,157,121),(162,155,
125),(162,163,156),(156,163,159),(142,164,165),(141,166,128),(164,167,165),
(168,128,166),(168,165,167),(142,81,164),(161,159,169),(160,170,171),(160,
172,121),(160,173,172),(160,171,173),(70,131,174),(71,176,81),(71,81,49),
(70,174,177),(151,146,144),(132,133,178),(132,178,181),(175,132,181),(176,
182,81),(164,81,182),(152,136,185),(186,136,153),(186,185,136),(187,188,
190),(189,192,191),(193,188,187),(193,171,189),(189,171,192),(169,194,195),
(171,170,196),(169,159,194),(197,179,109),(178,133,110),(198,181,180),(151,
199,146),(145,200,147),(201,199,151),(202,152,185),(150,203,106),(204,107,
104),(203,205,106),(201,206,199),(200,207,147),(177,174,208),(209,175,181),
(197,109,210),(111,211,108),(177,208,213),(176,215,182),(177,213,216),(176,
216,215),(198,214,209),(198,209,181),(207,203,150),(207,150,147),(187,190,
217),(218,217,190),(218,191,192),(219,195,194),(220,192,196),(171,196,192),
(221,223,224),(222,225,226),(224,163,227),(226,225,227),(224,223,163),(228,
230,231),(228,226,230),(232,229,231),(233,229,232),(233,226,228),(234,184,
236),(239,182,235),(236,184,240),(244,241,183),(245,182,215),(164,182,239),
(201,247,206),(248,203,207),(249,214,198),(216,213,250),(202,251,253),(202,
185,251),(201,258,247),(219,194,259),(220,260,261),(220,262,192),(220,263,
262),(220,261,263),(221,264,223),(222,266,265),(222,226,267),(222,267,268),
(222,268,266),(269,185,272),(274,269,272),(273,185,186),(275,273,186),(275,
274,272),(259,223,264),(261,260,265),(259,194,223),(261,265,266),(234,236,
276),(239,235,277),(234,276,277),(278,280,251),(278,251,185),(252,283,254),
(282,283,252),(286,107,204),(288,287,205),(203,288,205),(289,198,212),(291,
211,111),(289,212,293),(294,249,198),(294,198,289),(216,250,295),(279,271,
296),(278,185,269),(299,297,270),(301,299,270),(274,301,270),(238,302,304),
(238,304,306),(237,243,303),(238,306,276),(258,307,247),(309,248,308),(309,
288,248),(248,288,203),(246,311,242),(245,216,312),(246,315,316),(245,215,
216),(246,316,311),(279,296,317),(279,317,319),(279,319,281),(320,298,300),
(301,321,300),(321,320,300),(322,266,324),(321,323,325),(322,261,266),(326,
261,322),(326,323,321),(327,324,266),(327,328,325),(321,325,328),(305,303,
329),(305,328,306),(305,329,328),(330,295,333),(334,294,289),(216,295,330),
(335,111,107),(286,337,107),(337,335,107),(339,291,111),(335,339,111),(303,
243,298),(303,298,320),(329,303,320),(243,318,298),(258,341,307),(309,308,
342),(242,343,317),(242,311,344),(242,344,343),(345,331,334),(345,334,289),
(317,343,348),(317,348,319),(309,342,257),(285,349,255),(310,256,350),(216,
330,312),(351,313,332),(347,352,332),(352,351,332),(281,353,284),(353,350,
284),(354,316,314),(355,354,314),(351,355,314),(319,356,281),(356,353,281),
(310,350,357),(356,350,353),(356,357,350),(358,290,292),(345,289,359),(360,
338,287),(288,360,287),(358,292,340),(310,343,347),(310,347,361),(309,360,
288),(310,348,343),(309,361,360),(310,357,348),(346,358,362),(362,358,340),
(347,343,344),(347,344,352),(347,362,361),(361,336,338),(360,361,338),(362,
340,336),(361,362,336),(67,6,11),(59,15,6),(67,59,6),(67,11,10),(67,10,
18),(59,22,15),(67,86,59),(67,18,25),(67,72,87),(67,88,86),(67,87,88),(59,
363,62),(59,86,363),(38,34,62),(364,38,62),(364,62,363),(38,364,37),(364,
137,37),(84,137,363),(137,364,363),(84,363,86),(365,72,39),(365,39,54),
(85,72,365),(85,87,72),(365,54,53),(85,365,53),(103,92,116),(164,239,167),
(103,116,115),(129,128,168),(172,140,114),(122,114,115),(122,172,114),(172,
173,140),(173,154,140),(122,121,172),(162,125,130),(130,129,230),(162,130,
227),(130,230,227),(129,168,231),(129,231,230),(162,227,163),(168,167,231),
(226,227,230),(232,231,167),(186,153,217),(153,154,187),(153,187,217),(217,
275,186),(173,193,154),(193,187,154),(173,171,193),(218,275,217),(163,194,
159),(163,223,194),(239,232,167),(239,277,232),(233,232,277),(218,192,262),
(218,262,275),(262,274,275),(262,263,274),(263,261,326),(263,326,301),(263,
301,274),(267,226,233),(268,267,276),(267,233,277),(267,277,276),(327,266,
268),(268,276,306),(327,268,306),(327,306,328),(311,352,344),(366,311,316),
(311,366,352),(354,366,316),(326,321,301),(319,357,356),(319,348,357),(320,
321,328),(329,320,328),(366,354,352),(354,351,352),(354,355,351)),());
#184=COMPLEX_TRIANGULATED_FACE('ConvergentBody',#280,382,((0.,0.,1.),(0.,
0.,1.),(-0.999560325330546,0.0128162501153767,0.026737609430799),(0.,0.,
1.),(-0.918681677913882,-0.393593124305615,0.0332930497954053),(-0.96397789349412,
-0.199034887694652,-0.176441872397162),(0.,0.,1.),(0.,0.,1.),(-0.92405297630404,
0.381625098204063,0.0220993530309026),(-0.942169502669519,0.315977084464512,
-0.111692033434694),(-0.988463719426357,0.00407029535054791,-0.151403130989988),
(0.,0.,1.),(-0.82020949366257,-0.572059945464124,0.00195071816880534),(-0.555527206565137,
-0.831413764520128,0.0118606463738239),(-0.894468267325232,-0.426363054042206,
-0.134688770489598),(0.,0.,1.),(-0.70500925518704,0.708444562165428,0.0326841313002127),
(-0.787536499026862,0.575728105030515,-0.21982586694583),(0.,0.,1.),(-0.551892661073363,
-0.83389411611392,0.00592399898263611),(-0.195100495153173,-0.980781803656585,
-0.00168831487676583),(-0.688421120466326,-0.715752654663074,-0.117364808348375),
(0.,0.,1.),(-0.367636058320142,0.929838142465891,0.0156447255780045),(-0.654909948393931,
0.746861065470998,-0.11528880421873),(-0.402033565972225,0.486095059259397,
-0.775938531840802),(-0.385296558484789,0.770373450984566,-0.508007192899773),
(-0.89659779909366,0.232911949771545,-0.376648921827772),(-0.363842827418671,
0.575624117233856,-0.732308181433699),(-0.907997128535257,0.257645850542781,
-0.330393447679906),(-0.951932188744209,0.290606883244442,-0.0968129508052002),
(-0.373588234606697,0.554283483196157,-0.74377526929805),(-0.211003747242114,
0.85730130136123,-0.469586943317346),(-0.819733395608245,0.23237291946347,
-0.523488286807452),(-0.390234441830117,0.830135726413213,-0.398235804696093),
(-0.862769969775057,0.273277646279121,-0.425379016053321),(-0.819409209101305,
0.228101675650135,-0.525868969996875),(-0.822439591491399,0.210407042758223,
-0.528509219129808),(-0.279340131178662,-0.785039301944989,-0.552885508504981),
(0.0821043287167081,-0.630302117189939,-0.771996191876527),(-0.339575546131644,
-0.629081931387207,-0.699245573508719),(-0.725080031357429,-0.607516459860678,
-0.324318823266641),(-0.814789687317217,-0.324684296419786,-0.480310184255861),
(-0.353258708949183,-0.669590447252874,-0.65334287896881),(-0.954761941612772,
-0.2697931240537,-0.12506520323877),(-0.774277836178922,-0.288781905334982,
-0.563115302183473),(-0.829815407462654,-0.249789589086477,-0.499010571753343),
(-0.319228183626877,-0.846303501979238,-0.426454861991233),(-0.828089762684178,
-0.346670834223103,-0.440552695641192),(-0.814765508716274,-0.235910266601735,
-0.529625822556084),(-0.821564599690387,-0.208072749562001,-0.530789355041417),
(-0.334238134163347,0.63517438177359,-0.696303363778707),(-0.878363403133639,
0.320268804578212,-0.354831826150833),(-0.834905315345239,0.51274670109128,
-0.200059828372106),(-0.303779406940566,0.642677608185806,-0.703337446646636),
(-0.0171082037853665,0.869006983357114,-0.494503965848411),(-0.843198291031999,
0.254799729919148,-0.473385402852522),(-0.371911428655574,-0.667331948345366,
-0.645251857767916),(-0.677946004965317,-0.732263602367179,-0.0646469720853862),
(-0.448458975696786,-0.677596434918912,-0.582878733959449),(-0.719355725170543,
-0.665768499709041,-0.198190931829725),(-0.811405548516755,-0.452194020144995,
-0.370326347943718),(-0.289458790646967,-0.65221763980774,-0.700589579454917),
(-0.529868523983432,-0.840403193442882,-0.113849987890314),(-0.824582457479518,
-0.216660309258435,-0.522610831507612),(-0.472332843856708,0.67606169253973,
-0.565545995030069),(-0.830121657723323,0.55291688733603,-0.0719788099187339),
(-0.422808204586887,0.676817209535795,-0.602620682527735),(-0.762626231249599,
0.625425353865096,-0.165058650645016),(-0.898187144002263,0.178694568738742,
-0.401656700992692),(-0.283444471722888,0.637577913284352,-0.716347426840988),
(-0.561931077982661,0.810885222256774,-0.163397123361542),(-0.133406468468752,
0.63093906185934,-0.764276530053587),(-0.0478012817213666,0.903105785631836,
-0.426749314497514),(-0.811695460258171,0.223993384585794,-0.539423250757767),
(-0.976708700735888,0.00117622206550923,-0.214566377628152),(-0.844419262912179,
-0.273230027664777,-0.460761826115356),(-0.969748878200918,-0.00407903479302847,
-0.244070634659762),(-0.850782971215187,0.219709318873862,-0.477384699262809),
(-0.985448432783236,0.0354804755426556,-0.166230328701867),(-0.900090966962742,
0.303796119467596,-0.31232061889748),(-0.813540464895148,0.543508297414837,
0.206762285292583),(-0.866320298756106,-0.0715281886097699,-0.494340832015055),
(-0.814384486798745,0.121335870298265,-0.56749935175338),(-0.818825142922943,
0.0380619540018438,-0.572779777030216),(-0.989503867502372,-0.0412189843651173,
-0.138503037965804),(-0.794774081577249,-0.530970893947069,0.293945690620038),
(-0.892114792363442,-0.375317406276461,-0.251531393253889),(-0.802354391827326,
-0.25354505634875,-0.54031688324215),(-0.887108876192955,-0.145085830409081,
-0.438164288360177),(-0.99444422745313,0.0927403586429986,-0.0497986381732981),
(-0.825273176814709,0.551346661398712,0.122233557563589),(-0.979938118164858,
0.19497173882198,-0.0413195550345197),(-0.830396515684331,0.554758453239576,
0.0518139488801584),(-0.915306436359143,0.290332163036479,-0.279143981962869),
(-0.501291808517889,0.863818000935966,-0.050249218619363),(-0.829685028553121,
-0.554282704320058,0.0662830075241754),(-0.555437553689125,-0.83133180548707,
0.0194049771308323),(-0.290307416313416,-0.91530238935374,-0.279182986725131),
(-0.919703805375909,-0.34916183646115,-0.179529725494555),(-0.818296981720398,
-0.546686020555688,0.177551245099186),(-0.980275106999399,-0.195038787238375,
-0.031946612807959),(-0.99464758889646,-0.0941569798424271,-0.0425515810447883),
(0.,0.,1.),(-0.157351992819445,-0.986640526124207,-0.0421997934248192),
(0.203093734394966,-0.978594494849881,0.0332528149035991),(0.,0.,1.),(0.,
0.,1.),(0.147703712762582,0.987613940144467,-0.0529369291560269),(-0.219263562847486,
0.975367932899223,0.0241015659101961),(0.,0.,1.),(-0.503931406277434,-0.862058059506285,
-0.0539355152706075),(-0.161488391146321,-0.986150715586827,-0.0377924023126539),
(-0.828233505839928,-0.553245027331112,-0.0891582836168275),(-0.977151693408843,
-0.194417342508833,-0.0858863493230017),(-0.990960813757157,-0.0948587600459517,
-0.0948603249008646),(-0.7741397185221,-0.447595156858817,-0.447622912464336),
(-0.965926545243049,-0.183009170037563,-0.183012439131853),(-0.706265192128489,
-0.698938316020276,-0.112582009159764),(-0.990960813757156,0.094858760045969,
-0.0948603249008588),(-0.977151127225812,0.0858857342493896,-0.194420459864099),
(-0.828214615904905,0.0891550929892346,-0.553273819546499),(-0.977151127225812,
-0.0858857342493896,-0.194420459864099),(-0.828214615904905,-0.0891550929892346,
-0.553273819546499),(-0.706279962737378,-0.112571529334884,-0.698925078258674),
(-0.965926545243049,0.183009170037585,-0.183012439131831),(-0.77413971852228,
0.447595156858585,-0.447622912464257),(-0.706279962737373,0.112571529334888,
-0.698925078258679),(-0.828233505840001,0.553245027331016,-0.0891582836167389),
(-0.977151693408836,0.194417342508879,-0.085886349322986),(-0.706265192128661,
0.698938316020156,-0.112582009159425),(-0.185532561868841,0.943360353087955,
-0.275043474214811),(-0.48948315398854,-0.745268705159963,-0.452748052531011),
(-0.489493141936194,-0.452740511198659,-0.745266726425519),(-0.489483153988402,
0.745268705160097,-0.452748052530939),(-0.489493141936152,0.452740511198358,
-0.74526672642573),(-0.170702686991494,0.645365097883249,-0.74455656809139),
(-0.323309970809623,0.93957673793668,-0.112544285964899),(-0.401160032455666,
0.914919332496315,-0.0446457543856733),(-0.179379885242712,-0.888360846079055,
-0.422655727423652),(-0.554369752488585,-0.82973361124534,0.0649331340342617),
(-0.0626380619587368,-0.989577778706081,-0.129662226902022),(-0.555154804200572,
-0.830922687011639,0.037022041845143),(-0.19476197101888,-0.978883814256933,
-0.0620826290570906),(-0.555290717214944,0.831126166242431,0.0296903210166706),
(-0.194734101767051,0.978743741946324,-0.0643375256742622),(-0.343789748424519,
-0.935543803113735,-0.0810333347067487),(-0.268861706995596,-0.654484719281731,
-0.706656305949454),(-0.0579660241465284,-0.569168525666272,-0.820175060237463),
(-0.18820600065197,-0.98161403433609,0.0318180595419781),(-0.0894313966268121,
-0.539146484760779,-0.837450352717982),(-0.0101373204388479,-0.995739879250448,
0.0916478456081961),(-0.131820113420529,-0.988852852359259,-0.0692350639398573),
(-0.0656235511207826,-0.952224595806897,0.298264762717103),(0.207896414163175,
-0.975874902641604,-0.0666877452935204),(0.0192398078720114,-0.576871819368059,
-0.816608066217836),(-0.0175382100924464,-0.89053641395067,-0.454573763667279),
(-0.555310663942002,-0.831336945621969,-0.0225599059445895),(-0.19513587618463,
-0.980763081102017,-0.00507627549829893),(-0.092173964236551,-0.993486274072392,
-0.0669998772138846),(-0.369880649146748,-0.91778531960577,-0.144424417959413),
(-0.0912384876661828,-0.991477389663021,-0.0929952910387934),(-0.555393039526958,
0.0227267372139049,-0.83127737071366),(-0.195080830209609,0.00526265882030169,
-0.980773049235587),(-0.555393039526959,-0.0227267372138664,-0.831277370713661),
(-0.195080830209609,-0.00526265882029323,-0.980773049235587),(-0.0912240267512666,
-0.0929753507454204,-0.991480590378375),(-0.369902998641766,-0.144565687997537,
-0.917754070244109),(-0.369902998641748,0.144565687997533,-0.917754070244116),
(-0.0912240267512741,0.0929753507454491,-0.991480590378371),(-0.555310663942011,
0.831336945621982,-0.0225599059438907),(-0.195135876184403,0.980763081102067,
-0.00507627549749889),(-0.0917801310728684,0.993419182887157,-0.06851813345429),
(-0.36988064914651,0.917785319606043,-0.144424417958287),(-0.0912384876660249,
0.991477389663049,-0.0929952910386495),(-0.00909342719776792,0.627166958187674,
-0.778831763694458),(-0.0381523618154232,0.998902414794782,-0.0271728357934601),
(0.0293413218862305,0.624859285344515,-0.780185849877265),(0.00712223866424339,
0.925188877532189,-0.379440133100252),(-0.239916222175608,0.969784775050103,
-0.044245863286926),(0.117284880622515,0.989454491173761,-0.084994509666426),
(0.0575396041454004,0.947160429348343,0.315557150182742),(0.00668611430511825,
0.994814818102333,0.101482873232484),(0.154091558472899,-0.884453172609669,
-0.440452468568499),(0.0607982050734236,-0.989131315417611,-0.133876133496889),
(0.55476427130025,-0.830324093530798,0.0529008789242779),(0.712048724642421,
-0.596110839387206,0.370996604971235),(0.633419213773253,-0.647863992602302,
-0.423145774777769),(0.465968470519088,-0.33955962635674,-0.817051188500802),
(0.0916560147138557,-0.993372295507584,-0.0693589034282259),(0.154392608845056,
0.986945944493729,-0.0458325755483818),(0.474356438150526,0.879560079402431,
-0.0368786700781883),(0.00678030289825095,-0.552151402842291,-0.833716292171322),
(0.038172808665354,-0.998857462373564,-0.0287507658896761),(0.122064718729148,
-0.569816846680973,-0.812655502460992),(0.0486052607755354,-0.835746821832709,
-0.546959576588132),(0.212140488205524,-0.822804672737516,-0.52724651140167),
(0.354931976800953,-0.933916643654579,-0.0426965402478179),(0.,0.,1.),(0.374936139880816,
-0.926643836626919,0.0274607183558005),(0.145274752028389,-0.578228567777739,
-0.802836826402971),(0.331173544158115,-0.936931240746114,-0.111731525379815),
(0.104756140829157,0.61259605148142,-0.783423403191375),(0.18803928937672,
0.981611474870513,0.0328654537962713),(0.19510031936884,0.980780919978419,
-0.00215693960570881),(0.,0.,1.),(0.551999331726567,0.833825739895293,0.0056011839364738),
(0.171474541782612,0.632079296217729,-0.755693221362573),(0.343784683741375,
0.93559537475377,-0.0804573549415765),(0.0333618496804001,0.928890633755869,
-0.368848447884117),(0.257168469554388,0.717651945201709,-0.647178540910665),
(0.0396470499184945,0.965443541891875,-0.257578878893499),(0.312154792524246,
0.867622033184012,-0.387028930492006),(0.554369752488638,0.829733611245302,
0.064933134034298),(0.261826995977703,-0.808716607180363,-0.526710616418517),
(0.261833549211527,-0.526741316006149,-0.808694490224463),(0.690755934295493,
-0.511299761570609,-0.511301078674198),(0.137279717655641,-0.826277675883297,
-0.546277842729581),(0.0901824178267697,-0.976778697723722,-0.194346358823794),
(0.126054904126912,-0.824893094515774,-0.551054937157582),(0.126048889132035,
-0.551105584374639,-0.824860177496567),(-0.120881844661932,-0.701943548826857,
-0.701899447137185),(0.267899140779116,-0.812204595143426,-0.518221715096652),
(0.627356921715572,-0.743465090086852,-0.231695819120049),(0.193598545908346,
-0.961451788372763,-0.19526920304285),(0.0977247222742969,-0.990413190381983,
-0.0976298672220401),(-0.110940050678068,-0.916049045103876,-0.385417244191052),
(0.137280883639582,-0.546320360751776,-0.826249370598964),(0.0901848337952481,
-0.194288575139438,-0.976789969913497),(-0.110941332270679,-0.385416096156598,
-0.9160493729147),(0.267918275520703,-0.518235314067085,-0.812189606493338),
(0.193573875452507,-0.195262860702733,-0.961458043792074),(0.627405815582268,
-0.23167502387213,-0.743430310040824),(0.0977071231610894,-0.0976094359341027,
-0.990416940535757),(0.261833549211519,0.526741316006161,-0.808694490224459),
(0.261826995977707,0.808716607180253,-0.526710616418684),(0.690755934294998,
0.511299761570772,-0.511301078674704),(0.137280883639583,0.546320360751716,
-0.826249370599004),(0.0901848337952426,0.194288575139483,-0.976789969913489),
(0.126048889132071,0.551105584374528,-0.824860177496636),(0.126054904126986,
0.824893094515766,-0.551054937157576),(-0.110941332270666,0.385416096156548,
-0.916049372914723),(0.267918275520621,0.5182353140672,-0.812189606493291),
(0.627405815582115,0.231675023872129,-0.743430310040955),(0.193573875452493,
0.195262860702757,-0.961458043792072),(0.0977071231610849,0.0976094359341217,
-0.990416940535756),(0.137279717655663,0.826277675883249,-0.546277842729649),
(0.090182417826651,0.976778697723778,-0.194346358823569),(-0.120881844661687,
0.701943548826734,-0.70189944713735),(0.267899140779014,0.812204595143256,
-0.518221715096971),(0.193598545908116,0.961451788372859,-0.195269203042608),
(0.627356921715223,0.743465090087182,-0.231695819119935),(0.0977247222741796,
0.990413190382006,-0.0976298672219235),(-0.110940050677655,0.916049045103996,
-0.385417244190886),(0.555154804200613,0.830922687011609,0.0370220418451827),
(0.194761971018697,0.978883814256966,-0.0620826290571316),(0.555437553689179,
0.831331805487033,0.019404977130879),(0.29030741631337,0.915302389353712,
-0.279182986725268),(0.919703805375836,0.34916183646125,-0.179529725494733),
(0.829685028552946,0.554282704320303,0.0662830075243242),(0.0921739642364687,
0.993486274072395,-0.0669998772139535),(0.319228183627105,0.846303501978934,
-0.426454861991667),(0.82808976268419,0.346670834223087,-0.440552695641181),
(0.555471134618171,-0.831382066572803,0.0159899339316066),(0.786435477208487,
-0.582837515166999,0.204498584596125),(0.555284017321962,-0.831116119594408,
0.0300941166528557),(0.19472698915887,-0.978707993605583,-0.0649004079005351),
(0.752100246866415,-0.580092549778574,0.312790428809562),(0.985117626597519,
-0.0350595506441469,-0.168267910415212),(0.633419213773253,-0.647863992602302,
-0.423145774777769),(0.465968470519088,-0.33955962635674,-0.817051188500802),
(0.746300610921779,-0.293783399959303,-0.597266031217356),(0.33825389210422,
-0.712051775991066,-0.615277638781319),(0.465968470519088,-0.33955962635674,
-0.817051188500802),(0.633419213773253,-0.647863992602302,-0.423145774777769),
(0.877179698740526,-0.116313904041816,-0.465861408408157),(0.227225089537329,
-0.593089264636137,-0.772407847486106),(0.559942603693592,-0.813984455485696,
-0.154575505163318),(0.289458790647184,0.652217639807929,-0.70058957945465),
(0.52987167296272,0.840443729691509,-0.113535665823188),(0.245161827042545,
-0.620932468738219,-0.744539151306244),(0.0784685608821139,-0.838486805697241,
-0.539242581427624),(0.335537310867696,-0.635051634225975,-0.695790295191442),
(0.851386465071835,-0.322321641556237,-0.413823448437831),(0.782249118340861,
-0.557563240983021,-0.277866063346095),(0.193993691545431,-0.975022401592553,
-0.108156202010177),(0.555125555373153,-0.831059825800406,-0.0342809526158042),
(0.700602036928578,-0.707650214812942,-0.0915858030850008),(0.193938639420412,
-0.108180474380877,-0.975030660596111),(0.555210055234278,-0.0342781557082198,
-0.831003491333215),(0.193938639420412,0.108180474380877,-0.975030660596111),
(0.555210055234278,0.0342781557082198,-0.831003491333215),(0.700623767385668,
-0.0915748137553092,-0.707630122352061),(0.700623767385643,0.0915748137551497,
-0.707630122352107),(0.193993691545207,0.975022401592614,-0.108156202010026),
(0.555125555373156,0.83105982580041,-0.0342809526156746),(0.700602036928256,
0.707650214813331,-0.0915858030844657),(0.760858890134732,-0.591728757839791,
-0.266365963381814),(0.948390304762077,-0.224223570479002,-0.224231175965658),
(0.760853724264721,-0.266349612194036,-0.591742760290814),(0.948384341965635,
-0.224229879555289,-0.224250085906404),(0.76085372426447,0.266349612194167,
-0.591742760291076),(0.948387356773751,0.224229804790128,-0.22423741024967),
(0.760858890134306,0.591728757840461,-0.266365963381543),(0.94839331883742,
0.224210896451476,-0.224231101092086),(0.339575546131434,0.629081931387169,
-0.699245573508855),(0.83343820503934,0.52931574035715,-0.158762733004208),
(0.860427471109154,0.319125555100704,-0.39726999262765),(0.353258708949738,
0.669590447252655,-0.653342878968734),(0.954825320228113,0.269661110074638,
-0.124865902329646),(0.774288755837077,0.288811057785243,-0.563085335881908),
(0.,0.,1.),(0.70531406772784,-0.708300699392472,0.0290204256575136),(0.609950332373608,
-0.786621975222157,-0.0958460230521713),(0.7214973808834,0.681328233053625,
-0.123423531882775),(0.,0.,1.),(0.820097969124143,0.572220824838165,0.00162747042561632),
(0.555530400614495,0.831418544802896,0.0113656214495432),(0.629420487998106,
0.761782951060883,-0.153351181153584),(0.371911428654678,0.667331948345211,
-0.645251857768594),(0.831522857883729,-0.555443684764541,-0.00721455972772095),
(0.97113976775551,-0.205620484549329,-0.120862598919072),(0.825413298103204,
-0.551440273316519,0.120857404733822),(0.979900333175656,-0.194964220995134,
-0.042240851956365),(0.892114792363469,0.375317406276462,-0.251531393253791),
(0.989460007749411,0.0415090209851128,-0.138729572339115),(0.794774081577168,
0.530970893947242,0.293945690619945),(0.818296981720283,0.546686020555845,
0.177551245099236),(0.980275106999396,0.195038787238384,-0.0319466128079694),
(0.831522857883337,0.555443684765133,-0.0072145597272813),(0.971139526465659,
0.20561982926717,-0.120865652474953),(0.88357434674225,0.218561829218899,
-0.414158303777065),(0.814714206091944,0.235954939336805,-0.529684839309696),
(0.80236409259131,0.253477121219481,-0.540334351988108),(0.971138263776901,
-0.120860292474548,-0.205628943321103),(0.831504187348283,-0.00723577731787034,
-0.555471358351515),(0.97113802251567,0.12086334592188,-0.205628288027014),
(0.831504187348276,0.00723577731787723,-0.555471358351526),(0.422808204583621,
-0.676817209535074,-0.602620682530836),(0.732446125405662,-0.658376146400135,
-0.173388359556059),(0.990544770120882,-0.0970070919624245,-0.097008672267808),
(0.994417729541996,-0.0925063402055656,-0.0507538786134946),(0.990544770120908,
0.0970070919622537,-0.0970086722677153),(0.994647588896458,0.0941569798424408,
-0.042551581044801),(0.448458975689256,0.677596434918211,-0.582878733966057),
(0.772762023112217,0.595092341167084,-0.220689739498221),(0.,0.,1.),(0.999927162840437,
-0.0087305078856405,0.00833350142096988),(0.,0.,1.),(0.921686868039645,
-0.38757707555589,0.016653161466047),(0.,0.,1.),(0.92556968616318,0.378478606443135,
0.00864294629482821),(0.809268644906133,-0.246888973719923,-0.533038549288242),
(0.328642385536206,-0.647908315600188,-0.68717464811007),(0.66126497455664,
-0.425178218887899,-0.618022746836976),(0.907925954487506,-0.257697402357751,
-0.330548801217034),(0.951888560146888,-0.29070507431942,-0.09694704134952),
(0.821018883209824,-0.309020591467123,-0.480035693945984),(0.47233284386687,
-0.676061692538573,-0.565545995022964),(0.780300483187696,-0.597246047806749,
-0.185548684490801),(0.809654088671167,-0.544561828354979,-0.218889633826605),
(0.859749413482653,-0.169645375237057,-0.481717129316482),(0.811676215086443,
0.497173037772111,-0.30659532347281),(0.957545911791975,0.238522609134404,
-0.161903649564153),(0.875525914232785,0.0416299406141893,-0.48137440890777),
(0.825923579063219,0.0216225041366926,-0.563367294810643),(0.832671433690051,
-0.127075800360595,-0.538989818530248),(0.840276556017685,-0.0523126313319884,
-0.539628296154104),(0.842041663364138,-0.251259891323271,-0.477319918054101),
(0.810046988877357,-0.210346909786647,-0.547337239144146),(0.829878644567731,
0.250222485595167,-0.49868842275814),(0.806568217065597,0.230049330734159,
-0.544541106481769),(0.818410354734751,-0.228807917824211,-0.527116142803356),
(0.821591960011334,0.207950811234472,-0.530794792129368),(0.788137185121883,
-0.598894995659839,-0.142001977457205),(0.888751038711601,0.435343053758652,
-0.143520091740292),(0.956457933570089,-0.260013169224014,-0.132594770413165),
(0.818496505381952,0.121333218436424,-0.561552954565632),(0.989081270707216,
0.0494102857950654,-0.138841145176236),(-0.834820921173398,-0.171551736353371,
-0.523109961026687),(0.834728769512989,0.17147806896494,-0.523281141654643),
(0.819342237279169,-0.206595807857152,-0.534786378272873)),$,(42,1,1,5,
5,3,47,6,6,4,2,15,15,15,8,16,16,9,69,69,69,18,70,70,26,28,28,28,32,32,32,
76,76,22,55,55,31,24,71,71,33,33,33,29,29,29,21,59,59,27,23,34,34,34,34,
34,20,48,48,37,37,12,66,66,19,35,35,39,39,7,58,58,87,87,17,38,38,36,36,
40,40,40,10,14,11,41,41,41,30,13,46,54,54,64,64,64,61,61,61,61,50,50,44,
108,108,108,171,111,111,111,176,68,68,49,49,43,56,56,60,45,52,52,51,51,
62,57,57,63,53,53,65,90,72,73,75,74,89,89,67,91,91,91,78,78,82,82,88,88,
88,105,105,112,115,115,115,106,106,77,77,93,83,92,80,80,79,79,97,84,85,
98,81,81,103,86,102,110,110,113,113,104,104,104,107,129,129,129,129,129,
129,117,150,150,109,109,132,132,139,140,148,148,130,130,114,114,149,149,
149,131,131,147,147,128,128,128,145,145,145,118,118,119,119,95,141,141,
141,116,94,120,120,96,142,142,142,121,146,146,146,123,123,124,124,99,143,
143,143,122,125,125,100,144,144,144,126,101,138,138,156,156,156,156,127,
158,158,153,153,134,134,179,179,179,177,177,177,183,183,183,163,163,151,
151,186,186,186,186,186,133,133,152,135,135,136,136,154,155,137,137,157,
159,159,160,160,161,161,162,162,187,187,187,191,191,191,203,203,185,201,
204,204,204,170,170,164,164,165,165,178,178,178,168,168,169,169,181,193,
190,166,166,167,167,180,180,172,173,174,175,182,182,217,217,213,213,214,
214,189,188,188,188,188,192,184,184,210,210,212,212,212,208,205,207,199,
202,198,200,197,196,209,211,215,206,216,25,194,195),((1,2,4),(6,5,3),(2,
7,8),(10,3,9),(1,7,2),(11,6,3),(10,11,3),(1,4,12),(15,13,5),(6,15,5),(7,
16,8),(18,9,17),(18,10,9),(19,1,12),(22,20,14),(15,22,13),(7,23,16),(25,
17,24),(25,18,17),(26,29,32),(28,34,30),(35,27,33),(36,37,28),(38,34,28),
(37,38,28),(39,41,44),(47,45,43),(48,39,44),(49,46,50),(47,51,46),(51,50,
46),(32,29,52),(57,53,31),(34,57,30),(41,58,60),(62,42,61),(63,58,41),(39,
63,41),(62,65,43),(65,47,43),(55,66,68),(70,67,54),(55,68,71),(73,55,71),
(74,33,56),(70,53,75),(57,75,53),(70,69,67),(76,78,80),(77,83,79),(36,81,
79),(36,79,37),(79,84,37),(79,85,84),(79,83,85),(62,61,59),(86,76,80),(49,
77,88),(49,89,77),(77,89,90),(77,90,83),(69,25,72),(70,25,69),(86,80,91),
(92,82,94),(91,80,93),(36,95,81),(97,87,101),(102,86,103),(49,88,100),(103,
86,91),(104,1,19),(107,1,104),(7,108,23),(111,108,7),(59,64,112),(62,59,
112),(97,101,114),(102,116,115),(117,119,114),(118,115,116),(97,114,119),
(102,103,116),(120,121,123),(122,125,124),(118,116,123),(117,124,125),(120,
123,116),(126,121,120),(127,128,122),(122,128,125),(92,94,129),(93,130,
120),(126,120,130),(127,129,131),(94,131,129),(91,93,120),(35,132,96),(35,
33,132),(117,133,119),(117,134,133),(117,125,134),(127,131,135),(127,136,
128),(127,135,136),(73,71,137),(72,139,138),(72,25,139),(48,99,140),(48,
140,39),(49,50,89),(143,141,98),(143,98,119),(96,132,145),(96,145,131),
(64,147,112),(39,148,63),(113,105,21),(22,112,20),(112,147,150),(112,150,
152),(113,153,105),(112,152,154),(62,112,22),(139,24,110),(139,25,24),(156,
149,40),(157,39,140),(74,132,33),(143,119,158),(160,144,159),(161,158,119),
(161,162,159),(160,159,162),(160,142,144),(128,163,165),(164,167,166),(128,
165,125),(168,125,165),(168,166,167),(169,163,128),(169,170,164),(164,170,
167),(145,171,131),(146,173,172),(174,131,171),(174,172,175),(173,175,172),
(146,132,173),(73,137,176),(73,176,178),(74,179,132),(156,151,149),(138,
139,180),(138,180,183),(177,138,183),(157,140,184),(190,185,142),(190,142,
160),(191,181,109),(180,139,110),(192,183,182),(156,193,151),(150,194,152),
(195,193,156),(157,184,197),(196,157,197),(155,198,106),(199,107,104),(198,
200,106),(195,201,193),(194,202,152),(178,176,203),(204,177,183),(191,109,
205),(111,206,108),(178,203,208),(179,210,212),(179,212,132),(178,208,211),
(192,209,204),(192,204,183),(202,198,155),(202,155,152),(215,218,220),(222,
220,218),(223,218,215),(225,226,219),(227,222,218),(162,227,219),(162,219,
226),(216,221,228),(230,228,221),(222,230,221),(216,228,231),(232,229,234),
(230,234,229),(235,238,240),(240,238,242),(243,238,235),(245,246,239),(239,
170,242),(239,246,170),(236,241,247),(247,241,249),(240,242,249),(236,247,
250),(251,248,253),(247,249,254),(253,248,254),(255,214,257),(261,212,256),
(262,213,211),(262,258,213),(173,132,212),(173,212,261),(264,186,266),(267,
185,190),(268,187,265),(271,189,274),(273,197,184),(270,275,188),(195,277,
201),(278,198,202),(211,208,279),(280,209,192),(195,281,277),(196,197,282),
(286,267,190),(287,288,266),(225,286,226),(224,288,287),(226,286,190),(288,
264,266),(289,246,291),(293,290,292),(232,234,289),(233,290,293),(289,234,
246),(245,291,246),(244,294,292),(293,292,294),(261,256,295),(255,297,296),
(251,253,295),(252,296,297),(261,295,253),(255,257,297),(224,217,298),(224,
298,288),(217,233,300),(233,293,300),(244,237,302),(244,302,294),(237,252,
304),(252,297,304),(217,300,298),(237,304,302),(211,279,306),(262,211,309),
(211,306,309),(312,107,199),(314,313,200),(198,314,200),(315,192,207),(316,
206,111),(315,207,318),(319,280,192),(319,192,315),(279,320,306),(321,323,
265),(288,321,265),(323,268,265),(263,325,259),(260,328,330),(260,330,297),
(260,327,328),(263,332,325),(263,311,333),(263,333,334),(263,334,332),(299,
301,335),(299,335,322),(298,321,288),(300,293,336),(303,305,331),(303,331,
337),(302,338,294),(304,297,330),(281,339,277),(340,314,278),(278,314,198),
(322,341,324),(322,335,341),(342,269,324),(341,342,324),(336,294,338),(341,
335,337),(336,293,294),(337,331,343),(341,337,343),(329,343,331),(329,326,
344),(329,344,343),(306,320,345),(346,319,315),(347,111,107),(312,349,107),
(349,347,107),(351,316,111),(347,351,111),(272,276,353),(273,354,197),(272,
358,355),(272,353,358),(326,332,269),(326,269,342),(344,326,342),(332,276,
269),(281,359,339),(361,340,360),(361,314,340),(363,307,346),(363,346,315),
(332,366,276),(276,367,353),(276,366,368),(276,368,367),(361,360,285),(197,
354,283),(369,284,357),(362,284,370),(369,370,284),(371,310,308),(365,372,
308),(372,371,308),(358,373,356),(373,369,356),(374,333,311),(371,374,311),
(375,350,313),(314,375,313),(376,317,352),(376,315,317),(362,368,365),(362,
365,377),(361,375,314),(362,367,368),(362,370,367),(361,377,375),(363,315,
376),(365,368,366),(365,366,378),(365,378,372),(364,376,379),(365,379,377),
(377,348,350),(375,377,350),(379,352,348),(379,376,352),(377,379,348),(70,
6,11),(62,15,6),(70,62,6),(70,11,10),(70,10,18),(62,22,15),(70,83,62),(70,
18,25),(70,75,84),(70,84,85),(70,85,83),(62,90,65),(62,83,90),(38,57,34),
(37,75,38),(38,75,57),(37,84,75),(51,47,65),(380,51,65),(380,65,90),(51,
380,50),(380,89,50),(89,380,90),(103,91,120),(103,120,116),(135,131,174),
(161,119,133),(133,134,222),(161,133,227),(133,222,227),(134,125,168),(134,
168,230),(134,230,222),(161,227,162),(169,128,136),(168,167,230),(136,135,
249),(169,136,242),(136,249,242),(135,174,254),(135,254,249),(169,242,170),
(174,175,254),(173,261,175),(230,167,234),(253,254,175),(190,160,226),(160,
162,226),(170,234,167),(170,246,234),(261,253,175),(381,334,333),(374,381,
333),(332,334,378),(332,378,366),(334,381,378),(344,342,341),(353,382,358),
(353,367,370),(353,370,382),(382,373,358),(382,370,369),(382,369,373),(374,
371,372),(381,374,372),(381,372,378),(344,341,343)),());
#185=COMPLEX_TRIANGULATED_FACE('ConvergentBody',#281,391,((0.,0.,1.),(0.,
0.,1.),(-0.99947559331403,0.0128295114392108,0.0297311622005901),(0.,0.,
1.),(-0.91858168803273,-0.39356157827207,0.0362900333278771),(-0.974329665528777,
-0.207711769151395,-0.0868189139910084),(0.,0.,1.),(0.,0.,1.),(-0.923915054642053,
0.381806221175522,0.0245963671594109),(-0.949489170903509,0.291296852186097,
-0.116689580697841),(-0.988817943424098,0.0353099992349385,-0.144887124053746),
(0.,0.,1.),(-0.819891532857532,-0.572505659256564,0.00389158935825315),
(-0.555523021209806,-0.831407500628836,0.0124796155406181),(-0.875763688686119,
-0.459849847297697,-0.146887982895697),(0.,0.,1.),(-0.704793867788099,0.708587893839451,
0.0341877263423944),(-0.797560981364909,0.588486276605164,-0.132591037599204),
(-0.690881892424979,-0.706308293634718,-0.154307501639074),(-0.813549924421953,
-0.581346604540345,-0.0131394772516305),(-0.551753926934191,-0.833983084787883,
0.00631018227839097),(-0.195100415318317,-0.980781402322011,-0.00191541167612759),
(0.,0.,1.),(0.,0.,1.),(-0.36746821854854,0.929893240943275,0.0162993498267392),
(-0.638056699354509,0.763666066138159,-0.0984773468260486),(-0.772372997471602,
-0.595270394823553,-0.221569650050145),(-0.448458975688891,-0.677596434918177,
-0.582878733966378),(-0.629106631011679,-0.761888124346344,-0.154114674178503),
(-0.324989932660646,-0.640829465744095,-0.695499201655449),(-0.894494470101182,
-0.191233247538353,-0.404115686399749),(-0.4769305693049,-0.87800211866388,
-0.0406141808269282),(-0.161618672826643,-0.986124647179557,-0.0379154957602837),
(-0.235871341134366,-0.704053802721803,-0.669830540737315),(-0.316810146818369,
-0.632456968775197,-0.706844759137827),(-0.833186512628507,-0.529569118684464,
-0.159238135224285),(-0.860166900974618,-0.319257625004315,-0.397727886053172),
(-0.372542476334326,-0.662787453365253,-0.64955746088263),(-0.954763013605674,
-0.269790892302532,-0.125061833831171),(-0.874824413879046,-0.21206542457052,
-0.435557689155993),(-0.654590293188753,-0.347468861794723,-0.671399239012186),
(-0.829652101247809,-0.250818217496893,-0.498766090133218),(-0.329875968853875,
-0.764343944004643,-0.554039872604981),(-0.692194949391038,-0.337801302851989,
-0.637774593276525),(-0.476743257563154,-0.418270778914025,-0.773152909762828),
(-0.788279022554146,-0.247713036672659,-0.563253436796874),(-0.821378624143574,
-0.208341945056178,-0.530971552656277),(-0.842979579029485,0.254690736855839,
-0.473833365118057),(-0.851063822577077,0.322546716984897,-0.414311459246251),
(-0.781841233100007,0.557862570740532,-0.278412712338042),(-0.245164945576818,
0.620933697376333,-0.744537099762579),(-0.0784742512191971,0.838483247186055,
-0.539247286580021),(-0.335525561576959,0.635052750186635,-0.6957949425002),
(-0.951778018861036,0.290953538984253,-0.0972863863318054),(-0.328629230223718,
0.647912428616694,-0.687177061525328),(-0.661268288782242,0.425177034809153,
-0.618020015308487),(-0.907675322571208,0.257979917723375,-0.331016420811256),
(-0.212131995307773,0.822814926698147,-0.527233926231484),(-0.338238718298566,
0.712066280468526,-0.615269194469755),(-0.465968484525558,0.33955620546236,
-0.81705260219949),(-0.746303376955272,0.293781590527792,-0.597263464990214),
(-0.820832944663717,0.309054109051245,-0.480332004589775),(-0.819318078587318,
0.232283338148435,-0.524177772247742),(-0.806220943513458,-0.230024549541459,
-0.545065589492236),(-0.472332843857847,0.676061692539822,-0.565545995029007),
(-0.779922474213567,0.597514545921522,-0.186272117153337),(-0.422808204587219,
0.676817209535943,-0.602620682527336),(-0.726994576687289,0.660367790336742,
-0.188130983500961),(-0.859223349742359,0.329012245672558,-0.391773119872995),
(-0.227227958378432,0.593091596127671,-0.772405213300571),(-0.561693633219883,
0.810861854012523,-0.164326857535889),(-0.122066212774828,0.569819987594328,
-0.812653075695164),(-0.0486093823846276,0.835744744040567,-0.546962385135169),
(-0.809874000722729,0.21006877919599,-0.547699927844131),(-0.896401675914445,
-0.155121027826205,-0.415212598729755),(-0.643229098007625,-0.730753496139423,
0.228594959166444),(-0.476743257563154,-0.418270778914025,-0.773152909762828),
(-0.877063867958764,0.1170263065119,-0.46590107866949),(-0.465968484525558,
0.33955620546236,-0.81705260219949),(-0.633419953031524,0.647863322256062,
-0.423145694503536),(-0.633419953031524,0.647863322256062,-0.423145694503536),
(-0.985026613948936,0.0357071799055443,-0.168664065869073),(-0.752116085019987,
0.580064073176702,0.312805156069815),(-0.825922813986295,-0.0212620774939139,
-0.563382134432397),(-0.633419953031524,0.647863322256062,-0.423145694503536),
(-0.465968484525558,0.33955620546236,-0.81705260219949),(-0.154411398939007,
0.884588363784211,-0.440068797502472),(-0.0613786270358453,0.989080522305541,
-0.133986508794699),(-0.554675990743092,0.830386797690531,0.0528423269210879),
(-0.712036031046778,0.596091765274817,0.371051610780365),(-0.80977110313315,
0.247635816960253,-0.531927873577752),(-0.839985084054623,0.0524409834634441,
-0.540069441663879),(-0.832433694626075,0.127115539327502,-0.539347553728263),
(-0.975232279238355,-0.115648655580871,-0.188540154858058),(-0.795497875506179,
-0.531371131450321,0.291252211539005),(-0.911062796443533,-0.287951391613154,
-0.295039958318424),(-0.829760368900012,-0.554257553201486,0.0655461282000508),
(-0.597227364536325,-0.794599452736664,0.109229962737292),(-0.476743257563154,
-0.418270778914025,-0.773152909762828),(-0.616326822596158,-0.767898694070543,
0.17456472551257),(-0.0625620690304009,-0.989364673153734,-0.131314626123825),
(-0.13038013095983,-0.885437299375571,-0.446096189543683),(-0.794024957600695,
-0.273752380170731,-0.542755931389123),(-0.818635351510112,-0.121536462920516,
-0.561306555670505),(-0.994405158594711,0.0925986411708044,-0.0508318031703494),
(-0.825456536120214,0.551382708950872,0.120824729448962),(-0.979900333175655,
0.194964220995134,-0.0422408519563849),(-0.786454445560469,0.582805163851579,
0.204517837965568),(-0.555381354607242,0.831442774242849,0.0159519313557602),
(-0.818583303816129,-0.546791575097977,0.175898687076804),(-0.98024657057248,
-0.195033109536209,-0.0328442851274),(-0.99461924681383,-0.0939827333625888,
-0.0435866917439991),(0.,0.,1.),(-0.15748560835136,-0.986613895801692,-0.0423237967721582),
(0.20307512256267,-0.978597727850718,0.0332713336307563),(0.,0.,1.),(0.,
0.,1.),(0.147735020600658,0.987608538674833,-0.0529503354539259),(-0.21912897683576,
0.975390599578086,0.0244063468305968),(0.,0.,1.),(-0.529719719543212,-0.840450679208378,
-0.114191394357186),(-0.282555671337829,-0.639884811350709,-0.714639574049392),
(-0.828236306958108,-0.553239520918301,-0.0891664305133018),(-0.977151693408843,
-0.194417342508833,-0.0858863493230017),(-0.990960813757157,-0.0948587600459517,
-0.0948603249008646),(-0.774139718521973,-0.447595156858872,-0.447622912464501),
(-0.965926545243049,-0.183009170037563,-0.183012439131853),(-0.706262543102999,
-0.698939996118634,-0.112588196696492),(-0.990960813757157,0.0948587600459517,
-0.0948603249008646),(-0.977151127225812,0.0858857342493896,-0.194420459864099),
(-0.828214615904905,0.0891550929892346,-0.553273819546499),(-0.977151127225812,
-0.0858857342493896,-0.194420459864099),(-0.828214615904905,-0.0891550929892346,
-0.553273819546499),(-0.706279962737345,-0.11257152933501,-0.698925078258687),
(-0.965926545243049,0.183009170037563,-0.183012439131853),(-0.774139718522253,
0.447595156858595,-0.447622912464294),(-0.706279962737373,0.112571529334888,
-0.698925078258679),(-0.828236306958108,0.553239520918301,-0.0891664305133018),
(-0.977151693408843,0.194417342508833,-0.0858863493230017),(-0.706262543103166,
0.69893999611851,-0.112588196696211),(-0.206248033535622,-0.847953481905987,
-0.488299745224387),(-0.489483153988525,-0.745268705159778,-0.452748052531332),
(-0.489493141936298,-0.452740511198316,-0.74526672642566),(-0.489483153988402,
0.745268705160097,-0.452748052530939),(-0.48949314193617,0.452740511198359,
-0.745266726425718),(-0.145276091738983,0.578232092983034,-0.802834045001523),
(-0.323072830491365,0.939571096996392,-0.113270030843529),(-0.401080981663254,
0.914941795008021,-0.0448949651469073),(-0.555063238423775,-0.830966533188442,
0.0374088501733669),(-0.194755104379242,-0.97884930216833,-0.0626457737026441),
(-0.555201180460486,0.831173041578649,0.0300503605332859),(-0.19472698558108,
0.978707975623661,-0.064900689804818),(-0.343712881502727,-0.935580224691824,
-0.0809388550369283),(-0.132162087130887,-0.582677772948293,-0.801885151151476),
(-0.188123462885223,-0.981613946717638,0.0323051438859936),(-0.0894325639964758,
-0.539151813703986,-0.837446797281307),(-0.0103493529112729,-0.995704320957606,
0.0920097610075701),(-0.132070431084622,-0.988817489043936,-0.0692630824752123),
(-0.0659390739366161,-0.952264001428091,0.298069304210517),(0.20771256230089,
-0.97590224316991,-0.066860326340334),(-0.555310663941847,-0.831336945622092,
-0.0225599059438828),(-0.195135876184631,-0.980763081102021,-0.00507627549750906),
(-0.0922162367014187,-0.99341430887614,-0.0680012985814912),(-0.369880649146649,
-0.917785319605918,-0.144424417958723),(-0.0912384876661316,-0.991477389663029,
-0.0929952910387578),(-0.555393039526958,0.0227267372139049,-0.83127737071366),
(-0.195080830209609,0.00526265882030169,-0.980773049235587),(-0.555393039526959,
-0.0227267372138664,-0.831277370713661),(-0.195080830209609,-0.00526265882029323,
-0.980773049235587),(-0.0912240267512666,-0.0929753507454204,-0.991480590378375),
(-0.369902998641807,-0.144565687997699,-0.917754070244067),(-0.369902998641758,
0.14456568799752,-0.917754070244115),(-0.0912240267512758,0.0929753507454274,
-0.991480590378373),(-0.0918239813114096,0.993345869534691,-0.0695150338739018),
(-0.195135876184631,0.980763081102021,-0.00507627549750906),(-0.555310663942011,
0.831336945621982,-0.0225599059438907),(-0.0912384876661315,0.991477389663029,
-0.0929952910387578),(-0.369880649146588,0.917785319606006,-0.144424417958322),
(-0.00678038617873625,0.552155048892732,-0.833713876785994),(-0.038130031635202,
0.99890920923634,-0.0269535227814114),(0.0207020459106795,0.556250665815273,
-0.830756656353217),(0.0246793537853804,0.885116005350406,-0.464715597510215),
(-0.0207022072106959,-0.556252442394409,-0.830755462784844),(-0.0246789711705316,
-0.88511544879566,-0.464716677864289),(-0.239698082715109,0.969820551120813,
-0.04464221955082),(0.117346437365374,0.98944883065338,-0.0849754385473418),
(0.0576691659452283,0.947243422927603,0.315284260659455),(0.00675214614346031,
0.994818631736671,0.101441108393171),(0.130380192887271,0.885438156222634,
-0.446094470720879),(0.476743257563162,0.418270778913983,-0.773152909762845),
(0.616326822596195,0.767898694070525,0.174564725512517),(0.0625620690304274,
0.989364673153749,-0.131314626123701),(0.154411764164453,-0.884588086446946,
-0.440069226831133),(0.0613786270358977,-0.989080522305535,-0.133986508794719),
(0.554675990742829,-0.830386797690729,0.0528423269207268),(0.712036031046782,
-0.596091765274824,0.371051610780346),(0.633419953031576,-0.647863322256091,
-0.423145694503413),(0.465968484525595,-0.339556205462345,-0.817052602199475),
(0.0918239813114396,-0.993345869534687,-0.0695150338739221),(0.154426093578553,
0.986940182892298,-0.0458438328958778),(0.474330741693264,0.879574736095132,
-0.0368596135071675),(0.00678042781892363,-0.552156871906289,-0.833712669092449),
(0.0383098734503317,-0.998879438882088,-0.02778884982912),(0.122066959790485,
-0.569821558039987,-0.812651862312756),(0.0486106032103301,-0.83574310642031,
-0.546964778871965),(0.212132553517402,-0.822814270436183,-0.527234725814565),
(0.35488030810928,-0.933936337390872,-0.0426952528647634),(0.,0.,1.),(0.374949245734123,
-0.926638186569217,0.0274724282713611),(0.145276761590066,-0.57823385557171,
-0.802832654301367),(0.331128969230212,-0.936948609223461,-0.111717990542075),
(0.0894321748747787,0.539150037397146,-0.83744798242746),(0.188007221031848,
0.981613026675878,0.0330022832559162),(0.195100298767635,0.980780816414933,
-0.00220535104635251),(0.,0.,1.),(0.551984161085268,0.833836052641772,0.00556086556044799),
(0.132161408724059,0.582676079800982,-0.801886493259384),(0.343792493388827,
0.93559940667631,-0.0803770596403637),(0.206247294093498,0.847954531980921,
-0.488298234045678),(0.235869535403907,0.704053977979086,-0.66983099238552),
(0.261826995977614,-0.808716607180424,-0.526710616418468),(0.261833549211527,
-0.526741316006149,-0.808694490224463),(0.69075593429552,-0.511299761570577,
-0.511301078674194),(0.137279717655608,-0.826277675883382,-0.546277842729461),
(0.0901824178266785,-0.97677869772373,-0.194346358823795),(0.126054904126905,
-0.824893094515883,-0.551054937157419),(0.126048889132035,-0.551105584374639,
-0.824860177496567),(-0.11094005067799,-0.916049045103914,-0.385417244190983),
(0.267899140778963,-0.81220459514345,-0.518221715096692),(0.627356921715528,
-0.743465090086914,-0.23169581911997),(0.193598545908256,-0.961451788372814,
-0.195269203042687),(0.0977247222742656,-0.990413190381989,-0.097629867222013),
(0.137280883639582,-0.546320360751776,-0.826249370598964),(0.0901848337952481,
-0.194288575139438,-0.976789969913497),(-0.120881844662135,-0.701943548826816,
-0.701899447137191),(0.267918275520703,-0.518235314067085,-0.812189606493338),
(0.193573875452507,-0.195262860702733,-0.961458043792074),(0.627405815582293,
-0.231675023872135,-0.743430310040802),(0.0977071231610894,-0.0976094359341027,
-0.990416940535757),(-0.110941332270885,-0.385416096156691,-0.916049372914636),
(0.261833549211527,0.526741316006149,-0.808694490224463),(0.261826995977632,
0.808716607180322,-0.526710616418616),(0.69075593429504,0.511299761570771,
-0.511301078674648),(0.137280883639582,0.546320360751776,-0.826249370598964),
(0.0901848337952481,0.194288575139438,-0.976789969913497),(0.126048889132035,
0.551105584374639,-0.824860177496567),(0.126054904126912,0.824893094515774,
-0.551054937157582),(-0.11094133227069,0.385416096156591,-0.916049372914702),
(0.267918275520703,0.518235314067085,-0.812189606493338),(0.627405815582119,
0.231675023872102,-0.743430310040959),(0.193573875452507,0.195262860702733,
-0.961458043792074),(0.0977071231610894,0.0976094359341027,-0.990416940535757),
(0.137279717655615,0.826277675883276,-0.546277842729619),(0.0901824178266785,
0.97677869772373,-0.194346358823795),(-0.120881844661698,0.701943548826773,
-0.70189944713731),(0.267899140778989,0.812204595143353,-0.518221715096832),
(0.193598545908256,0.961451788372814,-0.195269203042687),(0.62735692171523,
0.743465090087193,-0.231695819119881),(0.0977247222742657,0.990413190381989,
-0.097629867222013),(-0.110940050677681,0.916049045103958,-0.385417244190969),
(0.55506323842383,0.830966533188406,0.0374088501733588),(0.194755104379288,
0.978849302168324,-0.0626457737026037),(0.597227364536372,0.794599452736631,
0.109229962737269),(0.911062796443514,0.287951391613636,-0.295039958318013),
(0.829760368899908,0.554257553201653,0.0655461281999486),(0.0922162367014352,
0.993414308876144,-0.0680012985814159),(0.643229098007668,0.730753496139399,
0.228594959166399),(0.476743257563162,0.418270778913983,-0.773152909762845),
(0.89645414923012,0.155070551534198,-0.415118154716198),(0.476743257563162,
0.418270778913983,-0.773152909762845),(0.329873756556643,0.764346310308863,
-0.554037925283491),(0.692194949391077,0.337801302851766,-0.637774593276601),
(0.55538135460697,-0.831442774243033,0.0159519313556523),(0.7864544455604,
-0.582805163851662,0.204517837965593),(0.555201180460216,-0.831173041578836,
0.0300503605330793),(0.194726985581125,-0.97870797562365,-0.0649006898048427),
(0.752116085019924,-0.580064073176742,0.312805156069892),(0.98502661394897,
-0.0357071799055201,-0.168664065868879),(0.633419953031576,-0.647863322256091,
-0.423145694503413),(0.465968484525595,-0.339556205462345,-0.817052602199475),
(0.74630337695522,-0.293781590527735,-0.597263464990308),(0.33823871829861,
-0.712066280468437,-0.615269194469834),(0.465968484525595,-0.339556205462345,
-0.817052602199475),(0.633419953031576,-0.647863322256091,-0.423145694503413),
(0.877144046057872,-0.116948967115815,-0.46576953695553),(0.227229392788956,
-0.593092761862828,-0.772403896208897),(0.559951974166722,-0.813981377306479,
-0.154557769216038),(0.529888117094532,0.840445070277809,-0.11344896300866),
(0.282554621669243,0.639883412565447,-0.714641241530985),(0.245166504836428,
-0.62093431168911,-0.744536073990684),(0.0784769254802311,-0.838481736782742,
-0.539249245941954),(0.335525561576869,-0.635052750186754,-0.695794942500136),
(0.851418718077241,-0.322320005604981,-0.413758360029756),(0.78229723357851,
-0.557527889816635,-0.277801530614971),(0.193993691545434,-0.975022401592573,
-0.108156202009992),(0.555125555372991,-0.831059825800518,-0.0342809526157045),
(0.700599480807415,-0.707651944415499,-0.0915919923210716),(0.193938639420412,
-0.108180474380877,-0.975030660596111),(0.555210055234278,-0.0342781557082198,
-0.831003491333215),(0.193938639420412,0.108180474380877,-0.975030660596111),
(0.555210055234278,0.0342781557082198,-0.831003491333215),(0.70062376738567,
-0.0915748137553348,-0.707630122352057),(0.700623767385643,0.0915748137551497,
-0.707630122352107),(0.193993691545434,0.975022401592573,-0.108156202009992),
(0.555125555373156,0.83105982580041,-0.0342809526156746),(0.700599480807345,
0.707651944415648,-0.0915919923204677),(0.760858890134745,-0.591728757839763,
-0.266365963381838),(0.948390304762,-0.224223570479302,-0.224231175965686),
(0.76085372426477,-0.266349612193906,-0.591742760290809),(0.948384341965394,
-0.224229879555763,-0.224250085906951),(0.760853724264485,0.266349612194137,
-0.591742760291071),(0.948384341965595,0.2242298795553,-0.224250085906562),
(0.760858890134614,0.591728757840281,-0.266365963381062),(0.948390304762228,
0.224223570478812,-0.224231175965212),(0.,0.,1.),(0.70532207401787,-0.708294100833955,
0.0289868699060338),(0.609916672335844,-0.786647766961874,-0.0958485448020386),
(0.721517788649177,0.681305230056704,-0.12343121226085),(0.,0.,1.),(0.820128273070801,
0.572177493326738,0.00159117574049806),(0.555530496156669,0.831418687793227,
0.0113504814044682),(0.62941202299323,0.761797800095426,-0.153312155686819),
(0.324988241244613,0.640828465211399,-0.695500913894105),(0.831526880281728,
-0.555437535173422,-0.00722439543559524),(0.971139767755509,-0.205620484549408,
-0.120862598918949),(0.825456536120089,-0.551382708951024,0.120824729449125),
(0.979900333175656,-0.194964220995134,-0.042240851956365),(0.818583303816077,
0.546791575098176,0.175898687076432),(0.980246570572478,0.195033109536208,
-0.0328442851274613),(0.831526880281733,0.555437535173426,-0.0072243954347735),
(0.971139767755556,0.205620484549244,-0.120862598918851),(0.795497875506217,
0.531371131450573,0.291252211538443),(0.975232279238337,0.115648655581184,
-0.188540154857959),(0.971138263776854,-0.120860292474828,-0.205628943321159),
(0.831504187348276,-0.00723577731789453,-0.555471358351526),(0.971138263776914,
0.120860292474621,-0.205628943320998),(0.831504187348276,0.00723577731787723,
-0.555471358351526),(0.422808204584216,-0.676817209535224,-0.602620682530249),
(0.732487400256419,-0.658347851624625,-0.17332142027699),(0.794155598367729,
0.273648110253578,-0.542617358122499),(0.372539704739489,0.662789032075242,
-0.649557439610523),(0.954825549423502,0.269660632423118,-0.12486518125271),
(0.874982215058834,0.211987926790986,-0.435278350283581),(0.654590293188814,
0.347468861794063,-0.671399239012468),(0.788339784246831,0.247646177274861,
-0.563197794255987),(0.990544770120894,-0.0970070919623758,-0.0970086722677314),
(0.994405158594712,-0.0925986411707966,-0.050831803170328),(0.990544770120894,
0.0970070919623758,-0.0970086722677314),(0.994619246813838,0.0939827333625296,
-0.0435866917439415),(0.316807207466779,0.632456653836176,-0.706846358351976),
(0.833460654703699,0.529293116801591,-0.158720299796018),(0.860455407364087,
0.319103900434991,-0.397226878074834),(0.448458975690384,0.677596434918316,
-0.582878733965068),(0.772775371514939,0.595077158862446,-0.220683937295282),
(0.,0.,1.),(0.999928003496415,-0.00871673091741487,0.00824660086253606),
(0.,0.,1.),(0.921688646458649,-0.387575161215178,0.0165991987231914),(0.,
0.,1.),(0.925570551663898,0.378478713360514,0.00854502343812837),(0.809270287519162,
-0.246886167583167,-0.533037355158857),(0.328629230223663,-0.647912428616746,
-0.687177061525305),(0.661268288782189,-0.425177034809093,-0.618020015308584),
(0.907927835435869,-0.257694972941852,-0.330545528726734),(0.95188881741615,
-0.290704495516438,-0.0969462509054232),(0.821021515864914,-0.309018988426976,
-0.480032223166786),(0.47233284386557,-0.676061692538768,-0.565545995023817),
(0.780343449156854,-0.597214969853432,-0.185468005707045),(0.809645167481321,
-0.544561562115498,-0.218923292137845),(0.859785696584884,-0.169648967908893,
-0.481651101561589),(0.82629184097354,0.0214228490087685,-0.562834660518439),
(0.818953827943689,0.121840725613221,-0.560775770944521),(0.811706483212561,
0.497124672632115,-0.306593615346292),(0.957552594115942,0.238472975690434,
-0.161937238976029),(0.875539841953809,0.0416399844930416,-0.48134820747866),
(0.84031056502989,-0.0523201223931718,-0.539574609384014),(0.832700515323513,
-0.12709146487568,-0.538941194691694),(0.842042301788787,-0.251279346382307,
-0.477308550185226),(0.810071024576345,-0.210355427389935,-0.547298391473452),
(0.829944686796245,0.249961269746833,-0.498709515134044),(0.806627657588001,
0.230114410858941,-0.54442555040073),(0.818417738734931,-0.228836892071804,
-0.527092099875269),(0.821614391029153,0.207830837277374,-0.530807060550611),
(0.788090164151075,-0.598936783307921,-0.142086673439462),(0.888776322038489,
0.435281389369106,-0.143550553647961),(0.956435275385524,-0.260066231811738,
-0.132654133254338),(0.989071772803205,0.0493568391064622,-0.138927789435172),
(-0.834499612221223,-0.171927855178438,-0.52349900650944),(-0.82205189360901,
0.210599192763161,-0.529035598255303),(0.834738034589526,0.17146568866325,
-0.523270418828403),(0.819348055832894,-0.206596999366507,-0.534777003297273)),
$,(43,1,1,5,5,3,48,6,6,4,2,15,15,15,8,16,16,10,18,18,70,70,70,71,71,26,
37,37,49,49,7,69,69,60,33,33,33,29,29,29,29,21,56,56,56,27,23,20,34,34,
34,34,34,32,32,32,32,76,42,42,42,28,22,19,35,35,39,39,9,59,59,88,88,17,
38,38,38,36,36,36,40,40,40,11,91,91,91,91,91,91,31,12,14,41,41,62,62,62,
92,92,92,92,30,13,47,55,55,66,66,51,51,45,110,110,110,173,113,113,113,178,
67,67,50,50,44,57,57,61,46,53,53,52,52,63,58,58,64,54,54,65,83,72,73,75,
74,90,90,68,78,78,82,82,89,89,106,106,108,116,116,116,77,77,94,84,93,80,
80,79,79,98,85,86,99,104,81,81,103,87,112,112,114,114,107,107,105,105,105,
109,129,129,129,129,130,130,130,130,130,130,118,151,151,111,111,133,133,
141,142,149,149,131,131,115,115,150,150,150,132,132,134,159,147,147,147,
119,119,120,120,95,143,143,143,117,121,121,96,144,144,144,122,97,148,148,
148,124,124,125,125,100,145,145,145,123,126,126,101,146,146,146,127,102,
140,140,158,158,158,128,183,183,183,165,165,165,154,154,136,136,181,181,
181,179,179,179,185,185,185,164,164,152,152,188,188,188,188,188,135,135,
153,137,137,138,138,155,156,139,139,157,160,160,161,161,162,162,163,163,
205,205,187,203,206,206,206,172,172,166,166,167,167,171,171,170,170,180,
180,168,168,169,169,182,182,192,193,193,193,193,195,174,175,176,177,189,
189,189,184,184,219,219,215,215,216,216,191,190,190,190,190,194,186,186,
212,212,210,208,214,214,214,209,207,201,204,200,202,199,198,211,213,217,
218,25,24,196,197),((1,2,4),(6,5,3),(2,7,8),(10,3,9),(1,7,2),(11,6,3),(10,
11,3),(1,4,12),(15,13,5),(6,15,5),(7,16,8),(18,9,17),(18,10,9),(19,21,14),
(15,20,13),(23,1,12),(7,24,16),(26,17,25),(26,18,17),(27,29,19),(31,27,
19),(29,32,19),(19,32,21),(31,19,15),(34,35,38),(42,39,37),(43,34,38),(44,
41,46),(42,47,40),(47,46,40),(48,49,54),(58,55,53),(59,55,58),(61,62,56),
(63,48,57),(62,63,57),(35,30,28),(31,36,27),(34,30,35),(31,64,37),(64,42,
37),(51,65,67),(69,66,50),(51,67,70),(72,51,70),(73,58,52),(69,49,74),(48,
74,49),(69,68,66),(75,78,82),(75,84,78),(81,80,85),(60,86,79),(61,78,91),
(78,84,92),(78,92,93),(78,93,91),(94,75,82),(96,75,94),(45,77,99),(44,103,
75),(98,100,76),(75,104,84),(75,103,104),(68,26,71),(69,26,68),(94,82,105),
(106,83,108),(105,82,107),(83,90,108),(97,95,110),(111,94,112),(112,94,
105),(59,58,87),(61,91,62),(113,1,23),(116,1,113),(7,117,24),(120,117,7),
(29,121,32),(34,122,30),(97,110,123),(111,125,124),(126,128,123),(127,124,
125),(97,123,128),(111,112,125),(129,130,132),(131,134,133),(127,125,132),
(126,133,134),(129,132,125),(135,130,129),(136,137,131),(131,137,134),(106,
108,138),(107,139,129),(135,129,139),(136,138,140),(108,140,138),(105,107,
129),(43,102,141),(43,141,34),(44,46,103),(126,142,128),(126,143,142),(126,
134,143),(136,140,144),(136,145,137),(136,144,145),(72,70,146),(71,148,
147),(71,26,148),(149,100,98),(149,98,128),(109,89,151),(109,151,140),(121,
153,32),(34,154,122),(33,114,22),(32,153,155),(32,155,157),(33,158,114),
(32,157,159),(148,25,119),(148,26,25),(149,128,161),(163,150,162),(164,
161,128),(163,162,165),(164,165,162),(163,101,150),(137,166,168),(167,170,
169),(137,168,134),(171,134,168),(171,169,170),(172,166,137),(172,173,167),
(167,173,170),(152,174,175),(151,176,140),(174,177,175),(178,140,176),(178,
175,177),(152,88,174),(72,146,179),(72,179,181),(73,182,58),(183,156,154),
(183,154,34),(147,148,185),(147,185,188),(180,147,188),(182,189,87),(182,
87,58),(174,88,192),(184,102,193),(184,141,102),(199,194,101),(199,101,
163),(200,186,118),(185,148,119),(201,188,187),(183,202,156),(155,203,157),
(204,202,183),(184,193,206),(205,184,206),(184,34,141),(160,207,115),(208,
116,113),(207,209,115),(204,210,202),(203,211,157),(181,179,212),(213,180,
188),(200,118,214),(120,215,117),(181,212,217),(182,219,189),(181,217,220),
(182,220,219),(201,218,213),(201,213,188),(211,160,157),(211,207,160),(221,
224,226),(228,226,224),(229,224,221),(231,232,225),(165,228,225),(165,225,
232),(222,227,233),(235,233,227),(228,235,226),(222,233,236),(237,234,239),
(235,240,233),(240,239,234),(241,244,246),(246,244,248),(249,244,241),(251,
252,245),(245,173,248),(245,252,173),(242,247,253),(253,247,255),(246,248,
255),(242,253,256),(257,254,259),(253,255,260),(259,254,260),(261,191,263),
(266,192,262),(263,191,267),(270,268,190),(271,189,219),(174,192,266),(273,
195,275),(276,194,199),(277,196,274),(280,198,283),(282,206,193),(279,284,
197),(204,286,210),(287,207,211),(288,218,201),(220,217,289),(204,290,286),
(205,206,291),(295,276,199),(296,297,275),(231,295,232),(230,297,296),(232,
295,199),(297,273,275),(298,252,300),(302,299,301),(237,239,298),(238,299,
302),(298,239,252),(251,300,252),(250,303,301),(302,301,303),(266,262,304),
(261,306,305),(257,259,304),(258,305,306),(266,304,259),(261,263,306),(230,
223,307),(230,307,297),(223,238,309),(238,302,309),(250,243,311),(250,311,
303),(243,258,313),(258,306,313),(223,309,307),(243,313,311),(315,116,208),
(317,316,209),(207,317,209),(318,201,216),(319,215,120),(318,216,321),(322,
288,201),(322,201,318),(220,289,323),(324,326,274),(297,324,274),(326,277,
274),(265,328,330),(265,330,306),(265,332,328),(264,269,333),(308,310,334),
(308,334,325),(307,324,297),(309,302,335),(312,314,336),(311,337,303),(314,
331,336),(313,306,330),(290,338,286),(339,317,287),(287,317,207),(272,340,
269),(271,220,341),(272,344,345),(271,219,220),(272,345,340),(325,346,327),
(325,334,346),(347,278,327),(346,347,327),(335,303,337),(346,334,336),(335,
302,303),(336,331,348),(346,336,348),(329,348,331),(329,333,349),(329,349,
348),(350,323,353),(354,322,318),(220,323,350),(355,120,116),(315,357,116),
(357,355,116),(359,319,120),(355,359,120),(281,285,361),(282,362,206),(281,
366,363),(281,361,366),(333,269,278),(333,278,347),(349,333,347),(269,285,
278),(290,367,338),(369,339,368),(369,317,339),(269,371,285),(269,340,372),
(269,372,371),(373,351,354),(373,354,318),(285,371,376),(285,377,361),(285,
376,377),(369,368,294),(206,362,292),(378,293,365),(370,293,379),(378,379,
293),(220,350,341),(380,342,352),(375,381,352),(381,380,352),(366,382,364),
(382,378,364),(383,345,343),(380,383,343),(384,358,316),(317,384,316),(385,
320,360),(385,318,320),(370,376,375),(370,375,386),(369,384,317),(370,377,
376),(370,379,377),(369,386,384),(373,318,385),(375,371,372),(375,376,371),
(375,372,381),(374,385,387),(375,387,386),(386,356,358),(384,386,358),(387,
360,356),(387,385,360),(386,387,356),(31,6,11),(31,15,6),(69,11,10),(69,
31,11),(69,10,18),(69,92,31),(31,104,64),(31,84,104),(31,92,84),(69,18,
26),(69,93,92),(69,74,93),(388,64,104),(47,42,64),(388,47,64),(103,388,
104),(47,388,46),(388,103,46),(389,74,48),(389,48,63),(91,74,389),(91,93,
74),(389,63,62),(91,389,62),(112,105,129),(174,266,177),(112,129,125),(164,
128,142),(199,163,232),(163,165,232),(144,140,178),(142,143,235),(164,142,
228),(142,235,228),(143,134,171),(143,171,240),(143,240,235),(164,228,165),
(172,137,145),(171,170,240),(145,144,255),(172,145,248),(145,255,248),(144,
178,260),(144,260,255),(172,248,173),(178,177,260),(240,170,239),(259,260,
177),(173,239,170),(173,252,239),(266,259,177),(340,390,372),(390,340,345),
(390,381,372),(383,390,345),(349,347,346),(361,391,366),(361,377,379),(361,
379,391),(391,382,366),(391,379,378),(391,378,382),(349,346,348),(390,383,
381),(383,380,381)),());
#186=COMPLEX_TRIANGULATED_FACE('ConvergentBody',#282,264,((-1.,0.,0.),(0.,
-1.,0.),(0.,0.,1.),(-1.,0.,0.),(0.,1.,0.),(0.,0.,-1.),(0.,0.,-1.),(-1.,
0.,0.),(0.,-1.,0.),(0.,-1.,0.),(1.,0.,0.),(0.,0.,1.),(0.,0.,-1.),(0.,0.,
-1.),(0.,0.,-1.),(0.,0.,-1.),(0.,0.,-1.),(0.,0.,-1.),(0.,0.,-1.),(0.555569275560551,
0.831470252055432,0.),(0.195090728178244,0.980785199612475,0.),(0.195090728178244,
0.980785199612475,0.),(0.,0.,-1.),(-0.195090728178244,0.980785199612475,
0.),(0.,0.,-1.),(1.,0.,0.),(0.,-1.,0.),(-1.,0.,0.),(0.,0.,1.),(0.,1.,0.),
(0.,0.,1.),(0.,0.,1.),(0.,0.,1.),(0.,0.,1.),(0.,0.,1.),(0.,0.,1.),(0.,0.,
1.),(0.195090728178244,0.980785199612475,0.),(0.555569275560551,0.831470252055432,
0.),(0.,0.,1.),(-0.195090728178244,0.980785199612475,0.),(0.195090728178244,
0.980785199612475,0.),(0.,1.,0.),(1.,0.,0.),(0.,0.,-1.),(0.,0.,-1.),(0.,
0.,-1.),(0.,0.,-1.),(0.,0.,-1.),(0.,0.,-1.),(0.,0.,-1.),(0.,0.,-1.),(0.,
0.,-1.),(0.,0.,1.),(0.,0.,1.),(0.,0.,1.),(0.,0.,1.),(0.,0.,1.),(0.,0.,1.),
(0.,0.,1.),(0.,0.,1.),(0.,0.,1.),(1.,0.,0.),(0.,1.,0.),(0.,0.,-1.),(0.,
0.,-1.),(0.,0.,1.),(0.,0.,1.),(0.,0.,-1.),(0.,0.,-1.),(0.,0.,1.),(0.,0.,
1.),(0.,0.,-1.),(0.,0.,1.),(0.,0.,-1.),(0.,0.,1.),(0.,0.,-1.),(0.,0.,-1.),
(0.,0.,1.),(0.,0.,1.),(0.,0.,-1.),(0.,0.,-1.),(0.,0.,1.),(0.,0.,1.),(0.,
0.,-1.),(0.980785199612476,0.195090728178239,0.),(0.831470252055458,0.555569275560513,
0.),(0.831470252055458,0.555569275560513,0.),(0.,0.,-1.),(0.555569275560551,
0.831470252055432,0.),(0.,0.,1.),(0.831470252055458,0.555569275560513,0.),
(0.980785199612476,0.195090728178239,0.),(0.,0.,1.),(0.555569275560551,
0.831470252055432,0.),(0.831470252055458,0.555569275560513,0.),(0.,0.,-1.),
(0.980785199612475,-0.195090728178244,0.),(0.980785199612476,0.195090728178239,
0.),(0.980785199612476,0.195090728178239,0.),(0.,0.,1.),(0.980785199612475,
-0.195090728178244,0.),(0.,0.,-1.),(0.831470252055506,-0.555569275560442,
0.),(0.980785199612475,-0.195090728178244,0.),(0.980785199612475,-0.195090728178244,
0.),(0.,0.,1.),(0.831470252055506,-0.555569275560442,0.),(0.,0.,-1.),(0.55556927556042,
-0.83147025205552,0.),(0.831470252055506,-0.555569275560442,0.),(0.831470252055506,
-0.555569275560442,0.),(0.,0.,1.),(0.55556927556042,-0.83147025205552,0.),
(0.,0.,-1.),(0.555569275560551,0.831470252055432,0.),(0.195090728178244,
0.980785199612475,0.),(0.,0.,-1.),(0.195090728178244,-0.980785199612475,
0.),(0.55556927556042,-0.83147025205552,0.),(0.,0.,1.),(0.195090728178244,
0.980785199612475,0.),(0.555569275560551,0.831470252055432,0.),(0.,0.,1.),
(0.55556927556042,-0.83147025205552,0.),(0.195090728178244,-0.980785199612475,
0.),(0.,0.,-1.),(0.831470252055458,0.555569275560513,0.),(0.555569275560551,
0.831470252055432,0.),(0.555569275560551,0.831470252055432,0.),(0.,0.,1.),
(0.831470252055458,0.555569275560513,0.),(0.,0.,-1.),(0.980785199612476,
0.195090728178239,0.),(0.831470252055458,0.555569275560513,0.),(0.831470252055458,
0.555569275560513,0.),(0.,0.,1.),(0.980785199612476,0.195090728178239,0.),
(0.,0.,-1.),(0.980785199612475,-0.195090728178244,0.),(0.980785199612476,
0.195090728178239,0.),(0.980785199612476,0.195090728178239,0.),(0.,0.,1.),
(0.980785199612475,-0.195090728178244,0.),(0.,0.,-1.),(0.831470252055506,
-0.555569275560442,0.),(0.980785199612475,-0.195090728178244,0.),(0.980785199612475,
-0.195090728178244,0.),(0.,0.,1.),(0.831470252055506,-0.555569275560442,
0.),(0.,0.,-1.),(0.55556927556042,-0.83147025205552,0.),(0.831470252055506,
-0.555569275560442,0.),(0.,0.,-1.),(0.195090728178244,-0.980785199612475,
0.),(0.55556927556042,-0.83147025205552,0.),(0.,0.,-1.),(-0.195090728178244,
-0.980785199612475,0.),(0.195090728178244,-0.980785199612475,0.),(0.,0.,
1.),(0.831470252055506,-0.555569275560442,0.),(0.55556927556042,-0.83147025205552,
0.),(0.55556927556042,-0.83147025205552,0.),(0.,0.,1.),(0.195090728178244,
-0.980785199612475,0.),(0.,0.,1.),(0.195090728178244,-0.980785199612475,
0.),(-0.195090728178244,-0.980785199612475,0.),(0.195090728178244,-0.980785199612475,
0.),(-0.195090728178244,-0.980785199612475,0.),(0.,0.,-1.),(0.,0.,-1.),
(0.195090728178244,0.980785199612475,0.),(-0.195090728178244,0.980785199612475,
0.),(-0.195090728178244,0.980785199612475,0.),(0.,0.,1.),(0.195090728178244,
0.980785199612475,0.),(0.195090728178244,-0.980785199612475,0.),(-0.195090728178244,
-0.980785199612475,0.),(0.,0.,1.),(0.,0.,1.),(-0.195090728178244,0.980785199612475,
0.),(-0.55556927556054,0.83147025205544,0.),(-0.195090728178244,0.980785199612475,
0.),(-0.55556927556054,0.83147025205544,0.),(0.,0.,-1.),(0.,0.,-1.),(-0.195090728178244,
-0.980785199612475,0.),(-0.555569275560409,-0.831470252055528,0.),(0.,0.,
-1.),(-0.195090728178244,0.980785199612475,0.),(-0.55556927556054,0.83147025205544,
0.),(-0.55556927556054,0.83147025205544,0.),(0.,0.,1.),(-0.195090728178244,
0.980785199612475,0.),(-0.195090728178244,-0.980785199612475,0.),(-0.555569275560409,
-0.831470252055528,0.),(0.,0.,1.),(-0.195090728178244,-0.980785199612475,
0.),(0.,0.,-1.),(-0.555569275560409,-0.831470252055528,0.),(-0.555569275560409,
-0.831470252055528,0.),(-0.195090728178244,-0.980785199612475,0.),(0.,0.,
1.),(-0.55556927556054,0.83147025205544,0.),(-0.83147025205552,0.55556927556042,
0.),(0.,0.,-1.),(-0.55556927556054,0.83147025205544,0.),(0.,0.,1.),(-0.83147025205552,
0.55556927556042,0.),(-0.555569275560409,-0.831470252055528,0.),(0.,0.,
-1.),(-0.831470252055517,-0.555569275560425,0.),(0.,0.,-1.),(-0.55556927556054,
0.83147025205544,0.),(-0.83147025205552,0.55556927556042,0.),(-0.83147025205552,
0.55556927556042,0.),(0.,0.,1.),(-0.55556927556054,0.83147025205544,0.),
(-0.555569275560409,-0.831470252055528,0.),(-0.831470252055517,-0.555569275560425,
0.),(0.,0.,1.),(-0.555569275560409,-0.831470252055528,0.),(0.,0.,-1.),(-0.831470252055517,
-0.555569275560425,0.),(-0.831470252055517,-0.555569275560425,0.),(-0.555569275560409,
-0.831470252055528,0.),(0.,0.,1.),(-0.83147025205552,0.55556927556042,0.),
(-0.980785199612476,0.195090728178239,0.),(0.,0.,-1.),(-0.83147025205552,
0.55556927556042,0.),(0.,0.,1.),(-0.980785199612476,0.195090728178239,0.),
(-0.831470252055517,-0.555569275560425,0.),(0.,0.,-1.),(-0.980785199612475,
-0.195090728178244,0.),(0.,0.,-1.),(-0.83147025205552,0.55556927556042,
0.),(-0.980785199612476,0.195090728178239,0.),(-0.980785199612476,0.195090728178239,
0.),(0.,0.,1.),(-0.83147025205552,0.55556927556042,0.),(-0.831470252055517,
-0.555569275560425,0.),(-0.980785199612475,-0.195090728178244,0.),(0.,0.,
1.),(-0.831470252055517,-0.555569275560425,0.),(0.,0.,-1.),(-0.980785199612475,
-0.195090728178244,0.),(-0.980785199612475,-0.195090728178244,0.),(-0.831470252055517,
-0.555569275560425,0.),(0.,0.,1.),(0.,0.,1.),(-0.980785199612476,0.195090728178239,
0.),(-0.980785199612475,-0.195090728178244,0.),(-0.980785199612476,0.195090728178239,
0.),(-0.980785199612475,-0.195090728178244,0.),(0.,0.,-1.),(-0.980785199612476,
0.195090728178239,0.),(0.,0.,1.),(-0.980785199612475,-0.195090728178244,
0.),(-0.980785199612475,-0.195090728178244,0.),(-0.980785199612476,0.195090728178239,
0.),(0.,0.,-1.)),$,(2,2,2,3,3,3,1,1,1,118,118,118,13,7,5,29,9,11,73,73,
73,81,81,81,117,117,117,4,4,4,14,8,6,30,10,12,74,74,74,82,82,82,119,119,
119,15,17,19,21,23,25,27,51,16,18,20,22,24,26,28,52,120,120,120,33,31,34,
32,37,35,38,36,39,40,41,42,45,43,46,44,49,47,50,48,57,57,57,65,65,65,58,
58,58,66,66,66,53,53,53,54,54,54,60,60,60,59,59,59,67,67,67,68,68,68,77,
77,77,75,75,75,78,78,78,76,76,76,69,69,69,70,70,70,61,61,61,62,62,62,55,
55,55,56,56,56,63,63,63,64,64,64,71,71,71,79,79,79,87,87,87,72,72,72,80,
80,80,88,88,88,83,83,83,85,85,85,86,86,86,84,84,84,90,90,90,89,89,89,91,
91,91,93,93,93,94,94,94,92,92,92,95,95,95,96,96,96,97,97,97,98,98,98,99,
99,99,101,101,101,102,102,102,100,100,100,103,103,103,104,104,104,105,105,
105,106,106,106,108,108,108,109,109,109,110,110,110,107,107,107,111,111,
111,112,112,112,114,114,114,113,113,113,116,116,116,115,115,115),((1,4,
8),(10,2,9),(6,13,7),(14,15,7),(16,7,15),(17,14,7),(18,17,7),(13,18,7),
(19,7,16),(23,7,19),(25,7,23),(10,9,27),(1,28,4),(29,3,31),(32,3,33),(34,
33,3),(35,3,32),(36,3,35),(31,3,36),(37,34,3),(40,37,3),(12,40,3),(30,43,
5),(6,46,13),(6,47,46),(6,48,47),(6,49,48),(6,50,49),(6,51,50),(52,51,6),
(53,52,6),(45,53,6),(29,31,54),(29,54,55),(29,55,56),(29,56,57),(29,57,
58),(29,58,59),(60,29,59),(61,29,60),(62,29,61),(30,64,43),(65,14,17),(65,
66,14),(67,35,32),(67,32,68),(69,18,13),(69,70,18),(71,31,36),(71,36,72),
(47,73,46),(55,54,74),(75,73,47),(76,55,74),(77,48,49),(77,78,48),(79,57,
56),(79,56,80),(81,50,51),(81,82,50),(83,59,58),(83,58,84),(85,16,66),(85,
89,16),(19,16,89),(91,68,34),(91,34,94),(37,94,34),(97,66,65),(97,85,66),
(101,67,68),(101,68,91),(103,65,70),(103,97,65),(107,72,67),(107,67,101),
(109,70,69),(109,103,70),(113,71,72),(113,72,107),(109,69,73),(113,74,71),
(115,73,75),(118,109,73),(115,118,73),(121,76,74),(124,74,113),(121,74,
124),(127,75,78),(115,75,127),(131,80,76),(121,131,76),(133,78,77),(133,
127,78),(137,79,80),(137,80,131),(133,77,82),(137,84,79),(139,82,81),(139,
133,82),(143,83,84),(143,84,137),(145,81,53),(145,139,81),(149,61,83),(149,
83,143),(151,145,53),(154,151,53),(157,154,53),(45,157,53),(160,61,149),
(164,61,160),(166,61,164),(62,61,166),(93,99,100),(102,98,105),(93,86,99),
(102,105,106),(138,141,142),(144,140,147),(138,134,141),(144,147,148),(96,
87,92),(96,88,87),(108,104,112),(112,104,111),(132,135,136),(132,128,135),
(150,146,161),(161,146,153),(39,90,95),(39,20,90),(114,110,120),(114,120,
125),(123,129,130),(123,116,129),(162,152,156),(162,156,163),(42,21,38),
(42,22,21),(126,119,169),(172,118,115),(172,171,118),(176,121,124),(126,
169,178),(176,124,180),(177,117,122),(177,173,117),(165,155,159),(165,159,
167),(182,24,41),(182,184,24),(25,23,186),(12,181,40),(179,170,188),(190,
171,172),(190,187,171),(194,176,180),(179,188,196),(194,180,198),(195,174,
175),(195,191,174),(168,158,199),(45,200,157),(168,199,203),(62,166,204),
(183,205,185),(25,186,207),(208,205,183),(12,209,181),(197,189,211),(214,
187,190),(214,212,187),(218,194,198),(197,211,220),(218,198,222),(193,215,
192),(219,215,193),(202,201,223),(45,224,200),(202,223,227),(62,204,228),
(210,229,206),(231,25,207),(232,229,210),(233,209,12),(221,213,235),(238,
212,214),(238,236,212),(242,218,222),(221,235,244),(242,222,246),(217,239,
216),(243,239,217),(226,225,247),(45,248,224),(226,247,251),(62,228,252),
(254,230,234),(254,256,230),(258,25,231),(253,233,12),(245,237,255),(238,
25,236),(255,237,257),(236,25,258),(242,246,12),(246,253,12),(259,240,241),
(259,263,240),(45,238,264),(45,25,238),(62,260,242),(62,242,12),(250,249,
261),(261,249,262),(45,264,248),(62,252,260),(63,11,26),(63,26,44)),());
#187=COMPLEX_TRIANGULATED_FACE('ConvergentBody',#283,4,((0.,-1.,0.),(0.,
-1.,0.),(0.,-1.,0.),(0.,-1.,0.)),$,(4,2,1,3),((1,2,3),(1,3,4)),());
#188=COMPLEX_TRIANGULATED_FACE('ConvergentBody',#284,4,((0.,1.,0.),(0.,
1.,0.),(0.,1.,0.),(0.,1.,0.)),$,(2,3,1,4),((1,2,3),(1,4,2)),());
#189=COMPLEX_TRIANGULATED_FACE('ConvergentBody',#285,4,((0.,-1.,0.),(0.,
-1.,0.),(0.,-1.,0.),(0.,-1.,0.)),$,(4,2,1,3),((1,2,3),(1,3,4)),());
#190=COMPLEX_TRIANGULATED_FACE('ConvergentBody',#286,4,((0.,1.,0.),(0.,
1.,0.),(0.,1.,0.),(0.,1.,0.)),$,(2,3,1,4),((1,2,3),(1,4,2)),());
#191=COMPLEX_TRIANGULATED_FACE('ConvergentBody',#287,4,((0.,-1.,0.),(0.,
-1.,0.),(0.,-1.,0.),(0.,-1.,0.)),$,(4,2,1,3),((1,2,3),(1,3,4)),());
#192=COMPLEX_TRIANGULATED_FACE('ConvergentBody',#288,4,((0.,1.,0.),(0.,
1.,0.),(0.,1.,0.),(0.,1.,0.)),$,(2,3,1,4),((1,2,3),(1,4,2)),());
#193=COMPLEX_TRIANGULATED_FACE('ConvergentBody',#289,4,((0.,-1.,0.),(0.,
-1.,0.),(0.,-1.,0.),(0.,-1.,0.)),$,(4,2,1,3),((1,2,3),(1,3,4)),());
#194=COMPLEX_TRIANGULATED_FACE('ConvergentBody',#290,4,((0.,1.,0.),(0.,
1.,0.),(0.,1.,0.),(0.,1.,0.)),$,(2,3,1,4),((1,2,3),(1,4,2)),());
#195=COMPLEX_TRIANGULATED_FACE('ConvergentBody',#291,4,((0.,-1.,0.),(0.,
-1.,0.),(0.,-1.,0.),(0.,-1.,0.)),$,(4,2,1,3),((1,2,3),(1,3,4)),());
#196=COMPLEX_TRIANGULATED_FACE('ConvergentBody',#292,4,((0.,1.,0.),(0.,
1.,0.),(0.,1.,0.),(0.,1.,0.)),$,(2,3,1,4),((1,2,3),(1,4,2)),());
#197=COMPLEX_TRIANGULATED_FACE('ConvergentBody',#293,122,((-1.,0.,0.),(-0.707106781186547,
-0.707106781186547,0.),(-0.57735302221287,-0.57735302221287,0.577344763103755),
(-0.707111838831284,0.,0.707101723505636),(-1.,0.,0.),(-0.707106781186597,
0.707106781186498,0.),(-0.577353022212898,0.577353022212818,-0.577344763103778),
(-0.707111838831287,0.,-0.707101723505633),(-0.707111838831287,0.,-0.707101723505633),
(-1.,0.,0.),(-0.707106781186547,-0.707106781186547,0.),(-0.707106781186547,
-0.707106781186547,0.),(0.,-0.707111838831284,0.707101723505636),(-0.57735302221287,
-0.57735302221287,0.577344763103755),(-0.707111838831287,0.,-0.707101723505633),
(-0.577353022212898,0.577353022212818,-0.577344763103778),(0.,0.707111838831238,
-0.707101723505682),(0.,0.,-1.),(-0.707106781186547,-0.707106781186547,
0.),(-0.707111838831287,0.,-0.707101723505633),(0.,0.,-1.),(-1.,0.,0.),
(-0.707111838831284,0.,0.707101723505636),(-0.577353022212897,0.577353022212816,
0.577344763103782),(-0.707106781186597,0.707106781186498,0.),(-0.707111838831284,
0.,0.707101723505636),(0.,0.,1.),(0.,0.707111838831235,0.707101723505685),
(-0.577353022212897,0.577353022212816,0.577344763103782),(-0.57735302221287,
-0.57735302221287,0.577344763103755),(0.,-0.707111838831284,0.707101723505636),
(0.,0.,1.),(-0.707111838831284,0.,0.707101723505636),(-0.707106781186597,
0.707106781186498,0.),(-0.577353022212897,0.577353022212816,0.577344763103782),
(0.,0.707111838831235,0.707101723505685),(0.,1.,0.),(-0.577353022212898,
0.577353022212818,-0.577344763103778),(-0.707106781186597,0.707106781186498,
0.),(0.,1.,0.),(0.,0.707111838831238,-0.707101723505682),(0.,0.,-1.),(0.,
0.,-1.),(0.,0.,-1.),(0.707111838831287,0.,-0.707101723505633),(0.707106781186547,
-0.707106781186547,0.),(0.,-0.707111838831284,0.707101723505636),(0.57735302221287,
-0.57735302221287,0.577344763103755),(0.707111838831284,0.,0.707101723505636),
(0.,0.,1.),(0.,-0.707111838831284,0.707101723505636),(0.707106781186547,
-0.707106781186547,0.),(0.57735302221287,-0.57735302221287,0.577344763103755),
(0.,0.,1.),(0.,0.707111838831235,0.707101723505685),(0.707111838831284,
0.,0.707101723505636),(0.,0.,1.),(-0.707111838831284,0.,0.707101723505636),
(0.,0.707111838831235,0.707101723505685),(0.,0.707111838831238,-0.707101723505682),
(0.577353022212898,0.577353022212818,-0.577344763103778),(0.707111838831287,
0.,-0.707101723505633),(0.,0.,-1.),(0.,0.,-1.),(0.,0.707111838831235,0.707101723505685),
(0.577353022212896,0.577353022212816,0.577344763103782),(0.707106781186597,
0.707106781186498,0.),(0.,1.,0.),(0.,0.,1.),(0.707111838831284,0.,0.707101723505636),
(0.,-0.707111838831284,0.707101723505636),(0.,0.,1.),(0.707111838831284,
0.,0.707101723505636),(0.577353022212896,0.577353022212816,0.577344763103782),
(0.,0.707111838831235,0.707101723505685),(0.,1.,0.),(0.707106781186597,
0.707106781186498,0.),(0.577353022212898,0.577353022212818,-0.577344763103778),
(0.,0.707111838831238,-0.707101723505682),(0.707111838831284,0.,0.707101723505636),
(1.,0.,0.),(0.,-1.,0.),(0.,-0.707111838831284,0.707101723505636),(0.707111838831284,
0.,0.707101723505636),(0.,0.707111838831235,0.707101723505685),(0.,1.,0.),
(1.,0.,0.),(0.,0.707111838831235,0.707101723505685),(-0.707111838831284,
0.,0.707101723505636),(-1.,0.,0.),(0.,1.,0.),(0.,-0.707111838831284,0.707101723505636),
(-0.707111838831284,0.,0.707101723505636),(0.,0.,1.),(1.,0.,0.),(0.,1.,
0.),(0.,1.,0.),(-1.,0.,0.),(1.,0.,0.),(0.,-1.,0.),(0.,-1.,0.),(-1.,0.,0.),
(-0.707111838831284,0.,0.707101723505636),(0.,-0.707111838831284,0.707101723505636),
(0.,-1.,0.),(-1.,0.,0.),(0.,0.,-1.),(0.707106781186547,-0.707106781186547,
0.),(0.707111838831287,0.,-0.707101723505633),(1.,0.,0.),(0.57735302221287,
-0.57735302221287,0.577344763103755),(0.707106781186547,-0.707106781186547,
0.),(1.,0.,0.),(0.707111838831284,0.,0.707101723505636),(1.,0.,0.),(0.707111838831284,
0.,0.707101723505636),(0.707106781186597,0.707106781186498,0.),(0.577353022212896,
0.577353022212816,0.577344763103782),(0.577353022212898,0.577353022212818,
-0.577344763103778),(0.707106781186597,0.707106781186498,0.),(1.,0.,0.),
(0.707111838831287,0.,-0.707101723505633)),$,(2,2,2,2,3,3,3,3,1,1,1,6,6,
6,8,8,8,8,5,5,5,4,4,4,4,9,9,9,9,7,7,7,7,11,11,11,11,10,10,10,10,14,18,24,
24,24,26,26,26,26,25,25,25,12,12,12,22,22,22,27,27,27,27,16,30,30,30,30,
13,13,13,28,28,28,28,29,29,29,29,17,17,17,17,15,15,15,15,19,19,19,19,23,
23,23,14,14,18,18,16,16,21,21,21,21,20,20,20,31,31,31,32,32,32,32,34,34,
34,34,33,33,33,33),((1,5,10),(2,11,12),(8,15,9),(12,11,19),(15,20,9),(1,
22,5),(26,23,4),(30,3,14),(26,4,33),(34,6,25),(38,16,7),(34,39,6),(35,24,
29),(18,42,21),(43,21,42),(43,44,21),(47,31,13),(47,13,51),(27,32,54),(57,
54,32),(57,32,50),(41,60,17),(64,42,18),(63,64,18),(65,36,28),(69,27,54),
(72,27,69),(65,28,75),(37,76,40),(41,79,60),(37,68,76),(80,70,56),(80,56,
84),(88,85,55),(88,55,59),(92,71,83),(72,69,94),(81,87,95),(86,97,96),(81,
95,99),(86,91,97),(101,82,100),(101,100,105),(63,107,64),(92,83,104),(90,
106,98),(63,43,107),(63,44,43),(90,102,106),(93,103,89),(93,89,58),(72,
94,57),(72,57,50),(108,52,46),(62,109,45),(111,48,53),(108,112,52),(116,
73,49),(116,49,114),(78,119,61),(62,122,109),(66,74,118),(77,67,117),(77,
117,120),(115,113,110),(115,110,121)),());
#198=COMPLEX_TRIANGULATED_FACE('ConvergentBody',#294,108,((-1.,0.,0.),(-0.707106781186547,
-0.707106781186547,0.),(-0.57735302221287,-0.57735302221287,0.577344763103755),
(-0.707111838831284,0.,0.707101723505636),(-1.,0.,0.),(-0.707106781186597,
0.707106781186498,0.),(-0.707111838831287,0.,-0.707101723505633),(-0.707111838831287,
0.,-0.707101723505633),(-1.,0.,0.),(-0.707106781186547,-0.707106781186547,
0.),(-0.707106781186547,-0.707106781186547,0.),(0.,-0.707111838831284,0.707101723505636),
(-0.57735302221287,-0.57735302221287,0.577344763103755),(-0.707111838831287,
0.,-0.707101723505633),(0.,0.,-1.),(-0.707106781186547,-0.707106781186547,
0.),(-1.,0.,0.),(-0.707111838831284,0.,0.707101723505636),(-0.577353022212897,
0.577353022212816,0.577344763103782),(-0.707106781186597,0.707106781186498,
0.),(-0.707111838831284,0.,0.707101723505636),(0.,0.,1.),(0.,0.707111838831235,
0.707101723505685),(-0.577353022212897,0.577353022212816,0.577344763103782),
(-0.57735302221287,-0.57735302221287,0.577344763103755),(0.,-0.707111838831284,
0.707101723505636),(0.,0.,1.),(-0.707111838831284,0.,0.707101723505636),
(-0.707106781186597,0.707106781186498,0.),(-0.577353022212897,0.577353022212816,
0.577344763103782),(0.,0.707111838831235,0.707101723505685),(-0.707111838831287,
0.,-0.707101723505633),(-0.707106781186597,0.707106781186498,0.),(0.,0.,
-1.),(0.,0.,-1.),(0.,0.,-1.),(0.,0.,-1.),(0.,0.,-1.),(0.707111838831287,
0.,-0.707101723505633),(0.707106781186547,-0.707106781186547,0.),(0.,-0.707111838831284,
0.707101723505636),(0.57735302221287,-0.57735302221287,0.577344763103755),
(0.707111838831284,0.,0.707101723505636),(0.,0.,1.),(0.,-0.707111838831284,
0.707101723505636),(0.707106781186547,-0.707106781186547,0.),(0.57735302221287,
-0.57735302221287,0.577344763103755),(0.,0.,1.),(0.707111838831284,0.,0.707101723505636),
(0.,-0.707111838831284,0.707101723505636),(0.,0.,1.),(0.,0.707111838831235,
0.707101723505685),(0.707111838831284,0.,0.707101723505636),(0.,0.707111838831235,
0.707101723505685),(0.577353022212896,0.577353022212816,0.577344763103782),
(0.707106781186597,0.707106781186498,0.),(0.,0.,1.),(0.707111838831284,
0.,0.707101723505636),(0.577353022212896,0.577353022212816,0.577344763103782),
(0.,0.707111838831235,0.707101723505685),(0.,0.,-1.),(0.707106781186597,
0.707106781186498,0.),(0.707111838831287,0.,-0.707101723505633),(0.707111838831284,
0.,0.707101723505636),(1.,0.,0.),(0.,-1.,0.),(0.,-0.707111838831284,0.707101723505636),
(0.707111838831284,0.,0.707101723505636),(0.,0.707111838831235,0.707101723505685),
(0.,1.,0.),(1.,0.,0.),(0.,0.707111838831235,0.707101723505685),(-0.707111838831284,
0.,0.707101723505636),(-1.,0.,0.),(0.,1.,0.),(0.,0.707111838831235,0.707101723505685),
(0.,0.,1.),(-0.707111838831284,0.,0.707101723505636),(-0.707111838831284,
0.,0.707101723505636),(0.,-0.707111838831284,0.707101723505636),(0.,0.,
1.),(1.,0.,0.),(0.,1.,0.),(0.,1.,0.),(-1.,0.,0.),(1.,0.,0.),(0.,-1.,0.),
(0.,-1.,0.),(-1.,0.,0.),(-0.707111838831284,0.,0.707101723505636),(0.,-0.707111838831284,
0.707101723505636),(0.,-1.,0.),(-1.,0.,0.),(0.,0.,-1.),(0.707106781186547,
-0.707106781186547,0.),(0.707111838831287,0.,-0.707101723505633),(1.,0.,
0.),(0.57735302221287,-0.57735302221287,0.577344763103755),(0.707106781186547,
-0.707106781186547,0.),(1.,0.,0.),(0.707111838831284,0.,0.707101723505636),
(1.,0.,0.),(0.707111838831284,0.,0.707101723505636),(0.707106781186597,
0.707106781186498,0.),(0.577353022212896,0.577353022212816,0.577344763103782),
(0.707106781186597,0.707106781186498,0.),(1.,0.,0.),(0.707111838831287,
0.,-0.707101723505633)),$,(2,2,2,2,3,3,3,1,1,1,6,6,6,5,5,5,4,4,4,4,8,8,
8,8,7,7,7,7,10,10,10,9,9,9,15,13,17,23,23,23,25,25,25,25,24,24,24,12,12,
12,11,11,11,28,28,28,26,26,26,26,27,27,27,16,16,16,16,14,14,14,14,18,18,
18,18,21,21,21,22,22,22,13,13,17,17,15,15,20,20,20,20,19,19,19,29,29,29,
30,30,30,30,32,32,32,32,31,31,31),((1,5,9),(2,10,11),(7,14,8),(11,10,16),
(1,17,5),(21,18,4),(25,3,13),(21,4,28),(29,6,20),(7,32,14),(29,33,6),(30,
19,24),(34,35,15),(35,36,15),(37,15,36),(37,38,15),(41,26,12),(41,12,45),
(22,27,48),(48,27,51),(44,51,27),(54,31,23),(57,22,48),(54,23,60),(61,35,
34),(64,49,53),(64,53,68),(72,69,52),(72,52,76),(44,77,51),(80,50,67),(57,
48,81),(65,71,82),(70,84,83),(65,82,86),(70,75,84),(88,66,87),(88,87,92),
(61,94,35),(80,67,91),(74,93,85),(61,37,94),(61,38,37),(74,89,93),(79,90,
73),(79,73,78),(81,77,44),(57,81,44),(95,46,40),(63,96,39),(98,42,47),(95,
99,46),(103,58,43),(103,43,101),(55,59,105),(62,56,106),(63,108,96),(106,
56,104),(102,100,97),(102,97,107)),());
#199=COMPLEX_TRIANGULATED_FACE('ConvergentBody',#295,108,((-1.,0.,0.),(-0.707106781186597,
-0.707106781186498,0.),(-0.577353022212897,-0.577353022212816,0.577344763103782),
(-0.707111838831284,0.,0.707101723505636),(-1.,0.,0.),(-0.707106781186597,
0.707106781186498,0.),(-0.707111838831287,0.,-0.707101723505633),(-0.707111838831287,
0.,-0.707101723505633),(-1.,0.,0.),(-0.707106781186597,-0.707106781186498,
0.),(-0.707106781186597,-0.707106781186498,0.),(0.,-0.707111838831235,0.707101723505685),
(-0.577353022212897,-0.577353022212816,0.577344763103782),(-0.707111838831287,
0.,-0.707101723505633),(0.,0.,-1.),(-0.707106781186597,-0.707106781186498,
0.),(-1.,0.,0.),(-0.707111838831284,0.,0.707101723505636),(-0.577353022212897,
0.577353022212816,0.577344763103782),(-0.707106781186597,0.707106781186498,
0.),(-0.707111838831284,0.,0.707101723505636),(0.,0.,1.),(0.,0.707111838831235,
0.707101723505685),(-0.577353022212897,0.577353022212816,0.577344763103782),
(-0.577353022212897,-0.577353022212816,0.577344763103782),(0.,-0.707111838831235,
0.707101723505685),(0.,0.,1.),(-0.707111838831284,0.,0.707101723505636),
(-0.707106781186597,0.707106781186498,0.),(-0.577353022212897,0.577353022212816,
0.577344763103782),(0.,0.707111838831235,0.707101723505685),(-0.707111838831287,
0.,-0.707101723505633),(-0.707106781186597,0.707106781186498,0.),(0.,0.,
-1.),(0.,0.,-1.),(0.,0.,-1.),(0.,0.,-1.),(0.,0.,-1.),(0.707111838831287,
0.,-0.707101723505633),(0.707106781186597,-0.707106781186498,0.),(0.,-0.707111838831235,
0.707101723505685),(0.577353022212896,-0.577353022212816,0.577344763103782),
(0.707111838831284,0.,0.707101723505636),(0.,0.,1.),(0.,-0.707111838831235,
0.707101723505685),(0.707106781186597,-0.707106781186498,0.),(0.577353022212896,
-0.577353022212816,0.577344763103782),(0.,0.,1.),(0.707111838831284,0.,
0.707101723505636),(0.,-0.707111838831235,0.707101723505685),(0.,0.,1.),
(0.,0.707111838831235,0.707101723505685),(0.707111838831284,0.,0.707101723505636),
(0.,0.707111838831235,0.707101723505685),(0.577353022212896,0.577353022212816,
0.577344763103782),(0.707106781186597,0.707106781186498,0.),(0.,0.,1.),
(0.707111838831284,0.,0.707101723505636),(0.577353022212896,0.577353022212816,
0.577344763103782),(0.,0.707111838831235,0.707101723505685),(0.,0.,-1.),
(0.,0.,-1.),(0.707106781186597,0.707106781186498,0.),(0.707111838831287,
0.,-0.707101723505633),(0.707111838831284,0.,0.707101723505636),(1.,0.,
0.),(0.,-1.,0.),(0.,-0.707111838831235,0.707101723505685),(0.707111838831284,
0.,0.707101723505636),(0.,0.707111838831235,0.707101723505685),(0.,1.,0.),
(1.,0.,0.),(0.,0.707111838831235,0.707101723505685),(-0.707111838831284,
0.,0.707101723505636),(-1.,0.,0.),(0.,1.,0.),(0.,0.707111838831235,0.707101723505685),
(0.,0.,1.),(-0.707111838831284,0.,0.707101723505636),(-0.707111838831284,
0.,0.707101723505636),(0.,-0.707111838831235,0.707101723505685),(0.,0.,
1.),(1.,0.,0.),(0.,1.,0.),(0.,1.,0.),(-1.,0.,0.),(1.,0.,0.),(0.,-1.,0.),
(0.,-1.,0.),(-1.,0.,0.),(-0.707111838831284,0.,0.707101723505636),(0.,-0.707111838831235,
0.707101723505685),(0.,-1.,0.),(-1.,0.,0.),(0.707106781186597,-0.707106781186498,
0.),(0.707111838831287,0.,-0.707101723505633),(1.,0.,0.),(0.577353022212896,
-0.577353022212816,0.577344763103782),(0.707106781186597,-0.707106781186498,
0.),(1.,0.,0.),(0.707111838831284,0.,0.707101723505636),(1.,0.,0.),(0.707111838831284,
0.,0.707101723505636),(0.707106781186597,0.707106781186498,0.),(0.577353022212896,
0.577353022212816,0.577344763103782),(0.707106781186597,0.707106781186498,
0.),(1.,0.,0.),(0.707111838831287,0.,-0.707101723505633)),$,(2,2,2,2,3,
3,3,1,1,1,6,6,6,5,5,5,4,4,4,4,8,8,8,8,7,7,7,7,10,10,10,9,9,9,15,13,17,23,
23,23,25,25,25,25,24,24,24,12,12,12,11,11,11,28,28,28,26,26,26,26,19,27,
27,27,16,16,16,16,14,14,14,14,18,18,18,18,21,21,21,22,22,22,13,13,17,17,
15,15,20,20,20,20,19,19,29,29,29,30,30,30,30,32,32,32,32,31,31,31),((1,
5,9),(2,10,11),(7,14,8),(11,10,16),(1,17,5),(21,18,4),(25,3,13),(21,4,28),
(29,6,20),(7,32,14),(29,33,6),(30,19,24),(34,35,15),(35,36,15),(37,15,36),
(37,38,15),(41,26,12),(41,12,45),(48,22,27),(48,27,51),(44,51,27),(54,31,
23),(57,22,48),(54,23,60),(61,35,34),(62,61,34),(65,49,53),(65,53,69),(73,
70,52),(73,52,77),(44,78,51),(81,50,68),(57,48,82),(66,72,83),(71,85,84),
(66,83,87),(71,76,85),(89,67,88),(89,88,93),(81,68,92),(75,94,86),(61,38,
37),(75,90,94),(80,91,74),(80,74,79),(62,38,61),(57,82,78),(57,78,44),(95,
46,40),(64,96,39),(98,42,47),(95,99,46),(103,58,43),(103,43,101),(55,59,
105),(63,56,106),(64,108,96),(106,56,104),(102,100,97),(102,97,107)),());
#200=COMPLEX_TRIANGULATED_FACE('ConvergentBody',#296,108,((-1.,0.,0.),(-0.707106781186597,
-0.707106781186498,0.),(-0.577353022212897,-0.577353022212816,0.577344763103782),
(-0.707111838831284,0.,0.707101723505636),(-1.,0.,0.),(-0.707106781186597,
0.707106781186498,0.),(-0.707111838831287,0.,-0.707101723505633),(-0.707111838831287,
0.,-0.707101723505633),(-1.,0.,0.),(-0.707106781186597,-0.707106781186498,
0.),(-0.707106781186597,-0.707106781186498,0.),(0.,-0.707111838831235,0.707101723505685),
(-0.577353022212897,-0.577353022212816,0.577344763103782),(-0.707111838831287,
0.,-0.707101723505633),(0.,0.,-1.),(-0.707106781186597,-0.707106781186498,
0.),(-1.,0.,0.),(-0.707111838831284,0.,0.707101723505636),(-0.577353022212897,
0.577353022212816,0.577344763103782),(-0.707106781186597,0.707106781186498,
0.),(-0.707111838831284,0.,0.707101723505636),(0.,0.,1.),(0.,0.707111838831235,
0.707101723505685),(-0.577353022212897,0.577353022212816,0.577344763103782),
(-0.577353022212897,-0.577353022212816,0.577344763103782),(0.,-0.707111838831235,
0.707101723505685),(0.,0.,1.),(-0.707111838831284,0.,0.707101723505636),
(-0.707106781186597,0.707106781186498,0.),(-0.577353022212897,0.577353022212816,
0.577344763103782),(0.,0.707111838831235,0.707101723505685),(-0.707111838831287,
0.,-0.707101723505633),(-0.707106781186597,0.707106781186498,0.),(0.,0.,
-1.),(0.,0.,-1.),(0.,0.,-1.),(0.,0.,-1.),(0.707111838831287,0.,-0.707101723505633),
(0.707106781186597,-0.707106781186498,0.),(0.,-0.707111838831235,0.707101723505685),
(0.577353022212896,-0.577353022212816,0.577344763103782),(0.707111838831284,
0.,0.707101723505636),(0.,0.,1.),(0.,-0.707111838831235,0.707101723505685),
(0.707106781186597,-0.707106781186498,0.),(0.577353022212896,-0.577353022212816,
0.577344763103782),(0.,0.,1.),(0.,0.707111838831235,0.707101723505685),
(0.707111838831284,0.,0.707101723505636),(0.,0.707111838831235,0.707101723505685),
(0.577353022212896,0.577353022212816,0.577344763103782),(0.707106781186597,
0.707106781186498,0.),(0.,0.,1.),(0.707111838831284,0.,0.707101723505636),
(0.,-0.707111838831235,0.707101723505685),(0.,0.,1.),(0.707111838831284,
0.,0.707101723505636),(0.577353022212896,0.577353022212816,0.577344763103782),
(0.,0.707111838831235,0.707101723505685),(0.,0.,-1.),(0.,0.,-1.),(0.,0.,
-1.),(0.707106781186597,0.707106781186498,0.),(0.707111838831287,0.,-0.707101723505633),
(0.707111838831284,0.,0.707101723505636),(1.,0.,0.),(0.,-1.,0.),(0.,-0.707111838831235,
0.707101723505685),(0.707111838831284,0.,0.707101723505636),(0.,0.707111838831235,
0.707101723505685),(0.,1.,0.),(1.,0.,0.),(0.,0.707111838831235,0.707101723505685),
(-0.707111838831284,0.,0.707101723505636),(-1.,0.,0.),(0.,1.,0.),(0.,0.707111838831235,
0.707101723505685),(0.,0.,1.),(-0.707111838831284,0.,0.707101723505636),
(-0.707111838831284,0.,0.707101723505636),(0.,-0.707111838831235,0.707101723505685),
(0.,0.,1.),(1.,0.,0.),(0.,1.,0.),(0.,1.,0.),(-1.,0.,0.),(1.,0.,0.),(0.,
-1.,0.),(0.,-1.,0.),(-1.,0.,0.),(-0.707111838831284,0.,0.707101723505636),
(0.,-0.707111838831235,0.707101723505685),(0.,-1.,0.),(-1.,0.,0.),(0.707106781186597,
-0.707106781186498,0.),(0.707111838831287,0.,-0.707101723505633),(1.,0.,
0.),(0.577353022212896,-0.577353022212816,0.577344763103782),(0.707106781186597,
-0.707106781186498,0.),(1.,0.,0.),(0.707111838831284,0.,0.707101723505636),
(1.,0.,0.),(0.707111838831284,0.,0.707101723505636),(0.707106781186597,
0.707106781186498,0.),(0.577353022212896,0.577353022212816,0.577344763103782),
(0.707106781186597,0.707106781186498,0.),(1.,0.,0.),(0.707111838831287,
0.,-0.707101723505633)),$,(2,2,2,2,3,3,3,1,1,1,6,6,6,5,5,5,4,4,4,4,8,8,
8,8,7,7,7,7,10,10,10,9,9,9,13,17,23,23,23,25,25,25,25,24,24,24,11,11,11,
28,28,28,12,12,12,26,26,26,26,15,19,27,27,27,16,16,16,16,14,14,14,14,18,
18,18,18,21,21,21,22,22,22,13,13,17,17,15,15,20,20,20,20,19,19,29,29,29,
30,30,30,30,32,32,32,32,31,31,31),((1,5,9),(2,10,11),(7,14,8),(11,10,16),
(1,17,5),(21,18,4),(25,3,13),(21,4,28),(29,6,20),(7,32,14),(29,33,6),(30,
19,24),(34,35,15),(36,15,35),(36,37,15),(40,26,12),(40,12,44),(22,27,47),
(43,47,27),(50,31,23),(22,47,53),(56,22,53),(50,23,59),(34,60,35),(61,60,
34),(62,61,34),(65,54,49),(65,49,69),(73,70,48),(73,48,77),(43,78,47),(81,
55,68),(56,53,82),(66,72,83),(71,85,84),(66,83,87),(71,76,85),(89,67,88),
(89,88,93),(81,68,92),(75,94,86),(62,36,61),(62,37,36),(75,90,94),(91,74,
79),(80,91,79),(56,82,78),(56,78,43),(95,45,39),(64,96,38),(98,41,46),(95,
99,45),(103,57,42),(103,42,101),(51,58,105),(63,52,106),(64,108,96),(106,
52,104),(102,100,97),(102,97,107)),());
#201=COMPLEX_TRIANGULATED_FACE('ConvergentBody',#297,108,((-1.,0.,0.),(-0.707106781186547,
-0.707106781186547,0.),(-0.57735302221287,-0.57735302221287,0.577344763103755),
(-0.707111838831284,0.,0.707101723505636),(-1.,0.,0.),(-0.707106781186547,
0.707106781186547,0.),(-0.707111838831287,0.,-0.707101723505633),(-0.707111838831287,
0.,-0.707101723505633),(-1.,0.,0.),(-0.707106781186547,-0.707106781186547,
0.),(-0.707106781186547,-0.707106781186547,0.),(0.,-0.707111838831235,0.707101723505685),
(-0.57735302221287,-0.57735302221287,0.577344763103755),(-0.707111838831287,
0.,-0.707101723505633),(0.,0.,-1.),(-0.707106781186547,-0.707106781186547,
0.),(-1.,0.,0.),(-0.707111838831284,0.,0.707101723505636),(-0.57735302221287,
0.57735302221287,0.577344763103755),(-0.707106781186547,0.707106781186547,
0.),(-0.707111838831284,0.,0.707101723505636),(0.,0.,1.),(0.,0.707111838831284,
0.707101723505636),(-0.57735302221287,0.57735302221287,0.577344763103755),
(-0.57735302221287,-0.57735302221287,0.577344763103755),(0.,-0.707111838831235,
0.707101723505685),(0.,0.,1.),(-0.707111838831284,0.,0.707101723505636),
(-0.707106781186547,0.707106781186547,0.),(-0.57735302221287,0.57735302221287,
0.577344763103755),(0.,0.707111838831284,0.707101723505636),(-0.707111838831287,
0.,-0.707101723505633),(-0.707106781186547,0.707106781186547,0.),(0.,0.,
-1.),(0.,0.,-1.),(0.,0.,-1.),(0.,0.,-1.),(0.,0.,-1.),(0.707111838831287,
0.,-0.707101723505633),(0.707106781186547,-0.707106781186547,0.),(0.,-0.707111838831235,
0.707101723505685),(0.57735302221287,-0.57735302221287,0.577344763103755),
(0.707111838831284,0.,0.707101723505636),(0.,0.,1.),(0.,-0.707111838831235,
0.707101723505685),(0.707106781186547,-0.707106781186547,0.),(0.57735302221287,
-0.57735302221287,0.577344763103755),(0.,0.,1.),(0.707111838831284,0.,0.707101723505636),
(0.,-0.707111838831235,0.707101723505685),(0.,0.,1.),(0.,0.707111838831284,
0.707101723505636),(0.707111838831284,0.,0.707101723505636),(0.,0.,1.),
(-0.707111838831284,0.,0.707101723505636),(0.,0.707111838831284,0.707101723505636),
(0.,0.707111838831284,0.707101723505636),(0.57735302221287,0.57735302221287,
0.577344763103755),(0.707106781186547,0.707106781186547,0.),(0.,0.,1.),
(0.707111838831284,0.,0.707101723505636),(0.57735302221287,0.57735302221287,
0.577344763103755),(0.,0.707111838831284,0.707101723505636),(0.,0.,-1.),
(0.707106781186547,0.707106781186547,0.),(0.707111838831287,0.,-0.707101723505633),
(0.707111838831284,0.,0.707101723505636),(1.,0.,0.),(0.,-1.,0.),(0.,-0.707111838831235,
0.707101723505685),(0.707111838831284,0.,0.707101723505636),(0.,0.707111838831284,
0.707101723505636),(0.,1.,0.),(1.,0.,0.),(0.,0.707111838831284,0.707101723505636),
(-0.707111838831284,0.,0.707101723505636),(-1.,0.,0.),(0.,1.,0.),(0.,-0.707111838831235,
0.707101723505685),(-0.707111838831284,0.,0.707101723505636),(0.,0.,1.),
(1.,0.,0.),(0.,1.,0.),(0.,1.,0.),(-1.,0.,0.),(1.,0.,0.),(0.,-1.,0.),(0.,
-1.,0.),(-1.,0.,0.),(-0.707111838831284,0.,0.707101723505636),(0.,-0.707111838831235,
0.707101723505685),(0.,-1.,0.),(-1.,0.,0.),(0.,0.,-1.),(0.707106781186547,
-0.707106781186547,0.),(0.707111838831287,0.,-0.707101723505633),(1.,0.,
0.),(0.57735302221287,-0.57735302221287,0.577344763103755),(0.707106781186547,
-0.707106781186547,0.),(1.,0.,0.),(0.707111838831284,0.,0.707101723505636),
(1.,0.,0.),(0.707111838831284,0.,0.707101723505636),(0.707106781186547,
0.707106781186547,0.),(0.57735302221287,0.57735302221287,0.577344763103755),
(0.707106781186547,0.707106781186547,0.),(1.,0.,0.),(0.707111838831287,
0.,-0.707101723505633)),$,(2,2,2,2,3,3,3,1,1,1,6,6,6,5,5,5,4,4,4,4,8,8,
8,8,7,7,7,7,10,10,10,9,9,9,15,13,17,23,23,23,25,25,25,25,24,24,24,12,12,
12,11,11,11,21,21,21,28,28,28,26,26,26,26,27,27,27,16,16,16,16,14,14,14,
14,18,18,18,18,22,22,22,13,13,17,17,15,15,20,20,20,20,19,19,19,29,29,29,
30,30,30,30,32,32,32,32,31,31,31),((1,5,9),(2,10,11),(7,14,8),(11,10,16),
(1,17,5),(21,18,4),(25,3,13),(21,4,28),(29,6,20),(7,32,14),(29,33,6),(30,
19,24),(34,35,15),(35,36,15),(37,15,36),(37,38,15),(41,26,12),(41,12,45),
(48,22,27),(48,27,51),(54,51,27),(54,27,44),(57,31,23),(60,22,48),(57,23,
63),(64,35,34),(67,49,53),(67,53,71),(75,72,52),(75,52,56),(79,50,70),(60,
48,81),(68,74,82),(73,84,83),(68,82,86),(73,78,84),(88,69,87),(88,87,92),
(64,94,35),(79,70,91),(77,93,85),(64,37,94),(64,38,37),(77,89,93),(90,76,
55),(80,90,55),(60,81,54),(60,54,44),(95,46,40),(66,96,39),(98,42,47),(95,
99,46),(103,61,43),(103,43,101),(58,62,105),(65,59,106),(66,108,96),(106,
59,104),(102,100,97),(102,97,107)),());
#202=COORDINATES_LIST('',18,((1.24449295410156,4.45489765258789,0.270000004768371),
(1.24449295410156,4.45489765258789,0.271000003814697),(1.24449295410156,
4.46676670166016,0.270000004768371),(1.24449295410156,4.46676670166016,
0.271000003814697),(1.25741943725585,4.46124149414063,0.271000003814697),
(1.25741943725586,4.46124149414063,0.270000004768371),(1.26250061401367,
4.47849918457031,0.270000004768371),(1.26250061401367,4.47849918457031,
0.271000003814697),(1.2690496862793,4.39146,0.270000004768371),(1.2690496862793,
4.39146,0.271000003814697),(1.2690496862793,4.46970020385742,0.270000004768371),
(1.2690496862793,4.46970020385742,0.271000003814697),(1.27341522583008,
4.49186893554688,0.270000004768371),(1.27341522583008,4.49186893554688,
0.271000003814697),(1.28132767089844,4.39146,0.270000004768371),(1.28132767089844,
4.39146,0.271000003814697),(1.28132767089844,4.49186893554688,0.270000004768371),
(1.28132767089844,4.49186893554688,0.271000003814697)));
#203=COORDINATES_LIST('',120,((1.24334015258789,3.77645984741211,0.270000004768371),
(1.24334015258789,3.77645984741211,0.359999990463257),(1.24334015258789,
3.95646015258789,0.270000004768371),(1.24334015258789,3.95646015258789,
0.359999990463257),(1.24409698852539,3.77268329711914,0.360557842254638),
(1.24410156616211,3.77263294311523,0.270000004768371),(1.24410156616211,
3.77263294311523,0.359999990463257),(1.24410156616211,3.77645984741211,
0.363826823234558),(1.24410156616211,3.95646015258789,0.363826823234558),
(1.24410156616211,3.96028705688477,0.270000004768371),(1.24410156616211,
3.96028705688477,0.359999990463257),(1.24475311645508,3.9609050378418,0.362550187110901),
(1.24580978759766,3.77160068603516,0.364436197280884),(1.24626907714844,
3.76938892456055,0.270000004768371),(1.24626907714844,3.76938892456055,
0.359999990463257),(1.24626907714844,3.77645984741211,0.367071056365967),
(1.24626907714844,3.95646015258789,0.367071056365967),(1.24626907714844,
3.96353107543945,0.270000004768371),(1.24626907714844,3.96353107543945,
0.359999990463257),(1.24721664794922,3.96145969482422,0.366123723983764),
(1.24852127441406,3.96499210449219,0.361996340751648),(1.24890350708008,
3.77160068603516,0.367530298233033),(1.24951309570313,3.76722141357422,
0.270000004768371),(1.24951309570313,3.76722141357422,0.359999990463257),
(1.24951309570313,3.77645984741211,0.369238805770874),(1.24951309570313,
3.95646015258789,0.369238805770874),(1.24951309570313,3.96569858642578,
0.270000004768371),(1.24951309570313,3.96569858642578,0.359999990463257),
(1.24980453857421,3.76779972167969,0.363535523414612),(1.25078949340821,
3.9609050378418,0.368587160110473),(1.25134338745117,3.96499210449219,0.364818453788758),
(1.25278229125977,3.77268329711914,0.369242668151855),(1.25334,3.76646,
0.270000004768371),(1.25334,3.76646,0.359999990463257),(1.25334,3.76722141357422,
0.363826823234558),(1.25334,3.76938892456055,0.367071056365967),(1.25334,
3.77263294311523,0.369238805770874),(1.25334,3.77645984741211,0.370000004768372),
(1.25334,3.95646015258789,0.370000004768372),(1.25334,3.96028705688477,
0.369238805770874),(1.25334,3.96353107543945,0.367071056365967),(1.25334,
3.96569858642578,0.363826823234558),(1.25334,3.96646,0.270000004768371),
(1.25334,3.96646,0.359999990463257),(1.27333969482422,3.80646015258789,
0.359999990463257),(1.27333969482422,3.80646015258789,0.370000004768372),
(1.27448181518555,3.80071979614258,0.359999990463257),(1.27448181518555,
3.80071979614258,0.370000004768372),(1.27448181518555,3.8122005090332,0.359999990463257),
(1.27448181518555,3.8122005090332,0.370000004768372),(1.27773346313476,
3.79585376831055,0.359999990463257),(1.27773346313477,3.79585376831055,
0.370000004768372),(1.27773346313477,3.81706653686523,0.359999990463257),
(1.27773346313477,3.81706653686523,0.370000004768372),(1.2825994909668,
3.79260212036133,0.359999990463257),(1.2825994909668,3.79260212036133,0.370000004768372),
(1.2825994909668,3.82031818481445,0.359999990463257),(1.2825994909668,3.82031818481445,
0.370000004768372),(1.28833984741211,3.79146,0.359999990463257),(1.28833984741211,
3.79146,0.370000004768372),(1.28833984741211,3.82146030517578,0.359999990463257),
(1.28833984741211,3.82146030517578,0.370000004768372),(1.29408020385742,
3.79260212036133,0.359999990463257),(1.29408020385742,3.79260212036133,
0.370000004768372),(1.29408020385742,3.82031818481445,0.359999990463257),
(1.29408020385742,3.82031818481445,0.370000004768372),(1.29894623168945,
3.79585376831055,0.359999990463257),(1.29894623168945,3.79585376831055,
0.370000004768372),(1.29894623168945,3.81706653686523,0.359999990463257),
(1.29894623168945,3.81706653686523,0.370000004768372),(1.30219787963867,
3.80071979614258,0.359999990463257),(1.30219787963867,3.80071979614258,
0.370000004768372),(1.30219787963867,3.8122005090332,0.359999990463257),
(1.30219787963867,3.8122005090332,0.370000004768372),(1.30334,3.80646015258789,
0.359999990463257),(1.30334,3.80646015258789,0.370000004768372),(1.41834015258789,
3.76646,0.270000004768371),(1.41834015258789,3.76646,0.359999990463257),
(1.41834015258789,3.76722141357422,0.363826823234558),(1.41834015258789,
3.76938892456055,0.367071056365967),(1.41834015258789,3.77263294311523,
0.369238805770874),(1.41834015258789,3.77645984741211,0.370000004768372),
(1.41834015258789,3.95646015258789,0.370000004768372),(1.41834015258789,
3.96028705688477,0.369238805770874),(1.41834015258789,3.96353107543945,
0.367071056365967),(1.41834015258789,3.96569858642578,0.363826823234558),
(1.41834015258789,3.96646,0.270000004768371),(1.41834015258789,3.96646,
0.359999990463257),(1.41889786132812,3.77268329711914,0.369242668151855),
(1.42033600219727,3.96499210449219,0.364818453788758),(1.42088989624023,
3.9609050378418,0.368587160110473),(1.42187561401367,3.76779972167969,0.363535523414612),
(1.42216705688477,3.76722141357422,0.270000004768371),(1.42216705688477,
3.76722141357422,0.359999990463257),(1.42216705688477,3.77645984741211,
0.369238805770874),(1.42216705688477,3.95646015258789,0.369238805770874),
(1.42216705688477,3.96569858642578,0.270000004768371),(1.42216705688477,
3.96569858642578,0.359999990463257),(1.42277588256836,3.77160068603516,
0.367530298233033),(1.42315811523438,3.96499210449219,0.361996340751648),
(1.42446350463867,3.96145969482422,0.366123723983764),(1.42541107543945,
3.76938892456055,0.270000004768371),(1.42541107543945,3.76938892456055,
0.359999990463257),(1.42541107543945,3.77645984741211,0.367071056365967),
(1.42541107543945,3.95646015258789,0.367071056365967),(1.42541107543945,
3.96353107543945,0.270000004768371),(1.42541107543945,3.96353107543945,
0.359999990463257),(1.42587036499023,3.77160068603516,0.364436197280884),
(1.42692703613281,3.9609050378418,0.362550187110901),(1.42757858642578,
3.77263294311523,0.270000004768371),(1.42757858642578,3.77263294311523,
0.359999990463257),(1.42757858642578,3.77645984741211,0.363826823234558),
(1.42757858642578,3.95646015258789,0.363826823234558),(1.42757858642578,
3.96028705688477,0.270000004768371),(1.42757858642578,3.96028705688477,
0.359999990463257),(1.42758240112305,3.77268329711914,0.360557842254638),
(1.42834,3.77645984741211,0.270000004768371),(1.42834,3.77645984741211,
0.359999990463257),(1.42834,3.95646015258789,0.270000004768371),(1.42834,
3.95646015258789,0.359999990463257)));
#204=COORDINATES_LIST('',18,((1.17835678466797,4.45181079956055,0.270000004768371),
(1.17835678466797,4.45181079956055,0.271000003814697),(1.17835678466797,
4.46367984863281,0.270000004768371),(1.17835678466797,4.46367984863281,
0.271000003814697),(1.19128250488281,4.45815464111328,0.270000004768371),
(1.19128250488281,4.45815464111328,0.271000003814697),(1.19636444458008,
4.47541233154297,0.270000004768371),(1.19636444458008,4.47541233154297,
0.271000003814697),(1.2029135168457,4.38837314697266,0.270000004768371),
(1.2029135168457,4.38837314697266,0.271000003814697),(1.2029135168457,4.46661335083008,
0.270000004768371),(1.2029135168457,4.46661335083008,0.271000003814697),
(1.20727905639648,4.48878208251953,0.270000004768371),(1.20727905639648,
4.48878208251953,0.271000003814697),(1.21519150146484,4.38837314697266,
0.270000004768371),(1.21519150146484,4.38837314697266,0.271000003814697),
(1.21519150146484,4.48878208251953,0.270000004768371),(1.21519150146484,
4.48878208251953,0.271000003814697)));
#205=COORDINATES_LIST('',130,((1.07914490112305,4.43825412841797,0.270000004768371),
(1.07914490112305,4.43825412841797,0.271000003814697),(1.07953323730469,
4.42725483032227,0.270000004768371),(1.07959732421875,4.45066867919922,
0.271000003814697),(1.08080963500977,4.41873355957032,0.271000003814697),
(1.08102173217774,4.46030384155273,0.270000004768371),(1.08135895141602,
4.41666980834961,0.270000004768371),(1.08163055786133,4.46264225097656,
0.271000003814697),(1.08883118041992,4.40104404541016,0.270000004768371),
(1.08883118041992,4.40104404541016,0.271000003814697),(1.08985428222656,
4.48040958496094,0.270000004768371),(1.08985428222656,4.48040958496094,
0.271000003814697),(1.09135498413086,4.44302860351563,0.270000004768371),
(1.09135498413086,4.44302860351563,0.271000003814697),(1.09326462158203,
4.42386127563476,0.271000003814697),(1.09326462158203,4.42386127563477,
0.270000004768371),(1.09371094116211,4.42865253540039,0.270000004768371),
(1.09393982299805,4.41764713378906,0.270000004768371),(1.09393982299805,
4.41764713378906,0.271000003814697),(1.09458984741211,4.43228641601563,
0.271000003814697),(1.09480881103516,4.39575534912109,0.270000004768371),
(1.09483398803711,4.46615329833984,0.270000004768371),(1.09483398803711,
4.46615329833984,0.271000003814697),(1.09493393310547,4.43314853759766,
0.270000004768371),(1.09581436523438,4.48583103271484,0.271000003814697),
(1.09595932373047,4.41171909423828,0.270000004768371),(1.09595932373047,
4.41171909423828,0.271000003814697),(1.09611877807617,4.44876133056641,
0.270000004768371),(1.09611877807617,4.44876133056641,0.271000003814697),
(1.09854645141602,4.47297168823242,0.270000004768371),(1.09854645141602,
4.47297168823242,0.271000003814697),(1.0986769140625,4.39320179077148,0.271000003814697),
(1.09906296142578,4.43951603027344,0.270000004768371),(1.09906296142578,
4.43951603027344,0.271000003814697),(1.09907822021484,4.406743203125,0.270000004768371),
(1.09907822021484,4.406743203125,0.271000003814697),(1.09969009765625,4.48843341918945,
0.270000004768371),(1.1014601171875,4.39195285888672,0.270000004768371),
(1.10220093139649,4.45305591674805,0.270000004768371),(1.10220093139649,
4.45305591674805,0.271000003814697),(1.10249237426758,4.48969608398438,
0.271000003814697),(1.10251373657227,4.44228931518555,0.270000004768371),
(1.10349716552734,4.40288578125,0.270000004768371),(1.10349716552734,4.40288578125,
0.271000003814697),(1.10397400268555,4.47849918457031,0.270000004768371),
(1.10397400268555,4.47849918457031,0.271000003814697),(1.10471939453125,
4.44363437744141,0.271000003814697),(1.1059393347168,4.39074741455078,0.271000003814697),
(1.10628799804688,4.44429737182617,0.270000004768371),(1.10701202758789,
4.49090152832031,0.270000004768371),(1.10836319335938,4.40063739868164,
0.270000004768371),(1.10836319335938,4.40063739868164,0.271000003814697),
(1.10874008544922,4.45550571533203,0.270000004768371),(1.10874008544922,
4.45550571533203,0.271000003814697),(1.10878891357422,4.44494205566406,
0.271000003814697),(1.10885300048828,4.48098255249023,0.270000004768371),
(1.10885300048828,4.48098255249023,0.271000003814697),(1.11318344482422,
4.44548450561523,0.270000004768371),(1.11318344482422,4.44548450561523,
0.271000003814697),(1.11366028198242,4.39985004516602,0.271000003814697),
(1.11366028198243,4.39985004516602,0.270000004768371),(1.11386551269531,
4.38975483032227,0.271000003814697),(1.11386551269532,4.38975483032227,
0.270000004768371),(1.11427444824219,4.48177372070313,0.270000004768371),
(1.11427444824219,4.48177372070313,0.271000003814697),(1.11502518066406,
4.49186893554688,0.270000004768371),(1.11502518066406,4.49186893554688,
0.271000003814697),(1.11563858398438,4.45633045288086,0.270000004768371),
(1.11563858398438,4.45633045288086,0.271000003814697),(1.11753677734375,
4.44495960327148,0.270000004768371),(1.11789688476563,4.40046573730469,
0.271000003814697),(1.11810745605469,4.48130069824219,0.270000004768371),
(1.12001022705078,4.44432178588867,0.271000003814697),(1.12028641113282,
4.40116306396484,0.270000004768371),(1.12028641113282,4.48073459716797,
0.271000003814697),(1.12086548217774,4.49136539550781,0.271000003814697),
(1.12155746826172,4.44366108032227,0.270000004768371),(1.12165130981445,
4.48015171142578,0.270000004768371),(1.12176880249024,4.40186725708008,
0.271000003814697),(1.12216781982422,4.45549427124023,0.271000003814697),
(1.12221741088867,4.39078250976562,0.270000004768371),(1.12221741088867,
4.39078250976562,0.271000003814697),(1.12356476196289,4.47896762939453,
0.271000003814697),(1.12372345336914,4.44231144042969,0.271000003814697),
(1.12383331665039,4.40326801391602,0.270000004768371),(1.12532791503906,
4.49036518188477,0.270000004768371),(1.12587875732422,4.45451160522461,
0.270000004768371),(1.12639374145508,4.48997303100586,0.271000003814697),
(1.12655243286132,4.47652164550781,0.270000004768371),(1.12655243286133,
4.47652164550781,0.271000003814697),(1.12703003295898,4.40612598510742,
0.270000004768371),(1.12703003295898,4.40612598510742,0.271000003814697),
(1.12709869750977,4.43951603027344,0.270000004768371),(1.12709869750977,
4.43951603027344,0.271000003814697),(1.12820038208008,4.45350528808594,
0.271000003814697),(1.12943252929688,4.471782265625,0.271000003814697),
(1.1295248449707,4.47157016845703,0.270000004768371),(1.12996353515625,
4.39405246826172,0.270000004768371),(1.12996353515625,4.39405246826172,
0.271000003814697),(1.13109192260742,4.41316562744141,0.270000004768371),
(1.13110718139648,4.43280292602539,0.271000003814697),(1.13119110473633,
4.46601673217773,0.270000004768371),(1.13119110473633,4.46601673217773,
0.271000003814697),(1.13141998657227,4.41410709472656,0.271000003814697),
(1.13143143066406,4.4319011315918,0.270000004768371),(1.13145813354492,
4.45147281738281,0.270000004768371),(1.13224243530273,4.41804081054688,
0.270000004768371),(1.1322447241211,4.42812458129883,0.271000003814697),
(1.1326239050293,4.42317920776367,0.270000004768371),(1.1326239050293,4.42317920776367,
0.271000003814697),(1.13436340698242,4.48525272460937,0.270000004768371),
(1.13436340698242,4.48525272460937,0.271000003814697),(1.13642715820312,
4.39943805786133,0.270000004768371),(1.13642715820312,4.39943805786133,
0.271000003814697),(1.13654617675781,4.44729190917969,0.270000004768371),
(1.13654617675781,4.44729190917969,0.271000003814697),(1.14006561645508,
4.47797885986328,0.270000004768371),(1.14059128173828,4.47697483154297,
0.271000003814697),(1.14111618408203,4.40643268676758,0.270000004768371),
(1.14111618408203,4.40643268676758,0.271000003814697),(1.14215454467773,
4.47268787475586,0.270000004768371),(1.1426710546875,4.43777423950195,0.270000004768371),
(1.14318375,4.43648868652344,0.271000003814697),(1.14340118774414,4.46697193237305,
0.270000004768371),(1.14340118774414,4.46697193237305,0.271000003814697),
(1.14417557128906,4.41491275878906,0.270000004768371),(1.14417557128906,
4.41491275878906,0.271000003814697),(1.14449829467773,4.43106952758789,
0.270000004768371),(1.14517502197266,4.42392917724609,0.270000004768371),
(1.14517502197266,4.42392917724609,0.271000003814697)));
#206=COORDINATES_LIST('',18,((1.03780426391602,4.01625553222656,0.304999995231629),
(1.03780426391602,4.01625553222656,0.305999994277954),(1.03780426391602,
4.06646,0.304999995231629),(1.03780426391602,4.06646,0.305999994277954),
(1.04176086791992,4.01625553222656,0.304999995231629),(1.04176086791992,
4.01625553222656,0.305999994277954),(1.04394363769531,4.06646,0.304999995231629),
(1.04394363769531,4.06646,0.305999994277954),(1.04394363769532,4.02734027954102,
0.304999995231629),(1.04394363769532,4.02734027954102,0.305999994277954),
(1.04721817382813,4.02294040771484,0.304999995231629),(1.04721817382813,
4.02294040771484,0.305999994277954),(1.04975876220703,4.03156925292969,
0.304999995231629),(1.04975876220703,4.03156925292969,0.305999994277954),
(1.05622162231445,4.02880664916992,0.304999995231629),(1.05622162231445,
4.02880664916992,0.305999994277954),(1.05622162231445,4.03474079223633,
0.304999995231629),(1.05622162231445,4.03474079223633,0.305999994277954)));
#207=COORDINATES_LIST('',18,((1.03780426391602,3.81625553222656,0.304999995231629),
(1.03780426391602,3.81625553222656,0.305999994277954),(1.03780426391602,
3.86646,0.304999995231629),(1.03780426391602,3.86646,0.305999994277954),
(1.04176086791992,3.81625553222656,0.304999995231629),(1.04176086791992,
3.81625553222656,0.305999994277954),(1.04394363769531,3.86646,0.304999995231629),
(1.04394363769531,3.86646,0.305999994277954),(1.04394363769532,3.82734027954102,
0.304999995231629),(1.04394363769532,3.82734027954102,0.305999994277954),
(1.04721817382813,3.82294040771484,0.304999995231629),(1.04721817382813,
3.82294040771484,0.305999994277954),(1.04975876220703,3.83156925292969,
0.304999995231629),(1.04975876220703,3.83156925292969,0.305999994277954),
(1.05622162231445,3.82880664916992,0.304999995231629),(1.05622162231445,
3.82880664916992,0.305999994277954),(1.05622162231445,3.83474079223633,
0.304999995231629),(1.05622162231445,3.83474079223633,0.305999994277954)));
#208=COORDINATES_LIST('',18,((1.03780426391602,3.61625553222656,0.304999995231629),
(1.03780426391602,3.61625553222656,0.305999994277954),(1.03780426391602,
3.66646,0.304999995231629),(1.03780426391602,3.66646,0.305999994277954),
(1.04176086791992,3.61625553222656,0.304999995231629),(1.04176086791992,
3.61625553222656,0.305999994277954),(1.04394363769531,3.66646,0.304999995231629),
(1.04394363769531,3.66646,0.305999994277954),(1.04394363769532,3.62734027954102,
0.304999995231629),(1.04394363769532,3.62734027954102,0.305999994277954),
(1.04721817382813,3.62294040771484,0.304999995231629),(1.04721817382813,
3.62294040771484,0.305999994277954),(1.04975876220703,3.63156925292969,
0.304999995231629),(1.04975876220703,3.63156925292969,0.305999994277954),
(1.05622162231445,3.62880664916992,0.304999995231629),(1.05622162231445,
3.62880664916992,0.305999994277954),(1.05622162231445,3.63474079223633,
0.304999995231629),(1.05622162231445,3.63474079223633,0.305999994277954)));
#209=COORDINATES_LIST('',18,((1.03780426391602,3.41625553222656,0.304999995231629),
(1.03780426391602,3.41625553222656,0.305999994277954),(1.03780426391602,
3.46646,0.304999995231629),(1.03780426391602,3.46646,0.305999994277954),
(1.04176086791992,3.41625553222656,0.304999995231629),(1.04176086791992,
3.41625553222656,0.305999994277954),(1.04394363769531,3.46646,0.304999995231629),
(1.04394363769531,3.46646,0.305999994277954),(1.04394363769532,3.42734027954102,
0.304999995231629),(1.04394363769532,3.42734027954102,0.305999994277954),
(1.04721817382813,3.42294040771484,0.304999995231629),(1.04721817382813,
3.42294040771484,0.305999994277954),(1.04975876220703,3.43156925292969,
0.304999995231629),(1.04975876220703,3.43156925292969,0.305999994277954),
(1.05622162231445,3.42880664916992,0.304999995231629),(1.05622162231445,
3.42880664916992,0.305999994277954),(1.05622162231445,3.43474079223633,
0.304999995231629),(1.05622162231445,3.43474079223633,0.305999994277954)));
#210=COORDINATES_LIST('',8,((1.03180527099609,4.42147403808594,0.270000004768371),
(1.03180527099609,4.42147403808594,0.271000003814697),(1.03180527099609,
4.43381992431641,0.270000004768371),(1.03180527099609,4.43381992431641,
0.271000003814697),(1.0695265234375,4.42147403808594,0.270000004768371),
(1.0695265234375,4.42147403808594,0.271000003814697),(1.0695265234375,4.43381992431641,
0.270000004768371),(1.0695265234375,4.43381992431641,0.271000003814697)));
#211=COORDINATES_LIST('',82,((0.989475864257809,4.04180103393555,0.304999995231629),
(0.989475864257809,4.04180103393555,0.305999994277954),(0.99060119995117,
4.02998310180664,0.304999995231629),(0.99060119995117,4.02998310180664,
0.305999994277954),(0.991283267822271,4.05600620361328,0.304999995231629),
(0.991283267822271,4.05600620361328,0.305999994277954),(0.99339279541016,
4.06057468505859,0.304999995231629),(0.99339279541016,4.06057468505859,
0.305999994277954),(0.993704837646491,4.02254825683594,0.304999995231629),
(0.993704837646491,4.02254825683594,0.305999994277954),(0.99578537353516,
4.04180103393555,0.304999995231629),(0.99578537353516,4.04180103393555,
0.305999994277954),(0.99591049560547,4.01988788696289,0.304999995231629),
(0.99591049560547,4.01988788696289,0.305999994277954),(0.99614700683594,
4.03337436767578,0.304999995231629),(0.99615158447266,4.05020938964844,
0.305999994277954),(0.996234744873051,4.03283878417969,0.305999994277954),
(0.99623855957031,4.05073886962891,0.304999995231629),(0.99668945678711,
4.06436267944336,0.304999995231629),(0.99668945678711,4.06436267944336,
0.305999994277954),(0.99866775878906,4.025395546875,0.304999995231629),
(0.99866775878906,4.025395546875,0.305999994277954),(0.99866775878906,4.0581721887207,
0.304999995231629),(0.99866775878906,4.0581721887207,0.305999994277954),
(0.99871887573242,4.01787525268555,0.304999995231629),(0.99871887573242,
4.01787525268555,0.305999994277954),(1.00026230224609,4.0599902734375,0.304999995231629),
(1.00028366455078,4.02358280273438,0.305999994277954),(1.00096573242187,
4.0666423425293,0.304999995231629),(1.00096573242187,4.0666423425293,0.305999994277954),
(1.00132431396484,4.06089283081055,0.305999994277954),(1.00135864624023,
4.02268482299805,0.304999995231629),(1.00209869750977,4.01663776489258,
0.305999994277954),(1.00210937866211,4.06135593505859,0.304999995231629),
(1.00214523681641,4.01662708374023,0.304999995231629),(1.00215210327149,
4.02222629638672,0.305999994277954),(1.0034132421875,4.06182666870117,0.305999994277954),
(1.00346664794922,4.02176319213867,0.304999995231629),(1.00577835449219,
4.01625553222656,0.304999995231629),(1.00577835449219,4.01625553222656,
0.305999994277954),(1.00577835449219,4.06226459594727,0.304999995231629),
(1.00577835449219,4.06226459594727,0.305999994277954),(1.00577835449219,
4.06731296630859,0.305999994277954),(1.00577835449219,4.0673129663086,0.304999995231629),
(1.00584701904297,4.02133747192383,0.304999995231629),(1.00584701904297,
4.02133747192383,0.305999994277954),(1.00806869873047,4.02167469116211,
0.305999994277954),(1.00814194091797,4.06182972045898,0.304999995231629),
(1.00930237182617,4.02206684204101,0.304999995231629),(1.00940307983398,
4.06688495727539,0.305999994277954),(1.00944427856445,4.06136127563476,
0.305999994277954),(1.01005157836914,4.02246662231445,0.305999994277954),
(1.01023010620117,4.06090046020508,0.304999995231629),(1.01057190307617,
4.01692310424805,0.304999995231629),(1.01057190307617,4.01692310424805,
0.305999994277954),(1.01106857666016,4.02326999755859,0.304999995231629),
(1.01129288085938,4.06000095458984,0.305999994277954),(1.01144546875,4.06634327026367,
0.304999995231629),(1.01259979614258,4.0249187097168,0.304999995231629),
(1.01259979614258,4.0249187097168,0.305999994277954),(1.01271042236328,
4.06577411743164,0.305999994277954),(1.01288971313477,4.05818897338867,
0.304999995231629),(1.01288971313477,4.05818897338867,0.305999994277954),
(1.01445679077148,4.06459385009766,0.304999995231629),(1.01483368286132,
4.01918827148437,0.304999995231629),(1.01483368286133,4.01918827148438,
0.305999994277954),(1.01523727783203,4.03261829467773,0.304999995231629),
(1.01532043823242,4.05075183959961,0.305999994277954),(1.01532425292969,
4.03311267944336,0.305999994277954),(1.01540817626953,4.05021854492187,
0.304999995231629),(1.01577209838867,4.04180103393555,0.304999995231629),
(1.01577209838867,4.04180103393555,0.305999994277954),(1.01713623413086,
4.06212879272461,0.304999995231629),(1.01713623413086,4.06212879272461,
0.305999994277954),(1.01813721069336,4.02296634765625,0.304999995231629),
(1.01813721069336,4.02296634765625,0.305999994277954),(1.02025665649414,
4.02752719970703,0.304999995231629),(1.02025665649414,4.02752719970703,
0.305999994277954),(1.02123779663086,4.05240360351563,0.304999995231629),
(1.02123779663086,4.05240360351563,0.305999994277954),(1.02208160766601,
4.04180103393555,0.304999995231629),(1.02208160766601,4.04180103393555,
0.305999994277954)));
#212=COORDINATES_LIST('',82,((0.989475864257809,3.84180103393555,0.304999995231629),
(0.989475864257809,3.84180103393555,0.305999994277954),(0.99060119995117,
3.82998310180664,0.304999995231629),(0.99060119995117,3.82998310180664,
0.305999994277954),(0.991283267822271,3.85600620361328,0.304999995231629),
(0.991283267822271,3.85600620361328,0.305999994277954),(0.99339279541016,
3.86057468505859,0.304999995231629),(0.99339279541016,3.86057468505859,
0.305999994277954),(0.993704837646491,3.82254825683594,0.304999995231629),
(0.993704837646491,3.82254825683594,0.305999994277954),(0.99578537353516,
3.84180103393555,0.304999995231629),(0.99578537353516,3.84180103393555,
0.305999994277954),(0.99591049560547,3.81988788696289,0.304999995231629),
(0.99591049560547,3.81988788696289,0.305999994277954),(0.99614700683594,
3.83337436767578,0.304999995231629),(0.99615158447266,3.85020938964844,
0.305999994277954),(0.996234744873051,3.83283878417969,0.305999994277954),
(0.99623855957031,3.85073886962891,0.304999995231629),(0.99668945678711,
3.86436267944336,0.304999995231629),(0.99668945678711,3.86436267944336,
0.305999994277954),(0.99866775878906,3.825395546875,0.304999995231629),
(0.99866775878906,3.825395546875,0.305999994277954),(0.99866775878906,3.85817218872071,
0.304999995231629),(0.99866775878906,3.85817218872071,0.305999994277954),
(0.99871887573242,3.81787525268555,0.304999995231629),(0.99871887573242,
3.81787525268555,0.305999994277954),(1.00026230224609,3.8599902734375,0.304999995231629),
(1.00028366455078,3.82358280273438,0.305999994277954),(1.00096573242187,
3.8666423425293,0.304999995231629),(1.00096573242187,3.8666423425293,0.305999994277954),
(1.00132431396484,3.86089283081055,0.305999994277954),(1.00135864624023,
3.82268482299805,0.304999995231629),(1.00209869750977,3.81663776489258,
0.305999994277954),(1.00210937866211,3.86135593505859,0.304999995231629),
(1.00214523681641,3.81662708374024,0.304999995231629),(1.00215210327149,
3.82222629638672,0.305999994277954),(1.0034132421875,3.86182666870117,0.305999994277954),
(1.00346664794922,3.82176319213867,0.304999995231629),(1.00577835449219,
3.81625553222656,0.304999995231629),(1.00577835449219,3.81625553222656,
0.305999994277954),(1.00577835449219,3.86226459594727,0.304999995231629),
(1.00577835449219,3.86226459594727,0.305999994277954),(1.00577835449219,
3.86731296630859,0.305999994277954),(1.00577835449219,3.8673129663086,0.304999995231629),
(1.00584701904297,3.82133747192383,0.304999995231629),(1.00584701904297,
3.82133747192383,0.305999994277954),(1.00806869873047,3.82167469116211,
0.305999994277954),(1.00814194091797,3.86182972045898,0.304999995231629),
(1.00930237182617,3.82206684204101,0.304999995231629),(1.00940307983398,
3.86688495727539,0.305999994277954),(1.00944427856445,3.86136127563476,
0.305999994277954),(1.01005157836914,3.82246662231445,0.305999994277954),
(1.01023010620117,3.86090046020508,0.304999995231629),(1.01057190307617,
3.81692310424805,0.304999995231629),(1.01057190307617,3.81692310424805,
0.305999994277954),(1.01106857666016,3.82326999755859,0.304999995231629),
(1.01129288085938,3.86000095458985,0.305999994277954),(1.01144546875,3.86634327026367,
0.304999995231629),(1.01259979614258,3.8249187097168,0.304999995231629),
(1.01259979614258,3.8249187097168,0.305999994277954),(1.01271042236328,
3.86577411743164,0.305999994277954),(1.01288971313477,3.85818897338867,
0.304999995231629),(1.01288971313477,3.85818897338867,0.305999994277954),
(1.01445679077148,3.86459385009766,0.304999995231629),(1.01483368286132,
3.81918827148437,0.304999995231629),(1.01483368286133,3.81918827148438,
0.305999994277954),(1.01523727783203,3.83261829467773,0.304999995231629),
(1.01532043823242,3.85075183959961,0.305999994277954),(1.01532425292969,
3.83311267944336,0.305999994277954),(1.01540817626953,3.85021854492188,
0.304999995231629),(1.01577209838867,3.84180103393555,0.304999995231629),
(1.01577209838867,3.84180103393555,0.305999994277954),(1.01713623413086,
3.86212879272461,0.304999995231629),(1.01713623413086,3.86212879272461,
0.305999994277954),(1.01813721069336,3.82296634765625,0.304999995231629),
(1.01813721069336,3.82296634765625,0.305999994277954),(1.02025665649414,
3.82752719970703,0.304999995231629),(1.02025665649414,3.82752719970703,
0.305999994277954),(1.02123779663086,3.85240360351563,0.304999995231629),
(1.02123779663086,3.85240360351563,0.305999994277954),(1.02208160766601,
3.84180103393555,0.304999995231629),(1.02208160766601,3.84180103393555,
0.305999994277954)));
#213=COORDINATES_LIST('',82,((0.989475864257809,3.64180103393555,0.304999995231629),
(0.989475864257809,3.64180103393555,0.305999994277954),(0.99060119995117,
3.62998310180664,0.304999995231629),(0.99060119995117,3.62998310180664,
0.305999994277954),(0.991283267822271,3.65600620361328,0.304999995231629),
(0.991283267822271,3.65600620361328,0.305999994277954),(0.99339279541016,
3.66057468505859,0.304999995231629),(0.99339279541016,3.66057468505859,
0.305999994277954),(0.993704837646491,3.62254825683594,0.304999995231629),
(0.993704837646491,3.62254825683594,0.305999994277954),(0.99578537353516,
3.64180103393555,0.304999995231629),(0.99578537353516,3.64180103393555,
0.305999994277954),(0.99591049560547,3.61988788696289,0.304999995231629),
(0.99591049560547,3.61988788696289,0.305999994277954),(0.99614700683594,
3.63337436767578,0.304999995231629),(0.99615158447266,3.65020938964844,
0.305999994277954),(0.996234744873051,3.63283878417969,0.305999994277954),
(0.99623855957031,3.65073886962891,0.304999995231629),(0.99668945678711,
3.66436267944336,0.304999995231629),(0.99668945678711,3.66436267944336,
0.305999994277954),(0.99866775878906,3.625395546875,0.304999995231629),
(0.99866775878906,3.625395546875,0.305999994277954),(0.99866775878906,3.6581721887207,
0.304999995231629),(0.99866775878906,3.6581721887207,0.305999994277954),
(0.99871887573242,3.61787525268555,0.304999995231629),(0.99871887573242,
3.61787525268555,0.305999994277954),(1.00026230224609,3.6599902734375,0.304999995231629),
(1.00028366455078,3.62358280273438,0.305999994277954),(1.00096573242187,
3.6666423425293,0.304999995231629),(1.00096573242187,3.6666423425293,0.305999994277954),
(1.00132431396484,3.66089283081055,0.305999994277954),(1.00135864624023,
3.62268482299805,0.304999995231629),(1.00209869750977,3.61663776489258,
0.305999994277954),(1.00210937866211,3.66135593505859,0.304999995231629),
(1.00214523681641,3.61662708374024,0.304999995231629),(1.00215210327149,
3.62222629638672,0.305999994277954),(1.0034132421875,3.66182666870117,0.305999994277954),
(1.00346664794922,3.62176319213867,0.304999995231629),(1.00577835449219,
3.61625553222656,0.304999995231629),(1.00577835449219,3.61625553222656,
0.305999994277954),(1.00577835449219,3.66226459594727,0.304999995231629),
(1.00577835449219,3.66226459594727,0.305999994277954),(1.00577835449219,
3.66731296630859,0.305999994277954),(1.00577835449219,3.6673129663086,0.304999995231629),
(1.00584701904297,3.62133747192383,0.304999995231629),(1.00584701904297,
3.62133747192383,0.305999994277954),(1.00806869873047,3.62167469116211,
0.305999994277954),(1.00814194091797,3.66182972045898,0.304999995231629),
(1.00930237182617,3.62206684204101,0.304999995231629),(1.00940307983398,
3.66688495727539,0.305999994277954),(1.00944427856445,3.66136127563476,
0.305999994277954),(1.01005157836914,3.62246662231445,0.305999994277954),
(1.01023010620117,3.66090046020508,0.304999995231629),(1.01057190307617,
3.61692310424805,0.304999995231629),(1.01057190307617,3.61692310424805,
0.305999994277954),(1.01106857666016,3.62326999755859,0.304999995231629),
(1.01129288085938,3.66000095458984,0.305999994277954),(1.01144546875,3.66634327026367,
0.304999995231629),(1.01259979614258,3.6249187097168,0.304999995231629),
(1.01259979614258,3.6249187097168,0.305999994277954),(1.01271042236328,
3.66577411743164,0.305999994277954),(1.01288971313477,3.65818897338867,
0.304999995231629),(1.01288971313477,3.65818897338867,0.305999994277954),
(1.01445679077148,3.66459385009766,0.304999995231629),(1.01483368286132,
3.61918827148437,0.304999995231629),(1.01483368286133,3.61918827148438,
0.305999994277954),(1.01523727783203,3.63261829467773,0.304999995231629),
(1.01532043823242,3.65075183959961,0.305999994277954),(1.01532425292969,
3.63311267944336,0.305999994277954),(1.01540817626953,3.65021854492188,
0.304999995231629),(1.01577209838867,3.64180103393555,0.304999995231629),
(1.01577209838867,3.64180103393555,0.305999994277954),(1.01713623413086,
3.66212879272461,0.304999995231629),(1.01713623413086,3.66212879272461,
0.305999994277954),(1.01813721069336,3.62296634765625,0.304999995231629),
(1.01813721069336,3.62296634765625,0.305999994277954),(1.02025665649414,
3.62752719970703,0.304999995231629),(1.02025665649414,3.62752719970703,
0.305999994277954),(1.02123779663086,3.65240360351563,0.304999995231629),
(1.02123779663086,3.65240360351563,0.305999994277954),(1.02208160766601,
3.64180103393555,0.304999995231629),(1.02208160766601,3.64180103393555,
0.305999994277954)));
#214=COORDINATES_LIST('',82,((0.989475864257809,3.44180103393555,0.304999995231629),
(0.989475864257809,3.44180103393555,0.305999994277954),(0.99060119995117,
3.42998310180664,0.304999995231629),(0.99060119995117,3.42998310180664,
0.305999994277954),(0.991283267822271,3.45600620361328,0.304999995231629),
(0.991283267822271,3.45600620361328,0.305999994277954),(0.99339279541016,
3.4605746850586,0.304999995231629),(0.99339279541016,3.4605746850586,0.305999994277954),
(0.993704837646491,3.42254825683594,0.304999995231629),(0.993704837646491,
3.42254825683594,0.305999994277954),(0.99578537353516,3.44180103393555,
0.304999995231629),(0.99578537353516,3.44180103393555,0.305999994277954),
(0.99591049560547,3.41988788696289,0.304999995231629),(0.99591049560547,
3.41988788696289,0.305999994277954),(0.99614700683594,3.43337436767578,
0.304999995231629),(0.99615158447266,3.45020938964844,0.305999994277954),
(0.996234744873051,3.43283878417969,0.305999994277954),(0.99623855957031,
3.45073886962891,0.304999995231629),(0.99668945678711,3.46436267944336,
0.304999995231629),(0.99668945678711,3.46436267944336,0.305999994277954),
(0.99866775878906,3.425395546875,0.304999995231629),(0.99866775878906,3.425395546875,
0.305999994277954),(0.99866775878906,3.4581721887207,0.304999995231629),
(0.99866775878906,3.4581721887207,0.305999994277954),(0.99871887573242,
3.41787525268555,0.304999995231629),(0.99871887573242,3.41787525268555,
0.305999994277954),(1.00026230224609,3.4599902734375,0.304999995231629),
(1.00028366455078,3.42358280273438,0.305999994277954),(1.00096573242187,
3.4666423425293,0.304999995231629),(1.00096573242187,3.4666423425293,0.305999994277954),
(1.00132431396484,3.46089283081055,0.305999994277954),(1.00135864624023,
3.42268482299805,0.304999995231629),(1.00209869750977,3.41663776489258,
0.305999994277954),(1.00210937866211,3.46135593505859,0.304999995231629),
(1.00214523681641,3.41662708374023,0.304999995231629),(1.00215210327149,
3.42222629638672,0.305999994277954),(1.0034132421875,3.46182666870117,0.305999994277954),
(1.00346664794922,3.42176319213867,0.304999995231629),(1.00577835449219,
3.41625553222656,0.304999995231629),(1.00577835449219,3.41625553222656,
0.305999994277954),(1.00577835449219,3.46226459594727,0.304999995231629),
(1.00577835449219,3.46226459594727,0.305999994277954),(1.00577835449219,
3.46731296630859,0.305999994277954),(1.00577835449219,3.4673129663086,0.304999995231629),
(1.00584701904297,3.42133747192383,0.304999995231629),(1.00584701904297,
3.42133747192383,0.305999994277954),(1.00806869873047,3.42167469116211,
0.305999994277954),(1.00814194091797,3.46182972045898,0.304999995231629),
(1.00930237182617,3.42206684204102,0.304999995231629),(1.00940307983398,
3.46688495727539,0.305999994277954),(1.00944427856445,3.46136127563476,
0.305999994277954),(1.01005157836914,3.42246662231445,0.305999994277954),
(1.01023010620117,3.46090046020508,0.304999995231629),(1.01057190307617,
3.41692310424805,0.304999995231629),(1.01057190307617,3.41692310424805,
0.305999994277954),(1.01106857666016,3.42326999755859,0.304999995231629),
(1.01129288085938,3.46000095458984,0.305999994277954),(1.01144546875,3.46634327026367,
0.304999995231629),(1.01259979614258,3.4249187097168,0.304999995231629),
(1.01259979614258,3.4249187097168,0.305999994277954),(1.01271042236328,
3.46577411743164,0.305999994277954),(1.01288971313477,3.45818897338867,
0.304999995231629),(1.01288971313477,3.45818897338867,0.305999994277954),
(1.01445679077148,3.46459385009766,0.304999995231629),(1.01483368286132,
3.41918827148437,0.304999995231629),(1.01483368286133,3.41918827148438,
0.305999994277954),(1.01523727783203,3.43261829467773,0.304999995231629),
(1.01532043823242,3.45075183959961,0.305999994277954),(1.01532425292969,
3.43311267944336,0.305999994277954),(1.01540817626953,3.45021854492188,
0.304999995231629),(1.01577209838867,3.44180103393555,0.304999995231629),
(1.01577209838867,3.44180103393555,0.305999994277954),(1.01713623413086,
3.46212879272461,0.304999995231629),(1.01713623413086,3.46212879272461,
0.305999994277954),(1.01813721069336,3.42296634765625,0.304999995231629),
(1.01813721069336,3.42296634765625,0.305999994277954),(1.02025665649414,
3.42752719970703,0.304999995231629),(1.02025665649414,3.42752719970703,
0.305999994277954),(1.02123779663086,3.45240360351563,0.304999995231629),
(1.02123779663086,3.45240360351563,0.305999994277954),(1.02208160766601,
3.44180103393555,0.304999995231629),(1.02208160766601,3.44180103393555,
0.305999994277954)));
#215=COORDINATES_LIST('',129,((0.950457614746091,4.05169178100586,0.305999994277954),
(0.9504576147461,4.05169178100586,0.304999995231629),(0.95089554199219,
4.05515781494141,0.305999994277954),(0.95101227172852,4.04744754882813,
0.304999995231629),(0.95101227172852,4.04744754882813,0.305999994277954),
(0.95141281494141,4.05712772460937,0.304999995231629),(0.951943820800781,
4.05836063476562,0.305999994277954),(0.952913516845701,4.02924991699219,
0.304999995231629),(0.952913516845701,4.02924991699219,0.305999994277954),
(0.95291351684571,4.04362598510742,0.304999995231629),(0.95291351684571,
4.04362598510742,0.305999994277954),(0.953018039550779,4.06009098144531,
0.304999995231629),(0.95334381469727,4.03232990356445,0.304999995231629),
(0.95334381469727,4.03232990356445,0.305999994277954),(0.95337890991211,
4.02590061279297,0.304999995231629),(0.95337890991211,4.02590061279297,
0.305999994277954),(0.95465301879883,4.03515049072266,0.304999995231629),
(0.95465301879883,4.03515049072266,0.305999994277954),(0.95473846801758,
4.02280384155273,0.304999995231629),(0.95473846801758,4.02280384155273,
0.305999994277954),(0.9552328527832,4.06279331298828,0.304999995231629),
(0.9552328527832,4.06279331298828,0.305999994277954),(0.95597290405274,
4.04088474365234,0.305999994277954),(0.95597290405274,4.04088474365235,
0.304999995231629),(0.956923526611329,4.03763156982422,0.304999995231629),
(0.956923526611329,4.03763156982422,0.305999994277954),(0.95697235473633,
4.05182834716797,0.304999995231629),(0.95697235473633,4.05182834716797,
0.305999994277954),(0.95702957519531,4.02003208251953,0.304999995231629),
(0.95702957519531,4.02003208251953,0.305999994277954),(0.95720276245117,
4.04967533203125,0.305999994277954),(0.95723099121094,4.05412479492187,
0.304999995231629),(0.95749191650391,4.04844394775391,0.304999995231629),
(0.957547611083981,4.05543705078125,0.305999994277954),(0.957795566406251,
4.04766803833008,0.305999994277954),(0.95787720092773,4.05626331420898,
0.304999995231629),(0.958424228515629,4.04657245727539,0.304999995231629),
(0.9585531652832,4.05743061157227,0.305999994277954),(0.95922302612305,
4.02911335083008,0.304999995231629),(0.95922302612305,4.02911335083008,
0.305999994277954),(0.95941833862305,4.02737842651367,0.305999994277954),
(0.95946869262695,4.03118625732422,0.304999995231629),(0.95966019042969,
4.02638889404297,0.304999995231629),(0.95973495849609,4.0448535546875,0.304999995231629),
(0.95973495849609,4.0448535546875,0.305999994277954),(0.95978989013672,
4.0323405847168,0.305999994277954),(0.95980286010742,4.03937946411133,0.304999995231629),
(0.95980286010742,4.03937946411133,0.305999994277954),(0.95991196044922,
4.02576633544922,0.305999994277954),(0.959956973876951,4.05926319213867,
0.304999995231629),(0.959956973876951,4.05926319213867,0.305999994277954),
(0.960008090820311,4.01801181884765,0.305999994277954),(0.960008090820311,
4.01801181884766,0.304999995231629),(0.96013244995117,4.03304477783203,
0.304999995231629),(0.96014465698242,4.06600223632812,0.304999995231629),
(0.96043075927735,4.02489124389649,0.304999995231629),(0.96080841430664,
4.06627307983399,0.305999994277954),(0.96085037597656,4.03399692626953,
0.305999994277954),(0.96147140869141,4.0435481652832,0.305999994277954),
(0.961508792724609,4.02352024169922,0.304999995231629),(0.961508792724609,
4.02352024169922,0.305999994277954),(0.96175445922852,4.06066623779297,
0.304999995231629),(0.96236099609375,4.03542286010742,0.304999995231629),
(0.96236099609375,4.03542286010742,0.305999994277954),(0.96257538208008,
4.04292331787109,0.304999995231629),(0.96290039428711,4.0613444909668,0.305999994277954),
(0.96335739501953,4.04262119384766,0.305999994277954),(0.96360992797852,
4.06697498413086,0.304999995231629),(0.96365265258789,4.01668583007812,
0.304999995231629),(0.96365265258789,4.01668583007812,0.305999994277954),
(0.96371368774414,4.06167713256836,0.304999995231629),(0.963905948486329,
4.02194934936523,0.304999995231629),(0.96423096069336,4.02181736083984,
0.305999994277954),(0.964596408691411,4.04233509155273,0.304999995231629),
(0.96500687011719,4.06199833007813,0.305999994277954),(0.96560119995117,
4.02147861572266,0.304999995231629),(0.96573852905273,4.03697086425781,
0.304999995231629),(0.96573852905273,4.03697086425781,0.305999994277954),
(0.96676086791992,4.0421077355957,0.304999995231629),(0.96676086791992,
4.0421077355957,0.305999994277954),(0.96727280029297,4.06226459594727,0.304999995231629),
(0.96727280029297,4.06226459594727,0.305999994277954),(0.967306369628911,
4.06734653564453,0.304999995231629),(0.967306369628911,4.06734653564453,
0.305999994277954),(0.967408603515629,4.02130313964844,0.304999995231629),
(0.967408603515629,4.02130313964844,0.305999994277954),(0.967545169677729,
4.01625553222656,0.305999994277954),(0.96754516967774,4.01625553222656,
0.304999995231629),(0.969235080566409,4.02149005981445,0.305999994277954),
(0.969421237792971,4.03746982666016,0.304999995231629),(0.969421237792971,
4.03746982666016,0.305999994277954),(0.970410007324221,4.03740116210938,
0.304999995231629),(0.970410007324221,4.03740116210938,0.305999994277954),
(0.97059158691406,4.06170917602539,0.304999995231629),(0.97059158691406,
4.06170917602539,0.305999994277954),(0.97061905273438,4.02183796020508,
0.304999995231629),(0.97062668212891,4.06703220458984,0.305999994277954),
(0.970947116699221,4.02197223754883,0.305999994277954),(0.971092075195309,
4.0427898034668,0.304999995231629),(0.971092075195309,4.0427898034668,0.305999994277954),
(0.97282394775391,4.01704517456055,0.304999995231629),(0.97282394775391,
4.01704517456055,0.305999994277954),(0.97315430053711,4.06643024536133,
0.304999995231629),(0.97337784179688,4.02355381103516,0.304999995231629),
(0.97337784179688,4.02355381103516,0.305999994277954),(0.97346252807617,
4.05996280761719,0.304999995231629),(0.97346252807617,4.05996280761719,
0.305999994277954),(0.97375625976563,4.06619678588867,0.305999994277954),
(0.975475925292971,4.02666431518554,0.304999995231629),(0.975475925292971,
4.02666431518554,0.305999994277954),(0.97584671386719,4.05649601074219,
0.304999995231629),(0.97584671386719,4.05649601074219,0.305999994277954),
(0.9764471472168,4.03030735107422,0.304999995231629),(0.9764471472168,4.03030735107422,
0.305999994277954),(0.97706131347656,4.05244251342773,0.304999995231629),
(0.97706131347656,4.05244251342773,0.305999994277954),(0.97747024902344,
4.01964908691406,0.304999995231629),(0.97747024902344,4.01964908691406,
0.305999994277954),(0.97823776611328,4.06342426391602,0.304999995231629),
(0.97823776611328,4.06342426391602,0.305999994277954),(0.980871433105471,
4.02397190185547,0.304999995231629),(0.980871433105471,4.02397190185547,
0.305999994277954),(0.981408542480471,4.05938297363281,0.304999995231629),
(0.98169998535156,4.05882602783203,0.305999994277954),(0.98255142578125,
4.05644413085938,0.304999995231629),(0.98258652099609,4.0292155847168,0.304999995231629),
(0.98258652099609,4.0292155847168,0.305999994277954),(0.983199924316409,
4.05326114746094,0.304999995231629),(0.983199924316409,4.05326114746094,
0.305999994277954)));
#216=COORDINATES_LIST('',129,((0.950457614746091,3.85169178100586,0.305999994277954),
(0.9504576147461,3.85169178100586,0.304999995231629),(0.95089554199219,
3.85515781494141,0.305999994277954),(0.95101227172852,3.84744754882813,
0.304999995231629),(0.95101227172852,3.84744754882813,0.305999994277954),
(0.95141281494141,3.85712772460938,0.304999995231629),(0.951943820800781,
3.85836063476563,0.305999994277954),(0.952913516845701,3.82924991699219,
0.304999995231629),(0.952913516845701,3.82924991699219,0.305999994277954),
(0.95291351684571,3.84362598510742,0.304999995231629),(0.95291351684571,
3.84362598510742,0.305999994277954),(0.953018039550779,3.86009098144531,
0.304999995231629),(0.95334381469727,3.83232990356445,0.304999995231629),
(0.95334381469727,3.83232990356445,0.305999994277954),(0.95337890991211,
3.82590061279297,0.304999995231629),(0.95337890991211,3.82590061279297,
0.305999994277954),(0.95465301879883,3.83515049072266,0.304999995231629),
(0.95465301879883,3.83515049072266,0.305999994277954),(0.95473846801758,
3.82280384155273,0.304999995231629),(0.95473846801758,3.82280384155273,
0.305999994277954),(0.9552328527832,3.86279331298828,0.304999995231629),
(0.9552328527832,3.86279331298828,0.305999994277954),(0.95597290405274,
3.84088474365234,0.305999994277954),(0.95597290405274,3.84088474365235,
0.304999995231629),(0.956923526611329,3.83763156982422,0.304999995231629),
(0.956923526611329,3.83763156982422,0.305999994277954),(0.95697235473633,
3.85182834716797,0.304999995231629),(0.95697235473633,3.85182834716797,
0.305999994277954),(0.95702957519531,3.82003208251953,0.304999995231629),
(0.95702957519531,3.82003208251953,0.305999994277954),(0.95720276245117,
3.84967533203125,0.305999994277954),(0.95723099121094,3.85412479492187,
0.304999995231629),(0.95749191650391,3.84844394775391,0.304999995231629),
(0.957547611083981,3.85543705078125,0.305999994277954),(0.957795566406251,
3.84766803833008,0.305999994277954),(0.95787720092773,3.85626331420898,
0.304999995231629),(0.958424228515629,3.84657245727539,0.304999995231629),
(0.9585531652832,3.85743061157227,0.305999994277954),(0.95922302612305,
3.82911335083008,0.304999995231629),(0.95922302612305,3.82911335083008,
0.305999994277954),(0.95941833862305,3.82737842651367,0.305999994277954),
(0.95946869262695,3.83118625732422,0.304999995231629),(0.95966019042969,
3.82638889404297,0.304999995231629),(0.95973495849609,3.8448535546875,0.304999995231629),
(0.95973495849609,3.8448535546875,0.305999994277954),(0.95978989013672,
3.8323405847168,0.305999994277954),(0.95980286010742,3.83937946411133,0.304999995231629),
(0.95980286010742,3.83937946411133,0.305999994277954),(0.95991196044922,
3.82576633544922,0.305999994277954),(0.959956973876951,3.85926319213867,
0.304999995231629),(0.959956973876951,3.85926319213867,0.305999994277954),
(0.960008090820311,3.81801181884766,0.304999995231629),(0.960008090820311,
3.81801181884766,0.305999994277954),(0.96013244995117,3.83304477783203,
0.304999995231629),(0.96014465698242,3.86600223632813,0.304999995231629),
(0.96043075927735,3.82489124389649,0.304999995231629),(0.96080841430664,
3.86627307983399,0.305999994277954),(0.96085037597656,3.83399692626953,
0.305999994277954),(0.96147140869141,3.8435481652832,0.305999994277954),
(0.961508792724609,3.82352024169922,0.304999995231629),(0.961508792724609,
3.82352024169922,0.305999994277954),(0.96175445922852,3.86066623779297,
0.304999995231629),(0.96236099609375,3.83542286010742,0.304999995231629),
(0.96236099609375,3.83542286010742,0.305999994277954),(0.96257538208008,
3.8429233178711,0.304999995231629),(0.96290039428711,3.8613444909668,0.305999994277954),
(0.96335739501953,3.84262119384766,0.305999994277954),(0.96360992797852,
3.86697498413086,0.304999995231629),(0.96365265258789,3.81668583007812,
0.304999995231629),(0.96365265258789,3.81668583007812,0.305999994277954),
(0.96371368774414,3.86167713256836,0.304999995231629),(0.963905948486329,
3.82194934936524,0.304999995231629),(0.96423096069336,3.82181736083984,
0.305999994277954),(0.964596408691411,3.84233509155274,0.304999995231629),
(0.96500687011719,3.86199833007813,0.305999994277954),(0.96560119995117,
3.82147861572266,0.304999995231629),(0.96573852905273,3.83697086425781,
0.304999995231629),(0.96573852905273,3.83697086425781,0.305999994277954),
(0.96676086791992,3.8421077355957,0.304999995231629),(0.96676086791992,
3.8421077355957,0.305999994277954),(0.96727280029297,3.86226459594727,0.304999995231629),
(0.96727280029297,3.86226459594727,0.305999994277954),(0.967306369628911,
3.86734653564453,0.304999995231629),(0.967306369628911,3.86734653564453,
0.305999994277954),(0.967408603515629,3.82130313964844,0.304999995231629),
(0.967408603515629,3.82130313964844,0.305999994277954),(0.967545169677729,
3.81625553222656,0.305999994277954),(0.96754516967774,3.81625553222656,
0.304999995231629),(0.969235080566409,3.82149005981445,0.305999994277954),
(0.969421237792971,3.83746982666016,0.304999995231629),(0.969421237792971,
3.83746982666016,0.305999994277954),(0.970410007324221,3.83740116210938,
0.304999995231629),(0.970410007324221,3.83740116210938,0.305999994277954),
(0.97059158691406,3.86170917602539,0.304999995231629),(0.97059158691406,
3.86170917602539,0.305999994277954),(0.97061905273438,3.82183796020508,
0.304999995231629),(0.97062668212891,3.86703220458984,0.305999994277954),
(0.970947116699221,3.82197223754883,0.305999994277954),(0.971092075195309,
3.8427898034668,0.304999995231629),(0.971092075195309,3.8427898034668,0.305999994277954),
(0.97282394775391,3.81704517456055,0.304999995231629),(0.97282394775391,
3.81704517456055,0.305999994277954),(0.97315430053711,3.86643024536133,
0.304999995231629),(0.97337784179688,3.82355381103516,0.304999995231629),
(0.97337784179688,3.82355381103516,0.305999994277954),(0.97346252807617,
3.85996280761719,0.304999995231629),(0.97346252807617,3.85996280761719,
0.305999994277954),(0.97375625976563,3.86619678588867,0.305999994277954),
(0.975475925292971,3.82666431518554,0.304999995231629),(0.975475925292971,
3.82666431518554,0.305999994277954),(0.97584671386719,3.85649601074219,
0.304999995231629),(0.97584671386719,3.85649601074219,0.305999994277954),
(0.9764471472168,3.83030735107422,0.304999995231629),(0.9764471472168,3.83030735107422,
0.305999994277954),(0.97706131347656,3.85244251342773,0.304999995231629),
(0.97706131347656,3.85244251342773,0.305999994277954),(0.97747024902344,
3.81964908691406,0.304999995231629),(0.97747024902344,3.81964908691406,
0.305999994277954),(0.97823776611328,3.86342426391602,0.304999995231629),
(0.97823776611328,3.86342426391602,0.305999994277954),(0.980871433105471,
3.82397190185547,0.304999995231629),(0.980871433105471,3.82397190185547,
0.305999994277954),(0.981408542480471,3.85938297363281,0.304999995231629),
(0.98169998535156,3.85882602783203,0.305999994277954),(0.98255142578125,
3.85644413085938,0.304999995231629),(0.98258652099609,3.8292155847168,0.304999995231629),
(0.98258652099609,3.8292155847168,0.305999994277954),(0.983199924316409,
3.85326114746094,0.304999995231629),(0.983199924316409,3.85326114746094,
0.305999994277954)));
#217=COORDINATES_LIST('',129,((0.950457614746091,3.65169178100586,0.305999994277954),
(0.9504576147461,3.65169178100586,0.304999995231629),(0.95089554199219,
3.65515781494141,0.305999994277954),(0.95101227172852,3.64744754882813,
0.304999995231629),(0.95101227172852,3.64744754882813,0.305999994277954),
(0.95141281494141,3.65712772460938,0.304999995231629),(0.951943820800781,
3.65836063476563,0.305999994277954),(0.952913516845701,3.62924991699219,
0.304999995231629),(0.952913516845701,3.62924991699219,0.305999994277954),
(0.95291351684571,3.64362598510742,0.304999995231629),(0.95291351684571,
3.64362598510742,0.305999994277954),(0.953018039550779,3.66009098144531,
0.304999995231629),(0.95334381469727,3.63232990356445,0.304999995231629),
(0.95334381469727,3.63232990356445,0.305999994277954),(0.95337890991211,
3.62590061279297,0.304999995231629),(0.95337890991211,3.62590061279297,
0.305999994277954),(0.95465301879883,3.63515049072266,0.304999995231629),
(0.95465301879883,3.63515049072266,0.305999994277954),(0.95473846801758,
3.62280384155273,0.304999995231629),(0.95473846801758,3.62280384155273,
0.305999994277954),(0.9552328527832,3.66279331298828,0.304999995231629),
(0.9552328527832,3.66279331298828,0.305999994277954),(0.95597290405274,
3.64088474365234,0.304999995231629),(0.95597290405274,3.64088474365235,
0.305999994277954),(0.956923526611329,3.63763156982422,0.304999995231629),
(0.956923526611329,3.63763156982422,0.305999994277954),(0.95697235473633,
3.65182834716797,0.304999995231629),(0.95697235473633,3.65182834716797,
0.305999994277954),(0.95702957519531,3.62003208251953,0.304999995231629),
(0.95702957519531,3.62003208251953,0.305999994277954),(0.95720276245117,
3.64967533203125,0.305999994277954),(0.95723099121094,3.65412479492187,
0.304999995231629),(0.95749191650391,3.64844394775391,0.304999995231629),
(0.957547611083981,3.65543705078125,0.305999994277954),(0.957795566406251,
3.64766803833008,0.305999994277954),(0.95787720092773,3.65626331420898,
0.304999995231629),(0.958424228515629,3.64657245727539,0.304999995231629),
(0.9585531652832,3.65743061157227,0.305999994277954),(0.95922302612305,
3.62911335083008,0.304999995231629),(0.95922302612305,3.62911335083008,
0.305999994277954),(0.95941833862305,3.62737842651367,0.305999994277954),
(0.95946869262695,3.63118625732422,0.304999995231629),(0.95966019042969,
3.62638889404297,0.304999995231629),(0.95973495849609,3.6448535546875,0.304999995231629),
(0.95973495849609,3.6448535546875,0.305999994277954),(0.95978989013672,
3.6323405847168,0.305999994277954),(0.95980286010742,3.63937946411133,0.304999995231629),
(0.95980286010742,3.63937946411133,0.305999994277954),(0.95991196044922,
3.62576633544922,0.305999994277954),(0.959956973876951,3.65926319213867,
0.304999995231629),(0.959956973876951,3.65926319213867,0.305999994277954),
(0.960008090820311,3.61801181884766,0.304999995231629),(0.960008090820311,
3.61801181884766,0.305999994277954),(0.96013244995117,3.63304477783203,
0.304999995231629),(0.96014465698242,3.66600223632813,0.304999995231629),
(0.96043075927735,3.62489124389649,0.304999995231629),(0.96080841430664,
3.66627307983399,0.305999994277954),(0.96085037597656,3.63399692626953,
0.305999994277954),(0.96147140869141,3.6435481652832,0.305999994277954),
(0.961508792724609,3.62352024169922,0.304999995231629),(0.961508792724609,
3.62352024169922,0.305999994277954),(0.96175445922852,3.66066623779297,
0.304999995231629),(0.96236099609375,3.63542286010742,0.304999995231629),
(0.96236099609375,3.63542286010742,0.305999994277954),(0.96257538208008,
3.64292331787109,0.304999995231629),(0.96290039428711,3.6613444909668,0.305999994277954),
(0.96335739501953,3.64262119384766,0.305999994277954),(0.96360992797852,
3.66697498413086,0.304999995231629),(0.96365265258789,3.61668583007812,
0.304999995231629),(0.96365265258789,3.61668583007812,0.305999994277954),
(0.96371368774414,3.66167713256836,0.304999995231629),(0.963905948486329,
3.62194934936524,0.304999995231629),(0.96423096069336,3.62181736083984,
0.305999994277954),(0.964596408691411,3.64233509155273,0.304999995231629),
(0.96500687011719,3.66199833007813,0.305999994277954),(0.96560119995117,
3.62147861572266,0.304999995231629),(0.96573852905273,3.63697086425781,
0.304999995231629),(0.96573852905273,3.63697086425781,0.305999994277954),
(0.96676086791992,3.6421077355957,0.304999995231629),(0.96676086791992,
3.6421077355957,0.305999994277954),(0.96727280029297,3.66226459594727,0.304999995231629),
(0.96727280029297,3.66226459594727,0.305999994277954),(0.967306369628911,
3.66734653564453,0.304999995231629),(0.967306369628911,3.66734653564453,
0.305999994277954),(0.967408603515629,3.62130313964844,0.304999995231629),
(0.967408603515629,3.62130313964844,0.305999994277954),(0.96754516967774,
3.61625553222656,0.304999995231629),(0.96754516967774,3.61625553222656,
0.305999994277954),(0.969235080566409,3.62149005981445,0.305999994277954),
(0.969421237792971,3.63746982666016,0.304999995231629),(0.969421237792971,
3.63746982666016,0.305999994277954),(0.970410007324221,3.63740116210938,
0.304999995231629),(0.970410007324221,3.63740116210938,0.305999994277954),
(0.97059158691406,3.66170917602539,0.304999995231629),(0.97059158691406,
3.66170917602539,0.305999994277954),(0.97061905273438,3.62183796020508,
0.304999995231629),(0.97062668212891,3.66703220458984,0.305999994277954),
(0.970947116699221,3.62197223754883,0.305999994277954),(0.971092075195309,
3.6427898034668,0.304999995231629),(0.971092075195309,3.6427898034668,0.305999994277954),
(0.97282394775391,3.61704517456055,0.304999995231629),(0.97282394775391,
3.61704517456055,0.305999994277954),(0.97315430053711,3.66643024536133,
0.304999995231629),(0.97337784179688,3.62355381103516,0.304999995231629),
(0.97337784179688,3.62355381103516,0.305999994277954),(0.97346252807617,
3.65996280761719,0.304999995231629),(0.97346252807617,3.65996280761719,
0.305999994277954),(0.97375625976563,3.66619678588867,0.305999994277954),
(0.975475925292971,3.62666431518554,0.304999995231629),(0.975475925292971,
3.62666431518554,0.305999994277954),(0.97584671386719,3.65649601074219,
0.304999995231629),(0.97584671386719,3.65649601074219,0.305999994277954),
(0.9764471472168,3.63030735107422,0.304999995231629),(0.9764471472168,3.63030735107422,
0.305999994277954),(0.97706131347656,3.65244251342773,0.304999995231629),
(0.97706131347656,3.65244251342773,0.305999994277954),(0.97747024902344,
3.61964908691406,0.304999995231629),(0.97747024902344,3.61964908691406,
0.305999994277954),(0.97823776611328,3.66342426391602,0.304999995231629),
(0.97823776611328,3.66342426391602,0.305999994277954),(0.980871433105471,
3.62397190185547,0.304999995231629),(0.980871433105471,3.62397190185547,
0.305999994277954),(0.981408542480471,3.65938297363281,0.304999995231629),
(0.98169998535156,3.65882602783203,0.305999994277954),(0.98255142578125,
3.65644413085938,0.304999995231629),(0.98258652099609,3.6292155847168,0.304999995231629),
(0.98258652099609,3.6292155847168,0.305999994277954),(0.983199924316409,
3.65326114746094,0.304999995231629),(0.983199924316409,3.65326114746094,
0.305999994277954)));
#218=COORDINATES_LIST('',129,((0.950457614746091,3.45169178100586,0.305999994277954),
(0.9504576147461,3.45169178100586,0.304999995231629),(0.95089554199219,
3.45515781494141,0.305999994277954),(0.95101227172852,3.44744754882813,
0.304999995231629),(0.95101227172852,3.44744754882813,0.305999994277954),
(0.95141281494141,3.45712772460937,0.304999995231629),(0.951943820800781,
3.45836063476563,0.305999994277954),(0.952913516845701,3.42924991699219,
0.304999995231629),(0.952913516845701,3.42924991699219,0.305999994277954),
(0.952913516845701,3.44362598510742,0.305999994277954),(0.95291351684571,
3.44362598510742,0.304999995231629),(0.953018039550779,3.46009098144531,
0.304999995231629),(0.95334381469727,3.43232990356445,0.304999995231629),
(0.95334381469727,3.43232990356445,0.305999994277954),(0.95337890991211,
3.42590061279297,0.304999995231629),(0.95337890991211,3.42590061279297,
0.305999994277954),(0.95465301879883,3.43515049072266,0.304999995231629),
(0.95465301879883,3.43515049072266,0.305999994277954),(0.95473846801758,
3.42280384155273,0.304999995231629),(0.95473846801758,3.42280384155273,
0.305999994277954),(0.9552328527832,3.46279331298828,0.304999995231629),
(0.9552328527832,3.46279331298828,0.305999994277954),(0.95597290405274,
3.44088474365234,0.305999994277954),(0.95597290405274,3.44088474365235,
0.304999995231629),(0.956923526611329,3.43763156982422,0.304999995231629),
(0.956923526611329,3.43763156982422,0.305999994277954),(0.95697235473633,
3.45182834716797,0.304999995231629),(0.95697235473633,3.45182834716797,
0.305999994277954),(0.95702957519531,3.42003208251953,0.304999995231629),
(0.95702957519531,3.42003208251953,0.305999994277954),(0.95720276245117,
3.44967533203125,0.305999994277954),(0.95723099121094,3.45412479492187,
0.304999995231629),(0.95749191650391,3.44844394775391,0.304999995231629),
(0.957547611083981,3.45543705078125,0.305999994277954),(0.957795566406251,
3.44766803833008,0.305999994277954),(0.95787720092773,3.45626331420898,
0.304999995231629),(0.958424228515629,3.44657245727539,0.304999995231629),
(0.9585531652832,3.45743061157227,0.305999994277954),(0.95922302612305,
3.42911335083008,0.304999995231629),(0.95922302612305,3.42911335083008,
0.305999994277954),(0.95941833862305,3.42737842651367,0.305999994277954),
(0.95946869262695,3.43118625732422,0.304999995231629),(0.95966019042969,
3.42638889404297,0.304999995231629),(0.95973495849609,3.4448535546875,0.304999995231629),
(0.95973495849609,3.4448535546875,0.305999994277954),(0.95978989013672,
3.4323405847168,0.305999994277954),(0.95980286010742,3.43937946411133,0.304999995231629),
(0.95980286010742,3.43937946411133,0.305999994277954),(0.95991196044922,
3.42576633544922,0.305999994277954),(0.959956973876951,3.45926395507813,
0.304999995231629),(0.959956973876951,3.45926395507813,0.305999994277954),
(0.960008090820311,3.41801181884766,0.304999995231629),(0.960008090820311,
3.41801181884766,0.305999994277954),(0.96013244995117,3.43304477783203,
0.304999995231629),(0.96014465698242,3.46600223632813,0.304999995231629),
(0.96043075927735,3.42489048095703,0.304999995231629),(0.96080841430664,
3.46627307983399,0.305999994277954),(0.96085037597656,3.43399692626953,
0.305999994277954),(0.96147140869141,3.4435481652832,0.305999994277954),
(0.961508792724609,3.42352024169922,0.304999995231629),(0.961508792724609,
3.42352024169922,0.305999994277954),(0.96175445922852,3.46066623779297,
0.304999995231629),(0.96236099609375,3.43542286010742,0.304999995231629),
(0.96236099609375,3.43542286010742,0.305999994277954),(0.96257538208008,
3.44292331787109,0.304999995231629),(0.96290039428711,3.4613444909668,0.305999994277954),
(0.96335739501953,3.44262119384766,0.305999994277954),(0.96360992797852,
3.46697498413086,0.304999995231629),(0.96365265258789,3.41668583007812,
0.304999995231629),(0.96365265258789,3.41668583007812,0.305999994277954),
(0.96371368774414,3.46167713256836,0.304999995231629),(0.963905948486329,
3.42194934936524,0.304999995231629),(0.96423096069336,3.42181736083984,
0.305999994277954),(0.964596408691411,3.44233509155273,0.304999995231629),
(0.96500687011719,3.46199833007813,0.305999994277954),(0.96560119995117,
3.42147861572266,0.304999995231629),(0.96573852905273,3.43697086425781,
0.304999995231629),(0.96573852905273,3.43697086425781,0.305999994277954),
(0.96676086791992,3.4421077355957,0.304999995231629),(0.96676086791992,
3.44210773559571,0.305999994277954),(0.96727280029297,3.46226459594727,
0.304999995231629),(0.96727280029297,3.46226459594727,0.305999994277954),
(0.967306369628911,3.46734653564453,0.304999995231629),(0.967306369628911,
3.46734653564453,0.305999994277954),(0.967408603515629,3.42130313964844,
0.304999995231629),(0.967408603515629,3.42130313964844,0.305999994277954),
(0.967545169677729,3.41625553222656,0.305999994277954),(0.96754516967774,
3.41625553222656,0.304999995231629),(0.969235080566409,3.42149005981445,
0.305999994277954),(0.969421237792971,3.43746982666016,0.304999995231629),
(0.969421237792971,3.43746982666016,0.305999994277954),(0.970410007324221,
3.43740116210938,0.304999995231629),(0.970410007324221,3.43740116210938,
0.305999994277954),(0.97059158691406,3.46170917602539,0.304999995231629),
(0.97059158691406,3.46170917602539,0.305999994277954),(0.97061905273438,
3.42183796020508,0.304999995231629),(0.97062668212891,3.46703220458984,
0.305999994277954),(0.970947116699221,3.42197223754883,0.305999994277954),
(0.971092075195309,3.4427898034668,0.304999995231629),(0.971092075195309,
3.4427898034668,0.305999994277954),(0.97282394775391,3.41704517456055,0.304999995231629),
(0.97282394775391,3.41704517456055,0.305999994277954),(0.97315430053711,
3.46643024536133,0.304999995231629),(0.97337784179687,3.42355381103516,
0.304999995231629),(0.97337784179688,3.42355381103516,0.305999994277954),
(0.97346252807617,3.45996280761719,0.304999995231629),(0.97346252807617,
3.45996280761719,0.305999994277954),(0.97375625976563,3.46619678588867,
0.305999994277954),(0.975475925292971,3.42666431518554,0.304999995231629),
(0.975475925292971,3.42666431518554,0.305999994277954),(0.97584671386719,
3.45649601074219,0.304999995231629),(0.97584671386719,3.45649601074219,
0.305999994277954),(0.9764471472168,3.43030735107422,0.304999995231629),
(0.9764471472168,3.43030735107422,0.305999994277954),(0.97706131347656,
3.45244251342773,0.304999995231629),(0.97706131347656,3.45244251342773,
0.305999994277954),(0.97747024902344,3.41964908691406,0.304999995231629),
(0.97747024902344,3.41964908691406,0.305999994277954),(0.97823776611328,
3.46342426391602,0.304999995231629),(0.97823776611328,3.46342426391602,
0.305999994277954),(0.980871433105471,3.42397190185547,0.304999995231629),
(0.980871433105471,3.42397190185547,0.305999994277954),(0.981408542480471,
3.45938297363281,0.304999995231629),(0.98169998535156,3.45882602783203,
0.305999994277954),(0.98255142578125,3.45644413085938,0.304999995231629),
(0.98258652099609,3.4292155847168,0.304999995231629),(0.98258652099609,
3.4292155847168,0.305999994277954),(0.983199924316409,3.45326114746094,
0.304999995231629),(0.983199924316409,3.45326114746094,0.305999994277954)));
#219=COORDINATES_LIST('',38,((0.899745029296881,4.49146,0.270000004768371),
(0.899745029296881,4.49146,0.271000003814697),(0.91331924804688,4.49146,
0.270000004768371),(0.91331924804688,4.49146,0.271000003814697),(0.926280063476559,
4.39146,0.270000004768371),(0.926280063476559,4.39146,0.271000003814697),
(0.928530734863281,4.42590747924805,0.270000004768371),(0.928530734863281,
4.42590747924805,0.271000003814697),(0.93276047119141,4.40544391723633,
0.270000004768371),(0.93276047119141,4.40544391723633,0.271000003814697),
(0.937262576904299,4.42392917724609,0.270000004768371),(0.937262576904299,
4.42392917724609,0.271000003814697),(0.93978638061523,4.39146,0.270000004768371),
(0.93978638061523,4.39146,0.271000003814697),(0.95629333862305,4.49146,
0.270000004768371),(0.95629333862305,4.49146,0.271000003814697),(0.96099991210938,
4.46765400024414,0.270000004768371),(0.96099991210938,4.46765400024414,
0.271000003814697),(0.96393341430664,4.4793864831543,0.270000004768371),
(0.96393341430664,4.4793864831543,0.271000003814697),(0.96707138427735,
4.46765400024414,0.270000004768371),(0.96707138427735,4.46765400024414,
0.271000003814697),(0.97225555786133,4.49146,0.270000004768371),(0.97225555786133,
4.49146,0.271000003814697),(0.986579746093751,4.44084583374023,0.270000004768371),
(0.986579746093751,4.44084583374023,0.271000003814697),(0.988149112548831,
4.39146,0.270000004768371),(0.988149112548831,4.39146,0.271000003814697),
(0.99435638793945,4.40544391723633,0.270000004768371),(0.99435638793945,
4.40544391723633,0.271000003814697),(0.99933609375,4.42720371337891,0.270000004768371),
(0.99933609375,4.42720371337891,0.271000003814697),(1.00090469726563,4.39146,
0.270000004768371),(1.00090469726563,4.39146,0.271000003814697),(1.01502518066406,
4.49146,0.270000004768371),(1.01502518066406,4.49146,0.271000003814697),
(1.02832626708984,4.49146,0.270000004768371),(1.02832626708984,4.49146,
0.271000003814697)));
#220=COORDINATES_LIST('',24,((0.808340305175781,4.39146,0.270000004768371),
(0.808340305175781,4.39146,0.271000003814697),(0.808340305175781,4.49146,
0.270000004768371),(0.808340305175781,4.49146,0.271000003814697),(0.821573489990229,
4.43859516235352,0.270000004768371),(0.821573489990229,4.43859516235352,
0.271000003814697),(0.82157348999024,4.39146,0.270000004768371),(0.82157348999024,
4.39146,0.271000003814697),(0.82157348999024,4.450395546875,0.270000004768371),
(0.82157348999024,4.450395546875,0.271000003814697),(0.82157348999024,4.49146,
0.270000004768371),(0.82157348999024,4.49146,0.271000003814697),(0.87355179199219,
4.39146,0.270000004768371),(0.87355179199219,4.39146,0.271000003814697),
(0.87355179199219,4.43859516235352,0.270000004768371),(0.87355179199219,
4.43859516235352,0.271000003814697),(0.87355179199219,4.450395546875,0.270000004768371),
(0.87355179199219,4.450395546875,0.271000003814697),(0.87355179199219,4.49146,
0.270000004768371),(0.87355179199219,4.49146,0.271000003814697),(0.88678497680664,
4.39146,0.270000004768371),(0.88678497680664,4.39146,0.271000003814697),
(0.88678497680664,4.49146,0.270000004768371),(0.88678497680664,4.49146,
0.271000003814697)));
#221=COORDINATES_LIST('',34,((0.553340000000001,3.12645984741211,0.279999995231629),
(0.553340000000001,3.12645984741211,0.459999990463257),(0.553340000000001,
3.35646015258789,0.279999995231629),(0.553340000000001,3.35646015258789,
0.459999990463257),(0.56333984741211,3.11646,0.279999995231629),(0.56333984741211,
3.11646,0.459999990463257),(0.56333984741211,3.12645984741211,0.270000004768371),
(0.56333984741211,3.12645984741211,0.469999980926514),(0.56333984741211,
3.35646015258789,0.469999980926514),(0.56333984741211,3.36646,0.270000004768371),
(0.56333984741211,3.36646,0.459999990463257),(0.64334015258789,3.20646015258789,
0.469999980926514),(0.64334015258789,3.27645984741211,0.469999980926514),
(0.653340000000001,3.21646,0.270000004768371),(0.653340000000001,3.21646,
0.459999990463257),(0.653340000000001,3.26646,0.270000004768371),(0.653340000000001,
3.26646,0.459999990463257),(0.703340000000001,3.21646,0.270000004768371),
(0.703340000000001,3.21646,0.459999990463257),(0.703340000000001,3.26646,
0.270000004768371),(0.703340000000001,3.26646,0.459999990463257),(0.71333984741211,
3.20646015258789,0.469999980926514),(0.71333984741211,3.27645984741211,
0.469999980926514),(0.79334015258789,3.11646,0.279999995231629),(0.79334015258789,
3.11646,0.459999990463257),(0.79334015258789,3.12645984741211,0.270000004768371),
(0.79334015258789,3.12645984741211,0.469999980926514),(0.79334015258789,
3.35646015258789,0.469999980926514),(0.79334015258789,3.36646,0.270000004768371),
(0.79334015258789,3.36646,0.459999990463257),(0.80334,3.12645984741211,
0.279999995231629),(0.80334,3.12645984741211,0.459999990463257),(0.80334,
3.35646015258789,0.279999995231629),(0.80334,3.35646015258789,0.459999990463257)));
#222=COORDINATES_LIST('',4,((1.52834,3.94146,0.270000004768371),(1.52834,
3.94146,0.329999995231629),(1.62834,3.94146,0.270000004768371),(1.62834,
3.94146,0.329999995231629)));
#223=COORDINATES_LIST('',4,((1.52834,3.94146,0.270000004768371),(1.52834,
3.94146,0.329999995231629),(1.62834,3.94146,0.270000004768371),(1.62834,
3.94146,0.329999995231629)));
#224=COORDINATES_LIST('',8,((1.52834,3.94146,0.270000004768371),(1.52834,
3.94146,0.329999995231629),(1.52834,3.96646,0.270000004768371),(1.52834,
3.96646,0.329999995231629),(1.62834,3.94146,0.270000004768371),(1.62834,
3.94146,0.329999995231629),(1.62834,3.96646,0.270000004768371),(1.62834,
3.96646,0.329999995231629)));
#225=COORDINATES_LIST('',4,((1.52834,3.79146,0.270000004768371),(1.52834,
3.79146,0.329999995231629),(1.62834,3.79146,0.270000004768371),(1.62834,
3.79146,0.329999995231629)));
#226=COORDINATES_LIST('',4,((1.52834,3.79146,0.270000004768371),(1.52834,
3.79146,0.329999995231629),(1.62834,3.79146,0.270000004768371),(1.62834,
3.79146,0.329999995231629)));
#227=COORDINATES_LIST('',8,((1.52834,3.79146,0.270000004768371),(1.52834,
3.79146,0.329999995231629),(1.52834,3.94146,0.270000004768371),(1.52834,
3.94146,0.329999995231629),(1.62834,3.79146,0.270000004768371),(1.62834,
3.79146,0.329999995231629),(1.62834,3.94146,0.270000004768371),(1.62834,
3.94146,0.329999995231629)));
#228=COORDINATES_LIST('',8,((1.52834,3.76646,0.270000004768371),(1.52834,
3.76646,0.329999995231629),(1.52834,3.79146,0.270000004768371),(1.52834,
3.79146,0.329999995231629),(1.62834,3.76646,0.270000004768371),(1.62834,
3.76646,0.329999995231629),(1.62834,3.79146,0.270000004768371),(1.62834,
3.79146,0.329999995231629)));
#229=COORDINATES_LIST('',8,((1.07834,4.19146,0.270000004768371),(1.07834,
4.19146,0.329999995231629),(1.07834,4.29146,0.270000004768371),(1.07834,
4.29146,0.329999995231629),(1.10334,4.19146,0.270000004768371),(1.10334,
4.19146,0.329999995231629),(1.10334,4.29146,0.270000004768371),(1.10334,
4.29146,0.329999995231629)));
#230=COORDINATES_LIST('',4,((1.07834,4.19146,0.270000004768371),(1.07834,
4.19146,0.329999995231629),(1.07834,4.29146,0.270000004768371),(1.07834,
4.29146,0.329999995231629)));
#231=COORDINATES_LIST('',4,((1.07834,4.19146,0.270000004768371),(1.07834,
4.19146,0.329999995231629),(1.07834,4.29146,0.270000004768371),(1.07834,
4.29146,0.329999995231629)));
#232=COORDINATES_LIST('',8,((1.07834,3.99146,0.270000004768371),(1.07834,
3.99146,0.304999995231629),(1.07834,4.09146,0.270000004768371),(1.07834,
4.09146,0.304999995231629),(1.10334,3.99146,0.270000004768371),(1.10334,
3.99146,0.304999995231629),(1.10334,4.09146,0.270000004768371),(1.10334,
4.09146,0.304999995231629)));
#233=COORDINATES_LIST('',4,((1.07834,3.99146,0.270000004768371),(1.07834,
3.99146,0.304999995231629),(1.07834,4.09146,0.270000004768371),(1.07834,
4.09146,0.304999995231629)));
#234=COORDINATES_LIST('',4,((1.07834,3.99146,0.270000004768371),(1.07834,
3.99146,0.304999995231629),(1.07834,4.09146,0.270000004768371),(1.07834,
4.09146,0.304999995231629)));
#235=COORDINATES_LIST('',8,((1.07834,3.79146,0.270000004768371),(1.07834,
3.79146,0.304999995231629),(1.07834,3.89146,0.270000004768371),(1.07834,
3.89146,0.304999995231629),(1.10334,3.79146,0.270000004768371),(1.10334,
3.79146,0.304999995231629),(1.10334,3.89146,0.270000004768371),(1.10334,
3.89146,0.304999995231629)));
#236=COORDINATES_LIST('',4,((1.07834,3.79146,0.270000004768371),(1.07834,
3.79146,0.304999995231629),(1.07834,3.89146,0.270000004768371),(1.07834,
3.89146,0.304999995231629)));
#237=COORDINATES_LIST('',4,((1.07834,3.79146,0.270000004768371),(1.07834,
3.79146,0.304999995231629),(1.07834,3.89146,0.270000004768371),(1.07834,
3.89146,0.304999995231629)));
#238=COORDINATES_LIST('',8,((1.07834,3.59146,0.270000004768371),(1.07834,
3.59146,0.304999995231629),(1.07834,3.69146,0.270000004768371),(1.07834,
3.69146,0.304999995231629),(1.10334,3.59146,0.270000004768371),(1.10334,
3.59146,0.304999995231629),(1.10334,3.69146,0.270000004768371),(1.10334,
3.69146,0.304999995231629)));
#239=COORDINATES_LIST('',4,((1.07834,3.59146,0.270000004768371),(1.07834,
3.59146,0.304999995231629),(1.07834,3.69146,0.270000004768371),(1.07834,
3.69146,0.304999995231629)));
#240=COORDINATES_LIST('',4,((1.07834,3.59146,0.270000004768371),(1.07834,
3.59146,0.304999995231629),(1.07834,3.69146,0.270000004768371),(1.07834,
3.69146,0.304999995231629)));
#241=COORDINATES_LIST('',8,((1.07834,3.39146,0.270000004768371),(1.07834,
3.39146,0.304999995231629),(1.07834,3.49146,0.270000004768371),(1.07834,
3.49146,0.304999995231629),(1.10334,3.39146,0.270000004768371),(1.10334,
3.39146,0.304999995231629),(1.10334,3.49146,0.270000004768371),(1.10334,
3.49146,0.304999995231629)));
#242=COORDINATES_LIST('',4,((1.07834,3.39146,0.270000004768371),(1.07834,
3.39146,0.304999995231629),(1.07834,3.49146,0.270000004768371),(1.07834,
3.49146,0.304999995231629)));
#243=COORDINATES_LIST('',4,((1.07834,3.39146,0.270000004768371),(1.07834,
3.39146,0.304999995231629),(1.07834,3.49146,0.270000004768371),(1.07834,
3.49146,0.304999995231629)));
#244=COORDINATES_LIST('',8,((0.92834,4.19146,0.270000004768371),(0.92834,
4.19146,0.329999995231629),(0.92834,4.29146,0.270000004768371),(0.92834,
4.29146,0.329999995231629),(1.07834,4.19146,0.270000004768371),(1.07834,
4.19146,0.329999995231629),(1.07834,4.29146,0.270000004768371),(1.07834,
4.29146,0.329999995231629)));
#245=COORDINATES_LIST('',4,((0.92834,4.19146,0.270000004768371),(0.92834,
4.19146,0.329999995231629),(0.92834,4.29146,0.270000004768371),(0.92834,
4.29146,0.329999995231629)));
#246=COORDINATES_LIST('',4,((0.92834,4.19146,0.270000004768371),(0.92834,
4.19146,0.329999995231629),(0.92834,4.29146,0.270000004768371),(0.92834,
4.29146,0.329999995231629)));
#247=COORDINATES_LIST('',8,((0.92834,3.99146,0.270000004768371),(0.92834,
3.99146,0.304999995231629),(0.92834,4.09146,0.270000004768371),(0.92834,
4.09146,0.304999995231629),(1.07834,3.99146,0.270000004768371),(1.07834,
3.99146,0.304999995231629),(1.07834,4.09146,0.270000004768371),(1.07834,
4.09146,0.304999995231629)));
#248=COORDINATES_LIST('',4,((0.92834,3.99146,0.270000004768371),(0.92834,
3.99146,0.304999995231629),(0.92834,4.09146,0.270000004768371),(0.92834,
4.09146,0.304999995231629)));
#249=COORDINATES_LIST('',4,((0.92834,3.99146,0.270000004768371),(0.92834,
3.99146,0.304999995231629),(0.92834,4.09146,0.270000004768371),(0.92834,
4.09146,0.304999995231629)));
#250=COORDINATES_LIST('',8,((0.92834,3.79146,0.270000004768371),(0.92834,
3.79146,0.304999995231629),(0.92834,3.89146,0.270000004768371),(0.92834,
3.89146,0.304999995231629),(1.07834,3.79146,0.270000004768371),(1.07834,
3.79146,0.304999995231629),(1.07834,3.89146,0.270000004768371),(1.07834,
3.89146,0.304999995231629)));
#251=COORDINATES_LIST('',4,((0.92834,3.79146,0.270000004768371),(0.92834,
3.79146,0.304999995231629),(0.92834,3.89146,0.270000004768371),(0.92834,
3.89146,0.304999995231629)));
#252=COORDINATES_LIST('',4,((0.92834,3.79146,0.270000004768371),(0.92834,
3.79146,0.304999995231629),(0.92834,3.89146,0.270000004768371),(0.92834,
3.89146,0.304999995231629)));
#253=COORDINATES_LIST('',8,((0.92834,3.59146,0.270000004768371),(0.92834,
3.59146,0.304999995231629),(0.92834,3.69146,0.270000004768371),(0.92834,
3.69146,0.304999995231629),(1.07834,3.59146,0.270000004768371),(1.07834,
3.59146,0.304999995231629),(1.07834,3.69146,0.270000004768371),(1.07834,
3.69146,0.304999995231629)));
#254=COORDINATES_LIST('',4,((0.92834,3.59146,0.270000004768371),(0.92834,
3.59146,0.304999995231629),(0.92834,3.69146,0.270000004768371),(0.92834,
3.69146,0.304999995231629)));
#255=COORDINATES_LIST('',4,((0.92834,3.59146,0.270000004768371),(0.92834,
3.59146,0.304999995231629),(0.92834,3.69146,0.270000004768371),(0.92834,
3.69146,0.304999995231629)));
#256=COORDINATES_LIST('',8,((0.92834,3.39146,0.270000004768371),(0.92834,
3.39146,0.304999995231629),(0.92834,3.49146,0.270000004768371),(0.92834,
3.49146,0.304999995231629),(1.07834,3.39146,0.270000004768371),(1.07834,
3.39146,0.304999995231629),(1.07834,3.49146,0.270000004768371),(1.07834,
3.49146,0.304999995231629)));
#257=COORDINATES_LIST('',4,((0.92834,3.39146,0.270000004768371),(0.92834,
3.39146,0.304999995231629),(0.92834,3.49146,0.270000004768371),(0.92834,
3.49146,0.304999995231629)));
#258=COORDINATES_LIST('',4,((0.92834,3.39146,0.270000004768371),(0.92834,
3.39146,0.304999995231629),(0.92834,3.49146,0.270000004768371),(0.92834,
3.49146,0.304999995231629)));
#259=COORDINATES_LIST('',8,((0.90334,4.19146,0.270000004768371),(0.90334,
4.19146,0.329999995231629),(0.90334,4.29146,0.270000004768371),(0.90334,
4.29146,0.329999995231629),(0.92834,4.19146,0.270000004768371),(0.92834,
4.19146,0.329999995231629),(0.92834,4.29146,0.270000004768371),(0.92834,
4.29146,0.329999995231629)));
#260=COORDINATES_LIST('',8,((0.90334,3.99146,0.270000004768371),(0.90334,
3.99146,0.304999995231629),(0.90334,4.09146,0.270000004768371),(0.90334,
4.09146,0.304999995231629),(0.92834,3.99146,0.270000004768371),(0.92834,
3.99146,0.304999995231629),(0.92834,4.09146,0.270000004768371),(0.92834,
4.09146,0.304999995231629)));
#261=COORDINATES_LIST('',8,((0.90334,3.79146,0.270000004768371),(0.90334,
3.79146,0.304999995231629),(0.90334,3.89146,0.270000004768371),(0.90334,
3.89146,0.304999995231629),(0.92834,3.79146,0.270000004768371),(0.92834,
3.79146,0.304999995231629),(0.92834,3.89146,0.270000004768371),(0.92834,
3.89146,0.304999995231629)));
#262=COORDINATES_LIST('',8,((0.90334,3.59146,0.270000004768371),(0.90334,
3.59146,0.304999995231629),(0.90334,3.69146,0.270000004768371),(0.90334,
3.69146,0.304999995231629),(0.92834,3.59146,0.270000004768371),(0.92834,
3.59146,0.304999995231629),(0.92834,3.69146,0.270000004768371),(0.92834,
3.69146,0.304999995231629)));
#263=COORDINATES_LIST('',8,((0.90334,3.39146,0.270000004768371),(0.90334,
3.39146,0.304999995231629),(0.90334,3.49146,0.270000004768371),(0.90334,
3.49146,0.304999995231629),(0.92834,3.39146,0.270000004768371),(0.92834,
3.39146,0.304999995231629),(0.92834,3.49146,0.270000004768371),(0.92834,
3.49146,0.304999995231629)));
#264=COORDINATES_LIST('',12,((0.653340000000001,4.46646,0.1),(0.653340000000001,
4.46646,1.08999996185303),(0.653340000000001,4.51646,0.1),(0.653340000000001,
4.51646,1.08999996185303),(0.66333984741211,4.47645984741211,1.1),(0.66333984741211,
4.50646015258789,1.1),(0.69334015258789,4.47645984741211,1.1),(0.69334015258789,
4.50646015258789,1.1),(0.703340000000001,4.46646,0.1),(0.703340000000001,
4.46646,1.08999996185303),(0.703340000000001,4.51646,0.1),(0.703340000000001,
4.51646,1.08999996185303)));
#265=COORDINATES_LIST('',8,((0.653340000000001,4.46646,0.1),(0.653340000000001,
4.46646,0.270000004768371),(0.653340000000001,4.51646,0.1),(0.653340000000001,
4.51646,0.270000004768371),(0.703340000000001,4.46646,0.1),(0.703340000000001,
4.46646,0.270000004768371),(0.703340000000001,4.51646,0.1),(0.703340000000001,
4.51646,0.270000004768371)));
#266=COORDINATES_LIST('',12,((0.653340000000001,4.21646,0.1),(0.653340000000001,
4.21646,1.08999996185303),(0.653340000000001,4.26646,0.1),(0.653340000000001,
4.26646,1.08999996185303),(0.66333984741211,4.22645984741211,1.1),(0.66333984741211,
4.25646015258789,1.1),(0.69334015258789,4.22645984741211,1.1),(0.69334015258789,
4.25646015258789,1.1),(0.703340000000001,4.21646,0.1),(0.703340000000001,
4.21646,1.08999996185303),(0.703340000000001,4.26646,0.1),(0.703340000000001,
4.26646,1.08999996185303)));
#267=COORDINATES_LIST('',8,((0.653340000000001,4.21646,0.1),(0.653340000000001,
4.21646,0.270000004768371),(0.653340000000001,4.26646,0.1),(0.653340000000001,
4.26646,0.270000004768371),(0.703340000000001,4.21646,0.1),(0.703340000000001,
4.21646,0.270000004768371),(0.703340000000001,4.26646,0.1),(0.703340000000001,
4.26646,0.270000004768371)));
#268=COORDINATES_LIST('',12,((0.653340000000001,3.96646,0.1),(0.653340000000001,
3.96646,1.08999996185303),(0.653340000000001,4.01646,0.1),(0.653340000000001,
4.01646,1.08999996185303),(0.66333984741211,3.97645984741211,1.1),(0.66333984741211,
4.00646015258789,1.1),(0.69334015258789,3.97645984741211,1.1),(0.69334015258789,
4.00646015258789,1.1),(0.703340000000001,3.96646,0.1),(0.703340000000001,
3.96646,1.08999996185303),(0.703340000000001,4.01646,0.1),(0.703340000000001,
4.01646,1.08999996185303)));
#269=COORDINATES_LIST('',8,((0.653340000000001,3.96646,0.1),(0.653340000000001,
3.96646,0.270000004768371),(0.653340000000001,4.01646,0.1),(0.653340000000001,
4.01646,0.270000004768371),(0.703340000000001,3.96646,0.1),(0.703340000000001,
3.96646,0.270000004768371),(0.703340000000001,4.01646,0.1),(0.703340000000001,
4.01646,0.270000004768371)));
#270=COORDINATES_LIST('',12,((0.653340000000001,3.71646,0.1),(0.653340000000001,
3.71646,1.08999996185303),(0.653340000000001,3.76646,0.1),(0.653340000000001,
3.76646,1.08999996185303),(0.66333984741211,3.72645984741211,1.1),(0.66333984741211,
3.75646015258789,1.1),(0.69334015258789,3.72645984741211,1.1),(0.69334015258789,
3.75646015258789,1.1),(0.703340000000001,3.71646,0.1),(0.703340000000001,
3.71646,1.08999996185303),(0.703340000000001,3.76646,0.1),(0.703340000000001,
3.76646,1.08999996185303)));
#271=COORDINATES_LIST('',8,((0.653340000000001,3.71646,0.1),(0.653340000000001,
3.71646,0.270000004768371),(0.653340000000001,3.76646,0.1),(0.653340000000001,
3.76646,0.270000004768371),(0.703340000000001,3.71646,0.1),(0.703340000000001,
3.71646,0.270000004768371),(0.703340000000001,3.76646,0.1),(0.703340000000001,
3.76646,0.270000004768371)));
#272=COORDINATES_LIST('',12,((0.653340000000001,3.46646,0.1),(0.653340000000001,
3.46646,1.08999996185303),(0.653340000000001,3.51646,0.1),(0.653340000000001,
3.51646,1.08999996185303),(0.66333984741211,3.47645984741211,1.1),(0.66333984741211,
3.50646015258789,1.1),(0.69334015258789,3.47645984741211,1.1),(0.69334015258789,
3.50646015258789,1.1),(0.703340000000001,3.46646,0.1),(0.703340000000001,
3.46646,1.08999996185303),(0.703340000000001,3.51646,0.1),(0.703340000000001,
3.51646,1.08999996185303)));
#273=COORDINATES_LIST('',8,((0.653340000000001,3.46646,0.1),(0.653340000000001,
3.46646,0.270000004768371),(0.653340000000001,3.51646,0.1),(0.653340000000001,
3.51646,0.270000004768371),(0.703340000000001,3.46646,0.1),(0.703340000000001,
3.46646,0.270000004768371),(0.703340000000001,3.51646,0.1),(0.703340000000001,
3.51646,0.270000004768371)));
#274=COORDINATES_LIST('',12,((0.653340000000001,3.21646,0.1),(0.653340000000001,
3.21646,1.08999996185303),(0.653340000000001,3.26646,0.1),(0.653340000000001,
3.26646,1.08999996185303),(0.66333984741211,3.22645984741211,1.1),(0.66333984741211,
3.25646015258789,1.1),(0.69334015258789,3.22645984741211,1.1),(0.69334015258789,
3.25646015258789,1.1),(0.703340000000001,3.21646,0.1),(0.703340000000001,
3.21646,1.08999996185303),(0.703340000000001,3.26646,0.1),(0.703340000000001,
3.26646,1.08999996185303)));
#275=COORDINATES_LIST('',8,((0.653340000000001,3.21646,0.1),(0.653340000000001,
3.21646,0.270000004768371),(0.653340000000001,3.26646,0.1),(0.653340000000001,
3.26646,0.270000004768371),(0.703340000000001,3.21646,0.1),(0.703340000000001,
3.21646,0.270000004768371),(0.703340000000001,3.26646,0.1),(0.703340000000001,
3.26646,0.270000004768371)));
#276=COORDINATES_LIST('',219,((0.628335422363281,4.49146,0.0900802612304688),
(0.628340000000001,4.49146,0.1),(0.6295736730957,4.48042408081055,0.0898046016693115),
(0.631082004394531,4.50783268066406,0.0894601345062256),(0.63214630493164,
4.47232547851563,0.1),(0.63214630493164,4.51059452148438,0.1),(0.632974094238281,
4.48030353637696,0.0748525142669678),(0.63307937988281,4.47020298095703,
0.0889945507049561),(0.636271518554681,4.51161533447266,0.0736159801483154),
(0.63845428833008,4.5216243371582,0.0876712799072266),(0.640979617919921,
4.48804050537109,0.0631852626800537),(0.64111923583984,4.49626804443359,
0.063098669052124),(0.642320865478521,4.48073841186523,0.0623024463653565),
(0.64244064697266,4.50255008789063,0.0622142791748047),(0.64298462280274,
4.45610462280273,0.1),(0.64298462280274,4.52681537719727,0.1),(0.64367584594726,
4.50558124633789,0.061235523223877),(0.64370102294922,4.45542102905274,
0.0862802028656006),(0.64421600708008,4.47639957519531,0.0607495784759522),
(0.644676059570309,4.50715671630859,0.0602969169616699),(0.64566864379883,
4.47476307006836,0.059221076965332),(0.64608597167969,4.50843006225586,
0.0587239265441895),(0.6469549597168,4.47415195556641,0.0575783729553223),
(0.647691959228519,4.50880313964844,0.0564811229705811),(0.64808563598633,
4.47416492553711,0.0558535575866699),(0.64841598876953,4.53154178710938,
0.0849197864532471),(0.64852203735352,4.4696208581543,0.0562948226928711),
(0.648533481445311,4.51650806518555,0.0577857971191406),(0.64869675048828,
4.46419330688476,0.0589334011077881),(0.64910797485352,4.47457004638672,
0.0540286064147949),(0.64910797485352,4.50834995361328,0.0540286064147949),
(0.649141544189451,4.52196384521484,0.0608885765075684),(0.650173801269531,
4.45633579345703,0.0646078109741211),(0.650173801269531,4.52658420654297,
0.0646078109741211),(0.65089706787109,4.5283496484375,0.0661141872406006),
(0.65130752929688,4.50474125,0.0485844612121582),(0.65151428588867,4.45357013793945,
0.0667915344238281),(0.65189651855469,4.4791080102539,0.0466829299926758),
(0.65209106811524,4.53012653442383,0.067241096496582),(0.652797550048831,
4.50240207763672,0.0427725791931153),(0.65295929321289,4.48077274414062,
0.0417764186859131),(0.65306915649414,4.51480899902344,0.0517638206481934),
(0.653340000000001,4.46646,0.1),(0.653340000000001,4.48146015258789,0.0150000095367431),
(0.653340000000001,4.48146015258789,0.0367169380187988),(0.653340000000001,
4.50145984741211,0.0150000095367431),(0.653340000000001,4.50145984741211,
0.0367169380187988),(0.653340000000001,4.51646,0.1),(0.653694003906251,
4.45103946777344,0.0680563926696777),(0.654482120361331,4.47571979614258,
0.0150000095367431),(0.654482120361331,4.47571979614258,0.0367169380187988),
(0.654482120361331,4.48146015258789,0.0092597484588623),(0.654482120361331,
4.50145984741211,0.0092597484588623),(0.654482120361331,4.50720020385742,
0.0150000095367431),(0.654482120361331,4.50720020385742,0.0367169380187988),
(0.654991000976561,4.46618915649414,0.0517638206481934),(0.655349582519531,
4.47615696044922,0.00969667434692383),(0.655349582519531,4.50676303955078,
0.00969667434692383),(0.65551132568359,4.53347202392578,0.0686079978942871),
(0.65737442382813,4.45980182739258,0.0584373950958252),(0.65773300537109,
4.4708530053711,0.0150000095367431),(0.65773300537109,4.4708530053711,0.0367169380187988),
(0.65773300537109,4.48146015258789,0.00439338684082031),(0.65773300537109,
4.50145984741211,0.00439338684082031),(0.65773300537109,4.51206699462891,
0.0150000095367431),(0.65773300537109,4.51206699462891,0.0367169380187988),
(0.65835403808594,4.44743915649414,0.0691195487976074),(0.65901626953125,
4.44533878417969,0.0814645767211914),(0.659023135986329,4.53759647460938,
0.0814639091491699),(0.65920547851563,4.44526630493164,0.1),(0.65920547851563,
4.53765369506836,0.1),(0.661051029052741,4.47016483398438,0.00834569931030273),
(0.661051029052741,4.47480579467773,0.00370454788208008),(0.661051029052741,
4.50811420532226,0.00370454788208008),(0.661051029052741,4.51275516601563,
0.00834569931030273),(0.66230759033203,4.52022281738281,0.0529505729675293),
(0.662599796142579,4.46760212036133,0.0150000095367431),(0.662599796142579,
4.46760212036133,0.0367169380187988),(0.662599796142579,4.48146015258789,
0.00114178657531738),(0.662599796142579,4.50145984741211,0.00114178657531738),
(0.662599796142579,4.51531787963867,0.0150000095367431),(0.662599796142579,
4.51531787963867,0.0367169380187988),(0.66261429199219,4.46288486572266,
0.0525347709655762),(0.66267532714844,4.4675960168457,0.0141632556915283),
(0.66267532714844,4.48062320800781,0.00113601684570312),(0.66267532714844,
4.50229679199219,0.00113601684570312),(0.66267532714844,4.5153239831543,
0.0141632556915283),(0.66445526489258,4.52473941894531,0.0596609592437744),
(0.66448501953125,4.44435535522461,0.0696430206298828),(0.66515030273438,
4.53882022949219,0.0696767807006836),(0.666660922851561,4.51749530883789,
0.0451287746429443),(0.666746372070311,4.46547885986328,0.0448994636535644),
(0.66834015258789,4.46646,0.0150000095367431),(0.66834015258789,4.46646,
0.0367169380187988),(0.66834015258789,4.46760212036133,0.0092597484588623),
(0.66834015258789,4.4708530053711,0.00439338684082031),(0.66834015258789,
4.47571979614258,0.00114178657531738),(0.66834015258789,4.48146015258789,
0.),(0.66834015258789,4.50145984741211,0.),(0.66834015258789,4.50720020385742,
0.00114178657531738),(0.66834015258789,4.51206699462891,0.00439338684082031),
(0.66834015258789,4.51531787963867,0.0092597484588623),(0.66834015258789,
4.51646,0.0150000095367431),(0.66834015258789,4.51646,0.0367169380187988),
(0.669181674804691,4.54061771484375,0.077536153793335),(0.67109436401367,
4.44238620849609,0.0698716640472412),(0.67349991210937,4.46137424560547,
0.0547016143798828),(0.67833847412109,4.44145313354492,0.0733139991760254),
(0.678339237060549,4.54146534057617,0.0733113765716553),(0.678340000000001,
4.44146,0.1),(0.678340000000001,4.44154392333984,0.0699748516082764),(0.678340000000001,
4.54137607666016,0.0699748516082764),(0.678340000000001,4.54146,0.1),(0.683034366455079,
4.52532611938476,0.0598084449768067),(0.68558563598633,4.54053379150391,
0.0698716640472412),(0.68606705078125,4.44205356689453,0.0769246578216553),
(0.68833984741211,4.46646,0.0150000095367431),(0.68833984741211,4.46646,
0.0367169380187988),(0.68833984741211,4.46760212036133,0.0092597484588623),
(0.68833984741211,4.47085300537109,0.00439338684082032),(0.68833984741211,
4.47571979614258,0.00114178657531738),(0.68833984741211,4.48146015258789,
0.),(0.68833984741211,4.50145984741211,0.),(0.68833984741211,4.50720020385742,
0.00114178657531738),(0.68833984741211,4.51206699462891,0.00439338684082032),
(0.68833984741211,4.51531787963867,0.0092597484588623),(0.68833984741211,
4.51646,0.0150000095367431),(0.68833984741211,4.51646,0.0367169380187988),
(0.689933627929691,4.51744114013672,0.0448994636535644),(0.69001907714844,
4.46542469116211,0.0451287746429443),(0.69152969726563,4.44409977050781,
0.0696767807006836),(0.692194980468751,4.53856464477539,0.0696430206298828),
(0.69269089111328,4.46171756835937,0.0546721458435059),(0.69406570800781,
4.52003513427734,0.0525347709655762),(0.69408020385742,4.46760212036133,
0.0150000095367431),(0.69408020385742,4.46760212036133,0.0367169380187988),
(0.69408020385742,4.48146015258789,0.00114178657531738),(0.69408020385742,
4.50145984741211,0.00114178657531738),(0.69408020385742,4.51531787963867,
0.0150000095367431),(0.69408020385742,4.51531787963867,0.0367169380187988),
(0.69437317260742,4.46269718261719,0.0529506206512451),(0.694550937500001,
4.4441569909668,0.0803332805633545),(0.695007175292971,4.46857944580078,
0.0111747264862061),(0.695007175292971,4.47763477416992,0.00211925506591797),
(0.695007175292971,4.50528522583008,0.00211925506591797),(0.695007175292971,
4.51434055419922,0.0111747264862061),(0.695840305175781,4.47227436157227,
0.00581440925598145),(0.695840305175781,4.51064563842773,0.00581440925598145),
(0.697474521484381,4.44526630493164,0.1),(0.697474521484381,4.53765369506836,
0.1),(0.69765076049805,4.53758274169922,0.0814616203308106),(0.69832596191406,
4.53548084350586,0.0691195487976074),(0.69894699462891,4.4708530053711,
0.0150000095367431),(0.69894699462891,4.4708530053711,0.0367169380187988),
(0.69894699462891,4.48146015258789,0.00439338684082031),(0.69894699462891,
4.50145984741211,0.00439338684082031),(0.69894699462891,4.51206699462891,
0.0150000095367431),(0.69894699462891,4.51206699462891,0.0367169380187988),
(0.69930557617188,4.52311817260742,0.0584373950958252),(0.701138156738279,
4.47423206420898,0.0120054721832275),(0.701138156738279,4.47846561523438,
0.00777230262756348),(0.701138156738279,4.50445438476562,0.00777230262756348),
(0.701138156738279,4.50868793579102,0.0120054721832275),(0.70116867431641,
4.44944797607422,0.0686079978942871),(0.701688999023441,4.51673084350586,
0.0517638206481934),(0.702197879638671,4.47571979614258,0.0150000095367431),
(0.702197879638671,4.47571979614258,0.0367169380187988),(0.702197879638671,
4.48146015258789,0.0092597484588623),(0.702197879638671,4.50145984741211,
0.0092597484588623),(0.702197879638671,4.50720020385742,0.0150000095367431),
(0.702197879638671,4.50720020385742,0.0367169380187988),(0.702985996093751,
4.53188053222656,0.0680563926696777),(0.703340000000001,4.46646,0.1),(0.703340000000001,
4.48146015258789,0.0150000095367431),(0.703340000000001,4.48146015258789,
0.0367169380187988),(0.703340000000001,4.50145984741211,0.0150000095367431),
(0.703340000000001,4.50145984741211,0.0367169380187988),(0.703340000000001,
4.51646,0.1),(0.70361084350586,4.46811100097656,0.0517638206481934),(0.70372070678711,
4.50214725585938,0.0417764186859131),(0.703882449951171,4.48051792236328,
0.0427725791931153),(0.70458893188477,4.45279346557617,0.067241096496582),
(0.70478348144531,4.50381198974609,0.0466829299926758),(0.705165714111329,
4.52934986206055,0.0667915344238281),(0.705372470703119,4.47817875,0.0485844612121582),
(0.705782932128909,4.4545703515625,0.0661141872406006),(0.70641388305664,
4.45008655639649,0.0843624114990235),(0.706506198730471,4.45633579345703,
0.0646078109741211),(0.706506198730471,4.52658420654297,0.0646078109741211),
(0.707538455810551,4.46095615478516,0.0608885765075684),(0.70757202514648,
4.47457004638672,0.0540286064147949),(0.70757202514648,4.50834995361328,
0.0540286064147949),(0.707983249511721,4.51872669311523,0.0589334011077881),
(0.708146518554691,4.46641193481445,0.0577857971191406),(0.70815796264648,
4.5132991418457,0.0562948226928711),(0.70859588989258,4.50874210449219,
0.055850887298584),(0.70898575195313,4.47410617919922,0.0564825534820557),
(0.709724277343751,4.50875888916016,0.0575771331787109),(0.710594791259771,
4.47448917480469,0.0587222576141358),(0.711009830322271,4.50814930053711,
0.0592211246490479),(0.712001651611331,4.47575412841797,0.0602970123291016),
(0.71246551879883,4.50650135131836,0.0607479572296143),(0.712988895263671,
4.52749363037109,0.086279296875),(0.712999576416021,4.47732120605469,0.0612366676330567),
(0.713695377197271,4.45610462280273,0.1),(0.713695377197271,4.52681537719727,
0.1),(0.714234775390629,4.48034702392578,0.0622149467468262),(0.714359897460941,
4.50216022583008,0.0623010635375977),(0.715113681640631,4.52003131958008,
0.0715368747711182),(0.71555771240234,4.48663135620117,0.0630989551544189),
(0.71569809326172,4.49485889526367,0.0631848812103272),(0.71776260742188,
4.46071811767578,0.087556266784668),(0.72359604248047,4.51271091552734,
0.0889929294586182),(0.723698276367191,4.48029743286133,0.0748517513275147),
(0.724533695068359,4.47232547851563,0.1),(0.724533695068359,4.51059452148438,
0.1),(0.72597488769531,4.47628513427734,0.0895480155944824),(0.728212589111329,
4.4948535546875,0.090051794052124),(0.72834,4.49146,0.1)));
#277=COORDINATES_LIST('',219,((0.628340000000001,4.24146,0.1),(0.628349918212891,
4.24146,0.0900776386260986),(0.629584354248051,4.23042713256836,0.0898022651672363),
(0.631101077880861,4.25782734008789,0.0894570827484131),(0.63214630493164,
4.22232547851563,0.1),(0.63214630493164,4.26059452148437,0.1),(0.63297714599609,
4.23030963989258,0.0748508930206299),(0.63308472045898,4.22020755859375,
0.0889928340911865),(0.636289829101561,4.26162296386719,0.0736160755157471),
(0.638479465332031,4.27163044067383,0.0876688480377197),(0.640981906738279,
4.23806110473633,0.0631848335266113),(0.641122287597661,4.24628864379883,
0.0630989074707031),(0.642320102539061,4.23075977416992,0.0623010635375977),
(0.642445224609379,4.25257297607422,0.0622149467468262),(0.64298462280274,
4.20610462280273,0.1),(0.64298462280274,4.27681537719727,0.1),(0.643680423583991,
4.25559803100586,0.0612366199493408),(0.64369034179687,4.2054263696289,
0.0862794876098633),(0.644214481201171,4.22641864868164,0.0607479572296143),
(0.644678348388671,4.25716587158203,0.0602969646453857),(0.645670169677741,
4.22477069946289,0.0592211246490479),(0.646085208740241,4.25843082519531,
0.0587222099304199),(0.646955722656251,4.22416111083984,0.0575771331787109),
(0.64769424804688,4.25881382080078,0.0564825534820557),(0.648084110107419,
4.22417789550781,0.055850887298584),(0.64844040283203,4.28152805419922,
0.0849173069000244),(0.64852203735352,4.2196208581543,0.0562948226928711),
(0.648533481445311,4.26650806518555,0.0577857971191406),(0.64869675048828,
4.21419330688477,0.0589334011077881),(0.64910797485352,4.22457004638672,
0.0540286064147949),(0.64910797485352,4.25834995361328,0.0540286064147949),
(0.649141544189451,4.27196384521484,0.0608885765075684),(0.650173801269531,
4.20633579345703,0.0646078109741211),(0.650173801269531,4.27658420654297,
0.0646078109741211),(0.65089706787109,4.2783496484375,0.0661141872406006),
(0.65130752929688,4.25474125,0.0485844612121582),(0.65151428588867,4.20357013793945,
0.0667915344238281),(0.65189651855469,4.22910801025391,0.0466829299926758),
(0.65209106811524,4.28012653442383,0.067241096496582),(0.652797550048831,
4.25240207763672,0.0427725791931153),(0.65295929321289,4.23077274414063,
0.0417764186859131),(0.65306915649414,4.26480899902344,0.0517638683319092),
(0.653340000000001,4.21646,0.1),(0.653340000000001,4.23146015258789,0.0150000095367431),
(0.653340000000001,4.23146015258789,0.0367169380187988),(0.653340000000001,
4.25145984741211,0.0150000095367431),(0.653340000000001,4.25145984741211,
0.0367169380187988),(0.653340000000001,4.26646,0.1),(0.653694003906251,
4.20103946777344,0.0680563926696777),(0.654482120361331,4.22571979614258,
0.0150000095367431),(0.654482120361331,4.22571979614258,0.0367169380187988),
(0.654482120361331,4.23146015258789,0.0092597484588623),(0.654482120361331,
4.25145984741211,0.0092597484588623),(0.654482120361331,4.25720020385742,
0.0150000095367431),(0.654482120361331,4.25720020385742,0.0367169380187988),
(0.654991000976561,4.21618915649414,0.0517638683319092),(0.655349582519531,
4.22615696044922,0.00969667434692383),(0.655349582519531,4.25676303955078,
0.00969667434692383),(0.65551132568359,4.28347202392578,0.0686079978942871),
(0.65737442382813,4.20980182739258,0.0584374904632568),(0.65773300537109,
4.22085300537109,0.0150000095367431),(0.65773300537109,4.22085376831055,
0.0367169380187988),(0.65773300537109,4.23146015258789,0.00439338684082031),
(0.65773300537109,4.25145984741211,0.00439338684082031),(0.65773300537109,
4.26206699462891,0.0150000095367431),(0.65773300537109,4.26206699462891,
0.0367169380187988),(0.65835403808594,4.19743915649414,0.0691195487976074),
(0.6590170324707,4.28758274169922,0.0814645767211914),(0.65902695068359,
4.19533802124023,0.0814623832702637),(0.65920547851563,4.19526630493164,
0.1),(0.65920547851563,4.28765369506836,0.1),(0.661051029052741,4.22016483398437,
0.00834569931030273),(0.661051029052741,4.22480579467773,0.00370454788208008),
(0.661051029052741,4.25811420532227,0.00370454788208008),(0.661051029052741,
4.26275516601563,0.00834569931030273),(0.662306827392579,4.27022281738281,
0.0529506683349609),(0.662599796142579,4.21760212036133,0.0150000095367431),
(0.662599796142579,4.21760212036133,0.0367169380187988),(0.662599796142579,
4.23146015258789,0.00114178657531738),(0.662599796142579,4.25145984741211,
0.00114178657531738),(0.662599796142579,4.26531787963867,0.0150000095367431),
(0.662599796142579,4.26531787963867,0.0367169380187988),(0.66261429199219,
4.21288486572266,0.0525348663330078),(0.66267532714844,4.2175960168457,
0.0141632556915283),(0.66267532714844,4.23062320800781,0.00113601684570312),
(0.66267532714844,4.25229679199219,0.00113601684570312),(0.66267532714844,
4.2653239831543,0.0141632556915283),(0.66445526489258,4.27473941894531,
0.0596611022949219),(0.66448501953125,4.19435535522461,0.0696430206298828),
(0.66515030273438,4.28882022949219,0.0696767807006836),(0.666660922851561,
4.26749530883789,0.0451288223266602),(0.666746372070311,4.21547885986328,
0.0448995113372803),(0.66834015258789,4.21646,0.0150000095367431),(0.66834015258789,
4.21646,0.0367169380187988),(0.66834015258789,4.21760212036133,0.0092597484588623),
(0.66834015258789,4.22085300537109,0.00439338684082031),(0.66834015258789,
4.22571979614258,0.00114178657531738),(0.66834015258789,4.23146015258789,
0.),(0.66834015258789,4.25145984741211,0.),(0.66834015258789,4.25720020385742,
0.00114178657531738),(0.66834015258789,4.26206699462891,0.00439338684082031),
(0.66834015258789,4.26531787963867,0.0092597484588623),(0.66834015258789,
4.26646,0.0150000095367431),(0.66834015258789,4.26646,0.0367169380187988),
(0.669177097167971,4.29061771484375,0.0775389671325684),(0.67109436401367,
4.19238620849609,0.0698716640472412),(0.67349991210937,4.21137500854492,
0.0547017574310303),(0.67833618530273,4.19145084472656,0.0733153343200684),
(0.67833771118164,4.29146610351562,0.0733145236968994),(0.678340000000001,
4.19146,0.1),(0.678340000000001,4.19154392333984,0.0699748516082764),(0.678340000000001,
4.29137607666016,0.0699748516082764),(0.678340000000001,4.29146,0.1),(0.683034366455079,
4.27532611938477,0.0598085880279541),(0.68558563598633,4.29053379150391,
0.0698716640472412),(0.686048740234381,4.19204670043945,0.0769251346588135),
(0.68833984741211,4.21646,0.0150000095367431),(0.68833984741211,4.21646,
0.0367169380187988),(0.68833984741211,4.21760212036133,0.0092597484588623),
(0.68833984741211,4.22085300537109,0.00439338684082032),(0.68833984741211,
4.22571979614258,0.00114178657531738),(0.68833984741211,4.23146015258789,
0.),(0.68833984741211,4.25145984741211,0.),(0.68833984741211,4.25720020385742,
0.00114178657531738),(0.68833984741211,4.26206699462891,0.00439338684082032),
(0.68833984741211,4.26531787963867,0.0092597484588623),(0.68833984741211,
4.26646,0.0150000095367431),(0.68833984741211,4.26646,0.0367169380187988),
(0.689933627929691,4.26744114013672,0.0448995113372803),(0.69001907714844,
4.21542469116211,0.0451288223266602),(0.69152969726563,4.19409977050781,
0.0696767807006836),(0.692194980468751,4.28856464477539,0.0696430206298828),
(0.69269089111328,4.21171756835937,0.0546722888946533),(0.69406570800781,
4.27003513427734,0.0525348663330078),(0.69408020385742,4.21760212036133,
0.0150000095367431),(0.69408020385742,4.21760212036133,0.0367169380187988),
(0.69408020385742,4.23146015258789,0.00114178657531738),(0.69408020385742,
4.25145984741211,0.00114178657531738),(0.69408020385742,4.26531787963867,
0.0150000095367431),(0.69408020385742,4.26531787963867,0.0367169380187988),
(0.69437317260742,4.21269718261719,0.0529507160186768),(0.694521945800781,
4.19414936157227,0.0803329944610596),(0.695007175292971,4.21857944580078,
0.0111747264862061),(0.695007175292971,4.22763477416992,0.00211925506591797),
(0.695007175292971,4.25528522583008,0.00211925506591797),(0.695007175292971,
4.26434055419922,0.0111747264862061),(0.695840305175781,4.22227436157227,
0.00581440925598145),(0.695840305175781,4.26064563842774,0.00581440925598145),
(0.697474521484381,4.19526630493164,0.1),(0.697474521484381,4.28765369506836,
0.1),(0.697641605224609,4.28757892700195,0.0814624309539795),(0.69832596191406,
4.28548084350586,0.0691195487976074),(0.69894699462891,4.22085300537109,
0.0150000095367431),(0.69894699462891,4.22085376831055,0.0367169380187988),
(0.69894699462891,4.23146015258789,0.00439338684082031),(0.69894699462891,
4.25145984741211,0.00439338684082031),(0.69894699462891,4.26206699462891,
0.0150000095367431),(0.69894699462891,4.26206699462891,0.0367169380187988),
(0.69930557617188,4.27311817260742,0.0584374904632568),(0.701138156738279,
4.22423206420898,0.0120054721832275),(0.701138156738279,4.22846561523438,
0.00777230262756348),(0.701138156738279,4.25445438476562,0.00777230262756348),
(0.701138156738279,4.25868793579102,0.0120054721832275),(0.70116867431641,
4.19944797607422,0.0686079978942871),(0.701688999023441,4.26673084350586,
0.0517638683319092),(0.702197879638671,4.22571979614258,0.0150000095367431),
(0.702197879638671,4.22571979614258,0.0367169380187988),(0.702197879638671,
4.23146015258789,0.0092597484588623),(0.702197879638671,4.25145984741211,
0.0092597484588623),(0.702197879638671,4.25720020385742,0.0150000095367431),
(0.702197879638671,4.25720020385742,0.0367169380187988),(0.702985996093751,
4.28188053222656,0.0680563926696777),(0.703340000000001,4.21646,0.1),(0.703340000000001,
4.23146015258789,0.0150000095367431),(0.703340000000001,4.23146015258789,
0.0367169380187988),(0.703340000000001,4.25145984741211,0.0150000095367431),
(0.703340000000001,4.25145984741211,0.0367169380187988),(0.703340000000001,
4.26646,0.1),(0.70361084350586,4.21811100097656,0.051763916015625),(0.70372070678711,
4.25214725585937,0.0417764186859131),(0.703882449951171,4.23051792236328,
0.0427725791931153),(0.70458893188477,4.20279346557617,0.067241096496582),
(0.70478348144531,4.25381198974609,0.0466829299926758),(0.705165714111329,
4.27934986206055,0.0667915344238281),(0.705372470703119,4.22817875,0.048584508895874),
(0.705782932128909,4.2045703515625,0.0661141872406006),(0.70638794311523,
4.20008350463867,0.0843617439270019),(0.706506198730471,4.20633579345703,
0.0646078109741211),(0.706506198730471,4.27658420654297,0.0646078109741211),
(0.707538455810551,4.21095615478516,0.0608885765075684),(0.70757202514648,
4.22457004638672,0.0540286064147949),(0.70757202514648,4.25834995361328,
0.0540286064147949),(0.707983249511721,4.26872669311523,0.0589334011077881),
(0.708146518554691,4.21641193481445,0.0577857971191406),(0.70815796264648,
4.2632991418457,0.0562948226928711),(0.70859436401367,4.25875278564453,
0.0558537006378174),(0.70949768432617,4.22411075683594,0.0572606563568115),
(0.709723514404301,4.25876270385742,0.0575789451599121),(0.710590213623051,
4.22448307128906,0.0587252616882324),(0.71100830444336,4.25814930053711,
0.059222412109375),(0.71199707397461,4.22575183959961,0.0602998733520508),
(0.71246017822266,4.2565120324707,0.0607513904571533),(0.712954562988281,
4.27749820800781,0.0862781524658203),(0.71299576171875,4.22732349487305,
0.0612391471862793),(0.713695377197271,4.20610462280273,0.1),(0.713695377197271,
4.27681537719727,0.1),(0.714231723632809,4.2303516015625,0.0622173309326172),
(0.714353031005861,4.25217472167969,0.0623051166534424),(0.715086978759771,
4.21287494750977,0.0715395450592041),(0.71555313476563,4.2366389855957,
0.0631016731262207),(0.715693515625,4.24486881347656,0.0631880760192871),
(0.717739719238279,4.21071811767578,0.0875555515289307),(0.723555606689451,
4.26271396728516,0.088990592956543),(0.723680728759771,4.25261493774414,
0.0748532772064209),(0.724533695068359,4.22232547851563,0.1),(0.724533695068359,
4.26059452148437,0.1),(0.72594437011719,4.22628971191406,0.0895463943481445),
(0.7281820715332,4.24485660644531,0.090050220489502),(0.72834,4.24146,0.1)));
#278=COORDINATES_LIST('',217,((0.628340000000001,3.99146,0.1),(0.628365939941411,
3.99146,0.0900758266448975),(0.629606479492191,3.98042713256836,0.0897998809814453),
(0.63111709960938,4.00782581420898,0.0894555568695068),(0.63214630493164,
3.97232547851562,0.1),(0.63214630493164,4.01059452148437,0.1),(0.632990115966801,
3.98031040283203,0.0748505592346191),(0.633109134521491,3.9702067956543,
0.0889901638031006),(0.63629669555664,4.01162143798828,0.0736158847808838),
(0.638490909423831,4.02162815185547,0.0876679420471191),(0.640984958496091,
3.98805652709961,0.0631859302520752),(0.64112457641602,3.99628559204102,
0.0630999088287354),(0.64232391723633,3.9807536706543,0.0623021125793457),
(0.64244675048828,4.00257068725586,0.0622157573699951),(0.64298462280274,
3.95610462280273,0.1),(0.64298462280274,4.02681537719727,0.1),(0.64368194946289,
4.0055957421875,0.0612373828887939),(0.643715518798831,3.95542179199219,
0.0862766742706299),(0.644217532958991,3.97641254516602,0.0607487201690674),
(0.644680637207029,4.00716358276367,0.0602976322174072),(0.64567093261719,
3.97476841064453,0.0592212677001953),(0.64608673461914,4.00842929931641,
0.058722734451294),(0.646955722656251,3.97416111083984,0.0575769424438477),
(0.647695010986331,4.00881305786133,0.056482744216919),(0.648084110107419,
3.97417865844727,0.0558507919311524),(0.648449558105471,4.03152652832031,
0.0849169731140137),(0.64852203735352,3.9696208581543,0.0562948226928711),
(0.648533481445311,4.01650806518555,0.0577857971191406),(0.64869675048828,
3.96419330688476,0.0589334011077881),(0.64910797485352,3.97457004638672,
0.0540286064147949),(0.64910797485352,4.00834995361328,0.0540286064147949),
(0.649141544189451,4.02196384521484,0.0608885765075684),(0.650173801269531,
3.95633579345703,0.0646078109741211),(0.650173801269531,4.02658420654297,
0.0646078109741211),(0.65089706787109,4.0283496484375,0.0661141872406006),
(0.65130752929688,4.00474125,0.048584508895874),(0.65151428588867,3.95357013793945,
0.0667915344238281),(0.65191406616211,3.97912021728516,0.0467288970947266),
(0.65209106811524,4.03012653442383,0.067241096496582),(0.652797550048831,
4.00240207763672,0.0427725791931153),(0.652966159667971,3.98079944702148,
0.0417937278747558),(0.65306915649414,4.01480899902344,0.0517640113830566),
(0.653340000000001,3.96646,0.1),(0.653340000000001,3.98146015258789,0.0150000095367431),
(0.653340000000001,3.98146015258789,0.0367169380187988),(0.653340000000001,
4.00145984741211,0.0150000095367431),(0.653340000000001,4.00145984741211,
0.0367169380187988),(0.653340000000001,4.01646,0.1),(0.653694003906251,
3.95103946777344,0.0680563926696777),(0.654476016845701,3.98062320800781,
0.00933523178100586),(0.654476016845701,4.00229679199219,0.00933523178100586),
(0.654482120361331,3.97571979614258,0.0150000095367431),(0.654482120361331,
3.97571979614258,0.0367169380187988),(0.654482120361331,3.98146015258789,
0.0092597484588623),(0.654482120361331,4.00145984741211,0.0092597484588623),
(0.654482120361331,4.00720020385742,0.0150000095367431),(0.654482120361331,
4.00720020385742,0.0367169380187988),(0.65551132568359,4.03347202392578,
0.0686079978942871),(0.65671677001953,3.9677425012207,0.0479740142822266),
(0.65704483398437,3.97480579467773,0.00771074295043945),(0.65704483398437,
4.00811420532226,0.00771074295043945),(0.65773300537109,3.97085376831054,
0.0367169380187988),(0.65773300537109,3.97085376831055,0.0150000095367431),
(0.65773300537109,3.98146015258789,0.00439338684082031),(0.65773300537109,
4.00145984741211,0.00439338684082031),(0.65773300537109,4.01206623168945,
0.0150000095367431),(0.65773300537109,4.01206623168945,0.0367169380187988),
(0.65835403808594,3.94743915649414,0.0691195487976074),(0.659023135986329,
4.03758121582031,0.081464958190918),(0.65903686889648,3.94533496948242,
0.08146071434021),(0.65920547851563,3.94526630493164,0.1),(0.65920547851563,
4.03765369506836,0.1),(0.6605780065918,3.96169162841797,0.0550732135772705),
(0.661685794677731,3.97016483398437,0.00771074295043945),(0.661685794677731,
4.01275516601562,0.00771074295043945),(0.662306827392579,4.02022281738281,
0.0529508590698242),(0.662599796142579,3.96760212036133,0.0150000095367431),
(0.662599796142579,3.96760212036133,0.0367169380187988),(0.662599796142579,
3.98146015258789,0.00114178657531738),(0.662599796142579,4.00145984741211,
0.00114178657531738),(0.662599796142579,4.01531787963867,0.0150000095367431),
(0.662599796142579,4.01531787963867,0.0367169380187988),(0.66303696044922,
3.97615696044922,0.00200963020324707),(0.66303696044922,4.00676303955078,
0.00200963020324707),(0.663989108886721,4.02120243164062,0.0546724319458008),
(0.66448501953125,3.94435535522461,0.0696430206298828),(0.66515030273438,
4.03882022949219,0.0696767807006836),(0.666660922851561,4.01749530883789,
0.045128870010376),(0.66672500976563,3.96549030395508,0.0449508190155029),
(0.667503208007809,3.9675960168457,0.00933523178100586),(0.667503208007809,
4.0153239831543,0.00933523178100586),(0.66834015258789,3.96646,0.0150000095367431),
(0.66834015258789,3.96646,0.0367169380187988),(0.66834015258789,3.96760212036133,
0.0092597484588623),(0.66834015258789,3.97085376831055,0.00439338684082031),
(0.66834015258789,3.97571979614258,0.00114178657531738),(0.66834015258789,
3.98146015258789,0.),(0.66834015258789,4.00145984741211,0.),(0.66834015258789,
4.00720020385742,0.00114178657531738),(0.66834015258789,4.01206623168945,
0.00439338684082031),(0.66834015258789,4.01531787963867,0.0092597484588623),
(0.66834015258789,4.01646,0.0150000095367431),(0.66834015258789,4.01646,
0.0367169380187988),(0.669179385986329,4.04061771484375,0.0775402069091797),
(0.67109436401367,3.94238620849609,0.0698716640472412),(0.67349991210937,
3.96137500854492,0.0547019004821777),(0.678334659423829,4.04146,0.0733165264129639),
(0.67833771118164,3.94145694824219,0.0733144760131836),(0.678340000000001,
3.94146,0.1),(0.678340000000001,3.94154392333984,0.0699748516082764),(0.678340000000001,
4.04137607666016,0.0699748516082764),(0.678340000000001,4.04146,0.1),(0.683180087890629,
4.02154499145508,0.0547019004821777),(0.68558563598633,4.04053379150391,
0.0698716640472412),(0.686061710205081,3.94207187744141,0.0769252777099609),
(0.68833984741211,3.96646,0.0150000095367431),(0.68833984741211,3.96646,
0.0367169380187988),(0.68833984741211,3.96760212036133,0.0092597484588623),
(0.68833984741211,3.97085376831055,0.00439338684082031),(0.68833984741211,
3.97571979614258,0.00114178657531738),(0.68833984741211,3.98146015258789,
0.),(0.68833984741211,4.00145984741211,0.),(0.68833984741211,4.00720020385742,
0.00114178657531738),(0.68833984741211,4.01206623168945,0.00439338684082031),
(0.68833984741211,4.01531787963867,0.0092597484588623),(0.68833984741211,
4.01646,0.0150000095367431),(0.68833984741211,4.01646,0.0367169380187988),
(0.68917679199219,3.9675960168457,0.00933523178100586),(0.68917679199219,
4.0153239831543,0.00933523178100586),(0.689954990234369,4.01742969604492,
0.0449508190155029),(0.690041202392581,3.96543613525391,0.0451818466186524),
(0.69152969726563,3.94409977050781,0.0696767807006836),(0.692194980468751,
4.03856464477539,0.0696430206298828),(0.69269089111328,3.96171833129883,
0.0546724319458008),(0.69364303955078,3.97615696044922,0.00200963020324707),
(0.69364303955078,4.00676303955078,0.00200963020324707),(0.69408020385742,
3.96760212036133,0.0150000095367431),(0.69408020385742,3.96760212036133,
0.0367169380187988),(0.69408020385742,3.98146015258789,0.00114178657531738),
(0.69408020385742,4.00145984741211,0.00114178657531738),(0.69408020385742,
4.01531787963867,0.0150000095367431),(0.69408020385742,4.01531787963867,
0.0367169380187988),(0.69442047485352,3.96270557495117,0.0529959678649902),
(0.69454635986328,3.94418903442383,0.0803345203399658),(0.69499420532227,
3.97016483398437,0.00771074295043945),(0.69499420532227,4.01275516601562,
0.00771074295043945),(0.6961019934082,4.02122837158203,0.0550732135772705),
(0.697474521484381,3.94526630493164,0.1),(0.697474521484381,4.03765369506836,
0.1),(0.69763397583008,4.03755909057617,0.0814632892608643),(0.69832596191406,
4.03548084350586,0.0691195487976074),(0.69894699462891,3.97085376831054,
0.0367169380187988),(0.69894699462891,3.97085376831055,0.0150000095367431),
(0.69894699462891,3.98146015258789,0.00439338684082031),(0.69894699462891,
4.00145984741211,0.00439338684082031),(0.69894699462891,4.01206623168945,
0.0150000095367431),(0.69894699462891,4.01206623168945,0.0367169380187988),
(0.69963516601563,3.97480579467773,0.00771074295043945),(0.69963516601563,
4.00811420532226,0.00771074295043945),(0.699963229980471,4.0151774987793,
0.0479740142822266),(0.70116867431641,3.94944797607422,0.0686079978942871),
(0.70205749877929,3.96983677001954,0.0479740142822266),(0.702197879638671,
3.97571979614258,0.0150000095367431),(0.702197879638671,3.97571979614258,
0.0367169380187988),(0.702197879638671,3.98146015258789,0.0092597484588623),
(0.702197879638671,4.00145984741211,0.0092597484588623),(0.702197879638671,
4.00720020385742,0.0150000095367431),(0.702197879638671,4.00720020385742,
0.0367169380187988),(0.702203983154301,3.98062320800781,0.00933523178100586),
(0.702203983154301,4.00229679199219,0.00933523178100586),(0.702985996093751,
4.03188053222656,0.0680563926696777),(0.703340000000001,3.96646,0.1),(0.703340000000001,
3.98146015258789,0.0150000095367431),(0.703340000000001,3.98146015258789,
0.0367169380187988),(0.703340000000001,4.00145984741211,0.0150000095367431),
(0.703340000000001,4.00145984741211,0.0367169380187988),(0.703340000000001,
4.01646,0.1),(0.703713840332031,4.00212055297851,0.0417937278747558),(0.70387405761719,
3.98054157348633,0.0427965641021728),(0.70458893188477,3.95279346557617,
0.067241096496582),(0.704765933837891,4.00379978271484,0.0467288970947266),
(0.705165714111329,4.02934986206055,0.0667915344238281),(0.705351871337889,
3.97818790527344,0.0486319541931153),(0.705782932128909,3.9545703515625,
0.0661141872406006),(0.706412357177741,3.95012851806641,0.0843642234802246),
(0.706506198730471,3.95633579345703,0.0646078109741211),(0.706506198730471,
4.02658420654297,0.0646078109741211),(0.707538455810551,3.96095615478516,
0.0608885765075684),(0.70757202514648,3.97457004638672,0.0540286064147949),
(0.70757202514648,4.00834995361328,0.0540286064147949),(0.707983249511721,
4.01872669311524,0.0589334011077881),(0.708146518554691,3.96641193481445,
0.0577857971191406),(0.70815796264648,4.0132991418457,0.0562948226928711),
(0.708592075195309,4.00875507446289,0.0558548450469971),(0.708984989013671,
3.97410846801758,0.0564830303192139),(0.709718173828129,4.00876804443359,
0.0575816631317139),(0.71059402832031,3.97449680419922,0.0587230682373047),
(0.711006015625,4.00815387817383,0.059224271774292),(0.712001651611331,
3.97576557250977,0.0602976799011231),(0.712461704101559,4.0065105065918,
0.0607511043548584),(0.712966770019531,4.02745090576172,0.0862785816192627),
(0.712999576416021,3.97733417602539,0.0612376213073731),(0.713695377197271,
3.95610462280273,0.1),(0.713695377197271,4.02681537719727,0.1),(0.71423553833008,
3.98036380859375,0.0622156620025635),(0.714355319824221,4.00216022583008,
0.0623043060302734),(0.715558475341802,3.9866504296875,0.0630999088287354),
(0.71569885620117,3.99487949462891,0.0631859302520752),(0.717764896240231,
3.96077076049805,0.0875589847564697),(0.720397037353521,3.9713313684082,
0.0736203670501709),(0.72358917602539,4.01274067016602,0.0889960765838623),
(0.723701328125001,4.00265689941406,0.0748533725738526),(0.724533695068359,
3.97232547851562,0.1),(0.724533695068359,4.01059452148437,0.1),(0.72597717651367,
3.97634082885742,0.0895514965057373),(0.7282179296875,3.99491306396484,
0.0900564670562744),(0.72834,3.99146,0.1)));
#279=COORDINATES_LIST('',218,((0.628340000000001,3.74146,0.1),(0.62834610351563,
3.74146,0.0900819301605225),(0.629568332519531,3.73042102905274,0.0898096084594726),
(0.63111328491211,3.75781665893555,0.0894570350646973),(0.63214630493164,
3.72232547851563,0.1),(0.63214630493164,3.76059452148438,0.1),(0.632978671875001,
3.7525813684082,0.0748534679412842),(0.63307403930664,3.72021518798828,
0.089000129699707),(0.63849701293945,3.77160602661133,0.0876662731170654),
(0.64098114379883,3.73804050537109,0.0631859302520752),(0.6411215246582,
3.7462695703125,0.0630999088287354),(0.641583103027339,3.71289630981446,
0.0715375423431397),(0.642324680175781,3.73075977416992,0.0623043060302734),
(0.642444461669919,3.75255619140625,0.0622156620025635),(0.64298462280274,
3.70610462280274,0.1),(0.64298462280274,3.77681537719727,0.1),(0.643680423583991,
3.75558582397461,0.0612376689910889),(0.64369415649414,3.70548740478516,
0.0862837791442871),(0.64421829589844,3.7264094934082,0.0607511043548584),
(0.644678348388671,3.75715442749023,0.0602976799011231),(0.645673984375,
3.72476612182617,0.059224271774292),(0.64608597167969,3.75842319580078,
0.0587230682373047),(0.64696182617188,3.72415119262695,0.0575816631317139),
(0.647695010986331,3.75881153198242,0.0564830303192139),(0.64808792480469,
3.72416492553711,0.0558548927307129),(0.648463291015632,3.7814990625,0.0849132061004639),
(0.64852203735352,3.7196208581543,0.0562948226928711),(0.648533481445311,
3.76650806518555,0.0577857971191406),(0.64869675048828,3.71419330688477,
0.0589334011077881),(0.64910797485352,3.72457004638672,0.0540286064147949),
(0.64910797485352,3.75834995361328,0.0540286064147949),(0.649141544189451,
3.77196384521484,0.0608885765075684),(0.650173801269531,3.70633579345703,
0.0646078109741211),(0.650173801269531,3.77658420654297,0.0646078109741211),
(0.65089706787109,3.7783496484375,0.0661141872406006),(0.65130752929688,
3.75474125,0.048584508895874),(0.65151428588867,3.70357013793945,0.0667915344238281),
(0.65191406616211,3.72912021728516,0.0467288970947266),(0.65209106811524,
3.78012653442383,0.067241096496582),(0.652797550048831,3.75240207763672,
0.0427725791931153),(0.652966159667971,3.73079944702148,0.0417937278747558),
(0.65306915649414,3.76480899902344,0.0517640113830566),(0.653340000000001,
3.71646,0.1),(0.653340000000001,3.73146015258789,0.0150000095367431),(0.653340000000001,
3.73146015258789,0.0367169380187988),(0.653340000000001,3.75145984741211,
0.0150000095367431),(0.653340000000001,3.75145984741211,0.0367169380187988),
(0.653340000000001,3.76646,0.1),(0.653694003906251,3.70103946777344,0.0680563926696777),
(0.654476016845701,3.73062320800781,0.00933523178100586),(0.654482120361331,
3.72571979614258,0.0150000095367431),(0.654482120361331,3.72571979614258,
0.0367169380187988),(0.654482120361331,3.73146015258789,0.0092597484588623),
(0.654482120361331,3.75145984741211,0.0092597484588623),(0.654482120361331,
3.75720020385742,0.0150000095367431),(0.654482120361331,3.75720020385742,
0.0367169380187988),(0.655349582519531,3.75676303955078,0.00969667434692383),
(0.65551132568359,3.78347202392578,0.0686079978942871),(0.65671677001953,
3.71774250122071,0.0479740142822266),(0.65704483398437,3.72480579467773,
0.00771074295043945),(0.65773300537109,3.72085376831055,0.0150000095367431),
(0.65773300537109,3.72085376831055,0.0367169380187988),(0.65773300537109,
3.73146015258789,0.00439338684082031),(0.65773300537109,3.75145984741211,
0.00439338684082031),(0.65773300537109,3.76206623168945,0.0150000095367431),
(0.65773300537109,3.76206623168945,0.0367169380187988),(0.65835403808594,
3.69743915649414,0.0691195487976074),(0.65903381713867,3.78755375,0.0814610004425049),
(0.659034580078131,3.69536548706055,0.0814672946929932),(0.65920547851563,
3.69526630493164,0.1),(0.65920547851563,3.78765369506836,0.1),(0.6605780065918,
3.71169162841797,0.0550732135772705),(0.661051029052741,3.75811420532227,
0.00370454788208008),(0.661051029052741,3.76275516601563,0.00834569931030273),
(0.661685794677731,3.72016483398438,0.00771074295043945),(0.662306827392579,
3.77022281738281,0.0529508590698242),(0.662599796142579,3.71760212036133,
0.0150000095367431),(0.662599796142579,3.71760212036133,0.0367169380187988),
(0.662599796142579,3.73146015258789,0.00114178657531738),(0.662599796142579,
3.75145984741211,0.00114178657531738),(0.662599796142579,3.76531787963867,
0.0150000095367431),(0.662599796142579,3.76531787963867,0.0367169380187988),
(0.66267532714844,3.75229679199219,0.00113601684570312),(0.66267532714844,
3.7653239831543,0.0141632556915283),(0.66303696044922,3.72615696044922,
0.00200963020324707),(0.663989108886721,3.77120166870117,0.0546724319458008),
(0.66448501953125,3.69435535522461,0.0696430206298828),(0.66515030273438,
3.78882022949219,0.0696767807006836),(0.666660922851561,3.76749530883789,
0.0451289176940918),(0.66672500976563,3.71549030395508,0.0449508190155029),
(0.667503208007809,3.7175960168457,0.00933523178100586),(0.66834015258789,
3.71646,0.0150000095367431),(0.66834015258789,3.71646,0.0367169380187988),
(0.66834015258789,3.71760212036133,0.0092597484588623),(0.66834015258789,
3.72085376831055,0.00439338684082031),(0.66834015258789,3.72571979614258,
0.00114178657531738),(0.66834015258789,3.73146015258789,0.),(0.66834015258789,
3.75145984741211,0.),(0.66834015258789,3.75720020385742,0.00114178657531738),
(0.66834015258789,3.76206623168945,0.00439338684082031),(0.66834015258789,
3.76531787963867,0.0092597484588623),(0.66834015258789,3.76646,0.0150000095367431),
(0.66834015258789,3.76646,0.0367169380187988),(0.669190830078131,3.79059864135742,
0.0775362491607666),(0.67109436401367,3.6923862084961,0.0698716640472412),
(0.67349991210937,3.71137500854492,0.0547019004821777),(0.678340000000001,
3.69146,0.1),(0.678340000000001,3.69154392333984,0.0699748516082764),(0.678340000000001,
3.79137607666016,0.0699748516082764),(0.678340000000001,3.79146,0.1),(0.678342288818361,
3.79146305175781,0.0733144760131836),(0.67834534057617,3.69146,0.0733165264129639),
(0.683180087890629,3.77154499145508,0.0547019004821777),(0.68558563598633,
3.79053379150391,0.0698716640472412),(0.68606705078125,3.69206195922852,
0.076923131942749),(0.68833984741211,3.71646,0.0150000095367431),(0.68833984741211,
3.71646,0.0367169380187988),(0.68833984741211,3.71760212036133,0.0092597484588623),
(0.68833984741211,3.72085376831055,0.00439338684082031),(0.68833984741211,
3.72571979614258,0.00114178657531738),(0.68833984741211,3.73146015258789,
0.),(0.68833984741211,3.75145984741211,0.),(0.68833984741211,3.75720020385742,
0.00114178657531738),(0.68833984741211,3.76206623168945,0.00439338684082031),
(0.68833984741211,3.76531787963867,0.0092597484588623),(0.68833984741211,
3.76646,0.0150000095367431),(0.68833984741211,3.76646,0.0367169380187988),
(0.68917679199219,3.7175960168457,0.00933523178100586),(0.68917679199219,
3.7653239831543,0.00933523178100586),(0.689933627929691,3.76744114013672,
0.0448996067047119),(0.690041202392581,3.71543613525391,0.0451817989349365),
(0.69152969726563,3.69409977050781,0.0696767807006836),(0.692194980468751,
3.78856464477539,0.0696430206298828),(0.69269089111328,3.71171756835937,
0.0546724319458008),(0.69364303955078,3.72615696044922,0.00200963020324707),
(0.69364303955078,3.75676303955078,0.00200963020324707),(0.69406570800781,
3.77003513427734,0.0525351047515869),(0.69408020385742,3.71760212036133,
0.0150000095367431),(0.69408020385742,3.71760212036133,0.0367169380187988),
(0.69408020385742,3.73146015258789,0.00114178657531738),(0.69408020385742,
3.75145984741211,0.00114178657531738),(0.69408020385742,3.76531787963867,
0.0150000095367431),(0.69408020385742,3.76531787963867,0.0367169380187988),
(0.69442047485352,3.71270557495117,0.0529959678649902),(0.69453567871094,
3.6941569909668,0.0803316116333008),(0.69499420532227,3.72016483398438,
0.00771074295043945),(0.69499420532227,3.76275516601563,0.00771074295043945),
(0.697474521484381,3.69526630493164,0.1),(0.697474521484381,3.78765369506836,
0.1),(0.69765304931641,3.78758350463867,0.081463623046875),(0.69832596191406,
3.78548084350586,0.0691195487976074),(0.69894699462891,3.72085376831055,
0.0150000095367431),(0.69894699462891,3.72085376831055,0.0367169380187988),
(0.69894699462891,3.73146015258789,0.00439338684082031),(0.69894699462891,
3.75145984741211,0.00439338684082031),(0.69894699462891,3.76206623168945,
0.0150000095367431),(0.69894699462891,3.76206623168945,0.0367169380187988),
(0.69930557617188,3.77311817260742,0.0584376811981201),(0.69963516601563,
3.72480579467773,0.00771074295043945),(0.69963516601563,3.75811420532227,
0.00771074295043945),(0.70116867431641,3.69944797607422,0.0686079978942871),
(0.701688999023441,3.76673084350586,0.0517640590667725),(0.70205749877929,
3.71983677001953,0.0479740142822266),(0.702197879638671,3.72571979614258,
0.0150000095367431),(0.702197879638671,3.72571979614258,0.0367169380187988),
(0.702197879638671,3.73146015258789,0.0092597484588623),(0.702197879638671,
3.75145984741211,0.0092597484588623),(0.702197879638671,3.75720020385742,
0.0150000095367431),(0.702197879638671,3.75720020385742,0.0367169380187988),
(0.702203983154301,3.73062320800781,0.00933523178100586),(0.702203983154301,
3.75229679199219,0.00933523178100586),(0.702985996093751,3.78188053222656,
0.0680563926696777),(0.703340000000001,3.71646,0.1),(0.703340000000001,
3.73146015258789,0.0150000095367431),(0.703340000000001,3.73146015258789,
0.0367169380187988),(0.703340000000001,3.75145984741211,0.0150000095367431),
(0.703340000000001,3.75145984741211,0.0367169380187988),(0.703340000000001,
3.76646,0.1),(0.70372070678711,3.75214725585938,0.0417764186859131),(0.70387405761719,
3.73054157348633,0.0427965641021728),(0.70458893188477,3.70279346557617,
0.067241096496582),(0.70478271850586,3.75381198974609,0.0466829299926758),
(0.705165714111329,3.77934986206055,0.0667915344238281),(0.705351871337889,
3.72818790527344,0.0486319541931152),(0.705782932128909,3.7045703515625,
0.0661141872406006),(0.70640854248047,3.70009265991211,0.0843610286712647),
(0.706506198730471,3.70633579345703,0.0646078109741211),(0.706506198730471,
3.77658420654297,0.0646078109741211),(0.707538455810551,3.71095615478516,
0.0608885765075684),(0.70757202514648,3.72457004638672,0.0540286064147949),
(0.70757202514648,3.75834995361328,0.0540286064147949),(0.707983249511721,
3.76872669311524,0.0589334011077881),(0.708146518554691,3.71641193481445,
0.0577857971191406),(0.70815796264648,3.7632991418457,0.0562948226928711),
(0.70851730712891,3.75873523803711,0.0557253360748291),(0.70955566772461,
3.75879551025391,0.0573386669158936),(0.7096991003418,3.72415653320313,
0.0575407981872559),(0.710844272460941,3.75827289672852,0.0590264797210693),
(0.710912937011721,3.72469745727539,0.0591084957122803),(0.71183838256836,
3.75735965820313,0.0601323127746582),(0.712306827392579,3.72617908569336,
0.0605995178222656),(0.71296829589844,3.77750278564453,0.0862791061401367),
(0.713297885742191,3.72794300170899,0.0614899158477783),(0.713416904296879,
3.75472675415039,0.0615892887115479),(0.713695377197271,3.70610462280274,
0.1),(0.713695377197271,3.77681537719727,0.1),(0.714591831054689,3.73157306762695,
0.0624679565429688),(0.715103000488281,3.71288486572266,0.0715364456176758),
(0.71534637817383,3.74780002685547,0.0629694938659668),(0.715755313720701,
3.7388835534668,0.0632222652435303),(0.717757266845701,3.71072727294922,
0.0875549793243408),(0.72356933959961,3.76271778198242,0.0889911651611328),
(0.723690646972661,3.75262180419922,0.0748511791229248),(0.724533695068359,
3.72232547851563,0.1),(0.724533695068359,3.76059452148438,0.1),(0.725955814208991,
3.72629505249023,0.0895457267761231),(0.72819809326172,3.74486042114258,
0.0900505065917969),(0.72834,3.74146,0.1)));
#280=COORDINATES_LIST('',217,((0.628340000000001,3.49146,0.1),(0.628380435791021,
3.49146,0.0900760650634766),(0.62961487182617,3.48042713256836,0.0898011684417725),
(0.63113083251953,3.50782581420898,0.0894552707672119),(0.63214630493164,
3.47232547851563,0.1),(0.63214630493164,3.51059452148438,0.1),(0.632999271240241,
3.50261646362305,0.0748533725738526),(0.633124393310551,3.47020450683594,
0.0889912605285645),(0.638506168212891,3.52162662597656,0.0876670837402344),
(0.640986484375,3.48804737182617,0.0631880760192871),(0.64112610229492,
3.49627719970703,0.063101863861084),(0.641593784179691,3.46287571044922,
0.0715395450592041),(0.64232696899414,3.48073993774414,0.0623051643371582),
(0.64244827636719,3.50256305786133,0.0622174739837647),(0.64298462280274,
3.45610462280274,0.1),(0.64298462280274,3.52681537719727,0.1),(0.643683475341801,
3.50558963867188,0.0612389087677002),(0.64372162231445,3.45541645141602,
0.0862796783447266),(0.644221347656251,3.47639881225586,0.0607521533966065),
(0.644681400146491,3.50715747924805,0.060299015045166),(0.64567322143555,
3.47475849243164,0.0592239379882813),(0.64608749755859,3.50842472167969,
0.058723783493042),(0.646958774414059,3.47414737792969,0.0575804233551025),
(0.647695010986331,3.50881153198242,0.0564831733703613),(0.64808639892578,
3.4741633996582,0.0558542728424072),(0.648463291015632,3.53152423950195,
0.0849157810211182),(0.64852203735352,3.4696208581543,0.0562948226928711),
(0.648533481445311,3.51650806518555,0.0577857971191406),(0.64869675048828,
3.46419330688476,0.0589334011077881),(0.64910797485352,3.47457004638672,
0.0540286064147949),(0.64910797485352,3.50834995361328,0.0540286064147949),
(0.649141544189451,3.52196384521484,0.0608885765075684),(0.650173801269531,
3.45633579345703,0.0646078109741211),(0.650173801269531,3.52658420654297,
0.0646078109741211),(0.65089706787109,3.5283496484375,0.0661141872406006),
(0.651327365722661,3.50473209472657,0.0486319541931153),(0.65151428588867,
3.45357013793946,0.0667915344238281),(0.65191406616211,3.47912021728516,
0.0467288970947266),(0.65209106811524,3.53012653442383,0.067241096496582),
(0.652805942382811,3.50237842651367,0.0427965641021728),(0.652966159667971,
3.48079944702149,0.0417937278747558),(0.653340000000001,3.46646,0.1),(0.653340000000001,
3.48146015258789,0.0150000095367431),(0.653340000000001,3.48146015258789,
0.0367169380187988),(0.653340000000001,3.50145984741211,0.0150000095367431),
(0.653340000000001,3.50145984741211,0.0367169380187988),(0.653340000000001,
3.51646,0.1),(0.653694003906251,3.45103946777344,0.0680563926696777),(0.654482120361331,
3.47571979614258,0.0150000095367431),(0.654482120361331,3.47571979614258,
0.0367169380187988),(0.654482120361331,3.48146015258789,0.0092597484588623),
(0.654482120361331,3.50145984741211,0.0092597484588623),(0.654482120361331,
3.50720020385742,0.0150000095367431),(0.654482120361331,3.50720020385742,
0.0367169380187988),(0.6546225012207,3.51308322998047,0.0479739665985107),
(0.655349582519531,3.47615696044922,0.00969667434692383),(0.655349582519531,
3.50676303955078,0.00969667434692383),(0.65551132568359,3.53347202392578,
0.0686079978942871),(0.65671677001953,3.4677425012207,0.0479739665985107),
(0.65773300537109,3.47085300537109,0.0150000095367431),(0.65773300537109,
3.47085376831055,0.0367169380187988),(0.65773300537109,3.48146015258789,
0.00439338684082031),(0.65773300537109,3.50145984741211,0.00439338684082031),
(0.65773300537109,3.51206623168945,0.0367169380187988),(0.65773300537109,
3.51206699462891,0.0150000095367431),(0.65835403808594,3.44743915649414,
0.0691195487976074),(0.659034580078131,3.5375781640625,0.0814635753631592),
(0.65904755004883,3.44532962890625,0.0814637184143067),(0.65920547851563,
3.44526630493164,0.1),(0.65920547851563,3.53765369506836,0.1),(0.6605780065918,
3.46169162841797,0.0550731658935547),(0.661051029052741,3.47016483398438,
0.00834569931030273),(0.661051029052741,3.47480579467773,0.00370454788208008),
(0.661051029052741,3.50811420532227,0.00370454788208008),(0.661051029052741,
3.51275516601563,0.00834569931030273),(0.66225952514649,3.52021442504883,
0.0529958724975586),(0.662599796142579,3.46760212036133,0.0150000095367431),
(0.662599796142579,3.46760212036133,0.0367169380187988),(0.662599796142579,
3.48146015258789,0.00114178657531738),(0.662599796142579,3.50145984741211,
0.00114178657531738),(0.662599796142579,3.51531787963867,0.0150000095367431),
(0.662599796142579,3.51531787963867,0.0367169380187988),(0.66267532714844,
3.4675960168457,0.0141632556915283),(0.66267532714844,3.48062320800781,
0.00113601684570312),(0.66267532714844,3.50229679199219,0.00113601684570312),
(0.66267532714844,3.5153239831543,0.0141632556915283),(0.663989108886721,
3.52120243164062,0.0546722888946533),(0.66448501953125,3.44435535522461,
0.0696430206298828),(0.66515030273438,3.53882022949219,0.0696767807006836),
(0.66663879760742,3.51748386474609,0.0451817512512207),(0.66672500976563,
3.46549030395508,0.0449507713317871),(0.66834015258789,3.46646,0.0150000095367431),
(0.66834015258789,3.46646,0.0367169380187988),(0.66834015258789,3.46760212036133,
0.0092597484588623),(0.66834015258789,3.47085300537109,0.00439338684082031),
(0.66834015258789,3.47571979614258,0.00114178657531738),(0.66834015258789,
3.48146015258789,0.),(0.66834015258789,3.50145984741211,0.),(0.66834015258789,
3.50720020385742,0.00114178657531738),(0.66834015258789,3.51206699462891,
0.00439338684082031),(0.66834015258789,3.51531787963867,0.0092597484588623),
(0.66834015258789,3.51646,0.0150000095367431),(0.66834015258789,3.51646,
0.0367169380187988),(0.66918777832031,3.54061542602539,0.0775387287139893),
(0.67109436401367,3.44238620849609,0.0698716640472412),(0.67364563354492,
3.45759388061523,0.0598085880279541),(0.67833847412109,3.54146686645508,
0.0733145236968994),(0.678340000000001,3.44146,0.1),(0.678340000000001,
3.44154392333984,0.0699748516082764),(0.678340000000001,3.54137607666016,
0.0699748516082764),(0.678340000000001,3.54146,0.1),(0.67834076293945,3.44144779296875,
0.0733156204223633),(0.683180087890629,3.52154499145508,0.0547017574310303),
(0.68558563598633,3.54053379150391,0.0698716640472412),(0.68605179199219,
3.44204746337891,0.0769266605377197),(0.68833984741211,3.46646,0.0150000095367431),
(0.68833984741211,3.46646,0.0367169380187988),(0.68833984741211,3.46760212036133,
0.0092597484588623),(0.68833984741211,3.47085300537109,0.00439338684082032),
(0.68833984741211,3.47571979614258,0.00114178657531738),(0.68833984741211,
3.48146015258789,0.),(0.68833984741211,3.50145984741211,0.),(0.68833984741211,
3.50720020385742,0.00114178657531738),(0.68833984741211,3.51206699462891,
0.00439338684082032),(0.68833984741211,3.51531787963867,0.0092597484588623),
(0.68833984741211,3.51646,0.0150000095367431),(0.68833984741211,3.51646,
0.0367169380187988),(0.689954990234369,3.51742969604492,0.0449507713317871),
(0.69001907714844,3.46542469116211,0.0451288223266602),(0.69152969726563,
3.44409977050781,0.0696767807006836),(0.692194980468751,3.53856464477539,
0.0696430206298828),(0.69222473510742,3.45818058105469,0.0596611022949219),
(0.69408020385742,3.46760212036133,0.0150000095367431),(0.69408020385742,
3.46760212036133,0.0367169380187988),(0.69408020385742,3.48146015258789,
0.00114178657531738),(0.69408020385742,3.50145984741211,0.00114178657531738),
(0.69408020385742,3.51531787963867,0.0150000095367431),(0.69408020385742,
3.51531787963867,0.0367169380187988),(0.69437317260742,3.46269718261719,
0.0529507160186768),(0.694525760498051,3.44415088745117,0.0803343296051025),
(0.695007175292971,3.46857944580078,0.0111747264862061),(0.695007175292971,
3.47763477416992,0.00211925506591797),(0.695007175292971,3.50528522583008,
0.00211925506591797),(0.695007175292971,3.51434055419922,0.0111747264862061),
(0.695840305175781,3.47227436157227,0.00581440925598145),(0.695840305175781,
3.51064563842773,0.00581440925598145),(0.6961019934082,3.52122837158204,
0.0550731658935547),(0.697474521484381,3.44526630493164,0.1),(0.697474521484381,
3.53765369506836,0.1),(0.697641605224609,3.5375796899414,0.0814622879028321),
(0.69832596191406,3.53548084350586,0.0691195487976074),(0.69894699462891,
3.47085300537109,0.0150000095367431),(0.69894699462891,3.47085376831055,
0.0367169380187988),(0.69894699462891,3.48146015258789,0.00439338684082031),
(0.69894699462891,3.50145984741211,0.00439338684082031),(0.69894699462891,
3.51206623168945,0.0367169380187988),(0.69894699462891,3.51206699462891,
0.0150000095367431),(0.699963229980471,3.5151774987793,0.0479739665985107),
(0.701138156738279,3.47423206420899,0.0120054721832275),(0.701138156738279,
3.47846561523438,0.00777230262756348),(0.701138156738279,3.50445438476563,
0.00777230262756348),(0.701138156738279,3.50868793579102,0.0120054721832275),
(0.70116867431641,3.44944797607422,0.0686079978942871),(0.702197879638671,
3.47571979614258,0.0150000095367431),(0.702197879638671,3.47571979614258,
0.0367169380187988),(0.702197879638671,3.4814601525879,0.0092597484588623),
(0.702197879638671,3.50145984741211,0.0092597484588623),(0.702197879638671,
3.50720020385742,0.0367169380187988),(0.702197879638671,3.50720020385743,
0.0150000095367431),(0.702985996093751,3.53188053222656,0.0680563926696777),
(0.703340000000001,3.46646,0.1),(0.703340000000001,3.48146015258789,0.0150000095367431),
(0.703340000000001,3.48146015258789,0.0367169380187988),(0.703340000000001,
3.50145984741211,0.0150000095367431),(0.703340000000001,3.50145984741211,
0.0367169380187988),(0.703340000000001,3.51646,0.1),(0.70361084350586,3.46811100097656,
0.0517638683319092),(0.703713840332031,3.50212055297851,0.0417937278747558),
(0.703882449951171,3.48051792236328,0.0427725791931153),(0.70458893188477,
3.45279346557617,0.067241096496582),(0.704765933837891,3.50379978271484,
0.0467288970947266),(0.705165714111329,3.52934986206055,0.0667915344238281),
(0.705372470703119,3.47817875,0.0485844612121582),(0.705782932128909,3.4545703515625,
0.0661141872406006),(0.70639099487305,3.45008579345703,0.0843626976013184),
(0.706506198730471,3.45633579345703,0.0646078109741211),(0.706506198730471,
3.52658420654297,0.0646078109741211),(0.707538455810551,3.46095615478516,
0.0608885765075684),(0.70757202514648,3.47457004638672,0.0540286064147949),
(0.70757202514648,3.50834995361328,0.0540286064147949),(0.707983249511721,
3.51872669311524,0.0589334011077881),(0.708146518554691,3.46641193481445,
0.0577857971191406),(0.70815796264648,3.5132991418457,0.0562948226928711),
(0.70859436401367,3.50875278564453,0.0558537006378174),(0.70949768432617,
3.47411075683594,0.0572606563568115),(0.709723514404301,3.50876270385742,
0.0575789451599121),(0.710590213623051,3.47448307128906,0.0587252616882324),
(0.71100830444336,3.50814930053711,0.059222412109375),(0.71199707397461,
3.47575183959961,0.0602998733520508),(0.71246017822266,3.50651203247071,
0.0607513904571533),(0.712953037109371,3.52749897094727,0.0862779140472412),
(0.71299576171875,3.47732349487305,0.0612391471862793),(0.713695377197271,
3.45610462280274,0.1),(0.713695377197271,3.52681537719727,0.1),(0.714231723632809,
3.4803516015625,0.0622173309326172),(0.714353031005861,3.50217472167969,
0.0623051166534424),(0.71555313476563,3.4866389855957,0.0631016731262207),
(0.715693515625,3.49486881347656,0.0631880760192871),(0.71774200805664,
3.46072116943359,0.0875561714172363),(0.72037720092773,3.47130695434571,
0.0736165046691895),(0.72355484375,3.51271625610352,0.0889904022216797),
(0.723680728759771,3.50261493774414,0.0748532772064209),(0.724533695068359,
3.47232547851563,0.1),(0.724533695068359,3.51059452148438,0.1),(0.725945133056639,
3.47629276367188,0.0895466327667236),(0.7281820715332,3.49485965820313,
0.0900501728057861),(0.72834,3.49146,0.1)));
#281=COORDINATES_LIST('',219,((0.628340000000001,3.24146,0.1),(0.628349918212891,
3.24146,0.0900776386260986),(0.629585117187501,3.23042713256836,0.0898022651672363),
(0.631101077880861,3.25782734008789,0.0894570827484131),(0.63214630493164,
3.22232547851563,0.1),(0.63214630493164,3.26059452148438,0.1),(0.63297790893555,
3.23031040283203,0.0748514175415039),(0.63308472045898,3.22020755859375,
0.0889927864074707),(0.636290592041021,3.26162296386719,0.0736165523529053),
(0.638479465332031,3.27163044067383,0.0876688480377197),(0.640981906738279,
3.23806110473633,0.0631848812103272),(0.641122287597661,3.24628940673828,
0.0630989551544189),(0.642320102539061,3.23075977416992,0.0623010635375977),
(0.642445224609379,3.25257297607422,0.0622149467468262),(0.64298462280274,
3.20610462280274,0.1),(0.64298462280274,3.27681537719727,0.1),(0.643680423583991,
3.25559879394531,0.0612366676330567),(0.64369034179687,3.20542713256836,
0.0862794399261475),(0.644214481201171,3.22641864868164,0.0607479572296143),
(0.644678348388671,3.25716587158203,0.0602970123291016),(0.645670169677741,
3.22477069946289,0.0592211246490479),(0.646085208740241,3.25843082519531,
0.0587222576141358),(0.646955722656251,3.22416111083984,0.0575771331787109),
(0.64769424804688,3.25881382080078,0.0564825534820557),(0.648084110107419,
3.22417789550781,0.055850887298584),(0.64844040283203,3.28152805419922,
0.0849173069000244),(0.64852203735352,3.2196208581543,0.0562948226928711),
(0.648533481445311,3.26650806518555,0.0577857971191406),(0.64869675048828,
3.21419330688477,0.0589334011077881),(0.64910797485352,3.22457004638672,
0.0540286064147949),(0.64910797485352,3.25834995361328,0.0540286064147949),
(0.649141544189451,3.27196384521484,0.0608885765075684),(0.650173801269531,
3.20633579345703,0.0646078109741211),(0.650173801269531,3.27658420654297,
0.0646078109741211),(0.65089706787109,3.2783496484375,0.0661141872406006),
(0.65130752929688,3.25474125,0.0485844612121582),(0.65151428588867,3.20357013793945,
0.0667915344238281),(0.65189651855469,3.22910801025391,0.0466829299926758),
(0.65209106811524,3.28012653442383,0.067241096496582),(0.652797550048831,
3.25240207763672,0.0427725791931153),(0.65295929321289,3.23077274414063,
0.0417764186859131),(0.65306915649414,3.26480899902344,0.0517638206481934),
(0.653340000000001,3.21646,0.1),(0.653340000000001,3.23146015258789,0.0150000095367431),
(0.653340000000001,3.23146015258789,0.0367169380187988),(0.653340000000001,
3.25145984741211,0.0150000095367431),(0.653340000000001,3.25145984741211,
0.0367169380187988),(0.653340000000001,3.26646,0.1),(0.653694003906251,
3.20103946777344,0.0680563926696777),(0.654482120361331,3.22571979614258,
0.0150000095367431),(0.654482120361331,3.22571979614258,0.0367169380187988),
(0.654482120361331,3.23146015258789,0.0092597484588623),(0.654482120361331,
3.25145984741211,0.0092597484588623),(0.654482120361331,3.25720020385742,
0.0150000095367431),(0.654482120361331,3.25720020385742,0.0367169380187988),
(0.654991000976561,3.21618915649414,0.0517638206481934),(0.655349582519531,
3.22615696044922,0.00969667434692383),(0.655349582519531,3.25676303955078,
0.00969667434692383),(0.65551132568359,3.28347202392578,0.0686079978942871),
(0.65737442382813,3.20980182739258,0.0584373950958252),(0.65773300537109,
3.22085300537109,0.0150000095367431),(0.65773300537109,3.22085300537109,
0.0367169380187988),(0.65773300537109,3.23146015258789,0.00439338684082031),
(0.65773300537109,3.25145984741211,0.00439338684082031),(0.65773300537109,
3.26206699462891,0.0150000095367431),(0.65773300537109,3.26206699462891,
0.0367169380187988),(0.65835403808594,3.19743915649414,0.0691195487976074),
(0.6590170324707,3.28758274169922,0.0814646244049072),(0.65902695068359,
3.19533802124023,0.0814623832702637),(0.65920547851563,3.19526630493164,
0.1),(0.65920547851563,3.28765369506836,0.1),(0.661051029052741,3.22016483398438,
0.00834569931030273),(0.661051029052741,3.22480579467774,0.00370454788208008),
(0.661051029052741,3.25811420532227,0.00370454788208008),(0.661051029052741,
3.26275516601563,0.00834569931030273),(0.66230759033203,3.27022281738281,
0.0529506206512451),(0.662599796142579,3.21760212036133,0.0150000095367431),
(0.662599796142579,3.21760212036133,0.0367169380187988),(0.662599796142579,
3.23146015258789,0.00114178657531738),(0.662599796142579,3.25145984741211,
0.00114178657531738),(0.662599796142579,3.26531787963867,0.0150000095367431),
(0.662599796142579,3.26531787963867,0.0367169380187988),(0.66261429199219,
3.21288486572266,0.0525347709655762),(0.66267532714844,3.2175960168457,
0.0141632556915283),(0.66267532714844,3.23062320800781,0.00113601684570312),
(0.66267532714844,3.25229679199219,0.00113601684570312),(0.66267532714844,
3.2653239831543,0.0141632556915283),(0.66445526489258,3.27473941894531,
0.0596610069274902),(0.66448501953125,3.19435535522461,0.0696430206298828),
(0.66515030273438,3.28882022949219,0.0696767807006836),(0.666660922851561,
3.26749530883789,0.0451287746429443),(0.666746372070311,3.21547885986328,
0.0448994636535644),(0.66834015258789,3.21646,0.0150000095367431),(0.66834015258789,
3.21646,0.0367169380187988),(0.66834015258789,3.21760212036133,0.0092597484588623),
(0.66834015258789,3.22085300537109,0.00439338684082031),(0.66834015258789,
3.22571979614258,0.00114178657531738),(0.66834015258789,3.23146015258789,
0.),(0.66834015258789,3.25145984741211,0.),(0.66834015258789,3.25720020385742,
0.00114178657531738),(0.66834015258789,3.26206699462891,0.00439338684082031),
(0.66834015258789,3.26531787963867,0.0092597484588623),(0.66834015258789,
3.26646,0.0150000095367431),(0.66834015258789,3.26646,0.0367169380187988),
(0.669177097167971,3.29061771484375,0.0775390148162842),(0.67109436401367,
3.19238620849609,0.0698716640472412),(0.67364563354492,3.20759388061523,
0.0598084449768067),(0.67833618530273,3.19145084472656,0.0733153343200684),
(0.67833771118164,3.29146610351563,0.0733145236968994),(0.678340000000001,
3.19146,0.1),(0.678340000000001,3.19154392333984,0.0699748516082764),(0.678340000000001,
3.29137607666016,0.0699748516082764),(0.678340000000001,3.29146,0.1),(0.683034366455079,
3.27532611938477,0.0598084926605225),(0.68558563598633,3.29053379150391,
0.0698716640472412),(0.686048740234381,3.19204670043945,0.0769251346588135),
(0.68833984741211,3.21646,0.0150000095367431),(0.68833984741211,3.21646,
0.0367169380187988),(0.68833984741211,3.21760212036133,0.0092597484588623),
(0.68833984741211,3.22085300537109,0.00439338684082032),(0.68833984741211,
3.22571979614258,0.00114178657531738),(0.68833984741211,3.23146015258789,
0.),(0.68833984741211,3.25145984741211,0.),(0.68833984741211,3.25720020385742,
0.00114178657531738),(0.68833984741211,3.26206699462891,0.00439338684082032),
(0.68833984741211,3.26531787963867,0.0092597484588623),(0.68833984741211,
3.26646,0.0150000095367431),(0.68833984741211,3.26646,0.0367169380187988),
(0.689933627929691,3.26744114013672,0.0448994636535644),(0.69001907714844,
3.21542469116211,0.0451287746429443),(0.69152969726563,3.19409977050781,
0.0696767807006836),(0.692194980468751,3.28856464477539,0.0696430206298828),
(0.69222473510742,3.20818058105469,0.0596609592437744),(0.69406570800781,
3.27003513427734,0.052534818649292),(0.69408020385742,3.21760212036133,
0.0150000095367431),(0.69408020385742,3.21760212036133,0.0367169380187988),
(0.69408020385742,3.23146015258789,0.00114178657531738),(0.69408020385742,
3.25145984741211,0.00114178657531738),(0.69408020385742,3.26531787963867,
0.0150000095367431),(0.69408020385742,3.26531787963867,0.0367169380187988),
(0.69437240966797,3.21269718261719,0.0529506206512451),(0.694521945800781,
3.19414936157227,0.0803329944610596),(0.695007175292971,3.21857944580078,
0.0111747264862061),(0.695007175292971,3.22763477416992,0.00211925506591797),
(0.695007175292971,3.25528522583008,0.00211925506591797),(0.695007175292971,
3.26434055419922,0.0111747264862061),(0.695840305175781,3.22227436157227,
0.00581440925598145),(0.695840305175781,3.26064563842773,0.00581440925598145),
(0.697474521484381,3.19526630493164,0.1),(0.697474521484381,3.28765369506836,
0.1),(0.69764084228516,3.28757892700195,0.0814624309539795),(0.69832596191406,
3.28548084350586,0.0691195487976074),(0.69894699462891,3.22085300537109,
0.0150000095367431),(0.69894699462891,3.22085300537109,0.0367169380187988),
(0.69894699462891,3.23146015258789,0.00439338684082031),(0.69894699462891,
3.25145984741211,0.00439338684082031),(0.69894699462891,3.26206699462891,
0.0150000095367431),(0.69894699462891,3.26206699462891,0.0367169380187988),
(0.69930557617188,3.27311817260742,0.058437442779541),(0.701138156738279,
3.22423206420899,0.0120054721832275),(0.701138156738279,3.22846561523438,
0.00777230262756348),(0.701138156738279,3.25445438476563,0.00777230262756348),
(0.701138156738279,3.25868793579102,0.0120054721832275),(0.70116867431641,
3.19944797607422,0.0686079978942871),(0.701688999023441,3.26673084350586,
0.0517638206481934),(0.702197879638671,3.22571979614258,0.0150000095367431),
(0.702197879638671,3.22571979614258,0.0367169380187988),(0.702197879638671,
3.23146015258789,0.0092597484588623),(0.702197879638671,3.25145984741211,
0.0092597484588623),(0.702197879638671,3.25720020385742,0.0150000095367431),
(0.702197879638671,3.25720020385742,0.0367169380187988),(0.702985996093751,
3.28188053222656,0.0680563926696777),(0.703340000000001,3.21646,0.1),(0.703340000000001,
3.23146015258789,0.0150000095367431),(0.703340000000001,3.23146015258789,
0.0367169380187988),(0.703340000000001,3.25145984741211,0.0150000095367431),
(0.703340000000001,3.25145984741211,0.0367169380187988),(0.703340000000001,
3.26646,0.1),(0.70361084350586,3.21811100097656,0.0517638206481934),(0.70372070678711,
3.25214725585938,0.0417764186859131),(0.703882449951171,3.23051792236328,
0.0427725791931153),(0.70458893188477,3.20279346557617,0.067241096496582),
(0.70478348144531,3.25381198974609,0.0466829299926758),(0.705165714111329,
3.27934986206055,0.0667915344238281),(0.705372470703119,3.22817875,0.0485844612121582),
(0.705782932128909,3.2045703515625,0.0661141872406006),(0.70638718017578,
3.20008350463867,0.0843617439270019),(0.706506198730471,3.20633579345703,
0.0646078109741211),(0.706506198730471,3.27658420654297,0.0646078109741211),
(0.707538455810551,3.21095615478516,0.0608885765075684),(0.70757202514648,
3.22457004638672,0.0540286064147949),(0.70757202514648,3.25834995361328,
0.0540286064147949),(0.707983249511721,3.26872669311524,0.0589334011077881),
(0.708146518554691,3.21641193481445,0.0577857971191406),(0.70815796264648,
3.2632991418457,0.0562948226928711),(0.70859436401367,3.25875278564453,
0.0558537006378174),(0.70949768432617,3.22411075683594,0.0572606563568115),
(0.709723514404301,3.25876270385742,0.0575789928436279),(0.710590213623051,
3.22448307128906,0.0587253570556641),(0.71100830444336,3.25814930053711,
0.0592224597930908),(0.71199707397461,3.22575183959961,0.0602999687194824),
(0.712459415283201,3.2565120324707,0.0607514381408691),(0.712953800048831,
3.27749820800781,0.0862781524658203),(0.71299576171875,3.22732349487305,
0.0612391948699951),(0.713695377197271,3.20610462280274,0.1),(0.713695377197271,
3.27681537719727,0.1),(0.714231723632809,3.2303516015625,0.0622174263000488),
(0.714353031005861,3.25217395874024,0.0623051643371582),(0.71555313476563,
3.2366389855957,0.0631017684936523),(0.715693515625,3.24486881347656,0.0631881713867188),
(0.71773895629883,3.21071811767578,0.0875555515289307),(0.72037567504883,
3.22130771728516,0.0736170768737793),(0.72355484375,3.26271396728516,0.088990592956543),
(0.72367920288086,3.25261493774414,0.0748538494110107),(0.724533695068359,
3.22232547851563,0.1),(0.724533695068359,3.26059452148438,0.1),(0.725943607177731,
3.22628971191406,0.0895463466644287),(0.728181308593749,3.24485660644531,
0.0900501728057861),(0.72834,3.24146,0.1)));
#282=COORDINATES_LIST('',120,((0.578340000000001,3.14146,0.1),(0.578340000000001,
3.14146,0.270000004768371),(0.578340000000001,4.59146,0.1),(0.578340000000001,
4.59146,0.270000004768371),(0.653340000000001,3.21646,0.1),(0.653340000000001,
3.21646,0.270000004768371),(0.653340000000001,3.26646,0.1),(0.653340000000001,
3.26646,0.270000004768371),(0.653340000000001,3.46646,0.1),(0.653340000000001,
3.46646,0.270000004768371),(0.653340000000001,3.51646,0.1),(0.653340000000001,
3.51646,0.270000004768371),(0.653340000000001,3.71646,0.1),(0.653340000000001,
3.71646,0.270000004768371),(0.653340000000001,3.76646,0.1),(0.653340000000001,
3.76646,0.270000004768371),(0.653340000000001,3.96646,0.1),(0.653340000000001,
3.96646,0.270000004768371),(0.653340000000001,4.01646,0.1),(0.653340000000001,
4.01646,0.270000004768371),(0.653340000000001,4.21646,0.1),(0.653340000000001,
4.21646,0.270000004768371),(0.653340000000001,4.26646,0.1),(0.653340000000001,
4.26646,0.270000004768371),(0.653340000000001,4.46646,0.1),(0.653340000000001,
4.46646,0.270000004768371),(0.653340000000001,4.51646,0.1),(0.653340000000001,
4.51646,0.270000004768371),(0.703340000000001,3.21646,0.1),(0.703340000000001,
3.21646,0.270000004768371),(0.703340000000001,3.26646,0.1),(0.703340000000001,
3.26646,0.270000004768371),(0.703340000000001,3.46646,0.1),(0.703340000000001,
3.46646,0.270000004768371),(0.703340000000001,3.51646,0.1),(0.703340000000001,
3.51646,0.270000004768371),(0.703340000000001,3.71646,0.1),(0.703340000000001,
3.71646,0.270000004768371),(0.703340000000001,3.76646,0.1),(0.703340000000001,
3.76646,0.270000004768371),(0.703340000000001,3.96646,0.1),(0.703340000000001,
3.96646,0.270000004768371),(0.703340000000001,4.01646,0.1),(0.703340000000001,
4.01646,0.270000004768371),(0.703340000000001,4.21646,0.1),(0.703340000000001,
4.21646,0.270000004768371),(0.703340000000001,4.26646,0.1),(0.703340000000001,
4.26646,0.270000004768371),(0.703340000000001,4.46646,0.1),(0.703340000000001,
4.46646,0.270000004768371),(0.703340000000001,4.51646,0.1),(0.703340000000001,
4.51646,0.270000004768371),(1.27834,3.34146,0.1),(1.27834,3.34146,0.270000004768371),
(1.27834,4.34146,0.1),(1.27834,4.34146,0.270000004768371),(1.28975815185547,
3.28405719848633,0.1),(1.28975815185547,3.28405719848633,0.270000004768371),
(1.28975815185547,3.39886280151367,0.270000004768371),(1.28975815185547,
3.39886280151368,0.1),(1.28975815185547,4.28405719848633,0.1),(1.28975815185547,
4.28405719848633,0.270000004768371),(1.28975815185547,4.39886280151367,
0.1),(1.28975815185547,4.39886280151367,0.270000004768371),(1.3222738684082,
3.2353938684082,0.1),(1.3222738684082,3.2353938684082,0.270000004768371),
(1.3222738684082,3.4475261315918,0.1),(1.3222738684082,3.4475261315918,
0.270000004768371),(1.3222738684082,4.23539386840821,0.1),(1.3222738684082,
4.23539386840821,0.270000004768371),(1.3222738684082,4.4475261315918,0.1),
(1.3222738684082,4.4475261315918,0.270000004768371),(1.37093719848633,3.20287815185547,
0.1),(1.37093719848633,3.20287815185547,0.270000004768371),(1.37093719848633,
3.48004184814453,0.1),(1.37093719848633,3.48004184814453,0.270000004768371),
(1.37093719848633,4.20287815185547,0.1),(1.37093719848633,4.20287815185547,
0.270000004768371),(1.37093719848633,4.48004184814453,0.1),(1.37093719848633,
4.48004184814453,0.270000004768371),(1.42834,3.19146,0.1),(1.42834,3.19146,
0.270000004768371),(1.42834,3.49146,0.1),(1.42834,3.49146,0.270000004768371),
(1.42834,4.19146,0.1),(1.42834,4.19146,0.270000004768371),(1.42834,4.49146,
0.1),(1.42834,4.49146,0.270000004768371),(1.48574280151367,3.20287815185547,
0.1),(1.48574280151367,3.20287815185547,0.270000004768371),(1.48574280151367,
3.48004184814453,0.1),(1.48574280151367,3.48004184814453,0.270000004768371),
(1.48574280151367,4.20287815185547,0.1),(1.48574280151367,4.20287815185547,
0.270000004768371),(1.48574280151367,4.48004184814453,0.1),(1.48574280151367,
4.48004184814453,0.270000004768371),(1.5344061315918,3.2353938684082,0.1),
(1.5344061315918,3.2353938684082,0.270000004768371),(1.5344061315918,3.4475261315918,
0.1),(1.5344061315918,3.4475261315918,0.270000004768371),(1.5344061315918,
4.23539386840821,0.1),(1.5344061315918,4.23539386840821,0.270000004768371),
(1.5344061315918,4.4475261315918,0.1),(1.5344061315918,4.4475261315918,
0.270000004768371),(1.56692184814453,3.28405719848633,0.1),(1.56692184814453,
3.28405719848633,0.270000004768371),(1.56692184814453,3.39886280151367,
0.270000004768371),(1.56692184814453,3.39886280151368,0.1),(1.56692184814453,
4.28405719848633,0.1),(1.56692184814453,4.28405719848633,0.270000004768371),
(1.56692184814453,4.39886280151367,0.1),(1.56692184814453,4.39886280151367,
0.270000004768371),(1.57834,3.34146,0.1),(1.57834,3.34146,0.270000004768371),
(1.57834,4.34146,0.1),(1.57834,4.34146,0.270000004768371),(1.67834,3.14146,
0.1),(1.67834,3.14146,0.270000004768371),(1.67834,4.59146,0.1),(1.67834,
4.59146,0.270000004768371)));
#283=COORDINATES_LIST('',4,((0.56333984741211,4.36646,0.270000004768371),
(0.56333984741211,4.36646,0.459999990463257),(0.79334015258789,4.36646,
0.270000004768371),(0.79334015258789,4.36646,0.459999990463257)));
#284=COORDINATES_LIST('',4,((0.56333984741211,4.36646,0.270000004768371),
(0.56333984741211,4.36646,0.459999990463257),(0.79334015258789,4.36646,
0.270000004768371),(0.79334015258789,4.36646,0.459999990463257)));
#285=COORDINATES_LIST('',4,((0.56333984741211,4.11646,0.270000004768371),
(0.56333984741211,4.11646,0.459999990463257),(0.79334015258789,4.11646,
0.270000004768371),(0.79334015258789,4.11646,0.459999990463257)));
#286=COORDINATES_LIST('',4,((0.56333984741211,4.11646,0.270000004768371),
(0.56333984741211,4.11646,0.459999990463257),(0.79334015258789,4.11646,
0.270000004768371),(0.79334015258789,4.11646,0.459999990463257)));
#287=COORDINATES_LIST('',4,((0.56333984741211,3.86646,0.270000004768371),
(0.56333984741211,3.86646,0.459999990463257),(0.79334015258789,3.86646,
0.270000004768371),(0.79334015258789,3.86646,0.459999990463257)));
#288=COORDINATES_LIST('',4,((0.56333984741211,3.86646,0.270000004768371),
(0.56333984741211,3.86646,0.459999990463257),(0.79334015258789,3.86646,
0.270000004768371),(0.79334015258789,3.86646,0.459999990463257)));
#289=COORDINATES_LIST('',4,((0.56333984741211,3.61646,0.270000004768371),
(0.56333984741211,3.61646,0.459999990463257),(0.79334015258789,3.61646,
0.270000004768371),(0.79334015258789,3.61646,0.459999990463257)));
#290=COORDINATES_LIST('',4,((0.56333984741211,3.61646,0.270000004768371),
(0.56333984741211,3.61646,0.459999990463257),(0.79334015258789,3.61646,
0.270000004768371),(0.79334015258789,3.61646,0.459999990463257)));
#291=COORDINATES_LIST('',4,((0.56333984741211,3.36646,0.270000004768371),
(0.56333984741211,3.36646,0.459999990463257),(0.79334015258789,3.36646,
0.270000004768371),(0.79334015258789,3.36646,0.459999990463257)));
#292=COORDINATES_LIST('',4,((0.56333984741211,3.36646,0.270000004768371),
(0.56333984741211,3.36646,0.459999990463257),(0.79334015258789,3.36646,
0.270000004768371),(0.79334015258789,3.36646,0.459999990463257)));
#293=COORDINATES_LIST('',34,((0.553340000000001,4.37645984741211,0.279999995231629),
(0.553340000000001,4.37645984741211,0.459999990463257),(0.553340000000001,
4.58146015258789,0.279999995231629),(0.553340000000001,4.58146015258789,
0.459999990463257),(0.56333984741211,4.36646,0.270000004768371),(0.56333984741211,
4.36646,0.459999990463257),(0.56333984741211,4.37645984741211,0.469999980926514),
(0.56333984741211,4.58146015258789,0.270000004768371),(0.56333984741211,
4.58146015258789,0.469999980926514),(0.56333984741211,4.59146,0.279999995231629),
(0.56333984741211,4.59146,0.459999990463257),(0.64334015258789,4.45646015258789,
0.469999980926514),(0.64334015258789,4.52645984741211,0.469999980926514),
(0.653340000000001,4.46646,0.270000004768371),(0.653340000000001,4.46646,
0.459999990463257),(0.653340000000001,4.51646,0.270000004768371),(0.653340000000001,
4.51646,0.459999990463257),(0.703340000000001,4.46646,0.270000004768371),
(0.703340000000001,4.46646,0.459999990463257),(0.703340000000001,4.51646,
0.270000004768371),(0.703340000000001,4.51646,0.459999990463257),(0.71333984741211,
4.45646015258789,0.469999980926514),(0.71333984741211,4.52645984741211,
0.469999980926514),(0.79334015258789,4.36646,0.270000004768371),(0.79334015258789,
4.36646,0.459999990463257),(0.79334015258789,4.37645984741211,0.469999980926514),
(0.79334015258789,4.58146015258789,0.270000004768371),(0.79334015258789,
4.58146015258789,0.469999980926514),(0.79334015258789,4.59146,0.279999995231629),
(0.79334015258789,4.59146,0.459999990463257),(0.80334,4.37645984741211,
0.279999995231629),(0.80334,4.37645984741211,0.459999990463257),(0.80334,
4.58146015258789,0.279999995231629),(0.80334,4.58146015258789,0.459999990463257)));
#294=COORDINATES_LIST('',32,((0.553340000000001,4.12645984741211,0.279999995231629),
(0.553340000000001,4.12645984741211,0.459999990463257),(0.553340000000001,
4.35646015258789,0.279999995231629),(0.553340000000001,4.35646015258789,
0.459999990463257),(0.56333984741211,4.11646,0.270000004768371),(0.56333984741211,
4.11646,0.459999990463257),(0.56333984741211,4.12645984741211,0.469999980926514),
(0.56333984741211,4.35646015258789,0.469999980926514),(0.56333984741211,
4.36646,0.270000004768371),(0.56333984741211,4.36646,0.459999990463257),
(0.64334015258789,4.20646015258789,0.469999980926514),(0.64334015258789,
4.27645984741211,0.469999980926514),(0.653340000000001,4.21646,0.270000004768371),
(0.653340000000001,4.21646,0.459999990463257),(0.653340000000001,4.26646,
0.270000004768371),(0.653340000000001,4.26646,0.459999990463257),(0.703340000000001,
4.21646,0.270000004768371),(0.703340000000001,4.21646,0.459999990463257),
(0.703340000000001,4.26646,0.270000004768371),(0.703340000000001,4.26646,
0.459999990463257),(0.71333984741211,4.20646015258789,0.469999980926514),
(0.71333984741211,4.27645984741211,0.469999980926514),(0.79334015258789,
4.11646,0.270000004768371),(0.79334015258789,4.11646,0.459999990463257),
(0.79334015258789,4.12645984741211,0.469999980926514),(0.79334015258789,
4.35646015258789,0.469999980926514),(0.79334015258789,4.36646,0.270000004768371),
(0.79334015258789,4.36646,0.459999990463257),(0.80334,4.12645984741211,
0.279999995231629),(0.80334,4.12645984741211,0.459999990463257),(0.80334,
4.35646015258789,0.279999995231629),(0.80334,4.35646015258789,0.459999990463257)));
#295=COORDINATES_LIST('',32,((0.553340000000001,3.87645984741211,0.279999995231629),
(0.553340000000001,3.87645984741211,0.459999990463257),(0.553340000000001,
4.10646015258789,0.279999995231629),(0.553340000000001,4.10646015258789,
0.459999990463257),(0.56333984741211,3.86646,0.270000004768371),(0.56333984741211,
3.86646,0.459999990463257),(0.56333984741211,3.87645984741211,0.469999980926514),
(0.56333984741211,4.10646015258789,0.469999980926514),(0.56333984741211,
4.11646,0.270000004768371),(0.56333984741211,4.11646,0.459999990463257),
(0.64334015258789,3.95646015258789,0.469999980926514),(0.64334015258789,
4.02645984741211,0.469999980926514),(0.653340000000001,3.96646,0.270000004768371),
(0.653340000000001,3.96646,0.459999990463257),(0.653340000000001,4.01646,
0.270000004768371),(0.653340000000001,4.01646,0.459999990463257),(0.703340000000001,
3.96646,0.270000004768371),(0.703340000000001,3.96646,0.459999990463257),
(0.703340000000001,4.01646,0.270000004768371),(0.703340000000001,4.01646,
0.459999990463257),(0.71333984741211,3.95646015258789,0.469999980926514),
(0.71333984741211,4.02645984741211,0.469999980926514),(0.79334015258789,
3.86646,0.270000004768371),(0.79334015258789,3.86646,0.459999990463257),
(0.79334015258789,3.87645984741211,0.469999980926514),(0.79334015258789,
4.10646015258789,0.469999980926514),(0.79334015258789,4.11646,0.270000004768371),
(0.79334015258789,4.11646,0.459999990463257),(0.80334,3.87645984741211,
0.279999995231629),(0.80334,3.87645984741211,0.459999990463257),(0.80334,
4.10646015258789,0.279999995231629),(0.80334,4.10646015258789,0.459999990463257)));
#296=COORDINATES_LIST('',32,((0.553340000000001,3.62645984741211,0.279999995231629),
(0.553340000000001,3.62645984741211,0.459999990463257),(0.553340000000001,
3.85646015258789,0.279999995231629),(0.553340000000001,3.85646015258789,
0.459999990463257),(0.56333984741211,3.61646,0.270000004768371),(0.56333984741211,
3.61646,0.459999990463257),(0.56333984741211,3.62645984741211,0.469999980926514),
(0.56333984741211,3.85646015258789,0.469999980926514),(0.56333984741211,
3.86646,0.270000004768371),(0.56333984741211,3.86646,0.459999990463257),
(0.64334015258789,3.70646015258789,0.469999980926514),(0.64334015258789,
3.77645984741211,0.469999980926514),(0.653340000000001,3.71646,0.270000004768371),
(0.653340000000001,3.71646,0.459999990463257),(0.653340000000001,3.76646,
0.270000004768371),(0.653340000000001,3.76646,0.459999990463257),(0.703340000000001,
3.71646,0.270000004768371),(0.703340000000001,3.71646,0.459999990463257),
(0.703340000000001,3.76646,0.270000004768371),(0.703340000000001,3.76646,
0.459999990463257),(0.71333984741211,3.70646015258789,0.469999980926514),
(0.71333984741211,3.77645984741211,0.469999980926514),(0.79334015258789,
3.61646,0.270000004768371),(0.79334015258789,3.61646,0.459999990463257),
(0.79334015258789,3.62645984741211,0.469999980926514),(0.79334015258789,
3.85646015258789,0.469999980926514),(0.79334015258789,3.86646,0.270000004768371),
(0.79334015258789,3.86646,0.459999990463257),(0.80334,3.62645984741211,
0.279999995231629),(0.80334,3.62645984741211,0.459999990463257),(0.80334,
3.85646015258789,0.279999995231629),(0.80334,3.85646015258789,0.459999990463257)));
#297=COORDINATES_LIST('',32,((0.553340000000001,3.37645984741211,0.279999995231629),
(0.553340000000001,3.37645984741211,0.459999990463257),(0.553340000000001,
3.60646015258789,0.279999995231629),(0.553340000000001,3.60646015258789,
0.459999990463257),(0.56333984741211,3.36646,0.270000004768371),(0.56333984741211,
3.36646,0.459999990463257),(0.56333984741211,3.37645984741211,0.469999980926514),
(0.56333984741211,3.60646015258789,0.469999980926514),(0.56333984741211,
3.61646,0.270000004768371),(0.56333984741211,3.61646,0.459999990463257),
(0.64334015258789,3.45646015258789,0.469999980926514),(0.64334015258789,
3.52645984741211,0.469999980926514),(0.653340000000001,3.46646,0.270000004768371),
(0.653340000000001,3.46646,0.459999990463257),(0.653340000000001,3.51646,
0.270000004768371),(0.653340000000001,3.51646,0.459999990463257),(0.703340000000001,
3.46646,0.270000004768371),(0.703340000000001,3.46646,0.459999990463257),
(0.703340000000001,3.51646,0.270000004768371),(0.703340000000001,3.51646,
0.459999990463257),(0.71333984741211,3.45646015258789,0.469999980926514),
(0.71333984741211,3.52645984741211,0.469999980926514),(0.79334015258789,
3.36646,0.270000004768371),(0.79334015258789,3.36646,0.459999990463257),
(0.79334015258789,3.37645984741211,0.469999980926514),(0.79334015258789,
3.60646015258789,0.469999980926514),(0.79334015258789,3.61646,0.270000004768371),
(0.79334015258789,3.61646,0.459999990463257),(0.80334,3.37645984741211,
0.279999995231629),(0.80334,3.37645984741211,0.459999990463257),(0.80334,
3.60646015258789,0.279999995231629),(0.80334,3.60646015258789,0.459999990463257)));
#298=TESSELLATED_SHELL('ConvergentBody',(#106),$);
#299=TESSELLATED_SHELL('ConvergentBody',(#107),$);
#300=TESSELLATED_SHELL('ConvergentBody',(#108),$);
#301=TESSELLATED_SHELL('ConvergentBody',(#109),$);
#302=TESSELLATED_SHELL('ConvergentBody',(#110),$);
#303=TESSELLATED_SHELL('ConvergentBody',(#111),$);
#304=TESSELLATED_SHELL('ConvergentBody',(#112),$);
#305=TESSELLATED_SHELL('ConvergentBody',(#113),$);
#306=TESSELLATED_SHELL('ConvergentBody',(#114),$);
#307=TESSELLATED_SHELL('ConvergentBody',(#115),$);
#308=TESSELLATED_SHELL('ConvergentBody',(#116),$);
#309=TESSELLATED_SHELL('ConvergentBody',(#117),$);
#310=TESSELLATED_SHELL('ConvergentBody',(#118),$);
#311=TESSELLATED_SHELL('ConvergentBody',(#119),$);
#312=TESSELLATED_SHELL('ConvergentBody',(#120),$);
#313=TESSELLATED_SHELL('ConvergentBody',(#121),$);
#314=TESSELLATED_SHELL('ConvergentBody',(#122),$);
#315=TESSELLATED_SHELL('ConvergentBody',(#123),$);
#316=TESSELLATED_SHELL('ConvergentBody',(#124),$);
#317=TESSELLATED_SHELL('ConvergentBody',(#125),$);
#318=TESSELLATED_SHELL('ConvergentBody',(#126),$);
#319=TESSELLATED_SHELL('ConvergentBody',(#127),$);
#320=TESSELLATED_SHELL('ConvergentBody',(#128),$);
#321=TESSELLATED_SHELL('ConvergentBody',(#129),$);
#322=TESSELLATED_SHELL('ConvergentBody',(#130),$);
#323=TESSELLATED_SHELL('ConvergentBody',(#131),$);
#324=TESSELLATED_SHELL('ConvergentBody',(#132),$);
#325=TESSELLATED_SHELL('ConvergentBody',(#133),$);
#326=TESSELLATED_SHELL('ConvergentBody',(#134),$);
#327=TESSELLATED_SHELL('ConvergentBody',(#135),$);
#328=TESSELLATED_SHELL('ConvergentBody',(#136),$);
#329=TESSELLATED_SHELL('ConvergentBody',(#137),$);
#330=TESSELLATED_SHELL('ConvergentBody',(#138),$);
#331=TESSELLATED_SHELL('ConvergentBody',(#139),$);
#332=TESSELLATED_SHELL('ConvergentBody',(#140),$);
#333=TESSELLATED_SHELL('ConvergentBody',(#141),$);
#334=TESSELLATED_SHELL('ConvergentBody',(#142),$);
#335=TESSELLATED_SHELL('ConvergentBody',(#143),$);
#336=TESSELLATED_SHELL('ConvergentBody',(#144),$);
#337=TESSELLATED_SHELL('ConvergentBody',(#145),$);
#338=TESSELLATED_SHELL('ConvergentBody',(#146),$);
#339=TESSELLATED_SHELL('ConvergentBody',(#147),$);
#340=TESSELLATED_SHELL('ConvergentBody',(#148),$);
#341=TESSELLATED_SHELL('ConvergentBody',(#149),$);
#342=TESSELLATED_SHELL('ConvergentBody',(#150),$);
#343=TESSELLATED_SHELL('ConvergentBody',(#151),$);
#344=TESSELLATED_SHELL('ConvergentBody',(#152),$);
#345=TESSELLATED_SHELL('ConvergentBody',(#153),$);
#346=TESSELLATED_SHELL('ConvergentBody',(#154),$);
#347=TESSELLATED_SHELL('ConvergentBody',(#155),$);
#348=TESSELLATED_SHELL('ConvergentBody',(#156),$);
#349=TESSELLATED_SHELL('ConvergentBody',(#157),$);
#350=TESSELLATED_SHELL('ConvergentBody',(#158),$);
#351=TESSELLATED_SHELL('ConvergentBody',(#159),$);
#352=TESSELLATED_SHELL('ConvergentBody',(#160),$);
#353=TESSELLATED_SHELL('ConvergentBody',(#161),$);
#354=TESSELLATED_SHELL('ConvergentBody',(#162),$);
#355=TESSELLATED_SHELL('ConvergentBody',(#163),$);
#356=TESSELLATED_SHELL('ConvergentBody',(#164),$);
#357=TESSELLATED_SHELL('ConvergentBody',(#165),$);
#358=TESSELLATED_SHELL('ConvergentBody',(#166),$);
#359=TESSELLATED_SHELL('ConvergentBody',(#167),$);
#360=TESSELLATED_SHELL('ConvergentBody',(#168),$);
#361=TESSELLATED_SHELL('ConvergentBody',(#169),$);
#362=TESSELLATED_SHELL('ConvergentBody',(#170),$);
#363=TESSELLATED_SHELL('ConvergentBody',(#171),$);
#364=TESSELLATED_SHELL('ConvergentBody',(#172),$);
#365=TESSELLATED_SHELL('ConvergentBody',(#173),$);
#366=TESSELLATED_SHELL('ConvergentBody',(#174),$);
#367=TESSELLATED_SHELL('ConvergentBody',(#175),$);
#368=TESSELLATED_SHELL('ConvergentBody',(#176),$);
#369=TESSELLATED_SHELL('ConvergentBody',(#177),$);
#370=TESSELLATED_SHELL('ConvergentBody',(#178),$);
#371=TESSELLATED_SHELL('ConvergentBody',(#179),$);
#372=TESSELLATED_SHELL('ConvergentBody',(#180),$);
#373=TESSELLATED_SHELL('ConvergentBody',(#181),$);
#374=TESSELLATED_SHELL('ConvergentBody',(#182),$);
#375=TESSELLATED_SHELL('ConvergentBody',(#183),$);
#376=TESSELLATED_SHELL('ConvergentBody',(#184),$);
#377=TESSELLATED_SHELL('ConvergentBody',(#185),$);
#378=TESSELLATED_SHELL('ConvergentBody',(#186),$);
#379=TESSELLATED_SHELL('ConvergentBody',(#187),$);
#380=TESSELLATED_SHELL('ConvergentBody',(#188),$);
#381=TESSELLATED_SHELL('ConvergentBody',(#189),$);
#382=TESSELLATED_SHELL('ConvergentBody',(#190),$);
#383=TESSELLATED_SHELL('ConvergentBody',(#191),$);
#384=TESSELLATED_SHELL('ConvergentBody',(#192),$);
#385=TESSELLATED_SHELL('ConvergentBody',(#193),$);
#386=TESSELLATED_SHELL('ConvergentBody',(#194),$);
#387=TESSELLATED_SHELL('ConvergentBody',(#195),$);
#388=TESSELLATED_SHELL('ConvergentBody',(#196),$);
#389=TESSELLATED_SHELL('ConvergentBody',(#197),$);
#390=TESSELLATED_SHELL('ConvergentBody',(#198),$);
#391=TESSELLATED_SHELL('ConvergentBody',(#199),$);
#392=TESSELLATED_SHELL('ConvergentBody',(#200),$);
#393=TESSELLATED_SHELL('ConvergentBody',(#201),$);
#394=SHAPE_REPRESENTATION_RELATIONSHIP('','',#1319,#492);
#395=SHAPE_REPRESENTATION_RELATIONSHIP('','',#1320,#10);
#396=SHAPE_REPRESENTATION_RELATIONSHIP('','',#1321,#11);
#397=SHAPE_REPRESENTATION_RELATIONSHIP('','',#1322,#12);
#398=SHAPE_REPRESENTATION_RELATIONSHIP('','',#1323,#13);
#399=SHAPE_REPRESENTATION_RELATIONSHIP('','',#1324,#14);
#400=SHAPE_REPRESENTATION_RELATIONSHIP('','',#1325,#15);
#401=SHAPE_REPRESENTATION_RELATIONSHIP('','',#1326,#16);
#402=SHAPE_REPRESENTATION_RELATIONSHIP('','',#1327,#17);
#403=SHAPE_REPRESENTATION_RELATIONSHIP('','',#1328,#18);
#404=SHAPE_REPRESENTATION_RELATIONSHIP('','',#1329,#19);
#405=SHAPE_REPRESENTATION_RELATIONSHIP('','',#1330,#20);
#406=SHAPE_REPRESENTATION_RELATIONSHIP('','',#1331,#21);
#407=SHAPE_REPRESENTATION_RELATIONSHIP('','',#1332,#22);
#408=SHAPE_REPRESENTATION_RELATIONSHIP('','',#1333,#23);
#409=SHAPE_REPRESENTATION_RELATIONSHIP('','',#1334,#24);
#410=SHAPE_REPRESENTATION_RELATIONSHIP('','',#1335,#25);
#411=SHAPE_REPRESENTATION_RELATIONSHIP('','',#1336,#26);
#412=SHAPE_REPRESENTATION_RELATIONSHIP('','',#1337,#27);
#413=SHAPE_REPRESENTATION_RELATIONSHIP('','',#1338,#28);
#414=SHAPE_REPRESENTATION_RELATIONSHIP('','',#1339,#29);
#415=SHAPE_REPRESENTATION_RELATIONSHIP('','',#1340,#30);
#416=SHAPE_REPRESENTATION_RELATIONSHIP('','',#1341,#31);
#417=SHAPE_REPRESENTATION_RELATIONSHIP('','',#1342,#32);
#418=SHAPE_REPRESENTATION_RELATIONSHIP('','',#1343,#33);
#419=SHAPE_REPRESENTATION_RELATIONSHIP('','',#1344,#34);
#420=SHAPE_REPRESENTATION_RELATIONSHIP('','',#1345,#35);
#421=SHAPE_REPRESENTATION_RELATIONSHIP('','',#1346,#36);
#422=SHAPE_REPRESENTATION_RELATIONSHIP('','',#1347,#37);
#423=SHAPE_REPRESENTATION_RELATIONSHIP('','',#1348,#38);
#424=SHAPE_REPRESENTATION_RELATIONSHIP('','',#1349,#39);
#425=SHAPE_REPRESENTATION_RELATIONSHIP('','',#1350,#40);
#426=SHAPE_REPRESENTATION_RELATIONSHIP('','',#1351,#41);
#427=SHAPE_REPRESENTATION_RELATIONSHIP('','',#1352,#42);
#428=SHAPE_REPRESENTATION_RELATIONSHIP('','',#1353,#43);
#429=SHAPE_REPRESENTATION_RELATIONSHIP('','',#1354,#44);
#430=SHAPE_REPRESENTATION_RELATIONSHIP('','',#1355,#45);
#431=SHAPE_REPRESENTATION_RELATIONSHIP('','',#1356,#46);
#432=SHAPE_REPRESENTATION_RELATIONSHIP('','',#1357,#47);
#433=SHAPE_REPRESENTATION_RELATIONSHIP('','',#1358,#48);
#434=SHAPE_REPRESENTATION_RELATIONSHIP('','',#1359,#49);
#435=SHAPE_REPRESENTATION_RELATIONSHIP('','',#1360,#50);
#436=SHAPE_REPRESENTATION_RELATIONSHIP('','',#1361,#51);
#437=SHAPE_REPRESENTATION_RELATIONSHIP('','',#1362,#52);
#438=SHAPE_REPRESENTATION_RELATIONSHIP('','',#1363,#53);
#439=SHAPE_REPRESENTATION_RELATIONSHIP('','',#1364,#54);
#440=SHAPE_REPRESENTATION_RELATIONSHIP('','',#1365,#55);
#441=SHAPE_REPRESENTATION_RELATIONSHIP('','',#1366,#56);
#442=SHAPE_REPRESENTATION_RELATIONSHIP('','',#1367,#57);
#443=SHAPE_REPRESENTATION_RELATIONSHIP('','',#1368,#58);
#444=SHAPE_REPRESENTATION_RELATIONSHIP('','',#1369,#59);
#445=SHAPE_REPRESENTATION_RELATIONSHIP('','',#1370,#60);
#446=SHAPE_REPRESENTATION_RELATIONSHIP('','',#1371,#61);
#447=SHAPE_REPRESENTATION_RELATIONSHIP('','',#1372,#62);
#448=SHAPE_REPRESENTATION_RELATIONSHIP('','',#1373,#63);
#449=SHAPE_REPRESENTATION_RELATIONSHIP('','',#1374,#64);
#450=SHAPE_REPRESENTATION_RELATIONSHIP('','',#1375,#65);
#451=SHAPE_REPRESENTATION_RELATIONSHIP('','',#1376,#66);
#452=SHAPE_REPRESENTATION_RELATIONSHIP('','',#1377,#67);
#453=SHAPE_REPRESENTATION_RELATIONSHIP('','',#1378,#68);
#454=SHAPE_REPRESENTATION_RELATIONSHIP('','',#1379,#69);
#455=SHAPE_REPRESENTATION_RELATIONSHIP('','',#1380,#70);
#456=SHAPE_REPRESENTATION_RELATIONSHIP('','',#1381,#71);
#457=SHAPE_REPRESENTATION_RELATIONSHIP('','',#1382,#72);
#458=SHAPE_REPRESENTATION_RELATIONSHIP('','',#1383,#73);
#459=SHAPE_REPRESENTATION_RELATIONSHIP('','',#1384,#74);
#460=SHAPE_REPRESENTATION_RELATIONSHIP('','',#1385,#75);
#461=SHAPE_REPRESENTATION_RELATIONSHIP('','',#1386,#76);
#462=SHAPE_REPRESENTATION_RELATIONSHIP('','',#1387,#77);
#463=SHAPE_REPRESENTATION_RELATIONSHIP('','',#1388,#78);
#464=SHAPE_REPRESENTATION_RELATIONSHIP('','',#1389,#79);
#465=SHAPE_REPRESENTATION_RELATIONSHIP('','',#1390,#80);
#466=SHAPE_REPRESENTATION_RELATIONSHIP('','',#1391,#81);
#467=SHAPE_REPRESENTATION_RELATIONSHIP('','',#1392,#82);
#468=SHAPE_REPRESENTATION_RELATIONSHIP('','',#1393,#83);
#469=SHAPE_REPRESENTATION_RELATIONSHIP('','',#1394,#84);
#470=SHAPE_REPRESENTATION_RELATIONSHIP('','',#1395,#85);
#471=SHAPE_REPRESENTATION_RELATIONSHIP('','',#1396,#86);
#472=SHAPE_REPRESENTATION_RELATIONSHIP('','',#1397,#87);
#473=SHAPE_REPRESENTATION_RELATIONSHIP('','',#1398,#88);
#474=SHAPE_REPRESENTATION_RELATIONSHIP('','',#1399,#89);
#475=SHAPE_REPRESENTATION_RELATIONSHIP('','',#1400,#90);
#476=SHAPE_REPRESENTATION_RELATIONSHIP('','',#1401,#91);
#477=SHAPE_REPRESENTATION_RELATIONSHIP('','',#1402,#92);
#478=SHAPE_REPRESENTATION_RELATIONSHIP('','',#1403,#93);
#479=SHAPE_REPRESENTATION_RELATIONSHIP('','',#1404,#94);
#480=SHAPE_REPRESENTATION_RELATIONSHIP('','',#1405,#95);
#481=SHAPE_REPRESENTATION_RELATIONSHIP('','',#1406,#96);
#482=SHAPE_REPRESENTATION_RELATIONSHIP('','',#1407,#97);
#483=SHAPE_REPRESENTATION_RELATIONSHIP('','',#1408,#98);
#484=SHAPE_REPRESENTATION_RELATIONSHIP('','',#1409,#99);
#485=SHAPE_REPRESENTATION_RELATIONSHIP('','',#1410,#100);
#486=SHAPE_REPRESENTATION_RELATIONSHIP('','',#1411,#101);
#487=SHAPE_REPRESENTATION_RELATIONSHIP('','',#1412,#102);
#488=SHAPE_REPRESENTATION_RELATIONSHIP('','',#1413,#103);
#489=SHAPE_REPRESENTATION_RELATIONSHIP('','',#1414,#104);
#490=SHAPE_REPRESENTATION_RELATIONSHIP('','',#1415,#105);
#491=SHAPE_REPRESENTATION_RELATIONSHIP('','',#1416,#493);
#492=ADVANCED_BREP_SHAPE_REPRESENTATION('',(#1219),#2347);
#493=ADVANCED_BREP_SHAPE_REPRESENTATION('',(#1220),#2444);
#494=CYLINDRICAL_SURFACE('',#1430,0.141157967408397);
#495=CYLINDRICAL_SURFACE('',#1435,0.142641894187589);
#496=CYLINDRICAL_SURFACE('',#1443,0.0512189199857134);
#497=CYLINDRICAL_SURFACE('',#1444,0.0508731280596924);
#498=CYLINDRICAL_SURFACE('',#1556,0.141157967408397);
#499=CYLINDRICAL_SURFACE('',#1561,0.142641894187589);
#500=CYLINDRICAL_SURFACE('',#1569,0.0512189199857134);
#501=CYLINDRICAL_SURFACE('',#1570,0.0508731280596924);
#502=CIRCLE('',#1419,0.0508731280596924);
#503=CIRCLE('',#1420,0.0512189199857134);
#504=CIRCLE('',#1431,0.141157967408397);
#505=CIRCLE('',#1432,0.141157967408397);
#506=CIRCLE('',#1434,0.0508731280596924);
#507=CIRCLE('',#1436,0.142641894187589);
#508=CIRCLE('',#1437,0.142641894187589);
#509=CIRCLE('',#1439,0.0512189199857134);
#510=CIRCLE('',#1545,0.0508731280596924);
#511=CIRCLE('',#1546,0.0512189199857134);
#512=CIRCLE('',#1557,0.141157967408397);
#513=CIRCLE('',#1558,0.141157967408397);
#514=CIRCLE('',#1560,0.0508731280596924);
#515=CIRCLE('',#1562,0.142641894187589);
#516=CIRCLE('',#1563,0.142641894187589);
#517=CIRCLE('',#1565,0.0512189199857134);
#518=ORIENTED_EDGE('',*,*,#694,.F.);
#519=ORIENTED_EDGE('',*,*,#695,.T.);
#520=ORIENTED_EDGE('',*,*,#696,.T.);
#521=ORIENTED_EDGE('',*,*,#697,.F.);
#522=ORIENTED_EDGE('',*,*,#698,.F.);
#523=ORIENTED_EDGE('',*,*,#699,.F.);
#524=ORIENTED_EDGE('',*,*,#700,.F.);
#525=ORIENTED_EDGE('',*,*,#701,.T.);
#526=ORIENTED_EDGE('',*,*,#702,.T.);
#527=ORIENTED_EDGE('',*,*,#703,.F.);
#528=ORIENTED_EDGE('',*,*,#704,.T.);
#529=ORIENTED_EDGE('',*,*,#705,.T.);
#530=ORIENTED_EDGE('',*,*,#706,.F.);
#531=ORIENTED_EDGE('',*,*,#707,.F.);
#532=ORIENTED_EDGE('',*,*,#708,.F.);
#533=ORIENTED_EDGE('',*,*,#709,.T.);
#534=ORIENTED_EDGE('',*,*,#710,.T.);
#535=ORIENTED_EDGE('',*,*,#711,.F.);
#536=ORIENTED_EDGE('',*,*,#712,.F.);
#537=ORIENTED_EDGE('',*,*,#697,.T.);
#538=ORIENTED_EDGE('',*,*,#713,.T.);
#539=ORIENTED_EDGE('',*,*,#710,.F.);
#540=ORIENTED_EDGE('',*,*,#714,.F.);
#541=ORIENTED_EDGE('',*,*,#715,.T.);
#542=ORIENTED_EDGE('',*,*,#716,.T.);
#543=ORIENTED_EDGE('',*,*,#704,.F.);
#544=ORIENTED_EDGE('',*,*,#717,.F.);
#545=ORIENTED_EDGE('',*,*,#718,.F.);
#546=ORIENTED_EDGE('',*,*,#719,.T.);
#547=ORIENTED_EDGE('',*,*,#706,.T.);
#548=ORIENTED_EDGE('',*,*,#719,.F.);
#549=ORIENTED_EDGE('',*,*,#720,.F.);
#550=ORIENTED_EDGE('',*,*,#714,.T.);
#551=ORIENTED_EDGE('',*,*,#707,.T.);
#552=ORIENTED_EDGE('',*,*,#721,.F.);
#553=ORIENTED_EDGE('',*,*,#722,.F.);
#554=ORIENTED_EDGE('',*,*,#723,.T.);
#555=ORIENTED_EDGE('',*,*,#700,.T.);
#556=ORIENTED_EDGE('',*,*,#724,.T.);
#557=ORIENTED_EDGE('',*,*,#725,.T.);
#558=ORIENTED_EDGE('',*,*,#701,.F.);
#559=ORIENTED_EDGE('',*,*,#723,.F.);
#560=ORIENTED_EDGE('',*,*,#726,.T.);
#561=ORIENTED_EDGE('',*,*,#727,.T.);
#562=ORIENTED_EDGE('',*,*,#702,.F.);
#563=ORIENTED_EDGE('',*,*,#725,.F.);
#564=ORIENTED_EDGE('',*,*,#727,.F.);
#565=ORIENTED_EDGE('',*,*,#728,.F.);
#566=ORIENTED_EDGE('',*,*,#721,.T.);
#567=ORIENTED_EDGE('',*,*,#703,.T.);
#568=ORIENTED_EDGE('',*,*,#729,.F.);
#569=ORIENTED_EDGE('',*,*,#730,.T.);
#570=ORIENTED_EDGE('',*,*,#731,.F.);
#571=ORIENTED_EDGE('',*,*,#729,.T.);
#572=ORIENTED_EDGE('',*,*,#732,.F.);
#573=ORIENTED_EDGE('',*,*,#733,.T.);
#574=ORIENTED_EDGE('',*,*,#734,.F.);
#575=ORIENTED_EDGE('',*,*,#732,.T.);
#576=ORIENTED_EDGE('',*,*,#716,.F.);
#577=ORIENTED_EDGE('',*,*,#735,.T.);
#578=ORIENTED_EDGE('',*,*,#717,.T.);
#579=ORIENTED_EDGE('',*,*,#705,.F.);
#580=ORIENTED_EDGE('',*,*,#696,.F.);
#581=ORIENTED_EDGE('',*,*,#736,.T.);
#582=ORIENTED_EDGE('',*,*,#711,.T.);
#583=ORIENTED_EDGE('',*,*,#713,.F.);
#584=ORIENTED_EDGE('',*,*,#695,.F.);
#585=ORIENTED_EDGE('',*,*,#737,.T.);
#586=ORIENTED_EDGE('',*,*,#708,.T.);
#587=ORIENTED_EDGE('',*,*,#736,.F.);
#588=ORIENTED_EDGE('',*,*,#699,.T.);
#589=ORIENTED_EDGE('',*,*,#734,.T.);
#590=ORIENTED_EDGE('',*,*,#698,.T.);
#591=ORIENTED_EDGE('',*,*,#731,.T.);
#592=ORIENTED_EDGE('',*,*,#722,.T.);
#593=ORIENTED_EDGE('',*,*,#728,.T.);
#594=ORIENTED_EDGE('',*,*,#726,.F.);
#595=ORIENTED_EDGE('',*,*,#724,.F.);
#596=ORIENTED_EDGE('',*,*,#730,.F.);
#597=ORIENTED_EDGE('',*,*,#733,.F.);
#598=ORIENTED_EDGE('',*,*,#735,.F.);
#599=ORIENTED_EDGE('',*,*,#715,.F.);
#600=ORIENTED_EDGE('',*,*,#720,.T.);
#601=ORIENTED_EDGE('',*,*,#718,.T.);
#602=ORIENTED_EDGE('',*,*,#737,.F.);
#603=ORIENTED_EDGE('',*,*,#694,.T.);
#604=ORIENTED_EDGE('',*,*,#712,.T.);
#605=ORIENTED_EDGE('',*,*,#709,.F.);
#606=ORIENTED_EDGE('',*,*,#738,.F.);
#607=ORIENTED_EDGE('',*,*,#739,.T.);
#608=ORIENTED_EDGE('',*,*,#740,.T.);
#609=ORIENTED_EDGE('',*,*,#741,.F.);
#610=ORIENTED_EDGE('',*,*,#742,.F.);
#611=ORIENTED_EDGE('',*,*,#743,.F.);
#612=ORIENTED_EDGE('',*,*,#744,.F.);
#613=ORIENTED_EDGE('',*,*,#745,.T.);
#614=ORIENTED_EDGE('',*,*,#746,.T.);
#615=ORIENTED_EDGE('',*,*,#747,.F.);
#616=ORIENTED_EDGE('',*,*,#748,.T.);
#617=ORIENTED_EDGE('',*,*,#749,.T.);
#618=ORIENTED_EDGE('',*,*,#750,.F.);
#619=ORIENTED_EDGE('',*,*,#751,.F.);
#620=ORIENTED_EDGE('',*,*,#752,.F.);
#621=ORIENTED_EDGE('',*,*,#753,.T.);
#622=ORIENTED_EDGE('',*,*,#754,.T.);
#623=ORIENTED_EDGE('',*,*,#755,.F.);
#624=ORIENTED_EDGE('',*,*,#756,.F.);
#625=ORIENTED_EDGE('',*,*,#741,.T.);
#626=ORIENTED_EDGE('',*,*,#757,.T.);
#627=ORIENTED_EDGE('',*,*,#754,.F.);
#628=ORIENTED_EDGE('',*,*,#758,.F.);
#629=ORIENTED_EDGE('',*,*,#759,.T.);
#630=ORIENTED_EDGE('',*,*,#760,.T.);
#631=ORIENTED_EDGE('',*,*,#748,.F.);
#632=ORIENTED_EDGE('',*,*,#761,.F.);
#633=ORIENTED_EDGE('',*,*,#762,.F.);
#634=ORIENTED_EDGE('',*,*,#763,.T.);
#635=ORIENTED_EDGE('',*,*,#750,.T.);
#636=ORIENTED_EDGE('',*,*,#763,.F.);
#637=ORIENTED_EDGE('',*,*,#764,.F.);
#638=ORIENTED_EDGE('',*,*,#758,.T.);
#639=ORIENTED_EDGE('',*,*,#751,.T.);
#640=ORIENTED_EDGE('',*,*,#765,.F.);
#641=ORIENTED_EDGE('',*,*,#766,.F.);
#642=ORIENTED_EDGE('',*,*,#767,.T.);
#643=ORIENTED_EDGE('',*,*,#744,.T.);
#644=ORIENTED_EDGE('',*,*,#768,.T.);
#645=ORIENTED_EDGE('',*,*,#769,.T.);
#646=ORIENTED_EDGE('',*,*,#745,.F.);
#647=ORIENTED_EDGE('',*,*,#767,.F.);
#648=ORIENTED_EDGE('',*,*,#770,.T.);
#649=ORIENTED_EDGE('',*,*,#771,.T.);
#650=ORIENTED_EDGE('',*,*,#746,.F.);
#651=ORIENTED_EDGE('',*,*,#769,.F.);
#652=ORIENTED_EDGE('',*,*,#771,.F.);
#653=ORIENTED_EDGE('',*,*,#772,.F.);
#654=ORIENTED_EDGE('',*,*,#765,.T.);
#655=ORIENTED_EDGE('',*,*,#747,.T.);
#656=ORIENTED_EDGE('',*,*,#773,.F.);
#657=ORIENTED_EDGE('',*,*,#774,.T.);
#658=ORIENTED_EDGE('',*,*,#775,.F.);
#659=ORIENTED_EDGE('',*,*,#773,.T.);
#660=ORIENTED_EDGE('',*,*,#776,.F.);
#661=ORIENTED_EDGE('',*,*,#777,.T.);
#662=ORIENTED_EDGE('',*,*,#778,.F.);
#663=ORIENTED_EDGE('',*,*,#776,.T.);
#664=ORIENTED_EDGE('',*,*,#760,.F.);
#665=ORIENTED_EDGE('',*,*,#779,.T.);
#666=ORIENTED_EDGE('',*,*,#761,.T.);
#667=ORIENTED_EDGE('',*,*,#749,.F.);
#668=ORIENTED_EDGE('',*,*,#740,.F.);
#669=ORIENTED_EDGE('',*,*,#780,.T.);
#670=ORIENTED_EDGE('',*,*,#755,.T.);
#671=ORIENTED_EDGE('',*,*,#757,.F.);
#672=ORIENTED_EDGE('',*,*,#739,.F.);
#673=ORIENTED_EDGE('',*,*,#781,.T.);
#674=ORIENTED_EDGE('',*,*,#752,.T.);
#675=ORIENTED_EDGE('',*,*,#780,.F.);
#676=ORIENTED_EDGE('',*,*,#743,.T.);
#677=ORIENTED_EDGE('',*,*,#778,.T.);
#678=ORIENTED_EDGE('',*,*,#742,.T.);
#679=ORIENTED_EDGE('',*,*,#775,.T.);
#680=ORIENTED_EDGE('',*,*,#766,.T.);
#681=ORIENTED_EDGE('',*,*,#772,.T.);
#682=ORIENTED_EDGE('',*,*,#770,.F.);
#683=ORIENTED_EDGE('',*,*,#768,.F.);
#684=ORIENTED_EDGE('',*,*,#774,.F.);
#685=ORIENTED_EDGE('',*,*,#777,.F.);
#686=ORIENTED_EDGE('',*,*,#779,.F.);
#687=ORIENTED_EDGE('',*,*,#759,.F.);
#688=ORIENTED_EDGE('',*,*,#764,.T.);
#689=ORIENTED_EDGE('',*,*,#762,.T.);
#690=ORIENTED_EDGE('',*,*,#781,.F.);
#691=ORIENTED_EDGE('',*,*,#738,.T.);
#692=ORIENTED_EDGE('',*,*,#756,.T.);
#693=ORIENTED_EDGE('',*,*,#753,.F.);
#694=EDGE_CURVE('',#782,#783,#846,.T.);
#695=EDGE_CURVE('',#782,#784,#847,.T.);
#696=EDGE_CURVE('',#784,#785,#848,.T.);
#697=EDGE_CURVE('',#783,#785,#849,.T.);
#698=EDGE_CURVE('',#786,#786,#502,.T.);
#699=EDGE_CURVE('',#787,#787,#503,.T.);
#700=EDGE_CURVE('',#788,#789,#850,.T.);
#701=EDGE_CURVE('',#788,#790,#851,.T.);
#702=EDGE_CURVE('',#790,#791,#852,.T.);
#703=EDGE_CURVE('',#789,#791,#853,.T.);
#704=EDGE_CURVE('',#792,#793,#854,.T.);
#705=EDGE_CURVE('',#793,#794,#855,.T.);
#706=EDGE_CURVE('',#795,#794,#856,.T.);
#707=EDGE_CURVE('',#792,#795,#857,.T.);
#708=EDGE_CURVE('',#796,#797,#858,.T.);
#709=EDGE_CURVE('',#796,#798,#859,.T.);
#710=EDGE_CURVE('',#798,#799,#860,.T.);
#711=EDGE_CURVE('',#797,#799,#861,.T.);
#712=EDGE_CURVE('',#783,#798,#862,.T.);
#713=EDGE_CURVE('',#785,#799,#863,.T.);
#714=EDGE_CURVE('',#800,#792,#864,.T.);
#715=EDGE_CURVE('',#800,#801,#865,.T.);
#716=EDGE_CURVE('',#801,#793,#866,.T.);
#717=EDGE_CURVE('',#802,#794,#867,.T.);
#718=EDGE_CURVE('',#803,#802,#868,.T.);
#719=EDGE_CURVE('',#803,#795,#869,.T.);
#720=EDGE_CURVE('',#800,#803,#870,.T.);
#721=EDGE_CURVE('',#804,#789,#871,.T.);
#722=EDGE_CURVE('',#805,#804,#872,.T.);
#723=EDGE_CURVE('',#805,#788,#873,.T.);
#724=EDGE_CURVE('',#805,#806,#874,.T.);
#725=EDGE_CURVE('',#806,#790,#875,.T.);
#726=EDGE_CURVE('',#806,#807,#876,.T.);
#727=EDGE_CURVE('',#807,#791,#877,.T.);
#728=EDGE_CURVE('',#804,#807,#878,.T.);
#729=EDGE_CURVE('',#808,#808,#504,.T.);
#730=EDGE_CURVE('',#809,#809,#505,.F.);
#731=EDGE_CURVE('',#810,#810,#506,.T.);
#732=EDGE_CURVE('',#811,#811,#507,.T.);
#733=EDGE_CURVE('',#812,#812,#508,.F.);
#734=EDGE_CURVE('',#813,#813,#509,.T.);
#735=EDGE_CURVE('',#801,#802,#879,.T.);
#736=EDGE_CURVE('',#784,#797,#880,.T.);
#737=EDGE_CURVE('',#782,#796,#881,.T.);
#738=EDGE_CURVE('',#814,#815,#882,.T.);
#739=EDGE_CURVE('',#814,#816,#883,.T.);
#740=EDGE_CURVE('',#816,#817,#884,.T.);
#741=EDGE_CURVE('',#815,#817,#885,.T.);
#742=EDGE_CURVE('',#818,#818,#510,.T.);
#743=EDGE_CURVE('',#819,#819,#511,.T.);
#744=EDGE_CURVE('',#820,#821,#886,.T.);
#745=EDGE_CURVE('',#820,#822,#887,.T.);
#746=EDGE_CURVE('',#822,#823,#888,.T.);
#747=EDGE_CURVE('',#821,#823,#889,.T.);
#748=EDGE_CURVE('',#824,#825,#890,.T.);
#749=EDGE_CURVE('',#825,#826,#891,.T.);
#750=EDGE_CURVE('',#827,#826,#892,.T.);
#751=EDGE_CURVE('',#824,#827,#893,.T.);
#752=EDGE_CURVE('',#828,#829,#894,.T.);
#753=EDGE_CURVE('',#828,#830,#895,.T.);
#754=EDGE_CURVE('',#830,#831,#896,.T.);
#755=EDGE_CURVE('',#829,#831,#897,.T.);
#756=EDGE_CURVE('',#815,#830,#898,.T.);
#757=EDGE_CURVE('',#817,#831,#899,.T.);
#758=EDGE_CURVE('',#832,#824,#900,.T.);
#759=EDGE_CURVE('',#832,#833,#901,.T.);
#760=EDGE_CURVE('',#833,#825,#902,.T.);
#761=EDGE_CURVE('',#834,#826,#903,.T.);
#762=EDGE_CURVE('',#835,#834,#904,.T.);
#763=EDGE_CURVE('',#835,#827,#905,.T.);
#764=EDGE_CURVE('',#832,#835,#906,.T.);
#765=EDGE_CURVE('',#836,#821,#907,.T.);
#766=EDGE_CURVE('',#837,#836,#908,.T.);
#767=EDGE_CURVE('',#837,#820,#909,.T.);
#768=EDGE_CURVE('',#837,#838,#910,.T.);
#769=EDGE_CURVE('',#838,#822,#911,.T.);
#770=EDGE_CURVE('',#838,#839,#912,.T.);
#771=EDGE_CURVE('',#839,#823,#913,.T.);
#772=EDGE_CURVE('',#836,#839,#914,.T.);
#773=EDGE_CURVE('',#840,#840,#512,.T.);
#774=EDGE_CURVE('',#841,#841,#513,.F.);
#775=EDGE_CURVE('',#842,#842,#514,.T.);
#776=EDGE_CURVE('',#843,#843,#515,.T.);
#777=EDGE_CURVE('',#844,#844,#516,.F.);
#778=EDGE_CURVE('',#845,#845,#517,.T.);
#779=EDGE_CURVE('',#833,#834,#915,.T.);
#780=EDGE_CURVE('',#816,#829,#916,.T.);
#781=EDGE_CURVE('',#814,#828,#917,.T.);
#782=VERTEX_POINT('',#1960);
#783=VERTEX_POINT('',#1961);
#784=VERTEX_POINT('',#1963);
#785=VERTEX_POINT('',#1965);
#786=VERTEX_POINT('',#1968);
#787=VERTEX_POINT('',#1970);
#788=VERTEX_POINT('',#1972);
#789=VERTEX_POINT('',#1973);
#790=VERTEX_POINT('',#1975);
#791=VERTEX_POINT('',#1977);
#792=VERTEX_POINT('',#1981);
#793=VERTEX_POINT('',#1982);
#794=VERTEX_POINT('',#1984);
#795=VERTEX_POINT('',#1986);
#796=VERTEX_POINT('',#1989);
#797=VERTEX_POINT('',#1990);
#798=VERTEX_POINT('',#1992);
#799=VERTEX_POINT('',#1994);
#800=VERTEX_POINT('',#2001);
#801=VERTEX_POINT('',#2003);
#802=VERTEX_POINT('',#2007);
#803=VERTEX_POINT('',#2009);
#804=VERTEX_POINT('',#2015);
#805=VERTEX_POINT('',#2017);
#806=VERTEX_POINT('',#2021);
#807=VERTEX_POINT('',#2025);
#808=VERTEX_POINT('',#2031);
#809=VERTEX_POINT('',#2033);
#810=VERTEX_POINT('',#2036);
#811=VERTEX_POINT('',#2039);
#812=VERTEX_POINT('',#2041);
#813=VERTEX_POINT('',#2044);
#814=VERTEX_POINT('',#2154);
#815=VERTEX_POINT('',#2155);
#816=VERTEX_POINT('',#2157);
#817=VERTEX_POINT('',#2159);
#818=VERTEX_POINT('',#2162);
#819=VERTEX_POINT('',#2164);
#820=VERTEX_POINT('',#2166);
#821=VERTEX_POINT('',#2167);
#822=VERTEX_POINT('',#2169);
#823=VERTEX_POINT('',#2171);
#824=VERTEX_POINT('',#2175);
#825=VERTEX_POINT('',#2176);
#826=VERTEX_POINT('',#2178);
#827=VERTEX_POINT('',#2180);
#828=VERTEX_POINT('',#2183);
#829=VERTEX_POINT('',#2184);
#830=VERTEX_POINT('',#2186);
#831=VERTEX_POINT('',#2188);
#832=VERTEX_POINT('',#2195);
#833=VERTEX_POINT('',#2197);
#834=VERTEX_POINT('',#2201);
#835=VERTEX_POINT('',#2203);
#836=VERTEX_POINT('',#2209);
#837=VERTEX_POINT('',#2211);
#838=VERTEX_POINT('',#2215);
#839=VERTEX_POINT('',#2219);
#840=VERTEX_POINT('',#2225);
#841=VERTEX_POINT('',#2227);
#842=VERTEX_POINT('',#2230);
#843=VERTEX_POINT('',#2233);
#844=VERTEX_POINT('',#2235);
#845=VERTEX_POINT('',#2238);
#846=LINE('',#1959,#918);
#847=LINE('',#1962,#919);
#848=LINE('',#1964,#920);
#849=LINE('',#1966,#921);
#850=LINE('',#1971,#922);
#851=LINE('',#1974,#923);
#852=LINE('',#1976,#924);
#853=LINE('',#1978,#925);
#854=LINE('',#1980,#926);
#855=LINE('',#1983,#927);
#856=LINE('',#1985,#928);
#857=LINE('',#1987,#929);
#858=LINE('',#1988,#930);
#859=LINE('',#1991,#931);
#860=LINE('',#1993,#932);
#861=LINE('',#1995,#933);
#862=LINE('',#1997,#934);
#863=LINE('',#1998,#935);
#864=LINE('',#2000,#936);
#865=LINE('',#2002,#937);
#866=LINE('',#2004,#938);
#867=LINE('',#2006,#939);
#868=LINE('',#2008,#940);
#869=LINE('',#2010,#941);
#870=LINE('',#2012,#942);
#871=LINE('',#2014,#943);
#872=LINE('',#2016,#944);
#873=LINE('',#2018,#945);
#874=LINE('',#2020,#946);
#875=LINE('',#2022,#947);
#876=LINE('',#2024,#948);
#877=LINE('',#2026,#949);
#878=LINE('',#2028,#950);
#879=LINE('',#2046,#951);
#880=LINE('',#2048,#952);
#881=LINE('',#2050,#953);
#882=LINE('',#2153,#954);
#883=LINE('',#2156,#955);
#884=LINE('',#2158,#956);
#885=LINE('',#2160,#957);
#886=LINE('',#2165,#958);
#887=LINE('',#2168,#959);
#888=LINE('',#2170,#960);
#889=LINE('',#2172,#961);
#890=LINE('',#2174,#962);
#891=LINE('',#2177,#963);
#892=LINE('',#2179,#964);
#893=LINE('',#2181,#965);
#894=LINE('',#2182,#966);
#895=LINE('',#2185,#967);
#896=LINE('',#2187,#968);
#897=LINE('',#2189,#969);
#898=LINE('',#2191,#970);
#899=LINE('',#2192,#971);
#900=LINE('',#2194,#972);
#901=LINE('',#2196,#973);
#902=LINE('',#2198,#974);
#903=LINE('',#2200,#975);
#904=LINE('',#2202,#976);
#905=LINE('',#2204,#977);
#906=LINE('',#2206,#978);
#907=LINE('',#2208,#979);
#908=LINE('',#2210,#980);
#909=LINE('',#2212,#981);
#910=LINE('',#2214,#982);
#911=LINE('',#2216,#983);
#912=LINE('',#2218,#984);
#913=LINE('',#2220,#985);
#914=LINE('',#2222,#986);
#915=LINE('',#2240,#987);
#916=LINE('',#2242,#988);
#917=LINE('',#2244,#989);
#918=VECTOR('',#1577,100.);
#919=VECTOR('',#1578,100.);
#920=VECTOR('',#1579,100.);
#921=VECTOR('',#1580,100.);
#922=VECTOR('',#1585,100.);
#923=VECTOR('',#1586,100.);
#924=VECTOR('',#1587,100.);
#925=VECTOR('',#1588,100.);
#926=VECTOR('',#1591,100.);
#927=VECTOR('',#1592,100.);
#928=VECTOR('',#1593,100.);
#929=VECTOR('',#1594,100.);
#930=VECTOR('',#1595,100.);
#931=VECTOR('',#1596,100.);
#932=VECTOR('',#1597,100.);
#933=VECTOR('',#1598,100.);
#934=VECTOR('',#1601,100.);
#935=VECTOR('',#1602,100.);
#936=VECTOR('',#1605,100.);
#937=VECTOR('',#1606,100.);
#938=VECTOR('',#1607,100.);
#939=VECTOR('',#1610,100.);
#940=VECTOR('',#1611,100.);
#941=VECTOR('',#1612,100.);
#942=VECTOR('',#1615,100.);
#943=VECTOR('',#1618,100.);
#944=VECTOR('',#1619,100.);
#945=VECTOR('',#1620,100.);
#946=VECTOR('',#1623,100.);
#947=VECTOR('',#1624,100.);
#948=VECTOR('',#1627,100.);
#949=VECTOR('',#1628,100.);
#950=VECTOR('',#1631,100.);
#951=VECTOR('',#1654,100.);
#952=VECTOR('',#1657,100.);
#953=VECTOR('',#1660,100.);
#954=VECTOR('',#1865,100.);
#955=VECTOR('',#1866,100.);
#956=VECTOR('',#1867,100.);
#957=VECTOR('',#1868,100.);
#958=VECTOR('',#1873,100.);
#959=VECTOR('',#1874,100.);
#960=VECTOR('',#1875,100.);
#961=VECTOR('',#1876,100.);
#962=VECTOR('',#1879,100.);
#963=VECTOR('',#1880,100.);
#964=VECTOR('',#1881,100.);
#965=VECTOR('',#1882,100.);
#966=VECTOR('',#1883,100.);
#967=VECTOR('',#1884,100.);
#968=VECTOR('',#1885,100.);
#969=VECTOR('',#1886,100.);
#970=VECTOR('',#1889,100.);
#971=VECTOR('',#1890,100.);
#972=VECTOR('',#1893,100.);
#973=VECTOR('',#1894,100.);
#974=VECTOR('',#1895,100.);
#975=VECTOR('',#1898,100.);
#976=VECTOR('',#1899,100.);
#977=VECTOR('',#1900,100.);
#978=VECTOR('',#1903,100.);
#979=VECTOR('',#1906,100.);
#980=VECTOR('',#1907,100.);
#981=VECTOR('',#1908,100.);
#982=VECTOR('',#1911,100.);
#983=VECTOR('',#1912,100.);
#984=VECTOR('',#1915,100.);
#985=VECTOR('',#1916,100.);
#986=VECTOR('',#1919,100.);
#987=VECTOR('',#1942,100.);
#988=VECTOR('',#1945,100.);
#989=VECTOR('',#1948,100.);
#990=EDGE_LOOP('',(#518,#519,#520,#521));
#991=EDGE_LOOP('',(#522));
#992=EDGE_LOOP('',(#523));
#993=EDGE_LOOP('',(#524,#525,#526,#527));
#994=EDGE_LOOP('',(#528,#529,#530,#531));
#995=EDGE_LOOP('',(#532,#533,#534,#535));
#996=EDGE_LOOP('',(#536,#537,#538,#539));
#997=EDGE_LOOP('',(#540,#541,#542,#543));
#998=EDGE_LOOP('',(#544,#545,#546,#547));
#999=EDGE_LOOP('',(#548,#549,#550,#551));
#1000=EDGE_LOOP('',(#552,#553,#554,#555));
#1001=EDGE_LOOP('',(#556,#557,#558,#559));
#1002=EDGE_LOOP('',(#560,#561,#562,#563));
#1003=EDGE_LOOP('',(#564,#565,#566,#567));
#1004=EDGE_LOOP('',(#568));
#1005=EDGE_LOOP('',(#569));
#1006=EDGE_LOOP('',(#570));
#1007=EDGE_LOOP('',(#571));
#1008=EDGE_LOOP('',(#572));
#1009=EDGE_LOOP('',(#573));
#1010=EDGE_LOOP('',(#574));
#1011=EDGE_LOOP('',(#575));
#1012=EDGE_LOOP('',(#576,#577,#578,#579));
#1013=EDGE_LOOP('',(#580,#581,#582,#583));
#1014=EDGE_LOOP('',(#584,#585,#586,#587));
#1015=EDGE_LOOP('',(#588));
#1016=EDGE_LOOP('',(#589));
#1017=EDGE_LOOP('',(#590));
#1018=EDGE_LOOP('',(#591));
#1019=EDGE_LOOP('',(#592,#593,#594,#595));
#1020=EDGE_LOOP('',(#596));
#1021=EDGE_LOOP('',(#597));
#1022=EDGE_LOOP('',(#598,#599,#600,#601));
#1023=EDGE_LOOP('',(#602,#603,#604,#605));
#1024=EDGE_LOOP('',(#606,#607,#608,#609));
#1025=EDGE_LOOP('',(#610));
#1026=EDGE_LOOP('',(#611));
#1027=EDGE_LOOP('',(#612,#613,#614,#615));
#1028=EDGE_LOOP('',(#616,#617,#618,#619));
#1029=EDGE_LOOP('',(#620,#621,#622,#623));
#1030=EDGE_LOOP('',(#624,#625,#626,#627));
#1031=EDGE_LOOP('',(#628,#629,#630,#631));
#1032=EDGE_LOOP('',(#632,#633,#634,#635));
#1033=EDGE_LOOP('',(#636,#637,#638,#639));
#1034=EDGE_LOOP('',(#640,#641,#642,#643));
#1035=EDGE_LOOP('',(#644,#645,#646,#647));
#1036=EDGE_LOOP('',(#648,#649,#650,#651));
#1037=EDGE_LOOP('',(#652,#653,#654,#655));
#1038=EDGE_LOOP('',(#656));
#1039=EDGE_LOOP('',(#657));
#1040=EDGE_LOOP('',(#658));
#1041=EDGE_LOOP('',(#659));
#1042=EDGE_LOOP('',(#660));
#1043=EDGE_LOOP('',(#661));
#1044=EDGE_LOOP('',(#662));
#1045=EDGE_LOOP('',(#663));
#1046=EDGE_LOOP('',(#664,#665,#666,#667));
#1047=EDGE_LOOP('',(#668,#669,#670,#671));
#1048=EDGE_LOOP('',(#672,#673,#674,#675));
#1049=EDGE_LOOP('',(#676));
#1050=EDGE_LOOP('',(#677));
#1051=EDGE_LOOP('',(#678));
#1052=EDGE_LOOP('',(#679));
#1053=EDGE_LOOP('',(#680,#681,#682,#683));
#1054=EDGE_LOOP('',(#684));
#1055=EDGE_LOOP('',(#685));
#1056=EDGE_LOOP('',(#686,#687,#688,#689));
#1057=EDGE_LOOP('',(#690,#691,#692,#693));
#1058=FACE_BOUND('',#990,.T.);
#1059=FACE_BOUND('',#991,.T.);
#1060=FACE_BOUND('',#992,.T.);
#1061=FACE_BOUND('',#993,.T.);
#1062=FACE_BOUND('',#994,.T.);
#1063=FACE_BOUND('',#995,.T.);
#1064=FACE_BOUND('',#996,.T.);
#1065=FACE_BOUND('',#997,.T.);
#1066=FACE_BOUND('',#998,.T.);
#1067=FACE_BOUND('',#999,.T.);
#1068=FACE_BOUND('',#1000,.T.);
#1069=FACE_BOUND('',#1001,.T.);
#1070=FACE_BOUND('',#1002,.T.);
#1071=FACE_BOUND('',#1003,.T.);
#1072=FACE_BOUND('',#1004,.T.);
#1073=FACE_BOUND('',#1005,.T.);
#1074=FACE_BOUND('',#1006,.T.);
#1075=FACE_BOUND('',#1007,.T.);
#1076=FACE_BOUND('',#1008,.T.);
#1077=FACE_BOUND('',#1009,.T.);
#1078=FACE_BOUND('',#1010,.T.);
#1079=FACE_BOUND('',#1011,.T.);
#1080=FACE_BOUND('',#1012,.T.);
#1081=FACE_BOUND('',#1013,.T.);
#1082=FACE_BOUND('',#1014,.T.);
#1083=FACE_BOUND('',#1015,.T.);
#1084=FACE_BOUND('',#1016,.T.);
#1085=FACE_BOUND('',#1017,.T.);
#1086=FACE_BOUND('',#1018,.T.);
#1087=FACE_BOUND('',#1019,.T.);
#1088=FACE_BOUND('',#1020,.T.);
#1089=FACE_BOUND('',#1021,.T.);
#1090=FACE_BOUND('',#1022,.T.);
#1091=FACE_BOUND('',#1023,.T.);
#1092=FACE_BOUND('',#1024,.T.);
#1093=FACE_BOUND('',#1025,.T.);
#1094=FACE_BOUND('',#1026,.T.);
#1095=FACE_BOUND('',#1027,.T.);
#1096=FACE_BOUND('',#1028,.T.);
#1097=FACE_BOUND('',#1029,.T.);
#1098=FACE_BOUND('',#1030,.T.);
#1099=FACE_BOUND('',#1031,.T.);
#1100=FACE_BOUND('',#1032,.T.);
#1101=FACE_BOUND('',#1033,.T.);
#1102=FACE_BOUND('',#1034,.T.);
#1103=FACE_BOUND('',#1035,.T.);
#1104=FACE_BOUND('',#1036,.T.);
#1105=FACE_BOUND('',#1037,.T.);
#1106=FACE_BOUND('',#1038,.T.);
#1107=FACE_BOUND('',#1039,.T.);
#1108=FACE_BOUND('',#1040,.T.);
#1109=FACE_BOUND('',#1041,.T.);
#1110=FACE_BOUND('',#1042,.T.);
#1111=FACE_BOUND('',#1043,.T.);
#1112=FACE_BOUND('',#1044,.T.);
#1113=FACE_BOUND('',#1045,.T.);
#1114=FACE_BOUND('',#1046,.T.);
#1115=FACE_BOUND('',#1047,.T.);
#1116=FACE_BOUND('',#1048,.T.);
#1117=FACE_BOUND('',#1049,.T.);
#1118=FACE_BOUND('',#1050,.T.);
#1119=FACE_BOUND('',#1051,.T.);
#1120=FACE_BOUND('',#1052,.T.);
#1121=FACE_BOUND('',#1053,.T.);
#1122=FACE_BOUND('',#1054,.T.);
#1123=FACE_BOUND('',#1055,.T.);
#1124=FACE_BOUND('',#1056,.T.);
#1125=FACE_BOUND('',#1057,.T.);
#1126=PLANE('',#1418);
#1127=PLANE('',#1421);
#1128=PLANE('',#1422);
#1129=PLANE('',#1423);
#1130=PLANE('',#1424);
#1131=PLANE('',#1425);
#1132=PLANE('',#1426);
#1133=PLANE('',#1427);
#1134=PLANE('',#1428);
#1135=PLANE('',#1429);
#1136=PLANE('',#1433);
#1137=PLANE('',#1438);
#1138=PLANE('',#1440);
#1139=PLANE('',#1441);
#1140=PLANE('',#1442);
#1141=PLANE('',#1445);
#1142=PLANE('',#1446);
#1143=PLANE('',#1544);
#1144=PLANE('',#1547);
#1145=PLANE('',#1548);
#1146=PLANE('',#1549);
#1147=PLANE('',#1550);
#1148=PLANE('',#1551);
#1149=PLANE('',#1552);
#1150=PLANE('',#1553);
#1151=PLANE('',#1554);
#1152=PLANE('',#1555);
#1153=PLANE('',#1559);
#1154=PLANE('',#1564);
#1155=PLANE('',#1566);
#1156=PLANE('',#1567);
#1157=PLANE('',#1568);
#1158=PLANE('',#1571);
#1159=PLANE('',#1572);
#1160=ADVANCED_FACE('',(#1058,#1059,#1060,#1061),#1126,.T.);
#1161=ADVANCED_FACE('',(#1062,#1063),#1127,.F.);
#1162=ADVANCED_FACE('',(#1064),#1128,.T.);
#1163=ADVANCED_FACE('',(#1065),#1129,.T.);
#1164=ADVANCED_FACE('',(#1066),#1130,.F.);
#1165=ADVANCED_FACE('',(#1067),#1131,.F.);
#1166=ADVANCED_FACE('',(#1068),#1132,.F.);
#1167=ADVANCED_FACE('',(#1069),#1133,.T.);
#1168=ADVANCED_FACE('',(#1070),#1134,.T.);
#1169=ADVANCED_FACE('',(#1071),#1135,.F.);
#1170=ADVANCED_FACE('',(#1072,#1073),#494,.T.);
#1171=ADVANCED_FACE('',(#1074,#1075),#1136,.T.);
#1172=ADVANCED_FACE('',(#1076,#1077),#495,.T.);
#1173=ADVANCED_FACE('',(#1078,#1079),#1137,.T.);
#1174=ADVANCED_FACE('',(#1080),#1138,.T.);
#1175=ADVANCED_FACE('',(#1081),#1139,.F.);
#1176=ADVANCED_FACE('',(#1082),#1140,.F.);
#1177=ADVANCED_FACE('',(#1083,#1084),#496,.F.);
#1178=ADVANCED_FACE('',(#1085,#1086),#497,.F.);
#1179=ADVANCED_FACE('',(#1087,#1088,#1089,#1090),#1141,.F.);
#1180=ADVANCED_FACE('',(#1091),#1142,.T.);
#1181=ADVANCED_FACE('',(#1092,#1093,#1094,#1095),#1143,.T.);
#1182=ADVANCED_FACE('',(#1096,#1097),#1144,.F.);
#1183=ADVANCED_FACE('',(#1098),#1145,.T.);
#1184=ADVANCED_FACE('',(#1099),#1146,.T.);
#1185=ADVANCED_FACE('',(#1100),#1147,.F.);
#1186=ADVANCED_FACE('',(#1101),#1148,.F.);
#1187=ADVANCED_FACE('',(#1102),#1149,.F.);
#1188=ADVANCED_FACE('',(#1103),#1150,.T.);
#1189=ADVANCED_FACE('',(#1104),#1151,.T.);
#1190=ADVANCED_FACE('',(#1105),#1152,.F.);
#1191=ADVANCED_FACE('',(#1106,#1107),#498,.T.);
#1192=ADVANCED_FACE('',(#1108,#1109),#1153,.T.);
#1193=ADVANCED_FACE('',(#1110,#1111),#499,.T.);
#1194=ADVANCED_FACE('',(#1112,#1113),#1154,.T.);
#1195=ADVANCED_FACE('',(#1114),#1155,.T.);
#1196=ADVANCED_FACE('',(#1115),#1156,.F.);
#1197=ADVANCED_FACE('',(#1116),#1157,.F.);
#1198=ADVANCED_FACE('',(#1117,#1118),#500,.F.);
#1199=ADVANCED_FACE('',(#1119,#1120),#501,.F.);
#1200=ADVANCED_FACE('',(#1121,#1122,#1123,#1124),#1158,.F.);
#1201=ADVANCED_FACE('',(#1125),#1159,.T.);
#1202=CLOSED_SHELL('',(#1160,#1161,#1162,#1163,#1164,#1165,#1166,#1167,
#1168,#1169,#1170,#1171,#1172,#1173,#1174,#1175,#1176,#1177,#1178,#1179,
#1180));
#1203=CLOSED_SHELL('',(#1181,#1182,#1183,#1184,#1185,#1186,#1187,#1188,
#1189,#1190,#1191,#1192,#1193,#1194,#1195,#1196,#1197,#1198,#1199,#1200,
#1201));
#1204=STYLED_ITEM('',(#1206),#1219);
#1205=STYLED_ITEM('',(#1207),#1220);
#1206=PRESENTATION_STYLE_ASSIGNMENT((#1208));
#1207=PRESENTATION_STYLE_ASSIGNMENT((#1209));
#1208=SURFACE_STYLE_USAGE(.BOTH.,#1210);
#1209=SURFACE_STYLE_USAGE(.BOTH.,#1211);
#1210=SURFACE_SIDE_STYLE('',(#1212));
#1211=SURFACE_SIDE_STYLE('',(#1213));
#1212=SURFACE_STYLE_FILL_AREA(#1214);
#1213=SURFACE_STYLE_FILL_AREA(#1215);
#1214=FILL_AREA_STYLE('',(#1216));
#1215=FILL_AREA_STYLE('',(#1217));
#1216=FILL_AREA_STYLE_COLOUR('',#1218);
#1217=FILL_AREA_STYLE_COLOUR('',#1218);
#1218=COLOUR_RGB('',0.647058823529412,0.647058823529412,0.647058823529412);
#1219=MANIFOLD_SOLID_BREP('Part 1',#1202);
#1220=MANIFOLD_SOLID_BREP('Part 2',#1203);
#1221=SHAPE_DEFINITION_REPRESENTATION(#2837,#1319);
#1222=SHAPE_DEFINITION_REPRESENTATION(#2838,#1320);
#1223=SHAPE_DEFINITION_REPRESENTATION(#2839,#1321);
#1224=SHAPE_DEFINITION_REPRESENTATION(#2840,#1322);
#1225=SHAPE_DEFINITION_REPRESENTATION(#2841,#1323);
#1226=SHAPE_DEFINITION_REPRESENTATION(#2842,#1324);
#1227=SHAPE_DEFINITION_REPRESENTATION(#2843,#1325);
#1228=SHAPE_DEFINITION_REPRESENTATION(#2844,#1326);
#1229=SHAPE_DEFINITION_REPRESENTATION(#2845,#1327);
#1230=SHAPE_DEFINITION_REPRESENTATION(#2846,#1328);
#1231=SHAPE_DEFINITION_REPRESENTATION(#2847,#1329);
#1232=SHAPE_DEFINITION_REPRESENTATION(#2848,#1330);
#1233=SHAPE_DEFINITION_REPRESENTATION(#2849,#1331);
#1234=SHAPE_DEFINITION_REPRESENTATION(#2850,#1332);
#1235=SHAPE_DEFINITION_REPRESENTATION(#2851,#1333);
#1236=SHAPE_DEFINITION_REPRESENTATION(#2852,#1334);
#1237=SHAPE_DEFINITION_REPRESENTATION(#2853,#1335);
#1238=SHAPE_DEFINITION_REPRESENTATION(#2854,#1336);
#1239=SHAPE_DEFINITION_REPRESENTATION(#2855,#1337);
#1240=SHAPE_DEFINITION_REPRESENTATION(#2856,#1338);
#1241=SHAPE_DEFINITION_REPRESENTATION(#2857,#1339);
#1242=SHAPE_DEFINITION_REPRESENTATION(#2858,#1340);
#1243=SHAPE_DEFINITION_REPRESENTATION(#2859,#1341);
#1244=SHAPE_DEFINITION_REPRESENTATION(#2860,#1342);
#1245=SHAPE_DEFINITION_REPRESENTATION(#2861,#1343);
#1246=SHAPE_DEFINITION_REPRESENTATION(#2862,#1344);
#1247=SHAPE_DEFINITION_REPRESENTATION(#2863,#1345);
#1248=SHAPE_DEFINITION_REPRESENTATION(#2864,#1346);
#1249=SHAPE_DEFINITION_REPRESENTATION(#2865,#1347);
#1250=SHAPE_DEFINITION_REPRESENTATION(#2866,#1348);
#1251=SHAPE_DEFINITION_REPRESENTATION(#2867,#1349);
#1252=SHAPE_DEFINITION_REPRESENTATION(#2868,#1350);
#1253=SHAPE_DEFINITION_REPRESENTATION(#2869,#1351);
#1254=SHAPE_DEFINITION_REPRESENTATION(#2870,#1352);
#1255=SHAPE_DEFINITION_REPRESENTATION(#2871,#1353);
#1256=SHAPE_DEFINITION_REPRESENTATION(#2872,#1354);
#1257=SHAPE_DEFINITION_REPRESENTATION(#2873,#1355);
#1258=SHAPE_DEFINITION_REPRESENTATION(#2874,#1356);
#1259=SHAPE_DEFINITION_REPRESENTATION(#2875,#1357);
#1260=SHAPE_DEFINITION_REPRESENTATION(#2876,#1358);
#1261=SHAPE_DEFINITION_REPRESENTATION(#2877,#1359);
#1262=SHAPE_DEFINITION_REPRESENTATION(#2878,#1360);
#1263=SHAPE_DEFINITION_REPRESENTATION(#2879,#1361);
#1264=SHAPE_DEFINITION_REPRESENTATION(#2880,#1362);
#1265=SHAPE_DEFINITION_REPRESENTATION(#2881,#1363);
#1266=SHAPE_DEFINITION_REPRESENTATION(#2882,#1364);
#1267=SHAPE_DEFINITION_REPRESENTATION(#2883,#1365);
#1268=SHAPE_DEFINITION_REPRESENTATION(#2884,#1366);
#1269=SHAPE_DEFINITION_REPRESENTATION(#2885,#1367);
#1270=SHAPE_DEFINITION_REPRESENTATION(#2886,#1368);
#1271=SHAPE_DEFINITION_REPRESENTATION(#2887,#1369);
#1272=SHAPE_DEFINITION_REPRESENTATION(#2888,#1370);
#1273=SHAPE_DEFINITION_REPRESENTATION(#2889,#1371);
#1274=SHAPE_DEFINITION_REPRESENTATION(#2890,#1372);
#1275=SHAPE_DEFINITION_REPRESENTATION(#2891,#1373);
#1276=SHAPE_DEFINITION_REPRESENTATION(#2892,#1374);
#1277=SHAPE_DEFINITION_REPRESENTATION(#2893,#1375);
#1278=SHAPE_DEFINITION_REPRESENTATION(#2894,#1376);
#1279=SHAPE_DEFINITION_REPRESENTATION(#2895,#1377);
#1280=SHAPE_DEFINITION_REPRESENTATION(#2896,#1378);
#1281=SHAPE_DEFINITION_REPRESENTATION(#2897,#1379);
#1282=SHAPE_DEFINITION_REPRESENTATION(#2898,#1380);
#1283=SHAPE_DEFINITION_REPRESENTATION(#2899,#1381);
#1284=SHAPE_DEFINITION_REPRESENTATION(#2900,#1382);
#1285=SHAPE_DEFINITION_REPRESENTATION(#2901,#1383);
#1286=SHAPE_DEFINITION_REPRESENTATION(#2902,#1384);
#1287=SHAPE_DEFINITION_REPRESENTATION(#2903,#1385);
#1288=SHAPE_DEFINITION_REPRESENTATION(#2904,#1386);
#1289=SHAPE_DEFINITION_REPRESENTATION(#2905,#1387);
#1290=SHAPE_DEFINITION_REPRESENTATION(#2906,#1388);
#1291=SHAPE_DEFINITION_REPRESENTATION(#2907,#1389);
#1292=SHAPE_DEFINITION_REPRESENTATION(#2908,#1390);
#1293=SHAPE_DEFINITION_REPRESENTATION(#2909,#1391);
#1294=SHAPE_DEFINITION_REPRESENTATION(#2910,#1392);
#1295=SHAPE_DEFINITION_REPRESENTATION(#2911,#1393);
#1296=SHAPE_DEFINITION_REPRESENTATION(#2912,#1394);
#1297=SHAPE_DEFINITION_REPRESENTATION(#2913,#1395);
#1298=SHAPE_DEFINITION_REPRESENTATION(#2914,#1396);
#1299=SHAPE_DEFINITION_REPRESENTATION(#2915,#1397);
#1300=SHAPE_DEFINITION_REPRESENTATION(#2916,#1398);
#1301=SHAPE_DEFINITION_REPRESENTATION(#2917,#1399);
#1302=SHAPE_DEFINITION_REPRESENTATION(#2918,#1400);
#1303=SHAPE_DEFINITION_REPRESENTATION(#2919,#1401);
#1304=SHAPE_DEFINITION_REPRESENTATION(#2920,#1402);
#1305=SHAPE_DEFINITION_REPRESENTATION(#2921,#1403);
#1306=SHAPE_DEFINITION_REPRESENTATION(#2922,#1404);
#1307=SHAPE_DEFINITION_REPRESENTATION(#2923,#1405);
#1308=SHAPE_DEFINITION_REPRESENTATION(#2924,#1406);
#1309=SHAPE_DEFINITION_REPRESENTATION(#2925,#1407);
#1310=SHAPE_DEFINITION_REPRESENTATION(#2926,#1408);
#1311=SHAPE_DEFINITION_REPRESENTATION(#2927,#1409);
#1312=SHAPE_DEFINITION_REPRESENTATION(#2928,#1410);
#1313=SHAPE_DEFINITION_REPRESENTATION(#2929,#1411);
#1314=SHAPE_DEFINITION_REPRESENTATION(#2930,#1412);
#1315=SHAPE_DEFINITION_REPRESENTATION(#2931,#1413);
#1316=SHAPE_DEFINITION_REPRESENTATION(#2932,#1414);
#1317=SHAPE_DEFINITION_REPRESENTATION(#2933,#1415);
#1318=SHAPE_DEFINITION_REPRESENTATION(#2934,#1416);
#1319=SHAPE_REPRESENTATION('Part 1',(#1417),#2347);
#1320=SHAPE_REPRESENTATION('id5',(#1447),#2348);
#1321=SHAPE_REPRESENTATION('id8',(#1448),#2349);
#1322=SHAPE_REPRESENTATION('id11',(#1449),#2350);
#1323=SHAPE_REPRESENTATION('id14',(#1450),#2351);
#1324=SHAPE_REPRESENTATION('id17',(#1451),#2352);
#1325=SHAPE_REPRESENTATION('id20',(#1452),#2353);
#1326=SHAPE_REPRESENTATION('id23',(#1453),#2354);
#1327=SHAPE_REPRESENTATION('id26',(#1454),#2355);
#1328=SHAPE_REPRESENTATION('id29',(#1455),#2356);
#1329=SHAPE_REPRESENTATION('id32',(#1456),#2357);
#1330=SHAPE_REPRESENTATION('id35',(#1457),#2358);
#1331=SHAPE_REPRESENTATION('id38',(#1458),#2359);
#1332=SHAPE_REPRESENTATION('id41',(#1459),#2360);
#1333=SHAPE_REPRESENTATION('id44',(#1460),#2361);
#1334=SHAPE_REPRESENTATION('id47',(#1461),#2362);
#1335=SHAPE_REPRESENTATION('id50',(#1462),#2363);
#1336=SHAPE_REPRESENTATION('id53',(#1463),#2364);
#1337=SHAPE_REPRESENTATION('id56',(#1464),#2365);
#1338=SHAPE_REPRESENTATION('id59',(#1465),#2366);
#1339=SHAPE_REPRESENTATION('id62',(#1466),#2367);
#1340=SHAPE_REPRESENTATION('id65',(#1467),#2368);
#1341=SHAPE_REPRESENTATION('id68',(#1468),#2369);
#1342=SHAPE_REPRESENTATION('id71',(#1469),#2370);
#1343=SHAPE_REPRESENTATION('id74',(#1470),#2371);
#1344=SHAPE_REPRESENTATION('id77',(#1471),#2372);
#1345=SHAPE_REPRESENTATION('id80',(#1472),#2373);
#1346=SHAPE_REPRESENTATION('id83',(#1473),#2374);
#1347=SHAPE_REPRESENTATION('id86',(#1474),#2375);
#1348=SHAPE_REPRESENTATION('id89',(#1475),#2376);
#1349=SHAPE_REPRESENTATION('id92',(#1476),#2377);
#1350=SHAPE_REPRESENTATION('id95',(#1477),#2378);
#1351=SHAPE_REPRESENTATION('id98',(#1478),#2379);
#1352=SHAPE_REPRESENTATION('id101',(#1479),#2380);
#1353=SHAPE_REPRESENTATION('id104',(#1480),#2381);
#1354=SHAPE_REPRESENTATION('id107',(#1481),#2382);
#1355=SHAPE_REPRESENTATION('id110',(#1482),#2383);
#1356=SHAPE_REPRESENTATION('id113',(#1483),#2384);
#1357=SHAPE_REPRESENTATION('id116',(#1484),#2385);
#1358=SHAPE_REPRESENTATION('id119',(#1485),#2386);
#1359=SHAPE_REPRESENTATION('id122',(#1486),#2387);
#1360=SHAPE_REPRESENTATION('id125',(#1487),#2388);
#1361=SHAPE_REPRESENTATION('id128',(#1488),#2389);
#1362=SHAPE_REPRESENTATION('id131',(#1489),#2390);
#1363=SHAPE_REPRESENTATION('id134',(#1490),#2391);
#1364=SHAPE_REPRESENTATION('id137',(#1491),#2392);
#1365=SHAPE_REPRESENTATION('id140',(#1492),#2393);
#1366=SHAPE_REPRESENTATION('id143',(#1493),#2394);
#1367=SHAPE_REPRESENTATION('id146',(#1494),#2395);
#1368=SHAPE_REPRESENTATION('id149',(#1495),#2396);
#1369=SHAPE_REPRESENTATION('id152',(#1496),#2397);
#1370=SHAPE_REPRESENTATION('id155',(#1497),#2398);
#1371=SHAPE_REPRESENTATION('id158',(#1498),#2399);
#1372=SHAPE_REPRESENTATION('id161',(#1499),#2400);
#1373=SHAPE_REPRESENTATION('id164',(#1500),#2401);
#1374=SHAPE_REPRESENTATION('id167',(#1501),#2402);
#1375=SHAPE_REPRESENTATION('id170',(#1502),#2403);
#1376=SHAPE_REPRESENTATION('id173',(#1503),#2404);
#1377=SHAPE_REPRESENTATION('id176',(#1504),#2405);
#1378=SHAPE_REPRESENTATION('id179',(#1505),#2406);
#1379=SHAPE_REPRESENTATION('id182',(#1506),#2407);
#1380=SHAPE_REPRESENTATION('id185',(#1507),#2408);
#1381=SHAPE_REPRESENTATION('id188',(#1508),#2409);
#1382=SHAPE_REPRESENTATION('id191',(#1509),#2410);
#1383=SHAPE_REPRESENTATION('id194',(#1510),#2411);
#1384=SHAPE_REPRESENTATION('id197',(#1511),#2412);
#1385=SHAPE_REPRESENTATION('id200',(#1512),#2413);
#1386=SHAPE_REPRESENTATION('id203',(#1513),#2414);
#1387=SHAPE_REPRESENTATION('id206',(#1514),#2415);
#1388=SHAPE_REPRESENTATION('id209',(#1515),#2416);
#1389=SHAPE_REPRESENTATION('id212',(#1516),#2417);
#1390=SHAPE_REPRESENTATION('id215',(#1517),#2418);
#1391=SHAPE_REPRESENTATION('id218',(#1518),#2419);
#1392=SHAPE_REPRESENTATION('id221',(#1519),#2420);
#1393=SHAPE_REPRESENTATION('id224',(#1520),#2421);
#1394=SHAPE_REPRESENTATION('id227',(#1521),#2422);
#1395=SHAPE_REPRESENTATION('id230',(#1522),#2423);
#1396=SHAPE_REPRESENTATION('id233',(#1523),#2424);
#1397=SHAPE_REPRESENTATION('id236',(#1524),#2425);
#1398=SHAPE_REPRESENTATION('id239',(#1525),#2426);
#1399=SHAPE_REPRESENTATION('id242',(#1526),#2427);
#1400=SHAPE_REPRESENTATION('id245',(#1527),#2428);
#1401=SHAPE_REPRESENTATION('id248',(#1528),#2429);
#1402=SHAPE_REPRESENTATION('id251',(#1529),#2430);
#1403=SHAPE_REPRESENTATION('id254',(#1530),#2431);
#1404=SHAPE_REPRESENTATION('id257',(#1531),#2432);
#1405=SHAPE_REPRESENTATION('id260',(#1532),#2433);
#1406=SHAPE_REPRESENTATION('id263',(#1533),#2434);
#1407=SHAPE_REPRESENTATION('id266',(#1534),#2435);
#1408=SHAPE_REPRESENTATION('id269',(#1535),#2436);
#1409=SHAPE_REPRESENTATION('id272',(#1536),#2437);
#1410=SHAPE_REPRESENTATION('id275',(#1537),#2438);
#1411=SHAPE_REPRESENTATION('id278',(#1538),#2439);
#1412=SHAPE_REPRESENTATION('id281',(#1539),#2440);
#1413=SHAPE_REPRESENTATION('id284',(#1540),#2441);
#1414=SHAPE_REPRESENTATION('id287',(#1541),#2442);
#1415=SHAPE_REPRESENTATION('id290',(#1542),#2443);
#1416=SHAPE_REPRESENTATION('Part 2',(#1543),#2444);
#1417=AXIS2_PLACEMENT_3D('',#1957,#1573,#1574);
#1418=AXIS2_PLACEMENT_3D('',#1958,#1575,#1576);
#1419=AXIS2_PLACEMENT_3D('',#1967,#1581,#1582);
#1420=AXIS2_PLACEMENT_3D('',#1969,#1583,#1584);
#1421=AXIS2_PLACEMENT_3D('',#1979,#1589,#1590);
#1422=AXIS2_PLACEMENT_3D('',#1996,#1599,#1600);
#1423=AXIS2_PLACEMENT_3D('',#1999,#1603,#1604);
#1424=AXIS2_PLACEMENT_3D('',#2005,#1608,#1609);
#1425=AXIS2_PLACEMENT_3D('',#2011,#1613,#1614);
#1426=AXIS2_PLACEMENT_3D('',#2013,#1616,#1617);
#1427=AXIS2_PLACEMENT_3D('',#2019,#1621,#1622);
#1428=AXIS2_PLACEMENT_3D('',#2023,#1625,#1626);
#1429=AXIS2_PLACEMENT_3D('',#2027,#1629,#1630);
#1430=AXIS2_PLACEMENT_3D('',#2029,#1632,#1633);
#1431=AXIS2_PLACEMENT_3D('',#2030,#1634,#1635);
#1432=AXIS2_PLACEMENT_3D('',#2032,#1636,#1637);
#1433=AXIS2_PLACEMENT_3D('',#2034,#1638,#1639);
#1434=AXIS2_PLACEMENT_3D('',#2035,#1640,#1641);
#1435=AXIS2_PLACEMENT_3D('',#2037,#1642,#1643);
#1436=AXIS2_PLACEMENT_3D('',#2038,#1644,#1645);
#1437=AXIS2_PLACEMENT_3D('',#2040,#1646,#1647);
#1438=AXIS2_PLACEMENT_3D('',#2042,#1648,#1649);
#1439=AXIS2_PLACEMENT_3D('',#2043,#1650,#1651);
#1440=AXIS2_PLACEMENT_3D('',#2045,#1652,#1653);
#1441=AXIS2_PLACEMENT_3D('',#2047,#1655,#1656);
#1442=AXIS2_PLACEMENT_3D('',#2049,#1658,#1659);
#1443=AXIS2_PLACEMENT_3D('',#2051,#1661,#1662);
#1444=AXIS2_PLACEMENT_3D('',#2052,#1663,#1664);
#1445=AXIS2_PLACEMENT_3D('',#2053,#1665,#1666);
#1446=AXIS2_PLACEMENT_3D('',#2054,#1667,#1668);
#1447=AXIS2_PLACEMENT_3D('',#2055,#1669,#1670);
#1448=AXIS2_PLACEMENT_3D('',#2056,#1671,#1672);
#1449=AXIS2_PLACEMENT_3D('',#2057,#1673,#1674);
#1450=AXIS2_PLACEMENT_3D('',#2058,#1675,#1676);
#1451=AXIS2_PLACEMENT_3D('',#2059,#1677,#1678);
#1452=AXIS2_PLACEMENT_3D('',#2060,#1679,#1680);
#1453=AXIS2_PLACEMENT_3D('',#2061,#1681,#1682);
#1454=AXIS2_PLACEMENT_3D('',#2062,#1683,#1684);
#1455=AXIS2_PLACEMENT_3D('',#2063,#1685,#1686);
#1456=AXIS2_PLACEMENT_3D('',#2064,#1687,#1688);
#1457=AXIS2_PLACEMENT_3D('',#2065,#1689,#1690);
#1458=AXIS2_PLACEMENT_3D('',#2066,#1691,#1692);
#1459=AXIS2_PLACEMENT_3D('',#2067,#1693,#1694);
#1460=AXIS2_PLACEMENT_3D('',#2068,#1695,#1696);
#1461=AXIS2_PLACEMENT_3D('',#2069,#1697,#1698);
#1462=AXIS2_PLACEMENT_3D('',#2070,#1699,#1700);
#1463=AXIS2_PLACEMENT_3D('',#2071,#1701,#1702);
#1464=AXIS2_PLACEMENT_3D('',#2072,#1703,#1704);
#1465=AXIS2_PLACEMENT_3D('',#2073,#1705,#1706);
#1466=AXIS2_PLACEMENT_3D('',#2074,#1707,#1708);
#1467=AXIS2_PLACEMENT_3D('',#2075,#1709,#1710);
#1468=AXIS2_PLACEMENT_3D('',#2076,#1711,#1712);
#1469=AXIS2_PLACEMENT_3D('',#2077,#1713,#1714);
#1470=AXIS2_PLACEMENT_3D('',#2078,#1715,#1716);
#1471=AXIS2_PLACEMENT_3D('',#2079,#1717,#1718);
#1472=AXIS2_PLACEMENT_3D('',#2080,#1719,#1720);
#1473=AXIS2_PLACEMENT_3D('',#2081,#1721,#1722);
#1474=AXIS2_PLACEMENT_3D('',#2082,#1723,#1724);
#1475=AXIS2_PLACEMENT_3D('',#2083,#1725,#1726);
#1476=AXIS2_PLACEMENT_3D('',#2084,#1727,#1728);
#1477=AXIS2_PLACEMENT_3D('',#2085,#1729,#1730);
#1478=AXIS2_PLACEMENT_3D('',#2086,#1731,#1732);
#1479=AXIS2_PLACEMENT_3D('',#2087,#1733,#1734);
#1480=AXIS2_PLACEMENT_3D('',#2088,#1735,#1736);
#1481=AXIS2_PLACEMENT_3D('',#2089,#1737,#1738);
#1482=AXIS2_PLACEMENT_3D('',#2090,#1739,#1740);
#1483=AXIS2_PLACEMENT_3D('',#2091,#1741,#1742);
#1484=AXIS2_PLACEMENT_3D('',#2092,#1743,#1744);
#1485=AXIS2_PLACEMENT_3D('',#2093,#1745,#1746);
#1486=AXIS2_PLACEMENT_3D('',#2094,#1747,#1748);
#1487=AXIS2_PLACEMENT_3D('',#2095,#1749,#1750);
#1488=AXIS2_PLACEMENT_3D('',#2096,#1751,#1752);
#1489=AXIS2_PLACEMENT_3D('',#2097,#1753,#1754);
#1490=AXIS2_PLACEMENT_3D('',#2098,#1755,#1756);
#1491=AXIS2_PLACEMENT_3D('',#2099,#1757,#1758);
#1492=AXIS2_PLACEMENT_3D('',#2100,#1759,#1760);
#1493=AXIS2_PLACEMENT_3D('',#2101,#1761,#1762);
#1494=AXIS2_PLACEMENT_3D('',#2102,#1763,#1764);
#1495=AXIS2_PLACEMENT_3D('',#2103,#1765,#1766);
#1496=AXIS2_PLACEMENT_3D('',#2104,#1767,#1768);
#1497=AXIS2_PLACEMENT_3D('',#2105,#1769,#1770);
#1498=AXIS2_PLACEMENT_3D('',#2106,#1771,#1772);
#1499=AXIS2_PLACEMENT_3D('',#2107,#1773,#1774);
#1500=AXIS2_PLACEMENT_3D('',#2108,#1775,#1776);
#1501=AXIS2_PLACEMENT_3D('',#2109,#1777,#1778);
#1502=AXIS2_PLACEMENT_3D('',#2110,#1779,#1780);
#1503=AXIS2_PLACEMENT_3D('',#2111,#1781,#1782);
#1504=AXIS2_PLACEMENT_3D('',#2112,#1783,#1784);
#1505=AXIS2_PLACEMENT_3D('',#2113,#1785,#1786);
#1506=AXIS2_PLACEMENT_3D('',#2114,#1787,#1788);
#1507=AXIS2_PLACEMENT_3D('',#2115,#1789,#1790);
#1508=AXIS2_PLACEMENT_3D('',#2116,#1791,#1792);
#1509=AXIS2_PLACEMENT_3D('',#2117,#1793,#1794);
#1510=AXIS2_PLACEMENT_3D('',#2118,#1795,#1796);
#1511=AXIS2_PLACEMENT_3D('',#2119,#1797,#1798);
#1512=AXIS2_PLACEMENT_3D('',#2120,#1799,#1800);
#1513=AXIS2_PLACEMENT_3D('',#2121,#1801,#1802);
#1514=AXIS2_PLACEMENT_3D('',#2122,#1803,#1804);
#1515=AXIS2_PLACEMENT_3D('',#2123,#1805,#1806);
#1516=AXIS2_PLACEMENT_3D('',#2124,#1807,#1808);
#1517=AXIS2_PLACEMENT_3D('',#2125,#1809,#1810);
#1518=AXIS2_PLACEMENT_3D('',#2126,#1811,#1812);
#1519=AXIS2_PLACEMENT_3D('',#2127,#1813,#1814);
#1520=AXIS2_PLACEMENT_3D('',#2128,#1815,#1816);
#1521=AXIS2_PLACEMENT_3D('',#2129,#1817,#1818);
#1522=AXIS2_PLACEMENT_3D('',#2130,#1819,#1820);
#1523=AXIS2_PLACEMENT_3D('',#2131,#1821,#1822);
#1524=AXIS2_PLACEMENT_3D('',#2132,#1823,#1824);
#1525=AXIS2_PLACEMENT_3D('',#2133,#1825,#1826);
#1526=AXIS2_PLACEMENT_3D('',#2134,#1827,#1828);
#1527=AXIS2_PLACEMENT_3D('',#2135,#1829,#1830);
#1528=AXIS2_PLACEMENT_3D('',#2136,#1831,#1832);
#1529=AXIS2_PLACEMENT_3D('',#2137,#1833,#1834);
#1530=AXIS2_PLACEMENT_3D('',#2138,#1835,#1836);
#1531=AXIS2_PLACEMENT_3D('',#2139,#1837,#1838);
#1532=AXIS2_PLACEMENT_3D('',#2140,#1839,#1840);
#1533=AXIS2_PLACEMENT_3D('',#2141,#1841,#1842);
#1534=AXIS2_PLACEMENT_3D('',#2142,#1843,#1844);
#1535=AXIS2_PLACEMENT_3D('',#2143,#1845,#1846);
#1536=AXIS2_PLACEMENT_3D('',#2144,#1847,#1848);
#1537=AXIS2_PLACEMENT_3D('',#2145,#1849,#1850);
#1538=AXIS2_PLACEMENT_3D('',#2146,#1851,#1852);
#1539=AXIS2_PLACEMENT_3D('',#2147,#1853,#1854);
#1540=AXIS2_PLACEMENT_3D('',#2148,#1855,#1856);
#1541=AXIS2_PLACEMENT_3D('',#2149,#1857,#1858);
#1542=AXIS2_PLACEMENT_3D('',#2150,#1859,#1860);
#1543=AXIS2_PLACEMENT_3D('',#2151,#1861,#1862);
#1544=AXIS2_PLACEMENT_3D('',#2152,#1863,#1864);
#1545=AXIS2_PLACEMENT_3D('',#2161,#1869,#1870);
#1546=AXIS2_PLACEMENT_3D('',#2163,#1871,#1872);
#1547=AXIS2_PLACEMENT_3D('',#2173,#1877,#1878);
#1548=AXIS2_PLACEMENT_3D('',#2190,#1887,#1888);
#1549=AXIS2_PLACEMENT_3D('',#2193,#1891,#1892);
#1550=AXIS2_PLACEMENT_3D('',#2199,#1896,#1897);
#1551=AXIS2_PLACEMENT_3D('',#2205,#1901,#1902);
#1552=AXIS2_PLACEMENT_3D('',#2207,#1904,#1905);
#1553=AXIS2_PLACEMENT_3D('',#2213,#1909,#1910);
#1554=AXIS2_PLACEMENT_3D('',#2217,#1913,#1914);
#1555=AXIS2_PLACEMENT_3D('',#2221,#1917,#1918);
#1556=AXIS2_PLACEMENT_3D('',#2223,#1920,#1921);
#1557=AXIS2_PLACEMENT_3D('',#2224,#1922,#1923);
#1558=AXIS2_PLACEMENT_3D('',#2226,#1924,#1925);
#1559=AXIS2_PLACEMENT_3D('',#2228,#1926,#1927);
#1560=AXIS2_PLACEMENT_3D('',#2229,#1928,#1929);
#1561=AXIS2_PLACEMENT_3D('',#2231,#1930,#1931);
#1562=AXIS2_PLACEMENT_3D('',#2232,#1932,#1933);
#1563=AXIS2_PLACEMENT_3D('',#2234,#1934,#1935);
#1564=AXIS2_PLACEMENT_3D('',#2236,#1936,#1937);
#1565=AXIS2_PLACEMENT_3D('',#2237,#1938,#1939);
#1566=AXIS2_PLACEMENT_3D('',#2239,#1940,#1941);
#1567=AXIS2_PLACEMENT_3D('',#2241,#1943,#1944);
#1568=AXIS2_PLACEMENT_3D('',#2243,#1946,#1947);
#1569=AXIS2_PLACEMENT_3D('',#2245,#1949,#1950);
#1570=AXIS2_PLACEMENT_3D('',#2246,#1951,#1952);
#1571=AXIS2_PLACEMENT_3D('',#2247,#1953,#1954);
#1572=AXIS2_PLACEMENT_3D('',#2248,#1955,#1956);
#1573=DIRECTION('',(0.,0.,1.));
#1574=DIRECTION('',(1.,0.,0.));
#1575=DIRECTION('',(0.,0.,1.));
#1576=DIRECTION('',(1.,0.,0.));
#1577=DIRECTION('',(0.,1.,0.));
#1578=DIRECTION('',(1.,0.,0.));
#1579=DIRECTION('',(0.,1.,0.));
#1580=DIRECTION('',(1.,0.,0.));
#1581=DIRECTION('',(0.,0.,1.));
#1582=DIRECTION('',(0.,-1.,0.));
#1583=DIRECTION('',(0.,0.,1.));
#1584=DIRECTION('',(0.,-1.,0.));
#1585=DIRECTION('',(-1.,0.,0.));
#1586=DIRECTION('',(0.,-1.,0.));
#1587=DIRECTION('',(-1.,0.,0.));
#1588=DIRECTION('',(0.,-1.,0.));
#1589=DIRECTION('',(0.,0.,1.));
#1590=DIRECTION('',(1.,0.,0.));
#1591=DIRECTION('',(1.01549895969106E-16,-1.,0.));
#1592=DIRECTION('',(1.,0.,0.));
#1593=DIRECTION('',(0.,-1.,0.));
#1594=DIRECTION('',(1.,0.,0.));
#1595=DIRECTION('',(1.,0.,0.));
#1596=DIRECTION('',(0.,1.,0.));
#1597=DIRECTION('',(1.,0.,0.));
#1598=DIRECTION('',(0.,1.,0.));
#1599=DIRECTION('',(0.,1.,0.));
#1600=DIRECTION('',(1.,0.,0.));
#1601=DIRECTION('',(0.,0.,-1.));
#1602=DIRECTION('',(0.,0.,-1.));
#1603=DIRECTION('',(1.,1.01549895969106E-16,0.));
#1604=DIRECTION('',(1.01549895969106E-16,-1.,0.));
#1605=DIRECTION('',(0.,0.,-1.));
#1606=DIRECTION('',(1.01549895969106E-16,-1.,0.));
#1607=DIRECTION('',(0.,0.,-1.));
#1608=DIRECTION('',(1.,0.,0.));
#1609=DIRECTION('',(0.,-1.,0.));
#1610=DIRECTION('',(0.,0.,-1.));
#1611=DIRECTION('',(0.,-1.,0.));
#1612=DIRECTION('',(0.,0.,-1.));
#1613=DIRECTION('',(0.,1.,0.));
#1614=DIRECTION('',(1.,0.,0.));
#1615=DIRECTION('',(1.,0.,0.));
#1616=DIRECTION('',(0.,1.,0.));
#1617=DIRECTION('',(1.,0.,0.));
#1618=DIRECTION('',(0.,0.,1.));
#1619=DIRECTION('',(-1.,0.,0.));
#1620=DIRECTION('',(0.,0.,1.));
#1621=DIRECTION('',(-1.,0.,0.));
#1622=DIRECTION('',(0.,1.,0.));
#1623=DIRECTION('',(0.,-1.,0.));
#1624=DIRECTION('',(0.,0.,1.));
#1625=DIRECTION('',(0.,1.,0.));
#1626=DIRECTION('',(1.,0.,0.));
#1627=DIRECTION('',(-1.,0.,0.));
#1628=DIRECTION('',(0.,0.,1.));
#1629=DIRECTION('',(-1.,0.,0.));
#1630=DIRECTION('',(0.,1.,0.));
#1631=DIRECTION('',(0.,-1.,0.));
#1632=DIRECTION('',(0.,0.,1.));
#1633=DIRECTION('',(0.,-1.,0.));
#1634=DIRECTION('',(0.,0.,-1.));
#1635=DIRECTION('',(0.,1.,0.));
#1636=DIRECTION('',(0.,0.,1.));
#1637=DIRECTION('',(0.,-1.,0.));
#1638=DIRECTION('',(0.,0.,-1.));
#1639=DIRECTION('',(-1.,0.,0.));
#1640=DIRECTION('',(0.,0.,-1.));
#1641=DIRECTION('',(0.,1.,0.));
#1642=DIRECTION('',(0.,0.,1.));
#1643=DIRECTION('',(0.,-1.,0.));
#1644=DIRECTION('',(0.,0.,-1.));
#1645=DIRECTION('',(0.,1.,0.));
#1646=DIRECTION('',(0.,0.,1.));
#1647=DIRECTION('',(0.,-1.,0.));
#1648=DIRECTION('',(0.,0.,-1.));
#1649=DIRECTION('',(-1.,0.,0.));
#1650=DIRECTION('',(0.,0.,-1.));
#1651=DIRECTION('',(0.,1.,0.));
#1652=DIRECTION('',(0.,1.,0.));
#1653=DIRECTION('',(1.,0.,0.));
#1654=DIRECTION('',(1.,0.,0.));
#1655=DIRECTION('',(-1.,0.,0.));
#1656=DIRECTION('',(0.,1.,0.));
#1657=DIRECTION('',(0.,0.,-1.));
#1658=DIRECTION('',(0.,1.,0.));
#1659=DIRECTION('',(1.,0.,0.));
#1660=DIRECTION('',(0.,0.,-1.));
#1661=DIRECTION('',(0.,0.,-1.));
#1662=DIRECTION('',(0.,1.,0.));
#1663=DIRECTION('',(0.,0.,-1.));
#1664=DIRECTION('',(0.,1.,0.));
#1665=DIRECTION('',(0.,0.,1.));
#1666=DIRECTION('',(1.,0.,0.));
#1667=DIRECTION('',(-1.,0.,0.));
#1668=DIRECTION('',(0.,1.,0.));
#1669=DIRECTION('',(0.,0.,1.));
#1670=DIRECTION('',(1.,0.,0.));
#1671=DIRECTION('',(0.,0.,1.));
#1672=DIRECTION('',(1.,0.,0.));
#1673=DIRECTION('',(0.,0.,1.));
#1674=DIRECTION('',(1.,0.,0.));
#1675=DIRECTION('',(0.,0.,1.));
#1676=DIRECTION('',(1.,0.,0.));
#1677=DIRECTION('',(0.,0.,1.));
#1678=DIRECTION('',(1.,0.,0.));
#1679=DIRECTION('',(0.,0.,1.));
#1680=DIRECTION('',(1.,0.,0.));
#1681=DIRECTION('',(0.,0.,1.));
#1682=DIRECTION('',(1.,0.,0.));
#1683=DIRECTION('',(0.,0.,1.));
#1684=DIRECTION('',(1.,0.,0.));
#1685=DIRECTION('',(0.,0.,1.));
#1686=DIRECTION('',(1.,0.,0.));
#1687=DIRECTION('',(0.,0.,1.));
#1688=DIRECTION('',(1.,0.,0.));
#1689=DIRECTION('',(0.,0.,1.));
#1690=DIRECTION('',(1.,0.,0.));
#1691=DIRECTION('',(0.,0.,1.));
#1692=DIRECTION('',(1.,0.,0.));
#1693=DIRECTION('',(0.,0.,1.));
#1694=DIRECTION('',(1.,0.,0.));
#1695=DIRECTION('',(0.,0.,1.));
#1696=DIRECTION('',(1.,0.,0.));
#1697=DIRECTION('',(0.,0.,1.));
#1698=DIRECTION('',(1.,0.,0.));
#1699=DIRECTION('',(0.,0.,1.));
#1700=DIRECTION('',(1.,0.,0.));
#1701=DIRECTION('',(0.,0.,1.));
#1702=DIRECTION('',(1.,0.,0.));
#1703=DIRECTION('',(0.,0.,1.));
#1704=DIRECTION('',(1.,0.,0.));
#1705=DIRECTION('',(0.,0.,1.));
#1706=DIRECTION('',(1.,0.,0.));
#1707=DIRECTION('',(0.,0.,1.));
#1708=DIRECTION('',(1.,0.,0.));
#1709=DIRECTION('',(0.,0.,1.));
#1710=DIRECTION('',(1.,0.,0.));
#1711=DIRECTION('',(0.,0.,1.));
#1712=DIRECTION('',(1.,0.,0.));
#1713=DIRECTION('',(0.,0.,1.));
#1714=DIRECTION('',(1.,0.,0.));
#1715=DIRECTION('',(0.,0.,1.));
#1716=DIRECTION('',(1.,0.,0.));
#1717=DIRECTION('',(0.,0.,1.));
#1718=DIRECTION('',(1.,0.,0.));
#1719=DIRECTION('',(0.,0.,1.));
#1720=DIRECTION('',(1.,0.,0.));
#1721=DIRECTION('',(0.,0.,1.));
#1722=DIRECTION('',(1.,0.,0.));
#1723=DIRECTION('',(0.,0.,1.));
#1724=DIRECTION('',(1.,0.,0.));
#1725=DIRECTION('',(0.,0.,1.));
#1726=DIRECTION('',(1.,0.,0.));
#1727=DIRECTION('',(0.,0.,1.));
#1728=DIRECTION('',(1.,0.,0.));
#1729=DIRECTION('',(0.,0.,1.));
#1730=DIRECTION('',(1.,0.,0.));
#1731=DIRECTION('',(0.,0.,1.));
#1732=DIRECTION('',(1.,0.,0.));
#1733=DIRECTION('',(0.,0.,1.));
#1734=DIRECTION('',(1.,0.,0.));
#1735=DIRECTION('',(0.,0.,1.));
#1736=DIRECTION('',(1.,0.,0.));
#1737=DIRECTION('',(0.,0.,1.));
#1738=DIRECTION('',(1.,0.,0.));
#1739=DIRECTION('',(0.,0.,1.));
#1740=DIRECTION('',(1.,0.,0.));
#1741=DIRECTION('',(0.,0.,1.));
#1742=DIRECTION('',(1.,0.,0.));
#1743=DIRECTION('',(0.,0.,1.));
#1744=DIRECTION('',(1.,0.,0.));
#1745=DIRECTION('',(0.,0.,1.));
#1746=DIRECTION('',(1.,0.,0.));
#1747=DIRECTION('',(0.,0.,1.));
#1748=DIRECTION('',(1.,0.,0.));
#1749=DIRECTION('',(0.,0.,1.));
#1750=DIRECTION('',(1.,0.,0.));
#1751=DIRECTION('',(0.,0.,1.));
#1752=DIRECTION('',(1.,0.,0.));
#1753=DIRECTION('',(0.,0.,1.));
#1754=DIRECTION('',(1.,0.,0.));
#1755=DIRECTION('',(0.,0.,1.));
#1756=DIRECTION('',(1.,0.,0.));
#1757=DIRECTION('',(0.,0.,1.));
#1758=DIRECTION('',(1.,0.,0.));
#1759=DIRECTION('',(0.,0.,1.));
#1760=DIRECTION('',(1.,0.,0.));
#1761=DIRECTION('',(0.,0.,1.));
#1762=DIRECTION('',(1.,0.,0.));
#1763=DIRECTION('',(0.,0.,1.));
#1764=DIRECTION('',(1.,0.,0.));
#1765=DIRECTION('',(0.,0.,1.));
#1766=DIRECTION('',(1.,0.,0.));
#1767=DIRECTION('',(0.,0.,1.));
#1768=DIRECTION('',(1.,0.,0.));
#1769=DIRECTION('',(0.,0.,1.));
#1770=DIRECTION('',(1.,0.,0.));
#1771=DIRECTION('',(0.,0.,1.));
#1772=DIRECTION('',(1.,0.,0.));
#1773=DIRECTION('',(0.,0.,1.));
#1774=DIRECTION('',(1.,0.,0.));
#1775=DIRECTION('',(0.,0.,1.));
#1776=DIRECTION('',(1.,0.,0.));
#1777=DIRECTION('',(0.,0.,1.));
#1778=DIRECTION('',(1.,0.,0.));
#1779=DIRECTION('',(0.,0.,1.));
#1780=DIRECTION('',(1.,0.,0.));
#1781=DIRECTION('',(0.,0.,1.));
#1782=DIRECTION('',(1.,0.,0.));
#1783=DIRECTION('',(0.,0.,1.));
#1784=DIRECTION('',(1.,0.,0.));
#1785=DIRECTION('',(0.,0.,1.));
#1786=DIRECTION('',(1.,0.,0.));
#1787=DIRECTION('',(0.,0.,1.));
#1788=DIRECTION('',(1.,0.,0.));
#1789=DIRECTION('',(0.,0.,1.));
#1790=DIRECTION('',(1.,0.,0.));
#1791=DIRECTION('',(0.,0.,1.));
#1792=DIRECTION('',(1.,0.,0.));
#1793=DIRECTION('',(0.,0.,1.));
#1794=DIRECTION('',(1.,0.,0.));
#1795=DIRECTION('',(0.,0.,1.));
#1796=DIRECTION('',(1.,0.,0.));
#1797=DIRECTION('',(0.,0.,1.));
#1798=DIRECTION('',(1.,0.,0.));
#1799=DIRECTION('',(0.,0.,1.));
#1800=DIRECTION('',(1.,0.,0.));
#1801=DIRECTION('',(0.,0.,1.));
#1802=DIRECTION('',(1.,0.,0.));
#1803=DIRECTION('',(0.,0.,1.));
#1804=DIRECTION('',(1.,0.,0.));
#1805=DIRECTION('',(0.,0.,1.));
#1806=DIRECTION('',(1.,0.,0.));
#1807=DIRECTION('',(0.,0.,1.));
#1808=DIRECTION('',(1.,0.,0.));
#1809=DIRECTION('',(0.,0.,1.));
#1810=DIRECTION('',(1.,0.,0.));
#1811=DIRECTION('',(0.,0.,1.));
#1812=DIRECTION('',(1.,0.,0.));
#1813=DIRECTION('',(0.,0.,1.));
#1814=DIRECTION('',(1.,0.,0.));
#1815=DIRECTION('',(0.,0.,1.));
#1816=DIRECTION('',(1.,0.,0.));
#1817=DIRECTION('',(0.,0.,1.));
#1818=DIRECTION('',(1.,0.,0.));
#1819=DIRECTION('',(0.,0.,1.));
#1820=DIRECTION('',(1.,0.,0.));
#1821=DIRECTION('',(0.,0.,1.));
#1822=DIRECTION('',(1.,0.,0.));
#1823=DIRECTION('',(0.,0.,1.));
#1824=DIRECTION('',(1.,0.,0.));
#1825=DIRECTION('',(0.,0.,1.));
#1826=DIRECTION('',(1.,0.,0.));
#1827=DIRECTION('',(0.,0.,1.));
#1828=DIRECTION('',(1.,0.,0.));
#1829=DIRECTION('',(0.,0.,1.));
#1830=DIRECTION('',(1.,0.,0.));
#1831=DIRECTION('',(0.,0.,1.));
#1832=DIRECTION('',(1.,0.,0.));
#1833=DIRECTION('',(0.,0.,1.));
#1834=DIRECTION('',(1.,0.,0.));
#1835=DIRECTION('',(0.,0.,1.));
#1836=DIRECTION('',(1.,0.,0.));
#1837=DIRECTION('',(0.,0.,1.));
#1838=DIRECTION('',(1.,0.,0.));
#1839=DIRECTION('',(0.,0.,1.));
#1840=DIRECTION('',(1.,0.,0.));
#1841=DIRECTION('',(0.,0.,1.));
#1842=DIRECTION('',(1.,0.,0.));
#1843=DIRECTION('',(0.,0.,1.));
#1844=DIRECTION('',(1.,0.,0.));
#1845=DIRECTION('',(0.,0.,1.));
#1846=DIRECTION('',(1.,0.,0.));
#1847=DIRECTION('',(0.,0.,1.));
#1848=DIRECTION('',(1.,0.,0.));
#1849=DIRECTION('',(0.,0.,1.));
#1850=DIRECTION('',(1.,0.,0.));
#1851=DIRECTION('',(0.,0.,1.));
#1852=DIRECTION('',(1.,0.,0.));
#1853=DIRECTION('',(0.,0.,1.));
#1854=DIRECTION('',(1.,0.,0.));
#1855=DIRECTION('',(0.,0.,1.));
#1856=DIRECTION('',(1.,0.,0.));
#1857=DIRECTION('',(0.,0.,1.));
#1858=DIRECTION('',(1.,0.,0.));
#1859=DIRECTION('',(0.,0.,1.));
#1860=DIRECTION('',(1.,0.,0.));
#1861=DIRECTION('',(0.,0.,1.));
#1862=DIRECTION('',(1.,0.,0.));
#1863=DIRECTION('',(0.,0.,1.));
#1864=DIRECTION('',(1.,0.,0.));
#1865=DIRECTION('',(0.,1.,0.));
#1866=DIRECTION('',(1.,0.,0.));
#1867=DIRECTION('',(0.,1.,0.));
#1868=DIRECTION('',(1.,0.,0.));
#1869=DIRECTION('',(0.,0.,1.));
#1870=DIRECTION('',(0.,-1.,0.));
#1871=DIRECTION('',(0.,0.,1.));
#1872=DIRECTION('',(0.,-1.,0.));
#1873=DIRECTION('',(-1.,0.,0.));
#1874=DIRECTION('',(0.,-1.,0.));
#1875=DIRECTION('',(-1.,0.,0.));
#1876=DIRECTION('',(0.,-1.,0.));
#1877=DIRECTION('',(0.,0.,1.));
#1878=DIRECTION('',(1.,0.,0.));
#1879=DIRECTION('',(1.01549895969106E-16,-1.,0.));
#1880=DIRECTION('',(1.,0.,0.));
#1881=DIRECTION('',(0.,-1.,0.));
#1882=DIRECTION('',(1.,0.,0.));
#1883=DIRECTION('',(1.,0.,0.));
#1884=DIRECTION('',(0.,1.,0.));
#1885=DIRECTION('',(1.,0.,0.));
#1886=DIRECTION('',(0.,1.,0.));
#1887=DIRECTION('',(0.,1.,0.));
#1888=DIRECTION('',(1.,0.,0.));
#1889=DIRECTION('',(0.,0.,-1.));
#1890=DIRECTION('',(0.,0.,-1.));
#1891=DIRECTION('',(1.,1.01549895969106E-16,0.));
#1892=DIRECTION('',(1.01549895969106E-16,-1.,0.));
#1893=DIRECTION('',(0.,0.,-1.));
#1894=DIRECTION('',(1.01549895969106E-16,-1.,0.));
#1895=DIRECTION('',(0.,0.,-1.));
#1896=DIRECTION('',(1.,0.,0.));
#1897=DIRECTION('',(0.,-1.,0.));
#1898=DIRECTION('',(0.,0.,-1.));
#1899=DIRECTION('',(0.,-1.,0.));
#1900=DIRECTION('',(0.,0.,-1.));
#1901=DIRECTION('',(0.,1.,0.));
#1902=DIRECTION('',(1.,0.,0.));
#1903=DIRECTION('',(1.,0.,0.));
#1904=DIRECTION('',(0.,1.,0.));
#1905=DIRECTION('',(1.,0.,0.));
#1906=DIRECTION('',(0.,0.,1.));
#1907=DIRECTION('',(-1.,0.,0.));
#1908=DIRECTION('',(0.,0.,1.));
#1909=DIRECTION('',(-1.,0.,0.));
#1910=DIRECTION('',(0.,1.,0.));
#1911=DIRECTION('',(0.,-1.,0.));
#1912=DIRECTION('',(0.,0.,1.));
#1913=DIRECTION('',(0.,1.,0.));
#1914=DIRECTION('',(1.,0.,0.));
#1915=DIRECTION('',(-1.,0.,0.));
#1916=DIRECTION('',(0.,0.,1.));
#1917=DIRECTION('',(-1.,0.,0.));
#1918=DIRECTION('',(0.,1.,0.));
#1919=DIRECTION('',(0.,-1.,0.));
#1920=DIRECTION('',(0.,0.,1.));
#1921=DIRECTION('',(0.,-1.,0.));
#1922=DIRECTION('',(0.,0.,-1.));
#1923=DIRECTION('',(0.,1.,0.));
#1924=DIRECTION('',(0.,0.,1.));
#1925=DIRECTION('',(0.,-1.,0.));
#1926=DIRECTION('',(0.,0.,-1.));
#1927=DIRECTION('',(-1.,0.,0.));
#1928=DIRECTION('',(0.,0.,-1.));
#1929=DIRECTION('',(0.,1.,0.));
#1930=DIRECTION('',(0.,0.,1.));
#1931=DIRECTION('',(0.,-1.,0.));
#1932=DIRECTION('',(0.,0.,-1.));
#1933=DIRECTION('',(0.,1.,0.));
#1934=DIRECTION('',(0.,0.,1.));
#1935=DIRECTION('',(0.,-1.,0.));
#1936=DIRECTION('',(0.,0.,-1.));
#1937=DIRECTION('',(-1.,0.,0.));
#1938=DIRECTION('',(0.,0.,-1.));
#1939=DIRECTION('',(0.,1.,0.));
#1940=DIRECTION('',(0.,1.,0.));
#1941=DIRECTION('',(1.,0.,0.));
#1942=DIRECTION('',(1.,0.,0.));
#1943=DIRECTION('',(-1.,0.,0.));
#1944=DIRECTION('',(0.,1.,0.));
#1945=DIRECTION('',(0.,0.,-1.));
#1946=DIRECTION('',(0.,1.,0.));
#1947=DIRECTION('',(1.,0.,0.));
#1948=DIRECTION('',(0.,0.,-1.));
#1949=DIRECTION('',(0.,0.,-1.));
#1950=DIRECTION('',(0.,1.,0.));
#1951=DIRECTION('',(0.,0.,-1.));
#1952=DIRECTION('',(0.,1.,0.));
#1953=DIRECTION('',(0.,0.,1.));
#1954=DIRECTION('',(1.,0.,0.));
#1955=DIRECTION('',(-1.,0.,0.));
#1956=DIRECTION('',(0.,1.,0.));
#1957=CARTESIAN_POINT('',(0.,0.,0.));
#1958=CARTESIAN_POINT('',(1.08537872229497,3.76497794602266,3.70294));
#1959=CARTESIAN_POINT('',(0.328114026821124,3.85387794602266,3.70294));
#1960=CARTESIAN_POINT('',(0.328114026821124,2.88305423697201,3.70294));
#1961=CARTESIAN_POINT('',(0.328114026821124,4.74690165507331,3.70294));
#1962=CARTESIAN_POINT('',(1.17427872229497,2.88305423697201,3.70294));
#1963=CARTESIAN_POINT('',(1.87264341776881,2.88305423697201,3.70294));
#1964=CARTESIAN_POINT('',(1.87264341776881,3.67607794602266,3.70294));
#1965=CARTESIAN_POINT('',(1.87264341776881,4.74690165507331,3.70294));
#1966=CARTESIAN_POINT('',(1.83374341776881,4.74690165507331,3.70294));
#1967=CARTESIAN_POINT('',(1.38318706303835,3.30322198569774,3.70294));
#1968=CARTESIAN_POINT('',(1.38318706303835,3.25234885763805,3.70294));
#1969=CARTESIAN_POINT('',(1.38444313779473,4.30789850652218,3.70294));
#1970=CARTESIAN_POINT('',(1.38444313779473,4.25667958653647,3.70294));
#1971=CARTESIAN_POINT('',(0.629413101777907,4.57713734701769,3.70294));
#1972=CARTESIAN_POINT('',(0.782585547550411,4.57713734701769,3.70294));
#1973=CARTESIAN_POINT('',(0.476240656005404,4.57713734701769,3.70294));
#1974=CARTESIAN_POINT('',(0.782585547550411,3.81121406521532,3.70294));
#1975=CARTESIAN_POINT('',(0.782585547550411,3.04529078341297,3.70294));
#1976=CARTESIAN_POINT('',(0.629413101777907,3.04529078341297,3.70294));
#1977=CARTESIAN_POINT('',(0.476240656005404,3.04529078341297,3.70294));
#1978=CARTESIAN_POINT('',(0.476240656005404,3.81121406521532,3.70294));
#1979=CARTESIAN_POINT('',(1.08537872229497,3.76497794602266,3.20294));
#1980=CARTESIAN_POINT('',(0.425914026821123,3.76497794602266,3.20294));
#1981=CARTESIAN_POINT('',(0.425914026821123,4.61910165507331,3.20294));
#1982=CARTESIAN_POINT('',(0.425914026821123,3.010854236972,3.20294));
#1983=CARTESIAN_POINT('',(1.08537872229497,3.010854236972,3.20294));
#1984=CARTESIAN_POINT('',(1.74484341776881,3.010854236972,3.20294));
#1985=CARTESIAN_POINT('',(1.74484341776881,3.76497794602266,3.20294));
#1986=CARTESIAN_POINT('',(1.74484341776881,4.61910165507331,3.20294));
#1987=CARTESIAN_POINT('',(1.08537872229497,4.61910165507331,3.20294));
#1988=CARTESIAN_POINT('',(1.17427872229497,2.88305423697201,3.20294));
#1989=CARTESIAN_POINT('',(0.328114026821124,2.88305423697201,3.20294));
#1990=CARTESIAN_POINT('',(1.87264341776881,2.88305423697201,3.20294));
#1991=CARTESIAN_POINT('',(0.328114026821124,3.85387794602266,3.20294));
#1992=CARTESIAN_POINT('',(0.328114026821124,4.74690165507331,3.20294));
#1993=CARTESIAN_POINT('',(1.83374341776881,4.74690165507331,3.20294));
#1994=CARTESIAN_POINT('',(1.87264341776881,4.74690165507331,3.20294));
#1995=CARTESIAN_POINT('',(1.87264341776881,3.67607794602266,3.20294));
#1996=CARTESIAN_POINT('',(1.83374341776881,4.74690165507331,3.70294));
#1997=CARTESIAN_POINT('',(0.328114026821124,4.74690165507331,3.70294));
#1998=CARTESIAN_POINT('',(1.87264341776881,4.74690165507331,3.70294));
#1999=CARTESIAN_POINT('',(0.425914026821123,3.76497794602266,3.70294));
#2000=CARTESIAN_POINT('',(0.425914026821123,4.61910165507331,3.70294));
#2001=CARTESIAN_POINT('',(0.425914026821123,4.61910165507331,3.65294));
#2002=CARTESIAN_POINT('',(0.425914026821123,3.76497794602266,3.65294));
#2003=CARTESIAN_POINT('',(0.425914026821123,3.010854236972,3.65294));
#2004=CARTESIAN_POINT('',(0.425914026821123,3.010854236972,3.70294));
#2005=CARTESIAN_POINT('',(1.74484341776881,3.76497794602266,3.70294));
#2006=CARTESIAN_POINT('',(1.74484341776881,3.010854236972,3.70294));
#2007=CARTESIAN_POINT('',(1.74484341776881,3.010854236972,3.65294));
#2008=CARTESIAN_POINT('',(1.74484341776881,3.76497794602266,3.65294));
#2009=CARTESIAN_POINT('',(1.74484341776881,4.61910165507331,3.65294));
#2010=CARTESIAN_POINT('',(1.74484341776881,4.61910165507331,3.70294));
#2011=CARTESIAN_POINT('',(1.08537872229497,4.61910165507331,3.70294));
#2012=CARTESIAN_POINT('',(1.08537872229497,4.61910165507331,3.65294));
#2013=CARTESIAN_POINT('',(0.629413101777907,4.57713734701769,3.60294));
#2014=CARTESIAN_POINT('',(0.476240656005404,4.57713734701769,3.60294));
#2015=CARTESIAN_POINT('',(0.476240656005404,4.57713734701769,3.65294));
#2016=CARTESIAN_POINT('',(0.629413101777907,4.57713734701769,3.65294));
#2017=CARTESIAN_POINT('',(0.782585547550411,4.57713734701769,3.65294));
#2018=CARTESIAN_POINT('',(0.782585547550411,4.57713734701769,3.60294));
#2019=CARTESIAN_POINT('',(0.782585547550411,3.81121406521532,3.60294));
#2020=CARTESIAN_POINT('',(0.782585547550411,3.81121406521532,3.65294));
#2021=CARTESIAN_POINT('',(0.782585547550411,3.04529078341297,3.65294));
#2022=CARTESIAN_POINT('',(0.782585547550411,3.04529078341297,3.60294));
#2023=CARTESIAN_POINT('',(0.629413101777907,3.04529078341297,3.60294));
#2024=CARTESIAN_POINT('',(0.629413101777907,3.04529078341297,3.65294));
#2025=CARTESIAN_POINT('',(0.476240656005404,3.04529078341297,3.65294));
#2026=CARTESIAN_POINT('',(0.476240656005404,3.04529078341297,3.60294));
#2027=CARTESIAN_POINT('',(0.476240656005404,3.81121406521532,3.60294));
#2028=CARTESIAN_POINT('',(0.476240656005404,3.81121406521532,3.65294));
#2029=CARTESIAN_POINT('',(1.38318706303835,3.30322198569774,3.20294));
#2030=CARTESIAN_POINT('',(1.38318706303835,3.30322198569774,3.20294));
#2031=CARTESIAN_POINT('',(1.38318706303835,3.44437995310614,3.20294));
#2032=CARTESIAN_POINT('',(1.38318706303835,3.30322198569774,3.65294));
#2033=CARTESIAN_POINT('',(1.38318706303835,3.16206401828935,3.65294));
#2034=CARTESIAN_POINT('',(1.08537872229497,3.76497794602266,3.20294));
#2035=CARTESIAN_POINT('',(1.38318706303835,3.30322198569774,3.20294));
#2036=CARTESIAN_POINT('',(1.38318706303835,3.35409511375744,3.20294));
#2037=CARTESIAN_POINT('',(1.38444313779473,4.30789850652218,3.20294));
#2038=CARTESIAN_POINT('',(1.38444313779473,4.30789850652218,3.20294));
#2039=CARTESIAN_POINT('',(1.38444313779473,4.45054040070977,3.20294));
#2040=CARTESIAN_POINT('',(1.38444313779473,4.30789850652218,3.65294));
#2041=CARTESIAN_POINT('',(1.38444313779473,4.16525661233459,3.65294));
#2042=CARTESIAN_POINT('',(1.08537872229497,3.76497794602266,3.20294));
#2043=CARTESIAN_POINT('',(1.38444313779473,4.30789850652218,3.20294));
#2044=CARTESIAN_POINT('',(1.38444313779473,4.35911742650789,3.20294));
#2045=CARTESIAN_POINT('',(1.08537872229497,3.010854236972,3.70294));
#2046=CARTESIAN_POINT('',(1.08537872229497,3.010854236972,3.65294));
#2047=CARTESIAN_POINT('',(1.87264341776881,3.67607794602266,3.70294));
#2048=CARTESIAN_POINT('',(1.87264341776881,2.88305423697201,3.70294));
#2049=CARTESIAN_POINT('',(1.17427872229497,2.88305423697201,3.70294));
#2050=CARTESIAN_POINT('',(0.328114026821124,2.88305423697201,3.70294));
#2051=CARTESIAN_POINT('',(1.38444313779473,4.30789850652218,5.74294));
#2052=CARTESIAN_POINT('',(1.38318706303835,3.30322198569774,5.74294));
#2053=CARTESIAN_POINT('',(1.08537872229497,3.76497794602266,3.65294));
#2054=CARTESIAN_POINT('',(0.328114026821124,3.85387794602266,3.70294));
#2055=CARTESIAN_POINT('',(0.,0.,0.));
#2056=CARTESIAN_POINT('',(0.,0.,0.));
#2057=CARTESIAN_POINT('',(0.,0.,0.));
#2058=CARTESIAN_POINT('',(0.,0.,0.));
#2059=CARTESIAN_POINT('',(0.,0.,0.));
#2060=CARTESIAN_POINT('',(0.,0.,0.));
#2061=CARTESIAN_POINT('',(0.,0.,0.));
#2062=CARTESIAN_POINT('',(0.,0.,0.));
#2063=CARTESIAN_POINT('',(0.,0.,0.));
#2064=CARTESIAN_POINT('',(0.,0.,0.));
#2065=CARTESIAN_POINT('',(0.,0.,0.));
#2066=CARTESIAN_POINT('',(0.,0.,0.));
#2067=CARTESIAN_POINT('',(0.,0.,0.));
#2068=CARTESIAN_POINT('',(0.,0.,0.));
#2069=CARTESIAN_POINT('',(0.,0.,0.));
#2070=CARTESIAN_POINT('',(0.,0.,0.));
#2071=CARTESIAN_POINT('',(0.,0.,0.));
#2072=CARTESIAN_POINT('',(0.,0.,0.));
#2073=CARTESIAN_POINT('',(0.,0.,0.));
#2074=CARTESIAN_POINT('',(0.,0.,0.));
#2075=CARTESIAN_POINT('',(0.,0.,0.));
#2076=CARTESIAN_POINT('',(0.,0.,0.));
#2077=CARTESIAN_POINT('',(0.,0.,0.));
#2078=CARTESIAN_POINT('',(0.,0.,0.));
#2079=CARTESIAN_POINT('',(0.,0.,0.));
#2080=CARTESIAN_POINT('',(0.,0.,0.));
#2081=CARTESIAN_POINT('',(0.,0.,0.));
#2082=CARTESIAN_POINT('',(0.,0.,0.));
#2083=CARTESIAN_POINT('',(0.,0.,0.));
#2084=CARTESIAN_POINT('',(0.,0.,0.));
#2085=CARTESIAN_POINT('',(0.,0.,0.));
#2086=CARTESIAN_POINT('',(0.,0.,0.));
#2087=CARTESIAN_POINT('',(0.,0.,0.));
#2088=CARTESIAN_POINT('',(0.,0.,0.));
#2089=CARTESIAN_POINT('',(0.,0.,0.));
#2090=CARTESIAN_POINT('',(0.,0.,0.));
#2091=CARTESIAN_POINT('',(0.,0.,0.));
#2092=CARTESIAN_POINT('',(0.,0.,0.));
#2093=CARTESIAN_POINT('',(0.,0.,0.));
#2094=CARTESIAN_POINT('',(0.,0.,0.));
#2095=CARTESIAN_POINT('',(0.,0.,0.));
#2096=CARTESIAN_POINT('',(0.,0.,0.));
#2097=CARTESIAN_POINT('',(0.,0.,0.));
#2098=CARTESIAN_POINT('',(0.,0.,0.));
#2099=CARTESIAN_POINT('',(0.,0.,0.));
#2100=CARTESIAN_POINT('',(0.,0.,0.));
#2101=CARTESIAN_POINT('',(0.,0.,0.));
#2102=CARTESIAN_POINT('',(0.,0.,0.));
#2103=CARTESIAN_POINT('',(0.,0.,0.));
#2104=CARTESIAN_POINT('',(0.,0.,0.));
#2105=CARTESIAN_POINT('',(0.,0.,0.));
#2106=CARTESIAN_POINT('',(0.,0.,0.));
#2107=CARTESIAN_POINT('',(0.,0.,0.));
#2108=CARTESIAN_POINT('',(0.,0.,0.));
#2109=CARTESIAN_POINT('',(0.,0.,0.));
#2110=CARTESIAN_POINT('',(0.,0.,0.));
#2111=CARTESIAN_POINT('',(0.,0.,0.));
#2112=CARTESIAN_POINT('',(0.,0.,0.));
#2113=CARTESIAN_POINT('',(0.,0.,0.));
#2114=CARTESIAN_POINT('',(0.,0.,0.));
#2115=CARTESIAN_POINT('',(0.,0.,0.));
#2116=CARTESIAN_POINT('',(0.,0.,0.));
#2117=CARTESIAN_POINT('',(0.,0.,0.));
#2118=CARTESIAN_POINT('',(0.,0.,0.));
#2119=CARTESIAN_POINT('',(0.,0.,0.));
#2120=CARTESIAN_POINT('',(0.,0.,0.));
#2121=CARTESIAN_POINT('',(0.,0.,0.));
#2122=CARTESIAN_POINT('',(0.,0.,0.));
#2123=CARTESIAN_POINT('',(0.,0.,0.));
#2124=CARTESIAN_POINT('',(0.,0.,0.));
#2125=CARTESIAN_POINT('',(0.,0.,0.));
#2126=CARTESIAN_POINT('',(0.,0.,0.));
#2127=CARTESIAN_POINT('',(0.,0.,0.));
#2128=CARTESIAN_POINT('',(0.,0.,0.));
#2129=CARTESIAN_POINT('',(0.,0.,0.));
#2130=CARTESIAN_POINT('',(0.,0.,0.));
#2131=CARTESIAN_POINT('',(0.,0.,0.));
#2132=CARTESIAN_POINT('',(0.,0.,0.));
#2133=CARTESIAN_POINT('',(0.,0.,0.));
#2134=CARTESIAN_POINT('',(0.,0.,0.));
#2135=CARTESIAN_POINT('',(0.,0.,0.));
#2136=CARTESIAN_POINT('',(0.,0.,0.));
#2137=CARTESIAN_POINT('',(0.,0.,0.));
#2138=CARTESIAN_POINT('',(0.,0.,0.));
#2139=CARTESIAN_POINT('',(0.,0.,0.));
#2140=CARTESIAN_POINT('',(0.,0.,0.));
#2141=CARTESIAN_POINT('',(0.,0.,0.));
#2142=CARTESIAN_POINT('',(0.,0.,0.));
#2143=CARTESIAN_POINT('',(0.,0.,0.));
#2144=CARTESIAN_POINT('',(0.,0.,0.));
#2145=CARTESIAN_POINT('',(0.,0.,0.));
#2146=CARTESIAN_POINT('',(0.,0.,0.));
#2147=CARTESIAN_POINT('',(0.,0.,0.));
#2148=CARTESIAN_POINT('',(0.,0.,0.));
#2149=CARTESIAN_POINT('',(0.,0.,0.));
#2150=CARTESIAN_POINT('',(0.,0.,0.));
#2151=CARTESIAN_POINT('',(0.,0.,0.));
#2152=CARTESIAN_POINT('',(1.13537872229497,3.81497794602266,0.5));
#2153=CARTESIAN_POINT('',(0.378114026821123,3.90387794602266,0.5));
#2154=CARTESIAN_POINT('',(0.378114026821123,2.933054236972,0.5));
#2155=CARTESIAN_POINT('',(0.378114026821123,4.79690165507331,0.5));
#2156=CARTESIAN_POINT('',(1.22427872229497,2.933054236972,0.5));
#2157=CARTESIAN_POINT('',(1.92264341776881,2.933054236972,0.5));
#2158=CARTESIAN_POINT('',(1.92264341776881,3.72607794602266,0.5));
#2159=CARTESIAN_POINT('',(1.92264341776881,4.79690165507331,0.5));
#2160=CARTESIAN_POINT('',(1.88374341776881,4.79690165507331,0.5));
#2161=CARTESIAN_POINT('',(1.43318706303835,3.35322198569774,0.5));
#2162=CARTESIAN_POINT('',(1.43318706303835,3.30234885763805,0.5));
#2163=CARTESIAN_POINT('',(1.43444313779473,4.35789850652218,0.5));
#2164=CARTESIAN_POINT('',(1.43444313779473,4.30667958653647,0.5));
#2165=CARTESIAN_POINT('',(0.679413101777907,4.62713734701769,0.5));
#2166=CARTESIAN_POINT('',(0.832585547550411,4.62713734701769,0.5));
#2167=CARTESIAN_POINT('',(0.526240656005404,4.62713734701769,0.5));
#2168=CARTESIAN_POINT('',(0.832585547550411,3.86121406521532,0.5));
#2169=CARTESIAN_POINT('',(0.832585547550411,3.09529078341297,0.5));
#2170=CARTESIAN_POINT('',(0.679413101777907,3.09529078341297,0.5));
#2171=CARTESIAN_POINT('',(0.526240656005404,3.09529078341297,0.5));
#2172=CARTESIAN_POINT('',(0.526240656005404,3.86121406521532,0.5));
#2173=CARTESIAN_POINT('',(1.13537872229497,3.81497794602266,0.));
#2174=CARTESIAN_POINT('',(0.475914026821123,3.81497794602266,0.));
#2175=CARTESIAN_POINT('',(0.475914026821123,4.66910165507331,0.));
#2176=CARTESIAN_POINT('',(0.475914026821123,3.060854236972,0.));
#2177=CARTESIAN_POINT('',(1.13537872229497,3.060854236972,0.));
#2178=CARTESIAN_POINT('',(1.79484341776881,3.060854236972,0.));
#2179=CARTESIAN_POINT('',(1.79484341776881,3.81497794602266,0.));
#2180=CARTESIAN_POINT('',(1.79484341776881,4.66910165507331,0.));
#2181=CARTESIAN_POINT('',(1.13537872229497,4.66910165507331,0.));
#2182=CARTESIAN_POINT('',(1.22427872229497,2.933054236972,0.));
#2183=CARTESIAN_POINT('',(0.378114026821123,2.933054236972,0.));
#2184=CARTESIAN_POINT('',(1.92264341776881,2.933054236972,0.));
#2185=CARTESIAN_POINT('',(0.378114026821123,3.90387794602266,0.));
#2186=CARTESIAN_POINT('',(0.378114026821123,4.79690165507331,0.));
#2187=CARTESIAN_POINT('',(1.88374341776881,4.79690165507331,0.));
#2188=CARTESIAN_POINT('',(1.92264341776881,4.79690165507331,0.));
#2189=CARTESIAN_POINT('',(1.92264341776881,3.72607794602266,0.));
#2190=CARTESIAN_POINT('',(1.88374341776881,4.79690165507331,0.5));
#2191=CARTESIAN_POINT('',(0.378114026821123,4.79690165507331,0.5));
#2192=CARTESIAN_POINT('',(1.92264341776881,4.79690165507331,0.5));
#2193=CARTESIAN_POINT('',(0.475914026821123,3.81497794602266,0.5));
#2194=CARTESIAN_POINT('',(0.475914026821123,4.66910165507331,0.5));
#2195=CARTESIAN_POINT('',(0.475914026821123,4.66910165507331,0.45));
#2196=CARTESIAN_POINT('',(0.475914026821123,3.81497794602266,0.45));
#2197=CARTESIAN_POINT('',(0.475914026821123,3.060854236972,0.45));
#2198=CARTESIAN_POINT('',(0.475914026821124,3.060854236972,0.5));
#2199=CARTESIAN_POINT('',(1.79484341776881,3.81497794602266,0.5));
#2200=CARTESIAN_POINT('',(1.79484341776881,3.060854236972,0.5));
#2201=CARTESIAN_POINT('',(1.79484341776881,3.060854236972,0.45));
#2202=CARTESIAN_POINT('',(1.79484341776881,3.81497794602266,0.45));
#2203=CARTESIAN_POINT('',(1.79484341776881,4.66910165507331,0.45));
#2204=CARTESIAN_POINT('',(1.79484341776881,4.66910165507331,0.5));
#2205=CARTESIAN_POINT('',(1.13537872229497,4.66910165507331,0.5));
#2206=CARTESIAN_POINT('',(1.13537872229497,4.66910165507331,0.45));
#2207=CARTESIAN_POINT('',(0.679413101777907,4.62713734701769,0.4));
#2208=CARTESIAN_POINT('',(0.526240656005404,4.62713734701769,0.4));
#2209=CARTESIAN_POINT('',(0.526240656005404,4.62713734701769,0.45));
#2210=CARTESIAN_POINT('',(0.679413101777907,4.62713734701769,0.45));
#2211=CARTESIAN_POINT('',(0.832585547550411,4.62713734701769,0.45));
#2212=CARTESIAN_POINT('',(0.832585547550411,4.62713734701769,0.4));
#2213=CARTESIAN_POINT('',(0.832585547550411,3.86121406521532,0.4));
#2214=CARTESIAN_POINT('',(0.832585547550411,3.86121406521532,0.45));
#2215=CARTESIAN_POINT('',(0.832585547550411,3.09529078341297,0.45));
#2216=CARTESIAN_POINT('',(0.832585547550411,3.09529078341297,0.4));
#2217=CARTESIAN_POINT('',(0.679413101777907,3.09529078341297,0.4));
#2218=CARTESIAN_POINT('',(0.679413101777907,3.09529078341297,0.45));
#2219=CARTESIAN_POINT('',(0.526240656005404,3.09529078341297,0.45));
#2220=CARTESIAN_POINT('',(0.526240656005404,3.09529078341297,0.4));
#2221=CARTESIAN_POINT('',(0.526240656005404,3.86121406521532,0.4));
#2222=CARTESIAN_POINT('',(0.526240656005404,3.86121406521532,0.45));
#2223=CARTESIAN_POINT('',(1.43318706303835,3.35322198569774,0.));
#2224=CARTESIAN_POINT('',(1.43318706303835,3.35322198569774,0.));
#2225=CARTESIAN_POINT('',(1.43318706303835,3.49437995310614,0.));
#2226=CARTESIAN_POINT('',(1.43318706303835,3.35322198569774,0.45));
#2227=CARTESIAN_POINT('',(1.43318706303835,3.21206401828935,0.45));
#2228=CARTESIAN_POINT('',(1.13537872229497,3.81497794602266,0.));
#2229=CARTESIAN_POINT('',(1.43318706303835,3.35322198569774,0.));
#2230=CARTESIAN_POINT('',(1.43318706303835,3.40409511375744,0.));
#2231=CARTESIAN_POINT('',(1.43444313779473,4.35789850652218,0.));
#2232=CARTESIAN_POINT('',(1.43444313779473,4.35789850652218,0.));
#2233=CARTESIAN_POINT('',(1.43444313779473,4.50054040070977,0.));
#2234=CARTESIAN_POINT('',(1.43444313779473,4.35789850652218,0.45));
#2235=CARTESIAN_POINT('',(1.43444313779473,4.21525661233459,0.45));
#2236=CARTESIAN_POINT('',(1.13537872229497,3.81497794602266,0.));
#2237=CARTESIAN_POINT('',(1.43444313779473,4.35789850652218,0.));
#2238=CARTESIAN_POINT('',(1.43444313779473,4.40911742650789,0.));
#2239=CARTESIAN_POINT('',(1.13537872229497,3.060854236972,0.5));
#2240=CARTESIAN_POINT('',(1.13537872229497,3.060854236972,0.45));
#2241=CARTESIAN_POINT('',(1.92264341776881,3.72607794602266,0.5));
#2242=CARTESIAN_POINT('',(1.92264341776881,2.933054236972,0.5));
#2243=CARTESIAN_POINT('',(1.22427872229497,2.933054236972,0.5));
#2244=CARTESIAN_POINT('',(0.378114026821123,2.933054236972,0.5));
#2245=CARTESIAN_POINT('',(1.43444313779473,4.35789850652218,2.54));
#2246=CARTESIAN_POINT('',(1.43318706303835,3.35322198569774,2.54));
#2247=CARTESIAN_POINT('',(1.13537872229497,3.81497794602266,0.45));
#2248=CARTESIAN_POINT('',(0.378114026821123,3.90387794602266,0.5));
#2249=MECHANICAL_DESIGN_GEOMETRIC_PRESENTATION_REPRESENTATION('',(#1204),
#2347);
#2250=MECHANICAL_DESIGN_GEOMETRIC_PRESENTATION_REPRESENTATION('',(),#2348);
#2251=MECHANICAL_DESIGN_GEOMETRIC_PRESENTATION_REPRESENTATION('',(),#2349);
#2252=MECHANICAL_DESIGN_GEOMETRIC_PRESENTATION_REPRESENTATION('',(),#2350);
#2253=MECHANICAL_DESIGN_GEOMETRIC_PRESENTATION_REPRESENTATION('',(),#2351);
#2254=MECHANICAL_DESIGN_GEOMETRIC_PRESENTATION_REPRESENTATION('',(),#2352);
#2255=MECHANICAL_DESIGN_GEOMETRIC_PRESENTATION_REPRESENTATION('',(),#2353);
#2256=MECHANICAL_DESIGN_GEOMETRIC_PRESENTATION_REPRESENTATION('',(),#2354);
#2257=MECHANICAL_DESIGN_GEOMETRIC_PRESENTATION_REPRESENTATION('',(),#2355);
#2258=MECHANICAL_DESIGN_GEOMETRIC_PRESENTATION_REPRESENTATION('',(),#2356);
#2259=MECHANICAL_DESIGN_GEOMETRIC_PRESENTATION_REPRESENTATION('',(),#2357);
#2260=MECHANICAL_DESIGN_GEOMETRIC_PRESENTATION_REPRESENTATION('',(),#2358);
#2261=MECHANICAL_DESIGN_GEOMETRIC_PRESENTATION_REPRESENTATION('',(),#2359);
#2262=MECHANICAL_DESIGN_GEOMETRIC_PRESENTATION_REPRESENTATION('',(),#2360);
#2263=MECHANICAL_DESIGN_GEOMETRIC_PRESENTATION_REPRESENTATION('',(),#2361);
#2264=MECHANICAL_DESIGN_GEOMETRIC_PRESENTATION_REPRESENTATION('',(),#2362);
#2265=MECHANICAL_DESIGN_GEOMETRIC_PRESENTATION_REPRESENTATION('',(),#2363);
#2266=MECHANICAL_DESIGN_GEOMETRIC_PRESENTATION_REPRESENTATION('',(),#2364);
#2267=MECHANICAL_DESIGN_GEOMETRIC_PRESENTATION_REPRESENTATION('',(),#2365);
#2268=MECHANICAL_DESIGN_GEOMETRIC_PRESENTATION_REPRESENTATION('',(),#2366);
#2269=MECHANICAL_DESIGN_GEOMETRIC_PRESENTATION_REPRESENTATION('',(),#2367);
#2270=MECHANICAL_DESIGN_GEOMETRIC_PRESENTATION_REPRESENTATION('',(),#2368);
#2271=MECHANICAL_DESIGN_GEOMETRIC_PRESENTATION_REPRESENTATION('',(),#2369);
#2272=MECHANICAL_DESIGN_GEOMETRIC_PRESENTATION_REPRESENTATION('',(),#2370);
#2273=MECHANICAL_DESIGN_GEOMETRIC_PRESENTATION_REPRESENTATION('',(),#2371);
#2274=MECHANICAL_DESIGN_GEOMETRIC_PRESENTATION_REPRESENTATION('',(),#2372);
#2275=MECHANICAL_DESIGN_GEOMETRIC_PRESENTATION_REPRESENTATION('',(),#2373);
#2276=MECHANICAL_DESIGN_GEOMETRIC_PRESENTATION_REPRESENTATION('',(),#2374);
#2277=MECHANICAL_DESIGN_GEOMETRIC_PRESENTATION_REPRESENTATION('',(),#2375);
#2278=MECHANICAL_DESIGN_GEOMETRIC_PRESENTATION_REPRESENTATION('',(),#2376);
#2279=MECHANICAL_DESIGN_GEOMETRIC_PRESENTATION_REPRESENTATION('',(),#2377);
#2280=MECHANICAL_DESIGN_GEOMETRIC_PRESENTATION_REPRESENTATION('',(),#2378);
#2281=MECHANICAL_DESIGN_GEOMETRIC_PRESENTATION_REPRESENTATION('',(),#2379);
#2282=MECHANICAL_DESIGN_GEOMETRIC_PRESENTATION_REPRESENTATION('',(),#2380);
#2283=MECHANICAL_DESIGN_GEOMETRIC_PRESENTATION_REPRESENTATION('',(),#2381);
#2284=MECHANICAL_DESIGN_GEOMETRIC_PRESENTATION_REPRESENTATION('',(),#2382);
#2285=MECHANICAL_DESIGN_GEOMETRIC_PRESENTATION_REPRESENTATION('',(),#2383);
#2286=MECHANICAL_DESIGN_GEOMETRIC_PRESENTATION_REPRESENTATION('',(),#2384);
#2287=MECHANICAL_DESIGN_GEOMETRIC_PRESENTATION_REPRESENTATION('',(),#2385);
#2288=MECHANICAL_DESIGN_GEOMETRIC_PRESENTATION_REPRESENTATION('',(),#2386);
#2289=MECHANICAL_DESIGN_GEOMETRIC_PRESENTATION_REPRESENTATION('',(),#2387);
#2290=MECHANICAL_DESIGN_GEOMETRIC_PRESENTATION_REPRESENTATION('',(),#2388);
#2291=MECHANICAL_DESIGN_GEOMETRIC_PRESENTATION_REPRESENTATION('',(),#2389);
#2292=MECHANICAL_DESIGN_GEOMETRIC_PRESENTATION_REPRESENTATION('',(),#2390);
#2293=MECHANICAL_DESIGN_GEOMETRIC_PRESENTATION_REPRESENTATION('',(),#2391);
#2294=MECHANICAL_DESIGN_GEOMETRIC_PRESENTATION_REPRESENTATION('',(),#2392);
#2295=MECHANICAL_DESIGN_GEOMETRIC_PRESENTATION_REPRESENTATION('',(),#2393);
#2296=MECHANICAL_DESIGN_GEOMETRIC_PRESENTATION_REPRESENTATION('',(),#2394);
#2297=MECHANICAL_DESIGN_GEOMETRIC_PRESENTATION_REPRESENTATION('',(),#2395);
#2298=MECHANICAL_DESIGN_GEOMETRIC_PRESENTATION_REPRESENTATION('',(),#2396);
#2299=MECHANICAL_DESIGN_GEOMETRIC_PRESENTATION_REPRESENTATION('',(),#2397);
#2300=MECHANICAL_DESIGN_GEOMETRIC_PRESENTATION_REPRESENTATION('',(),#2398);
#2301=MECHANICAL_DESIGN_GEOMETRIC_PRESENTATION_REPRESENTATION('',(),#2399);
#2302=MECHANICAL_DESIGN_GEOMETRIC_PRESENTATION_REPRESENTATION('',(),#2400);
#2303=MECHANICAL_DESIGN_GEOMETRIC_PRESENTATION_REPRESENTATION('',(),#2401);
#2304=MECHANICAL_DESIGN_GEOMETRIC_PRESENTATION_REPRESENTATION('',(),#2402);
#2305=MECHANICAL_DESIGN_GEOMETRIC_PRESENTATION_REPRESENTATION('',(),#2403);
#2306=MECHANICAL_DESIGN_GEOMETRIC_PRESENTATION_REPRESENTATION('',(),#2404);
#2307=MECHANICAL_DESIGN_GEOMETRIC_PRESENTATION_REPRESENTATION('',(),#2405);
#2308=MECHANICAL_DESIGN_GEOMETRIC_PRESENTATION_REPRESENTATION('',(),#2406);
#2309=MECHANICAL_DESIGN_GEOMETRIC_PRESENTATION_REPRESENTATION('',(),#2407);
#2310=MECHANICAL_DESIGN_GEOMETRIC_PRESENTATION_REPRESENTATION('',(),#2408);
#2311=MECHANICAL_DESIGN_GEOMETRIC_PRESENTATION_REPRESENTATION('',(),#2409);
#2312=MECHANICAL_DESIGN_GEOMETRIC_PRESENTATION_REPRESENTATION('',(),#2410);
#2313=MECHANICAL_DESIGN_GEOMETRIC_PRESENTATION_REPRESENTATION('',(),#2411);
#2314=MECHANICAL_DESIGN_GEOMETRIC_PRESENTATION_REPRESENTATION('',(),#2412);
#2315=MECHANICAL_DESIGN_GEOMETRIC_PRESENTATION_REPRESENTATION('',(),#2413);
#2316=MECHANICAL_DESIGN_GEOMETRIC_PRESENTATION_REPRESENTATION('',(),#2414);
#2317=MECHANICAL_DESIGN_GEOMETRIC_PRESENTATION_REPRESENTATION('',(),#2415);
#2318=MECHANICAL_DESIGN_GEOMETRIC_PRESENTATION_REPRESENTATION('',(),#2416);
#2319=MECHANICAL_DESIGN_GEOMETRIC_PRESENTATION_REPRESENTATION('',(),#2417);
#2320=MECHANICAL_DESIGN_GEOMETRIC_PRESENTATION_REPRESENTATION('',(),#2418);
#2321=MECHANICAL_DESIGN_GEOMETRIC_PRESENTATION_REPRESENTATION('',(),#2419);
#2322=MECHANICAL_DESIGN_GEOMETRIC_PRESENTATION_REPRESENTATION('',(),#2420);
#2323=MECHANICAL_DESIGN_GEOMETRIC_PRESENTATION_REPRESENTATION('',(),#2421);
#2324=MECHANICAL_DESIGN_GEOMETRIC_PRESENTATION_REPRESENTATION('',(),#2422);
#2325=MECHANICAL_DESIGN_GEOMETRIC_PRESENTATION_REPRESENTATION('',(),#2423);
#2326=MECHANICAL_DESIGN_GEOMETRIC_PRESENTATION_REPRESENTATION('',(),#2424);
#2327=MECHANICAL_DESIGN_GEOMETRIC_PRESENTATION_REPRESENTATION('',(),#2425);
#2328=MECHANICAL_DESIGN_GEOMETRIC_PRESENTATION_REPRESENTATION('',(),#2426);
#2329=MECHANICAL_DESIGN_GEOMETRIC_PRESENTATION_REPRESENTATION('',(),#2427);
#2330=MECHANICAL_DESIGN_GEOMETRIC_PRESENTATION_REPRESENTATION('',(),#2428);
#2331=MECHANICAL_DESIGN_GEOMETRIC_PRESENTATION_REPRESENTATION('',(),#2429);
#2332=MECHANICAL_DESIGN_GEOMETRIC_PRESENTATION_REPRESENTATION('',(),#2430);
#2333=MECHANICAL_DESIGN_GEOMETRIC_PRESENTATION_REPRESENTATION('',(),#2431);
#2334=MECHANICAL_DESIGN_GEOMETRIC_PRESENTATION_REPRESENTATION('',(),#2432);
#2335=MECHANICAL_DESIGN_GEOMETRIC_PRESENTATION_REPRESENTATION('',(),#2433);
#2336=MECHANICAL_DESIGN_GEOMETRIC_PRESENTATION_REPRESENTATION('',(),#2434);
#2337=MECHANICAL_DESIGN_GEOMETRIC_PRESENTATION_REPRESENTATION('',(),#2435);
#2338=MECHANICAL_DESIGN_GEOMETRIC_PRESENTATION_REPRESENTATION('',(),#2436);
#2339=MECHANICAL_DESIGN_GEOMETRIC_PRESENTATION_REPRESENTATION('',(),#2437);
#2340=MECHANICAL_DESIGN_GEOMETRIC_PRESENTATION_REPRESENTATION('',(),#2438);
#2341=MECHANICAL_DESIGN_GEOMETRIC_PRESENTATION_REPRESENTATION('',(),#2439);
#2342=MECHANICAL_DESIGN_GEOMETRIC_PRESENTATION_REPRESENTATION('',(),#2440);
#2343=MECHANICAL_DESIGN_GEOMETRIC_PRESENTATION_REPRESENTATION('',(),#2441);
#2344=MECHANICAL_DESIGN_GEOMETRIC_PRESENTATION_REPRESENTATION('',(),#2442);
#2345=MECHANICAL_DESIGN_GEOMETRIC_PRESENTATION_REPRESENTATION('',(),#2443);
#2346=MECHANICAL_DESIGN_GEOMETRIC_PRESENTATION_REPRESENTATION('',(#1205),
#2444);
#2347=(
GEOMETRIC_REPRESENTATION_CONTEXT(3)
GLOBAL_UNCERTAINTY_ASSIGNED_CONTEXT((#2445))
GLOBAL_UNIT_ASSIGNED_CONTEXT((#2739,#2641,#2543))
REPRESENTATION_CONTEXT('Part 1','TOP_LEVEL_ASSEMBLY_PART')
);
#2348=(
GEOMETRIC_REPRESENTATION_CONTEXT(3)
GLOBAL_UNCERTAINTY_ASSIGNED_CONTEXT((#2446))
GLOBAL_UNIT_ASSIGNED_CONTEXT((#2740,#2642,#2544))
REPRESENTATION_CONTEXT('id5','TOP_LEVEL_ASSEMBLY_PART')
);
#2349=(
GEOMETRIC_REPRESENTATION_CONTEXT(3)
GLOBAL_UNCERTAINTY_ASSIGNED_CONTEXT((#2447))
GLOBAL_UNIT_ASSIGNED_CONTEXT((#2741,#2643,#2545))
REPRESENTATION_CONTEXT('id8','TOP_LEVEL_ASSEMBLY_PART')
);
#2350=(
GEOMETRIC_REPRESENTATION_CONTEXT(3)
GLOBAL_UNCERTAINTY_ASSIGNED_CONTEXT((#2448))
GLOBAL_UNIT_ASSIGNED_CONTEXT((#2742,#2644,#2546))
REPRESENTATION_CONTEXT('id11','TOP_LEVEL_ASSEMBLY_PART')
);
#2351=(
GEOMETRIC_REPRESENTATION_CONTEXT(3)
GLOBAL_UNCERTAINTY_ASSIGNED_CONTEXT((#2449))
GLOBAL_UNIT_ASSIGNED_CONTEXT((#2743,#2645,#2547))
REPRESENTATION_CONTEXT('id14','TOP_LEVEL_ASSEMBLY_PART')
);
#2352=(
GEOMETRIC_REPRESENTATION_CONTEXT(3)
GLOBAL_UNCERTAINTY_ASSIGNED_CONTEXT((#2450))
GLOBAL_UNIT_ASSIGNED_CONTEXT((#2744,#2646,#2548))
REPRESENTATION_CONTEXT('id17','TOP_LEVEL_ASSEMBLY_PART')
);
#2353=(
GEOMETRIC_REPRESENTATION_CONTEXT(3)
GLOBAL_UNCERTAINTY_ASSIGNED_CONTEXT((#2451))
GLOBAL_UNIT_ASSIGNED_CONTEXT((#2745,#2647,#2549))
REPRESENTATION_CONTEXT('id20','TOP_LEVEL_ASSEMBLY_PART')
);
#2354=(
GEOMETRIC_REPRESENTATION_CONTEXT(3)
GLOBAL_UNCERTAINTY_ASSIGNED_CONTEXT((#2452))
GLOBAL_UNIT_ASSIGNED_CONTEXT((#2746,#2648,#2550))
REPRESENTATION_CONTEXT('id23','TOP_LEVEL_ASSEMBLY_PART')
);
#2355=(
GEOMETRIC_REPRESENTATION_CONTEXT(3)
GLOBAL_UNCERTAINTY_ASSIGNED_CONTEXT((#2453))
GLOBAL_UNIT_ASSIGNED_CONTEXT((#2747,#2649,#2551))
REPRESENTATION_CONTEXT('id26','TOP_LEVEL_ASSEMBLY_PART')
);
#2356=(
GEOMETRIC_REPRESENTATION_CONTEXT(3)
GLOBAL_UNCERTAINTY_ASSIGNED_CONTEXT((#2454))
GLOBAL_UNIT_ASSIGNED_CONTEXT((#2748,#2650,#2552))
REPRESENTATION_CONTEXT('id29','TOP_LEVEL_ASSEMBLY_PART')
);
#2357=(
GEOMETRIC_REPRESENTATION_CONTEXT(3)
GLOBAL_UNCERTAINTY_ASSIGNED_CONTEXT((#2455))
GLOBAL_UNIT_ASSIGNED_CONTEXT((#2749,#2651,#2553))
REPRESENTATION_CONTEXT('id32','TOP_LEVEL_ASSEMBLY_PART')
);
#2358=(
GEOMETRIC_REPRESENTATION_CONTEXT(3)
GLOBAL_UNCERTAINTY_ASSIGNED_CONTEXT((#2456))
GLOBAL_UNIT_ASSIGNED_CONTEXT((#2750,#2652,#2554))
REPRESENTATION_CONTEXT('id35','TOP_LEVEL_ASSEMBLY_PART')
);
#2359=(
GEOMETRIC_REPRESENTATION_CONTEXT(3)
GLOBAL_UNCERTAINTY_ASSIGNED_CONTEXT((#2457))
GLOBAL_UNIT_ASSIGNED_CONTEXT((#2751,#2653,#2555))
REPRESENTATION_CONTEXT('id38','TOP_LEVEL_ASSEMBLY_PART')
);
#2360=(
GEOMETRIC_REPRESENTATION_CONTEXT(3)
GLOBAL_UNCERTAINTY_ASSIGNED_CONTEXT((#2458))
GLOBAL_UNIT_ASSIGNED_CONTEXT((#2752,#2654,#2556))
REPRESENTATION_CONTEXT('id41','TOP_LEVEL_ASSEMBLY_PART')
);
#2361=(
GEOMETRIC_REPRESENTATION_CONTEXT(3)
GLOBAL_UNCERTAINTY_ASSIGNED_CONTEXT((#2459))
GLOBAL_UNIT_ASSIGNED_CONTEXT((#2753,#2655,#2557))
REPRESENTATION_CONTEXT('id44','TOP_LEVEL_ASSEMBLY_PART')
);
#2362=(
GEOMETRIC_REPRESENTATION_CONTEXT(3)
GLOBAL_UNCERTAINTY_ASSIGNED_CONTEXT((#2460))
GLOBAL_UNIT_ASSIGNED_CONTEXT((#2754,#2656,#2558))
REPRESENTATION_CONTEXT('id47','TOP_LEVEL_ASSEMBLY_PART')
);
#2363=(
GEOMETRIC_REPRESENTATION_CONTEXT(3)
GLOBAL_UNCERTAINTY_ASSIGNED_CONTEXT((#2461))
GLOBAL_UNIT_ASSIGNED_CONTEXT((#2755,#2657,#2559))
REPRESENTATION_CONTEXT('id50','TOP_LEVEL_ASSEMBLY_PART')
);
#2364=(
GEOMETRIC_REPRESENTATION_CONTEXT(3)
GLOBAL_UNCERTAINTY_ASSIGNED_CONTEXT((#2462))
GLOBAL_UNIT_ASSIGNED_CONTEXT((#2756,#2658,#2560))
REPRESENTATION_CONTEXT('id53','TOP_LEVEL_ASSEMBLY_PART')
);
#2365=(
GEOMETRIC_REPRESENTATION_CONTEXT(3)
GLOBAL_UNCERTAINTY_ASSIGNED_CONTEXT((#2463))
GLOBAL_UNIT_ASSIGNED_CONTEXT((#2757,#2659,#2561))
REPRESENTATION_CONTEXT('id56','TOP_LEVEL_ASSEMBLY_PART')
);
#2366=(
GEOMETRIC_REPRESENTATION_CONTEXT(3)
GLOBAL_UNCERTAINTY_ASSIGNED_CONTEXT((#2464))
GLOBAL_UNIT_ASSIGNED_CONTEXT((#2758,#2660,#2562))
REPRESENTATION_CONTEXT('id59','TOP_LEVEL_ASSEMBLY_PART')
);
#2367=(
GEOMETRIC_REPRESENTATION_CONTEXT(3)
GLOBAL_UNCERTAINTY_ASSIGNED_CONTEXT((#2465))
GLOBAL_UNIT_ASSIGNED_CONTEXT((#2759,#2661,#2563))
REPRESENTATION_CONTEXT('id62','TOP_LEVEL_ASSEMBLY_PART')
);
#2368=(
GEOMETRIC_REPRESENTATION_CONTEXT(3)
GLOBAL_UNCERTAINTY_ASSIGNED_CONTEXT((#2466))
GLOBAL_UNIT_ASSIGNED_CONTEXT((#2760,#2662,#2564))
REPRESENTATION_CONTEXT('id65','TOP_LEVEL_ASSEMBLY_PART')
);
#2369=(
GEOMETRIC_REPRESENTATION_CONTEXT(3)
GLOBAL_UNCERTAINTY_ASSIGNED_CONTEXT((#2467))
GLOBAL_UNIT_ASSIGNED_CONTEXT((#2761,#2663,#2565))
REPRESENTATION_CONTEXT('id68','TOP_LEVEL_ASSEMBLY_PART')
);
#2370=(
GEOMETRIC_REPRESENTATION_CONTEXT(3)
GLOBAL_UNCERTAINTY_ASSIGNED_CONTEXT((#2468))
GLOBAL_UNIT_ASSIGNED_CONTEXT((#2762,#2664,#2566))
REPRESENTATION_CONTEXT('id71','TOP_LEVEL_ASSEMBLY_PART')
);
#2371=(
GEOMETRIC_REPRESENTATION_CONTEXT(3)
GLOBAL_UNCERTAINTY_ASSIGNED_CONTEXT((#2469))
GLOBAL_UNIT_ASSIGNED_CONTEXT((#2763,#2665,#2567))
REPRESENTATION_CONTEXT('id74','TOP_LEVEL_ASSEMBLY_PART')
);
#2372=(
GEOMETRIC_REPRESENTATION_CONTEXT(3)
GLOBAL_UNCERTAINTY_ASSIGNED_CONTEXT((#2470))
GLOBAL_UNIT_ASSIGNED_CONTEXT((#2764,#2666,#2568))
REPRESENTATION_CONTEXT('id77','TOP_LEVEL_ASSEMBLY_PART')
);
#2373=(
GEOMETRIC_REPRESENTATION_CONTEXT(3)
GLOBAL_UNCERTAINTY_ASSIGNED_CONTEXT((#2471))
GLOBAL_UNIT_ASSIGNED_CONTEXT((#2765,#2667,#2569))
REPRESENTATION_CONTEXT('id80','TOP_LEVEL_ASSEMBLY_PART')
);
#2374=(
GEOMETRIC_REPRESENTATION_CONTEXT(3)
GLOBAL_UNCERTAINTY_ASSIGNED_CONTEXT((#2472))
GLOBAL_UNIT_ASSIGNED_CONTEXT((#2766,#2668,#2570))
REPRESENTATION_CONTEXT('id83','TOP_LEVEL_ASSEMBLY_PART')
);
#2375=(
GEOMETRIC_REPRESENTATION_CONTEXT(3)
GLOBAL_UNCERTAINTY_ASSIGNED_CONTEXT((#2473))
GLOBAL_UNIT_ASSIGNED_CONTEXT((#2767,#2669,#2571))
REPRESENTATION_CONTEXT('id86','TOP_LEVEL_ASSEMBLY_PART')
);
#2376=(
GEOMETRIC_REPRESENTATION_CONTEXT(3)
GLOBAL_UNCERTAINTY_ASSIGNED_CONTEXT((#2474))
GLOBAL_UNIT_ASSIGNED_CONTEXT((#2768,#2670,#2572))
REPRESENTATION_CONTEXT('id89','TOP_LEVEL_ASSEMBLY_PART')
);
#2377=(
GEOMETRIC_REPRESENTATION_CONTEXT(3)
GLOBAL_UNCERTAINTY_ASSIGNED_CONTEXT((#2475))
GLOBAL_UNIT_ASSIGNED_CONTEXT((#2769,#2671,#2573))
REPRESENTATION_CONTEXT('id92','TOP_LEVEL_ASSEMBLY_PART')
);
#2378=(
GEOMETRIC_REPRESENTATION_CONTEXT(3)
GLOBAL_UNCERTAINTY_ASSIGNED_CONTEXT((#2476))
GLOBAL_UNIT_ASSIGNED_CONTEXT((#2770,#2672,#2574))
REPRESENTATION_CONTEXT('id95','TOP_LEVEL_ASSEMBLY_PART')
);
#2379=(
GEOMETRIC_REPRESENTATION_CONTEXT(3)
GLOBAL_UNCERTAINTY_ASSIGNED_CONTEXT((#2477))
GLOBAL_UNIT_ASSIGNED_CONTEXT((#2771,#2673,#2575))
REPRESENTATION_CONTEXT('id98','TOP_LEVEL_ASSEMBLY_PART')
);
#2380=(
GEOMETRIC_REPRESENTATION_CONTEXT(3)
GLOBAL_UNCERTAINTY_ASSIGNED_CONTEXT((#2478))
GLOBAL_UNIT_ASSIGNED_CONTEXT((#2772,#2674,#2576))
REPRESENTATION_CONTEXT('id101','TOP_LEVEL_ASSEMBLY_PART')
);
#2381=(
GEOMETRIC_REPRESENTATION_CONTEXT(3)
GLOBAL_UNCERTAINTY_ASSIGNED_CONTEXT((#2479))
GLOBAL_UNIT_ASSIGNED_CONTEXT((#2773,#2675,#2577))
REPRESENTATION_CONTEXT('id104','TOP_LEVEL_ASSEMBLY_PART')
);
#2382=(
GEOMETRIC_REPRESENTATION_CONTEXT(3)
GLOBAL_UNCERTAINTY_ASSIGNED_CONTEXT((#2480))
GLOBAL_UNIT_ASSIGNED_CONTEXT((#2774,#2676,#2578))
REPRESENTATION_CONTEXT('id107','TOP_LEVEL_ASSEMBLY_PART')
);
#2383=(
GEOMETRIC_REPRESENTATION_CONTEXT(3)
GLOBAL_UNCERTAINTY_ASSIGNED_CONTEXT((#2481))
GLOBAL_UNIT_ASSIGNED_CONTEXT((#2775,#2677,#2579))
REPRESENTATION_CONTEXT('id110','TOP_LEVEL_ASSEMBLY_PART')
);
#2384=(
GEOMETRIC_REPRESENTATION_CONTEXT(3)
GLOBAL_UNCERTAINTY_ASSIGNED_CONTEXT((#2482))
GLOBAL_UNIT_ASSIGNED_CONTEXT((#2776,#2678,#2580))
REPRESENTATION_CONTEXT('id113','TOP_LEVEL_ASSEMBLY_PART')
);
#2385=(
GEOMETRIC_REPRESENTATION_CONTEXT(3)
GLOBAL_UNCERTAINTY_ASSIGNED_CONTEXT((#2483))
GLOBAL_UNIT_ASSIGNED_CONTEXT((#2777,#2679,#2581))
REPRESENTATION_CONTEXT('id116','TOP_LEVEL_ASSEMBLY_PART')
);
#2386=(
GEOMETRIC_REPRESENTATION_CONTEXT(3)
GLOBAL_UNCERTAINTY_ASSIGNED_CONTEXT((#2484))
GLOBAL_UNIT_ASSIGNED_CONTEXT((#2778,#2680,#2582))
REPRESENTATION_CONTEXT('id119','TOP_LEVEL_ASSEMBLY_PART')
);
#2387=(
GEOMETRIC_REPRESENTATION_CONTEXT(3)
GLOBAL_UNCERTAINTY_ASSIGNED_CONTEXT((#2485))
GLOBAL_UNIT_ASSIGNED_CONTEXT((#2779,#2681,#2583))
REPRESENTATION_CONTEXT('id122','TOP_LEVEL_ASSEMBLY_PART')
);
#2388=(
GEOMETRIC_REPRESENTATION_CONTEXT(3)
GLOBAL_UNCERTAINTY_ASSIGNED_CONTEXT((#2486))
GLOBAL_UNIT_ASSIGNED_CONTEXT((#2780,#2682,#2584))
REPRESENTATION_CONTEXT('id125','TOP_LEVEL_ASSEMBLY_PART')
);
#2389=(
GEOMETRIC_REPRESENTATION_CONTEXT(3)
GLOBAL_UNCERTAINTY_ASSIGNED_CONTEXT((#2487))
GLOBAL_UNIT_ASSIGNED_CONTEXT((#2781,#2683,#2585))
REPRESENTATION_CONTEXT('id128','TOP_LEVEL_ASSEMBLY_PART')
);
#2390=(
GEOMETRIC_REPRESENTATION_CONTEXT(3)
GLOBAL_UNCERTAINTY_ASSIGNED_CONTEXT((#2488))
GLOBAL_UNIT_ASSIGNED_CONTEXT((#2782,#2684,#2586))
REPRESENTATION_CONTEXT('id131','TOP_LEVEL_ASSEMBLY_PART')
);
#2391=(
GEOMETRIC_REPRESENTATION_CONTEXT(3)
GLOBAL_UNCERTAINTY_ASSIGNED_CONTEXT((#2489))
GLOBAL_UNIT_ASSIGNED_CONTEXT((#2783,#2685,#2587))
REPRESENTATION_CONTEXT('id134','TOP_LEVEL_ASSEMBLY_PART')
);
#2392=(
GEOMETRIC_REPRESENTATION_CONTEXT(3)
GLOBAL_UNCERTAINTY_ASSIGNED_CONTEXT((#2490))
GLOBAL_UNIT_ASSIGNED_CONTEXT((#2784,#2686,#2588))
REPRESENTATION_CONTEXT('id137','TOP_LEVEL_ASSEMBLY_PART')
);
#2393=(
GEOMETRIC_REPRESENTATION_CONTEXT(3)
GLOBAL_UNCERTAINTY_ASSIGNED_CONTEXT((#2491))
GLOBAL_UNIT_ASSIGNED_CONTEXT((#2785,#2687,#2589))
REPRESENTATION_CONTEXT('id140','TOP_LEVEL_ASSEMBLY_PART')
);
#2394=(
GEOMETRIC_REPRESENTATION_CONTEXT(3)
GLOBAL_UNCERTAINTY_ASSIGNED_CONTEXT((#2492))
GLOBAL_UNIT_ASSIGNED_CONTEXT((#2786,#2688,#2590))
REPRESENTATION_CONTEXT('id143','TOP_LEVEL_ASSEMBLY_PART')
);
#2395=(
GEOMETRIC_REPRESENTATION_CONTEXT(3)
GLOBAL_UNCERTAINTY_ASSIGNED_CONTEXT((#2493))
GLOBAL_UNIT_ASSIGNED_CONTEXT((#2787,#2689,#2591))
REPRESENTATION_CONTEXT('id146','TOP_LEVEL_ASSEMBLY_PART')
);
#2396=(
GEOMETRIC_REPRESENTATION_CONTEXT(3)
GLOBAL_UNCERTAINTY_ASSIGNED_CONTEXT((#2494))
GLOBAL_UNIT_ASSIGNED_CONTEXT((#2788,#2690,#2592))
REPRESENTATION_CONTEXT('id149','TOP_LEVEL_ASSEMBLY_PART')
);
#2397=(
GEOMETRIC_REPRESENTATION_CONTEXT(3)
GLOBAL_UNCERTAINTY_ASSIGNED_CONTEXT((#2495))
GLOBAL_UNIT_ASSIGNED_CONTEXT((#2789,#2691,#2593))
REPRESENTATION_CONTEXT('id152','TOP_LEVEL_ASSEMBLY_PART')
);
#2398=(
GEOMETRIC_REPRESENTATION_CONTEXT(3)
GLOBAL_UNCERTAINTY_ASSIGNED_CONTEXT((#2496))
GLOBAL_UNIT_ASSIGNED_CONTEXT((#2790,#2692,#2594))
REPRESENTATION_CONTEXT('id155','TOP_LEVEL_ASSEMBLY_PART')
);
#2399=(
GEOMETRIC_REPRESENTATION_CONTEXT(3)
GLOBAL_UNCERTAINTY_ASSIGNED_CONTEXT((#2497))
GLOBAL_UNIT_ASSIGNED_CONTEXT((#2791,#2693,#2595))
REPRESENTATION_CONTEXT('id158','TOP_LEVEL_ASSEMBLY_PART')
);
#2400=(
GEOMETRIC_REPRESENTATION_CONTEXT(3)
GLOBAL_UNCERTAINTY_ASSIGNED_CONTEXT((#2498))
GLOBAL_UNIT_ASSIGNED_CONTEXT((#2792,#2694,#2596))
REPRESENTATION_CONTEXT('id161','TOP_LEVEL_ASSEMBLY_PART')
);
#2401=(
GEOMETRIC_REPRESENTATION_CONTEXT(3)
GLOBAL_UNCERTAINTY_ASSIGNED_CONTEXT((#2499))
GLOBAL_UNIT_ASSIGNED_CONTEXT((#2793,#2695,#2597))
REPRESENTATION_CONTEXT('id164','TOP_LEVEL_ASSEMBLY_PART')
);
#2402=(
GEOMETRIC_REPRESENTATION_CONTEXT(3)
GLOBAL_UNCERTAINTY_ASSIGNED_CONTEXT((#2500))
GLOBAL_UNIT_ASSIGNED_CONTEXT((#2794,#2696,#2598))
REPRESENTATION_CONTEXT('id167','TOP_LEVEL_ASSEMBLY_PART')
);
#2403=(
GEOMETRIC_REPRESENTATION_CONTEXT(3)
GLOBAL_UNCERTAINTY_ASSIGNED_CONTEXT((#2501))
GLOBAL_UNIT_ASSIGNED_CONTEXT((#2795,#2697,#2599))
REPRESENTATION_CONTEXT('id170','TOP_LEVEL_ASSEMBLY_PART')
);
#2404=(
GEOMETRIC_REPRESENTATION_CONTEXT(3)
GLOBAL_UNCERTAINTY_ASSIGNED_CONTEXT((#2502))
GLOBAL_UNIT_ASSIGNED_CONTEXT((#2796,#2698,#2600))
REPRESENTATION_CONTEXT('id173','TOP_LEVEL_ASSEMBLY_PART')
);
#2405=(
GEOMETRIC_REPRESENTATION_CONTEXT(3)
GLOBAL_UNCERTAINTY_ASSIGNED_CONTEXT((#2503))
GLOBAL_UNIT_ASSIGNED_CONTEXT((#2797,#2699,#2601))
REPRESENTATION_CONTEXT('id176','TOP_LEVEL_ASSEMBLY_PART')
);
#2406=(
GEOMETRIC_REPRESENTATION_CONTEXT(3)
GLOBAL_UNCERTAINTY_ASSIGNED_CONTEXT((#2504))
GLOBAL_UNIT_ASSIGNED_CONTEXT((#2798,#2700,#2602))
REPRESENTATION_CONTEXT('id179','TOP_LEVEL_ASSEMBLY_PART')
);
#2407=(
GEOMETRIC_REPRESENTATION_CONTEXT(3)
GLOBAL_UNCERTAINTY_ASSIGNED_CONTEXT((#2505))
GLOBAL_UNIT_ASSIGNED_CONTEXT((#2799,#2701,#2603))
REPRESENTATION_CONTEXT('id182','TOP_LEVEL_ASSEMBLY_PART')
);
#2408=(
GEOMETRIC_REPRESENTATION_CONTEXT(3)
GLOBAL_UNCERTAINTY_ASSIGNED_CONTEXT((#2506))
GLOBAL_UNIT_ASSIGNED_CONTEXT((#2800,#2702,#2604))
REPRESENTATION_CONTEXT('id185','TOP_LEVEL_ASSEMBLY_PART')
);
#2409=(
GEOMETRIC_REPRESENTATION_CONTEXT(3)
GLOBAL_UNCERTAINTY_ASSIGNED_CONTEXT((#2507))
GLOBAL_UNIT_ASSIGNED_CONTEXT((#2801,#2703,#2605))
REPRESENTATION_CONTEXT('id188','TOP_LEVEL_ASSEMBLY_PART')
);
#2410=(
GEOMETRIC_REPRESENTATION_CONTEXT(3)
GLOBAL_UNCERTAINTY_ASSIGNED_CONTEXT((#2508))
GLOBAL_UNIT_ASSIGNED_CONTEXT((#2802,#2704,#2606))
REPRESENTATION_CONTEXT('id191','TOP_LEVEL_ASSEMBLY_PART')
);
#2411=(
GEOMETRIC_REPRESENTATION_CONTEXT(3)
GLOBAL_UNCERTAINTY_ASSIGNED_CONTEXT((#2509))
GLOBAL_UNIT_ASSIGNED_CONTEXT((#2803,#2705,#2607))
REPRESENTATION_CONTEXT('id194','TOP_LEVEL_ASSEMBLY_PART')
);
#2412=(
GEOMETRIC_REPRESENTATION_CONTEXT(3)
GLOBAL_UNCERTAINTY_ASSIGNED_CONTEXT((#2510))
GLOBAL_UNIT_ASSIGNED_CONTEXT((#2804,#2706,#2608))
REPRESENTATION_CONTEXT('id197','TOP_LEVEL_ASSEMBLY_PART')
);
#2413=(
GEOMETRIC_REPRESENTATION_CONTEXT(3)
GLOBAL_UNCERTAINTY_ASSIGNED_CONTEXT((#2511))
GLOBAL_UNIT_ASSIGNED_CONTEXT((#2805,#2707,#2609))
REPRESENTATION_CONTEXT('id200','TOP_LEVEL_ASSEMBLY_PART')
);
#2414=(
GEOMETRIC_REPRESENTATION_CONTEXT(3)
GLOBAL_UNCERTAINTY_ASSIGNED_CONTEXT((#2512))
GLOBAL_UNIT_ASSIGNED_CONTEXT((#2806,#2708,#2610))
REPRESENTATION_CONTEXT('id203','TOP_LEVEL_ASSEMBLY_PART')
);
#2415=(
GEOMETRIC_REPRESENTATION_CONTEXT(3)
GLOBAL_UNCERTAINTY_ASSIGNED_CONTEXT((#2513))
GLOBAL_UNIT_ASSIGNED_CONTEXT((#2807,#2709,#2611))
REPRESENTATION_CONTEXT('id206','TOP_LEVEL_ASSEMBLY_PART')
);
#2416=(
GEOMETRIC_REPRESENTATION_CONTEXT(3)
GLOBAL_UNCERTAINTY_ASSIGNED_CONTEXT((#2514))
GLOBAL_UNIT_ASSIGNED_CONTEXT((#2808,#2710,#2612))
REPRESENTATION_CONTEXT('id209','TOP_LEVEL_ASSEMBLY_PART')
);
#2417=(
GEOMETRIC_REPRESENTATION_CONTEXT(3)
GLOBAL_UNCERTAINTY_ASSIGNED_CONTEXT((#2515))
GLOBAL_UNIT_ASSIGNED_CONTEXT((#2809,#2711,#2613))
REPRESENTATION_CONTEXT('id212','TOP_LEVEL_ASSEMBLY_PART')
);
#2418=(
GEOMETRIC_REPRESENTATION_CONTEXT(3)
GLOBAL_UNCERTAINTY_ASSIGNED_CONTEXT((#2516))
GLOBAL_UNIT_ASSIGNED_CONTEXT((#2810,#2712,#2614))
REPRESENTATION_CONTEXT('id215','TOP_LEVEL_ASSEMBLY_PART')
);
#2419=(
GEOMETRIC_REPRESENTATION_CONTEXT(3)
GLOBAL_UNCERTAINTY_ASSIGNED_CONTEXT((#2517))
GLOBAL_UNIT_ASSIGNED_CONTEXT((#2811,#2713,#2615))
REPRESENTATION_CONTEXT('id218','TOP_LEVEL_ASSEMBLY_PART')
);
#2420=(
GEOMETRIC_REPRESENTATION_CONTEXT(3)
GLOBAL_UNCERTAINTY_ASSIGNED_CONTEXT((#2518))
GLOBAL_UNIT_ASSIGNED_CONTEXT((#2812,#2714,#2616))
REPRESENTATION_CONTEXT('id221','TOP_LEVEL_ASSEMBLY_PART')
);
#2421=(
GEOMETRIC_REPRESENTATION_CONTEXT(3)
GLOBAL_UNCERTAINTY_ASSIGNED_CONTEXT((#2519))
GLOBAL_UNIT_ASSIGNED_CONTEXT((#2813,#2715,#2617))
REPRESENTATION_CONTEXT('id224','TOP_LEVEL_ASSEMBLY_PART')
);
#2422=(
GEOMETRIC_REPRESENTATION_CONTEXT(3)
GLOBAL_UNCERTAINTY_ASSIGNED_CONTEXT((#2520))
GLOBAL_UNIT_ASSIGNED_CONTEXT((#2814,#2716,#2618))
REPRESENTATION_CONTEXT('id227','TOP_LEVEL_ASSEMBLY_PART')
);
#2423=(
GEOMETRIC_REPRESENTATION_CONTEXT(3)
GLOBAL_UNCERTAINTY_ASSIGNED_CONTEXT((#2521))
GLOBAL_UNIT_ASSIGNED_CONTEXT((#2815,#2717,#2619))
REPRESENTATION_CONTEXT('id230','TOP_LEVEL_ASSEMBLY_PART')
);
#2424=(
GEOMETRIC_REPRESENTATION_CONTEXT(3)
GLOBAL_UNCERTAINTY_ASSIGNED_CONTEXT((#2522))
GLOBAL_UNIT_ASSIGNED_CONTEXT((#2816,#2718,#2620))
REPRESENTATION_CONTEXT('id233','TOP_LEVEL_ASSEMBLY_PART')
);
#2425=(
GEOMETRIC_REPRESENTATION_CONTEXT(3)
GLOBAL_UNCERTAINTY_ASSIGNED_CONTEXT((#2523))
GLOBAL_UNIT_ASSIGNED_CONTEXT((#2817,#2719,#2621))
REPRESENTATION_CONTEXT('id236','TOP_LEVEL_ASSEMBLY_PART')
);
#2426=(
GEOMETRIC_REPRESENTATION_CONTEXT(3)
GLOBAL_UNCERTAINTY_ASSIGNED_CONTEXT((#2524))
GLOBAL_UNIT_ASSIGNED_CONTEXT((#2818,#2720,#2622))
REPRESENTATION_CONTEXT('id239','TOP_LEVEL_ASSEMBLY_PART')
);
#2427=(
GEOMETRIC_REPRESENTATION_CONTEXT(3)
GLOBAL_UNCERTAINTY_ASSIGNED_CONTEXT((#2525))
GLOBAL_UNIT_ASSIGNED_CONTEXT((#2819,#2721,#2623))
REPRESENTATION_CONTEXT('id242','TOP_LEVEL_ASSEMBLY_PART')
);
#2428=(
GEOMETRIC_REPRESENTATION_CONTEXT(3)
GLOBAL_UNCERTAINTY_ASSIGNED_CONTEXT((#2526))
GLOBAL_UNIT_ASSIGNED_CONTEXT((#2820,#2722,#2624))
REPRESENTATION_CONTEXT('id245','TOP_LEVEL_ASSEMBLY_PART')
);
#2429=(
GEOMETRIC_REPRESENTATION_CONTEXT(3)
GLOBAL_UNCERTAINTY_ASSIGNED_CONTEXT((#2527))
GLOBAL_UNIT_ASSIGNED_CONTEXT((#2821,#2723,#2625))
REPRESENTATION_CONTEXT('id248','TOP_LEVEL_ASSEMBLY_PART')
);
#2430=(
GEOMETRIC_REPRESENTATION_CONTEXT(3)
GLOBAL_UNCERTAINTY_ASSIGNED_CONTEXT((#2528))
GLOBAL_UNIT_ASSIGNED_CONTEXT((#2822,#2724,#2626))
REPRESENTATION_CONTEXT('id251','TOP_LEVEL_ASSEMBLY_PART')
);
#2431=(
GEOMETRIC_REPRESENTATION_CONTEXT(3)
GLOBAL_UNCERTAINTY_ASSIGNED_CONTEXT((#2529))
GLOBAL_UNIT_ASSIGNED_CONTEXT((#2823,#2725,#2627))
REPRESENTATION_CONTEXT('id254','TOP_LEVEL_ASSEMBLY_PART')
);
#2432=(
GEOMETRIC_REPRESENTATION_CONTEXT(3)
GLOBAL_UNCERTAINTY_ASSIGNED_CONTEXT((#2530))
GLOBAL_UNIT_ASSIGNED_CONTEXT((#2824,#2726,#2628))
REPRESENTATION_CONTEXT('id257','TOP_LEVEL_ASSEMBLY_PART')
);
#2433=(
GEOMETRIC_REPRESENTATION_CONTEXT(3)
GLOBAL_UNCERTAINTY_ASSIGNED_CONTEXT((#2531))
GLOBAL_UNIT_ASSIGNED_CONTEXT((#2825,#2727,#2629))
REPRESENTATION_CONTEXT('id260','TOP_LEVEL_ASSEMBLY_PART')
);
#2434=(
GEOMETRIC_REPRESENTATION_CONTEXT(3)
GLOBAL_UNCERTAINTY_ASSIGNED_CONTEXT((#2532))
GLOBAL_UNIT_ASSIGNED_CONTEXT((#2826,#2728,#2630))
REPRESENTATION_CONTEXT('id263','TOP_LEVEL_ASSEMBLY_PART')
);
#2435=(
GEOMETRIC_REPRESENTATION_CONTEXT(3)
GLOBAL_UNCERTAINTY_ASSIGNED_CONTEXT((#2533))
GLOBAL_UNIT_ASSIGNED_CONTEXT((#2827,#2729,#2631))
REPRESENTATION_CONTEXT('id266','TOP_LEVEL_ASSEMBLY_PART')
);
#2436=(
GEOMETRIC_REPRESENTATION_CONTEXT(3)
GLOBAL_UNCERTAINTY_ASSIGNED_CONTEXT((#2534))
GLOBAL_UNIT_ASSIGNED_CONTEXT((#2828,#2730,#2632))
REPRESENTATION_CONTEXT('id269','TOP_LEVEL_ASSEMBLY_PART')
);
#2437=(
GEOMETRIC_REPRESENTATION_CONTEXT(3)
GLOBAL_UNCERTAINTY_ASSIGNED_CONTEXT((#2535))
GLOBAL_UNIT_ASSIGNED_CONTEXT((#2829,#2731,#2633))
REPRESENTATION_CONTEXT('id272','TOP_LEVEL_ASSEMBLY_PART')
);
#2438=(
GEOMETRIC_REPRESENTATION_CONTEXT(3)
GLOBAL_UNCERTAINTY_ASSIGNED_CONTEXT((#2536))
GLOBAL_UNIT_ASSIGNED_CONTEXT((#2830,#2732,#2634))
REPRESENTATION_CONTEXT('id275','TOP_LEVEL_ASSEMBLY_PART')
);
#2439=(
GEOMETRIC_REPRESENTATION_CONTEXT(3)
GLOBAL_UNCERTAINTY_ASSIGNED_CONTEXT((#2537))
GLOBAL_UNIT_ASSIGNED_CONTEXT((#2831,#2733,#2635))
REPRESENTATION_CONTEXT('id278','TOP_LEVEL_ASSEMBLY_PART')
);
#2440=(
GEOMETRIC_REPRESENTATION_CONTEXT(3)
GLOBAL_UNCERTAINTY_ASSIGNED_CONTEXT((#2538))
GLOBAL_UNIT_ASSIGNED_CONTEXT((#2832,#2734,#2636))
REPRESENTATION_CONTEXT('id281','TOP_LEVEL_ASSEMBLY_PART')
);
#2441=(
GEOMETRIC_REPRESENTATION_CONTEXT(3)
GLOBAL_UNCERTAINTY_ASSIGNED_CONTEXT((#2539))
GLOBAL_UNIT_ASSIGNED_CONTEXT((#2833,#2735,#2637))
REPRESENTATION_CONTEXT('id284','TOP_LEVEL_ASSEMBLY_PART')
);
#2442=(
GEOMETRIC_REPRESENTATION_CONTEXT(3)
GLOBAL_UNCERTAINTY_ASSIGNED_CONTEXT((#2540))
GLOBAL_UNIT_ASSIGNED_CONTEXT((#2834,#2736,#2638))
REPRESENTATION_CONTEXT('id287','TOP_LEVEL_ASSEMBLY_PART')
);
#2443=(
GEOMETRIC_REPRESENTATION_CONTEXT(3)
GLOBAL_UNCERTAINTY_ASSIGNED_CONTEXT((#2541))
GLOBAL_UNIT_ASSIGNED_CONTEXT((#2835,#2737,#2639))
REPRESENTATION_CONTEXT('id290','TOP_LEVEL_ASSEMBLY_PART')
);
#2444=(
GEOMETRIC_REPRESENTATION_CONTEXT(3)
GLOBAL_UNCERTAINTY_ASSIGNED_CONTEXT((#2542))
GLOBAL_UNIT_ASSIGNED_CONTEXT((#2836,#2738,#2640))
REPRESENTATION_CONTEXT('Part 2','TOP_LEVEL_ASSEMBLY_PART')
);
#2445=UNCERTAINTY_MEASURE_WITH_UNIT(LENGTH_MEASURE(1.E-6),#2739,
'DISTANCE_ACCURACY_VALUE','Maximum Tolerance applied to model');
#2446=UNCERTAINTY_MEASURE_WITH_UNIT(LENGTH_MEASURE(1.E-6),#2740,
'DISTANCE_ACCURACY_VALUE','Maximum Tolerance applied to model');
#2447=UNCERTAINTY_MEASURE_WITH_UNIT(LENGTH_MEASURE(1.E-6),#2741,
'DISTANCE_ACCURACY_VALUE','Maximum Tolerance applied to model');
#2448=UNCERTAINTY_MEASURE_WITH_UNIT(LENGTH_MEASURE(1.E-6),#2742,
'DISTANCE_ACCURACY_VALUE','Maximum Tolerance applied to model');
#2449=UNCERTAINTY_MEASURE_WITH_UNIT(LENGTH_MEASURE(1.E-6),#2743,
'DISTANCE_ACCURACY_VALUE','Maximum Tolerance applied to model');
#2450=UNCERTAINTY_MEASURE_WITH_UNIT(LENGTH_MEASURE(1.E-6),#2744,
'DISTANCE_ACCURACY_VALUE','Maximum Tolerance applied to model');
#2451=UNCERTAINTY_MEASURE_WITH_UNIT(LENGTH_MEASURE(1.E-6),#2745,
'DISTANCE_ACCURACY_VALUE','Maximum Tolerance applied to model');
#2452=UNCERTAINTY_MEASURE_WITH_UNIT(LENGTH_MEASURE(1.E-6),#2746,
'DISTANCE_ACCURACY_VALUE','Maximum Tolerance applied to model');
#2453=UNCERTAINTY_MEASURE_WITH_UNIT(LENGTH_MEASURE(1.E-6),#2747,
'DISTANCE_ACCURACY_VALUE','Maximum Tolerance applied to model');
#2454=UNCERTAINTY_MEASURE_WITH_UNIT(LENGTH_MEASURE(1.E-6),#2748,
'DISTANCE_ACCURACY_VALUE','Maximum Tolerance applied to model');
#2455=UNCERTAINTY_MEASURE_WITH_UNIT(LENGTH_MEASURE(1.E-6),#2749,
'DISTANCE_ACCURACY_VALUE','Maximum Tolerance applied to model');
#2456=UNCERTAINTY_MEASURE_WITH_UNIT(LENGTH_MEASURE(1.E-6),#2750,
'DISTANCE_ACCURACY_VALUE','Maximum Tolerance applied to model');
#2457=UNCERTAINTY_MEASURE_WITH_UNIT(LENGTH_MEASURE(1.E-6),#2751,
'DISTANCE_ACCURACY_VALUE','Maximum Tolerance applied to model');
#2458=UNCERTAINTY_MEASURE_WITH_UNIT(LENGTH_MEASURE(1.E-6),#2752,
'DISTANCE_ACCURACY_VALUE','Maximum Tolerance applied to model');
#2459=UNCERTAINTY_MEASURE_WITH_UNIT(LENGTH_MEASURE(1.E-6),#2753,
'DISTANCE_ACCURACY_VALUE','Maximum Tolerance applied to model');
#2460=UNCERTAINTY_MEASURE_WITH_UNIT(LENGTH_MEASURE(1.E-6),#2754,
'DISTANCE_ACCURACY_VALUE','Maximum Tolerance applied to model');
#2461=UNCERTAINTY_MEASURE_WITH_UNIT(LENGTH_MEASURE(1.E-6),#2755,
'DISTANCE_ACCURACY_VALUE','Maximum Tolerance applied to model');
#2462=UNCERTAINTY_MEASURE_WITH_UNIT(LENGTH_MEASURE(1.E-6),#2756,
'DISTANCE_ACCURACY_VALUE','Maximum Tolerance applied to model');
#2463=UNCERTAINTY_MEASURE_WITH_UNIT(LENGTH_MEASURE(1.E-6),#2757,
'DISTANCE_ACCURACY_VALUE','Maximum Tolerance applied to model');
#2464=UNCERTAINTY_MEASURE_WITH_UNIT(LENGTH_MEASURE(1.E-6),#2758,
'DISTANCE_ACCURACY_VALUE','Maximum Tolerance applied to model');
#2465=UNCERTAINTY_MEASURE_WITH_UNIT(LENGTH_MEASURE(1.E-6),#2759,
'DISTANCE_ACCURACY_VALUE','Maximum Tolerance applied to model');
#2466=UNCERTAINTY_MEASURE_WITH_UNIT(LENGTH_MEASURE(1.E-6),#2760,
'DISTANCE_ACCURACY_VALUE','Maximum Tolerance applied to model');
#2467=UNCERTAINTY_MEASURE_WITH_UNIT(LENGTH_MEASURE(1.E-6),#2761,
'DISTANCE_ACCURACY_VALUE','Maximum Tolerance applied to model');
#2468=UNCERTAINTY_MEASURE_WITH_UNIT(LENGTH_MEASURE(1.E-6),#2762,
'DISTANCE_ACCURACY_VALUE','Maximum Tolerance applied to model');
#2469=UNCERTAINTY_MEASURE_WITH_UNIT(LENGTH_MEASURE(1.E-6),#2763,
'DISTANCE_ACCURACY_VALUE','Maximum Tolerance applied to model');
#2470=UNCERTAINTY_MEASURE_WITH_UNIT(LENGTH_MEASURE(1.E-6),#2764,
'DISTANCE_ACCURACY_VALUE','Maximum Tolerance applied to model');
#2471=UNCERTAINTY_MEASURE_WITH_UNIT(LENGTH_MEASURE(1.E-6),#2765,
'DISTANCE_ACCURACY_VALUE','Maximum Tolerance applied to model');
#2472=UNCERTAINTY_MEASURE_WITH_UNIT(LENGTH_MEASURE(1.E-6),#2766,
'DISTANCE_ACCURACY_VALUE','Maximum Tolerance applied to model');
#2473=UNCERTAINTY_MEASURE_WITH_UNIT(LENGTH_MEASURE(1.E-6),#2767,
'DISTANCE_ACCURACY_VALUE','Maximum Tolerance applied to model');
#2474=UNCERTAINTY_MEASURE_WITH_UNIT(LENGTH_MEASURE(1.E-6),#2768,
'DISTANCE_ACCURACY_VALUE','Maximum Tolerance applied to model');
#2475=UNCERTAINTY_MEASURE_WITH_UNIT(LENGTH_MEASURE(1.E-6),#2769,
'DISTANCE_ACCURACY_VALUE','Maximum Tolerance applied to model');
#2476=UNCERTAINTY_MEASURE_WITH_UNIT(LENGTH_MEASURE(1.E-6),#2770,
'DISTANCE_ACCURACY_VALUE','Maximum Tolerance applied to model');
#2477=UNCERTAINTY_MEASURE_WITH_UNIT(LENGTH_MEASURE(1.E-6),#2771,
'DISTANCE_ACCURACY_VALUE','Maximum Tolerance applied to model');
#2478=UNCERTAINTY_MEASURE_WITH_UNIT(LENGTH_MEASURE(1.E-6),#2772,
'DISTANCE_ACCURACY_VALUE','Maximum Tolerance applied to model');
#2479=UNCERTAINTY_MEASURE_WITH_UNIT(LENGTH_MEASURE(1.E-6),#2773,
'DISTANCE_ACCURACY_VALUE','Maximum Tolerance applied to model');
#2480=UNCERTAINTY_MEASURE_WITH_UNIT(LENGTH_MEASURE(1.E-6),#2774,
'DISTANCE_ACCURACY_VALUE','Maximum Tolerance applied to model');
#2481=UNCERTAINTY_MEASURE_WITH_UNIT(LENGTH_MEASURE(1.E-6),#2775,
'DISTANCE_ACCURACY_VALUE','Maximum Tolerance applied to model');
#2482=UNCERTAINTY_MEASURE_WITH_UNIT(LENGTH_MEASURE(1.E-6),#2776,
'DISTANCE_ACCURACY_VALUE','Maximum Tolerance applied to model');
#2483=UNCERTAINTY_MEASURE_WITH_UNIT(LENGTH_MEASURE(1.E-6),#2777,
'DISTANCE_ACCURACY_VALUE','Maximum Tolerance applied to model');
#2484=UNCERTAINTY_MEASURE_WITH_UNIT(LENGTH_MEASURE(1.E-6),#2778,
'DISTANCE_ACCURACY_VALUE','Maximum Tolerance applied to model');
#2485=UNCERTAINTY_MEASURE_WITH_UNIT(LENGTH_MEASURE(1.E-6),#2779,
'DISTANCE_ACCURACY_VALUE','Maximum Tolerance applied to model');
#2486=UNCERTAINTY_MEASURE_WITH_UNIT(LENGTH_MEASURE(1.E-6),#2780,
'DISTANCE_ACCURACY_VALUE','Maximum Tolerance applied to model');
#2487=UNCERTAINTY_MEASURE_WITH_UNIT(LENGTH_MEASURE(1.E-6),#2781,
'DISTANCE_ACCURACY_VALUE','Maximum Tolerance applied to model');
#2488=UNCERTAINTY_MEASURE_WITH_UNIT(LENGTH_MEASURE(1.E-6),#2782,
'DISTANCE_ACCURACY_VALUE','Maximum Tolerance applied to model');
#2489=UNCERTAINTY_MEASURE_WITH_UNIT(LENGTH_MEASURE(1.E-6),#2783,
'DISTANCE_ACCURACY_VALUE','Maximum Tolerance applied to model');
#2490=UNCERTAINTY_MEASURE_WITH_UNIT(LENGTH_MEASURE(1.E-6),#2784,
'DISTANCE_ACCURACY_VALUE','Maximum Tolerance applied to model');
#2491=UNCERTAINTY_MEASURE_WITH_UNIT(LENGTH_MEASURE(1.E-6),#2785,
'DISTANCE_ACCURACY_VALUE','Maximum Tolerance applied to model');
#2492=UNCERTAINTY_MEASURE_WITH_UNIT(LENGTH_MEASURE(1.E-6),#2786,
'DISTANCE_ACCURACY_VALUE','Maximum Tolerance applied to model');
#2493=UNCERTAINTY_MEASURE_WITH_UNIT(LENGTH_MEASURE(1.E-6),#2787,
'DISTANCE_ACCURACY_VALUE','Maximum Tolerance applied to model');
#2494=UNCERTAINTY_MEASURE_WITH_UNIT(LENGTH_MEASURE(1.E-6),#2788,
'DISTANCE_ACCURACY_VALUE','Maximum Tolerance applied to model');
#2495=UNCERTAINTY_MEASURE_WITH_UNIT(LENGTH_MEASURE(1.E-6),#2789,
'DISTANCE_ACCURACY_VALUE','Maximum Tolerance applied to model');
#2496=UNCERTAINTY_MEASURE_WITH_UNIT(LENGTH_MEASURE(1.E-6),#2790,
'DISTANCE_ACCURACY_VALUE','Maximum Tolerance applied to model');
#2497=UNCERTAINTY_MEASURE_WITH_UNIT(LENGTH_MEASURE(1.E-6),#2791,
'DISTANCE_ACCURACY_VALUE','Maximum Tolerance applied to model');
#2498=UNCERTAINTY_MEASURE_WITH_UNIT(LENGTH_MEASURE(1.E-6),#2792,
'DISTANCE_ACCURACY_VALUE','Maximum Tolerance applied to model');
#2499=UNCERTAINTY_MEASURE_WITH_UNIT(LENGTH_MEASURE(1.E-6),#2793,
'DISTANCE_ACCURACY_VALUE','Maximum Tolerance applied to model');
#2500=UNCERTAINTY_MEASURE_WITH_UNIT(LENGTH_MEASURE(1.E-6),#2794,
'DISTANCE_ACCURACY_VALUE','Maximum Tolerance applied to model');
#2501=UNCERTAINTY_MEASURE_WITH_UNIT(LENGTH_MEASURE(1.E-6),#2795,
'DISTANCE_ACCURACY_VALUE','Maximum Tolerance applied to model');
#2502=UNCERTAINTY_MEASURE_WITH_UNIT(LENGTH_MEASURE(1.E-6),#2796,
'DISTANCE_ACCURACY_VALUE','Maximum Tolerance applied to model');
#2503=UNCERTAINTY_MEASURE_WITH_UNIT(LENGTH_MEASURE(1.E-6),#2797,
'DISTANCE_ACCURACY_VALUE','Maximum Tolerance applied to model');
#2504=UNCERTAINTY_MEASURE_WITH_UNIT(LENGTH_MEASURE(1.E-6),#2798,
'DISTANCE_ACCURACY_VALUE','Maximum Tolerance applied to model');
#2505=UNCERTAINTY_MEASURE_WITH_UNIT(LENGTH_MEASURE(1.E-6),#2799,
'DISTANCE_ACCURACY_VALUE','Maximum Tolerance applied to model');
#2506=UNCERTAINTY_MEASURE_WITH_UNIT(LENGTH_MEASURE(1.E-6),#2800,
'DISTANCE_ACCURACY_VALUE','Maximum Tolerance applied to model');
#2507=UNCERTAINTY_MEASURE_WITH_UNIT(LENGTH_MEASURE(1.E-6),#2801,
'DISTANCE_ACCURACY_VALUE','Maximum Tolerance applied to model');
#2508=UNCERTAINTY_MEASURE_WITH_UNIT(LENGTH_MEASURE(1.E-6),#2802,
'DISTANCE_ACCURACY_VALUE','Maximum Tolerance applied to model');
#2509=UNCERTAINTY_MEASURE_WITH_UNIT(LENGTH_MEASURE(1.E-6),#2803,
'DISTANCE_ACCURACY_VALUE','Maximum Tolerance applied to model');
#2510=UNCERTAINTY_MEASURE_WITH_UNIT(LENGTH_MEASURE(1.E-6),#2804,
'DISTANCE_ACCURACY_VALUE','Maximum Tolerance applied to model');
#2511=UNCERTAINTY_MEASURE_WITH_UNIT(LENGTH_MEASURE(1.E-6),#2805,
'DISTANCE_ACCURACY_VALUE','Maximum Tolerance applied to model');
#2512=UNCERTAINTY_MEASURE_WITH_UNIT(LENGTH_MEASURE(1.E-6),#2806,
'DISTANCE_ACCURACY_VALUE','Maximum Tolerance applied to model');
#2513=UNCERTAINTY_MEASURE_WITH_UNIT(LENGTH_MEASURE(1.E-6),#2807,
'DISTANCE_ACCURACY_VALUE','Maximum Tolerance applied to model');
#2514=UNCERTAINTY_MEASURE_WITH_UNIT(LENGTH_MEASURE(1.E-6),#2808,
'DISTANCE_ACCURACY_VALUE','Maximum Tolerance applied to model');
#2515=UNCERTAINTY_MEASURE_WITH_UNIT(LENGTH_MEASURE(1.E-6),#2809,
'DISTANCE_ACCURACY_VALUE','Maximum Tolerance applied to model');
#2516=UNCERTAINTY_MEASURE_WITH_UNIT(LENGTH_MEASURE(1.E-6),#2810,
'DISTANCE_ACCURACY_VALUE','Maximum Tolerance applied to model');
#2517=UNCERTAINTY_MEASURE_WITH_UNIT(LENGTH_MEASURE(1.E-6),#2811,
'DISTANCE_ACCURACY_VALUE','Maximum Tolerance applied to model');
#2518=UNCERTAINTY_MEASURE_WITH_UNIT(LENGTH_MEASURE(1.E-6),#2812,
'DISTANCE_ACCURACY_VALUE','Maximum Tolerance applied to model');
#2519=UNCERTAINTY_MEASURE_WITH_UNIT(LENGTH_MEASURE(1.E-6),#2813,
'DISTANCE_ACCURACY_VALUE','Maximum Tolerance applied to model');
#2520=UNCERTAINTY_MEASURE_WITH_UNIT(LENGTH_MEASURE(1.E-6),#2814,
'DISTANCE_ACCURACY_VALUE','Maximum Tolerance applied to model');
#2521=UNCERTAINTY_MEASURE_WITH_UNIT(LENGTH_MEASURE(1.E-6),#2815,
'DISTANCE_ACCURACY_VALUE','Maximum Tolerance applied to model');
#2522=UNCERTAINTY_MEASURE_WITH_UNIT(LENGTH_MEASURE(1.E-6),#2816,
'DISTANCE_ACCURACY_VALUE','Maximum Tolerance applied to model');
#2523=UNCERTAINTY_MEASURE_WITH_UNIT(LENGTH_MEASURE(1.E-6),#2817,
'DISTANCE_ACCURACY_VALUE','Maximum Tolerance applied to model');
#2524=UNCERTAINTY_MEASURE_WITH_UNIT(LENGTH_MEASURE(1.E-6),#2818,
'DISTANCE_ACCURACY_VALUE','Maximum Tolerance applied to model');
#2525=UNCERTAINTY_MEASURE_WITH_UNIT(LENGTH_MEASURE(1.E-6),#2819,
'DISTANCE_ACCURACY_VALUE','Maximum Tolerance applied to model');
#2526=UNCERTAINTY_MEASURE_WITH_UNIT(LENGTH_MEASURE(1.E-6),#2820,
'DISTANCE_ACCURACY_VALUE','Maximum Tolerance applied to model');
#2527=UNCERTAINTY_MEASURE_WITH_UNIT(LENGTH_MEASURE(1.E-6),#2821,
'DISTANCE_ACCURACY_VALUE','Maximum Tolerance applied to model');
#2528=UNCERTAINTY_MEASURE_WITH_UNIT(LENGTH_MEASURE(1.E-6),#2822,
'DISTANCE_ACCURACY_VALUE','Maximum Tolerance applied to model');
#2529=UNCERTAINTY_MEASURE_WITH_UNIT(LENGTH_MEASURE(1.E-6),#2823,
'DISTANCE_ACCURACY_VALUE','Maximum Tolerance applied to model');
#2530=UNCERTAINTY_MEASURE_WITH_UNIT(LENGTH_MEASURE(1.E-6),#2824,
'DISTANCE_ACCURACY_VALUE','Maximum Tolerance applied to model');
#2531=UNCERTAINTY_MEASURE_WITH_UNIT(LENGTH_MEASURE(1.E-6),#2825,
'DISTANCE_ACCURACY_VALUE','Maximum Tolerance applied to model');
#2532=UNCERTAINTY_MEASURE_WITH_UNIT(LENGTH_MEASURE(1.E-6),#2826,
'DISTANCE_ACCURACY_VALUE','Maximum Tolerance applied to model');
#2533=UNCERTAINTY_MEASURE_WITH_UNIT(LENGTH_MEASURE(1.E-6),#2827,
'DISTANCE_ACCURACY_VALUE','Maximum Tolerance applied to model');
#2534=UNCERTAINTY_MEASURE_WITH_UNIT(LENGTH_MEASURE(1.E-6),#2828,
'DISTANCE_ACCURACY_VALUE','Maximum Tolerance applied to model');
#2535=UNCERTAINTY_MEASURE_WITH_UNIT(LENGTH_MEASURE(1.E-6),#2829,
'DISTANCE_ACCURACY_VALUE','Maximum Tolerance applied to model');
#2536=UNCERTAINTY_MEASURE_WITH_UNIT(LENGTH_MEASURE(1.E-6),#2830,
'DISTANCE_ACCURACY_VALUE','Maximum Tolerance applied to model');
#2537=UNCERTAINTY_MEASURE_WITH_UNIT(LENGTH_MEASURE(1.E-6),#2831,
'DISTANCE_ACCURACY_VALUE','Maximum Tolerance applied to model');
#2538=UNCERTAINTY_MEASURE_WITH_UNIT(LENGTH_MEASURE(1.E-6),#2832,
'DISTANCE_ACCURACY_VALUE','Maximum Tolerance applied to model');
#2539=UNCERTAINTY_MEASURE_WITH_UNIT(LENGTH_MEASURE(1.E-6),#2833,
'DISTANCE_ACCURACY_VALUE','Maximum Tolerance applied to model');
#2540=UNCERTAINTY_MEASURE_WITH_UNIT(LENGTH_MEASURE(1.E-6),#2834,
'DISTANCE_ACCURACY_VALUE','Maximum Tolerance applied to model');
#2541=UNCERTAINTY_MEASURE_WITH_UNIT(LENGTH_MEASURE(1.E-6),#2835,
'DISTANCE_ACCURACY_VALUE','Maximum Tolerance applied to model');
#2542=UNCERTAINTY_MEASURE_WITH_UNIT(LENGTH_MEASURE(1.E-6),#2836,
'DISTANCE_ACCURACY_VALUE','Maximum Tolerance applied to model');
#2543=(
NAMED_UNIT(*)
SI_UNIT($,.STERADIAN.)
SOLID_ANGLE_UNIT()
);
#2544=(
NAMED_UNIT(*)
SI_UNIT($,.STERADIAN.)
SOLID_ANGLE_UNIT()
);
#2545=(
NAMED_UNIT(*)
SI_UNIT($,.STERADIAN.)
SOLID_ANGLE_UNIT()
);
#2546=(
NAMED_UNIT(*)
SI_UNIT($,.STERADIAN.)
SOLID_ANGLE_UNIT()
);
#2547=(
NAMED_UNIT(*)
SI_UNIT($,.STERADIAN.)
SOLID_ANGLE_UNIT()
);
#2548=(
NAMED_UNIT(*)
SI_UNIT($,.STERADIAN.)
SOLID_ANGLE_UNIT()
);
#2549=(
NAMED_UNIT(*)
SI_UNIT($,.STERADIAN.)
SOLID_ANGLE_UNIT()
);
#2550=(
NAMED_UNIT(*)
SI_UNIT($,.STERADIAN.)
SOLID_ANGLE_UNIT()
);
#2551=(
NAMED_UNIT(*)
SI_UNIT($,.STERADIAN.)
SOLID_ANGLE_UNIT()
);
#2552=(
NAMED_UNIT(*)
SI_UNIT($,.STERADIAN.)
SOLID_ANGLE_UNIT()
);
#2553=(
NAMED_UNIT(*)
SI_UNIT($,.STERADIAN.)
SOLID_ANGLE_UNIT()
);
#2554=(
NAMED_UNIT(*)
SI_UNIT($,.STERADIAN.)
SOLID_ANGLE_UNIT()
);
#2555=(
NAMED_UNIT(*)
SI_UNIT($,.STERADIAN.)
SOLID_ANGLE_UNIT()
);
#2556=(
NAMED_UNIT(*)
SI_UNIT($,.STERADIAN.)
SOLID_ANGLE_UNIT()
);
#2557=(
NAMED_UNIT(*)
SI_UNIT($,.STERADIAN.)
SOLID_ANGLE_UNIT()
);
#2558=(
NAMED_UNIT(*)
SI_UNIT($,.STERADIAN.)
SOLID_ANGLE_UNIT()
);
#2559=(
NAMED_UNIT(*)
SI_UNIT($,.STERADIAN.)
SOLID_ANGLE_UNIT()
);
#2560=(
NAMED_UNIT(*)
SI_UNIT($,.STERADIAN.)
SOLID_ANGLE_UNIT()
);
#2561=(
NAMED_UNIT(*)
SI_UNIT($,.STERADIAN.)
SOLID_ANGLE_UNIT()
);
#2562=(
NAMED_UNIT(*)
SI_UNIT($,.STERADIAN.)
SOLID_ANGLE_UNIT()
);
#2563=(
NAMED_UNIT(*)
SI_UNIT($,.STERADIAN.)
SOLID_ANGLE_UNIT()
);
#2564=(
NAMED_UNIT(*)
SI_UNIT($,.STERADIAN.)
SOLID_ANGLE_UNIT()
);
#2565=(
NAMED_UNIT(*)
SI_UNIT($,.STERADIAN.)
SOLID_ANGLE_UNIT()
);
#2566=(
NAMED_UNIT(*)
SI_UNIT($,.STERADIAN.)
SOLID_ANGLE_UNIT()
);
#2567=(
NAMED_UNIT(*)
SI_UNIT($,.STERADIAN.)
SOLID_ANGLE_UNIT()
);
#2568=(
NAMED_UNIT(*)
SI_UNIT($,.STERADIAN.)
SOLID_ANGLE_UNIT()
);
#2569=(
NAMED_UNIT(*)
SI_UNIT($,.STERADIAN.)
SOLID_ANGLE_UNIT()
);
#2570=(
NAMED_UNIT(*)
SI_UNIT($,.STERADIAN.)
SOLID_ANGLE_UNIT()
);
#2571=(
NAMED_UNIT(*)
SI_UNIT($,.STERADIAN.)
SOLID_ANGLE_UNIT()
);
#2572=(
NAMED_UNIT(*)
SI_UNIT($,.STERADIAN.)
SOLID_ANGLE_UNIT()
);
#2573=(
NAMED_UNIT(*)
SI_UNIT($,.STERADIAN.)
SOLID_ANGLE_UNIT()
);
#2574=(
NAMED_UNIT(*)
SI_UNIT($,.STERADIAN.)
SOLID_ANGLE_UNIT()
);
#2575=(
NAMED_UNIT(*)
SI_UNIT($,.STERADIAN.)
SOLID_ANGLE_UNIT()
);
#2576=(
NAMED_UNIT(*)
SI_UNIT($,.STERADIAN.)
SOLID_ANGLE_UNIT()
);
#2577=(
NAMED_UNIT(*)
SI_UNIT($,.STERADIAN.)
SOLID_ANGLE_UNIT()
);
#2578=(
NAMED_UNIT(*)
SI_UNIT($,.STERADIAN.)
SOLID_ANGLE_UNIT()
);
#2579=(
NAMED_UNIT(*)
SI_UNIT($,.STERADIAN.)
SOLID_ANGLE_UNIT()
);
#2580=(
NAMED_UNIT(*)
SI_UNIT($,.STERADIAN.)
SOLID_ANGLE_UNIT()
);
#2581=(
NAMED_UNIT(*)
SI_UNIT($,.STERADIAN.)
SOLID_ANGLE_UNIT()
);
#2582=(
NAMED_UNIT(*)
SI_UNIT($,.STERADIAN.)
SOLID_ANGLE_UNIT()
);
#2583=(
NAMED_UNIT(*)
SI_UNIT($,.STERADIAN.)
SOLID_ANGLE_UNIT()
);
#2584=(
NAMED_UNIT(*)
SI_UNIT($,.STERADIAN.)
SOLID_ANGLE_UNIT()
);
#2585=(
NAMED_UNIT(*)
SI_UNIT($,.STERADIAN.)
SOLID_ANGLE_UNIT()
);
#2586=(
NAMED_UNIT(*)
SI_UNIT($,.STERADIAN.)
SOLID_ANGLE_UNIT()
);
#2587=(
NAMED_UNIT(*)
SI_UNIT($,.STERADIAN.)
SOLID_ANGLE_UNIT()
);
#2588=(
NAMED_UNIT(*)
SI_UNIT($,.STERADIAN.)
SOLID_ANGLE_UNIT()
);
#2589=(
NAMED_UNIT(*)
SI_UNIT($,.STERADIAN.)
SOLID_ANGLE_UNIT()
);
#2590=(
NAMED_UNIT(*)
SI_UNIT($,.STERADIAN.)
SOLID_ANGLE_UNIT()
);
#2591=(
NAMED_UNIT(*)
SI_UNIT($,.STERADIAN.)
SOLID_ANGLE_UNIT()
);
#2592=(
NAMED_UNIT(*)
SI_UNIT($,.STERADIAN.)
SOLID_ANGLE_UNIT()
);
#2593=(
NAMED_UNIT(*)
SI_UNIT($,.STERADIAN.)
SOLID_ANGLE_UNIT()
);
#2594=(
NAMED_UNIT(*)
SI_UNIT($,.STERADIAN.)
SOLID_ANGLE_UNIT()
);
#2595=(
NAMED_UNIT(*)
SI_UNIT($,.STERADIAN.)
SOLID_ANGLE_UNIT()
);
#2596=(
NAMED_UNIT(*)
SI_UNIT($,.STERADIAN.)
SOLID_ANGLE_UNIT()
);
#2597=(
NAMED_UNIT(*)
SI_UNIT($,.STERADIAN.)
SOLID_ANGLE_UNIT()
);
#2598=(
NAMED_UNIT(*)
SI_UNIT($,.STERADIAN.)
SOLID_ANGLE_UNIT()
);
#2599=(
NAMED_UNIT(*)
SI_UNIT($,.STERADIAN.)
SOLID_ANGLE_UNIT()
);
#2600=(
NAMED_UNIT(*)
SI_UNIT($,.STERADIAN.)
SOLID_ANGLE_UNIT()
);
#2601=(
NAMED_UNIT(*)
SI_UNIT($,.STERADIAN.)
SOLID_ANGLE_UNIT()
);
#2602=(
NAMED_UNIT(*)
SI_UNIT($,.STERADIAN.)
SOLID_ANGLE_UNIT()
);
#2603=(
NAMED_UNIT(*)
SI_UNIT($,.STERADIAN.)
SOLID_ANGLE_UNIT()
);
#2604=(
NAMED_UNIT(*)
SI_UNIT($,.STERADIAN.)
SOLID_ANGLE_UNIT()
);
#2605=(
NAMED_UNIT(*)
SI_UNIT($,.STERADIAN.)
SOLID_ANGLE_UNIT()
);
#2606=(
NAMED_UNIT(*)
SI_UNIT($,.STERADIAN.)
SOLID_ANGLE_UNIT()
);
#2607=(
NAMED_UNIT(*)
SI_UNIT($,.STERADIAN.)
SOLID_ANGLE_UNIT()
);
#2608=(
NAMED_UNIT(*)
SI_UNIT($,.STERADIAN.)
SOLID_ANGLE_UNIT()
);
#2609=(
NAMED_UNIT(*)
SI_UNIT($,.STERADIAN.)
SOLID_ANGLE_UNIT()
);
#2610=(
NAMED_UNIT(*)
SI_UNIT($,.STERADIAN.)
SOLID_ANGLE_UNIT()
);
#2611=(
NAMED_UNIT(*)
SI_UNIT($,.STERADIAN.)
SOLID_ANGLE_UNIT()
);
#2612=(
NAMED_UNIT(*)
SI_UNIT($,.STERADIAN.)
SOLID_ANGLE_UNIT()
);
#2613=(
NAMED_UNIT(*)
SI_UNIT($,.STERADIAN.)
SOLID_ANGLE_UNIT()
);
#2614=(
NAMED_UNIT(*)
SI_UNIT($,.STERADIAN.)
SOLID_ANGLE_UNIT()
);
#2615=(
NAMED_UNIT(*)
SI_UNIT($,.STERADIAN.)
SOLID_ANGLE_UNIT()
);
#2616=(
NAMED_UNIT(*)
SI_UNIT($,.STERADIAN.)
SOLID_ANGLE_UNIT()
);
#2617=(
NAMED_UNIT(*)
SI_UNIT($,.STERADIAN.)
SOLID_ANGLE_UNIT()
);
#2618=(
NAMED_UNIT(*)
SI_UNIT($,.STERADIAN.)
SOLID_ANGLE_UNIT()
);
#2619=(
NAMED_UNIT(*)
SI_UNIT($,.STERADIAN.)
SOLID_ANGLE_UNIT()
);
#2620=(
NAMED_UNIT(*)
SI_UNIT($,.STERADIAN.)
SOLID_ANGLE_UNIT()
);
#2621=(
NAMED_UNIT(*)
SI_UNIT($,.STERADIAN.)
SOLID_ANGLE_UNIT()
);
#2622=(
NAMED_UNIT(*)
SI_UNIT($,.STERADIAN.)
SOLID_ANGLE_UNIT()
);
#2623=(
NAMED_UNIT(*)
SI_UNIT($,.STERADIAN.)
SOLID_ANGLE_UNIT()
);
#2624=(
NAMED_UNIT(*)
SI_UNIT($,.STERADIAN.)
SOLID_ANGLE_UNIT()
);
#2625=(
NAMED_UNIT(*)
SI_UNIT($,.STERADIAN.)
SOLID_ANGLE_UNIT()
);
#2626=(
NAMED_UNIT(*)
SI_UNIT($,.STERADIAN.)
SOLID_ANGLE_UNIT()
);
#2627=(
NAMED_UNIT(*)
SI_UNIT($,.STERADIAN.)
SOLID_ANGLE_UNIT()
);
#2628=(
NAMED_UNIT(*)
SI_UNIT($,.STERADIAN.)
SOLID_ANGLE_UNIT()
);
#2629=(
NAMED_UNIT(*)
SI_UNIT($,.STERADIAN.)
SOLID_ANGLE_UNIT()
);
#2630=(
NAMED_UNIT(*)
SI_UNIT($,.STERADIAN.)
SOLID_ANGLE_UNIT()
);
#2631=(
NAMED_UNIT(*)
SI_UNIT($,.STERADIAN.)
SOLID_ANGLE_UNIT()
);
#2632=(
NAMED_UNIT(*)
SI_UNIT($,.STERADIAN.)
SOLID_ANGLE_UNIT()
);
#2633=(
NAMED_UNIT(*)
SI_UNIT($,.STERADIAN.)
SOLID_ANGLE_UNIT()
);
#2634=(
NAMED_UNIT(*)
SI_UNIT($,.STERADIAN.)
SOLID_ANGLE_UNIT()
);
#2635=(
NAMED_UNIT(*)
SI_UNIT($,.STERADIAN.)
SOLID_ANGLE_UNIT()
);
#2636=(
NAMED_UNIT(*)
SI_UNIT($,.STERADIAN.)
SOLID_ANGLE_UNIT()
);
#2637=(
NAMED_UNIT(*)
SI_UNIT($,.STERADIAN.)
SOLID_ANGLE_UNIT()
);
#2638=(
NAMED_UNIT(*)
SI_UNIT($,.STERADIAN.)
SOLID_ANGLE_UNIT()
);
#2639=(
NAMED_UNIT(*)
SI_UNIT($,.STERADIAN.)
SOLID_ANGLE_UNIT()
);
#2640=(
NAMED_UNIT(*)
SI_UNIT($,.STERADIAN.)
SOLID_ANGLE_UNIT()
);
#2641=(
NAMED_UNIT(*)
PLANE_ANGLE_UNIT()
SI_UNIT($,.RADIAN.)
);
#2642=(
NAMED_UNIT(*)
PLANE_ANGLE_UNIT()
SI_UNIT($,.RADIAN.)
);
#2643=(
NAMED_UNIT(*)
PLANE_ANGLE_UNIT()
SI_UNIT($,.RADIAN.)
);
#2644=(
NAMED_UNIT(*)
PLANE_ANGLE_UNIT()
SI_UNIT($,.RADIAN.)
);
#2645=(
NAMED_UNIT(*)
PLANE_ANGLE_UNIT()
SI_UNIT($,.RADIAN.)
);
#2646=(
NAMED_UNIT(*)
PLANE_ANGLE_UNIT()
SI_UNIT($,.RADIAN.)
);
#2647=(
NAMED_UNIT(*)
PLANE_ANGLE_UNIT()
SI_UNIT($,.RADIAN.)
);
#2648=(
NAMED_UNIT(*)
PLANE_ANGLE_UNIT()
SI_UNIT($,.RADIAN.)
);
#2649=(
NAMED_UNIT(*)
PLANE_ANGLE_UNIT()
SI_UNIT($,.RADIAN.)
);
#2650=(
NAMED_UNIT(*)
PLANE_ANGLE_UNIT()
SI_UNIT($,.RADIAN.)
);
#2651=(
NAMED_UNIT(*)
PLANE_ANGLE_UNIT()
SI_UNIT($,.RADIAN.)
);
#2652=(
NAMED_UNIT(*)
PLANE_ANGLE_UNIT()
SI_UNIT($,.RADIAN.)
);
#2653=(
NAMED_UNIT(*)
PLANE_ANGLE_UNIT()
SI_UNIT($,.RADIAN.)
);
#2654=(
NAMED_UNIT(*)
PLANE_ANGLE_UNIT()
SI_UNIT($,.RADIAN.)
);
#2655=(
NAMED_UNIT(*)
PLANE_ANGLE_UNIT()
SI_UNIT($,.RADIAN.)
);
#2656=(
NAMED_UNIT(*)
PLANE_ANGLE_UNIT()
SI_UNIT($,.RADIAN.)
);
#2657=(
NAMED_UNIT(*)
PLANE_ANGLE_UNIT()
SI_UNIT($,.RADIAN.)
);
#2658=(
NAMED_UNIT(*)
PLANE_ANGLE_UNIT()
SI_UNIT($,.RADIAN.)
);
#2659=(
NAMED_UNIT(*)
PLANE_ANGLE_UNIT()
SI_UNIT($,.RADIAN.)
);
#2660=(
NAMED_UNIT(*)
PLANE_ANGLE_UNIT()
SI_UNIT($,.RADIAN.)
);
#2661=(
NAMED_UNIT(*)
PLANE_ANGLE_UNIT()
SI_UNIT($,.RADIAN.)
);
#2662=(
NAMED_UNIT(*)
PLANE_ANGLE_UNIT()
SI_UNIT($,.RADIAN.)
);
#2663=(
NAMED_UNIT(*)
PLANE_ANGLE_UNIT()
SI_UNIT($,.RADIAN.)
);
#2664=(
NAMED_UNIT(*)
PLANE_ANGLE_UNIT()
SI_UNIT($,.RADIAN.)
);
#2665=(
NAMED_UNIT(*)
PLANE_ANGLE_UNIT()
SI_UNIT($,.RADIAN.)
);
#2666=(
NAMED_UNIT(*)
PLANE_ANGLE_UNIT()
SI_UNIT($,.RADIAN.)
);
#2667=(
NAMED_UNIT(*)
PLANE_ANGLE_UNIT()
SI_UNIT($,.RADIAN.)
);
#2668=(
NAMED_UNIT(*)
PLANE_ANGLE_UNIT()
SI_UNIT($,.RADIAN.)
);
#2669=(
NAMED_UNIT(*)
PLANE_ANGLE_UNIT()
SI_UNIT($,.RADIAN.)
);
#2670=(
NAMED_UNIT(*)
PLANE_ANGLE_UNIT()
SI_UNIT($,.RADIAN.)
);
#2671=(
NAMED_UNIT(*)
PLANE_ANGLE_UNIT()
SI_UNIT($,.RADIAN.)
);
#2672=(
NAMED_UNIT(*)
PLANE_ANGLE_UNIT()
SI_UNIT($,.RADIAN.)
);
#2673=(
NAMED_UNIT(*)
PLANE_ANGLE_UNIT()
SI_UNIT($,.RADIAN.)
);
#2674=(
NAMED_UNIT(*)
PLANE_ANGLE_UNIT()
SI_UNIT($,.RADIAN.)
);
#2675=(
NAMED_UNIT(*)
PLANE_ANGLE_UNIT()
SI_UNIT($,.RADIAN.)
);
#2676=(
NAMED_UNIT(*)
PLANE_ANGLE_UNIT()
SI_UNIT($,.RADIAN.)
);
#2677=(
NAMED_UNIT(*)
PLANE_ANGLE_UNIT()
SI_UNIT($,.RADIAN.)
);
#2678=(
NAMED_UNIT(*)
PLANE_ANGLE_UNIT()
SI_UNIT($,.RADIAN.)
);
#2679=(
NAMED_UNIT(*)
PLANE_ANGLE_UNIT()
SI_UNIT($,.RADIAN.)
);
#2680=(
NAMED_UNIT(*)
PLANE_ANGLE_UNIT()
SI_UNIT($,.RADIAN.)
);
#2681=(
NAMED_UNIT(*)
PLANE_ANGLE_UNIT()
SI_UNIT($,.RADIAN.)
);
#2682=(
NAMED_UNIT(*)
PLANE_ANGLE_UNIT()
SI_UNIT($,.RADIAN.)
);
#2683=(
NAMED_UNIT(*)
PLANE_ANGLE_UNIT()
SI_UNIT($,.RADIAN.)
);
#2684=(
NAMED_UNIT(*)
PLANE_ANGLE_UNIT()
SI_UNIT($,.RADIAN.)
);
#2685=(
NAMED_UNIT(*)
PLANE_ANGLE_UNIT()
SI_UNIT($,.RADIAN.)
);
#2686=(
NAMED_UNIT(*)
PLANE_ANGLE_UNIT()
SI_UNIT($,.RADIAN.)
);
#2687=(
NAMED_UNIT(*)
PLANE_ANGLE_UNIT()
SI_UNIT($,.RADIAN.)
);
#2688=(
NAMED_UNIT(*)
PLANE_ANGLE_UNIT()
SI_UNIT($,.RADIAN.)
);
#2689=(
NAMED_UNIT(*)
PLANE_ANGLE_UNIT()
SI_UNIT($,.RADIAN.)
);
#2690=(
NAMED_UNIT(*)
PLANE_ANGLE_UNIT()
SI_UNIT($,.RADIAN.)
);
#2691=(
NAMED_UNIT(*)
PLANE_ANGLE_UNIT()
SI_UNIT($,.RADIAN.)
);
#2692=(
NAMED_UNIT(*)
PLANE_ANGLE_UNIT()
SI_UNIT($,.RADIAN.)
);
#2693=(
NAMED_UNIT(*)
PLANE_ANGLE_UNIT()
SI_UNIT($,.RADIAN.)
);
#2694=(
NAMED_UNIT(*)
PLANE_ANGLE_UNIT()
SI_UNIT($,.RADIAN.)
);
#2695=(
NAMED_UNIT(*)
PLANE_ANGLE_UNIT()
SI_UNIT($,.RADIAN.)
);
#2696=(
NAMED_UNIT(*)
PLANE_ANGLE_UNIT()
SI_UNIT($,.RADIAN.)
);
#2697=(
NAMED_UNIT(*)
PLANE_ANGLE_UNIT()
SI_UNIT($,.RADIAN.)
);
#2698=(
NAMED_UNIT(*)
PLANE_ANGLE_UNIT()
SI_UNIT($,.RADIAN.)
);
#2699=(
NAMED_UNIT(*)
PLANE_ANGLE_UNIT()
SI_UNIT($,.RADIAN.)
);
#2700=(
NAMED_UNIT(*)
PLANE_ANGLE_UNIT()
SI_UNIT($,.RADIAN.)
);
#2701=(
NAMED_UNIT(*)
PLANE_ANGLE_UNIT()
SI_UNIT($,.RADIAN.)
);
#2702=(
NAMED_UNIT(*)
PLANE_ANGLE_UNIT()
SI_UNIT($,.RADIAN.)
);
#2703=(
NAMED_UNIT(*)
PLANE_ANGLE_UNIT()
SI_UNIT($,.RADIAN.)
);
#2704=(
NAMED_UNIT(*)
PLANE_ANGLE_UNIT()
SI_UNIT($,.RADIAN.)
);
#2705=(
NAMED_UNIT(*)
PLANE_ANGLE_UNIT()
SI_UNIT($,.RADIAN.)
);
#2706=(
NAMED_UNIT(*)
PLANE_ANGLE_UNIT()
SI_UNIT($,.RADIAN.)
);
#2707=(
NAMED_UNIT(*)
PLANE_ANGLE_UNIT()
SI_UNIT($,.RADIAN.)
);
#2708=(
NAMED_UNIT(*)
PLANE_ANGLE_UNIT()
SI_UNIT($,.RADIAN.)
);
#2709=(
NAMED_UNIT(*)
PLANE_ANGLE_UNIT()
SI_UNIT($,.RADIAN.)
);
#2710=(
NAMED_UNIT(*)
PLANE_ANGLE_UNIT()
SI_UNIT($,.RADIAN.)
);
#2711=(
NAMED_UNIT(*)
PLANE_ANGLE_UNIT()
SI_UNIT($,.RADIAN.)
);
#2712=(
NAMED_UNIT(*)
PLANE_ANGLE_UNIT()
SI_UNIT($,.RADIAN.)
);
#2713=(
NAMED_UNIT(*)
PLANE_ANGLE_UNIT()
SI_UNIT($,.RADIAN.)
);
#2714=(
NAMED_UNIT(*)
PLANE_ANGLE_UNIT()
SI_UNIT($,.RADIAN.)
);
#2715=(
NAMED_UNIT(*)
PLANE_ANGLE_UNIT()
SI_UNIT($,.RADIAN.)
);
#2716=(
NAMED_UNIT(*)
PLANE_ANGLE_UNIT()
SI_UNIT($,.RADIAN.)
);
#2717=(
NAMED_UNIT(*)
PLANE_ANGLE_UNIT()
SI_UNIT($,.RADIAN.)
);
#2718=(
NAMED_UNIT(*)
PLANE_ANGLE_UNIT()
SI_UNIT($,.RADIAN.)
);
#2719=(
NAMED_UNIT(*)
PLANE_ANGLE_UNIT()
SI_UNIT($,.RADIAN.)
);
#2720=(
NAMED_UNIT(*)
PLANE_ANGLE_UNIT()
SI_UNIT($,.RADIAN.)
);
#2721=(
NAMED_UNIT(*)
PLANE_ANGLE_UNIT()
SI_UNIT($,.RADIAN.)
);
#2722=(
NAMED_UNIT(*)
PLANE_ANGLE_UNIT()
SI_UNIT($,.RADIAN.)
);
#2723=(
NAMED_UNIT(*)
PLANE_ANGLE_UNIT()
SI_UNIT($,.RADIAN.)
);
#2724=(
NAMED_UNIT(*)
PLANE_ANGLE_UNIT()
SI_UNIT($,.RADIAN.)
);
#2725=(
NAMED_UNIT(*)
PLANE_ANGLE_UNIT()
SI_UNIT($,.RADIAN.)
);
#2726=(
NAMED_UNIT(*)
PLANE_ANGLE_UNIT()
SI_UNIT($,.RADIAN.)
);
#2727=(
NAMED_UNIT(*)
PLANE_ANGLE_UNIT()
SI_UNIT($,.RADIAN.)
);
#2728=(
NAMED_UNIT(*)
PLANE_ANGLE_UNIT()
SI_UNIT($,.RADIAN.)
);
#2729=(
NAMED_UNIT(*)
PLANE_ANGLE_UNIT()
SI_UNIT($,.RADIAN.)
);
#2730=(
NAMED_UNIT(*)
PLANE_ANGLE_UNIT()
SI_UNIT($,.RADIAN.)
);
#2731=(
NAMED_UNIT(*)
PLANE_ANGLE_UNIT()
SI_UNIT($,.RADIAN.)
);
#2732=(
NAMED_UNIT(*)
PLANE_ANGLE_UNIT()
SI_UNIT($,.RADIAN.)
);
#2733=(
NAMED_UNIT(*)
PLANE_ANGLE_UNIT()
SI_UNIT($,.RADIAN.)
);
#2734=(
NAMED_UNIT(*)
PLANE_ANGLE_UNIT()
SI_UNIT($,.RADIAN.)
);
#2735=(
NAMED_UNIT(*)
PLANE_ANGLE_UNIT()
SI_UNIT($,.RADIAN.)
);
#2736=(
NAMED_UNIT(*)
PLANE_ANGLE_UNIT()
SI_UNIT($,.RADIAN.)
);
#2737=(
NAMED_UNIT(*)
PLANE_ANGLE_UNIT()
SI_UNIT($,.RADIAN.)
);
#2738=(
NAMED_UNIT(*)
PLANE_ANGLE_UNIT()
SI_UNIT($,.RADIAN.)
);
#2739=(
LENGTH_UNIT()
NAMED_UNIT(*)
SI_UNIT(.CENTI.,.METRE.)
);
#2740=(
LENGTH_UNIT()
NAMED_UNIT(*)
SI_UNIT(.CENTI.,.METRE.)
);
#2741=(
LENGTH_UNIT()
NAMED_UNIT(*)
SI_UNIT(.CENTI.,.METRE.)
);
#2742=(
LENGTH_UNIT()
NAMED_UNIT(*)
SI_UNIT(.CENTI.,.METRE.)
);
#2743=(
LENGTH_UNIT()
NAMED_UNIT(*)
SI_UNIT(.CENTI.,.METRE.)
);
#2744=(
LENGTH_UNIT()
NAMED_UNIT(*)
SI_UNIT(.CENTI.,.METRE.)
);
#2745=(
LENGTH_UNIT()
NAMED_UNIT(*)
SI_UNIT(.CENTI.,.METRE.)
);
#2746=(
LENGTH_UNIT()
NAMED_UNIT(*)
SI_UNIT(.CENTI.,.METRE.)
);
#2747=(
LENGTH_UNIT()
NAMED_UNIT(*)
SI_UNIT(.CENTI.,.METRE.)
);
#2748=(
LENGTH_UNIT()
NAMED_UNIT(*)
SI_UNIT(.CENTI.,.METRE.)
);
#2749=(
LENGTH_UNIT()
NAMED_UNIT(*)
SI_UNIT(.CENTI.,.METRE.)
);
#2750=(
LENGTH_UNIT()
NAMED_UNIT(*)
SI_UNIT(.CENTI.,.METRE.)
);
#2751=(
LENGTH_UNIT()
NAMED_UNIT(*)
SI_UNIT(.CENTI.,.METRE.)
);
#2752=(
LENGTH_UNIT()
NAMED_UNIT(*)
SI_UNIT(.CENTI.,.METRE.)
);
#2753=(
LENGTH_UNIT()
NAMED_UNIT(*)
SI_UNIT(.CENTI.,.METRE.)
);
#2754=(
LENGTH_UNIT()
NAMED_UNIT(*)
SI_UNIT(.CENTI.,.METRE.)
);
#2755=(
LENGTH_UNIT()
NAMED_UNIT(*)
SI_UNIT(.CENTI.,.METRE.)
);
#2756=(
LENGTH_UNIT()
NAMED_UNIT(*)
SI_UNIT(.CENTI.,.METRE.)
);
#2757=(
LENGTH_UNIT()
NAMED_UNIT(*)
SI_UNIT(.CENTI.,.METRE.)
);
#2758=(
LENGTH_UNIT()
NAMED_UNIT(*)
SI_UNIT(.CENTI.,.METRE.)
);
#2759=(
LENGTH_UNIT()
NAMED_UNIT(*)
SI_UNIT(.CENTI.,.METRE.)
);
#2760=(
LENGTH_UNIT()
NAMED_UNIT(*)
SI_UNIT(.CENTI.,.METRE.)
);
#2761=(
LENGTH_UNIT()
NAMED_UNIT(*)
SI_UNIT(.CENTI.,.METRE.)
);
#2762=(
LENGTH_UNIT()
NAMED_UNIT(*)
SI_UNIT(.CENTI.,.METRE.)
);
#2763=(
LENGTH_UNIT()
NAMED_UNIT(*)
SI_UNIT(.CENTI.,.METRE.)
);
#2764=(
LENGTH_UNIT()
NAMED_UNIT(*)
SI_UNIT(.CENTI.,.METRE.)
);
#2765=(
LENGTH_UNIT()
NAMED_UNIT(*)
SI_UNIT(.CENTI.,.METRE.)
);
#2766=(
LENGTH_UNIT()
NAMED_UNIT(*)
SI_UNIT(.CENTI.,.METRE.)
);
#2767=(
LENGTH_UNIT()
NAMED_UNIT(*)
SI_UNIT(.CENTI.,.METRE.)
);
#2768=(
LENGTH_UNIT()
NAMED_UNIT(*)
SI_UNIT(.CENTI.,.METRE.)
);
#2769=(
LENGTH_UNIT()
NAMED_UNIT(*)
SI_UNIT(.CENTI.,.METRE.)
);
#2770=(
LENGTH_UNIT()
NAMED_UNIT(*)
SI_UNIT(.CENTI.,.METRE.)
);
#2771=(
LENGTH_UNIT()
NAMED_UNIT(*)
SI_UNIT(.CENTI.,.METRE.)
);
#2772=(
LENGTH_UNIT()
NAMED_UNIT(*)
SI_UNIT(.CENTI.,.METRE.)
);
#2773=(
LENGTH_UNIT()
NAMED_UNIT(*)
SI_UNIT(.CENTI.,.METRE.)
);
#2774=(
LENGTH_UNIT()
NAMED_UNIT(*)
SI_UNIT(.CENTI.,.METRE.)
);
#2775=(
LENGTH_UNIT()
NAMED_UNIT(*)
SI_UNIT(.CENTI.,.METRE.)
);
#2776=(
LENGTH_UNIT()
NAMED_UNIT(*)
SI_UNIT(.CENTI.,.METRE.)
);
#2777=(
LENGTH_UNIT()
NAMED_UNIT(*)
SI_UNIT(.CENTI.,.METRE.)
);
#2778=(
LENGTH_UNIT()
NAMED_UNIT(*)
SI_UNIT(.CENTI.,.METRE.)
);
#2779=(
LENGTH_UNIT()
NAMED_UNIT(*)
SI_UNIT(.CENTI.,.METRE.)
);
#2780=(
LENGTH_UNIT()
NAMED_UNIT(*)
SI_UNIT(.CENTI.,.METRE.)
);
#2781=(
LENGTH_UNIT()
NAMED_UNIT(*)
SI_UNIT(.CENTI.,.METRE.)
);
#2782=(
LENGTH_UNIT()
NAMED_UNIT(*)
SI_UNIT(.CENTI.,.METRE.)
);
#2783=(
LENGTH_UNIT()
NAMED_UNIT(*)
SI_UNIT(.CENTI.,.METRE.)
);
#2784=(
LENGTH_UNIT()
NAMED_UNIT(*)
SI_UNIT(.CENTI.,.METRE.)
);
#2785=(
LENGTH_UNIT()
NAMED_UNIT(*)
SI_UNIT(.CENTI.,.METRE.)
);
#2786=(
LENGTH_UNIT()
NAMED_UNIT(*)
SI_UNIT(.CENTI.,.METRE.)
);
#2787=(
LENGTH_UNIT()
NAMED_UNIT(*)
SI_UNIT(.CENTI.,.METRE.)
);
#2788=(
LENGTH_UNIT()
NAMED_UNIT(*)
SI_UNIT(.CENTI.,.METRE.)
);
#2789=(
LENGTH_UNIT()
NAMED_UNIT(*)
SI_UNIT(.CENTI.,.METRE.)
);
#2790=(
LENGTH_UNIT()
NAMED_UNIT(*)
SI_UNIT(.CENTI.,.METRE.)
);
#2791=(
LENGTH_UNIT()
NAMED_UNIT(*)
SI_UNIT(.CENTI.,.METRE.)
);
#2792=(
LENGTH_UNIT()
NAMED_UNIT(*)
SI_UNIT(.CENTI.,.METRE.)
);
#2793=(
LENGTH_UNIT()
NAMED_UNIT(*)
SI_UNIT(.CENTI.,.METRE.)
);
#2794=(
LENGTH_UNIT()
NAMED_UNIT(*)
SI_UNIT(.CENTI.,.METRE.)
);
#2795=(
LENGTH_UNIT()
NAMED_UNIT(*)
SI_UNIT(.CENTI.,.METRE.)
);
#2796=(
LENGTH_UNIT()
NAMED_UNIT(*)
SI_UNIT(.CENTI.,.METRE.)
);
#2797=(
LENGTH_UNIT()
NAMED_UNIT(*)
SI_UNIT(.CENTI.,.METRE.)
);
#2798=(
LENGTH_UNIT()
NAMED_UNIT(*)
SI_UNIT(.CENTI.,.METRE.)
);
#2799=(
LENGTH_UNIT()
NAMED_UNIT(*)
SI_UNIT(.CENTI.,.METRE.)
);
#2800=(
LENGTH_UNIT()
NAMED_UNIT(*)
SI_UNIT(.CENTI.,.METRE.)
);
#2801=(
LENGTH_UNIT()
NAMED_UNIT(*)
SI_UNIT(.CENTI.,.METRE.)
);
#2802=(
LENGTH_UNIT()
NAMED_UNIT(*)
SI_UNIT(.CENTI.,.METRE.)
);
#2803=(
LENGTH_UNIT()
NAMED_UNIT(*)
SI_UNIT(.CENTI.,.METRE.)
);
#2804=(
LENGTH_UNIT()
NAMED_UNIT(*)
SI_UNIT(.CENTI.,.METRE.)
);
#2805=(
LENGTH_UNIT()
NAMED_UNIT(*)
SI_UNIT(.CENTI.,.METRE.)
);
#2806=(
LENGTH_UNIT()
NAMED_UNIT(*)
SI_UNIT(.CENTI.,.METRE.)
);
#2807=(
LENGTH_UNIT()
NAMED_UNIT(*)
SI_UNIT(.CENTI.,.METRE.)
);
#2808=(
LENGTH_UNIT()
NAMED_UNIT(*)
SI_UNIT(.CENTI.,.METRE.)
);
#2809=(
LENGTH_UNIT()
NAMED_UNIT(*)
SI_UNIT(.CENTI.,.METRE.)
);
#2810=(
LENGTH_UNIT()
NAMED_UNIT(*)
SI_UNIT(.CENTI.,.METRE.)
);
#2811=(
LENGTH_UNIT()
NAMED_UNIT(*)
SI_UNIT(.CENTI.,.METRE.)
);
#2812=(
LENGTH_UNIT()
NAMED_UNIT(*)
SI_UNIT(.CENTI.,.METRE.)
);
#2813=(
LENGTH_UNIT()
NAMED_UNIT(*)
SI_UNIT(.CENTI.,.METRE.)
);
#2814=(
LENGTH_UNIT()
NAMED_UNIT(*)
SI_UNIT(.CENTI.,.METRE.)
);
#2815=(
LENGTH_UNIT()
NAMED_UNIT(*)
SI_UNIT(.CENTI.,.METRE.)
);
#2816=(
LENGTH_UNIT()
NAMED_UNIT(*)
SI_UNIT(.CENTI.,.METRE.)
);
#2817=(
LENGTH_UNIT()
NAMED_UNIT(*)
SI_UNIT(.CENTI.,.METRE.)
);
#2818=(
LENGTH_UNIT()
NAMED_UNIT(*)
SI_UNIT(.CENTI.,.METRE.)
);
#2819=(
LENGTH_UNIT()
NAMED_UNIT(*)
SI_UNIT(.CENTI.,.METRE.)
);
#2820=(
LENGTH_UNIT()
NAMED_UNIT(*)
SI_UNIT(.CENTI.,.METRE.)
);
#2821=(
LENGTH_UNIT()
NAMED_UNIT(*)
SI_UNIT(.CENTI.,.METRE.)
);
#2822=(
LENGTH_UNIT()
NAMED_UNIT(*)
SI_UNIT(.CENTI.,.METRE.)
);
#2823=(
LENGTH_UNIT()
NAMED_UNIT(*)
SI_UNIT(.CENTI.,.METRE.)
);
#2824=(
LENGTH_UNIT()
NAMED_UNIT(*)
SI_UNIT(.CENTI.,.METRE.)
);
#2825=(
LENGTH_UNIT()
NAMED_UNIT(*)
SI_UNIT(.CENTI.,.METRE.)
);
#2826=(
LENGTH_UNIT()
NAMED_UNIT(*)
SI_UNIT(.CENTI.,.METRE.)
);
#2827=(
LENGTH_UNIT()
NAMED_UNIT(*)
SI_UNIT(.CENTI.,.METRE.)
);
#2828=(
LENGTH_UNIT()
NAMED_UNIT(*)
SI_UNIT(.CENTI.,.METRE.)
);
#2829=(
LENGTH_UNIT()
NAMED_UNIT(*)
SI_UNIT(.CENTI.,.METRE.)
);
#2830=(
LENGTH_UNIT()
NAMED_UNIT(*)
SI_UNIT(.CENTI.,.METRE.)
);
#2831=(
LENGTH_UNIT()
NAMED_UNIT(*)
SI_UNIT(.CENTI.,.METRE.)
);
#2832=(
LENGTH_UNIT()
NAMED_UNIT(*)
SI_UNIT(.CENTI.,.METRE.)
);
#2833=(
LENGTH_UNIT()
NAMED_UNIT(*)
SI_UNIT(.CENTI.,.METRE.)
);
#2834=(
LENGTH_UNIT()
NAMED_UNIT(*)
SI_UNIT(.CENTI.,.METRE.)
);
#2835=(
LENGTH_UNIT()
NAMED_UNIT(*)
SI_UNIT(.CENTI.,.METRE.)
);
#2836=(
LENGTH_UNIT()
NAMED_UNIT(*)
SI_UNIT(.CENTI.,.METRE.)
);
#2837=PRODUCT_DEFINITION_SHAPE('','',#2935);
#2838=PRODUCT_DEFINITION_SHAPE('','',#2936);
#2839=PRODUCT_DEFINITION_SHAPE('','',#2937);
#2840=PRODUCT_DEFINITION_SHAPE('','',#2938);
#2841=PRODUCT_DEFINITION_SHAPE('','',#2939);
#2842=PRODUCT_DEFINITION_SHAPE('','',#2940);
#2843=PRODUCT_DEFINITION_SHAPE('','',#2941);
#2844=PRODUCT_DEFINITION_SHAPE('','',#2942);
#2845=PRODUCT_DEFINITION_SHAPE('','',#2943);
#2846=PRODUCT_DEFINITION_SHAPE('','',#2944);
#2847=PRODUCT_DEFINITION_SHAPE('','',#2945);
#2848=PRODUCT_DEFINITION_SHAPE('','',#2946);
#2849=PRODUCT_DEFINITION_SHAPE('','',#2947);
#2850=PRODUCT_DEFINITION_SHAPE('','',#2948);
#2851=PRODUCT_DEFINITION_SHAPE('','',#2949);
#2852=PRODUCT_DEFINITION_SHAPE('','',#2950);
#2853=PRODUCT_DEFINITION_SHAPE('','',#2951);
#2854=PRODUCT_DEFINITION_SHAPE('','',#2952);
#2855=PRODUCT_DEFINITION_SHAPE('','',#2953);
#2856=PRODUCT_DEFINITION_SHAPE('','',#2954);
#2857=PRODUCT_DEFINITION_SHAPE('','',#2955);
#2858=PRODUCT_DEFINITION_SHAPE('','',#2956);
#2859=PRODUCT_DEFINITION_SHAPE('','',#2957);
#2860=PRODUCT_DEFINITION_SHAPE('','',#2958);
#2861=PRODUCT_DEFINITION_SHAPE('','',#2959);
#2862=PRODUCT_DEFINITION_SHAPE('','',#2960);
#2863=PRODUCT_DEFINITION_SHAPE('','',#2961);
#2864=PRODUCT_DEFINITION_SHAPE('','',#2962);
#2865=PRODUCT_DEFINITION_SHAPE('','',#2963);
#2866=PRODUCT_DEFINITION_SHAPE('','',#2964);
#2867=PRODUCT_DEFINITION_SHAPE('','',#2965);
#2868=PRODUCT_DEFINITION_SHAPE('','',#2966);
#2869=PRODUCT_DEFINITION_SHAPE('','',#2967);
#2870=PRODUCT_DEFINITION_SHAPE('','',#2968);
#2871=PRODUCT_DEFINITION_SHAPE('','',#2969);
#2872=PRODUCT_DEFINITION_SHAPE('','',#2970);
#2873=PRODUCT_DEFINITION_SHAPE('','',#2971);
#2874=PRODUCT_DEFINITION_SHAPE('','',#2972);
#2875=PRODUCT_DEFINITION_SHAPE('','',#2973);
#2876=PRODUCT_DEFINITION_SHAPE('','',#2974);
#2877=PRODUCT_DEFINITION_SHAPE('','',#2975);
#2878=PRODUCT_DEFINITION_SHAPE('','',#2976);
#2879=PRODUCT_DEFINITION_SHAPE('','',#2977);
#2880=PRODUCT_DEFINITION_SHAPE('','',#2978);
#2881=PRODUCT_DEFINITION_SHAPE('','',#2979);
#2882=PRODUCT_DEFINITION_SHAPE('','',#2980);
#2883=PRODUCT_DEFINITION_SHAPE('','',#2981);
#2884=PRODUCT_DEFINITION_SHAPE('','',#2982);
#2885=PRODUCT_DEFINITION_SHAPE('','',#2983);
#2886=PRODUCT_DEFINITION_SHAPE('','',#2984);
#2887=PRODUCT_DEFINITION_SHAPE('','',#2985);
#2888=PRODUCT_DEFINITION_SHAPE('','',#2986);
#2889=PRODUCT_DEFINITION_SHAPE('','',#2987);
#2890=PRODUCT_DEFINITION_SHAPE('','',#2988);
#2891=PRODUCT_DEFINITION_SHAPE('','',#2989);
#2892=PRODUCT_DEFINITION_SHAPE('','',#2990);
#2893=PRODUCT_DEFINITION_SHAPE('','',#2991);
#2894=PRODUCT_DEFINITION_SHAPE('','',#2992);
#2895=PRODUCT_DEFINITION_SHAPE('','',#2993);
#2896=PRODUCT_DEFINITION_SHAPE('','',#2994);
#2897=PRODUCT_DEFINITION_SHAPE('','',#2995);
#2898=PRODUCT_DEFINITION_SHAPE('','',#2996);
#2899=PRODUCT_DEFINITION_SHAPE('','',#2997);
#2900=PRODUCT_DEFINITION_SHAPE('','',#2998);
#2901=PRODUCT_DEFINITION_SHAPE('','',#2999);
#2902=PRODUCT_DEFINITION_SHAPE('','',#3000);
#2903=PRODUCT_DEFINITION_SHAPE('','',#3001);
#2904=PRODUCT_DEFINITION_SHAPE('','',#3002);
#2905=PRODUCT_DEFINITION_SHAPE('','',#3003);
#2906=PRODUCT_DEFINITION_SHAPE('','',#3004);
#2907=PRODUCT_DEFINITION_SHAPE('','',#3005);
#2908=PRODUCT_DEFINITION_SHAPE('','',#3006);
#2909=PRODUCT_DEFINITION_SHAPE('','',#3007);
#2910=PRODUCT_DEFINITION_SHAPE('','',#3008);
#2911=PRODUCT_DEFINITION_SHAPE('','',#3009);
#2912=PRODUCT_DEFINITION_SHAPE('','',#3010);
#2913=PRODUCT_DEFINITION_SHAPE('','',#3011);
#2914=PRODUCT_DEFINITION_SHAPE('','',#3012);
#2915=PRODUCT_DEFINITION_SHAPE('','',#3013);
#2916=PRODUCT_DEFINITION_SHAPE('','',#3014);
#2917=PRODUCT_DEFINITION_SHAPE('','',#3015);
#2918=PRODUCT_DEFINITION_SHAPE('','',#3016);
#2919=PRODUCT_DEFINITION_SHAPE('','',#3017);
#2920=PRODUCT_DEFINITION_SHAPE('','',#3018);
#2921=PRODUCT_DEFINITION_SHAPE('','',#3019);
#2922=PRODUCT_DEFINITION_SHAPE('','',#3020);
#2923=PRODUCT_DEFINITION_SHAPE('','',#3021);
#2924=PRODUCT_DEFINITION_SHAPE('','',#3022);
#2925=PRODUCT_DEFINITION_SHAPE('','',#3023);
#2926=PRODUCT_DEFINITION_SHAPE('','',#3024);
#2927=PRODUCT_DEFINITION_SHAPE('','',#3025);
#2928=PRODUCT_DEFINITION_SHAPE('','',#3026);
#2929=PRODUCT_DEFINITION_SHAPE('','',#3027);
#2930=PRODUCT_DEFINITION_SHAPE('','',#3028);
#2931=PRODUCT_DEFINITION_SHAPE('','',#3029);
#2932=PRODUCT_DEFINITION_SHAPE('','',#3030);
#2933=PRODUCT_DEFINITION_SHAPE('','',#3031);
#2934=PRODUCT_DEFINITION_SHAPE('','',#3032);
#2935=PRODUCT_DEFINITION('','',#3131,#3033);
#2936=PRODUCT_DEFINITION('','',#3132,#3034);
#2937=PRODUCT_DEFINITION('','',#3133,#3035);
#2938=PRODUCT_DEFINITION('','',#3134,#3036);
#2939=PRODUCT_DEFINITION('','',#3135,#3037);
#2940=PRODUCT_DEFINITION('','',#3136,#3038);
#2941=PRODUCT_DEFINITION('','',#3137,#3039);
#2942=PRODUCT_DEFINITION('','',#3138,#3040);
#2943=PRODUCT_DEFINITION('','',#3139,#3041);
#2944=PRODUCT_DEFINITION('','',#3140,#3042);
#2945=PRODUCT_DEFINITION('','',#3141,#3043);
#2946=PRODUCT_DEFINITION('','',#3142,#3044);
#2947=PRODUCT_DEFINITION('','',#3143,#3045);
#2948=PRODUCT_DEFINITION('','',#3144,#3046);
#2949=PRODUCT_DEFINITION('','',#3145,#3047);
#2950=PRODUCT_DEFINITION('','',#3146,#3048);
#2951=PRODUCT_DEFINITION('','',#3147,#3049);
#2952=PRODUCT_DEFINITION('','',#3148,#3050);
#2953=PRODUCT_DEFINITION('','',#3149,#3051);
#2954=PRODUCT_DEFINITION('','',#3150,#3052);
#2955=PRODUCT_DEFINITION('','',#3151,#3053);
#2956=PRODUCT_DEFINITION('','',#3152,#3054);
#2957=PRODUCT_DEFINITION('','',#3153,#3055);
#2958=PRODUCT_DEFINITION('','',#3154,#3056);
#2959=PRODUCT_DEFINITION('','',#3155,#3057);
#2960=PRODUCT_DEFINITION('','',#3156,#3058);
#2961=PRODUCT_DEFINITION('','',#3157,#3059);
#2962=PRODUCT_DEFINITION('','',#3158,#3060);
#2963=PRODUCT_DEFINITION('','',#3159,#3061);
#2964=PRODUCT_DEFINITION('','',#3160,#3062);
#2965=PRODUCT_DEFINITION('','',#3161,#3063);
#2966=PRODUCT_DEFINITION('','',#3162,#3064);
#2967=PRODUCT_DEFINITION('','',#3163,#3065);
#2968=PRODUCT_DEFINITION('','',#3164,#3066);
#2969=PRODUCT_DEFINITION('','',#3165,#3067);
#2970=PRODUCT_DEFINITION('','',#3166,#3068);
#2971=PRODUCT_DEFINITION('','',#3167,#3069);
#2972=PRODUCT_DEFINITION('','',#3168,#3070);
#2973=PRODUCT_DEFINITION('','',#3169,#3071);
#2974=PRODUCT_DEFINITION('','',#3170,#3072);
#2975=PRODUCT_DEFINITION('','',#3171,#3073);
#2976=PRODUCT_DEFINITION('','',#3172,#3074);
#2977=PRODUCT_DEFINITION('','',#3173,#3075);
#2978=PRODUCT_DEFINITION('','',#3174,#3076);
#2979=PRODUCT_DEFINITION('','',#3175,#3077);
#2980=PRODUCT_DEFINITION('','',#3176,#3078);
#2981=PRODUCT_DEFINITION('','',#3177,#3079);
#2982=PRODUCT_DEFINITION('','',#3178,#3080);
#2983=PRODUCT_DEFINITION('','',#3179,#3081);
#2984=PRODUCT_DEFINITION('','',#3180,#3082);
#2985=PRODUCT_DEFINITION('','',#3181,#3083);
#2986=PRODUCT_DEFINITION('','',#3182,#3084);
#2987=PRODUCT_DEFINITION('','',#3183,#3085);
#2988=PRODUCT_DEFINITION('','',#3184,#3086);
#2989=PRODUCT_DEFINITION('','',#3185,#3087);
#2990=PRODUCT_DEFINITION('','',#3186,#3088);
#2991=PRODUCT_DEFINITION('','',#3187,#3089);
#2992=PRODUCT_DEFINITION('','',#3188,#3090);
#2993=PRODUCT_DEFINITION('','',#3189,#3091);
#2994=PRODUCT_DEFINITION('','',#3190,#3092);
#2995=PRODUCT_DEFINITION('','',#3191,#3093);
#2996=PRODUCT_DEFINITION('','',#3192,#3094);
#2997=PRODUCT_DEFINITION('','',#3193,#3095);
#2998=PRODUCT_DEFINITION('','',#3194,#3096);
#2999=PRODUCT_DEFINITION('','',#3195,#3097);
#3000=PRODUCT_DEFINITION('','',#3196,#3098);
#3001=PRODUCT_DEFINITION('','',#3197,#3099);
#3002=PRODUCT_DEFINITION('','',#3198,#3100);
#3003=PRODUCT_DEFINITION('','',#3199,#3101);
#3004=PRODUCT_DEFINITION('','',#3200,#3102);
#3005=PRODUCT_DEFINITION('','',#3201,#3103);
#3006=PRODUCT_DEFINITION('','',#3202,#3104);
#3007=PRODUCT_DEFINITION('','',#3203,#3105);
#3008=PRODUCT_DEFINITION('','',#3204,#3106);
#3009=PRODUCT_DEFINITION('','',#3205,#3107);
#3010=PRODUCT_DEFINITION('','',#3206,#3108);
#3011=PRODUCT_DEFINITION('','',#3207,#3109);
#3012=PRODUCT_DEFINITION('','',#3208,#3110);
#3013=PRODUCT_DEFINITION('','',#3209,#3111);
#3014=PRODUCT_DEFINITION('','',#3210,#3112);
#3015=PRODUCT_DEFINITION('','',#3211,#3113);
#3016=PRODUCT_DEFINITION('','',#3212,#3114);
#3017=PRODUCT_DEFINITION('','',#3213,#3115);
#3018=PRODUCT_DEFINITION('','',#3214,#3116);
#3019=PRODUCT_DEFINITION('','',#3215,#3117);
#3020=PRODUCT_DEFINITION('','',#3216,#3118);
#3021=PRODUCT_DEFINITION('','',#3217,#3119);
#3022=PRODUCT_DEFINITION('','',#3218,#3120);
#3023=PRODUCT_DEFINITION('','',#3219,#3121);
#3024=PRODUCT_DEFINITION('','',#3220,#3122);
#3025=PRODUCT_DEFINITION('','',#3221,#3123);
#3026=PRODUCT_DEFINITION('','',#3222,#3124);
#3027=PRODUCT_DEFINITION('','',#3223,#3125);
#3028=PRODUCT_DEFINITION('','',#3224,#3126);
#3029=PRODUCT_DEFINITION('','',#3225,#3127);
#3030=PRODUCT_DEFINITION('','',#3226,#3128);
#3031=PRODUCT_DEFINITION('','',#3227,#3129);
#3032=PRODUCT_DEFINITION('','',#3228,#3130);
#3033=PRODUCT_DEFINITION_CONTEXT('',#3719,'design');
#3034=PRODUCT_DEFINITION_CONTEXT('',#3720,'design');
#3035=PRODUCT_DEFINITION_CONTEXT('',#3721,'design');
#3036=PRODUCT_DEFINITION_CONTEXT('',#3722,'design');
#3037=PRODUCT_DEFINITION_CONTEXT('',#3723,'design');
#3038=PRODUCT_DEFINITION_CONTEXT('',#3724,'design');
#3039=PRODUCT_DEFINITION_CONTEXT('',#3725,'design');
#3040=PRODUCT_DEFINITION_CONTEXT('',#3726,'design');
#3041=PRODUCT_DEFINITION_CONTEXT('',#3727,'design');
#3042=PRODUCT_DEFINITION_CONTEXT('',#3728,'design');
#3043=PRODUCT_DEFINITION_CONTEXT('',#3729,'design');
#3044=PRODUCT_DEFINITION_CONTEXT('',#3730,'design');
#3045=PRODUCT_DEFINITION_CONTEXT('',#3731,'design');
#3046=PRODUCT_DEFINITION_CONTEXT('',#3732,'design');
#3047=PRODUCT_DEFINITION_CONTEXT('',#3733,'design');
#3048=PRODUCT_DEFINITION_CONTEXT('',#3734,'design');
#3049=PRODUCT_DEFINITION_CONTEXT('',#3735,'design');
#3050=PRODUCT_DEFINITION_CONTEXT('',#3736,'design');
#3051=PRODUCT_DEFINITION_CONTEXT('',#3737,'design');
#3052=PRODUCT_DEFINITION_CONTEXT('',#3738,'design');
#3053=PRODUCT_DEFINITION_CONTEXT('',#3739,'design');
#3054=PRODUCT_DEFINITION_CONTEXT('',#3740,'design');
#3055=PRODUCT_DEFINITION_CONTEXT('',#3741,'design');
#3056=PRODUCT_DEFINITION_CONTEXT('',#3742,'design');
#3057=PRODUCT_DEFINITION_CONTEXT('',#3743,'design');
#3058=PRODUCT_DEFINITION_CONTEXT('',#3744,'design');
#3059=PRODUCT_DEFINITION_CONTEXT('',#3745,'design');
#3060=PRODUCT_DEFINITION_CONTEXT('',#3746,'design');
#3061=PRODUCT_DEFINITION_CONTEXT('',#3747,'design');
#3062=PRODUCT_DEFINITION_CONTEXT('',#3748,'design');
#3063=PRODUCT_DEFINITION_CONTEXT('',#3749,'design');
#3064=PRODUCT_DEFINITION_CONTEXT('',#3750,'design');
#3065=PRODUCT_DEFINITION_CONTEXT('',#3751,'design');
#3066=PRODUCT_DEFINITION_CONTEXT('',#3752,'design');
#3067=PRODUCT_DEFINITION_CONTEXT('',#3753,'design');
#3068=PRODUCT_DEFINITION_CONTEXT('',#3754,'design');
#3069=PRODUCT_DEFINITION_CONTEXT('',#3755,'design');
#3070=PRODUCT_DEFINITION_CONTEXT('',#3756,'design');
#3071=PRODUCT_DEFINITION_CONTEXT('',#3757,'design');
#3072=PRODUCT_DEFINITION_CONTEXT('',#3758,'design');
#3073=PRODUCT_DEFINITION_CONTEXT('',#3759,'design');
#3074=PRODUCT_DEFINITION_CONTEXT('',#3760,'design');
#3075=PRODUCT_DEFINITION_CONTEXT('',#3761,'design');
#3076=PRODUCT_DEFINITION_CONTEXT('',#3762,'design');
#3077=PRODUCT_DEFINITION_CONTEXT('',#3763,'design');
#3078=PRODUCT_DEFINITION_CONTEXT('',#3764,'design');
#3079=PRODUCT_DEFINITION_CONTEXT('',#3765,'design');
#3080=PRODUCT_DEFINITION_CONTEXT('',#3766,'design');
#3081=PRODUCT_DEFINITION_CONTEXT('',#3767,'design');
#3082=PRODUCT_DEFINITION_CONTEXT('',#3768,'design');
#3083=PRODUCT_DEFINITION_CONTEXT('',#3769,'design');
#3084=PRODUCT_DEFINITION_CONTEXT('',#3770,'design');
#3085=PRODUCT_DEFINITION_CONTEXT('',#3771,'design');
#3086=PRODUCT_DEFINITION_CONTEXT('',#3772,'design');
#3087=PRODUCT_DEFINITION_CONTEXT('',#3773,'design');
#3088=PRODUCT_DEFINITION_CONTEXT('',#3774,'design');
#3089=PRODUCT_DEFINITION_CONTEXT('',#3775,'design');
#3090=PRODUCT_DEFINITION_CONTEXT('',#3776,'design');
#3091=PRODUCT_DEFINITION_CONTEXT('',#3777,'design');
#3092=PRODUCT_DEFINITION_CONTEXT('',#3778,'design');
#3093=PRODUCT_DEFINITION_CONTEXT('',#3779,'design');
#3094=PRODUCT_DEFINITION_CONTEXT('',#3780,'design');
#3095=PRODUCT_DEFINITION_CONTEXT('',#3781,'design');
#3096=PRODUCT_DEFINITION_CONTEXT('',#3782,'design');
#3097=PRODUCT_DEFINITION_CONTEXT('',#3783,'design');
#3098=PRODUCT_DEFINITION_CONTEXT('',#3784,'design');
#3099=PRODUCT_DEFINITION_CONTEXT('',#3785,'design');
#3100=PRODUCT_DEFINITION_CONTEXT('',#3786,'design');
#3101=PRODUCT_DEFINITION_CONTEXT('',#3787,'design');
#3102=PRODUCT_DEFINITION_CONTEXT('',#3788,'design');
#3103=PRODUCT_DEFINITION_CONTEXT('',#3789,'design');
#3104=PRODUCT_DEFINITION_CONTEXT('',#3790,'design');
#3105=PRODUCT_DEFINITION_CONTEXT('',#3791,'design');
#3106=PRODUCT_DEFINITION_CONTEXT('',#3792,'design');
#3107=PRODUCT_DEFINITION_CONTEXT('',#3793,'design');
#3108=PRODUCT_DEFINITION_CONTEXT('',#3794,'design');
#3109=PRODUCT_DEFINITION_CONTEXT('',#3795,'design');
#3110=PRODUCT_DEFINITION_CONTEXT('',#3796,'design');
#3111=PRODUCT_DEFINITION_CONTEXT('',#3797,'design');
#3112=PRODUCT_DEFINITION_CONTEXT('',#3798,'design');
#3113=PRODUCT_DEFINITION_CONTEXT('',#3799,'design');
#3114=PRODUCT_DEFINITION_CONTEXT('',#3800,'design');
#3115=PRODUCT_DEFINITION_CONTEXT('',#3801,'design');
#3116=PRODUCT_DEFINITION_CONTEXT('',#3802,'design');
#3117=PRODUCT_DEFINITION_CONTEXT('',#3803,'design');
#3118=PRODUCT_DEFINITION_CONTEXT('',#3804,'design');
#3119=PRODUCT_DEFINITION_CONTEXT('',#3805,'design');
#3120=PRODUCT_DEFINITION_CONTEXT('',#3806,'design');
#3121=PRODUCT_DEFINITION_CONTEXT('',#3807,'design');
#3122=PRODUCT_DEFINITION_CONTEXT('',#3808,'design');
#3123=PRODUCT_DEFINITION_CONTEXT('',#3809,'design');
#3124=PRODUCT_DEFINITION_CONTEXT('',#3810,'design');
#3125=PRODUCT_DEFINITION_CONTEXT('',#3811,'design');
#3126=PRODUCT_DEFINITION_CONTEXT('',#3812,'design');
#3127=PRODUCT_DEFINITION_CONTEXT('',#3813,'design');
#3128=PRODUCT_DEFINITION_CONTEXT('',#3814,'design');
#3129=PRODUCT_DEFINITION_CONTEXT('',#3815,'design');
#3130=PRODUCT_DEFINITION_CONTEXT('',#3816,'design');
#3131=PRODUCT_DEFINITION_FORMATION_WITH_SPECIFIED_SOURCE('','',#3327,
 .NOT_KNOWN.);
#3132=PRODUCT_DEFINITION_FORMATION_WITH_SPECIFIED_SOURCE('','',#3328,
 .NOT_KNOWN.);
#3133=PRODUCT_DEFINITION_FORMATION_WITH_SPECIFIED_SOURCE('','',#3329,
 .NOT_KNOWN.);
#3134=PRODUCT_DEFINITION_FORMATION_WITH_SPECIFIED_SOURCE('','',#3330,
 .NOT_KNOWN.);
#3135=PRODUCT_DEFINITION_FORMATION_WITH_SPECIFIED_SOURCE('','',#3331,
 .NOT_KNOWN.);
#3136=PRODUCT_DEFINITION_FORMATION_WITH_SPECIFIED_SOURCE('','',#3332,
 .NOT_KNOWN.);
#3137=PRODUCT_DEFINITION_FORMATION_WITH_SPECIFIED_SOURCE('','',#3333,
 .NOT_KNOWN.);
#3138=PRODUCT_DEFINITION_FORMATION_WITH_SPECIFIED_SOURCE('','',#3334,
 .NOT_KNOWN.);
#3139=PRODUCT_DEFINITION_FORMATION_WITH_SPECIFIED_SOURCE('','',#3335,
 .NOT_KNOWN.);
#3140=PRODUCT_DEFINITION_FORMATION_WITH_SPECIFIED_SOURCE('','',#3336,
 .NOT_KNOWN.);
#3141=PRODUCT_DEFINITION_FORMATION_WITH_SPECIFIED_SOURCE('','',#3337,
 .NOT_KNOWN.);
#3142=PRODUCT_DEFINITION_FORMATION_WITH_SPECIFIED_SOURCE('','',#3338,
 .NOT_KNOWN.);
#3143=PRODUCT_DEFINITION_FORMATION_WITH_SPECIFIED_SOURCE('','',#3339,
 .NOT_KNOWN.);
#3144=PRODUCT_DEFINITION_FORMATION_WITH_SPECIFIED_SOURCE('','',#3340,
 .NOT_KNOWN.);
#3145=PRODUCT_DEFINITION_FORMATION_WITH_SPECIFIED_SOURCE('','',#3341,
 .NOT_KNOWN.);
#3146=PRODUCT_DEFINITION_FORMATION_WITH_SPECIFIED_SOURCE('','',#3342,
 .NOT_KNOWN.);
#3147=PRODUCT_DEFINITION_FORMATION_WITH_SPECIFIED_SOURCE('','',#3343,
 .NOT_KNOWN.);
#3148=PRODUCT_DEFINITION_FORMATION_WITH_SPECIFIED_SOURCE('','',#3344,
 .NOT_KNOWN.);
#3149=PRODUCT_DEFINITION_FORMATION_WITH_SPECIFIED_SOURCE('','',#3345,
 .NOT_KNOWN.);
#3150=PRODUCT_DEFINITION_FORMATION_WITH_SPECIFIED_SOURCE('','',#3346,
 .NOT_KNOWN.);
#3151=PRODUCT_DEFINITION_FORMATION_WITH_SPECIFIED_SOURCE('','',#3347,
 .NOT_KNOWN.);
#3152=PRODUCT_DEFINITION_FORMATION_WITH_SPECIFIED_SOURCE('','',#3348,
 .NOT_KNOWN.);
#3153=PRODUCT_DEFINITION_FORMATION_WITH_SPECIFIED_SOURCE('','',#3349,
 .NOT_KNOWN.);
#3154=PRODUCT_DEFINITION_FORMATION_WITH_SPECIFIED_SOURCE('','',#3350,
 .NOT_KNOWN.);
#3155=PRODUCT_DEFINITION_FORMATION_WITH_SPECIFIED_SOURCE('','',#3351,
 .NOT_KNOWN.);
#3156=PRODUCT_DEFINITION_FORMATION_WITH_SPECIFIED_SOURCE('','',#3352,
 .NOT_KNOWN.);
#3157=PRODUCT_DEFINITION_FORMATION_WITH_SPECIFIED_SOURCE('','',#3353,
 .NOT_KNOWN.);
#3158=PRODUCT_DEFINITION_FORMATION_WITH_SPECIFIED_SOURCE('','',#3354,
 .NOT_KNOWN.);
#3159=PRODUCT_DEFINITION_FORMATION_WITH_SPECIFIED_SOURCE('','',#3355,
 .NOT_KNOWN.);
#3160=PRODUCT_DEFINITION_FORMATION_WITH_SPECIFIED_SOURCE('','',#3356,
 .NOT_KNOWN.);
#3161=PRODUCT_DEFINITION_FORMATION_WITH_SPECIFIED_SOURCE('','',#3357,
 .NOT_KNOWN.);
#3162=PRODUCT_DEFINITION_FORMATION_WITH_SPECIFIED_SOURCE('','',#3358,
 .NOT_KNOWN.);
#3163=PRODUCT_DEFINITION_FORMATION_WITH_SPECIFIED_SOURCE('','',#3359,
 .NOT_KNOWN.);
#3164=PRODUCT_DEFINITION_FORMATION_WITH_SPECIFIED_SOURCE('','',#3360,
 .NOT_KNOWN.);
#3165=PRODUCT_DEFINITION_FORMATION_WITH_SPECIFIED_SOURCE('','',#3361,
 .NOT_KNOWN.);
#3166=PRODUCT_DEFINITION_FORMATION_WITH_SPECIFIED_SOURCE('','',#3362,
 .NOT_KNOWN.);
#3167=PRODUCT_DEFINITION_FORMATION_WITH_SPECIFIED_SOURCE('','',#3363,
 .NOT_KNOWN.);
#3168=PRODUCT_DEFINITION_FORMATION_WITH_SPECIFIED_SOURCE('','',#3364,
 .NOT_KNOWN.);
#3169=PRODUCT_DEFINITION_FORMATION_WITH_SPECIFIED_SOURCE('','',#3365,
 .NOT_KNOWN.);
#3170=PRODUCT_DEFINITION_FORMATION_WITH_SPECIFIED_SOURCE('','',#3366,
 .NOT_KNOWN.);
#3171=PRODUCT_DEFINITION_FORMATION_WITH_SPECIFIED_SOURCE('','',#3367,
 .NOT_KNOWN.);
#3172=PRODUCT_DEFINITION_FORMATION_WITH_SPECIFIED_SOURCE('','',#3368,
 .NOT_KNOWN.);
#3173=PRODUCT_DEFINITION_FORMATION_WITH_SPECIFIED_SOURCE('','',#3369,
 .NOT_KNOWN.);
#3174=PRODUCT_DEFINITION_FORMATION_WITH_SPECIFIED_SOURCE('','',#3370,
 .NOT_KNOWN.);
#3175=PRODUCT_DEFINITION_FORMATION_WITH_SPECIFIED_SOURCE('','',#3371,
 .NOT_KNOWN.);
#3176=PRODUCT_DEFINITION_FORMATION_WITH_SPECIFIED_SOURCE('','',#3372,
 .NOT_KNOWN.);
#3177=PRODUCT_DEFINITION_FORMATION_WITH_SPECIFIED_SOURCE('','',#3373,
 .NOT_KNOWN.);
#3178=PRODUCT_DEFINITION_FORMATION_WITH_SPECIFIED_SOURCE('','',#3374,
 .NOT_KNOWN.);
#3179=PRODUCT_DEFINITION_FORMATION_WITH_SPECIFIED_SOURCE('','',#3375,
 .NOT_KNOWN.);
#3180=PRODUCT_DEFINITION_FORMATION_WITH_SPECIFIED_SOURCE('','',#3376,
 .NOT_KNOWN.);
#3181=PRODUCT_DEFINITION_FORMATION_WITH_SPECIFIED_SOURCE('','',#3377,
 .NOT_KNOWN.);
#3182=PRODUCT_DEFINITION_FORMATION_WITH_SPECIFIED_SOURCE('','',#3378,
 .NOT_KNOWN.);
#3183=PRODUCT_DEFINITION_FORMATION_WITH_SPECIFIED_SOURCE('','',#3379,
 .NOT_KNOWN.);
#3184=PRODUCT_DEFINITION_FORMATION_WITH_SPECIFIED_SOURCE('','',#3380,
 .NOT_KNOWN.);
#3185=PRODUCT_DEFINITION_FORMATION_WITH_SPECIFIED_SOURCE('','',#3381,
 .NOT_KNOWN.);
#3186=PRODUCT_DEFINITION_FORMATION_WITH_SPECIFIED_SOURCE('','',#3382,
 .NOT_KNOWN.);
#3187=PRODUCT_DEFINITION_FORMATION_WITH_SPECIFIED_SOURCE('','',#3383,
 .NOT_KNOWN.);
#3188=PRODUCT_DEFINITION_FORMATION_WITH_SPECIFIED_SOURCE('','',#3384,
 .NOT_KNOWN.);
#3189=PRODUCT_DEFINITION_FORMATION_WITH_SPECIFIED_SOURCE('','',#3385,
 .NOT_KNOWN.);
#3190=PRODUCT_DEFINITION_FORMATION_WITH_SPECIFIED_SOURCE('','',#3386,
 .NOT_KNOWN.);
#3191=PRODUCT_DEFINITION_FORMATION_WITH_SPECIFIED_SOURCE('','',#3387,
 .NOT_KNOWN.);
#3192=PRODUCT_DEFINITION_FORMATION_WITH_SPECIFIED_SOURCE('','',#3388,
 .NOT_KNOWN.);
#3193=PRODUCT_DEFINITION_FORMATION_WITH_SPECIFIED_SOURCE('','',#3389,
 .NOT_KNOWN.);
#3194=PRODUCT_DEFINITION_FORMATION_WITH_SPECIFIED_SOURCE('','',#3390,
 .NOT_KNOWN.);
#3195=PRODUCT_DEFINITION_FORMATION_WITH_SPECIFIED_SOURCE('','',#3391,
 .NOT_KNOWN.);
#3196=PRODUCT_DEFINITION_FORMATION_WITH_SPECIFIED_SOURCE('','',#3392,
 .NOT_KNOWN.);
#3197=PRODUCT_DEFINITION_FORMATION_WITH_SPECIFIED_SOURCE('','',#3393,
 .NOT_KNOWN.);
#3198=PRODUCT_DEFINITION_FORMATION_WITH_SPECIFIED_SOURCE('','',#3394,
 .NOT_KNOWN.);
#3199=PRODUCT_DEFINITION_FORMATION_WITH_SPECIFIED_SOURCE('','',#3395,
 .NOT_KNOWN.);
#3200=PRODUCT_DEFINITION_FORMATION_WITH_SPECIFIED_SOURCE('','',#3396,
 .NOT_KNOWN.);
#3201=PRODUCT_DEFINITION_FORMATION_WITH_SPECIFIED_SOURCE('','',#3397,
 .NOT_KNOWN.);
#3202=PRODUCT_DEFINITION_FORMATION_WITH_SPECIFIED_SOURCE('','',#3398,
 .NOT_KNOWN.);
#3203=PRODUCT_DEFINITION_FORMATION_WITH_SPECIFIED_SOURCE('','',#3399,
 .NOT_KNOWN.);
#3204=PRODUCT_DEFINITION_FORMATION_WITH_SPECIFIED_SOURCE('','',#3400,
 .NOT_KNOWN.);
#3205=PRODUCT_DEFINITION_FORMATION_WITH_SPECIFIED_SOURCE('','',#3401,
 .NOT_KNOWN.);
#3206=PRODUCT_DEFINITION_FORMATION_WITH_SPECIFIED_SOURCE('','',#3402,
 .NOT_KNOWN.);
#3207=PRODUCT_DEFINITION_FORMATION_WITH_SPECIFIED_SOURCE('','',#3403,
 .NOT_KNOWN.);
#3208=PRODUCT_DEFINITION_FORMATION_WITH_SPECIFIED_SOURCE('','',#3404,
 .NOT_KNOWN.);
#3209=PRODUCT_DEFINITION_FORMATION_WITH_SPECIFIED_SOURCE('','',#3405,
 .NOT_KNOWN.);
#3210=PRODUCT_DEFINITION_FORMATION_WITH_SPECIFIED_SOURCE('','',#3406,
 .NOT_KNOWN.);
#3211=PRODUCT_DEFINITION_FORMATION_WITH_SPECIFIED_SOURCE('','',#3407,
 .NOT_KNOWN.);
#3212=PRODUCT_DEFINITION_FORMATION_WITH_SPECIFIED_SOURCE('','',#3408,
 .NOT_KNOWN.);
#3213=PRODUCT_DEFINITION_FORMATION_WITH_SPECIFIED_SOURCE('','',#3409,
 .NOT_KNOWN.);
#3214=PRODUCT_DEFINITION_FORMATION_WITH_SPECIFIED_SOURCE('','',#3410,
 .NOT_KNOWN.);
#3215=PRODUCT_DEFINITION_FORMATION_WITH_SPECIFIED_SOURCE('','',#3411,
 .NOT_KNOWN.);
#3216=PRODUCT_DEFINITION_FORMATION_WITH_SPECIFIED_SOURCE('','',#3412,
 .NOT_KNOWN.);
#3217=PRODUCT_DEFINITION_FORMATION_WITH_SPECIFIED_SOURCE('','',#3413,
 .NOT_KNOWN.);
#3218=PRODUCT_DEFINITION_FORMATION_WITH_SPECIFIED_SOURCE('','',#3414,
 .NOT_KNOWN.);
#3219=PRODUCT_DEFINITION_FORMATION_WITH_SPECIFIED_SOURCE('','',#3415,
 .NOT_KNOWN.);
#3220=PRODUCT_DEFINITION_FORMATION_WITH_SPECIFIED_SOURCE('','',#3416,
 .NOT_KNOWN.);
#3221=PRODUCT_DEFINITION_FORMATION_WITH_SPECIFIED_SOURCE('','',#3417,
 .NOT_KNOWN.);
#3222=PRODUCT_DEFINITION_FORMATION_WITH_SPECIFIED_SOURCE('','',#3418,
 .NOT_KNOWN.);
#3223=PRODUCT_DEFINITION_FORMATION_WITH_SPECIFIED_SOURCE('','',#3419,
 .NOT_KNOWN.);
#3224=PRODUCT_DEFINITION_FORMATION_WITH_SPECIFIED_SOURCE('','',#3420,
 .NOT_KNOWN.);
#3225=PRODUCT_DEFINITION_FORMATION_WITH_SPECIFIED_SOURCE('','',#3421,
 .NOT_KNOWN.);
#3226=PRODUCT_DEFINITION_FORMATION_WITH_SPECIFIED_SOURCE('','',#3422,
 .NOT_KNOWN.);
#3227=PRODUCT_DEFINITION_FORMATION_WITH_SPECIFIED_SOURCE('','',#3423,
 .NOT_KNOWN.);
#3228=PRODUCT_DEFINITION_FORMATION_WITH_SPECIFIED_SOURCE('','',#3424,
 .NOT_KNOWN.);
#3229=PRODUCT_RELATED_PRODUCT_CATEGORY('','',(#3327));
#3230=PRODUCT_RELATED_PRODUCT_CATEGORY('','',(#3328));
#3231=PRODUCT_RELATED_PRODUCT_CATEGORY('','',(#3329));
#3232=PRODUCT_RELATED_PRODUCT_CATEGORY('','',(#3330));
#3233=PRODUCT_RELATED_PRODUCT_CATEGORY('','',(#3331));
#3234=PRODUCT_RELATED_PRODUCT_CATEGORY('','',(#3332));
#3235=PRODUCT_RELATED_PRODUCT_CATEGORY('','',(#3333));
#3236=PRODUCT_RELATED_PRODUCT_CATEGORY('','',(#3334));
#3237=PRODUCT_RELATED_PRODUCT_CATEGORY('','',(#3335));
#3238=PRODUCT_RELATED_PRODUCT_CATEGORY('','',(#3336));
#3239=PRODUCT_RELATED_PRODUCT_CATEGORY('','',(#3337));
#3240=PRODUCT_RELATED_PRODUCT_CATEGORY('','',(#3338));
#3241=PRODUCT_RELATED_PRODUCT_CATEGORY('','',(#3339));
#3242=PRODUCT_RELATED_PRODUCT_CATEGORY('','',(#3340));
#3243=PRODUCT_RELATED_PRODUCT_CATEGORY('','',(#3341));
#3244=PRODUCT_RELATED_PRODUCT_CATEGORY('','',(#3342));
#3245=PRODUCT_RELATED_PRODUCT_CATEGORY('','',(#3343));
#3246=PRODUCT_RELATED_PRODUCT_CATEGORY('','',(#3344));
#3247=PRODUCT_RELATED_PRODUCT_CATEGORY('','',(#3345));
#3248=PRODUCT_RELATED_PRODUCT_CATEGORY('','',(#3346));
#3249=PRODUCT_RELATED_PRODUCT_CATEGORY('','',(#3347));
#3250=PRODUCT_RELATED_PRODUCT_CATEGORY('','',(#3348));
#3251=PRODUCT_RELATED_PRODUCT_CATEGORY('','',(#3349));
#3252=PRODUCT_RELATED_PRODUCT_CATEGORY('','',(#3350));
#3253=PRODUCT_RELATED_PRODUCT_CATEGORY('','',(#3351));
#3254=PRODUCT_RELATED_PRODUCT_CATEGORY('','',(#3352));
#3255=PRODUCT_RELATED_PRODUCT_CATEGORY('','',(#3353));
#3256=PRODUCT_RELATED_PRODUCT_CATEGORY('','',(#3354));
#3257=PRODUCT_RELATED_PRODUCT_CATEGORY('','',(#3355));
#3258=PRODUCT_RELATED_PRODUCT_CATEGORY('','',(#3356));
#3259=PRODUCT_RELATED_PRODUCT_CATEGORY('','',(#3357));
#3260=PRODUCT_RELATED_PRODUCT_CATEGORY('','',(#3358));
#3261=PRODUCT_RELATED_PRODUCT_CATEGORY('','',(#3359));
#3262=PRODUCT_RELATED_PRODUCT_CATEGORY('','',(#3360));
#3263=PRODUCT_RELATED_PRODUCT_CATEGORY('','',(#3361));
#3264=PRODUCT_RELATED_PRODUCT_CATEGORY('','',(#3362));
#3265=PRODUCT_RELATED_PRODUCT_CATEGORY('','',(#3363));
#3266=PRODUCT_RELATED_PRODUCT_CATEGORY('','',(#3364));
#3267=PRODUCT_RELATED_PRODUCT_CATEGORY('','',(#3365));
#3268=PRODUCT_RELATED_PRODUCT_CATEGORY('','',(#3366));
#3269=PRODUCT_RELATED_PRODUCT_CATEGORY('','',(#3367));
#3270=PRODUCT_RELATED_PRODUCT_CATEGORY('','',(#3368));
#3271=PRODUCT_RELATED_PRODUCT_CATEGORY('','',(#3369));
#3272=PRODUCT_RELATED_PRODUCT_CATEGORY('','',(#3370));
#3273=PRODUCT_RELATED_PRODUCT_CATEGORY('','',(#3371));
#3274=PRODUCT_RELATED_PRODUCT_CATEGORY('','',(#3372));
#3275=PRODUCT_RELATED_PRODUCT_CATEGORY('','',(#3373));
#3276=PRODUCT_RELATED_PRODUCT_CATEGORY('','',(#3374));
#3277=PRODUCT_RELATED_PRODUCT_CATEGORY('','',(#3375));
#3278=PRODUCT_RELATED_PRODUCT_CATEGORY('','',(#3376));
#3279=PRODUCT_RELATED_PRODUCT_CATEGORY('','',(#3377));
#3280=PRODUCT_RELATED_PRODUCT_CATEGORY('','',(#3378));
#3281=PRODUCT_RELATED_PRODUCT_CATEGORY('','',(#3379));
#3282=PRODUCT_RELATED_PRODUCT_CATEGORY('','',(#3380));
#3283=PRODUCT_RELATED_PRODUCT_CATEGORY('','',(#3381));
#3284=PRODUCT_RELATED_PRODUCT_CATEGORY('','',(#3382));
#3285=PRODUCT_RELATED_PRODUCT_CATEGORY('','',(#3383));
#3286=PRODUCT_RELATED_PRODUCT_CATEGORY('','',(#3384));
#3287=PRODUCT_RELATED_PRODUCT_CATEGORY('','',(#3385));
#3288=PRODUCT_RELATED_PRODUCT_CATEGORY('','',(#3386));
#3289=PRODUCT_RELATED_PRODUCT_CATEGORY('','',(#3387));
#3290=PRODUCT_RELATED_PRODUCT_CATEGORY('','',(#3388));
#3291=PRODUCT_RELATED_PRODUCT_CATEGORY('','',(#3389));
#3292=PRODUCT_RELATED_PRODUCT_CATEGORY('','',(#3390));
#3293=PRODUCT_RELATED_PRODUCT_CATEGORY('','',(#3391));
#3294=PRODUCT_RELATED_PRODUCT_CATEGORY('','',(#3392));
#3295=PRODUCT_RELATED_PRODUCT_CATEGORY('','',(#3393));
#3296=PRODUCT_RELATED_PRODUCT_CATEGORY('','',(#3394));
#3297=PRODUCT_RELATED_PRODUCT_CATEGORY('','',(#3395));
#3298=PRODUCT_RELATED_PRODUCT_CATEGORY('','',(#3396));
#3299=PRODUCT_RELATED_PRODUCT_CATEGORY('','',(#3397));
#3300=PRODUCT_RELATED_PRODUCT_CATEGORY('','',(#3398));
#3301=PRODUCT_RELATED_PRODUCT_CATEGORY('','',(#3399));
#3302=PRODUCT_RELATED_PRODUCT_CATEGORY('','',(#3400));
#3303=PRODUCT_RELATED_PRODUCT_CATEGORY('','',(#3401));
#3304=PRODUCT_RELATED_PRODUCT_CATEGORY('','',(#3402));
#3305=PRODUCT_RELATED_PRODUCT_CATEGORY('','',(#3403));
#3306=PRODUCT_RELATED_PRODUCT_CATEGORY('','',(#3404));
#3307=PRODUCT_RELATED_PRODUCT_CATEGORY('','',(#3405));
#3308=PRODUCT_RELATED_PRODUCT_CATEGORY('','',(#3406));
#3309=PRODUCT_RELATED_PRODUCT_CATEGORY('','',(#3407));
#3310=PRODUCT_RELATED_PRODUCT_CATEGORY('','',(#3408));
#3311=PRODUCT_RELATED_PRODUCT_CATEGORY('','',(#3409));
#3312=PRODUCT_RELATED_PRODUCT_CATEGORY('','',(#3410));
#3313=PRODUCT_RELATED_PRODUCT_CATEGORY('','',(#3411));
#3314=PRODUCT_RELATED_PRODUCT_CATEGORY('','',(#3412));
#3315=PRODUCT_RELATED_PRODUCT_CATEGORY('','',(#3413));
#3316=PRODUCT_RELATED_PRODUCT_CATEGORY('','',(#3414));
#3317=PRODUCT_RELATED_PRODUCT_CATEGORY('','',(#3415));
#3318=PRODUCT_RELATED_PRODUCT_CATEGORY('','',(#3416));
#3319=PRODUCT_RELATED_PRODUCT_CATEGORY('','',(#3417));
#3320=PRODUCT_RELATED_PRODUCT_CATEGORY('','',(#3418));
#3321=PRODUCT_RELATED_PRODUCT_CATEGORY('','',(#3419));
#3322=PRODUCT_RELATED_PRODUCT_CATEGORY('','',(#3420));
#3323=PRODUCT_RELATED_PRODUCT_CATEGORY('','',(#3421));
#3324=PRODUCT_RELATED_PRODUCT_CATEGORY('','',(#3422));
#3325=PRODUCT_RELATED_PRODUCT_CATEGORY('','',(#3423));
#3326=PRODUCT_RELATED_PRODUCT_CATEGORY('','',(#3424));
#3327=PRODUCT('Part 1','Part 1','Part 1',(#3523));
#3328=PRODUCT('id5','id5','id5',(#3524));
#3329=PRODUCT('id8','id8','id8',(#3525));
#3330=PRODUCT('id11','id11','id11',(#3526));
#3331=PRODUCT('id14','id14','id14',(#3527));
#3332=PRODUCT('id17','id17','id17',(#3528));
#3333=PRODUCT('id20','id20','id20',(#3529));
#3334=PRODUCT('id23','id23','id23',(#3530));
#3335=PRODUCT('id26','id26','id26',(#3531));
#3336=PRODUCT('id29','id29','id29',(#3532));
#3337=PRODUCT('id32','id32','id32',(#3533));
#3338=PRODUCT('id35','id35','id35',(#3534));
#3339=PRODUCT('id38','id38','id38',(#3535));
#3340=PRODUCT('id41','id41','id41',(#3536));
#3341=PRODUCT('id44','id44','id44',(#3537));
#3342=PRODUCT('id47','id47','id47',(#3538));
#3343=PRODUCT('id50','id50','id50',(#3539));
#3344=PRODUCT('id53','id53','id53',(#3540));
#3345=PRODUCT('id56','id56','id56',(#3541));
#3346=PRODUCT('id59','id59','id59',(#3542));
#3347=PRODUCT('id62','id62','id62',(#3543));
#3348=PRODUCT('id65','id65','id65',(#3544));
#3349=PRODUCT('id68','id68','id68',(#3545));
#3350=PRODUCT('id71','id71','id71',(#3546));
#3351=PRODUCT('id74','id74','id74',(#3547));
#3352=PRODUCT('id77','id77','id77',(#3548));
#3353=PRODUCT('id80','id80','id80',(#3549));
#3354=PRODUCT('id83','id83','id83',(#3550));
#3355=PRODUCT('id86','id86','id86',(#3551));
#3356=PRODUCT('id89','id89','id89',(#3552));
#3357=PRODUCT('id92','id92','id92',(#3553));
#3358=PRODUCT('id95','id95','id95',(#3554));
#3359=PRODUCT('id98','id98','id98',(#3555));
#3360=PRODUCT('id101','id101','id101',(#3556));
#3361=PRODUCT('id104','id104','id104',(#3557));
#3362=PRODUCT('id107','id107','id107',(#3558));
#3363=PRODUCT('id110','id110','id110',(#3559));
#3364=PRODUCT('id113','id113','id113',(#3560));
#3365=PRODUCT('id116','id116','id116',(#3561));
#3366=PRODUCT('id119','id119','id119',(#3562));
#3367=PRODUCT('id122','id122','id122',(#3563));
#3368=PRODUCT('id125','id125','id125',(#3564));
#3369=PRODUCT('id128','id128','id128',(#3565));
#3370=PRODUCT('id131','id131','id131',(#3566));
#3371=PRODUCT('id134','id134','id134',(#3567));
#3372=PRODUCT('id137','id137','id137',(#3568));
#3373=PRODUCT('id140','id140','id140',(#3569));
#3374=PRODUCT('id143','id143','id143',(#3570));
#3375=PRODUCT('id146','id146','id146',(#3571));
#3376=PRODUCT('id149','id149','id149',(#3572));
#3377=PRODUCT('id152','id152','id152',(#3573));
#3378=PRODUCT('id155','id155','id155',(#3574));
#3379=PRODUCT('id158','id158','id158',(#3575));
#3380=PRODUCT('id161','id161','id161',(#3576));
#3381=PRODUCT('id164','id164','id164',(#3577));
#3382=PRODUCT('id167','id167','id167',(#3578));
#3383=PRODUCT('id170','id170','id170',(#3579));
#3384=PRODUCT('id173','id173','id173',(#3580));
#3385=PRODUCT('id176','id176','id176',(#3581));
#3386=PRODUCT('id179','id179','id179',(#3582));
#3387=PRODUCT('id182','id182','id182',(#3583));
#3388=PRODUCT('id185','id185','id185',(#3584));
#3389=PRODUCT('id188','id188','id188',(#3585));
#3390=PRODUCT('id191','id191','id191',(#3586));
#3391=PRODUCT('id194','id194','id194',(#3587));
#3392=PRODUCT('id197','id197','id197',(#3588));
#3393=PRODUCT('id200','id200','id200',(#3589));
#3394=PRODUCT('id203','id203','id203',(#3590));
#3395=PRODUCT('id206','id206','id206',(#3591));
#3396=PRODUCT('id209','id209','id209',(#3592));
#3397=PRODUCT('id212','id212','id212',(#3593));
#3398=PRODUCT('id215','id215','id215',(#3594));
#3399=PRODUCT('id218','id218','id218',(#3595));
#3400=PRODUCT('id221','id221','id221',(#3596));
#3401=PRODUCT('id224','id224','id224',(#3597));
#3402=PRODUCT('id227','id227','id227',(#3598));
#3403=PRODUCT('id230','id230','id230',(#3599));
#3404=PRODUCT('id233','id233','id233',(#3600));
#3405=PRODUCT('id236','id236','id236',(#3601));
#3406=PRODUCT('id239','id239','id239',(#3602));
#3407=PRODUCT('id242','id242','id242',(#3603));
#3408=PRODUCT('id245','id245','id245',(#3604));
#3409=PRODUCT('id248','id248','id248',(#3605));
#3410=PRODUCT('id251','id251','id251',(#3606));
#3411=PRODUCT('id254','id254','id254',(#3607));
#3412=PRODUCT('id257','id257','id257',(#3608));
#3413=PRODUCT('id260','id260','id260',(#3609));
#3414=PRODUCT('id263','id263','id263',(#3610));
#3415=PRODUCT('id266','id266','id266',(#3611));
#3416=PRODUCT('id269','id269','id269',(#3612));
#3417=PRODUCT('id272','id272','id272',(#3613));
#3418=PRODUCT('id275','id275','id275',(#3614));
#3419=PRODUCT('id278','id278','id278',(#3615));
#3420=PRODUCT('id281','id281','id281',(#3616));
#3421=PRODUCT('id284','id284','id284',(#3617));
#3422=PRODUCT('id287','id287','id287',(#3618));
#3423=PRODUCT('id290','id290','id290',(#3619));
#3424=PRODUCT('Part 2','Part 2','Part 2',(#3620));
#3425=PRODUCT_CATEGORY('','');
#3426=PRODUCT_CATEGORY('','');
#3427=PRODUCT_CATEGORY('','');
#3428=PRODUCT_CATEGORY('','');
#3429=PRODUCT_CATEGORY('','');
#3430=PRODUCT_CATEGORY('','');
#3431=PRODUCT_CATEGORY('','');
#3432=PRODUCT_CATEGORY('','');
#3433=PRODUCT_CATEGORY('','');
#3434=PRODUCT_CATEGORY('','');
#3435=PRODUCT_CATEGORY('','');
#3436=PRODUCT_CATEGORY('','');
#3437=PRODUCT_CATEGORY('','');
#3438=PRODUCT_CATEGORY('','');
#3439=PRODUCT_CATEGORY('','');
#3440=PRODUCT_CATEGORY('','');
#3441=PRODUCT_CATEGORY('','');
#3442=PRODUCT_CATEGORY('','');
#3443=PRODUCT_CATEGORY('','');
#3444=PRODUCT_CATEGORY('','');
#3445=PRODUCT_CATEGORY('','');
#3446=PRODUCT_CATEGORY('','');
#3447=PRODUCT_CATEGORY('','');
#3448=PRODUCT_CATEGORY('','');
#3449=PRODUCT_CATEGORY('','');
#3450=PRODUCT_CATEGORY('','');
#3451=PRODUCT_CATEGORY('','');
#3452=PRODUCT_CATEGORY('','');
#3453=PRODUCT_CATEGORY('','');
#3454=PRODUCT_CATEGORY('','');
#3455=PRODUCT_CATEGORY('','');
#3456=PRODUCT_CATEGORY('','');
#3457=PRODUCT_CATEGORY('','');
#3458=PRODUCT_CATEGORY('','');
#3459=PRODUCT_CATEGORY('','');
#3460=PRODUCT_CATEGORY('','');
#3461=PRODUCT_CATEGORY('','');
#3462=PRODUCT_CATEGORY('','');
#3463=PRODUCT_CATEGORY('','');
#3464=PRODUCT_CATEGORY('','');
#3465=PRODUCT_CATEGORY('','');
#3466=PRODUCT_CATEGORY('','');
#3467=PRODUCT_CATEGORY('','');
#3468=PRODUCT_CATEGORY('','');
#3469=PRODUCT_CATEGORY('','');
#3470=PRODUCT_CATEGORY('','');
#3471=PRODUCT_CATEGORY('','');
#3472=PRODUCT_CATEGORY('','');
#3473=PRODUCT_CATEGORY('','');
#3474=PRODUCT_CATEGORY('','');
#3475=PRODUCT_CATEGORY('','');
#3476=PRODUCT_CATEGORY('','');
#3477=PRODUCT_CATEGORY('','');
#3478=PRODUCT_CATEGORY('','');
#3479=PRODUCT_CATEGORY('','');
#3480=PRODUCT_CATEGORY('','');
#3481=PRODUCT_CATEGORY('','');
#3482=PRODUCT_CATEGORY('','');
#3483=PRODUCT_CATEGORY('','');
#3484=PRODUCT_CATEGORY('','');
#3485=PRODUCT_CATEGORY('','');
#3486=PRODUCT_CATEGORY('','');
#3487=PRODUCT_CATEGORY('','');
#3488=PRODUCT_CATEGORY('','');
#3489=PRODUCT_CATEGORY('','');
#3490=PRODUCT_CATEGORY('','');
#3491=PRODUCT_CATEGORY('','');
#3492=PRODUCT_CATEGORY('','');
#3493=PRODUCT_CATEGORY('','');
#3494=PRODUCT_CATEGORY('','');
#3495=PRODUCT_CATEGORY('','');
#3496=PRODUCT_CATEGORY('','');
#3497=PRODUCT_CATEGORY('','');
#3498=PRODUCT_CATEGORY('','');
#3499=PRODUCT_CATEGORY('','');
#3500=PRODUCT_CATEGORY('','');
#3501=PRODUCT_CATEGORY('','');
#3502=PRODUCT_CATEGORY('','');
#3503=PRODUCT_CATEGORY('','');
#3504=PRODUCT_CATEGORY('','');
#3505=PRODUCT_CATEGORY('','');
#3506=PRODUCT_CATEGORY('','');
#3507=PRODUCT_CATEGORY('','');
#3508=PRODUCT_CATEGORY('','');
#3509=PRODUCT_CATEGORY('','');
#3510=PRODUCT_CATEGORY('','');
#3511=PRODUCT_CATEGORY('','');
#3512=PRODUCT_CATEGORY('','');
#3513=PRODUCT_CATEGORY('','');
#3514=PRODUCT_CATEGORY('','');
#3515=PRODUCT_CATEGORY('','');
#3516=PRODUCT_CATEGORY('','');
#3517=PRODUCT_CATEGORY('','');
#3518=PRODUCT_CATEGORY('','');
#3519=PRODUCT_CATEGORY('','');
#3520=PRODUCT_CATEGORY('','');
#3521=PRODUCT_CATEGORY('','');
#3522=PRODUCT_CATEGORY('','');
#3523=PRODUCT_CONTEXT('',#3719,'mechanical');
#3524=PRODUCT_CONTEXT('',#3720,'mechanical');
#3525=PRODUCT_CONTEXT('',#3721,'mechanical');
#3526=PRODUCT_CONTEXT('',#3722,'mechanical');
#3527=PRODUCT_CONTEXT('',#3723,'mechanical');
#3528=PRODUCT_CONTEXT('',#3724,'mechanical');
#3529=PRODUCT_CONTEXT('',#3725,'mechanical');
#3530=PRODUCT_CONTEXT('',#3726,'mechanical');
#3531=PRODUCT_CONTEXT('',#3727,'mechanical');
#3532=PRODUCT_CONTEXT('',#3728,'mechanical');
#3533=PRODUCT_CONTEXT('',#3729,'mechanical');
#3534=PRODUCT_CONTEXT('',#3730,'mechanical');
#3535=PRODUCT_CONTEXT('',#3731,'mechanical');
#3536=PRODUCT_CONTEXT('',#3732,'mechanical');
#3537=PRODUCT_CONTEXT('',#3733,'mechanical');
#3538=PRODUCT_CONTEXT('',#3734,'mechanical');
#3539=PRODUCT_CONTEXT('',#3735,'mechanical');
#3540=PRODUCT_CONTEXT('',#3736,'mechanical');
#3541=PRODUCT_CONTEXT('',#3737,'mechanical');
#3542=PRODUCT_CONTEXT('',#3738,'mechanical');
#3543=PRODUCT_CONTEXT('',#3739,'mechanical');
#3544=PRODUCT_CONTEXT('',#3740,'mechanical');
#3545=PRODUCT_CONTEXT('',#3741,'mechanical');
#3546=PRODUCT_CONTEXT('',#3742,'mechanical');
#3547=PRODUCT_CONTEXT('',#3743,'mechanical');
#3548=PRODUCT_CONTEXT('',#3744,'mechanical');
#3549=PRODUCT_CONTEXT('',#3745,'mechanical');
#3550=PRODUCT_CONTEXT('',#3746,'mechanical');
#3551=PRODUCT_CONTEXT('',#3747,'mechanical');
#3552=PRODUCT_CONTEXT('',#3748,'mechanical');
#3553=PRODUCT_CONTEXT('',#3749,'mechanical');
#3554=PRODUCT_CONTEXT('',#3750,'mechanical');
#3555=PRODUCT_CONTEXT('',#3751,'mechanical');
#3556=PRODUCT_CONTEXT('',#3752,'mechanical');
#3557=PRODUCT_CONTEXT('',#3753,'mechanical');
#3558=PRODUCT_CONTEXT('',#3754,'mechanical');
#3559=PRODUCT_CONTEXT('',#3755,'mechanical');
#3560=PRODUCT_CONTEXT('',#3756,'mechanical');
#3561=PRODUCT_CONTEXT('',#3757,'mechanical');
#3562=PRODUCT_CONTEXT('',#3758,'mechanical');
#3563=PRODUCT_CONTEXT('',#3759,'mechanical');
#3564=PRODUCT_CONTEXT('',#3760,'mechanical');
#3565=PRODUCT_CONTEXT('',#3761,'mechanical');
#3566=PRODUCT_CONTEXT('',#3762,'mechanical');
#3567=PRODUCT_CONTEXT('',#3763,'mechanical');
#3568=PRODUCT_CONTEXT('',#3764,'mechanical');
#3569=PRODUCT_CONTEXT('',#3765,'mechanical');
#3570=PRODUCT_CONTEXT('',#3766,'mechanical');
#3571=PRODUCT_CONTEXT('',#3767,'mechanical');
#3572=PRODUCT_CONTEXT('',#3768,'mechanical');
#3573=PRODUCT_CONTEXT('',#3769,'mechanical');
#3574=PRODUCT_CONTEXT('',#3770,'mechanical');
#3575=PRODUCT_CONTEXT('',#3771,'mechanical');
#3576=PRODUCT_CONTEXT('',#3772,'mechanical');
#3577=PRODUCT_CONTEXT('',#3773,'mechanical');
#3578=PRODUCT_CONTEXT('',#3774,'mechanical');
#3579=PRODUCT_CONTEXT('',#3775,'mechanical');
#3580=PRODUCT_CONTEXT('',#3776,'mechanical');
#3581=PRODUCT_CONTEXT('',#3777,'mechanical');
#3582=PRODUCT_CONTEXT('',#3778,'mechanical');
#3583=PRODUCT_CONTEXT('',#3779,'mechanical');
#3584=PRODUCT_CONTEXT('',#3780,'mechanical');
#3585=PRODUCT_CONTEXT('',#3781,'mechanical');
#3586=PRODUCT_CONTEXT('',#3782,'mechanical');
#3587=PRODUCT_CONTEXT('',#3783,'mechanical');
#3588=PRODUCT_CONTEXT('',#3784,'mechanical');
#3589=PRODUCT_CONTEXT('',#3785,'mechanical');
#3590=PRODUCT_CONTEXT('',#3786,'mechanical');
#3591=PRODUCT_CONTEXT('',#3787,'mechanical');
#3592=PRODUCT_CONTEXT('',#3788,'mechanical');
#3593=PRODUCT_CONTEXT('',#3789,'mechanical');
#3594=PRODUCT_CONTEXT('',#3790,'mechanical');
#3595=PRODUCT_CONTEXT('',#3791,'mechanical');
#3596=PRODUCT_CONTEXT('',#3792,'mechanical');
#3597=PRODUCT_CONTEXT('',#3793,'mechanical');
#3598=PRODUCT_CONTEXT('',#3794,'mechanical');
#3599=PRODUCT_CONTEXT('',#3795,'mechanical');
#3600=PRODUCT_CONTEXT('',#3796,'mechanical');
#3601=PRODUCT_CONTEXT('',#3797,'mechanical');
#3602=PRODUCT_CONTEXT('',#3798,'mechanical');
#3603=PRODUCT_CONTEXT('',#3799,'mechanical');
#3604=PRODUCT_CONTEXT('',#3800,'mechanical');
#3605=PRODUCT_CONTEXT('',#3801,'mechanical');
#3606=PRODUCT_CONTEXT('',#3802,'mechanical');
#3607=PRODUCT_CONTEXT('',#3803,'mechanical');
#3608=PRODUCT_CONTEXT('',#3804,'mechanical');
#3609=PRODUCT_CONTEXT('',#3805,'mechanical');
#3610=PRODUCT_CONTEXT('',#3806,'mechanical');
#3611=PRODUCT_CONTEXT('',#3807,'mechanical');
#3612=PRODUCT_CONTEXT('',#3808,'mechanical');
#3613=PRODUCT_CONTEXT('',#3809,'mechanical');
#3614=PRODUCT_CONTEXT('',#3810,'mechanical');
#3615=PRODUCT_CONTEXT('',#3811,'mechanical');
#3616=PRODUCT_CONTEXT('',#3812,'mechanical');
#3617=PRODUCT_CONTEXT('',#3813,'mechanical');
#3618=PRODUCT_CONTEXT('',#3814,'mechanical');
#3619=PRODUCT_CONTEXT('',#3815,'mechanical');
#3620=PRODUCT_CONTEXT('',#3816,'mechanical');
#3621=APPLICATION_PROTOCOL_DEFINITION('international standard',
'ap242_managed_model_based_3d_engineering',2020,#3719);
#3622=APPLICATION_PROTOCOL_DEFINITION('international standard',
'ap242_managed_model_based_3d_engineering',2020,#3720);
#3623=APPLICATION_PROTOCOL_DEFINITION('international standard',
'ap242_managed_model_based_3d_engineering',2020,#3721);
#3624=APPLICATION_PROTOCOL_DEFINITION('international standard',
'ap242_managed_model_based_3d_engineering',2020,#3722);
#3625=APPLICATION_PROTOCOL_DEFINITION('international standard',
'ap242_managed_model_based_3d_engineering',2020,#3723);
#3626=APPLICATION_PROTOCOL_DEFINITION('international standard',
'ap242_managed_model_based_3d_engineering',2020,#3724);
#3627=APPLICATION_PROTOCOL_DEFINITION('international standard',
'ap242_managed_model_based_3d_engineering',2020,#3725);
#3628=APPLICATION_PROTOCOL_DEFINITION('international standard',
'ap242_managed_model_based_3d_engineering',2020,#3726);
#3629=APPLICATION_PROTOCOL_DEFINITION('international standard',
'ap242_managed_model_based_3d_engineering',2020,#3727);
#3630=APPLICATION_PROTOCOL_DEFINITION('international standard',
'ap242_managed_model_based_3d_engineering',2020,#3728);
#3631=APPLICATION_PROTOCOL_DEFINITION('international standard',
'ap242_managed_model_based_3d_engineering',2020,#3729);
#3632=APPLICATION_PROTOCOL_DEFINITION('international standard',
'ap242_managed_model_based_3d_engineering',2020,#3730);
#3633=APPLICATION_PROTOCOL_DEFINITION('international standard',
'ap242_managed_model_based_3d_engineering',2020,#3731);
#3634=APPLICATION_PROTOCOL_DEFINITION('international standard',
'ap242_managed_model_based_3d_engineering',2020,#3732);
#3635=APPLICATION_PROTOCOL_DEFINITION('international standard',
'ap242_managed_model_based_3d_engineering',2020,#3733);
#3636=APPLICATION_PROTOCOL_DEFINITION('international standard',
'ap242_managed_model_based_3d_engineering',2020,#3734);
#3637=APPLICATION_PROTOCOL_DEFINITION('international standard',
'ap242_managed_model_based_3d_engineering',2020,#3735);
#3638=APPLICATION_PROTOCOL_DEFINITION('international standard',
'ap242_managed_model_based_3d_engineering',2020,#3736);
#3639=APPLICATION_PROTOCOL_DEFINITION('international standard',
'ap242_managed_model_based_3d_engineering',2020,#3737);
#3640=APPLICATION_PROTOCOL_DEFINITION('international standard',
'ap242_managed_model_based_3d_engineering',2020,#3738);
#3641=APPLICATION_PROTOCOL_DEFINITION('international standard',
'ap242_managed_model_based_3d_engineering',2020,#3739);
#3642=APPLICATION_PROTOCOL_DEFINITION('international standard',
'ap242_managed_model_based_3d_engineering',2020,#3740);
#3643=APPLICATION_PROTOCOL_DEFINITION('international standard',
'ap242_managed_model_based_3d_engineering',2020,#3741);
#3644=APPLICATION_PROTOCOL_DEFINITION('international standard',
'ap242_managed_model_based_3d_engineering',2020,#3742);
#3645=APPLICATION_PROTOCOL_DEFINITION('international standard',
'ap242_managed_model_based_3d_engineering',2020,#3743);
#3646=APPLICATION_PROTOCOL_DEFINITION('international standard',
'ap242_managed_model_based_3d_engineering',2020,#3744);
#3647=APPLICATION_PROTOCOL_DEFINITION('international standard',
'ap242_managed_model_based_3d_engineering',2020,#3745);
#3648=APPLICATION_PROTOCOL_DEFINITION('international standard',
'ap242_managed_model_based_3d_engineering',2020,#3746);
#3649=APPLICATION_PROTOCOL_DEFINITION('international standard',
'ap242_managed_model_based_3d_engineering',2020,#3747);
#3650=APPLICATION_PROTOCOL_DEFINITION('international standard',
'ap242_managed_model_based_3d_engineering',2020,#3748);
#3651=APPLICATION_PROTOCOL_DEFINITION('international standard',
'ap242_managed_model_based_3d_engineering',2020,#3749);
#3652=APPLICATION_PROTOCOL_DEFINITION('international standard',
'ap242_managed_model_based_3d_engineering',2020,#3750);
#3653=APPLICATION_PROTOCOL_DEFINITION('international standard',
'ap242_managed_model_based_3d_engineering',2020,#3751);
#3654=APPLICATION_PROTOCOL_DEFINITION('international standard',
'ap242_managed_model_based_3d_engineering',2020,#3752);
#3655=APPLICATION_PROTOCOL_DEFINITION('international standard',
'ap242_managed_model_based_3d_engineering',2020,#3753);
#3656=APPLICATION_PROTOCOL_DEFINITION('international standard',
'ap242_managed_model_based_3d_engineering',2020,#3754);
#3657=APPLICATION_PROTOCOL_DEFINITION('international standard',
'ap242_managed_model_based_3d_engineering',2020,#3755);
#3658=APPLICATION_PROTOCOL_DEFINITION('international standard',
'ap242_managed_model_based_3d_engineering',2020,#3756);
#3659=APPLICATION_PROTOCOL_DEFINITION('international standard',
'ap242_managed_model_based_3d_engineering',2020,#3757);
#3660=APPLICATION_PROTOCOL_DEFINITION('international standard',
'ap242_managed_model_based_3d_engineering',2020,#3758);
#3661=APPLICATION_PROTOCOL_DEFINITION('international standard',
'ap242_managed_model_based_3d_engineering',2020,#3759);
#3662=APPLICATION_PROTOCOL_DEFINITION('international standard',
'ap242_managed_model_based_3d_engineering',2020,#3760);
#3663=APPLICATION_PROTOCOL_DEFINITION('international standard',
'ap242_managed_model_based_3d_engineering',2020,#3761);
#3664=APPLICATION_PROTOCOL_DEFINITION('international standard',
'ap242_managed_model_based_3d_engineering',2020,#3762);
#3665=APPLICATION_PROTOCOL_DEFINITION('international standard',
'ap242_managed_model_based_3d_engineering',2020,#3763);
#3666=APPLICATION_PROTOCOL_DEFINITION('international standard',
'ap242_managed_model_based_3d_engineering',2020,#3764);
#3667=APPLICATION_PROTOCOL_DEFINITION('international standard',
'ap242_managed_model_based_3d_engineering',2020,#3765);
#3668=APPLICATION_PROTOCOL_DEFINITION('international standard',
'ap242_managed_model_based_3d_engineering',2020,#3766);
#3669=APPLICATION_PROTOCOL_DEFINITION('international standard',
'ap242_managed_model_based_3d_engineering',2020,#3767);
#3670=APPLICATION_PROTOCOL_DEFINITION('international standard',
'ap242_managed_model_based_3d_engineering',2020,#3768);
#3671=APPLICATION_PROTOCOL_DEFINITION('international standard',
'ap242_managed_model_based_3d_engineering',2020,#3769);
#3672=APPLICATION_PROTOCOL_DEFINITION('international standard',
'ap242_managed_model_based_3d_engineering',2020,#3770);
#3673=APPLICATION_PROTOCOL_DEFINITION('international standard',
'ap242_managed_model_based_3d_engineering',2020,#3771);
#3674=APPLICATION_PROTOCOL_DEFINITION('international standard',
'ap242_managed_model_based_3d_engineering',2020,#3772);
#3675=APPLICATION_PROTOCOL_DEFINITION('international standard',
'ap242_managed_model_based_3d_engineering',2020,#3773);
#3676=APPLICATION_PROTOCOL_DEFINITION('international standard',
'ap242_managed_model_based_3d_engineering',2020,#3774);
#3677=APPLICATION_PROTOCOL_DEFINITION('international standard',
'ap242_managed_model_based_3d_engineering',2020,#3775);
#3678=APPLICATION_PROTOCOL_DEFINITION('international standard',
'ap242_managed_model_based_3d_engineering',2020,#3776);
#3679=APPLICATION_PROTOCOL_DEFINITION('international standard',
'ap242_managed_model_based_3d_engineering',2020,#3777);
#3680=APPLICATION_PROTOCOL_DEFINITION('international standard',
'ap242_managed_model_based_3d_engineering',2020,#3778);
#3681=APPLICATION_PROTOCOL_DEFINITION('international standard',
'ap242_managed_model_based_3d_engineering',2020,#3779);
#3682=APPLICATION_PROTOCOL_DEFINITION('international standard',
'ap242_managed_model_based_3d_engineering',2020,#3780);
#3683=APPLICATION_PROTOCOL_DEFINITION('international standard',
'ap242_managed_model_based_3d_engineering',2020,#3781);
#3684=APPLICATION_PROTOCOL_DEFINITION('international standard',
'ap242_managed_model_based_3d_engineering',2020,#3782);
#3685=APPLICATION_PROTOCOL_DEFINITION('international standard',
'ap242_managed_model_based_3d_engineering',2020,#3783);
#3686=APPLICATION_PROTOCOL_DEFINITION('international standard',
'ap242_managed_model_based_3d_engineering',2020,#3784);
#3687=APPLICATION_PROTOCOL_DEFINITION('international standard',
'ap242_managed_model_based_3d_engineering',2020,#3785);
#3688=APPLICATION_PROTOCOL_DEFINITION('international standard',
'ap242_managed_model_based_3d_engineering',2020,#3786);
#3689=APPLICATION_PROTOCOL_DEFINITION('international standard',
'ap242_managed_model_based_3d_engineering',2020,#3787);
#3690=APPLICATION_PROTOCOL_DEFINITION('international standard',
'ap242_managed_model_based_3d_engineering',2020,#3788);
#3691=APPLICATION_PROTOCOL_DEFINITION('international standard',
'ap242_managed_model_based_3d_engineering',2020,#3789);
#3692=APPLICATION_PROTOCOL_DEFINITION('international standard',
'ap242_managed_model_based_3d_engineering',2020,#3790);
#3693=APPLICATION_PROTOCOL_DEFINITION('international standard',
'ap242_managed_model_based_3d_engineering',2020,#3791);
#3694=APPLICATION_PROTOCOL_DEFINITION('international standard',
'ap242_managed_model_based_3d_engineering',2020,#3792);
#3695=APPLICATION_PROTOCOL_DEFINITION('international standard',
'ap242_managed_model_based_3d_engineering',2020,#3793);
#3696=APPLICATION_PROTOCOL_DEFINITION('international standard',
'ap242_managed_model_based_3d_engineering',2020,#3794);
#3697=APPLICATION_PROTOCOL_DEFINITION('international standard',
'ap242_managed_model_based_3d_engineering',2020,#3795);
#3698=APPLICATION_PROTOCOL_DEFINITION('international standard',
'ap242_managed_model_based_3d_engineering',2020,#3796);
#3699=APPLICATION_PROTOCOL_DEFINITION('international standard',
'ap242_managed_model_based_3d_engineering',2020,#3797);
#3700=APPLICATION_PROTOCOL_DEFINITION('international standard',
'ap242_managed_model_based_3d_engineering',2020,#3798);
#3701=APPLICATION_PROTOCOL_DEFINITION('international standard',
'ap242_managed_model_based_3d_engineering',2020,#3799);
#3702=APPLICATION_PROTOCOL_DEFINITION('international standard',
'ap242_managed_model_based_3d_engineering',2020,#3800);
#3703=APPLICATION_PROTOCOL_DEFINITION('international standard',
'ap242_managed_model_based_3d_engineering',2020,#3801);
#3704=APPLICATION_PROTOCOL_DEFINITION('international standard',
'ap242_managed_model_based_3d_engineering',2020,#3802);
#3705=APPLICATION_PROTOCOL_DEFINITION('international standard',
'ap242_managed_model_based_3d_engineering',2020,#3803);
#3706=APPLICATION_PROTOCOL_DEFINITION('international standard',
'ap242_managed_model_based_3d_engineering',2020,#3804);
#3707=APPLICATION_PROTOCOL_DEFINITION('international standard',
'ap242_managed_model_based_3d_engineering',2020,#3805);
#3708=APPLICATION_PROTOCOL_DEFINITION('international standard',
'ap242_managed_model_based_3d_engineering',2020,#3806);
#3709=APPLICATION_PROTOCOL_DEFINITION('international standard',
'ap242_managed_model_based_3d_engineering',2020,#3807);
#3710=APPLICATION_PROTOCOL_DEFINITION('international standard',
'ap242_managed_model_based_3d_engineering',2020,#3808);
#3711=APPLICATION_PROTOCOL_DEFINITION('international standard',
'ap242_managed_model_based_3d_engineering',2020,#3809);
#3712=APPLICATION_PROTOCOL_DEFINITION('international standard',
'ap242_managed_model_based_3d_engineering',2020,#3810);
#3713=APPLICATION_PROTOCOL_DEFINITION('international standard',
'ap242_managed_model_based_3d_engineering',2020,#3811);
#3714=APPLICATION_PROTOCOL_DEFINITION('international standard',
'ap242_managed_model_based_3d_engineering',2020,#3812);
#3715=APPLICATION_PROTOCOL_DEFINITION('international standard',
'ap242_managed_model_based_3d_engineering',2020,#3813);
#3716=APPLICATION_PROTOCOL_DEFINITION('international standard',
'ap242_managed_model_based_3d_engineering',2020,#3814);
#3717=APPLICATION_PROTOCOL_DEFINITION('international standard',
'ap242_managed_model_based_3d_engineering',2020,#3815);
#3718=APPLICATION_PROTOCOL_DEFINITION('international standard',
'ap242_managed_model_based_3d_engineering',2020,#3816);
#3719=APPLICATION_CONTEXT('managed model based 3d engineering');
#3720=APPLICATION_CONTEXT('managed model based 3d engineering');
#3721=APPLICATION_CONTEXT('managed model based 3d engineering');
#3722=APPLICATION_CONTEXT('managed model based 3d engineering');
#3723=APPLICATION_CONTEXT('managed model based 3d engineering');
#3724=APPLICATION_CONTEXT('managed model based 3d engineering');
#3725=APPLICATION_CONTEXT('managed model based 3d engineering');
#3726=APPLICATION_CONTEXT('managed model based 3d engineering');
#3727=APPLICATION_CONTEXT('managed model based 3d engineering');
#3728=APPLICATION_CONTEXT('managed model based 3d engineering');
#3729=APPLICATION_CONTEXT('managed model based 3d engineering');
#3730=APPLICATION_CONTEXT('managed model based 3d engineering');
#3731=APPLICATION_CONTEXT('managed model based 3d engineering');
#3732=APPLICATION_CONTEXT('managed model based 3d engineering');
#3733=APPLICATION_CONTEXT('managed model based 3d engineering');
#3734=APPLICATION_CONTEXT('managed model based 3d engineering');
#3735=APPLICATION_CONTEXT('managed model based 3d engineering');
#3736=APPLICATION_CONTEXT('managed model based 3d engineering');
#3737=APPLICATION_CONTEXT('managed model based 3d engineering');
#3738=APPLICATION_CONTEXT('managed model based 3d engineering');
#3739=APPLICATION_CONTEXT('managed model based 3d engineering');
#3740=APPLICATION_CONTEXT('managed model based 3d engineering');
#3741=APPLICATION_CONTEXT('managed model based 3d engineering');
#3742=APPLICATION_CONTEXT('managed model based 3d engineering');
#3743=APPLICATION_CONTEXT('managed model based 3d engineering');
#3744=APPLICATION_CONTEXT('managed model based 3d engineering');
#3745=APPLICATION_CONTEXT('managed model based 3d engineering');
#3746=APPLICATION_CONTEXT('managed model based 3d engineering');
#3747=APPLICATION_CONTEXT('managed model based 3d engineering');
#3748=APPLICATION_CONTEXT('managed model based 3d engineering');
#3749=APPLICATION_CONTEXT('managed model based 3d engineering');
#3750=APPLICATION_CONTEXT('managed model based 3d engineering');
#3751=APPLICATION_CONTEXT('managed model based 3d engineering');
#3752=APPLICATION_CONTEXT('managed model based 3d engineering');
#3753=APPLICATION_CONTEXT('managed model based 3d engineering');
#3754=APPLICATION_CONTEXT('managed model based 3d engineering');
#3755=APPLICATION_CONTEXT('managed model based 3d engineering');
#3756=APPLICATION_CONTEXT('managed model based 3d engineering');
#3757=APPLICATION_CONTEXT('managed model based 3d engineering');
#3758=APPLICATION_CONTEXT('managed model based 3d engineering');
#3759=APPLICATION_CONTEXT('managed model based 3d engineering');
#3760=APPLICATION_CONTEXT('managed model based 3d engineering');
#3761=APPLICATION_CONTEXT('managed model based 3d engineering');
#3762=APPLICATION_CONTEXT('managed model based 3d engineering');
#3763=APPLICATION_CONTEXT('managed model based 3d engineering');
#3764=APPLICATION_CONTEXT('managed model based 3d engineering');
#3765=APPLICATION_CONTEXT('managed model based 3d engineering');
#3766=APPLICATION_CONTEXT('managed model based 3d engineering');
#3767=APPLICATION_CONTEXT('managed model based 3d engineering');
#3768=APPLICATION_CONTEXT('managed model based 3d engineering');
#3769=APPLICATION_CONTEXT('managed model based 3d engineering');
#3770=APPLICATION_CONTEXT('managed model based 3d engineering');
#3771=APPLICATION_CONTEXT('managed model based 3d engineering');
#3772=APPLICATION_CONTEXT('managed model based 3d engineering');
#3773=APPLICATION_CONTEXT('managed model based 3d engineering');
#3774=APPLICATION_CONTEXT('managed model based 3d engineering');
#3775=APPLICATION_CONTEXT('managed model based 3d engineering');
#3776=APPLICATION_CONTEXT('managed model based 3d engineering');
#3777=APPLICATION_CONTEXT('managed model based 3d engineering');
#3778=APPLICATION_CONTEXT('managed model based 3d engineering');
#3779=APPLICATION_CONTEXT('managed model based 3d engineering');
#3780=APPLICATION_CONTEXT('managed model based 3d engineering');
#3781=APPLICATION_CONTEXT('managed model based 3d engineering');
#3782=APPLICATION_CONTEXT('managed model based 3d engineering');
#3783=APPLICATION_CONTEXT('managed model based 3d engineering');
#3784=APPLICATION_CONTEXT('managed model based 3d engineering');
#3785=APPLICATION_CONTEXT('managed model based 3d engineering');
#3786=APPLICATION_CONTEXT('managed model based 3d engineering');
#3787=APPLICATION_CONTEXT('managed model based 3d engineering');
#3788=APPLICATION_CONTEXT('managed model based 3d engineering');
#3789=APPLICATION_CONTEXT('managed model based 3d engineering');
#3790=APPLICATION_CONTEXT('managed model based 3d engineering');
#3791=APPLICATION_CONTEXT('managed model based 3d engineering');
#3792=APPLICATION_CONTEXT('managed model based 3d engineering');
#3793=APPLICATION_CONTEXT('managed model based 3d engineering');
#3794=APPLICATION_CONTEXT('managed model based 3d engineering');
#3795=APPLICATION_CONTEXT('managed model based 3d engineering');
#3796=APPLICATION_CONTEXT('managed model based 3d engineering');
#3797=APPLICATION_CONTEXT('managed model based 3d engineering');
#3798=APPLICATION_CONTEXT('managed model based 3d engineering');
#3799=APPLICATION_CONTEXT('managed model based 3d engineering');
#3800=APPLICATION_CONTEXT('managed model based 3d engineering');
#3801=APPLICATION_CONTEXT('managed model based 3d engineering');
#3802=APPLICATION_CONTEXT('managed model based 3d engineering');
#3803=APPLICATION_CONTEXT('managed model based 3d engineering');
#3804=APPLICATION_CONTEXT('managed model based 3d engineering');
#3805=APPLICATION_CONTEXT('managed model based 3d engineering');
#3806=APPLICATION_CONTEXT('managed model based 3d engineering');
#3807=APPLICATION_CONTEXT('managed model based 3d engineering');
#3808=APPLICATION_CONTEXT('managed model based 3d engineering');
#3809=APPLICATION_CONTEXT('managed model based 3d engineering');
#3810=APPLICATION_CONTEXT('managed model based 3d engineering');
#3811=APPLICATION_CONTEXT('managed model based 3d engineering');
#3812=APPLICATION_CONTEXT('managed model based 3d engineering');
#3813=APPLICATION_CONTEXT('managed model based 3d engineering');
#3814=APPLICATION_CONTEXT('managed model based 3d engineering');
#3815=APPLICATION_CONTEXT('managed model based 3d engineering');
#3816=APPLICATION_CONTEXT('managed model based 3d engineering');
ENDSEC;
END-ISO-10303-21;
