ISO-10303-21;
HEADER;
/* Generated by software containing ST-Developer
 * from STEP Tools, Inc. (www.steptools.com) 
 */
/* OPTION: using custom renumber hook */

FILE_DESCRIPTION(
/* description */ ('STEP AP242 Edition 2',
'CAx-IF Rec.Pracs.---Representation and Presentation of Product Manufa
cturing Information (PMI)---4.0---2014-10-13',
'CAx-IF Rec.Pracs.---3D Tessellated Geometry---0.4---2014-09-14','2;1',
'CAx-IF Rec.Pracs.---User Defined Attributes---1.5---2016-08-15'),
/* implementation_level */ '2;1');

FILE_NAME(
/* name */ 'Magnetometer+mount',
/* time_stamp */ '2026-02-01T16:56:04Z',
/* author */ (''),
/* organization */ (''),
/* preprocessor_version */ 'ST-DEVELOPER v20',
/* originating_system */ 'ONSHAPE BY PTC INC, 1.210',
/* authorisation */ '  ');

FILE_SCHEMA (('AP242_MANAGED_MODEL_BASED_3D_ENGINEERING_MIM_LF { 1 0 10303 442 3 1 4 }'));
ENDSEC;

DATA;
#10=ADVANCED_BREP_SHAPE_REPRESENTATION('',(#737),#1774);
#11=ADVANCED_BREP_SHAPE_REPRESENTATION('',(#738),#1775);
#12=ORIENTED_EDGE('',*,*,#204,.F.);
#13=ORIENTED_EDGE('',*,*,#205,.F.);
#14=ORIENTED_EDGE('',*,*,#206,.F.);
#15=ORIENTED_EDGE('',*,*,#207,.T.);
#16=ORIENTED_EDGE('',*,*,#208,.F.);
#17=ORIENTED_EDGE('',*,*,#209,.F.);
#18=ORIENTED_EDGE('',*,*,#210,.F.);
#19=ORIENTED_EDGE('',*,*,#205,.T.);
#20=ORIENTED_EDGE('',*,*,#211,.F.);
#21=ORIENTED_EDGE('',*,*,#212,.F.);
#22=ORIENTED_EDGE('',*,*,#206,.T.);
#23=ORIENTED_EDGE('',*,*,#210,.T.);
#24=ORIENTED_EDGE('',*,*,#213,.F.);
#25=ORIENTED_EDGE('',*,*,#214,.T.);
#26=ORIENTED_EDGE('',*,*,#215,.T.);
#27=ORIENTED_EDGE('',*,*,#216,.F.);
#28=ORIENTED_EDGE('',*,*,#217,.F.);
#29=ORIENTED_EDGE('',*,*,#218,.T.);
#30=ORIENTED_EDGE('',*,*,#219,.T.);
#31=ORIENTED_EDGE('',*,*,#220,.F.);
#32=ORIENTED_EDGE('',*,*,#221,.F.);
#33=ORIENTED_EDGE('',*,*,#207,.F.);
#34=ORIENTED_EDGE('',*,*,#212,.T.);
#35=ORIENTED_EDGE('',*,*,#222,.T.);
#36=ORIENTED_EDGE('',*,*,#223,.T.);
#37=ORIENTED_EDGE('',*,*,#224,.T.);
#38=ORIENTED_EDGE('',*,*,#225,.F.);
#39=ORIENTED_EDGE('',*,*,#226,.F.);
#40=ORIENTED_EDGE('',*,*,#227,.T.);
#41=ORIENTED_EDGE('',*,*,#228,.F.);
#42=ORIENTED_EDGE('',*,*,#229,.F.);
#43=ORIENTED_EDGE('',*,*,#230,.T.);
#44=ORIENTED_EDGE('',*,*,#231,.F.);
#45=ORIENTED_EDGE('',*,*,#232,.F.);
#46=ORIENTED_EDGE('',*,*,#233,.T.);
#47=ORIENTED_EDGE('',*,*,#228,.T.);
#48=ORIENTED_EDGE('',*,*,#219,.F.);
#49=ORIENTED_EDGE('',*,*,#234,.T.);
#50=ORIENTED_EDGE('',*,*,#230,.F.);
#51=ORIENTED_EDGE('',*,*,#235,.F.);
#52=ORIENTED_EDGE('',*,*,#236,.F.);
#53=ORIENTED_EDGE('',*,*,#237,.T.);
#54=ORIENTED_EDGE('',*,*,#232,.T.);
#55=ORIENTED_EDGE('',*,*,#238,.F.);
#56=ORIENTED_EDGE('',*,*,#233,.F.);
#57=ORIENTED_EDGE('',*,*,#237,.F.);
#58=ORIENTED_EDGE('',*,*,#239,.F.);
#59=ORIENTED_EDGE('',*,*,#216,.T.);
#60=ORIENTED_EDGE('',*,*,#240,.T.);
#61=ORIENTED_EDGE('',*,*,#220,.T.);
#62=ORIENTED_EDGE('',*,*,#235,.T.);
#63=ORIENTED_EDGE('',*,*,#229,.T.);
#64=ORIENTED_EDGE('',*,*,#238,.T.);
#65=ORIENTED_EDGE('',*,*,#231,.T.);
#66=ORIENTED_EDGE('',*,*,#227,.F.);
#67=ORIENTED_EDGE('',*,*,#234,.F.);
#68=ORIENTED_EDGE('',*,*,#218,.F.);
#69=ORIENTED_EDGE('',*,*,#241,.F.);
#70=ORIENTED_EDGE('',*,*,#214,.F.);
#71=ORIENTED_EDGE('',*,*,#242,.T.);
#72=ORIENTED_EDGE('',*,*,#243,.F.);
#73=ORIENTED_EDGE('',*,*,#222,.F.);
#74=ORIENTED_EDGE('',*,*,#211,.T.);
#75=ORIENTED_EDGE('',*,*,#209,.T.);
#76=ORIENTED_EDGE('',*,*,#241,.T.);
#77=ORIENTED_EDGE('',*,*,#217,.T.);
#78=ORIENTED_EDGE('',*,*,#240,.F.);
#79=ORIENTED_EDGE('',*,*,#215,.F.);
#80=ORIENTED_EDGE('',*,*,#236,.T.);
#81=ORIENTED_EDGE('',*,*,#242,.F.);
#82=ORIENTED_EDGE('',*,*,#213,.T.);
#83=ORIENTED_EDGE('',*,*,#239,.T.);
#84=ORIENTED_EDGE('',*,*,#221,.T.);
#85=ORIENTED_EDGE('',*,*,#243,.T.);
#86=ORIENTED_EDGE('',*,*,#208,.T.);
#87=ORIENTED_EDGE('',*,*,#204,.T.);
#88=ORIENTED_EDGE('',*,*,#244,.F.);
#89=ORIENTED_EDGE('',*,*,#245,.F.);
#90=ORIENTED_EDGE('',*,*,#246,.F.);
#91=ORIENTED_EDGE('',*,*,#247,.F.);
#92=ORIENTED_EDGE('',*,*,#224,.F.);
#93=ORIENTED_EDGE('',*,*,#248,.F.);
#94=ORIENTED_EDGE('',*,*,#244,.T.);
#95=ORIENTED_EDGE('',*,*,#249,.T.);
#96=ORIENTED_EDGE('',*,*,#225,.T.);
#97=ORIENTED_EDGE('',*,*,#249,.F.);
#98=ORIENTED_EDGE('',*,*,#247,.T.);
#99=ORIENTED_EDGE('',*,*,#250,.T.);
#100=ORIENTED_EDGE('',*,*,#226,.T.);
#101=ORIENTED_EDGE('',*,*,#250,.F.);
#102=ORIENTED_EDGE('',*,*,#246,.T.);
#103=ORIENTED_EDGE('',*,*,#251,.T.);
#104=ORIENTED_EDGE('',*,*,#223,.F.);
#105=ORIENTED_EDGE('',*,*,#251,.F.);
#106=ORIENTED_EDGE('',*,*,#245,.T.);
#107=ORIENTED_EDGE('',*,*,#248,.T.);
#108=ORIENTED_EDGE('',*,*,#252,.F.);
#109=ORIENTED_EDGE('',*,*,#253,.F.);
#110=ORIENTED_EDGE('',*,*,#254,.F.);
#111=ORIENTED_EDGE('',*,*,#255,.T.);
#112=ORIENTED_EDGE('',*,*,#256,.F.);
#113=ORIENTED_EDGE('',*,*,#257,.F.);
#114=ORIENTED_EDGE('',*,*,#258,.F.);
#115=ORIENTED_EDGE('',*,*,#253,.T.);
#116=ORIENTED_EDGE('',*,*,#259,.F.);
#117=ORIENTED_EDGE('',*,*,#260,.F.);
#118=ORIENTED_EDGE('',*,*,#254,.T.);
#119=ORIENTED_EDGE('',*,*,#258,.T.);
#120=ORIENTED_EDGE('',*,*,#261,.F.);
#121=ORIENTED_EDGE('',*,*,#262,.T.);
#122=ORIENTED_EDGE('',*,*,#263,.T.);
#123=ORIENTED_EDGE('',*,*,#264,.F.);
#124=ORIENTED_EDGE('',*,*,#265,.F.);
#125=ORIENTED_EDGE('',*,*,#266,.T.);
#126=ORIENTED_EDGE('',*,*,#267,.T.);
#127=ORIENTED_EDGE('',*,*,#268,.F.);
#128=ORIENTED_EDGE('',*,*,#269,.F.);
#129=ORIENTED_EDGE('',*,*,#255,.F.);
#130=ORIENTED_EDGE('',*,*,#260,.T.);
#131=ORIENTED_EDGE('',*,*,#270,.T.);
#132=ORIENTED_EDGE('',*,*,#271,.T.);
#133=ORIENTED_EDGE('',*,*,#272,.T.);
#134=ORIENTED_EDGE('',*,*,#273,.F.);
#135=ORIENTED_EDGE('',*,*,#274,.F.);
#136=ORIENTED_EDGE('',*,*,#275,.T.);
#137=ORIENTED_EDGE('',*,*,#276,.F.);
#138=ORIENTED_EDGE('',*,*,#277,.F.);
#139=ORIENTED_EDGE('',*,*,#278,.T.);
#140=ORIENTED_EDGE('',*,*,#279,.F.);
#141=ORIENTED_EDGE('',*,*,#280,.F.);
#142=ORIENTED_EDGE('',*,*,#281,.T.);
#143=ORIENTED_EDGE('',*,*,#276,.T.);
#144=ORIENTED_EDGE('',*,*,#267,.F.);
#145=ORIENTED_EDGE('',*,*,#282,.T.);
#146=ORIENTED_EDGE('',*,*,#278,.F.);
#147=ORIENTED_EDGE('',*,*,#283,.F.);
#148=ORIENTED_EDGE('',*,*,#284,.F.);
#149=ORIENTED_EDGE('',*,*,#285,.T.);
#150=ORIENTED_EDGE('',*,*,#280,.T.);
#151=ORIENTED_EDGE('',*,*,#286,.F.);
#152=ORIENTED_EDGE('',*,*,#281,.F.);
#153=ORIENTED_EDGE('',*,*,#285,.F.);
#154=ORIENTED_EDGE('',*,*,#287,.F.);
#155=ORIENTED_EDGE('',*,*,#264,.T.);
#156=ORIENTED_EDGE('',*,*,#288,.T.);
#157=ORIENTED_EDGE('',*,*,#268,.T.);
#158=ORIENTED_EDGE('',*,*,#283,.T.);
#159=ORIENTED_EDGE('',*,*,#277,.T.);
#160=ORIENTED_EDGE('',*,*,#286,.T.);
#161=ORIENTED_EDGE('',*,*,#279,.T.);
#162=ORIENTED_EDGE('',*,*,#275,.F.);
#163=ORIENTED_EDGE('',*,*,#282,.F.);
#164=ORIENTED_EDGE('',*,*,#266,.F.);
#165=ORIENTED_EDGE('',*,*,#289,.F.);
#166=ORIENTED_EDGE('',*,*,#262,.F.);
#167=ORIENTED_EDGE('',*,*,#290,.T.);
#168=ORIENTED_EDGE('',*,*,#291,.F.);
#169=ORIENTED_EDGE('',*,*,#270,.F.);
#170=ORIENTED_EDGE('',*,*,#259,.T.);
#171=ORIENTED_EDGE('',*,*,#257,.T.);
#172=ORIENTED_EDGE('',*,*,#289,.T.);
#173=ORIENTED_EDGE('',*,*,#265,.T.);
#174=ORIENTED_EDGE('',*,*,#288,.F.);
#175=ORIENTED_EDGE('',*,*,#263,.F.);
#176=ORIENTED_EDGE('',*,*,#284,.T.);
#177=ORIENTED_EDGE('',*,*,#290,.F.);
#178=ORIENTED_EDGE('',*,*,#261,.T.);
#179=ORIENTED_EDGE('',*,*,#287,.T.);
#180=ORIENTED_EDGE('',*,*,#269,.T.);
#181=ORIENTED_EDGE('',*,*,#291,.T.);
#182=ORIENTED_EDGE('',*,*,#256,.T.);
#183=ORIENTED_EDGE('',*,*,#252,.T.);
#184=ORIENTED_EDGE('',*,*,#292,.F.);
#185=ORIENTED_EDGE('',*,*,#293,.F.);
#186=ORIENTED_EDGE('',*,*,#294,.F.);
#187=ORIENTED_EDGE('',*,*,#295,.F.);
#188=ORIENTED_EDGE('',*,*,#272,.F.);
#189=ORIENTED_EDGE('',*,*,#296,.F.);
#190=ORIENTED_EDGE('',*,*,#292,.T.);
#191=ORIENTED_EDGE('',*,*,#297,.T.);
#192=ORIENTED_EDGE('',*,*,#273,.T.);
#193=ORIENTED_EDGE('',*,*,#297,.F.);
#194=ORIENTED_EDGE('',*,*,#295,.T.);
#195=ORIENTED_EDGE('',*,*,#298,.T.);
#196=ORIENTED_EDGE('',*,*,#274,.T.);
#197=ORIENTED_EDGE('',*,*,#298,.F.);
#198=ORIENTED_EDGE('',*,*,#294,.T.);
#199=ORIENTED_EDGE('',*,*,#299,.T.);
#200=ORIENTED_EDGE('',*,*,#271,.F.);
#201=ORIENTED_EDGE('',*,*,#299,.F.);
#202=ORIENTED_EDGE('',*,*,#293,.T.);
#203=ORIENTED_EDGE('',*,*,#296,.T.);
#204=EDGE_CURVE('',#300,#301,#364,.T.);
#205=EDGE_CURVE('',#302,#300,#365,.T.);
#206=EDGE_CURVE('',#303,#302,#366,.T.);
#207=EDGE_CURVE('',#303,#301,#367,.T.);
#208=EDGE_CURVE('',#304,#300,#368,.T.);
#209=EDGE_CURVE('',#305,#304,#369,.T.);
#210=EDGE_CURVE('',#302,#305,#370,.T.);
#211=EDGE_CURVE('',#306,#305,#371,.T.);
#212=EDGE_CURVE('',#303,#306,#372,.T.);
#213=EDGE_CURVE('',#307,#308,#373,.T.);
#214=EDGE_CURVE('',#307,#309,#374,.T.);
#215=EDGE_CURVE('',#309,#310,#375,.T.);
#216=EDGE_CURVE('',#308,#310,#376,.T.);
#217=EDGE_CURVE('',#311,#312,#377,.T.);
#218=EDGE_CURVE('',#311,#313,#378,.T.);
#219=EDGE_CURVE('',#313,#314,#379,.T.);
#220=EDGE_CURVE('',#312,#314,#380,.T.);
#221=EDGE_CURVE('',#301,#315,#381,.T.);
#222=EDGE_CURVE('',#306,#315,#382,.T.);
#223=EDGE_CURVE('',#316,#317,#383,.T.);
#224=EDGE_CURVE('',#317,#318,#384,.T.);
#225=EDGE_CURVE('',#319,#318,#385,.T.);
#226=EDGE_CURVE('',#316,#319,#386,.T.);
#227=EDGE_CURVE('',#320,#321,#387,.T.);
#228=EDGE_CURVE('',#322,#321,#388,.T.);
#229=EDGE_CURVE('',#323,#322,#389,.T.);
#230=EDGE_CURVE('',#323,#320,#390,.T.);
#231=EDGE_CURVE('',#324,#321,#391,.T.);
#232=EDGE_CURVE('',#325,#324,#392,.T.);
#233=EDGE_CURVE('',#325,#322,#393,.T.);
#234=EDGE_CURVE('',#313,#320,#394,.T.);
#235=EDGE_CURVE('',#314,#323,#395,.T.);
#236=EDGE_CURVE('',#326,#327,#396,.T.);
#237=EDGE_CURVE('',#326,#325,#397,.T.);
#238=EDGE_CURVE('',#327,#324,#398,.T.);
#239=EDGE_CURVE('',#308,#326,#399,.T.);
#240=EDGE_CURVE('',#310,#312,#400,.T.);
#241=EDGE_CURVE('',#309,#311,#401,.T.);
#242=EDGE_CURVE('',#307,#327,#402,.T.);
#243=EDGE_CURVE('',#315,#304,#403,.T.);
#244=EDGE_CURVE('',#328,#329,#404,.T.);
#245=EDGE_CURVE('',#330,#328,#405,.T.);
#246=EDGE_CURVE('',#331,#330,#406,.T.);
#247=EDGE_CURVE('',#329,#331,#407,.T.);
#248=EDGE_CURVE('',#328,#317,#408,.T.);
#249=EDGE_CURVE('',#329,#318,#409,.T.);
#250=EDGE_CURVE('',#331,#319,#410,.T.);
#251=EDGE_CURVE('',#330,#316,#411,.T.);
#252=EDGE_CURVE('',#332,#333,#412,.T.);
#253=EDGE_CURVE('',#334,#332,#413,.T.);
#254=EDGE_CURVE('',#335,#334,#414,.T.);
#255=EDGE_CURVE('',#335,#333,#415,.T.);
#256=EDGE_CURVE('',#336,#332,#416,.T.);
#257=EDGE_CURVE('',#337,#336,#417,.T.);
#258=EDGE_CURVE('',#334,#337,#418,.T.);
#259=EDGE_CURVE('',#338,#337,#419,.T.);
#260=EDGE_CURVE('',#335,#338,#420,.T.);
#261=EDGE_CURVE('',#339,#340,#421,.T.);
#262=EDGE_CURVE('',#339,#341,#422,.T.);
#263=EDGE_CURVE('',#341,#342,#423,.T.);
#264=EDGE_CURVE('',#340,#342,#424,.T.);
#265=EDGE_CURVE('',#343,#344,#425,.T.);
#266=EDGE_CURVE('',#343,#345,#426,.T.);
#267=EDGE_CURVE('',#345,#346,#427,.T.);
#268=EDGE_CURVE('',#344,#346,#428,.T.);
#269=EDGE_CURVE('',#333,#347,#429,.T.);
#270=EDGE_CURVE('',#338,#347,#430,.T.);
#271=EDGE_CURVE('',#348,#349,#431,.T.);
#272=EDGE_CURVE('',#349,#350,#432,.T.);
#273=EDGE_CURVE('',#351,#350,#433,.T.);
#274=EDGE_CURVE('',#348,#351,#434,.T.);
#275=EDGE_CURVE('',#352,#353,#435,.T.);
#276=EDGE_CURVE('',#354,#353,#436,.T.);
#277=EDGE_CURVE('',#355,#354,#437,.T.);
#278=EDGE_CURVE('',#355,#352,#438,.T.);
#279=EDGE_CURVE('',#356,#353,#439,.T.);
#280=EDGE_CURVE('',#357,#356,#440,.T.);
#281=EDGE_CURVE('',#357,#354,#441,.T.);
#282=EDGE_CURVE('',#345,#352,#442,.T.);
#283=EDGE_CURVE('',#346,#355,#443,.T.);
#284=EDGE_CURVE('',#358,#359,#444,.T.);
#285=EDGE_CURVE('',#358,#357,#445,.T.);
#286=EDGE_CURVE('',#359,#356,#446,.T.);
#287=EDGE_CURVE('',#340,#358,#447,.T.);
#288=EDGE_CURVE('',#342,#344,#448,.T.);
#289=EDGE_CURVE('',#341,#343,#449,.T.);
#290=EDGE_CURVE('',#339,#359,#450,.T.);
#291=EDGE_CURVE('',#347,#336,#451,.T.);
#292=EDGE_CURVE('',#360,#361,#452,.T.);
#293=EDGE_CURVE('',#362,#360,#453,.T.);
#294=EDGE_CURVE('',#363,#362,#454,.T.);
#295=EDGE_CURVE('',#361,#363,#455,.T.);
#296=EDGE_CURVE('',#360,#349,#456,.T.);
#297=EDGE_CURVE('',#361,#350,#457,.T.);
#298=EDGE_CURVE('',#363,#351,#458,.T.);
#299=EDGE_CURVE('',#362,#348,#459,.T.);
#300=VERTEX_POINT('',#1481);
#301=VERTEX_POINT('',#1482);
#302=VERTEX_POINT('',#1484);
#303=VERTEX_POINT('',#1486);
#304=VERTEX_POINT('',#1490);
#305=VERTEX_POINT('',#1492);
#306=VERTEX_POINT('',#1496);
#307=VERTEX_POINT('',#1499);
#308=VERTEX_POINT('',#1500);
#309=VERTEX_POINT('',#1502);
#310=VERTEX_POINT('',#1504);
#311=VERTEX_POINT('',#1508);
#312=VERTEX_POINT('',#1509);
#313=VERTEX_POINT('',#1511);
#314=VERTEX_POINT('',#1513);
#315=VERTEX_POINT('',#1517);
#316=VERTEX_POINT('',#1521);
#317=VERTEX_POINT('',#1522);
#318=VERTEX_POINT('',#1524);
#319=VERTEX_POINT('',#1526);
#320=VERTEX_POINT('',#1529);
#321=VERTEX_POINT('',#1530);
#322=VERTEX_POINT('',#1532);
#323=VERTEX_POINT('',#1534);
#324=VERTEX_POINT('',#1538);
#325=VERTEX_POINT('',#1540);
#326=VERTEX_POINT('',#1547);
#327=VERTEX_POINT('',#1548);
#328=VERTEX_POINT('',#1563);
#329=VERTEX_POINT('',#1564);
#330=VERTEX_POINT('',#1566);
#331=VERTEX_POINT('',#1568);
#332=VERTEX_POINT('',#1581);
#333=VERTEX_POINT('',#1582);
#334=VERTEX_POINT('',#1584);
#335=VERTEX_POINT('',#1586);
#336=VERTEX_POINT('',#1590);
#337=VERTEX_POINT('',#1592);
#338=VERTEX_POINT('',#1596);
#339=VERTEX_POINT('',#1599);
#340=VERTEX_POINT('',#1600);
#341=VERTEX_POINT('',#1602);
#342=VERTEX_POINT('',#1604);
#343=VERTEX_POINT('',#1608);
#344=VERTEX_POINT('',#1609);
#345=VERTEX_POINT('',#1611);
#346=VERTEX_POINT('',#1613);
#347=VERTEX_POINT('',#1617);
#348=VERTEX_POINT('',#1621);
#349=VERTEX_POINT('',#1622);
#350=VERTEX_POINT('',#1624);
#351=VERTEX_POINT('',#1626);
#352=VERTEX_POINT('',#1629);
#353=VERTEX_POINT('',#1630);
#354=VERTEX_POINT('',#1632);
#355=VERTEX_POINT('',#1634);
#356=VERTEX_POINT('',#1638);
#357=VERTEX_POINT('',#1640);
#358=VERTEX_POINT('',#1647);
#359=VERTEX_POINT('',#1648);
#360=VERTEX_POINT('',#1663);
#361=VERTEX_POINT('',#1664);
#362=VERTEX_POINT('',#1666);
#363=VERTEX_POINT('',#1668);
#364=LINE('',#1480,#460);
#365=LINE('',#1483,#461);
#366=LINE('',#1485,#462);
#367=LINE('',#1487,#463);
#368=LINE('',#1489,#464);
#369=LINE('',#1491,#465);
#370=LINE('',#1493,#466);
#371=LINE('',#1495,#467);
#372=LINE('',#1497,#468);
#373=LINE('',#1498,#469);
#374=LINE('',#1501,#470);
#375=LINE('',#1503,#471);
#376=LINE('',#1505,#472);
#377=LINE('',#1507,#473);
#378=LINE('',#1510,#474);
#379=LINE('',#1512,#475);
#380=LINE('',#1514,#476);
#381=LINE('',#1516,#477);
#382=LINE('',#1518,#478);
#383=LINE('',#1520,#479);
#384=LINE('',#1523,#480);
#385=LINE('',#1525,#481);
#386=LINE('',#1527,#482);
#387=LINE('',#1528,#483);
#388=LINE('',#1531,#484);
#389=LINE('',#1533,#485);
#390=LINE('',#1535,#486);
#391=LINE('',#1537,#487);
#392=LINE('',#1539,#488);
#393=LINE('',#1541,#489);
#394=LINE('',#1543,#490);
#395=LINE('',#1544,#491);
#396=LINE('',#1546,#492);
#397=LINE('',#1549,#493);
#398=LINE('',#1550,#494);
#399=LINE('',#1552,#495);
#400=LINE('',#1553,#496);
#401=LINE('',#1555,#497);
#402=LINE('',#1556,#498);
#403=LINE('',#1558,#499);
#404=LINE('',#1562,#500);
#405=LINE('',#1565,#501);
#406=LINE('',#1567,#502);
#407=LINE('',#1569,#503);
#408=LINE('',#1571,#504);
#409=LINE('',#1572,#505);
#410=LINE('',#1574,#506);
#411=LINE('',#1576,#507);
#412=LINE('',#1580,#508);
#413=LINE('',#1583,#509);
#414=LINE('',#1585,#510);
#415=LINE('',#1587,#511);
#416=LINE('',#1589,#512);
#417=LINE('',#1591,#513);
#418=LINE('',#1593,#514);
#419=LINE('',#1595,#515);
#420=LINE('',#1597,#516);
#421=LINE('',#1598,#517);
#422=LINE('',#1601,#518);
#423=LINE('',#1603,#519);
#424=LINE('',#1605,#520);
#425=LINE('',#1607,#521);
#426=LINE('',#1610,#522);
#427=LINE('',#1612,#523);
#428=LINE('',#1614,#524);
#429=LINE('',#1616,#525);
#430=LINE('',#1618,#526);
#431=LINE('',#1620,#527);
#432=LINE('',#1623,#528);
#433=LINE('',#1625,#529);
#434=LINE('',#1627,#530);
#435=LINE('',#1628,#531);
#436=LINE('',#1631,#532);
#437=LINE('',#1633,#533);
#438=LINE('',#1635,#534);
#439=LINE('',#1637,#535);
#440=LINE('',#1639,#536);
#441=LINE('',#1641,#537);
#442=LINE('',#1643,#538);
#443=LINE('',#1644,#539);
#444=LINE('',#1646,#540);
#445=LINE('',#1649,#541);
#446=LINE('',#1650,#542);
#447=LINE('',#1652,#543);
#448=LINE('',#1653,#544);
#449=LINE('',#1655,#545);
#450=LINE('',#1656,#546);
#451=LINE('',#1658,#547);
#452=LINE('',#1662,#548);
#453=LINE('',#1665,#549);
#454=LINE('',#1667,#550);
#455=LINE('',#1669,#551);
#456=LINE('',#1671,#552);
#457=LINE('',#1672,#553);
#458=LINE('',#1674,#554);
#459=LINE('',#1676,#555);
#460=VECTOR('',#1259,100.);
#461=VECTOR('',#1260,100.);
#462=VECTOR('',#1261,100.);
#463=VECTOR('',#1262,100.);
#464=VECTOR('',#1265,100.);
#465=VECTOR('',#1266,100.);
#466=VECTOR('',#1267,100.);
#467=VECTOR('',#1270,100.);
#468=VECTOR('',#1271,100.);
#469=VECTOR('',#1272,100.);
#470=VECTOR('',#1273,100.);
#471=VECTOR('',#1274,100.);
#472=VECTOR('',#1275,100.);
#473=VECTOR('',#1278,100.);
#474=VECTOR('',#1279,100.);
#475=VECTOR('',#1280,100.);
#476=VECTOR('',#1281,100.);
#477=VECTOR('',#1284,100.);
#478=VECTOR('',#1285,100.);
#479=VECTOR('',#1288,100.);
#480=VECTOR('',#1289,100.);
#481=VECTOR('',#1290,100.);
#482=VECTOR('',#1291,100.);
#483=VECTOR('',#1292,100.);
#484=VECTOR('',#1293,100.);
#485=VECTOR('',#1294,100.);
#486=VECTOR('',#1295,100.);
#487=VECTOR('',#1298,100.);
#488=VECTOR('',#1299,100.);
#489=VECTOR('',#1300,100.);
#490=VECTOR('',#1303,100.);
#491=VECTOR('',#1304,100.);
#492=VECTOR('',#1307,100.);
#493=VECTOR('',#1308,100.);
#494=VECTOR('',#1309,100.);
#495=VECTOR('',#1312,100.);
#496=VECTOR('',#1313,100.);
#497=VECTOR('',#1316,100.);
#498=VECTOR('',#1317,100.);
#499=VECTOR('',#1320,100.);
#500=VECTOR('',#1327,100.);
#501=VECTOR('',#1328,100.);
#502=VECTOR('',#1329,100.);
#503=VECTOR('',#1330,100.);
#504=VECTOR('',#1333,100.);
#505=VECTOR('',#1334,100.);
#506=VECTOR('',#1337,100.);
#507=VECTOR('',#1340,100.);
#508=VECTOR('',#1347,100.);
#509=VECTOR('',#1348,100.);
#510=VECTOR('',#1349,100.);
#511=VECTOR('',#1350,100.);
#512=VECTOR('',#1353,100.);
#513=VECTOR('',#1354,100.);
#514=VECTOR('',#1355,100.);
#515=VECTOR('',#1358,100.);
#516=VECTOR('',#1359,100.);
#517=VECTOR('',#1360,100.);
#518=VECTOR('',#1361,100.);
#519=VECTOR('',#1362,100.);
#520=VECTOR('',#1363,100.);
#521=VECTOR('',#1366,100.);
#522=VECTOR('',#1367,100.);
#523=VECTOR('',#1368,100.);
#524=VECTOR('',#1369,100.);
#525=VECTOR('',#1372,100.);
#526=VECTOR('',#1373,100.);
#527=VECTOR('',#1376,100.);
#528=VECTOR('',#1377,100.);
#529=VECTOR('',#1378,100.);
#530=VECTOR('',#1379,100.);
#531=VECTOR('',#1380,100.);
#532=VECTOR('',#1381,100.);
#533=VECTOR('',#1382,100.);
#534=VECTOR('',#1383,100.);
#535=VECTOR('',#1386,100.);
#536=VECTOR('',#1387,100.);
#537=VECTOR('',#1388,100.);
#538=VECTOR('',#1391,100.);
#539=VECTOR('',#1392,100.);
#540=VECTOR('',#1395,100.);
#541=VECTOR('',#1396,100.);
#542=VECTOR('',#1397,100.);
#543=VECTOR('',#1400,100.);
#544=VECTOR('',#1401,100.);
#545=VECTOR('',#1404,100.);
#546=VECTOR('',#1405,100.);
#547=VECTOR('',#1408,100.);
#548=VECTOR('',#1415,100.);
#549=VECTOR('',#1416,100.);
#550=VECTOR('',#1417,100.);
#551=VECTOR('',#1418,100.);
#552=VECTOR('',#1421,100.);
#553=VECTOR('',#1422,100.);
#554=VECTOR('',#1425,100.);
#555=VECTOR('',#1428,100.);
#556=EDGE_LOOP('',(#12,#13,#14,#15));
#557=EDGE_LOOP('',(#16,#17,#18,#19));
#558=EDGE_LOOP('',(#20,#21,#22,#23));
#559=EDGE_LOOP('',(#24,#25,#26,#27));
#560=EDGE_LOOP('',(#28,#29,#30,#31));
#561=EDGE_LOOP('',(#32,#33,#34,#35));
#562=EDGE_LOOP('',(#36,#37,#38,#39));
#563=EDGE_LOOP('',(#40,#41,#42,#43));
#564=EDGE_LOOP('',(#44,#45,#46,#47));
#565=EDGE_LOOP('',(#48,#49,#50,#51));
#566=EDGE_LOOP('',(#52,#53,#54,#55));
#567=EDGE_LOOP('',(#56,#57,#58,#59,#60,#61,#62,#63));
#568=EDGE_LOOP('',(#64,#65,#66,#67,#68,#69,#70,#71));
#569=EDGE_LOOP('',(#72,#73,#74,#75));
#570=EDGE_LOOP('',(#76,#77,#78,#79));
#571=EDGE_LOOP('',(#80,#81,#82,#83));
#572=EDGE_LOOP('',(#84,#85,#86,#87));
#573=EDGE_LOOP('',(#88,#89,#90,#91));
#574=EDGE_LOOP('',(#92,#93,#94,#95));
#575=EDGE_LOOP('',(#96,#97,#98,#99));
#576=EDGE_LOOP('',(#100,#101,#102,#103));
#577=EDGE_LOOP('',(#104,#105,#106,#107));
#578=EDGE_LOOP('',(#108,#109,#110,#111));
#579=EDGE_LOOP('',(#112,#113,#114,#115));
#580=EDGE_LOOP('',(#116,#117,#118,#119));
#581=EDGE_LOOP('',(#120,#121,#122,#123));
#582=EDGE_LOOP('',(#124,#125,#126,#127));
#583=EDGE_LOOP('',(#128,#129,#130,#131));
#584=EDGE_LOOP('',(#132,#133,#134,#135));
#585=EDGE_LOOP('',(#136,#137,#138,#139));
#586=EDGE_LOOP('',(#140,#141,#142,#143));
#587=EDGE_LOOP('',(#144,#145,#146,#147));
#588=EDGE_LOOP('',(#148,#149,#150,#151));
#589=EDGE_LOOP('',(#152,#153,#154,#155,#156,#157,#158,#159));
#590=EDGE_LOOP('',(#160,#161,#162,#163,#164,#165,#166,#167));
#591=EDGE_LOOP('',(#168,#169,#170,#171));
#592=EDGE_LOOP('',(#172,#173,#174,#175));
#593=EDGE_LOOP('',(#176,#177,#178,#179));
#594=EDGE_LOOP('',(#180,#181,#182,#183));
#595=EDGE_LOOP('',(#184,#185,#186,#187));
#596=EDGE_LOOP('',(#188,#189,#190,#191));
#597=EDGE_LOOP('',(#192,#193,#194,#195));
#598=EDGE_LOOP('',(#196,#197,#198,#199));
#599=EDGE_LOOP('',(#200,#201,#202,#203));
#600=FACE_BOUND('',#556,.T.);
#601=FACE_BOUND('',#557,.T.);
#602=FACE_BOUND('',#558,.T.);
#603=FACE_BOUND('',#559,.T.);
#604=FACE_BOUND('',#560,.T.);
#605=FACE_BOUND('',#561,.T.);
#606=FACE_BOUND('',#562,.T.);
#607=FACE_BOUND('',#563,.T.);
#608=FACE_BOUND('',#564,.T.);
#609=FACE_BOUND('',#565,.T.);
#610=FACE_BOUND('',#566,.T.);
#611=FACE_BOUND('',#567,.T.);
#612=FACE_BOUND('',#568,.T.);
#613=FACE_BOUND('',#569,.T.);
#614=FACE_BOUND('',#570,.T.);
#615=FACE_BOUND('',#571,.T.);
#616=FACE_BOUND('',#572,.T.);
#617=FACE_BOUND('',#573,.T.);
#618=FACE_BOUND('',#574,.T.);
#619=FACE_BOUND('',#575,.T.);
#620=FACE_BOUND('',#576,.T.);
#621=FACE_BOUND('',#577,.T.);
#622=FACE_BOUND('',#578,.T.);
#623=FACE_BOUND('',#579,.T.);
#624=FACE_BOUND('',#580,.T.);
#625=FACE_BOUND('',#581,.T.);
#626=FACE_BOUND('',#582,.T.);
#627=FACE_BOUND('',#583,.T.);
#628=FACE_BOUND('',#584,.T.);
#629=FACE_BOUND('',#585,.T.);
#630=FACE_BOUND('',#586,.T.);
#631=FACE_BOUND('',#587,.T.);
#632=FACE_BOUND('',#588,.T.);
#633=FACE_BOUND('',#589,.T.);
#634=FACE_BOUND('',#590,.T.);
#635=FACE_BOUND('',#591,.T.);
#636=FACE_BOUND('',#592,.T.);
#637=FACE_BOUND('',#593,.T.);
#638=FACE_BOUND('',#594,.T.);
#639=FACE_BOUND('',#595,.T.);
#640=FACE_BOUND('',#596,.T.);
#641=FACE_BOUND('',#597,.T.);
#642=FACE_BOUND('',#598,.T.);
#643=FACE_BOUND('',#599,.T.);
#644=PLANE('',#1122);
#645=PLANE('',#1123);
#646=PLANE('',#1124);
#647=PLANE('',#1125);
#648=PLANE('',#1126);
#649=PLANE('',#1127);
#650=PLANE('',#1128);
#651=PLANE('',#1129);
#652=PLANE('',#1130);
#653=PLANE('',#1131);
#654=PLANE('',#1132);
#655=PLANE('',#1133);
#656=PLANE('',#1134);
#657=PLANE('',#1135);
#658=PLANE('',#1136);
#659=PLANE('',#1137);
#660=PLANE('',#1138);
#661=PLANE('',#1139);
#662=PLANE('',#1140);
#663=PLANE('',#1142);
#664=PLANE('',#1143);
#665=PLANE('',#1144);
#666=PLANE('',#1145);
#667=PLANE('',#1146);
#668=PLANE('',#1147);
#669=PLANE('',#1148);
#670=PLANE('',#1149);
#671=PLANE('',#1150);
#672=PLANE('',#1151);
#673=PLANE('',#1152);
#674=PLANE('',#1153);
#675=PLANE('',#1154);
#676=PLANE('',#1155);
#677=PLANE('',#1156);
#678=PLANE('',#1157);
#679=PLANE('',#1158);
#680=PLANE('',#1159);
#681=PLANE('',#1160);
#682=ADVANCED_FACE('',(#600),#644,.F.);
#683=ADVANCED_FACE('',(#601),#645,.F.);
#684=ADVANCED_FACE('',(#602,#603),#646,.T.);
#685=ADVANCED_FACE('',(#604),#647,.F.);
#686=ADVANCED_FACE('',(#605),#648,.T.);
#687=ADVANCED_FACE('',(#606,#607),#649,.F.);
#688=ADVANCED_FACE('',(#608),#650,.F.);
#689=ADVANCED_FACE('',(#609),#651,.T.);
#690=ADVANCED_FACE('',(#610),#652,.T.);
#691=ADVANCED_FACE('',(#611),#653,.F.);
#692=ADVANCED_FACE('',(#612),#654,.T.);
#693=ADVANCED_FACE('',(#613),#655,.T.);
#694=ADVANCED_FACE('',(#614),#656,.T.);
#695=ADVANCED_FACE('',(#615),#657,.F.);
#696=ADVANCED_FACE('',(#616,#617),#658,.F.);
#697=ADVANCED_FACE('',(#618),#659,.T.);
#698=ADVANCED_FACE('',(#619),#660,.T.);
#699=ADVANCED_FACE('',(#620),#661,.T.);
#700=ADVANCED_FACE('',(#621),#662,.T.);
#701=ADVANCED_FACE('',(#622),#663,.F.);
#702=ADVANCED_FACE('',(#623),#664,.F.);
#703=ADVANCED_FACE('',(#624,#625),#665,.T.);
#704=ADVANCED_FACE('',(#626),#666,.F.);
#705=ADVANCED_FACE('',(#627),#667,.T.);
#706=ADVANCED_FACE('',(#628,#629),#668,.F.);
#707=ADVANCED_FACE('',(#630),#669,.F.);
#708=ADVANCED_FACE('',(#631),#670,.T.);
#709=ADVANCED_FACE('',(#632),#671,.T.);
#710=ADVANCED_FACE('',(#633),#672,.F.);
#711=ADVANCED_FACE('',(#634),#673,.T.);
#712=ADVANCED_FACE('',(#635),#674,.T.);
#713=ADVANCED_FACE('',(#636),#675,.T.);
#714=ADVANCED_FACE('',(#637),#676,.F.);
#715=ADVANCED_FACE('',(#638,#639),#677,.F.);
#716=ADVANCED_FACE('',(#640),#678,.T.);
#717=ADVANCED_FACE('',(#641),#679,.T.);
#718=ADVANCED_FACE('',(#642),#680,.T.);
#719=ADVANCED_FACE('',(#643),#681,.T.);
#720=CLOSED_SHELL('',(#682,#683,#684,#685,#686,#687,#688,#689,#690,#691,
#692,#693,#694,#695,#696,#697,#698,#699,#700));
#721=CLOSED_SHELL('',(#701,#702,#703,#704,#705,#706,#707,#708,#709,#710,
#711,#712,#713,#714,#715,#716,#717,#718,#719));
#722=STYLED_ITEM('',(#724),#737);
#723=STYLED_ITEM('',(#725),#738);
#724=PRESENTATION_STYLE_ASSIGNMENT((#726));
#725=PRESENTATION_STYLE_ASSIGNMENT((#727));
#726=SURFACE_STYLE_USAGE(.BOTH.,#728);
#727=SURFACE_STYLE_USAGE(.BOTH.,#729);
#728=SURFACE_SIDE_STYLE('',(#730));
#729=SURFACE_SIDE_STYLE('',(#731));
#730=SURFACE_STYLE_FILL_AREA(#732);
#731=SURFACE_STYLE_FILL_AREA(#733);
#732=FILL_AREA_STYLE('',(#734));
#733=FILL_AREA_STYLE('',(#735));
#734=FILL_AREA_STYLE_COLOUR('',#736);
#735=FILL_AREA_STYLE_COLOUR('',#736);
#736=COLOUR_RGB('',0.231372549019608,0.380392156862745,0.705882352941177);
#737=MANIFOLD_SOLID_BREP('Part 1',#720);
#738=MANIFOLD_SOLID_BREP('Part 2',#721);
#739=SHAPE_REPRESENTATION_RELATIONSHIP('','',#1025,#788);
#740=SHAPE_REPRESENTATION_RELATIONSHIP('','',#1026,#789);
#741=SHAPE_REPRESENTATION_RELATIONSHIP('','',#1027,#790);
#742=SHAPE_REPRESENTATION_RELATIONSHIP('','',#1028,#791);
#743=SHAPE_REPRESENTATION_RELATIONSHIP('','',#1029,#792);
#744=SHAPE_REPRESENTATION_RELATIONSHIP('','',#1030,#793);
#745=SHAPE_REPRESENTATION_RELATIONSHIP('','',#1031,#794);
#746=SHAPE_REPRESENTATION_RELATIONSHIP('','',#1032,#795);
#747=SHAPE_REPRESENTATION_RELATIONSHIP('','',#1033,#796);
#748=SHAPE_REPRESENTATION_RELATIONSHIP('','',#1034,#797);
#749=SHAPE_REPRESENTATION_RELATIONSHIP('','',#1035,#798);
#750=SHAPE_REPRESENTATION_RELATIONSHIP('','',#1036,#799);
#751=SHAPE_REPRESENTATION_RELATIONSHIP('','',#1037,#800);
#752=SHAPE_REPRESENTATION_RELATIONSHIP('','',#1038,#801);
#753=SHAPE_REPRESENTATION_RELATIONSHIP('','',#1039,#802);
#754=SHAPE_REPRESENTATION_RELATIONSHIP('','',#1040,#803);
#755=SHAPE_REPRESENTATION_RELATIONSHIP('','',#1041,#804);
#756=SHAPE_REPRESENTATION_RELATIONSHIP('','',#1042,#805);
#757=SHAPE_REPRESENTATION_RELATIONSHIP('','',#1043,#806);
#758=SHAPE_REPRESENTATION_RELATIONSHIP('','',#1044,#807);
#759=SHAPE_REPRESENTATION_RELATIONSHIP('','',#1045,#808);
#760=SHAPE_REPRESENTATION_RELATIONSHIP('','',#1046,#809);
#761=SHAPE_REPRESENTATION_RELATIONSHIP('','',#1047,#810);
#762=SHAPE_REPRESENTATION_RELATIONSHIP('','',#1048,#811);
#763=SHAPE_REPRESENTATION_RELATIONSHIP('','',#1049,#812);
#764=SHAPE_REPRESENTATION_RELATIONSHIP('','',#1050,#813);
#765=SHAPE_REPRESENTATION_RELATIONSHIP('','',#1051,#814);
#766=SHAPE_REPRESENTATION_RELATIONSHIP('','',#1052,#815);
#767=SHAPE_REPRESENTATION_RELATIONSHIP('','',#1053,#816);
#768=SHAPE_REPRESENTATION_RELATIONSHIP('','',#1054,#817);
#769=SHAPE_REPRESENTATION_RELATIONSHIP('','',#1055,#818);
#770=SHAPE_REPRESENTATION_RELATIONSHIP('','',#1056,#819);
#771=SHAPE_REPRESENTATION_RELATIONSHIP('','',#1057,#820);
#772=SHAPE_REPRESENTATION_RELATIONSHIP('','',#1058,#821);
#773=SHAPE_REPRESENTATION_RELATIONSHIP('','',#1059,#822);
#774=SHAPE_REPRESENTATION_RELATIONSHIP('','',#1060,#823);
#775=SHAPE_REPRESENTATION_RELATIONSHIP('','',#1061,#824);
#776=SHAPE_REPRESENTATION_RELATIONSHIP('','',#1062,#825);
#777=SHAPE_REPRESENTATION_RELATIONSHIP('','',#1063,#826);
#778=SHAPE_REPRESENTATION_RELATIONSHIP('','',#1064,#827);
#779=SHAPE_REPRESENTATION_RELATIONSHIP('','',#1065,#828);
#780=SHAPE_REPRESENTATION_RELATIONSHIP('','',#1066,#829);
#781=SHAPE_REPRESENTATION_RELATIONSHIP('','',#1067,#830);
#782=SHAPE_REPRESENTATION_RELATIONSHIP('','',#1068,#831);
#783=SHAPE_REPRESENTATION_RELATIONSHIP('','',#1069,#832);
#784=SHAPE_REPRESENTATION_RELATIONSHIP('','',#1070,#833);
#785=SHAPE_REPRESENTATION_RELATIONSHIP('','',#1071,#834);
#786=SHAPE_REPRESENTATION_RELATIONSHIP('','',#1072,#10);
#787=SHAPE_REPRESENTATION_RELATIONSHIP('','',#1073,#11);
#788=TESSELLATED_SHAPE_REPRESENTATION('',(#929),#1727);
#789=TESSELLATED_SHAPE_REPRESENTATION('',(#930),#1728);
#790=TESSELLATED_SHAPE_REPRESENTATION('',(#931),#1729);
#791=TESSELLATED_SHAPE_REPRESENTATION('',(#932),#1730);
#792=TESSELLATED_SHAPE_REPRESENTATION('',(#933),#1731);
#793=TESSELLATED_SHAPE_REPRESENTATION('',(#934),#1732);
#794=TESSELLATED_SHAPE_REPRESENTATION('',(#935),#1733);
#795=TESSELLATED_SHAPE_REPRESENTATION('',(#936),#1734);
#796=TESSELLATED_SHAPE_REPRESENTATION('',(#937),#1735);
#797=TESSELLATED_SHAPE_REPRESENTATION('',(#938),#1736);
#798=TESSELLATED_SHAPE_REPRESENTATION('',(#939),#1737);
#799=TESSELLATED_SHAPE_REPRESENTATION('',(#940),#1738);
#800=TESSELLATED_SHAPE_REPRESENTATION('',(#941),#1739);
#801=TESSELLATED_SHAPE_REPRESENTATION('',(#942),#1740);
#802=TESSELLATED_SHAPE_REPRESENTATION('',(#943),#1741);
#803=TESSELLATED_SHAPE_REPRESENTATION('',(#944),#1742);
#804=TESSELLATED_SHAPE_REPRESENTATION('',(#945),#1743);
#805=TESSELLATED_SHAPE_REPRESENTATION('',(#946),#1744);
#806=TESSELLATED_SHAPE_REPRESENTATION('',(#947),#1745);
#807=TESSELLATED_SHAPE_REPRESENTATION('',(#948),#1746);
#808=TESSELLATED_SHAPE_REPRESENTATION('',(#949),#1747);
#809=TESSELLATED_SHAPE_REPRESENTATION('',(#950),#1748);
#810=TESSELLATED_SHAPE_REPRESENTATION('',(#951),#1749);
#811=TESSELLATED_SHAPE_REPRESENTATION('',(#952),#1750);
#812=TESSELLATED_SHAPE_REPRESENTATION('',(#953),#1751);
#813=TESSELLATED_SHAPE_REPRESENTATION('',(#954),#1752);
#814=TESSELLATED_SHAPE_REPRESENTATION('',(#955),#1753);
#815=TESSELLATED_SHAPE_REPRESENTATION('',(#956),#1754);
#816=TESSELLATED_SHAPE_REPRESENTATION('',(#957),#1755);
#817=TESSELLATED_SHAPE_REPRESENTATION('',(#958),#1756);
#818=TESSELLATED_SHAPE_REPRESENTATION('',(#959),#1757);
#819=TESSELLATED_SHAPE_REPRESENTATION('',(#960),#1758);
#820=TESSELLATED_SHAPE_REPRESENTATION('',(#961),#1759);
#821=TESSELLATED_SHAPE_REPRESENTATION('',(#962),#1760);
#822=TESSELLATED_SHAPE_REPRESENTATION('',(#963),#1761);
#823=TESSELLATED_SHAPE_REPRESENTATION('',(#964),#1762);
#824=TESSELLATED_SHAPE_REPRESENTATION('',(#965),#1763);
#825=TESSELLATED_SHAPE_REPRESENTATION('',(#966),#1764);
#826=TESSELLATED_SHAPE_REPRESENTATION('',(#967),#1765);
#827=TESSELLATED_SHAPE_REPRESENTATION('',(#968),#1766);
#828=TESSELLATED_SHAPE_REPRESENTATION('',(#969),#1767);
#829=TESSELLATED_SHAPE_REPRESENTATION('',(#970),#1768);
#830=TESSELLATED_SHAPE_REPRESENTATION('',(#971),#1769);
#831=TESSELLATED_SHAPE_REPRESENTATION('',(#972),#1770);
#832=TESSELLATED_SHAPE_REPRESENTATION('',(#973),#1771);
#833=TESSELLATED_SHAPE_REPRESENTATION('',(#974),#1772);
#834=TESSELLATED_SHAPE_REPRESENTATION('',(#975),#1773);
#835=COMPLEX_TRIANGULATED_FACE('ConvergentBody',#882,40,((-0.992885364952469,
0.,0.119074145233979),(0.,-0.992893416131428,0.119006992243578),(-0.992886129286,
0.,0.119067771758211),(0.,0.992886129286,0.119067771758211),(-0.99288537405848,
0.,-0.119074069304586),(0.,-0.992893425226917,-0.119006916358505),(0.,-0.992893552487338,
-0.11900585459999),(0.992884159142327,0.,-0.119084199305509),(-0.992886138390419,
0.,-0.119067695837962),(0.,0.992886138390419,-0.119067695837962),(-0.965929288417089,
0.,-0.258806123919153),(0.,0.965929288417089,-0.258806123919153),(0.,0.,
-1.),(0.,0.,-1.),(-0.965929288417089,0.,-0.258806123919153),(0.,-0.965963823777624,
-0.258677194883721),(0.,-0.965963823777624,-0.258677194883721),(0.,0.,-1.),
(0.96592353109082,0.,-0.258827610747079),(-0.965929240212866,0.,0.258806303829323),
(0.,0.,1.),(0.,0.965929240212866,0.258806303829323),(-0.965929240212866,
0.,0.258806303829323),(0.,-0.965963775619695,0.258677374717125),(0.,0.,
1.),(0.,-0.965963775619695,0.258677374717125),(0.,0.,1.),(0.96592348287888,
0.,0.258827790670041),(0.,-0.992893543392114,0.119005930483539),(0.992884150034827,
0.,0.119084275240765),(0.,0.992886256672615,0.119066709497833),(0.992884914494318,
0.,0.119077901264724),(0.,0.965929288417089,-0.258806123919153),(0.96592353109082,
0.,-0.258827610747079),(0.,0.,-1.),(0.,0.99288626577677,-0.119066633579109),
(0.992884923600226,0.,-0.119077825338613),(0.,0.965929240212866,0.258806303829323),
(0.,0.,1.),(0.96592348287888,0.,0.258827790670041)),$,(2,2,4,4,1,1,13,13,
3,3,7,7,7,5,5,5,9,9,9,8,8,8,6,6,6,10,10,10,14,14,16,16,11,11,11,15,15,12,
12,12),((1,3,5),(7,2,6),(5,3,9),(9,11,5),(5,11,15),(17,6,16),(7,6,17),(3,
1,20),(20,1,23),(2,26,24),(29,26,2),(29,2,7),(4,31,10),(10,33,12),(36,33,
10),(10,31,36),(38,4,22),(31,4,38),(35,14,13),(18,14,35),(27,21,25),(39,
21,27),(34,8,19),(30,40,28),(37,8,34),(32,40,30),(37,30,8),(32,30,37)),
());
#836=COMPLEX_TRIANGULATED_FACE('ConvergentBody',#883,40,((-0.992883189890937,
0.,0.119092280320754),(0.,-0.992891242150435,0.119025128695439),(-0.992883954468488,
0.,0.119085905795004),(0.,0.992883954468488,0.119085905795004),(-0.992883198999395,
0.,-0.119092204382685),(0.,-0.992891251248371,-0.119025052801687),(0.,-0.992891123946637,
-0.119026114731115),(0.992884413964261,0.,-0.119082074666366),(-0.992883963575355,
0.,-0.119085829866081),(0.,0.992883963575355,-0.119085829866081),(-0.965917773355194,
0.,-0.258849097190899),(0.,0.965917773355194,-0.258849097190899),(0.,0.,
-1.),(0.,0.,-1.),(-0.965917773355194,0.,-0.258849097190899),(0.,-0.96595231362851,
-0.258720172765343),(0.,-0.96595231362851,-0.258720172765343),(0.,0.,-1.),
(0.96592353109082,0.,-0.258827610747079),(-0.965917725135536,0.,0.258849277126653),
(0.,0.,1.),(0.,0.965917725135536,0.258849277126653),(-0.965917725135536,
0.,0.258849277126653),(0.,-0.965952265455151,0.258720352624338),(0.,0.,
1.),(0.,-0.965952265455151,0.258720352624338),(0.,0.,1.),(0.96592348287888,
0.,0.258827790670041),(0.,-0.992891114848436,0.11902619062639),(0.992884404857292,
0.,0.119082150598573),(0.,0.992883827040544,0.119086968226263),(0.992885169308877,
0.,0.119075776573085),(0.,0.965917773355194,-0.258849097190899),(0.96592353109082,
0.,-0.258827610747079),(0.,0.,-1.),(0.,0.992883836147676,-0.119086892295815),
(0.992885178414255,0.,-0.119075700650023),(0.,0.965917725135536,0.258849277126653),
(0.,0.,1.),(0.96592348287888,0.,0.258827790670041)),$,(2,2,4,4,1,1,13,13,
3,3,7,7,7,5,5,5,9,9,9,8,8,8,6,6,6,10,10,10,14,14,16,16,11,11,11,15,15,12,
12,12),((1,3,5),(7,2,6),(5,3,9),(9,11,5),(5,11,15),(17,6,16),(7,6,17),(3,
1,20),(20,1,23),(2,26,24),(29,26,2),(29,2,7),(4,31,10),(10,33,12),(36,33,
10),(10,31,36),(38,4,22),(31,4,38),(35,14,13),(18,14,35),(27,21,25),(39,
21,27),(34,8,19),(30,40,28),(37,8,34),(32,40,30),(37,30,8),(32,30,37)),
());
#837=COMPLEX_TRIANGULATED_FACE('ConvergentBody',#884,40,((-0.992884404857284,
0.,0.119082150598641),(0.,-0.992891114848431,0.119026190626438),(-0.992885169308868,
0.,0.119075776573158),(0.,0.992883827040545,0.119086968226255),(-0.992884413964253,
0.,-0.119082074666434),(0.,-0.992891123946631,-0.119026114731162),(0.,-0.992890996644237,
-0.119027176656483),(0.992885628838435,0.,-0.119071944832128),(-0.992885178414246,
0.,-0.119075700650096),(0.,0.992883836147677,-0.119086892295808),(-0.965923531090778,
0.,-0.258827610747235),(0.,0.965917773355194,-0.258849097190899),(0.,0.,
-1.),(0.,0.,-1.),(-0.965923531090778,0.,-0.258827610747235),(0.,-0.965952313628479,
-0.25872017276546),(0.,-0.965952313628479,-0.25872017276546),(0.,0.,-1.),
(0.965929288417126,0.,-0.258806123919016),(-0.965923482878838,0.,0.258827790670197),
(0.,0.,1.),(0.,0.965917725135536,0.258849277126653),(-0.965923482878838,
0.,0.258827790670197),(0.,-0.965952265455119,0.258720352624456),(0.,0.,
1.),(0.,-0.965952265455119,0.258720352624456),(0.,0.,1.),(0.965929240212902,
0.,0.258806303829187),(0.,-0.992890987545771,0.119027252553282),(0.992885619732955,
0.,0.119072020758473),(0.,0.99288369961194,0.119088030653405),(0.992886384058581,
0.,0.119065647233268),(0.,0.965917773355194,-0.258849097190899),(0.965929288417126,
0.,-0.258806123919016),(0.,0.,-1.),(0.,0.992883708719337,-0.119087954721433),
(0.99288639316247,0.,-0.119065571316068),(0.,0.965917725135536,0.258849277126653),
(0.,0.,1.),(0.965929240212902,0.,0.258806303829187)),$,(2,2,4,4,1,1,13,
13,3,3,7,7,7,5,5,5,9,9,9,8,8,8,6,6,6,10,10,10,14,14,16,16,11,11,11,15,15,
12,12,12),((1,3,5),(7,2,6),(5,3,9),(9,11,5),(5,11,15),(17,6,16),(7,6,17),
(3,1,20),(20,1,23),(2,26,24),(29,26,2),(29,2,7),(4,31,10),(10,33,12),(36,
33,10),(10,31,36),(38,4,22),(31,4,38),(35,14,13),(18,14,35),(27,21,25),
(39,21,27),(34,8,19),(30,40,28),(37,8,34),(32,40,30),(37,30,8),(32,30,37)),
());
#838=COMPLEX_TRIANGULATED_FACE('ConvergentBody',#885,40,((-0.992884277446389,
0.,0.119083212921728),(0.,-0.992892329165628,0.11901606061391),(-0.992885169308877,
0.,0.119075776573085),(0.,0.992883827040544,0.119086968226263),(-0.992884286553623,
0.,-0.119083136987997),(0.,-0.992892338262341,-0.119015984724497),(0.,-0.992892210980935,
-0.119017046566409),(0.992885501448782,0.,-0.119073007070451),(-0.992885178414255,
0.,-0.119075700650023),(0.,0.992883836147676,-0.119086892295815),(-0.96592353109082,
0.,-0.258827610747079),(0.,0.965917773355194,-0.258849097190899),(0.,0.,
-1.),(0.,0.,-1.),(-0.96592353109082,0.,-0.258827610747079),(0.,-0.96595806890779,
-0.258698684016624),(0.,-0.96595806890779,-0.258698684016624),(0.,0.,-1.),
(0.965929288417089,0.,-0.258806123919153),(-0.96592348287888,0.,0.258827790670041),
(0.,0.,1.),(0.,0.965917725135536,0.258849277126653),(-0.96592348287888,
0.,0.258827790670041),(0.,-0.965958020742146,0.258698863862824),(0.,0.,
1.),(0.,-0.965958020742146,0.258698863862824),(0.,0.,1.),(0.965929240212866,
0.,0.258806303829323),(0.,-0.992892201883957,0.119017122457346),(0.992885492343037,
0.,0.11907308299832),(0.,0.992883699611941,0.119088030653398),(0.992886384058573,
0.,0.119065647233332),(0.,0.965917773355194,-0.258849097190899),(0.965929288417089,
0.,-0.258806123919153),(0.,0.,-1.),(0.,0.992883708719338,-0.119087954721426),
(0.992886393162462,0.,-0.119065571316132),(0.,0.965917725135536,0.258849277126653),
(0.,0.,1.),(0.965929240212866,0.,0.258806303829323)),$,(2,2,4,4,1,1,13,
13,3,3,7,7,7,5,5,5,9,9,9,8,8,8,6,6,6,10,10,10,14,14,16,16,11,11,11,15,15,
12,12,12),((1,3,5),(7,2,6),(5,3,9),(9,11,5),(5,11,15),(17,6,16),(7,6,17),
(3,1,20),(20,1,23),(2,26,24),(29,26,2),(29,2,7),(4,31,10),(10,33,12),(36,
33,10),(10,31,36),(38,4,22),(31,4,38),(35,14,13),(18,14,35),(27,21,25),
(39,21,27),(34,8,19),(30,40,28),(37,8,34),(32,40,30),(37,30,8),(32,30,37)),
());
#839=COMPLEX_TRIANGULATED_FACE('ConvergentBody',#886,40,((-0.992884277446388,
0.,0.119083212921735),(0.,-0.992892329165636,0.119016060613844),(-0.992885041901927,
0.,0.119076838920966),(0.,0.992885041901927,0.119076838920965),(-0.992884286553623,
0.,-0.119083136988004),(0.,-0.992892338262348,-0.119015984724432),(0.,-0.992892338262348,
-0.119015984724432),(0.992884286553621,0.,-0.119083136988013),(-0.99288505100757,
0.,-0.11907676299638),(0.,0.99288505100757,-0.11907676299638),(-0.96592353109082,
0.,-0.258827610747079),(0.,0.96592353109082,-0.258827610747079),(0.,0.,
-1.),(0.,0.,-1.),(-0.96592353109082,0.,-0.258827610747079),(0.,-0.965958068907827,
-0.258698684016487),(0.,-0.965958068907827,-0.258698684016487),(0.,0.,-1.),
(0.965923531090815,0.,-0.258827610747098),(-0.96592348287888,0.,0.258827790670041),
(0.,0.,1.),(0.,0.96592348287888,0.258827790670041),(-0.96592348287888,0.,
0.258827790670041),(0.,-0.965958020742183,0.258698863862687),(0.,0.,1.),
(0.,-0.965958020742183,0.258698863862687),(0.,0.,1.),(0.965923482878874,
0.,0.258827790670061),(0.,-0.992892329165636,0.119016060613844),(0.992884277446387,
0.,0.119083212921744),(0.,0.992885041901927,0.119076838920965),(0.992885041901926,
0.,0.119076838920975),(0.,0.96592353109082,-0.258827610747079),(0.965923531090815,
0.,-0.258827610747098),(0.,0.,-1.),(0.,0.99288505100757,-0.11907676299638),
(0.992885051007569,0.,-0.119076762996389),(0.,0.96592348287888,0.258827790670041),
(0.,0.,1.),(0.965923482878874,0.,0.258827790670061)),$,(2,2,4,4,1,1,13,
13,3,3,7,7,7,5,5,5,9,9,9,8,8,8,6,6,6,10,10,10,14,14,16,16,11,11,11,15,15,
12,12,12),((1,3,5),(7,2,6),(5,3,9),(9,11,5),(5,11,15),(17,6,16),(7,6,17),
(3,1,20),(20,1,23),(2,26,24),(29,26,2),(29,2,7),(4,31,10),(10,33,12),(36,
33,10),(10,31,36),(38,4,22),(31,4,38),(35,14,13),(18,14,35),(27,21,25),
(39,21,27),(34,8,19),(30,40,28),(37,8,34),(32,40,30),(37,30,8),(32,30,37)),
());
#840=COMPLEX_TRIANGULATED_FACE('ConvergentBody',#887,1458,((-0.914694209725862,
0.404146635138758,0.),(0.,0.,-1.),(-0.914694209725862,0.404146635138758,
0.),(0.,0.,1.),(-0.825108479787465,0.564974332676113,0.),(0.,0.,-1.),(-0.825108479787465,
0.564974332676113,0.),(0.,0.,1.),(-0.914879479993135,-0.403727057660854,
0.),(0.,0.,-1.),(-0.825146136065679,-0.564919334184872,0.),(0.,0.,1.),(0.,
0.,1.),(-0.914879479993135,-0.403727057660854,0.),(-0.825146136065679,-0.564919334184872,
0.),(0.,0.,-1.),(0.,0.,-1.),(-0.0110112127838995,-0.999939374758804,0.),
(-0.0110112127838995,-0.999939374758804,0.),(0.,0.,1.),(-0.707346035037551,
0.706867446355153,0.),(0.,0.,-1.),(-0.707346035037551,0.706867446355153,
0.),(0.,0.,1.),(0.,0.,1.),(-0.706806660649435,-0.70740677439617,0.),(-0.706806660649435,
-0.70740677439617,0.),(0.,0.,-1.),(0.,0.,-1.),(-0.565716041727165,0.824600121351282,
0.),(-0.565716041727165,0.824600121351282,0.),(0.,0.,1.),(0.,0.,1.),(-0.565231556233458,
-0.824932292881,0.),(-0.565231556233458,-0.824932292881,0.),(0.,0.,-1.),
(0.,0.,-1.),(-0.403845682732503,0.914827122760535,0.),(-0.403845682732503,
0.914827122760535,0.),(0.,0.,1.),(0.,0.,1.),(-0.404341854031562,-0.914607929704482,
0.),(-0.404341854031562,-0.914607929704482,0.),(0.,0.,-1.),(0.,0.,-1.),
(-0.228603083810651,0.973519712215557,0.),(-0.228603083810651,0.973519712215557,
0.),(0.,0.,1.),(-0.228401353427495,-0.973567060737209,0.),(0.,0.,-1.),(-0.228401353427495,
-0.973567060737209,0.),(0.,0.,1.),(-0.0814590198642123,0.99667669185286,
0.),(0.,0.,-1.),(-0.0814590198642123,0.99667669185286,0.),(0.,0.,1.),(0.,
0.,1.),(-0.0797892193338494,-0.996811757794868,0.),(-0.0797892193338494,
-0.996811757794868,0.),(0.,0.,-1.),(0.,0.,-1.),(-0.0118865158322395,0.999929352875177,
0.),(-0.0118865158322395,0.999929352875177,0.),(0.,0.,1.),(0.,0.,1.),(0.0143127808064125,
0.999897566906524,0.),(0.0143127808064125,0.999897566906524,0.),(0.,0.,
-1.),(0.,0.,-1.),(0.,-0.707121392235624,-0.707092169835555),(0.707085427119303,
0.,-0.707128134608936),(0.,0.,1.),(0.707085427119314,0.,0.707128134608924),
(0.,-0.707121392235718,0.707092169835461),(0.0110112127802253,-0.999939374758844,
0.),(0.,0.,-1.),(0.,0.,-1.),(0.,0.707085427119331,-0.707128134608907),(-0.707121392235745,
0.,-0.707092169835434),(0.,0.,-1.),(0.707097925788604,-8.01312637705182E-6,
-0.70711563642819),(-1.70955571339599E-5,0.707126738475955,-0.707086823127189),
(0.,0.,1.),(0.0110112127802253,-0.999939374758844,0.),(0.,0.,1.),(-1.70525144057195E-5,
0.707126781995803,0.707086779605921),(0.707097969373017,-7.96998230216143E-6,
0.707115592845353),(0.707346018606297,-0.000284355931913392,-0.706867405602722),
(0.99994571218618,0.0104198215183264,0.),(0.707966942154967,-0.000954743728694562,
-0.706244927259771),(0.997057229293427,0.0766608212434083,0.),(0.707025579453428,
0.000101063102019033,-0.707187966374425),(0.976448839268242,0.215749077151451,
0.),(0.707070762317038,2.30133934964084E-5,-0.707142797846932),(0.923948691233417,
0.382516425749346,0.),(0.707140878709592,-5.65371095005697E-5,-0.707072679758864),
(0.842402684047092,0.538848511095888,0.),(0.707064401090558,7.21115578981128E-5,
-0.707149155065869),(0.707289497210274,0.706924017936891,0.),(0.000430391200135646,
0.706914069180731,-0.707299309739347),(-4.69411923174443E-6,0.707172840838338,
-0.707040715347143),(0.5386679585827,0.842518148407704,0.),(-8.96866756190512E-5,
0.70718308885548,-0.70703045959359),(0.382194746532076,0.924081801424139,
0.),(0.000364684467539968,0.70684883926037,-0.707364535046469),(0.216036623078094,
0.976385260790541,0.),(-0.00352508315455628,0.710332915767365,-0.703857032760337),
(0.0742563567965956,0.997239185689821,0.),(-0.00106420271034065,0.708059904835351,
-0.706151569167091),(0.00785635126297126,0.999969138396197,0.),(0.707351556946862,
-0.000290401152708029,0.706861861011061),(0.999945713634052,0.0104196825713051,
0.),(0.707981740982844,-0.000970657462950286,0.706230070344637),(0.997057239394989,
0.0766606898615132,0.),(0.707019357797778,0.00010743697801948,0.707194185607117),
(0.976448883343728,0.215748877672135,0.),(0.707077333174801,1.43606778352795E-5,
0.707136227826139),(0.923948938291659,0.382515828992365,0.),(0.707139670933389,
-5.3680133100753E-5,0.707073887872167),(0.842402521695804,0.538848764905841,
0.),(0.707061805678495,7.73018910966346E-5,0.70715174960901),(0.0004355811262153,
0.70691147178765,0.707301902531091),(0.707289497200412,0.706924017946758,
0.),(-1.83795567796593E-6,0.707171633239025,0.707041923183252),(0.538668213838229,
0.842517985208821,0.),(-9.83371539632372E-5,0.707189657056351,0.707023888763544),
(0.382194151139043,0.924082047674938,0.),(0.000371060567593793,0.706842611855025,
0.707370754541083),(0.216036425125801,0.976385304589773,0.),(-0.00354111830410392,
0.710347745108279,0.703841986173558),(0.0742562146289608,0.997239196275887,
0.),(-0.00107027960795992,0.70806546321411,0.706145986538866),(0.00785624592069795,
0.999969139223823,0.),(0.,0.707085427119315,0.707128134608924),(0.,0.,1.),
(-0.707121392235718,0.,0.70709216983546),(0.707085427119303,0.,-0.707128134608936),
(0.,-0.707121392235624,-0.707092169835555),(0.,-1.,0.),(1.,0.,0.),(0.,-0.707121392235624,
-0.707092169835555),(0.,0.,-1.),(-0.707121392235745,0.,-0.707092169835434),
(0.707085427119314,0.,0.707128134608924),(1.,0.,0.),(0.,-1.,0.),(0.,-0.707121392235718,
0.707092169835461),(0.,-1.,0.),(0.,-0.707121392235718,0.707092169835461),
(-1.,0.,0.),(-0.707121392235718,0.,0.70709216983546),(-0.707121392235718,
0.,0.70709216983546),(0.,-0.707121392235718,0.707092169835461),(0.,0.,1.),
(0.,-1.,0.),(0.,-0.707121392235624,-0.707092169835555),(-0.707121392235745,
0.,-0.707092169835434),(-1.,0.,0.),(0.,1.,0.),(0.,0.707085427119315,0.707128134608924),
(-0.707121392235718,0.,0.70709216983546),(-1.,0.,0.),(-1.,0.,0.),(0.,1.,
0.),(-0.707121392235745,0.,-0.707092169835434),(0.,0.707085427119331,-0.707128134608907),
(0.,0.,-1.),(0.,-0.707121392235624,-0.707092169835555),(0.707103409448859,
0.,-0.707110152908159),(0.,0.,-1.),(-1.,0.,0.),(0.999707892802457,-0.0241687622453329,
0.),(0.,0.,-1.),(0.707103943212262,5.76966298108415E-6,-0.707109619125905),
(3.04084467771381E-6,0.707133418242491,-0.707080143120597),(0.,0.,1.),(0.707103409448783,
0.,0.707110152908235),(0.,-0.707121392235718,0.707092169835461),(0.,0.,
1.),(0.999707892802457,-0.0241687622453329,0.),(-1.,0.,0.),(0.,0.,1.),(3.08389008862936E-6,
0.707133461762748,0.707080099596872),(0.707103986834235,5.81286160546147E-6,
0.707109575503925),(0.,0.,-1.),(0.999704004132521,0.0243290797484014,0.),
(-1.,0.,0.),(-1.,0.,0.),(0.,0.,1.),(0.999704004132521,0.0243290797484014,
0.),(0.0797703604600261,-0.996813267162951,0.),(0.,0.,1.),(0.0797703604600261,
-0.996813267162951,0.),(0.,0.,-1.),(0.,0.,-1.),(0.228382934294794,-0.973571381729609,
0.),(0.,0.,-1.),(0.404280433381285,-0.914635080884743,0.),(0.,0.,-1.),(0.565321381436007,
-0.824870738777468,0.),(0.,0.,-1.),(0.706931185973786,-0.707282332804727,
0.),(0.,0.,-1.),(0.825078143823937,-0.5650186338379,0.),(0.,0.,-1.),(0.914830886085199,
-0.403837157607579,0.),(0.,0.,-1.),(0.971264472279737,-0.238002783360117,
0.),(0.,0.,-1.),(0.993863400658662,-0.110614378953188,0.),(0.,0.,-1.),(0.999017983431324,
-0.0443065320332306,0.),(0.,0.,1.),(0.228382934294794,-0.973571381729609,
0.),(0.,0.,1.),(0.404280433381285,-0.914635080884743,0.),(0.,0.,1.),(0.565321381436007,
-0.824870738777468,0.),(0.,0.,1.),(0.706931185973786,-0.707282332804727,
0.),(0.,0.,1.),(0.825078143823937,-0.5650186338379,0.),(0.,0.,1.),(0.914830886085199,
-0.403837157607579,0.),(0.,0.,1.),(0.971264472279737,-0.238002783360117,
0.),(0.,0.,1.),(0.993863400658662,-0.110614378953188,0.),(0.,0.,1.),(0.999017983431324,
-0.0443065320332306,0.),(0.0830612318059341,0.99654444545684,0.),(0.,0.,
-1.),(0.0830612318059341,0.99654444545684,0.),(0.,0.,1.),(0.228382934294854,
0.973571381729595,0.),(0.,0.,-1.),(0.228382934294854,0.973571381729595,
0.),(0.,0.,1.),(0.,0.,1.),(0.403619933652547,0.91492674524156,0.),(0.403619933652547,
0.91492674524156,0.),(0.,0.,-1.),(0.,0.,-1.),(0.565250726068753,0.824919157662584,
0.),(0.565250726068753,0.824919157662584,0.),(0.,0.,1.),(0.707381140796921,
0.706832315082471,0.),(0.,0.,-1.),(0.707381140796921,0.706832315082471,
0.),(0.,0.,1.),(0.825078143824001,0.565018633837807,0.),(0.,0.,-1.),(0.825078143824001,
0.565018633837807,0.),(0.,0.,1.),(0.914830886085196,0.403837157607588,0.),
(0.,0.,-1.),(0.914830886085196,0.403837157607588,0.),(0.,0.,1.),(0.971264472279734,
0.238002783360132,0.),(0.,0.,-1.),(0.971264472279734,0.238002783360132,
0.),(0.,0.,1.),(0.,0.,1.),(0.993863400658663,0.110614378953183,0.),(0.993863400658663,
0.110614378953183,0.),(0.,0.,-1.),(0.,0.,-1.),(0.999014427618948,0.0443866354794605,
0.),(0.999014427618948,0.0443866354794605,0.),(0.,0.,1.),(-0.999939905217569,
-0.0109629354407845,0.),(0.,0.,-1.),(-0.999939905217569,-0.0109629354407845,
0.),(0.,0.,1.),(0.,0.,1.),(-1.,0.,0.),(-0.996767317929377,-0.0803424788507056,
0.),(0.,0.,1.),(-1.,0.,0.),(0.,0.,-1.),(0.,0.,-1.),(-0.00991043394576517,
-0.999950890443629,0.),(-0.996767317929377,-0.0803424788507056,0.),(0.,
0.,-1.),(0.,0.,1.),(-0.00991043394576517,-0.999950890443629,0.),(-1.,0.,
0.),(0.,0.,1.),(-1.,0.,0.),(0.,0.,-1.),(0.,0.,-1.),(-0.0131891695241363,
0.999913019120795,0.),(-0.0131891695241363,0.999913019120795,0.),(0.,0.,
1.),(0.,0.,1.),(-0.999943730524729,0.0106082884711592,0.),(-0.999943730524729,
0.0106082884711592,0.),(0.,0.,-1.),(0.,0.,-1.),(-0.996808037053906,0.0798356891668064,
0.),(0.,0.,-1.),(-0.973396249501646,0.229128220558115,0.),(0.,0.,-1.),(-0.914694209725862,
0.404146635138758,0.),(0.,0.,-1.),(-0.824917237710017,0.565253528010994,
0.),(0.,0.,-1.),(-0.707286573852742,0.706926942793701,0.),(0.,0.,-1.),(-0.56568778808874,
0.824619504018228,0.),(0.,0.,-1.),(-0.403868879215742,0.914816882442066,
0.),(0.,0.,-1.),(-0.22861213621616,0.973517586474268,0.),(0.,0.,-1.),(-0.0824537999466647,
0.996594888043459,0.),(-0.996808037053906,0.0798356891668064,0.),(0.,0.,
1.),(0.,0.,1.),(-0.973396249501646,0.229128220558115,0.),(0.,0.,1.),(-0.914694209725862,
0.404146635138758,0.),(0.,0.,1.),(-0.824917237710017,0.565253528010994,
0.),(0.,0.,1.),(-0.707286573852742,0.706926942793701,0.),(0.,0.,1.),(-0.56568778808874,
0.824619504018228,0.),(0.,0.,1.),(-0.403868879215742,0.914816882442066,
0.),(0.,0.,1.),(-0.22861213621616,0.973517586474268,0.),(0.,0.,1.),(-0.0824537999466647,
0.996594888043459,0.),(-0.973449114005121,-0.22890352212809,0.),(0.,0.,
-1.),(-0.973449114005121,-0.22890352212809,0.),(0.,0.,1.),(0.,0.,1.),(-0.914864852124347,
-0.403760204016562,0.),(-0.914864852124347,-0.403760204016562,0.),(0.,0.,
-1.),(-0.825002394556139,-0.56512923210239,0.),(0.,0.,1.),(-0.825002394556139,
-0.56512923210239,0.),(0.,0.,-1.),(-0.706868912830199,-0.707344569551681,
0.),(0.,0.,1.),(-0.706868912830199,-0.707344569551681,0.),(0.,0.,-1.),(-0.565304151726664,
-0.824882546815361,0.),(0.,0.,1.),(-0.565304151726664,-0.824882546815361,
0.),(0.,0.,-1.),(-0.404580862410231,-0.914502228412481,0.),(0.,0.,1.),(-0.404580862410231,
-0.914502228412481,0.),(0.,0.,-1.),(0.,0.,-1.),(-0.228637358097226,-0.97351166324925,
0.),(-0.228637358097226,-0.97351166324925,0.),(0.,0.,1.),(0.,0.,1.),(-0.078672981299918,
-0.996900477486786,0.),(-0.078672981299918,-0.996900477486786,0.),(0.,0.,
-1.),(0.0143127808064125,0.999897566906524,0.),(0.,0.,1.),(0.,0.,-1.),(0.0143127808064125,
0.999897566906524,0.),(0.00991043394583463,-0.999950890443628,0.),(0.,0.,
-1.),(0.,0.,1.),(0.00991043394583463,-0.999950890443628,0.),(0.707186772395548,
-9.0952025025188E-5,-0.707026775077505),(0.999938396076454,0.0110997320710522,
0.),(0.707376537891956,-0.000295345966658148,-0.706836859827464),(0.997001735967395,
0.0773791863358659,0.),(0.70711415098472,-9.17341801798038E-6,-0.707099411252058),
(0.976506750886524,0.215486810438698,0.),(0.70713385417003,-1.92218631941928E-5,
-0.707079706905211),(0.924015862965661,0.382354135570448,0.),(0.707048992356845,
9.80276640259238E-5,-0.707164558499467),(0.842192597688298,0.539176806251008,
0.),(0.707064401090558,7.21115578981128E-5,-0.707149155065869),(0.707362457677843,
0.706851012214003,0.),(0.000430492280575672,0.706914018593448,-0.707299360237557),
(-4.61231618948613E-6,0.707172792104104,-0.707040764091019),(0.538722712470454,
0.842483138744317,0.),(-8.970775193218E-5,0.707183101450517,-0.70703044699316),
(0.382135600232525,0.92410626176589,0.),(0.000364674785044975,0.706848847045902,
-0.707364527271604),(0.215996171380305,0.976394210321349,0.),(-0.00218943396773175,
0.709142381173336,-0.705061904801779),(0.075653686309771,0.997134153335319,
0.),(-0.000675516826882313,0.707740186546156,-0.706472484973498),(0.00917744889769578,
0.999957886329084,0.),(0.,0.707121392235652,-0.707092169835526),(-0.707103409448861,
0.,-0.707110152908157),(0.,0.,-1.),(0.707192327162135,-9.70130865721758E-5,
0.707021218204563),(0.999938397723821,0.0110995836642072,0.),(0.707391398081131,
-0.000311305545865547,0.706821981130808),(0.997001746192631,0.0773790545874334,
0.),(0.707107928841952,-2.79717610684926E-6,0.707105633523748),(0.976506794806453,
0.215486611409682,0.),(0.707140423078124,-2.7872617718214E-5,0.707073137144955),
(0.92401611158708,0.382353534739112,0.),(0.707047783872442,0.000100885149554091,
0.707165766382434),(0.84219243574292,0.539177059209132,0.),(0.707061805678495,
7.73018910966346E-5,0.70715174960901),(0.00043568342593403,0.706911420589598,
0.707301953637871),(0.707362457677843,0.706851012214003,0.),(-1.75534112623918E-6,
0.707171584085543,0.707041972345959),(0.538722968052965,0.842482975312976,
0.),(-9.83564300814038E-5,0.707189668188104,0.7070238776265),(0.382135004596889,
0.924106508072384,0.),(0.000371052965677684,0.706842617967695,0.707370748436965),
(0.215995973859836,0.976394254016451,0.),(-0.00220548461565871,0.709157265753581,
0.705046883736475),(0.0756535462515086,0.997134163961686,0.),(-0.000681601381404796,
0.70774575625565,0.706466899381475),(0.00917732568181843,0.999957887459932,
0.),(0.,0.707121392235758,0.70709216983542),(0.,0.,1.),(-0.707103409448825,
0.,0.707110152908192),(0.707103409448859,0.,-0.707110152908159),(0.,-0.707121392235624,
-0.707092169835555),(0.,-1.,0.),(1.,0.,0.),(0.,-0.707121392235624,-0.707092169835555),
(0.,0.,-1.),(-0.707103409448861,0.,-0.707110152908157),(0.707103409448783,
0.,0.707110152908235),(1.,0.,0.),(0.,-1.,0.),(0.,-0.707121392235718,0.707092169835461),
(0.,-1.,0.),(0.,-0.707121392235718,0.707092169835461),(-1.,0.,0.),(-0.707103409448825,
0.,0.707110152908192),(-0.707103409448825,0.,0.707110152908192),(0.,-0.707121392235718,
0.707092169835461),(0.,0.,1.),(0.,-1.,0.),(0.,-0.707121392235624,-0.707092169835555),
(-0.707103409448861,0.,-0.707110152908157),(-1.,0.,0.),(0.,1.,0.),(0.,0.707121392235758,
0.70709216983542),(-0.707103409448825,0.,0.707110152908192),(-1.,0.,0.),
(-1.,0.,0.),(0.,1.,0.),(-0.707103409448861,0.,-0.707110152908157),(0.,0.707121392235652,
-0.707092169835526),(0.,0.,-1.),(0.,-0.707085427119417,-0.707128134608821),
(0.707121392235746,0.,-0.707092169835433),(0.,0.,-1.),(-1.,0.,0.),(0.999759628093195,
-0.0219245532441529,0.),(0.,0.,-1.),(0.707115243018577,2.45014576237079E-6,
-0.707098319249011),(6.21921395281697E-6,0.707135417094059,-0.707078144091961),
(0.,0.,1.),(0.707121392235757,0.,0.707092169835421),(0.,-0.707085427119408,
0.70712813460883),(0.,0.,1.),(0.999759628093195,-0.0219245532441529,0.),
(-1.,0.,0.),(0.,0.,1.),(6.26224554672344E-6,0.707135460608931,0.707078100573183),
(0.707115286639533,2.49334782903833E-6,0.707098275626856),(0.,0.,-1.),(0.999755356466343,
0.022118481341544,0.),(-1.,0.,0.),(-1.,0.,0.),(0.,0.,1.),(0.999755356466343,
0.022118481341544,0.),(0.0786918418267533,-0.996898988879973,0.),(0.,0.,
1.),(0.0786918418267533,-0.996898988879973,0.),(0.,0.,-1.),(0.,0.,-1.),
(0.228655776100048,-0.973507337443373,0.),(0.,0.,-1.),(0.404519448857664,
-0.914529395643405,0.),(0.,0.,-1.),(0.565248756146806,-0.824920507488139,
0.),(0.,0.,-1.),(0.706868912829883,-0.707344569551996,0.),(0.,0.,-1.),(0.825002394556635,
-0.565129232101666,0.),(0.,0.,-1.),(0.914864852124626,-0.403760204015931,
0.),(0.,0.,-1.),(0.971316373810433,-0.237790878647081,0.),(0.,0.,-1.),(0.993777451164598,
-0.111383919650885,0.),(0.,0.,-1.),(0.999033345005035,-0.0439587939785651,
0.),(0.,0.,1.),(0.228655776100048,-0.973507337443373,0.),(0.,0.,1.),(0.404519448857664,
-0.914529395643405,0.),(0.,0.,1.),(0.565248756146806,-0.824920507488139,
0.),(0.,0.,1.),(0.706868912829883,-0.707344569551996,0.),(0.,0.,1.),(0.825002394556635,
-0.565129232101666,0.),(0.,0.,1.),(0.914864852124626,-0.403760204015931,
0.),(0.,0.,1.),(0.971316373810433,-0.237790878647081,0.),(0.,0.,1.),(0.993777451164598,
-0.111383919650885,0.),(0.,0.,1.),(0.999033345005035,-0.0439587939785651,
0.),(0.0830800855929403,0.996542873828251,0.),(0.,0.,-1.),(0.0830800855929403,
0.996542873828251,0.),(0.,0.,1.),(0.228655776100957,0.973507337443159,0.),
(0.,0.,-1.),(0.228655776100957,0.973507337443159,0.),(0.,0.,1.),(0.,0.,
1.),(0.403638601091699,0.914918509873276,0.),(0.403638601091699,0.914918509873276,
0.),(0.,0.,-1.),(0.,0.,-1.),(0.564979281538359,0.825105091144395,0.),(0.564979281538359,
0.825105091144395,0.),(0.,0.,1.),(0.707318877636494,0.706894621099248,0.),
(0.,0.,-1.),(0.707318877636494,0.706894621099248,0.),(0.,0.,1.),(0.825078143824001,
0.565018633837807,0.),(0.,0.,-1.),(0.825078143824001,0.565018633837807,
0.),(0.,0.,1.),(0.914883651977848,0.403717603460235,0.),(0.,0.,-1.),(0.914883651977848,
0.403717603460235,0.),(0.,0.,1.),(0.971295566345965,0.237875855850635,0.),
(0.,0.,-1.),(0.971295566345965,0.237875855850635,0.),(0.,0.,1.),(0.,0.,
1.),(0.993787518891109,0.111294057776025,0.),(0.993787518891109,0.111294057776025,
0.),(0.,0.,-1.),(0.,0.,-1.),(0.99903305646082,0.0439653511137155,0.),(0.99903305646082,
0.0439653511137155,0.),(0.,0.,1.),(-0.999927290359534,-0.0120587725014139,
0.),(0.,0.,-1.),(-0.999927290359534,-0.0120587725014139,0.),(0.,0.,1.),
(0.,0.,1.),(-1.,0.,0.),(-0.996689786776398,-0.0812986404290885,0.),(0.,
0.,1.),(-1.,0.,0.),(0.,0.,-1.),(0.,0.,-1.),(-0.0109991036331042,-0.999939508029995,
0.),(-0.996689786776398,-0.0812986404290885,0.),(0.,0.,-1.),(0.,0.,1.),
(-0.0109991036331042,-0.999939508029995,0.),(-1.,0.,0.),(0.,0.,1.),(-1.,
0.,0.),(0.,0.,-1.),(0.,0.,-1.),(-0.0132240432241113,0.999912558517397,0.),
(-0.0132240432241113,0.999912558517397,0.),(0.,0.,1.),(0.,0.,1.),(-0.99992878979871,
0.0119337894940334,0.),(-0.99992878979871,0.0119337894940334,0.),(0.,0.,
-1.),(0.,0.,-1.),(-0.996697621614196,0.0812025311711678,0.),(0.,0.,-1.),
(-0.973421727406408,0.229019956800985,0.),(0.,0.,-1.),(-0.91476429559572,
0.403987974453778,0.),(0.,0.,-1.),(-0.82492657583505,0.565239899937238,
0.),(0.,0.,-1.),(-0.707361293936507,0.706852176795453,0.),(0.,0.,-1.),(-0.565774949376575,
0.824559704726064,0.),(0.,0.,-1.),(-0.403820907435318,0.914838059285968,
0.),(0.,0.,-1.),(-0.228561086524944,0.973529573113492,0.),(0.,0.,-1.),(-0.0824885578798678,
0.996592011717383,0.),(-0.996697621614196,0.0812025311711678,0.),(0.,0.,
1.),(0.,0.,1.),(-0.973421727406408,0.229019956800985,0.),(0.,0.,1.),(-0.91476429559572,
0.403987974453778,0.),(0.,0.,1.),(-0.82492657583505,0.565239899937238,0.),
(0.,0.,1.),(-0.707361293936507,0.706852176795453,0.),(0.,0.,1.),(-0.565774949376575,
0.824559704726064,0.),(0.,0.,1.),(-0.403820907435318,0.914838059285968,
0.),(0.,0.,1.),(-0.228561086524944,0.973529573113492,0.),(0.,0.,1.),(-0.0824885578798678,
0.996592011717383,0.),(-0.973450485092546,-0.228897691279503,0.),(0.,0.,
-1.),(-0.973450485092546,-0.228897691279503,0.),(0.,0.,1.),(0.,0.,1.),(-0.914866237792222,
-0.403757064269971,0.),(-0.914866237792222,-0.403757064269971,0.),(0.,0.,
-1.),(-0.825078143823319,-0.565018633838802,0.),(0.,0.,1.),(-0.825078143823319,
-0.565018633838802,0.),(0.,0.,-1.),(-0.706780925821867,-0.707432486456753,
0.),(0.,0.,1.),(-0.706780925821867,-0.707432486456753,0.),(0.,0.,-1.),(-0.56514614580358,
-0.824990808362953,0.),(0.,0.,1.),(-0.56514614580358,-0.824990808362953,
0.),(0.,0.,-1.),(-0.404519448858185,-0.914529395643174,0.),(0.,0.,1.),(-0.404519448858185,
-0.914529395643174,0.),(0.,0.,-1.),(0.,0.,-1.),(-0.228655776100502,-0.973507337443266,
0.),(-0.228655776100502,-0.973507337443266,0.),(0.,0.,1.),(0.,0.,1.),(-0.0797771480559314,
-0.996812723959753,0.),(-0.0797771480559314,-0.996812723959753,0.),(0.,
0.,-1.),(0.0143760725203808,0.999896658929756,0.),(0.,0.,1.),(0.,0.,-1.),
(0.0143760725203808,0.999896658929756,0.),(0.0110599171253374,-0.999938837246149,
0.),(0.,0.,-1.),(0.,0.,-1.),(0.,0.707121392235652,-0.707092169835526),(-0.707085427119314,
0.,-0.707128134608924),(0.,0.,1.),(0.0110599171253374,-0.999938837246149,
0.),(0.707026809531199,0.000103172482434418,-0.707186736272374),(0.999930938242126,
0.0117523932125579,0.),(0.706784599974586,0.000364867622720271,-0.707428721575808),
(0.99694791260109,0.0780695815303919,0.),(0.70711415098472,-9.17341801798038E-6,
-0.707099411252058),(0.976506750886524,0.215486810438698,0.),(0.70713385417003,
-1.92218631941928E-5,-0.707079706905211),(0.924015862965661,0.382354135570448,
0.),(0.707096296029207,1.84628035779501E-5,-0.707117265947382),(0.842239978608126,
0.539102790230382,0.),(0.707155337151028,-8.08625019942191E-5,-0.707058217263664),
(0.707453847379912,0.706759544560497,0.),(0.000430500271329332,0.706914023397275,
-0.707299355431484),(-4.60656600534604E-6,0.707172788583624,-0.707040767612194),
(0.538722712470454,0.842483138744317,0.),(0.000100505087760719,0.707050190708365,
-0.707163359993991),(0.382500608334691,0.923955239513036,0.),(0.000232151580557119,
0.706990587466692,-0.707222917713464),(0.215865115863894,0.976423192961468,
0.),(-0.00229127089792852,0.709233269683558,-0.704970154865893),(0.0753357523499561,
0.997158224364552,0.),(-0.000676421422425619,0.707740997416608,-0.70647167178154),
(0.00918949406722376,0.999957775707949,0.),(0.707032366282193,9.71116889209699E-5,
0.707181181592612),(0.999930940088874,0.0117522360843117,0.),(0.706799475158254,
0.000348914032640255,0.707413867672252),(0.996947922798973,0.0780694513033889,
0.),(0.707107928841952,-2.79717610684926E-6,0.707105633523748),(0.976506794806453,
0.215486611409682,0.),(0.707140423078124,-2.7872617718214E-5,0.707073137144955),
(0.92401611158708,0.382353534739112,0.),(0.707095087796551,2.13202168264746E-5,
0.707118474061763),(0.842239816884191,0.53910304289151,0.),(0.707152742634125,
-7.56722749066342E-5,0.70706081270195),(0.000435691512995833,0.706911425451365,
0.707301948773807),(0.707453847371059,0.706759544569358,0.),(-1.74951174396943E-6,
0.707171580581377,0.707041975850781),(0.538722968052965,0.842482975312976,
0.),(9.18565126592472E-5,0.70705675966506,0.707156793203832),(0.382500014918805,
0.92395548517616,0.),(0.000238526624576486,0.706984362823954,0.7072291381352),
(0.215864916958451,0.976423236934948,0.),(-0.00230735341904033,0.70924817954642,
0.704955102066996),(0.0753356119693731,0.997158234970358,0.),(-0.000682514120379282,
0.707746574415363,0.706466078858564),(0.00918937052707652,0.999957776843261,
0.),(0.,0.707121392235758,0.70709216983542),(0.,0.,1.),(-0.707085427119304,
0.,0.707128134608934),(0.707121392235746,0.,-0.707092169835433),(0.,-0.707085427119417,
-0.707128134608821),(0.,-1.,0.),(1.,0.,0.),(0.,-0.707085427119417,-0.707128134608821),
(0.,0.,-1.),(-0.707085427119314,0.,-0.707128134608924),(0.707121392235757,
0.,0.707092169835421),(1.,0.,0.),(0.,-1.,0.),(0.,-0.707085427119408,0.70712813460883),
(0.,-1.,0.),(0.,-0.707085427119408,0.70712813460883),(-1.,0.,0.),(-0.707085427119304,
0.,0.707128134608934),(-0.707085427119304,0.,0.707128134608934),(0.,-0.707085427119408,
0.70712813460883),(0.,0.,1.),(0.,-1.,0.),(0.,-0.707085427119417,-0.707128134608821),
(-0.707085427119314,0.,-0.707128134608924),(-1.,0.,0.),(0.,1.,0.),(0.,0.707121392235758,
0.70709216983542),(-0.707085427119304,0.,0.707128134608934),(-1.,0.,0.),
(-1.,0.,0.),(0.,1.,0.),(-0.707085427119314,0.,-0.707128134608924),(0.,0.707121392235652,
-0.707092169835526),(0.,0.,-1.),(0.999939905217608,-0.0109629354372648,
0.),(0.999939905217608,-0.0109629354372648,0.),(0.,0.,1.),(0.,0.,-1.),(0.999938837246184,
0.0110599171221472,0.),(0.999938837246184,0.0110599171221472,0.),(0.,0.,
1.),(0.,0.,1.),(0.0797435798153125,-0.996815409932169,0.),(0.0797435798153125,
-0.996815409932169,0.),(0.,0.,-1.),(0.,0.,-1.),(0.22852112952356,-0.973538953181267,
0.),(0.,0.,-1.),(0.404786728728881,-0.914411124300755,0.),(0.,0.,-1.),(0.565278199996893,
-0.824900331317834,0.),(0.,0.,-1.),(0.70650641272477,-0.707706640338196,
0.),(0.,0.,-1.),(0.82516242921832,-0.564895534950066,0.),(0.,0.,-1.),(0.915011989868754,
-0.403426645620271,0.),(0.,0.,-1.),(0.973325275370288,-0.229429528015365,
0.),(0.,0.,-1.),(0.996734312546612,-0.080750914497808,0.),(0.,0.,1.),(0.22852112952356,
-0.973538953181267,0.),(0.,0.,1.),(0.404786728728881,-0.914411124300755,
0.),(0.,0.,1.),(0.565278199996893,-0.824900331317834,0.),(0.,0.,1.),(0.70650641272477,
-0.707706640338196,0.),(0.,0.,1.),(0.82516242921832,-0.564895534950066,
0.),(0.,0.,1.),(0.915011989868754,-0.403426645620271,0.),(0.,0.,1.),(0.973325275370288,
-0.229429528015365,0.),(0.,0.,1.),(0.996734312546612,-0.080750914497808,
0.),(0.0830489989021516,0.996545464984589,0.),(0.,0.,-1.),(0.,0.,-1.),(0.996729580010356,
0.0808093084513085,0.),(0.0830489989021516,0.996545464984589,0.),(0.,0.,
1.),(0.,0.,1.),(0.996729580010356,0.0808093084513085,0.),(0.22852112952437,
0.973538953181077,0.),(0.,0.,-1.),(0.22852112952437,0.973538953181077,0.),
(0.,0.,1.),(0.,0.,1.),(0.403905263365998,0.914800818880943,0.),(0.403905263365998,
0.914800818880943,0.),(0.,0.,-1.),(0.,0.,-1.),(0.56518327011371,0.824965375748324,
0.),(0.56518327011371,0.824965375748324,0.),(0.,0.,1.),(0.707106781186986,
0.707106781186109,0.),(0.,0.,-1.),(0.707106781186986,0.707106781186109,
0.),(0.,0.,1.),(0.82516242921832,0.564895534950066,0.),(0.,0.,-1.),(0.82516242921832,
0.564895534950066,0.),(0.,0.,1.),(0.914976667088109,0.40350675172088,0.),
(0.,0.,-1.),(0.914976667088109,0.40350675172088,0.),(0.,0.,1.),(0.973313998641599,
0.229477362823223,0.),(0.,0.,-1.),(0.973313998641599,0.229477362823223,
0.),(0.,0.,1.),(-0.948052476256283,0.318113976845297,0.),(0.,0.,-1.),(0.873832218460577,
0.486227574269772,0.),(0.873832218460577,0.486227574269772,0.),(-0.948052476256283,
0.318113976845297,0.),(0.873832218460577,0.486227574269772,0.),(-0.948052476256283,
0.318113976845297,0.),(-0.948158305064609,-0.317798408644548,0.),(0.948186131374776,
-0.317715376191546,0.),(-0.948158305064609,-0.317798408644548,0.),(0.948186131374776,
-0.317715376191546,0.),(-0.948158305064609,-0.317798408644548,0.),(0.948186131374776,
-0.317715376191546,0.),(0.,0.,-1.),(-0.948158305064609,-0.317798408644548,
0.),(0.,0.,1.),(0.948186131374776,-0.317715376191546,0.),(-0.948052476256283,
0.318113976845297,0.),(0.873832218460577,0.486227574269772,0.),(0.,0.,1.),
(0.,0.,-1.),(0.,0.,-1.),(0.,0.,-1.),(0.,0.,-1.),(0.,0.,-1.),(0.,0.,-1.),
(0.,0.,-1.),(0.,0.,-1.),(0.,0.,-1.),(0.,0.,-1.),(0.,0.,-1.),(0.,0.,-1.),
(0.,0.,-1.),(0.,0.,-1.),(0.,0.,-1.),(0.,0.,-1.),(0.,0.,-1.),(0.,0.,-1.),
(0.,0.,-1.),(0.,0.,-1.),(0.,0.,-1.),(0.,0.,1.),(0.,0.,1.),(0.,0.,1.),(0.,
0.,1.),(0.,0.,1.),(0.,0.,1.),(0.,0.,1.),(0.,0.,1.),(0.,0.,1.),(0.,0.,1.),
(0.,0.,1.),(0.,0.,1.),(0.,0.,1.),(0.,0.,1.),(0.,0.,1.),(0.,0.,1.),(0.,0.,
1.),(0.,0.,1.),(0.,0.,1.),(0.,0.,1.),(0.,0.,1.),(0.,0.,-1.),(0.,0.,-1.),
(0.,0.,-1.),(0.,0.,-1.),(0.,0.,-1.),(0.,0.,-1.),(0.,0.,-1.),(0.,0.,-1.),
(0.,0.,-1.),(0.,0.,-1.),(0.,0.,-1.),(0.,0.,-1.),(0.,0.,-1.),(0.,0.,-1.),
(0.,0.,-1.),(0.,0.,-1.),(0.,0.,-1.),(0.,0.,-1.),(0.,0.,-1.),(-0.999933602270497,
-0.0115234999174335,0.),(0.,0.,1.),(0.,0.,1.),(-0.999936479571524,0.0112710612679955,
0.),(-0.999933602270497,-0.0115234999174335,0.),(0.,0.,-1.),(-0.996734703133068,
-0.0807460932196347,0.),(0.,0.,1.),(-0.999936479571524,0.0112710612679955,
0.),(0.,0.,-1.),(0.,0.,-1.),(0.,-0.707103128468541,-0.707110433885685),
(0.707103128468541,0.,-0.707110433885685),(-0.996734703133068,-0.0807460932196347,
0.),(0.,0.,-1.),(0.,0.,-1.),(-0.0110112127838995,-0.999939374758804,0.),
(0.,0.,-1.),(0.707102552602024,3.75535885922296E-6,-0.707111009735812),
(-5.59648331301734E-6,0.7071310249986,-0.707082536521097),(0.,0.,1.),(0.707103409448783,
0.,0.707110152908235),(0.,-0.707103409448872,0.707110152908145),(0.,0.,
1.),(-0.0110112127838995,-0.999939374758804,0.),(0.,0.,1.),(-5.39614942287804E-6,
0.707131120688225,0.707082440826454),(0.707102648388138,3.95584206454122E-6,
0.707110913949738),(-0.996753062634471,0.0805191413814294,0.),(0.,0.,-1.),
(0.,0.,-1.),(-0.973391014317986,0.229150459840259,0.),(0.,0.,-1.),(-0.914726742577529,
0.404072996392364,0.),(0.,0.,-1.),(-0.825094321214915,0.564995009799996,
0.),(0.,0.,-1.),(-0.707361310684762,0.706852160035134,0.),(0.,0.,-1.),(-0.565701956315691,
0.824609784456018,0.),(0.,0.,-1.),(-0.40371370826176,0.914885370831526,
0.),(0.,0.,-1.),(-0.228603083810651,0.973519712215557,0.),(0.,0.,-1.),(-0.0821169159657173,
0.996622702988588,0.),(0.,0.,-1.),(-0.0125465741978016,0.999921288640211,
0.),(-0.996753062634471,0.0805191413814294,0.),(0.,0.,1.),(0.,0.,1.),(-0.973391014317986,
0.229150459840259,0.),(0.,0.,1.),(-0.914726742577529,0.404072996392364,
0.),(0.,0.,1.),(-0.825094321214915,0.564995009799996,0.),(0.,0.,1.),(-0.707361310684762,
0.706852160035134,0.),(0.,0.,1.),(-0.565701956315691,0.824609784456018,
0.),(0.,0.,1.),(-0.40371370826176,0.914885370831526,0.),(0.,0.,1.),(-0.228603083810651,
0.973519712215557,0.),(0.,0.,1.),(-0.0821169159657173,0.996622702988588,
0.),(0.,0.,1.),(-0.0125465741978016,0.999921288640211,0.),(-0.973444830419254,
-0.228921738002381,0.),(0.,0.,-1.),(-0.973444830419254,-0.228921738002381,
0.),(0.,0.,1.),(0.,0.,1.),(-0.91489715652056,-0.403686998788163,0.),(-0.91489715652056,
-0.403686998788163,0.),(0.,0.,-1.),(-0.825146136065679,-0.564919334184872,
0.),(0.,0.,1.),(-0.825146136065679,-0.564919334184872,0.),(0.,0.,-1.),(-0.706793798350559,
-0.70741962554992,0.),(0.,0.,1.),(-0.706793798350559,-0.70741962554992,
0.),(0.,0.,-1.),(-0.565161157481022,-0.824980524663893,0.),(0.,0.,1.),(-0.565161157481022,
-0.824980524663893,0.),(0.,0.,-1.),(-0.404399955040437,-0.914582241443214,
0.),(0.,0.,1.),(-0.404399955040437,-0.914582241443214,0.),(0.,0.,-1.),(0.,
0.,-1.),(-0.228528577858124,-0.973537204785797,0.),(-0.228528577858124,
-0.973537204785797,0.),(0.,0.,1.),(0.,0.,1.),(-0.0797892193338494,-0.996811757794868,
0.),(-0.0797892193338494,-0.996811757794868,0.),(0.,0.,-1.),(0.0143127808064125,
0.999897566906524,0.),(0.,0.,1.),(0.,0.,-1.),(0.0143127808064125,0.999897566906524,
0.),(0.0110112127802253,-0.999939374758844,0.),(0.,0.,-1.),(0.,0.,-1.),
(0.,0.707103128468549,-0.707110433885677),(-0.707121111262573,0.,-0.707092450820106),
(0.,0.,1.),(0.0110112127802253,-0.999939374758844,0.),(0.707189159120409,
-9.38601926407518E-5,-0.707024387424389),(0.999938557431258,0.0110851866152539,
0.),(0.707385430012251,-0.000305270565977536,-0.706827956589342),(0.997004524229766,
0.0773432522291244,0.),(0.707069873295245,4.5939275540855E-5,-0.707143685659307),
(0.976483221211285,0.215593410596968,0.),(0.707102293765244,1.91671185371055E-6,
-0.707111268576776),(0.923961051599338,0.382486568558226,0.),(0.707094930899729,
2.07591338617157E-5,-0.707118630970055),(0.842240760433185,0.539101568783592,
0.),(0.707064401090558,7.21115578981128E-5,-0.707149155065869),(0.70728949720985,
0.706924017937316,0.),(0.000430391200135646,0.706914069180731,-0.707299309739347),
(-4.72022517523637E-6,0.707172856358179,-0.707040699824228),(0.538756738544718,
0.842461379929465,0.),(5.35098460937684E-6,0.707116684526268,-0.707096877687877),
(0.382369353083255,0.924009565871854,0.),(0.00029845366685114,0.706919685156087,
-0.707293764757068),(0.215942932984794,0.97640598610103,0.),(-0.0029185608600389,
0.709792698302562,-0.70440457653175),(0.0748050869885224,0.997198174366881,
0.),(-0.000873598652132785,0.707903208531014,-0.706308915543964),(0.00852200865372293,
0.999963687024937,0.),(0.707192211379172,-9.68840615340266E-5,0.70702133403322),
(0.999938558251695,0.0110851126075311,0.),(0.707391037232935,-0.000310902789257183,
0.70682234244679),(0.997004505482487,0.0773434938932962,0.),(0.707063654062681,
5.23112129317969E-5,0.707149903745356),(0.97648326526534,0.21559321106366,
0.),(0.707108863088667,-6.73451609847434E-6,0.707104699246229),(0.923961299683493,
0.382485969268403,0.),(0.707093722665215,2.36165401008467E-5,0.707119839072351),
(0.842240598402683,0.539101821924478,0.),(0.707061805678495,7.73018910966346E-5,
0.70715174960901),(0.0004355811262153,0.70691147178765,0.707301902531091),
(0.707289497199987,0.706924017947183,0.),(-1.8638865420178E-6,0.707171648654849,
0.707041907764532),(0.538756993557313,0.842461216848043,0.),(-3.29711571070254E-6,
0.707123252107738,0.707090309873997),(0.382368758062638,0.924009812100302,
0.),(0.000304831841187287,0.706913456960012,0.707299986884203),(0.215942734911375,
0.976406029907126,0.),(-0.00292426598886491,0.709798340143565,0.704398867828353),
(0.0748053383518465,0.997198155510762,0.),(-0.000876638939796317,0.707906270776042,
0.706305842606534),(0.00852195144550941,0.999963687512482,0.),(0.,0.70710340944888,
0.707110152908137),(0.,0.,1.),(-0.707121392235718,0.,0.70709216983546),
(0.707103128468541,0.,-0.707110433885685),(0.,-0.707103128468541,-0.707110433885685),
(0.,-1.,0.),(1.,0.,0.),(0.,-0.707103128468541,-0.707110433885685),(0.,0.,
-1.),(-0.707121111262573,0.,-0.707092450820106),(0.707103409448783,0.,0.707110152908235),
(1.,0.,0.),(0.,-1.,0.),(0.,-0.707103409448872,0.707110152908145),(0.,-1.,
0.),(0.,-0.707103409448872,0.707110152908145),(-1.,0.,0.),(-0.707121392235718,
0.,0.70709216983546),(-0.707121392235718,0.,0.70709216983546),(0.,-0.707103409448872,
0.707110152908145),(0.,0.,1.),(0.,-1.,0.),(0.,-0.707103128468541,-0.707110433885685),
(-0.707121111262573,0.,-0.707092450820106),(-1.,0.,0.),(0.,1.,0.),(0.,0.70710340944888,
0.707110152908137),(-0.707121392235718,0.,0.70709216983546),(-1.,0.,0.),
(-1.,0.,0.),(0.,1.,0.),(-0.707121111262573,0.,-0.707092450820106),(0.,0.707103128468549,
-0.707110433885677),(0.,0.,-1.),(0.,-0.70712111126245,-0.707092450820229),
(0.707103128468541,0.,-0.707110433885685),(0.,0.,-1.),(-1.,0.,0.),(0.999734417899306,
-0.023045469566406,0.),(0.,0.,-1.),(0.707111850174937,-7.77650756524983E-6,
-0.707101712119058),(-1.09162156868169E-5,0.707127108079726,-0.70708645362476),
(0.,0.,1.),(0.707103409448783,0.,0.707110152908235),(0.,-0.707121392235718,
0.707092169835461),(0.,0.,1.),(0.999734417899306,-0.023045469566406,0.),
(-1.,0.,0.),(0.,0.,1.),(-1.07158925103548E-5,0.707127203765921,0.707086357936115),
(0.707111945975407,-7.57600286074347E-6,0.707101616319378),(0.,0.,-1.),
(0.999730290648226,0.0232238231222382,0.),(-1.,0.,0.),(-1.,0.,0.),(0.,0.,
1.),(0.999730290648226,0.0232238231222382,0.),(0.0797892193338494,-0.996811757794868,
0.),(0.,0.,1.),(0.0797892193338494,-0.996811757794868,0.),(0.,0.,-1.),(0.,
0.,-1.),(0.228528577858124,-0.973537204785797,0.),(0.,0.,-1.),(0.404399955040436,
-0.914582241443214,0.),(0.,0.,-1.),(0.565161157480543,-0.824980524664221,
0.),(0.,0.,-1.),(0.706793798350643,-0.707419625549837,0.),(0.,0.,-1.),(0.825078143823937,
-0.5650186338379,0.),(0.,0.,-1.),(0.914848567433377,-0.40379710086267,0.),
(0.,0.,-1.),(0.971268465878165,-0.237986485310987,0.),(0.,0.,-1.),(0.993860413118449,
-0.110641218521966,0.),(0.,0.,-1.),(0.999042717313508,-0.0437452738343596,
0.),(0.,0.,1.),(0.228528577858124,-0.973537204785797,0.),(0.,0.,1.),(0.404399955040436,
-0.914582241443214,0.),(0.,0.,1.),(0.565161157480543,-0.824980524664221,
0.),(0.,0.,1.),(0.706793798350643,-0.707419625549837,0.),(0.,0.,1.),(0.825078143823937,
-0.5650186338379,0.),(0.,0.,1.),(0.914848567433377,-0.40379710086267,0.),
(0.,0.,1.),(0.971268465878165,-0.237986485310987,0.),(0.,0.,1.),(0.993860413118449,
-0.110641218521966,0.),(0.,0.,1.),(0.999042717313508,-0.0437452738343596,
0.),(0.0830800855929403,0.996542873828251,0.),(0.,0.,-1.),(0.0830800855929403,
0.996542873828251,0.),(0.,0.,1.),(0.228528577858148,0.973537204785792,0.),
(0.,0.,-1.),(0.228528577858148,0.973537204785792,0.),(0.,0.,1.),(0.,0.,
1.),(0.403629292634853,0.914922616469332,0.),(0.403629292634853,0.914922616469332,
0.),(0.,0.,-1.),(0.,0.,-1.),(0.56507868915366,0.825037014360193,0.),(0.56507868915366,
0.825037014360193,0.),(0.,0.,1.),(0.707318877636494,0.706894621099248,0.),
(0.,0.,-1.),(0.707318877636494,0.706894621099248,0.),(0.,0.,1.),(0.825078143824001,
0.565018633837807,0.),(0.,0.,-1.),(0.825078143824001,0.565018633837807,
0.),(0.,0.,1.),(0.914848567433377,0.40379710086267,0.),(0.,0.,-1.),(0.914848567433377,
0.40379710086267,0.),(0.,0.,1.),(0.971268465878388,0.237986485310074,0.),
(0.,0.,-1.),(0.971268465878388,0.237986485310074,0.),(0.,0.,1.),(0.,0.,
1.),(0.993860413118054,0.110641218525515,0.),(0.993860413118054,0.110641218525515,
0.),(0.,0.,-1.),(0.,0.,-1.),(0.999038811231804,0.043834388926325,0.),(0.999038811231804,
0.043834388926325,0.),(0.,0.,1.),(-0.999933602270497,-0.0115234999174335,
0.),(0.,0.,-1.),(-0.999933602270497,-0.0115234999174335,0.),(0.,0.,1.),
(0.,0.,1.),(-1.,0.,0.),(-0.996734703133068,-0.0807460932196347,0.),(0.,
0.,1.),(-1.,0.,0.),(0.,0.,-1.),(0.,0.,-1.),(-0.0104608376258322,-0.99994528394116,
0.),(-0.996734703133068,-0.0807460932196347,0.),(0.,0.,-1.),(0.,0.,1.),
(-0.0104608376258322,-0.99994528394116,0.),(-1.,0.,0.),(0.,0.,1.),(-1.,
0.,0.),(0.,0.,-1.),(0.,0.,-1.),(-0.0132065833558457,0.999912789275177,0.),
(-0.0132065833558457,0.999912789275177,0.),(0.,0.,1.),(0.,0.,1.),(-0.999936479571524,
0.0112710612679955,0.),(-0.999936479571524,0.0112710612679955,0.),(0.,0.,
-1.),(0.,0.,-1.),(-0.996753062634471,0.0805191413814294,0.),(0.,0.,-1.),
(-0.973391014317986,0.229150459840259,0.),(0.,0.,-1.),(-0.914726742577529,
0.404072996392364,0.),(0.,0.,-1.),(-0.824962740760218,0.565187116234429,
0.),(0.,0.,-1.),(-0.707361293936507,0.706852176795453,0.),(0.,0.,-1.),(-0.565774949376575,
0.824559704726064,0.),(0.,0.,-1.),(-0.403677365987886,0.914901406813369,
0.),(0.,0.,-1.),(-0.228567805866437,0.973527995550926,0.),(0.,0.,-1.),(-0.0826343971646269,
0.996579929762404,0.),(-0.996753062634471,0.0805191413814294,0.),(0.,0.,
1.),(0.,0.,1.),(-0.973391014317986,0.229150459840259,0.),(0.,0.,1.),(-0.914726742577529,
0.404072996392364,0.),(0.,0.,1.),(-0.824962740760218,0.565187116234429,
0.),(0.,0.,1.),(-0.707361293936507,0.706852176795453,0.),(0.,0.,1.),(-0.565774949376575,
0.824559704726064,0.),(0.,0.,1.),(-0.403677365987886,0.914901406813369,
0.),(0.,0.,1.),(-0.228567805866437,0.973527995550926,0.),(0.,0.,1.),(-0.0826343971646269,
0.996579929762404,0.),(-0.973444830419254,-0.228921738002381,0.),(0.,0.,
-1.),(-0.973444830419254,-0.228921738002381,0.),(0.,0.,1.),(0.,0.,1.),(-0.914821506998039,
-0.403858403817276,0.),(-0.914821506998039,-0.403858403817276,0.),(0.,0.,
-1.),(-0.825040280159956,-0.565073920928564,0.),(0.,0.,1.),(-0.825040280159956,
-0.565073920928564,0.),(0.,0.,-1.),(-0.706868912830199,-0.707344569551681,
0.),(0.,0.,1.),(-0.706868912830199,-0.707344569551681,0.),(0.,0.,-1.),(-0.565204932742515,
-0.824950534276771,0.),(0.,0.,1.),(-0.565204932742515,-0.824950534276771,
0.),(0.,0.,-1.),(-0.404470865349341,-0.914550883813227,0.),(0.,0.,1.),(-0.404470865349341,
-0.914550883813227,0.),(0.,0.,-1.),(0.,0.,-1.),(-0.228637358097226,-0.97351166324925,
0.),(-0.228637358097226,-0.97351166324925,0.),(0.,0.,1.),(0.,0.,1.),(-0.0792216955176779,
-0.99685702232532,0.),(-0.0792216955176779,-0.99685702232532,0.),(0.,0.,
-1.),(0.0143285514471532,0.999897341037282,0.),(0.,0.,1.),(0.,0.,-1.),(0.0143285514471532,
0.999897341037282,0.),(0.0104723672817616,-0.999945163258224,0.),(0.,0.,
-1.),(0.,0.,-1.),(0.,0.707103128468549,-0.707110433885677),(-0.7071031284685,
0.,-0.707110433885726),(0.,0.,1.),(0.0104723672817616,-0.999945163258224,
0.),(0.707189271907988,-9.39832568329445E-5,-0.70702427459416),(0.999938396900134,
0.0110996578681749,0.),(0.707385799749311,-0.000305674573000206,-0.706827586385876),
(0.997003370187078,0.0773581271464612,0.),(0.707114157835899,-9.18194597351064E-6,
-0.707099404400626),(0.976512168000568,0.215462260609209,0.),(0.707133840488972,
-1.92022825136889E-5,-0.707079720587849),(0.92399464769585,0.382405401412457,
0.),(0.707096281185207,1.84870830154735E-5,-0.707117280790308),(0.842218104448144,
0.53913696269109,0.),(0.707155327657669,-8.08435109953385E-5,-0.7070582267605),
(0.707362477962109,0.70685099191506,0.),(0.000264390022664877,0.706997137828893,
-0.707216358125057),(-9.60808553914793E-5,0.707211467746497,-0.707002072596901),
(0.538593946195886,0.842565463997394,0.),(-3.44839905773988E-6,0.707106042553045,
-0.70710751981087),(0.38237732741829,0.924006265929212,0.),(0.000419668015715064,
0.706804635859434,-0.707408672979325),(0.216142978793498,0.976361722272168,
0.),(-0.00286919770487608,0.709748701652159,-0.704449109735831),(0.0749391159334214,
0.997188111091943,0.),(-0.000873598652132785,0.707903208531014,-0.706308915543964),
(0.00852200865372293,0.999963687024937,0.),(0.707192327799363,-9.70110902881582E-5,
0.707021217567455),(0.999938397723821,0.0110995836642072,0.),(0.707391418791644,
-0.000311319836246907,0.706821960397315),(0.997003351478384,0.0773583682665902,
0.),(0.707107938086149,-2.80868256812833E-6,0.707105624279476),(0.976512211976545,
0.215462061302392,0.),(0.707140409033054,-2.78525156771259E-5,0.707073151192154),
(0.923994896561616,0.382404800085053,0.),(0.707095073267158,2.1343860287029E-5,
0.707118488589962),(0.842217943073976,0.539137214783251,0.),(0.707152733749936,
-7.56545027308584E-5,0.707060821589196),(0.000269580046588103,0.70699454140685,
0.707218951773435),(0.707362477962109,0.70685099191506,0.),(-9.32246122855353E-5,
0.707210260413857,0.707003280667449),(0.538594201155137,0.842565301019487,
0.),(-1.20989966021418E-5,0.707112611776397,0.707100950445109),(0.382376733135835,
0.924006511858205,0.),(0.0004260398137694,0.706798411366951,0.707414888293448),
(0.216142780337356,0.976361766205558,0.),(-0.00287490352583859,0.709754344699798,
0.704443400926914),(0.0749393676222791,0.997188092177385,0.),(-0.000876638939796317,
0.707906270776042,0.706305842606534),(0.00852195144550941,0.999963687512482,
0.),(0.,0.70710340944888,0.707110152908137),(0.,0.,1.),(-0.707103409448825,
0.,0.707110152908192),(0.707103128468541,0.,-0.707110433885685),(0.,-0.70712111126245,
-0.707092450820229),(0.,-1.,0.),(1.,0.,0.),(0.,-0.70712111126245,-0.707092450820229),
(0.,0.,-1.),(-0.7071031284685,0.,-0.707110433885726),(0.707103409448783,
0.,0.707110152908235),(1.,0.,0.),(0.,-1.,0.),(0.,-0.707121392235718,0.707092169835461),
(0.,-1.,0.),(0.,-0.707121392235718,0.707092169835461),(-1.,0.,0.),(-0.707103409448825,
0.,0.707110152908192),(-0.707103409448825,0.,0.707110152908192),(0.,-0.707121392235718,
0.707092169835461),(0.,0.,1.),(0.,-1.,0.),(0.,-0.70712111126245,-0.707092450820229),
(-0.7071031284685,0.,-0.707110433885726),(-1.,0.,0.),(0.,1.,0.),(0.,0.70710340944888,
0.707110152908137),(-0.707103409448825,0.,0.707110152908192),(-1.,0.,0.),
(-1.,0.,0.),(0.,1.,0.),(-0.7071031284685,0.,-0.707110433885726),(0.,0.707103128468549,
-0.707110433885677),(0.0792331895606165,-0.996856108810119,0.),(0.,0.,1.),
(0.0792331895606165,-0.996856108810119,0.),(0.,0.,-1.),(0.,0.,-1.),(0.228637358097342,
-0.973511663249223,0.),(0.,0.,-1.),(0.404409466740251,-0.914578035604871,
0.),(0.,0.,-1.),(0.565149549024933,-0.82498847703281,0.),(0.,0.,-1.),(0.706868912829883,
-0.707344569551996,0.),(0.,0.,-1.),(0.825108290351477,-0.564974609335023,
0.),(0.,0.,-1.),(0.914870111535499,-0.403748286707231,0.),(0.,0.,1.),(0.228637358097342,
-0.973511663249223,0.),(0.,0.,1.),(0.404409466740251,-0.914578035604871,
0.),(0.,0.,1.),(0.565149549024933,-0.82498847703281,0.),(0.,0.,1.),(0.706868912829883,
-0.707344569551996,0.),(0.,0.,1.),(0.825108290351477,-0.564974609335023,
0.),(0.,0.,1.),(0.914870111535499,-0.403748286707231,0.),(0.0830769495487262,
0.996543135269958,0.),(0.,0.,-1.),(0.0830769495487262,0.996543135269958,
0.),(0.,0.,1.),(0.22863735809821,0.973511663249019,0.),(0.,0.,-1.),(0.22863735809821,
0.973511663249019,0.),(0.,0.,1.),(0.,0.,1.),(0.403748830931336,0.914869871359626,
0.),(0.403748830931336,0.914869871359626,0.),(0.,0.,-1.),(0.,0.,-1.),(0.56507868915366,
0.825037014360193,0.),(0.56507868915366,0.825037014360193,0.),(0.,0.,1.),
(0.707256645214036,0.706956885390183,0.),(0.,0.,-1.),(0.707256645214036,
0.706956885390183,0.),(0.,0.,1.),(0.825096401621787,0.564991971651614,0.),
(0.,0.,-1.),(0.825096401621787,0.564991971651614,0.),(0.,0.,1.),(0.,0.,
1.),(0.,0.,1.),(0.,0.,1.),(0.,0.,1.),(0.,0.,1.),(0.,0.,1.),(0.,0.,1.),(0.,
0.,1.),(0.,0.,1.),(0.,0.,1.),(0.,0.,1.),(0.,0.,1.),(0.,0.,1.),(0.,0.,1.),
(0.,0.,1.),(0.,0.,1.),(0.,0.,1.),(0.,0.,1.),(0.,0.,1.)),$,(305,305,306,
306,335,335,336,336,311,311,338,338,312,312,337,337,361,361,362,362,339,
339,340,340,342,342,341,341,343,343,344,344,346,346,345,345,347,347,348,
348,350,350,349,349,351,351,352,352,353,353,354,354,355,355,356,356,360,
360,359,359,357,357,358,358,402,402,401,401,365,365,365,366,366,366,399,
399,395,395,395,363,363,363,400,400,364,364,364,367,367,371,371,373,373,
375,375,377,377,379,379,379,381,381,383,383,385,385,387,387,389,389,368,
368,372,372,374,374,376,376,378,378,380,380,380,382,382,384,384,386,386,
388,388,390,390,396,396,396,369,369,369,369,397,397,397,370,370,370,370,
391,391,391,391,398,398,398,394,394,394,394,393,393,393,393,392,392,392,
392,497,497,497,447,447,447,495,495,495,498,498,498,448,448,448,496,496,
496,449,449,449,450,450,450,404,404,403,403,407,407,411,411,415,415,419,
419,423,423,427,427,431,431,435,435,439,439,408,408,412,412,416,416,420,
420,424,424,428,428,432,432,436,436,440,440,405,405,406,406,409,409,410,
410,414,414,413,413,417,417,418,418,421,421,422,422,425,425,426,426,429,
429,430,430,433,433,434,434,438,438,437,437,441,441,442,442,443,443,444,
444,446,446,458,458,445,445,493,493,457,457,494,494,452,452,451,451,489,
489,490,490,454,454,453,453,455,455,459,459,463,463,467,467,471,471,475,
475,479,479,483,483,487,487,456,456,460,460,464,464,468,468,472,472,476,
476,480,480,484,484,488,488,461,461,462,462,466,466,465,465,470,470,469,
469,474,474,473,473,478,478,477,477,482,482,481,481,485,485,486,486,492,
492,491,491,534,534,533,533,531,531,532,532,499,499,503,503,505,505,507,
507,509,509,511,511,511,513,513,515,515,517,517,519,519,521,521,527,527,
527,500,500,504,504,506,506,508,508,510,510,512,512,512,514,514,516,516,
518,518,520,520,522,522,528,528,528,501,501,501,501,529,529,529,502,502,
502,502,525,525,525,525,530,530,530,526,526,526,526,524,524,524,524,523,
523,523,523,629,629,629,575,575,575,627,627,627,630,630,630,576,576,576,
628,628,628,581,581,581,582,582,582,536,536,535,535,539,539,543,543,547,
547,551,551,555,555,559,559,563,563,567,567,571,571,540,540,544,544,548,
548,552,552,556,556,560,560,564,564,568,568,572,572,537,537,538,538,541,
541,542,542,546,546,545,545,549,549,550,550,553,553,554,554,557,557,558,
558,561,561,562,562,565,565,566,566,570,570,569,569,573,573,574,574,577,
577,578,578,580,580,590,590,579,579,625,625,589,589,626,626,584,584,583,
583,621,621,622,622,586,586,585,585,587,587,591,591,595,595,599,599,603,
603,607,607,611,611,615,615,619,619,588,588,592,592,596,596,600,600,604,
604,608,608,612,612,616,616,620,620,594,594,593,593,598,598,597,597,602,
602,601,601,606,606,605,605,610,610,609,609,613,613,614,614,617,617,618,
618,624,624,623,623,666,666,665,665,664,664,659,659,659,663,663,631,631,
635,635,637,637,639,639,641,641,643,643,643,645,645,647,647,649,649,651,
651,653,653,632,632,636,636,638,638,640,640,642,642,644,644,644,646,646,
648,648,650,650,652,652,654,654,660,660,660,633,633,633,633,661,661,661,
634,634,634,634,655,655,655,655,662,662,662,658,658,658,658,657,657,657,
657,656,656,656,656,703,703,704,704,705,705,706,706,668,668,667,667,671,
671,675,675,679,679,683,683,687,687,691,691,696,696,699,699,672,672,676,
676,680,680,684,684,688,688,692,692,695,695,700,700,669,669,701,701,670,
670,702,702,673,673,674,674,678,678,677,677,681,681,682,682,685,685,686,
686,689,689,690,690,693,693,694,694,697,697,698,698,275,275,275,276,276,
277,277,299,299,298,298,297,297,297,300,300,300,278,278,278,309,313,323,
327,321,329,331,333,325,317,315,307,303,302,295,293,291,287,285,283,319,
284,288,292,294,296,301,304,308,316,318,326,334,332,324,330,328,320,314,
310,322,286,289,279,272,269,245,273,241,243,249,247,251,253,255,257,259,
261,265,267,263,2,2,3,3,1,1,8,8,4,4,47,47,47,7,7,43,43,45,45,45,48,48,48,
44,44,46,46,46,5,5,9,9,13,13,17,17,21,21,25,25,29,29,33,33,37,37,39,39,
6,6,10,10,14,14,18,18,22,22,26,26,30,30,34,34,38,38,40,40,11,11,12,12,16,
16,15,15,20,20,19,19,24,24,23,23,28,28,27,27,32,32,31,31,35,35,36,36,42,
42,41,41,84,84,83,83,81,81,77,77,77,82,82,49,49,53,53,55,55,57,57,59,59,
61,61,61,63,63,65,65,67,67,69,69,71,71,50,50,54,54,56,56,58,58,60,60,62,
62,62,64,64,66,66,68,68,70,70,72,72,78,78,78,51,51,51,51,79,79,79,52,52,
52,52,76,76,76,76,80,80,80,75,75,75,75,74,74,74,74,73,73,73,73,179,179,
179,129,129,129,177,177,177,180,180,180,130,130,130,178,178,178,131,131,
131,132,132,132,86,86,85,85,89,89,93,93,97,97,101,101,105,105,109,109,113,
113,118,118,121,121,90,90,94,94,98,98,102,102,106,106,110,110,114,114,119,
119,122,122,87,87,88,88,91,91,92,92,96,96,95,95,99,99,100,100,103,103,104,
104,107,107,108,108,111,111,112,112,115,115,116,116,117,117,120,120,123,
123,124,124,125,125,126,126,128,128,140,140,127,127,175,175,139,139,176,
176,134,134,133,133,171,171,172,172,136,136,135,135,137,137,141,141,145,
145,149,149,153,153,157,157,161,161,165,165,169,169,138,138,142,142,146,
146,150,150,154,154,158,158,162,162,166,166,170,170,143,143,144,144,148,
148,147,147,152,152,151,151,156,156,155,155,160,160,159,159,164,164,163,
163,167,167,168,168,174,174,173,173,215,215,216,216,213,213,209,209,209,
214,214,181,181,185,185,187,187,189,189,191,191,193,193,193,195,195,197,
197,199,199,201,201,203,203,182,182,186,186,188,188,190,190,192,192,194,
194,194,196,196,198,198,200,200,202,202,204,204,211,211,211,183,183,183,
183,212,212,212,184,184,184,184,208,208,208,208,210,210,210,207,207,207,
207,206,206,206,206,205,205,205,205,218,218,217,217,221,221,225,225,229,
229,233,233,237,237,281,281,222,222,226,226,230,230,234,234,238,238,282,
282,219,219,220,220,223,223,224,224,228,228,227,227,231,231,232,232,235,
235,236,236,239,239,240,240,268,274,266,262,260,258,256,254,252,250,248,
244,246,264,242,270,290,280,271),((1,3,5),(5,3,7),(9,11,14),(15,11,9),(17,
16,10),(13,12,20),(5,7,21),(21,7,23),(15,26,11),(27,26,15),(28,16,17),(20,
12,25),(21,23,30),(30,23,31),(27,34,26),(35,34,27),(17,36,28),(25,33,20),
(30,31,38),(38,31,39),(35,42,34),(43,42,35),(44,36,17),(20,33,41),(38,39,
46),(46,39,47),(42,43,49),(17,50,44),(42,49,51),(41,52,20),(46,47,53),(53,
47,55),(49,58,51),(59,58,49),(60,50,17),(20,52,57),(55,62,53),(63,62,55),
(66,62,63),(68,69,61),(67,62,66),(64,72,65),(59,19,58),(18,19,59),(18,75,
19),(77,17,80),(76,17,77),(83,85,20),(19,75,84),(71,88,81),(88,90,81),(81,
90,92),(92,94,81),(81,94,96),(96,98,81),(100,101,82),(82,101,103),(103,
105,82),(82,105,107),(107,109,82),(109,78,82),(111,73,87),(113,111,87),
(87,115,113),(117,115,87),(87,119,117),(121,119,87),(124,122,86),(86,126,
124),(128,126,86),(86,130,128),(132,130,86),(134,132,86),(85,83,135),(71,
137,88),(70,141,138),(142,69,68),(144,73,111),(149,74,147),(153,74,149),
(65,72,154),(89,140,112),(112,114,89),(89,114,91),(112,140,145),(139,155,
146),(138,141,156),(146,155,148),(91,114,93),(93,114,116),(93,116,95),(95,
116,118),(95,118,97),(97,118,120),(97,120,99),(99,120,123),(99,123,102),
(102,123,125),(102,125,104),(104,125,127),(104,127,106),(106,127,129),(106,
129,108),(108,129,131),(131,110,108),(133,110,131),(133,159,110),(110,159,
164),(166,78,109),(134,160,132),(150,163,162),(158,163,150),(157,79,165),
(136,151,161),(143,79,157),(152,151,136),(167,77,142),(170,76,77),(173,
170,77),(173,77,167),(135,176,154),(83,179,135),(179,182,135),(182,176,
135),(68,185,142),(167,142,185),(154,189,65),(154,176,189),(84,75,191),
(191,75,193),(76,195,194),(197,195,76),(76,199,197),(201,199,76),(76,203,
201),(205,203,76),(76,207,205),(209,207,76),(76,211,209),(170,211,76),(192,
213,83),(83,213,215),(215,217,83),(83,217,219),(219,221,83),(83,221,223),
(223,225,83),(83,225,227),(227,229,83),(83,229,179),(67,66,231),(68,232,
185),(231,66,233),(234,65,189),(191,193,196),(191,196,214),(231,233,235),
(185,232,236),(235,233,237),(238,234,189),(196,216,214),(198,216,196),(240,
235,237),(240,241,235),(236,242,185),(189,239,238),(198,218,216),(200,218,
198),(241,240,244),(185,242,243),(244,240,245),(246,239,189),(200,220,218),
(202,220,200),(244,245,247),(243,248,185),(247,245,249),(189,250,246),(202,
222,220),(204,222,202),(247,249,251),(185,248,252),(251,249,253),(254,250,
189),(204,224,222),(206,224,204),(251,253,255),(252,256,185),(255,253,257),
(189,258,254),(224,206,208),(224,208,226),(255,257,259),(185,256,260),(259,
257,261),(262,258,189),(208,228,226),(210,228,208),(264,259,261),(264,265,
259),(260,266,185),(189,263,262),(210,230,228),(212,230,210),(265,264,268),
(185,266,267),(268,264,269),(270,263,189),(212,180,230),(172,180,212),(269,
186,268),(190,186,269),(271,273,276),(273,271,277),(276,279,271),(272,280,
281),(277,271,283),(284,272,281),(275,274,285),(285,274,278),(181,279,276),
(171,279,181),(280,170,281),(275,285,179),(281,170,173),(179,285,182),(188,
287,187),(187,287,289),(185,290,291),(291,167,185),(288,189,294),(176,294,
189),(289,287,296),(296,297,289),(291,290,298),(288,294,295),(297,296,300),
(299,301,298),(298,301,303),(303,305,298),(298,305,307),(307,309,298),(298,
309,311),(311,313,298),(298,313,315),(315,291,298),(300,296,317),(295,319,
318),(321,319,295),(295,323,321),(325,323,295),(295,327,325),(329,327,295),
(295,331,329),(333,331,295),(295,294,333),(300,317,302),(302,317,320),(277,
283,335),(281,336,284),(277,335,337),(278,338,285),(302,320,304),(304,320,
322),(335,340,337),(341,340,335),(342,336,281),(285,338,339),(304,322,306),
(306,322,324),(341,343,340),(345,343,341),(281,346,342),(339,344,285),(306,
324,308),(308,324,326),(345,347,343),(349,347,345),(350,346,281),(285,344,
348),(308,326,310),(310,326,328),(349,351,347),(353,351,349),(281,354,350),
(348,352,285),(310,328,312),(312,328,330),(353,355,351),(357,355,353),(358,
354,281),(285,352,356),(312,330,314),(314,330,332),(355,357,360),(281,359,
358),(355,360,361),(356,362,285),(314,332,316),(316,332,334),(360,364,361),
(365,364,360),(366,359,281),(285,362,363),(334,292,316),(293,292,334),(367,
292,293),(369,167,291),(370,292,367),(368,294,176),(365,286,364),(282,286,
365),(282,371,286),(173,372,281),(285,373,182),(286,371,374),(169,375,174),
(375,377,174),(174,377,379),(379,381,174),(174,381,383),(383,385,174),(387,
388,175),(175,388,390),(390,392,175),(175,392,394),(394,396,175),(396,398,
175),(400,372,173),(401,177,184),(403,401,184),(184,405,403),(407,405,184),
(184,409,407),(411,409,184),(414,412,183),(183,416,414),(418,416,183),(183,
420,418),(422,420,183),(424,422,183),(182,373,425),(169,427,375),(168,431,
428),(432,167,369),(434,177,401),(439,178,437),(443,178,439),(176,444,368),
(376,430,402),(402,404,376),(376,404,378),(402,430,435),(429,445,436),(428,
431,446),(436,445,438),(378,404,380),(380,404,406),(380,406,382),(382,406,
408),(382,408,384),(384,408,410),(384,410,386),(386,410,413),(386,413,389),
(389,413,415),(389,415,391),(391,415,417),(391,417,393),(393,417,419),(393,
419,395),(395,419,421),(421,397,395),(423,397,421),(423,449,397),(397,449,
454),(456,398,396),(424,450,422),(440,453,452),(448,453,440),(447,399,455),
(426,441,451),(433,399,447),(442,441,426),(457,400,432),(400,460,372),(463,
460,400),(463,400,457),(425,466,444),(469,425,373),(469,472,425),(425,472,
466),(369,475,432),(457,432,475),(444,479,368),(466,479,444),(374,371,481),
(481,371,483),(372,485,484),(487,485,372),(372,489,487),(491,489,372),(372,
493,491),(495,493,372),(372,497,495),(499,497,372),(372,501,499),(460,501,
372),(482,503,373),(373,503,505),(505,507,373),(373,507,509),(509,511,373),
(373,511,513),(513,515,373),(373,515,517),(517,519,373),(373,519,469),(370,
367,521),(369,522,475),(521,367,523),(479,524,368),(481,483,486),(481,486,
504),(521,523,525),(475,522,526),(525,523,527),(528,524,479),(486,506,504),
(488,506,486),(530,525,527),(530,531,525),(526,532,475),(479,529,528),(488,
508,506),(490,508,488),(531,530,534),(475,532,533),(534,530,535),(536,529,
479),(490,510,508),(492,510,490),(534,535,537),(533,538,475),(537,535,539),
(479,540,536),(492,512,510),(494,512,492),(537,539,541),(475,538,542),(541,
539,543),(544,540,479),(494,514,512),(496,514,494),(541,543,545),(542,546,
475),(545,543,547),(479,548,544),(514,496,498),(514,498,516),(545,547,549),
(475,546,550),(549,547,551),(552,548,479),(498,518,516),(500,518,498),(554,
549,551),(554,555,549),(550,556,475),(479,553,552),(500,520,518),(502,520,
500),(555,554,558),(475,556,557),(558,554,559),(560,553,479),(502,470,520),
(462,470,502),(559,476,558),(480,476,559),(561,563,566),(563,561,567),(566,
569,561),(562,570,571),(567,561,573),(574,562,571),(575,565,564),(564,568,
575),(471,569,566),(461,569,471),(570,460,571),(469,565,575),(571,460,463),
(469,575,472),(478,577,477),(477,577,579),(475,580,581),(581,457,475),(584,
578,479),(584,479,466),(579,577,586),(586,587,579),(581,580,588),(585,578,
584),(587,586,590),(589,591,588),(588,591,593),(593,595,588),(588,595,597),
(597,599,588),(588,599,601),(601,603,588),(588,603,605),(605,581,588),(590,
586,607),(585,609,608),(611,609,585),(585,613,611),(615,613,585),(585,617,
615),(619,617,585),(585,621,619),(623,621,585),(623,585,584),(590,607,592),
(592,607,610),(567,573,625),(571,626,574),(567,625,627),(575,568,628),(592,
610,594),(594,610,612),(625,630,627),(631,630,625),(632,626,571),(628,629,
575),(594,612,596),(596,612,614),(631,633,630),(635,633,631),(571,636,632),
(575,629,634),(596,614,598),(598,614,616),(635,637,633),(639,637,635),(640,
636,571),(634,638,575),(598,616,600),(600,616,618),(639,641,637),(643,641,
639),(571,644,640),(575,638,642),(600,618,602),(602,618,620),(643,645,641),
(647,645,643),(648,644,571),(642,646,575),(602,620,604),(604,620,622),(645,
647,650),(571,649,648),(645,650,651),(575,646,652),(604,622,606),(606,622,
624),(650,654,651),(655,654,650),(656,649,571),(652,653,575),(624,582,606),
(583,582,624),(657,582,583),(659,457,581),(660,582,657),(658,584,466),(655,
576,654),(572,576,655),(572,661,576),(663,571,463),(662,571,663),(575,666,
472),(576,661,667),(459,668,464),(668,670,464),(464,670,672),(672,674,464),
(464,674,676),(676,678,464),(680,681,465),(465,681,683),(683,685,465),(465,
685,687),(687,689,465),(689,664,465),(691,467,474),(693,691,474),(474,695,
693),(697,695,474),(474,699,697),(701,699,474),(704,702,473),(473,706,704),
(708,706,473),(473,710,708),(712,710,473),(714,712,473),(472,666,715),(459,
717,668),(458,721,718),(722,457,659),(724,467,691),(729,468,727),(733,468,
729),(734,658,466),(669,720,692),(692,694,669),(669,694,671),(692,720,725),
(719,735,726),(718,721,736),(726,735,728),(671,694,673),(673,694,696),(673,
696,675),(675,696,698),(675,698,677),(677,698,700),(677,700,679),(679,700,
703),(679,703,682),(682,703,705),(682,705,684),(684,705,707),(684,707,686),
(686,707,709),(686,709,688),(688,709,711),(711,690,688),(713,690,711),(713,
739,690),(690,739,744),(746,664,689),(714,740,712),(730,743,742),(738,743,
730),(737,665,745),(716,731,741),(723,665,737),(732,731,716),(663,722,747),
(747,662,663),(734,715,750),(750,715,666),(751,722,659),(747,722,751),(734,
754,658),(750,754,734),(667,661,756),(756,661,757),(759,758,662),(662,761,
759),(763,761,662),(662,765,763),(767,765,662),(662,769,767),(771,769,662),
(662,773,771),(747,773,662),(755,775,666),(666,775,777),(777,779,666),(666,
779,781),(781,783,666),(666,783,785),(785,787,666),(666,787,789),(789,750,
666),(660,657,791),(793,659,792),(751,659,793),(791,657,795),(797,796,658),
(658,754,797),(756,757,760),(756,760,776),(791,795,799),(792,800,793),(799,
795,801),(802,796,797),(760,778,776),(762,778,760),(804,799,801),(804,805,
799),(793,800,806),(797,803,802),(762,780,778),(764,780,762),(805,804,808),
(806,807,793),(808,804,809),(810,803,797),(764,782,780),(766,782,764),(808,
809,811),(793,807,812),(811,809,813),(797,814,810),(766,784,782),(768,784,
766),(811,813,815),(812,816,793),(815,813,817),(818,814,797),(768,786,784),
(770,786,768),(815,817,819),(793,816,820),(819,817,821),(797,822,818),(786,
770,772),(786,772,788),(819,821,823),(820,824,793),(823,821,825),(826,822,
797),(772,790,788),(774,790,772),(798,823,825),(798,794,823),(774,749,790),
(748,749,774),(798,752,794),(753,752,798),(748,752,749),(749,752,753),(1,
827,831),(3,1,833),(14,834,836),(836,9,14),(836,838,9),(834,14,841),(833,
844,3),(831,833,1),(17,10,840),(17,847,848),(80,849,850),(17,851,849),(849,
80,17),(80,852,853),(69,853,854),(854,855,69),(61,69,856),(856,857,61),
(858,859,54),(859,860,45),(860,861,37),(861,862,29),(862,863,22),(863,864,
6),(864,865,2),(2,865,866),(866,828,2),(2,6,864),(6,22,863),(22,29,862),
(29,37,861),(37,45,860),(45,54,859),(54,61,858),(857,858,61),(855,856,69),
(853,69,80),(850,852,80),(851,17,867),(848,867,17),(840,847,17),(4,846,
868),(869,8,4),(870,24,8),(871,32,24),(872,40,32),(873,48,40),(874,56,48),
(875,64,56),(64,876,877),(64,875,876),(72,878,879),(72,877,878),(85,72,
880),(20,85,881),(85,882,883),(883,881,85),(20,884,885),(20,886,842),(842,
13,20),(885,886,20),(884,20,887),(881,887,20),(880,882,85),(879,880,72),
(877,72,64),(56,874,875),(48,873,874),(40,872,873),(32,871,872),(24,870,
871),(8,869,870),(4,888,869),(868,888,4),(847,840,889),(890,891,867),(849,
891,892),(852,850,893),(856,855,854),(858,857,854),(894,828,866),(895,896,
850),(893,850,896),(897,854,898),(899,854,897),(900,854,899),(901,854,900),
(902,903,854),(904,905,854),(906,854,905),(906,894,866),(866,854,906),(854,
903,904),(854,901,902),(898,854,853),(853,893,898),(893,853,852),(907,895,
850),(850,892,907),(892,850,849),(891,849,851),(891,851,867),(848,889,890),
(890,867,848),(889,848,847),(854,857,856),(862,861,854),(865,864,854),(854,
861,860),(854,866,865),(854,864,863),(859,858,854),(854,863,862),(854,860,
859),(908,911,912),(908,912,914),(912,911,916),(917,918,913),(914,912,921),
(922,913,923),(923,913,925),(913,918,925),(909,928,910),(915,931,909),(909,
931,933),(933,928,909),(916,911,936),(937,938,917),(917,938,940),(940,942,
917),(917,942,944),(944,946,917),(917,946,948),(948,950,917),(917,950,952),
(952,954,917),(954,918,917),(936,911,956),(910,958,957),(960,958,910),(910,
962,960),(964,962,910),(910,966,964),(968,966,910),(910,970,968),(972,970,
910),(972,910,974),(974,910,928),(936,956,939),(939,956,959),(914,921,976),
(923,977,922),(914,976,978),(915,979,931),(939,959,941),(941,959,961),(976,
981,978),(982,981,976),(983,977,923),(931,979,980),(941,961,943),(943,961,
963),(982,984,981),(986,984,982),(923,987,983),(980,985,931),(943,963,945),
(945,963,965),(986,988,984),(990,988,986),(991,987,923),(931,985,989),(945,
965,947),(947,965,967),(990,992,988),(994,992,990),(923,995,991),(989,993,
931),(947,967,949),(949,967,969),(994,996,992),(998,996,994),(999,995,923),
(931,993,997),(949,969,951),(951,969,971),(996,998,1001),(923,1000,999),
(996,1001,1002),(997,1003,931),(951,971,953),(953,971,973),(1001,1005,1002),
(1006,1005,1001),(1007,1000,923),(931,1003,1004),(973,955,953),(975,955,
973),(1008,955,975),(1010,918,954),(1011,955,1008),(974,928,1009),(1006,
932,1005),(924,932,1006),(924,1012,932),(1014,923,925),(1013,923,1014),
(1017,933,931),(932,1012,1018),(920,1019,926),(1019,1021,926),(926,1021,
1023),(1023,1025,926),(926,1025,1027),(1027,1029,926),(1031,1032,927),(927,
1032,1034),(1034,1036,927),(927,1036,1038),(1038,1040,927),(1040,1015,927),
(1042,929,935),(1044,1042,935),(935,1046,1044),(1048,1046,935),(935,1050,
1048),(1052,1050,935),(1055,1053,934),(934,1057,1055),(1059,1057,934),(934,
1061,1059),(1063,1061,934),(1065,1063,934),(1017,1066,933),(920,1068,1019),
(919,1072,1069),(1073,918,1010),(1075,929,1042),(1080,930,1078),(1084,930,
1080),(1009,928,1085),(1020,1071,1043),(1043,1045,1020),(1020,1045,1022),
(1043,1071,1076),(1070,1086,1077),(1069,1072,1087),(1077,1086,1079),(1022,
1045,1024),(1024,1045,1047),(1024,1047,1026),(1026,1047,1049),(1026,1049,
1028),(1028,1049,1051),(1028,1051,1030),(1030,1051,1054),(1030,1054,1033),
(1033,1054,1056),(1033,1056,1035),(1035,1056,1058),(1035,1058,1037),(1037,
1058,1060),(1037,1060,1039),(1039,1060,1062),(1062,1041,1039),(1064,1041,
1062),(1064,1090,1041),(1041,1090,1095),(1097,1015,1040),(1065,1091,1063),
(1081,1094,1093),(1089,1094,1081),(1088,1016,1096),(1067,1082,1092),(1074,
1016,1088),(1083,1082,1067),(1014,1073,1098),(1101,1013,1014),(1014,1104,
1101),(1098,1104,1014),(1066,1107,1085),(1110,1066,1017),(1110,1113,1066),
(1066,1113,1107),(1010,1116,1073),(1098,1073,1116),(1085,1120,1009),(1107,
1120,1085),(1018,1012,1122),(1122,1012,1124),(1013,1126,1125),(1128,1126,
1013),(1013,1130,1128),(1132,1130,1013),(1013,1134,1132),(1136,1134,1013),
(1013,1138,1136),(1140,1138,1013),(1013,1142,1140),(1101,1142,1013),(1123,
1144,1017),(1017,1144,1146),(1146,1148,1017),(1017,1148,1150),(1150,1152,
1017),(1017,1152,1154),(1154,1156,1017),(1017,1156,1158),(1158,1160,1017),
(1017,1160,1110),(1011,1008,1162),(1010,1163,1116),(1162,1008,1164),(1120,
1165,1009),(1122,1124,1127),(1122,1127,1145),(1162,1164,1166),(1116,1163,
1167),(1166,1164,1168),(1169,1165,1120),(1127,1147,1145),(1129,1147,1127),
(1171,1166,1168),(1171,1172,1166),(1167,1173,1116),(1120,1170,1169),(1129,
1149,1147),(1131,1149,1129),(1172,1171,1175),(1116,1173,1174),(1175,1171,
1176),(1177,1170,1120),(1131,1151,1149),(1133,1151,1131),(1175,1176,1178),
(1174,1179,1116),(1178,1176,1180),(1120,1181,1177),(1133,1153,1151),(1135,
1153,1133),(1178,1180,1182),(1116,1179,1183),(1182,1180,1184),(1185,1181,
1120),(1135,1155,1153),(1137,1155,1135),(1182,1184,1186),(1183,1187,1116),
(1186,1184,1188),(1120,1189,1185),(1155,1137,1139),(1155,1139,1157),(1186,
1188,1190),(1116,1187,1191),(1190,1188,1192),(1193,1189,1120),(1139,1159,
1157),(1141,1159,1139),(1195,1190,1192),(1195,1196,1190),(1191,1197,1116),
(1120,1194,1193),(1141,1161,1159),(1143,1161,1141),(1196,1195,1199),(1116,
1197,1198),(1199,1195,1200),(1201,1194,1120),(1143,1111,1161),(1103,1111,
1143),(1200,1117,1199),(1121,1117,1200),(1202,1204,1207),(1204,1202,1208),
(1207,1210,1202),(1203,1211,1212),(1208,1202,1214),(1215,1203,1212),(1216,
1206,1205),(1205,1209,1216),(1112,1210,1207),(1102,1210,1112),(1211,1101,
1212),(1110,1206,1216),(1104,1212,1101),(1110,1216,1113),(1119,1218,1118),
(1118,1218,1220),(1116,1221,1222),(1222,1098,1116),(1225,1219,1120),(1225,
1120,1107),(1220,1218,1227),(1227,1228,1220),(1222,1221,1229),(1226,1219,
1225),(1228,1227,1231),(1230,1232,1229),(1229,1232,1234),(1234,1236,1229),
(1229,1236,1238),(1238,1240,1229),(1229,1240,1242),(1242,1244,1229),(1229,
1244,1246),(1246,1222,1229),(1231,1227,1248),(1226,1250,1249),(1252,1250,
1226),(1226,1254,1252),(1256,1254,1226),(1226,1258,1256),(1260,1258,1226),
(1226,1262,1260),(1264,1262,1226),(1264,1226,1225),(1231,1248,1233),(1233,
1248,1251),(1208,1214,1266),(1212,1267,1215),(1208,1266,1268),(1216,1209,
1269),(1233,1251,1235),(1235,1251,1253),(1266,1271,1268),(1272,1271,1266),
(1273,1267,1212),(1269,1270,1216),(1235,1253,1237),(1237,1253,1255),(1272,
1274,1271),(1276,1274,1272),(1212,1277,1273),(1216,1270,1275),(1237,1255,
1239),(1239,1255,1257),(1276,1278,1274),(1280,1278,1276),(1281,1277,1212),
(1275,1279,1216),(1239,1257,1241),(1241,1257,1259),(1280,1282,1278),(1284,
1282,1280),(1212,1285,1281),(1216,1279,1283),(1241,1259,1243),(1243,1259,
1261),(1284,1286,1282),(1288,1286,1284),(1289,1285,1212),(1283,1287,1216),
(1243,1261,1245),(1245,1261,1263),(1286,1288,1291),(1212,1290,1289),(1286,
1291,1292),(1216,1287,1293),(1245,1263,1247),(1247,1263,1265),(1291,1295,
1292),(1296,1295,1291),(1297,1290,1212),(1293,1294,1216),(1265,1223,1247),
(1224,1223,1265),(1298,1223,1224),(1300,1098,1222),(1301,1223,1298),(1107,
1299,1225),(1296,1217,1295),(1213,1217,1296),(1213,1302,1217),(1304,1212,
1104),(1303,1212,1304),(1216,1307,1113),(1217,1302,1308),(1100,1309,1105),
(1309,1311,1105),(1105,1311,1313),(1313,1315,1105),(1105,1315,1317),(1317,
1319,1105),(1321,1322,1106),(1106,1322,1324),(1324,1326,1106),(1106,1326,
1328),(1328,1330,1106),(1330,1305,1106),(1332,1108,1115),(1334,1332,1115),
(1115,1336,1334),(1338,1336,1115),(1115,1340,1338),(1342,1340,1115),(1345,
1343,1114),(1114,1347,1345),(1349,1347,1114),(1114,1351,1349),(1353,1351,
1114),(1355,1353,1114),(1113,1307,1356),(1100,1358,1309),(1099,1362,1359),
(1363,1098,1300),(1365,1108,1332),(1370,1109,1368),(1374,1109,1370),(1375,
1299,1107),(1310,1361,1333),(1333,1335,1310),(1310,1335,1312),(1333,1361,
1366),(1360,1376,1367),(1359,1362,1377),(1367,1376,1369),(1312,1335,1314),
(1314,1335,1337),(1314,1337,1316),(1316,1337,1339),(1316,1339,1318),(1318,
1339,1341),(1318,1341,1320),(1320,1341,1344),(1320,1344,1323),(1323,1344,
1346),(1323,1346,1325),(1325,1346,1348),(1325,1348,1327),(1327,1348,1350),
(1327,1350,1329),(1329,1350,1352),(1352,1331,1329),(1354,1331,1352),(1354,
1380,1331),(1331,1380,1385),(1387,1305,1330),(1355,1381,1353),(1371,1384,
1383),(1379,1384,1371),(1378,1306,1386),(1357,1372,1382),(1364,1306,1378),
(1373,1372,1357),(1308,1302,1388),(1388,1302,1390),(1392,1391,1303),(1303,
1394,1392),(1396,1394,1303),(1303,1398,1396),(1400,1398,1303),(1303,1402,
1400),(1389,1404,1307),(1307,1404,1406),(1406,1408,1307),(1307,1408,1410),
(1410,1412,1307),(1307,1412,1414),(1301,1298,1416),(1416,1298,1418),(1388,
1390,1393),(1388,1393,1405),(1416,1418,1420),(1420,1418,1422),(1393,1407,
1405),(1395,1407,1393),(1425,1420,1422),(1425,1426,1420),(1395,1409,1407),
(1397,1409,1395),(1426,1425,1429),(1429,1425,1430),(1397,1411,1409),(1399,
1411,1397),(1429,1430,1432),(1432,1430,1434),(1399,1413,1411),(1401,1413,
1399),(1432,1434,1436),(1436,1434,1438),(1401,1415,1413),(1403,1415,1401),
(1439,1440,1441),(1442,1440,1439),(1443,1442,1435),(1431,1444,1443),(1424,
1445,1444),(1424,1446,1445),(1423,1447,1446),(1419,1448,1447),(1299,1449,
1448),(1375,1450,1449),(1356,1451,1452),(1356,1453,1454),(1307,1455,1453),
(1453,1356,1307),(1307,1456,1457),(1307,1414,842),(842,1456,1307),(1457,
1458,1307),(1455,1307,1458),(1454,1451,1356),(1452,1375,1356),(1450,1375,
1452),(1449,1299,1375),(1448,1419,1299),(1447,1423,1419),(1446,1424,1423),
(1444,1431,1424),(1435,1431,1443),(1439,1435,1442),(1441,846,1439),(1437,
828,894),(1304,1363,893),(1303,889,840),(1303,891,890),(1303,1304,907),
(1304,896,895),(895,907,1304),(1363,1300,897),(1300,1417,899),(1417,1421,
900),(1421,1427,901),(1427,1428,903),(903,902,1427),(904,1428,1433),(1433,
905,904),(905,1433,1437),(1437,906,905),(904,903,1428),(902,901,1427),(901,
900,1421),(900,899,1417),(899,897,1300),(897,898,1363),(907,892,1303),(891,
1303,892),(890,889,1303),(840,1402,1303),(893,1363,898),(893,896,1304),
(894,906,1437),(1436,1438,830),(1438,845,832),(1403,839,837),(1415,837,
835),(835,843,1415),(837,1415,1403),(832,830,1438),(830,829,1436),(1440,
879,868),(888,868,879),(877,876,879),(1450,1452,880),(881,883,1455),(887,
881,1458),(886,885,1456),(1442,879,1440),(1443,1444,879),(1445,1446,879),
(1447,879,1446),(1448,879,1447),(1449,879,1448),(1450,879,1449),(1451,883,
1452),(1453,1455,883),(879,878,877),(869,888,879),(873,872,879),(879,876,
875),(871,870,879),(874,873,879),(879,872,871),(879,870,869),(879,875,874),
(1456,842,886),(884,887,1458),(885,884,1457),(884,1458,1457),(1457,1456,
885),(1455,1458,881),(883,1451,1454),(883,1454,1453),(1452,883,882),(1452,
882,880),(880,879,1450),(879,1444,1445),(879,1442,1443),(868,846,1441),
(868,1441,1440)),());
#841=COMPLEX_TRIANGULATED_FACE('ConvergentBody',#888,24,((-1.,0.,0.),(0.,
1.,0.),(0.,0.,-1.),(0.,0.,-1.),(-1.,0.,0.),(0.,-1.,0.),(-1.,0.,0.),(0.,
-1.,0.),(0.,0.,1.),(0.,-1.,0.),(0.,0.,1.),(1.,0.,0.),(0.,0.,-1.),(0.,1.,
0.),(1.,0.,0.),(0.,-1.,0.),(0.,0.,-1.),(1.,0.,0.),(-1.,0.,0.),(0.,0.,1.),
(0.,1.,0.),(0.,0.,1.),(0.,1.,0.),(1.,0.,0.)),$,(3,3,3,1,1,1,2,2,2,6,6,6,
7,7,7,5,5,5,4,4,4,8,8,8),((1,5,7),(6,10,8),(13,4,3),(6,16,10),(13,17,4),
(1,7,19),(22,20,9),(22,9,11),(14,2,21),(14,21,23),(18,24,12),(18,15,24)),
());
#842=COMPLEX_TRIANGULATED_FACE('ConvergentBody',#889,24,((-1.,0.,0.),(0.,
1.,0.),(0.,0.,-1.),(0.,0.,-1.),(-1.,0.,0.),(0.,-1.,0.),(-1.,0.,0.),(0.,
-1.,0.),(0.,0.,1.),(0.,-1.,0.),(0.,0.,1.),(1.,0.,0.),(0.,0.,-1.),(0.,1.,
0.),(1.,0.,0.),(0.,-1.,0.),(0.,0.,-1.),(1.,0.,0.),(-1.,0.,0.),(0.,0.,1.),
(0.,1.,0.),(0.,0.,1.),(0.,1.,0.),(1.,0.,0.)),$,(3,3,3,1,1,1,2,2,2,6,6,6,
7,7,7,5,5,5,4,4,4,8,8,8),((1,5,7),(6,10,8),(13,4,3),(6,16,10),(13,17,4),
(1,7,19),(22,20,9),(22,9,11),(14,2,21),(14,21,23),(18,24,12),(18,15,24)),
());
#843=COMPLEX_TRIANGULATED_FACE('ConvergentBody',#890,24,((-1.,0.,0.),(0.,
1.,0.),(0.,0.,-1.),(0.,0.,-1.),(-1.,0.,0.),(0.,-1.,0.),(-1.,0.,0.),(0.,
-1.,0.),(0.,0.,1.),(0.,-1.,0.),(0.,0.,1.),(1.,0.,0.),(0.,0.,-1.),(0.,1.,
0.),(1.,0.,0.),(0.,-1.,0.),(0.,0.,-1.),(1.,0.,0.),(-1.,0.,0.),(0.,0.,1.),
(0.,1.,0.),(0.,0.,1.),(0.,1.,0.),(1.,0.,0.)),$,(3,3,3,1,1,1,2,2,2,6,6,6,
7,7,7,5,5,5,4,4,4,8,8,8),((1,5,7),(6,10,8),(13,4,3),(6,16,10),(13,17,4),
(1,7,19),(22,20,9),(22,9,11),(14,2,21),(14,21,23),(18,24,12),(18,15,24)),
());
#844=COMPLEX_TRIANGULATED_FACE('ConvergentBody',#891,24,((-1.,0.,0.),(0.,
1.,0.),(0.,0.,-1.),(0.,0.,-1.),(-1.,0.,0.),(0.,-1.,0.),(-1.,0.,0.),(0.,
-1.,0.),(0.,0.,1.),(0.,-1.,0.),(0.,0.,1.),(1.,0.,0.),(0.,0.,-1.),(0.,1.,
0.),(1.,0.,0.),(0.,-1.,0.),(0.,0.,-1.),(1.,0.,0.),(-1.,0.,0.),(0.,0.,1.),
(0.,1.,0.),(0.,0.,1.),(0.,1.,0.),(1.,0.,0.)),$,(3,3,3,1,1,1,2,2,2,6,6,6,
7,7,7,5,5,5,4,4,4,8,8,8),((1,5,7),(6,10,8),(13,4,3),(6,16,10),(13,17,4),
(1,7,19),(22,20,9),(22,9,11),(14,2,21),(14,21,23),(18,24,12),(18,15,24)),
());
#845=COMPLEX_TRIANGULATED_FACE('ConvergentBody',#892,24,((-1.,0.,0.),(0.,
1.,0.),(0.,0.,-1.),(0.,0.,-1.),(-1.,0.,0.),(0.,-1.,0.),(-1.,0.,0.),(0.,
-1.,0.),(0.,0.,1.),(0.,-1.,0.),(0.,0.,1.),(1.,0.,0.),(0.,0.,-1.),(0.,1.,
0.),(1.,0.,0.),(0.,-1.,0.),(0.,0.,-1.),(1.,0.,0.),(-1.,0.,0.),(0.,0.,1.),
(0.,1.,0.),(0.,0.,1.),(0.,1.,0.),(1.,0.,0.)),$,(3,3,3,1,1,1,2,2,2,6,6,6,
7,7,7,5,5,5,4,4,4,8,8,8),((1,5,7),(6,10,8),(13,4,3),(6,16,10),(13,17,4),
(1,7,19),(22,20,9),(22,9,11),(14,2,21),(14,21,23),(18,24,12),(18,15,24)),
());
#846=COMPLEX_TRIANGULATED_FACE('ConvergentBody',#893,24,((-1.,0.,0.),(0.,
1.,0.),(0.,0.,-1.),(0.,0.,-1.),(-1.,0.,0.),(0.,-1.,0.),(-1.,0.,0.),(0.,
-1.,0.),(0.,0.,1.),(0.,-1.,0.),(0.,0.,1.),(1.,0.,0.),(0.,0.,-1.),(0.,1.,
0.),(1.,0.,0.),(0.,-1.,0.),(0.,0.,-1.),(1.,0.,0.),(-1.,0.,0.),(0.,0.,1.),
(0.,1.,0.),(0.,0.,1.),(0.,1.,0.),(1.,0.,0.)),$,(3,3,3,1,1,1,2,2,2,6,6,6,
7,7,7,5,5,5,4,4,4,8,8,8),((1,5,7),(6,10,8),(13,4,3),(6,16,10),(13,17,4),
(1,7,19),(22,20,9),(22,9,11),(14,2,21),(14,21,23),(18,24,12),(18,15,24)),
());
#847=COMPLEX_TRIANGULATED_FACE('ConvergentBody',#894,24,((-1.,0.,0.),(0.,
1.,0.),(0.,0.,-1.),(0.,0.,-1.),(-1.,0.,0.),(0.,-1.,0.),(-1.,0.,0.),(0.,
-1.,0.),(0.,0.,1.),(0.,-1.,0.),(0.,0.,1.),(1.,0.,0.),(0.,0.,-1.),(0.,1.,
0.),(1.,0.,0.),(0.,-1.,0.),(0.,0.,-1.),(1.,0.,0.),(-1.,0.,0.),(0.,0.,1.),
(0.,1.,0.),(0.,0.,1.),(0.,1.,0.),(1.,0.,0.)),$,(3,3,3,1,1,1,2,2,2,6,6,6,
7,7,7,5,5,5,4,4,4,8,8,8),((1,5,7),(6,10,8),(13,4,3),(6,16,10),(13,17,4),
(1,7,19),(22,20,9),(22,9,11),(14,2,21),(14,21,23),(18,24,12),(18,15,24)),
());
#848=COMPLEX_TRIANGULATED_FACE('ConvergentBody',#895,24,((-1.,0.,0.),(0.,
1.,0.),(0.,0.,-1.),(0.,0.,-1.),(-1.,0.,0.),(0.,-1.,0.),(-1.,0.,0.),(0.,
-1.,0.),(0.,0.,1.),(0.,-1.,0.),(0.,0.,1.),(1.,0.,0.),(0.,0.,-1.),(0.,1.,
0.),(1.,0.,0.),(0.,-1.,0.),(0.,0.,-1.),(1.,0.,0.),(-1.,0.,0.),(0.,0.,1.),
(0.,1.,0.),(0.,0.,1.),(0.,1.,0.),(1.,0.,0.)),$,(3,3,3,1,1,1,2,2,2,6,6,6,
7,7,7,5,5,5,4,4,4,8,8,8),((1,5,7),(6,10,8),(13,4,3),(6,16,10),(13,17,4),
(1,7,19),(22,20,9),(22,9,11),(14,2,21),(14,21,23),(18,24,12),(18,15,24)),
());
#849=COMPLEX_TRIANGULATED_FACE('ConvergentBody',#896,24,((-1.,0.,0.),(0.,
1.,0.),(0.,0.,-1.),(0.,0.,-1.),(-1.,0.,0.),(0.,-1.,0.),(-1.,0.,0.),(0.,
-1.,0.),(0.,0.,1.),(0.,-1.,0.),(0.,0.,1.),(1.,0.,0.),(0.,0.,-1.),(0.,1.,
0.),(1.,0.,0.),(0.,-1.,0.),(0.,0.,-1.),(1.,0.,0.),(-1.,0.,0.),(0.,0.,1.),
(0.,1.,0.),(0.,0.,1.),(0.,1.,0.),(1.,0.,0.)),$,(3,3,3,1,1,1,2,2,2,6,6,6,
7,7,7,5,5,5,4,4,4,8,8,8),((1,5,7),(6,10,8),(13,4,3),(6,16,10),(13,17,4),
(1,7,19),(22,20,9),(22,9,11),(14,2,21),(14,21,23),(18,24,12),(18,15,24)),
());
#850=COMPLEX_TRIANGULATED_FACE('ConvergentBody',#897,24,((-1.,0.,0.),(0.,
1.,0.),(0.,0.,-1.),(0.,0.,-1.),(-1.,0.,0.),(0.,-1.,0.),(-1.,0.,0.),(0.,
-1.,0.),(0.,0.,1.),(0.,-1.,0.),(0.,0.,1.),(1.,0.,0.),(0.,0.,-1.),(0.,1.,
0.),(1.,0.,0.),(0.,-1.,0.),(0.,0.,-1.),(1.,0.,0.),(-1.,0.,0.),(0.,0.,1.),
(0.,1.,0.),(0.,0.,1.),(0.,1.,0.),(1.,0.,0.)),$,(3,3,3,1,1,1,2,2,2,6,6,6,
7,7,7,5,5,5,4,4,4,8,8,8),((1,5,7),(6,10,8),(13,4,3),(6,16,10),(13,17,4),
(1,7,19),(22,20,9),(22,9,11),(14,2,21),(14,21,23),(18,24,12),(18,15,24)),
());
#851=COMPLEX_TRIANGULATED_FACE('ConvergentBody',#898,24,((-1.,0.,0.),(0.,
1.,0.),(0.,0.,-1.),(0.,0.,-1.),(-1.,0.,0.),(0.,-1.,0.),(-1.,0.,0.),(0.,
-1.,0.),(0.,0.,1.),(0.,-1.,0.),(0.,0.,1.),(1.,0.,0.),(0.,0.,-1.),(0.,1.,
0.),(1.,0.,0.),(0.,-1.,0.),(0.,0.,-1.),(1.,0.,0.),(-1.,0.,0.),(0.,0.,1.),
(0.,1.,0.),(0.,0.,1.),(0.,1.,0.),(1.,0.,0.)),$,(3,3,3,1,1,1,2,2,2,6,6,6,
7,7,7,5,5,5,4,4,4,8,8,8),((1,5,7),(6,10,8),(13,4,3),(6,16,10),(13,17,4),
(1,7,19),(22,20,9),(22,9,11),(14,2,21),(14,21,23),(18,24,12),(18,15,24)),
());
#852=COMPLEX_TRIANGULATED_FACE('ConvergentBody',#899,24,((-1.,0.,0.),(0.,
1.,0.),(0.,0.,-1.),(0.,0.,-1.),(-1.,0.,0.),(0.,-1.,0.),(-1.,0.,0.),(0.,
-1.,0.),(0.,0.,1.),(0.,-1.,0.),(0.,0.,1.),(1.,0.,0.),(0.,0.,-1.),(0.,1.,
0.),(1.,0.,0.),(0.,-1.,0.),(0.,0.,-1.),(1.,0.,0.),(-1.,0.,0.),(0.,0.,1.),
(0.,1.,0.),(0.,0.,1.),(0.,1.,0.),(1.,0.,0.)),$,(3,3,3,1,1,1,2,2,2,6,6,6,
7,7,7,5,5,5,4,4,4,8,8,8),((1,5,7),(6,10,8),(13,4,3),(6,16,10),(13,17,4),
(1,7,19),(22,20,9),(22,9,11),(14,2,21),(14,21,23),(18,24,12),(18,15,24)),
());
#853=COMPLEX_TRIANGULATED_FACE('ConvergentBody',#900,24,((-1.,0.,0.),(0.,
1.,0.),(0.,0.,-1.),(0.,0.,-1.),(-1.,0.,0.),(0.,-1.,0.),(-1.,0.,0.),(0.,
-1.,0.),(0.,0.,1.),(0.,-1.,0.),(0.,0.,1.),(1.,0.,0.),(0.,0.,-1.),(0.,1.,
0.),(1.,0.,0.),(0.,-1.,0.),(0.,0.,-1.),(1.,0.,0.),(-1.,0.,0.),(0.,0.,1.),
(0.,1.,0.),(0.,0.,1.),(0.,1.,0.),(1.,0.,0.)),$,(3,3,3,1,1,1,2,2,2,6,6,6,
7,7,7,5,5,5,4,4,4,8,8,8),((1,5,7),(6,10,8),(13,4,3),(6,16,10),(13,17,4),
(1,7,19),(22,20,9),(22,9,11),(14,2,21),(14,21,23),(18,24,12),(18,15,24)),
());
#854=COMPLEX_TRIANGULATED_FACE('ConvergentBody',#901,24,((-1.,0.,0.),(0.,
1.,0.),(0.,0.,-1.),(0.,0.,-1.),(-1.,0.,0.),(0.,-1.,0.),(-1.,0.,0.),(0.,
-1.,0.),(0.,0.,1.),(0.,-1.,0.),(0.,0.,1.),(1.,0.,0.),(0.,0.,-1.),(0.,1.,
0.),(1.,0.,0.),(0.,-1.,0.),(0.,0.,-1.),(1.,0.,0.),(-1.,0.,0.),(0.,0.,1.),
(0.,1.,0.),(0.,0.,1.),(0.,1.,0.),(1.,0.,0.)),$,(3,3,3,1,1,1,2,2,2,6,6,6,
7,7,7,5,5,5,4,4,4,8,8,8),((1,5,7),(6,10,8),(13,4,3),(6,16,10),(13,17,4),
(1,7,19),(22,20,9),(22,9,11),(14,2,21),(14,21,23),(18,24,12),(18,15,24)),
());
#855=COMPLEX_TRIANGULATED_FACE('ConvergentBody',#902,24,((-1.,0.,0.),(0.,
1.,0.),(0.,0.,-1.),(0.,0.,-1.),(-1.,0.,0.),(0.,-1.,0.),(-1.,0.,0.),(0.,
-1.,0.),(0.,0.,1.),(0.,-1.,0.),(0.,0.,1.),(1.,0.,0.),(0.,0.,-1.),(0.,1.,
0.),(1.,0.,0.),(0.,-1.,0.),(0.,0.,-1.),(1.,0.,0.),(-1.,0.,0.),(0.,0.,1.),
(0.,1.,0.),(0.,0.,1.),(0.,1.,0.),(1.,0.,0.)),$,(3,3,3,1,1,1,2,2,2,6,6,6,
7,7,7,5,5,5,4,4,4,8,8,8),((1,5,7),(6,10,8),(13,4,3),(6,16,10),(13,17,4),
(1,7,19),(22,20,9),(22,9,11),(14,2,21),(14,21,23),(18,24,12),(18,15,24)),
());
#856=COMPLEX_TRIANGULATED_FACE('ConvergentBody',#903,24,((-1.,0.,0.),(0.,
1.,0.),(0.,0.,-1.),(0.,0.,-1.),(-1.,0.,0.),(0.,-1.,0.),(-1.,0.,0.),(0.,
-1.,0.),(0.,0.,1.),(0.,-1.,0.),(0.,0.,1.),(1.,0.,0.),(0.,0.,-1.),(0.,1.,
0.),(1.,0.,0.),(0.,-1.,0.),(0.,0.,-1.),(1.,0.,0.),(-1.,0.,0.),(0.,0.,1.),
(0.,1.,0.),(0.,0.,1.),(0.,1.,0.),(1.,0.,0.)),$,(3,3,3,1,1,1,2,2,2,6,6,6,
7,7,7,5,5,5,4,4,4,8,8,8),((1,5,7),(6,10,8),(13,4,3),(6,16,10),(13,17,4),
(1,7,19),(22,20,9),(22,9,11),(14,2,21),(14,21,23),(18,24,12),(18,15,24)),
());
#857=COMPLEX_TRIANGULATED_FACE('ConvergentBody',#904,24,((-1.,0.,0.),(0.,
1.,0.),(0.,0.,-1.),(0.,0.,-1.),(-1.,0.,0.),(0.,-1.,0.),(-1.,0.,0.),(0.,
-1.,0.),(0.,0.,1.),(0.,-1.,0.),(0.,0.,1.),(1.,0.,0.),(0.,0.,-1.),(0.,1.,
0.),(1.,0.,0.),(0.,-1.,0.),(0.,0.,-1.),(1.,0.,0.),(-1.,0.,0.),(0.,0.,1.),
(0.,1.,0.),(0.,0.,1.),(0.,1.,0.),(1.,0.,0.)),$,(3,3,3,1,1,1,2,2,2,6,6,6,
7,7,7,5,5,5,4,4,4,8,8,8),((1,5,7),(6,10,8),(13,4,3),(6,16,10),(13,17,4),
(1,7,19),(22,20,9),(22,9,11),(14,2,21),(14,21,23),(18,24,12),(18,15,24)),
());
#858=COMPLEX_TRIANGULATED_FACE('ConvergentBody',#905,24,((-1.,0.,0.),(0.,
1.,0.),(0.,0.,-1.),(0.,0.,-1.),(-1.,0.,0.),(0.,-1.,0.),(-1.,0.,0.),(0.,
-1.,0.),(0.,0.,1.),(0.,-1.,0.),(0.,0.,1.),(1.,0.,0.),(0.,0.,-1.),(0.,1.,
0.),(1.,0.,0.),(0.,-1.,0.),(0.,0.,-1.),(1.,0.,0.),(-1.,0.,0.),(0.,0.,1.),
(0.,1.,0.),(0.,0.,1.),(0.,1.,0.),(1.,0.,0.)),$,(3,3,3,1,1,1,2,2,2,6,6,6,
7,7,7,5,5,5,4,4,4,8,8,8),((1,5,7),(6,10,8),(13,4,3),(6,16,10),(13,17,4),
(1,7,19),(22,20,9),(22,9,11),(14,2,21),(14,21,23),(18,24,12),(18,15,24)),
());
#859=COMPLEX_TRIANGULATED_FACE('ConvergentBody',#906,24,((-1.,0.,0.),(0.,
1.,0.),(0.,0.,-1.),(0.,0.,-1.),(-1.,0.,0.),(0.,-1.,0.),(-1.,0.,0.),(0.,
-1.,0.),(0.,0.,1.),(0.,-1.,0.),(0.,0.,1.),(1.,0.,0.),(0.,0.,-1.),(0.,1.,
0.),(1.,0.,0.),(0.,-1.,0.),(0.,0.,-1.),(1.,0.,0.),(-1.,0.,0.),(0.,0.,1.),
(0.,1.,0.),(0.,0.,1.),(0.,1.,0.),(1.,0.,0.)),$,(3,3,3,1,1,1,2,2,2,6,6,6,
7,7,7,5,5,5,4,4,4,8,8,8),((1,5,7),(6,10,8),(13,4,3),(6,16,10),(13,17,4),
(1,7,19),(22,20,9),(22,9,11),(14,2,21),(14,21,23),(18,24,12),(18,15,24)),
());
#860=COMPLEX_TRIANGULATED_FACE('ConvergentBody',#907,24,((-1.,0.,0.),(0.,
1.,0.),(0.,0.,-1.),(0.,0.,-1.),(-1.,0.,0.),(0.,-1.,0.),(-1.,0.,0.),(0.,
-1.,0.),(0.,0.,1.),(0.,-1.,0.),(0.,0.,1.),(1.,0.,0.),(0.,0.,-1.),(0.,1.,
0.),(1.,0.,0.),(0.,-1.,0.),(0.,0.,-1.),(1.,0.,0.),(-1.,0.,0.),(0.,0.,1.),
(0.,1.,0.),(0.,0.,1.),(0.,1.,0.),(1.,0.,0.)),$,(3,3,3,1,1,1,2,2,2,6,6,6,
7,7,7,5,5,5,4,4,4,8,8,8),((1,5,7),(6,10,8),(13,4,3),(6,16,10),(13,17,4),
(1,7,19),(22,20,9),(22,9,11),(14,2,21),(14,21,23),(18,24,12),(18,15,24)),
());
#861=COMPLEX_TRIANGULATED_FACE('ConvergentBody',#908,24,((-1.,0.,0.),(0.,
1.,0.),(0.,0.,-1.),(0.,0.,-1.),(-1.,0.,0.),(0.,-1.,0.),(-1.,0.,0.),(0.,
-1.,0.),(0.,0.,1.),(0.,-1.,0.),(0.,0.,1.),(1.,0.,0.),(0.,0.,-1.),(0.,1.,
0.),(1.,0.,0.),(0.,-1.,0.),(0.,0.,-1.),(1.,0.,0.),(-1.,0.,0.),(0.,0.,1.),
(0.,1.,0.),(0.,0.,1.),(0.,1.,0.),(1.,0.,0.)),$,(3,3,3,1,1,1,2,2,2,6,6,6,
7,7,7,5,5,5,4,4,4,8,8,8),((1,5,7),(6,10,8),(13,4,3),(6,16,10),(13,17,4),
(1,7,19),(22,20,9),(22,9,11),(14,2,21),(14,21,23),(18,24,12),(18,15,24)),
());
#862=COMPLEX_TRIANGULATED_FACE('ConvergentBody',#909,24,((-1.,0.,0.),(0.,
1.,0.),(0.,0.,-1.),(0.,0.,-1.),(-1.,0.,0.),(0.,-1.,0.),(-1.,0.,0.),(0.,
-1.,0.),(0.,0.,1.),(0.,-1.,0.),(0.,0.,1.),(1.,0.,0.),(0.,0.,-1.),(0.,1.,
0.),(1.,0.,0.),(0.,-1.,0.),(0.,0.,-1.),(1.,0.,0.),(-1.,0.,0.),(0.,0.,1.),
(0.,1.,0.),(0.,0.,1.),(0.,1.,0.),(1.,0.,0.)),$,(3,3,3,1,1,1,2,2,2,6,6,6,
7,7,7,5,5,5,4,4,4,8,8,8),((1,5,7),(6,10,8),(13,4,3),(6,16,10),(13,17,4),
(1,7,19),(22,20,9),(22,9,11),(14,2,21),(14,21,23),(18,24,12),(18,15,24)),
());
#863=COMPLEX_TRIANGULATED_FACE('ConvergentBody',#910,24,((-1.,0.,0.),(0.,
1.,0.),(0.,0.,-1.),(0.,0.,-1.),(-1.,0.,0.),(0.,-1.,0.),(-1.,0.,0.),(0.,
-1.,0.),(0.,0.,1.),(0.,-1.,0.),(0.,0.,1.),(1.,0.,0.),(0.,0.,-1.),(0.,1.,
0.),(1.,0.,0.),(0.,-1.,0.),(0.,0.,-1.),(1.,0.,0.),(-1.,0.,0.),(0.,0.,1.),
(0.,1.,0.),(0.,0.,1.),(0.,1.,0.),(1.,0.,0.)),$,(3,3,3,1,1,1,2,2,2,6,6,6,
7,7,7,5,5,5,4,4,4,8,8,8),((1,5,7),(6,10,8),(13,4,3),(6,16,10),(13,17,4),
(1,7,19),(22,20,9),(22,9,11),(14,2,21),(14,21,23),(18,24,12),(18,15,24)),
());
#864=COMPLEX_TRIANGULATED_FACE('ConvergentBody',#911,24,((-1.,0.,0.),(0.,
1.,0.),(0.,0.,-1.),(0.,0.,-1.),(-1.,0.,0.),(0.,-1.,0.),(-1.,0.,0.),(0.,
-1.,0.),(0.,0.,1.),(0.,-1.,0.),(0.,0.,1.),(1.,0.,0.),(0.,0.,-1.),(0.,1.,
0.),(1.,0.,0.),(0.,-1.,0.),(0.,0.,-1.),(1.,0.,0.),(-1.,0.,0.),(0.,0.,1.),
(0.,1.,0.),(0.,0.,1.),(0.,1.,0.),(1.,0.,0.)),$,(3,3,3,1,1,1,2,2,2,6,6,6,
7,7,7,5,5,5,4,4,4,8,8,8),((1,5,7),(6,10,8),(13,4,3),(6,16,10),(13,17,4),
(1,7,19),(22,20,9),(22,9,11),(14,2,21),(14,21,23),(18,24,12),(18,15,24)),
());
#865=COMPLEX_TRIANGULATED_FACE('ConvergentBody',#912,24,((-1.,0.,0.),(0.,
1.,0.),(0.,0.,-1.),(0.,0.,-1.),(-1.,0.,0.),(0.,-1.,0.),(-1.,0.,0.),(0.,
-1.,0.),(0.,0.,1.),(0.,-1.,0.),(0.,0.,1.),(1.,0.,0.),(0.,0.,-1.),(0.,1.,
0.),(1.,0.,0.),(0.,-1.,0.),(0.,0.,-1.),(1.,0.,0.),(-1.,0.,0.),(0.,0.,1.),
(0.,1.,0.),(0.,0.,1.),(0.,1.,0.),(1.,0.,0.)),$,(3,3,3,1,1,1,2,2,2,6,6,6,
7,7,7,5,5,5,4,4,4,8,8,8),((1,5,7),(6,10,8),(13,4,3),(6,16,10),(13,17,4),
(1,7,19),(22,20,9),(22,9,11),(14,2,21),(14,21,23),(18,24,12),(18,15,24)),
());
#866=COMPLEX_TRIANGULATED_FACE('ConvergentBody',#913,24,((-1.,0.,0.),(0.,
1.,0.),(0.,0.,-1.),(0.,0.,-1.),(-1.,0.,0.),(0.,-1.,0.),(-1.,0.,0.),(0.,
-1.,0.),(0.,0.,1.),(0.,-1.,0.),(0.,0.,1.),(1.,0.,0.),(0.,0.,-1.),(0.,1.,
0.),(1.,0.,0.),(0.,-1.,0.),(0.,0.,-1.),(1.,0.,0.),(-1.,0.,0.),(0.,0.,1.),
(0.,1.,0.),(0.,0.,1.),(0.,1.,0.),(1.,0.,0.)),$,(3,3,3,1,1,1,2,2,2,6,6,6,
7,7,7,5,5,5,4,4,4,8,8,8),((1,5,7),(6,10,8),(13,4,3),(6,16,10),(13,17,4),
(1,7,19),(22,20,9),(22,9,11),(14,2,21),(14,21,23),(18,24,12),(18,15,24)),
());
#867=COMPLEX_TRIANGULATED_FACE('ConvergentBody',#914,24,((-1.,0.,0.),(0.,
1.,0.),(0.,0.,-1.),(0.,0.,-1.),(-1.,0.,0.),(0.,-1.,0.),(-1.,0.,0.),(0.,
-1.,0.),(0.,0.,1.),(0.,-1.,0.),(0.,0.,1.),(1.,0.,0.),(0.,0.,-1.),(0.,1.,
0.),(1.,0.,0.),(0.,-1.,0.),(0.,0.,-1.),(1.,0.,0.),(-1.,0.,0.),(0.,0.,1.),
(0.,1.,0.),(0.,0.,1.),(0.,1.,0.),(1.,0.,0.)),$,(3,3,3,1,1,1,2,2,2,6,6,6,
7,7,7,5,5,5,4,4,4,8,8,8),((1,5,7),(6,10,8),(13,4,3),(6,16,10),(13,17,4),
(1,7,19),(22,20,9),(22,9,11),(14,2,21),(14,21,23),(18,24,12),(18,15,24)),
());
#868=COMPLEX_TRIANGULATED_FACE('ConvergentBody',#915,24,((-1.,0.,0.),(0.,
1.,0.),(0.,0.,-1.),(0.,0.,-1.),(-1.,0.,0.),(0.,-1.,0.),(-1.,0.,0.),(0.,
-1.,0.),(0.,0.,1.),(0.,-1.,0.),(0.,0.,1.),(1.,0.,0.),(0.,0.,-1.),(0.,1.,
0.),(1.,0.,0.),(0.,-1.,0.),(0.,0.,-1.),(1.,0.,0.),(-1.,0.,0.),(0.,0.,1.),
(0.,1.,0.),(0.,0.,1.),(0.,1.,0.),(1.,0.,0.)),$,(3,3,3,1,1,1,2,2,2,6,6,6,
7,7,7,5,5,5,4,4,4,8,8,8),((1,5,7),(6,10,8),(13,4,3),(6,16,10),(13,17,4),
(1,7,19),(22,20,9),(22,9,11),(14,2,21),(14,21,23),(18,24,12),(18,15,24)),
());
#869=COMPLEX_TRIANGULATED_FACE('ConvergentBody',#916,24,((-1.,0.,0.),(0.,
1.,0.),(0.,0.,-1.),(0.,0.,-1.),(-1.,0.,0.),(0.,-1.,0.),(-1.,0.,0.),(0.,
-1.,0.),(0.,0.,1.),(0.,-1.,0.),(0.,0.,1.),(1.,0.,0.),(0.,0.,-1.),(0.,1.,
0.),(1.,0.,0.),(0.,-1.,0.),(0.,0.,-1.),(1.,0.,0.),(-1.,0.,0.),(0.,0.,1.),
(0.,1.,0.),(0.,0.,1.),(0.,1.,0.),(1.,0.,0.)),$,(3,3,3,1,1,1,2,2,2,6,6,6,
7,7,7,5,5,5,4,4,4,8,8,8),((1,5,7),(6,10,8),(13,4,3),(6,16,10),(13,17,4),
(1,7,19),(22,20,9),(22,9,11),(14,2,21),(14,21,23),(18,24,12),(18,15,24)),
());
#870=COMPLEX_TRIANGULATED_FACE('ConvergentBody',#917,24,((-1.,0.,0.),(0.,
1.,0.),(0.,0.,-1.),(0.,0.,-1.),(-1.,0.,0.),(0.,-1.,0.),(-1.,0.,0.),(0.,
-1.,0.),(0.,0.,1.),(0.,-1.,0.),(0.,0.,1.),(1.,0.,0.),(0.,0.,-1.),(0.,1.,
0.),(1.,0.,0.),(0.,-1.,0.),(0.,0.,-1.),(1.,0.,0.),(-1.,0.,0.),(0.,0.,1.),
(0.,1.,0.),(0.,0.,1.),(0.,1.,0.),(1.,0.,0.)),$,(3,3,3,1,1,1,2,2,2,6,6,6,
7,7,7,5,5,5,4,4,4,8,8,8),((1,5,7),(6,10,8),(13,4,3),(6,16,10),(13,17,4),
(1,7,19),(22,20,9),(22,9,11),(14,2,21),(14,21,23),(18,24,12),(18,15,24)),
());
#871=COMPLEX_TRIANGULATED_FACE('ConvergentBody',#918,24,((-1.,0.,0.),(0.,
1.,0.),(0.,0.,-1.),(0.,0.,-1.),(-1.,0.,0.),(0.,-1.,0.),(-1.,0.,0.),(0.,
-1.,0.),(0.,0.,1.),(0.,-1.,0.),(0.,0.,1.),(1.,0.,0.),(0.,0.,-1.),(0.,1.,
0.),(1.,0.,0.),(0.,-1.,0.),(0.,0.,-1.),(1.,0.,0.),(-1.,0.,0.),(0.,0.,1.),
(0.,1.,0.),(0.,0.,1.),(0.,1.,0.),(1.,0.,0.)),$,(3,3,3,1,1,1,2,2,2,6,6,6,
7,7,7,5,5,5,4,4,4,8,8,8),((1,5,7),(6,10,8),(13,4,3),(6,16,10),(13,17,4),
(1,7,19),(22,20,9),(22,9,11),(14,2,21),(14,21,23),(18,24,12),(18,15,24)),
());
#872=COMPLEX_TRIANGULATED_FACE('ConvergentBody',#919,24,((-1.,0.,0.),(0.,
1.,0.),(0.,0.,-1.),(0.,0.,-1.),(-1.,0.,0.),(0.,-1.,0.),(-1.,0.,0.),(0.,
-1.,0.),(0.,0.,1.),(0.,-1.,0.),(0.,0.,1.),(1.,0.,0.),(0.,0.,-1.),(0.,1.,
0.),(1.,0.,0.),(0.,-1.,0.),(0.,0.,-1.),(1.,0.,0.),(-1.,0.,0.),(0.,0.,1.),
(0.,1.,0.),(0.,0.,1.),(0.,1.,0.),(1.,0.,0.)),$,(3,3,3,1,1,1,2,2,2,6,6,6,
7,7,7,5,5,5,4,4,4,8,8,8),((1,5,7),(6,10,8),(13,4,3),(6,16,10),(13,17,4),
(1,7,19),(22,20,9),(22,9,11),(14,2,21),(14,21,23),(18,24,12),(18,15,24)),
());
#873=COMPLEX_TRIANGULATED_FACE('ConvergentBody',#920,24,((-1.,0.,0.),(0.,
1.,0.),(0.,0.,-1.),(0.,0.,-1.),(-1.,0.,0.),(0.,-1.,0.),(-1.,0.,0.),(0.,
-1.,0.),(0.,0.,1.),(0.,-1.,0.),(0.,0.,1.),(1.,0.,0.),(0.,0.,-1.),(0.,1.,
0.),(1.,0.,0.),(0.,-1.,0.),(0.,0.,-1.),(1.,0.,0.),(-1.,0.,0.),(0.,0.,1.),
(0.,1.,0.),(0.,0.,1.),(0.,1.,0.),(1.,0.,0.)),$,(3,3,3,1,1,1,2,2,2,6,6,6,
7,7,7,5,5,5,4,4,4,8,8,8),((1,5,7),(6,10,8),(13,4,3),(6,16,10),(13,17,4),
(1,7,19),(22,20,9),(22,9,11),(14,2,21),(14,21,23),(18,24,12),(18,15,24)),
());
#874=COMPLEX_TRIANGULATED_FACE('ConvergentBody',#921,24,((-1.,0.,0.),(0.,
1.,0.),(0.,0.,-1.),(0.,0.,-1.),(-1.,0.,0.),(0.,-1.,0.),(-1.,0.,0.),(0.,
-1.,0.),(0.,0.,1.),(0.,-1.,0.),(0.,0.,1.),(1.,0.,0.),(0.,0.,-1.),(0.,1.,
0.),(1.,0.,0.),(0.,-1.,0.),(0.,0.,-1.),(1.,0.,0.),(-1.,0.,0.),(0.,0.,1.),
(0.,1.,0.),(0.,0.,1.),(0.,1.,0.),(1.,0.,0.)),$,(3,3,3,1,1,1,2,2,2,6,6,6,
7,7,7,5,5,5,4,4,4,8,8,8),((1,5,7),(6,10,8),(13,4,3),(6,16,10),(13,17,4),
(1,7,19),(22,20,9),(22,9,11),(14,2,21),(14,21,23),(18,24,12),(18,15,24)),
());
#875=COMPLEX_TRIANGULATED_FACE('ConvergentBody',#922,24,((-1.,0.,0.),(0.,
1.,0.),(0.,0.,-1.),(0.,0.,-1.),(-1.,0.,0.),(0.,-1.,0.),(-1.,0.,0.),(0.,
-1.,0.),(0.,0.,1.),(0.,-1.,0.),(0.,0.,1.),(1.,0.,0.),(0.,0.,-1.),(0.,1.,
0.),(1.,0.,0.),(0.,-1.,0.),(0.,0.,-1.),(1.,0.,0.),(-1.,0.,0.),(0.,0.,1.),
(0.,1.,0.),(0.,0.,1.),(0.,1.,0.),(1.,0.,0.)),$,(3,3,3,1,1,1,2,2,2,6,6,6,
7,7,7,5,5,5,4,4,4,8,8,8),((1,5,7),(6,10,8),(13,4,3),(6,16,10),(13,17,4),
(1,7,19),(22,20,9),(22,9,11),(14,2,21),(14,21,23),(18,24,12),(18,15,24)),
());
#876=COMPLEX_TRIANGULATED_FACE('ConvergentBody',#923,24,((-1.,0.,0.),(0.,
1.,0.),(0.,0.,-1.),(0.,0.,-1.),(-1.,0.,0.),(0.,-1.,0.),(-1.,0.,0.),(0.,
-1.,0.),(0.,0.,1.),(0.,-1.,0.),(0.,0.,1.),(1.,0.,0.),(0.,0.,-1.),(0.,1.,
0.),(1.,0.,0.),(0.,-1.,0.),(0.,0.,-1.),(1.,0.,0.),(-1.,0.,0.),(0.,0.,1.),
(0.,1.,0.),(0.,0.,1.),(0.,1.,0.),(1.,0.,0.)),$,(3,3,3,1,1,1,2,2,2,6,6,6,
7,7,7,5,5,5,4,4,4,8,8,8),((1,5,7),(6,10,8),(13,4,3),(6,16,10),(13,17,4),
(1,7,19),(22,20,9),(22,9,11),(14,2,21),(14,21,23),(18,24,12),(18,15,24)),
());
#877=COMPLEX_TRIANGULATED_FACE('ConvergentBody',#924,24,((-1.,0.,0.),(0.,
1.,0.),(0.,0.,-1.),(0.,0.,-1.),(-1.,0.,0.),(0.,-1.,0.),(-1.,0.,0.),(0.,
-1.,0.),(0.,0.,1.),(0.,-1.,0.),(0.,0.,1.),(1.,0.,0.),(0.,0.,-1.),(0.,1.,
0.),(1.,0.,0.),(0.,-1.,0.),(0.,0.,-1.),(1.,0.,0.),(-1.,0.,0.),(0.,0.,1.),
(0.,1.,0.),(0.,0.,1.),(0.,1.,0.),(1.,0.,0.)),$,(3,3,3,1,1,1,2,2,2,6,6,6,
7,7,7,5,5,5,4,4,4,8,8,8),((1,5,7),(6,10,8),(13,4,3),(6,16,10),(13,17,4),
(1,7,19),(22,20,9),(22,9,11),(14,2,21),(14,21,23),(18,24,12),(18,15,24)),
());
#878=COMPLEX_TRIANGULATED_FACE('ConvergentBody',#925,24,((-1.,0.,0.),(0.,
1.,0.),(0.,0.,-1.),(0.,0.,-1.),(-1.,0.,0.),(0.,-1.,0.),(-1.,0.,0.),(0.,
-1.,0.),(0.,0.,1.),(0.,-1.,0.),(0.,0.,1.),(1.,0.,0.),(0.,0.,-1.),(0.,1.,
0.),(1.,0.,0.),(0.,-1.,0.),(0.,0.,-1.),(1.,0.,0.),(-1.,0.,0.),(0.,0.,1.),
(0.,1.,0.),(0.,0.,1.),(0.,1.,0.),(1.,0.,0.)),$,(3,3,3,1,1,1,2,2,2,6,6,6,
7,7,7,5,5,5,4,4,4,8,8,8),((1,5,7),(6,10,8),(13,4,3),(6,16,10),(13,17,4),
(1,7,19),(22,20,9),(22,9,11),(14,2,21),(14,21,23),(18,24,12),(18,15,24)),
());
#879=COMPLEX_TRIANGULATED_FACE('ConvergentBody',#926,24,((-1.,0.,0.),(0.,
1.,0.),(0.,0.,-1.),(0.,0.,-1.),(-1.,0.,0.),(0.,-1.,0.),(-1.,0.,0.),(0.,
-1.,0.),(0.,0.,1.),(0.,-1.,0.),(0.,0.,1.),(1.,0.,0.),(0.,0.,-1.),(0.,1.,
0.),(1.,0.,0.),(0.,-1.,0.),(0.,0.,-1.),(1.,0.,0.),(-1.,0.,0.),(0.,0.,1.),
(0.,1.,0.),(0.,0.,1.),(0.,1.,0.),(1.,0.,0.)),$,(3,3,3,1,1,1,2,2,2,6,6,6,
7,7,7,5,5,5,4,4,4,8,8,8),((1,5,7),(6,10,8),(13,4,3),(6,16,10),(13,17,4),
(1,7,19),(22,20,9),(22,9,11),(14,2,21),(14,21,23),(18,24,12),(18,15,24)),
());
#880=COMPLEX_TRIANGULATED_FACE('ConvergentBody',#927,24,((-1.,0.,0.),(0.,
1.,0.),(0.,0.,-1.),(0.,0.,-1.),(-1.,0.,0.),(0.,-1.,0.),(-1.,0.,0.),(0.,
-1.,0.),(0.,0.,1.),(0.,-1.,0.),(0.,0.,1.),(1.,0.,0.),(0.,0.,-1.),(0.,1.,
0.),(1.,0.,0.),(0.,-1.,0.),(0.,0.,-1.),(1.,0.,0.),(-1.,0.,0.),(0.,0.,1.),
(0.,1.,0.),(0.,0.,1.),(0.,1.,0.),(1.,0.,0.)),$,(3,3,3,1,1,1,2,2,2,6,6,6,
7,7,7,5,5,5,4,4,4,8,8,8),((1,5,7),(6,10,8),(13,4,3),(6,16,10),(13,17,4),
(1,7,19),(22,20,9),(22,9,11),(14,2,21),(14,21,23),(18,24,12),(18,15,24)),
());
#881=COMPLEX_TRIANGULATED_FACE('ConvergentBody',#928,484,((-1.,0.,0.),(0.,
0.,1.),(0.,1.,0.),(-1.,0.,0.),(0.,0.,-1.),(0.,-1.,0.),(0.,-1.,0.),(-1.,
0.,0.),(0.,0.,1.),(0.,-1.,0.),(0.,0.,-1.),(1.,0.,0.),(-1.,0.,0.),(0.,1.,
0.),(0.,0.,-1.),(0.,0.,-1.),(0.775706926953758,0.631093308058291,0.),(0.,
0.,-1.),(0.576686683913752,0.816965402325313,0.),(0.,0.,-1.),(0.334870078122031,
0.942264310466307,0.),(0.,0.,-1.),(0.0682376004107265,0.997669098393944,
0.),(0.,0.,-1.),(-0.203463123809959,0.979082610023022,0.),(0.,0.,-1.),(0.0682376004107265,
0.997669098393944,0.),(0.,0.,-1.),(-0.20345393854804,0.979084518767042,
0.),(0.,0.,-1.),(0.0682319142943716,0.99766948729112,0.),(0.,0.,1.),(0.775706926953758,
0.631093308058291,0.),(0.,0.,1.),(0.576686683913752,0.816965402325313,0.),
(0.,0.,1.),(0.334870078122031,0.942264310466307,0.),(0.,0.,1.),(0.0682376004107265,
0.997669098393944,0.),(0.,0.,1.),(-0.203463123809959,0.979082610023022,
0.),(0.,0.,1.),(0.0682376004107265,0.997669098393944,0.),(0.,0.,1.),(-0.20345393854804,
0.979084518767042,0.),(0.,0.,1.),(0.0682319142943716,0.99766948729112,0.),
(0.,0.,1.),(0.,-1.,0.),(1.,0.,0.),(0.,1.,0.),(0.,0.,1.),(1.,0.,0.),(0.,
0.,-1.),(0.990687016289393,-0.136158862200082,0.),(0.,0.,-1.),(0.99068701628939,
0.136158862200102,0.),(0.,0.,-1.),(0.917206063107453,0.398413149631042,
0.),(0.,0.,-1.),(0.917206063107458,-0.398413149631029,0.),(0.,0.,-1.),(0.775706926953829,
-0.631093308058204,0.),(0.,0.,-1.),(0.576686683913663,-0.816965402325376,
0.),(0.,0.,-1.),(0.33487007812182,-0.942264310466382,0.),(0.,0.,-1.),(0.068237600411183,
-0.997669098393913,0.),(0.,0.,-1.),(-0.203463123809934,-0.979082610023027,
0.),(0.,0.,-1.),(0.33487007812182,-0.942264310466382,0.),(0.,0.,-1.),(0.068237600411183,
-0.997669098393913,0.),(0.,0.,-1.),(0.,1.,0.),(1.,0.,0.),(0.,0.,1.),(0.990687016289393,
-0.136158862200082,0.),(0.,0.,1.),(0.99068701628939,0.136158862200102,0.),
(0.,0.,1.),(0.917206063107453,0.398413149631042,0.),(0.,0.,1.),(0.917206063107458,
-0.398413149631029,0.),(0.,0.,1.),(0.775706926953829,-0.631093308058204,
0.),(0.,0.,1.),(0.576686683913663,-0.816965402325376,0.),(0.,0.,1.),(0.33487007812182,
-0.942264310466382,0.),(0.,0.,1.),(0.068237600411183,-0.997669098393913,
0.),(0.,0.,1.),(-0.203463123809934,-0.979082610023027,0.),(0.,0.,1.),(0.33487007812182,
-0.942264310466382,0.),(0.,0.,1.),(0.068237600411183,-0.997669098393913,
0.),(-0.460062586462761,0.887886488542986,0.),(0.,0.,1.),(-0.460062586462761,
0.887886488542986,0.),(0.,0.,-1.),(0.,0.,-1.),(0.334870078122031,0.942264310466307,
0.),(0.334870078122031,0.942264310466307,0.),(0.,0.,1.),(-0.460062586463144,
-0.887886488542788,0.),(0.,0.,-1.),(-0.460062586463144,-0.887886488542788,
0.),(0.,0.,1.),(0.,0.,1.),(-0.682542475551027,0.73084592703844,0.),(-0.682542475551027,
0.73084592703844,0.),(0.,0.,-1.),(0.,0.,-1.),(0.576686683913752,0.816965402325313,
0.),(0.576686683913752,0.816965402325313,0.),(0.,0.,1.),(0.,0.,1.),(-0.682542475551027,
-0.73084592703844,0.),(-0.682542475551027,-0.73084592703844,0.),(0.,0.,
-1.),(0.,0.,-1.),(0.576686683913663,-0.816965402325376,0.),(0.576686683913663,
-0.816965402325376,0.),(0.,0.,1.),(-0.854423103399551,0.51957786748194,
0.),(0.,0.,-1.),(0.,0.,-1.),(0.775706926953758,0.631093308058291,0.),(-0.854423103399551,
0.51957786748194,0.),(0.,0.,1.),(0.,0.,1.),(0.775706926953758,0.631093308058291,
0.),(-0.854423103399721,-0.519577867481661,0.),(0.,0.,-1.),(0.,0.,-1.),
(0.775706926953829,-0.631093308058204,0.),(-0.854423103399721,-0.519577867481661,
0.),(0.,0.,1.),(0.,0.,1.),(0.775706926953829,-0.631093308058204,0.),(-0.962914705892577,
0.269805984321719,0.),(0.,0.,-1.),(0.,0.,-1.),(0.917206063107453,0.398413149631042,
0.),(-0.962914705892577,0.269805984321719,0.),(0.,0.,1.),(0.,0.,1.),(0.917206063107453,
0.398413149631042,0.),(-0.96291470589255,-0.269805984321816,0.),(0.,0.,
-1.),(0.,0.,-1.),(0.917206063107458,-0.398413149631029,0.),(-0.96291470589255,
-0.269805984321816,0.),(0.,0.,1.),(0.,0.,1.),(0.917206063107458,-0.398413149631029,
0.),(-1.,0.,0.),(0.,0.,1.),(-1.,0.,0.),(0.,0.,-1.),(0.,0.,-1.),(0.99068701628939,
0.136158862200102,0.),(0.99068701628939,0.136158862200102,0.),(0.,0.,1.),
(0.,0.,-1.),(0.990687016289393,-0.136158862200082,0.),(0.990687016289393,
-0.136158862200082,0.),(0.,0.,1.),(0.,0.,1.),(-0.203453938548015,-0.979084518767047,
0.),(-0.203453938548015,-0.979084518767047,0.),(0.,0.,-1.),(-0.460054256744989,
0.887890804576112,0.),(0.,0.,1.),(-0.460054256744989,0.887890804576112,
0.),(0.,0.,-1.),(0.,0.,-1.),(0.334876852439596,0.94226190292304,0.),(0.334876852439596,
0.94226190292304,0.),(0.,0.,1.),(-0.460054256745373,-0.887890804575913,
0.),(0.,0.,-1.),(0.,0.,-1.),(0.334876852439235,-0.942261902923169,0.),(0.,
0.,-1.),(0.0682319142948281,-0.997669487291089,0.),(-0.460054256745373,
-0.887890804575913,0.),(0.,0.,1.),(0.,0.,1.),(0.334876852439235,-0.942261902923169,
0.),(0.,0.,1.),(0.0682319142948281,-0.997669487291089,0.),(-0.682558357586425,
0.730831094363753,0.),(0.,0.,1.),(-0.682558357586425,0.730831094363753,
0.),(0.,0.,-1.),(0.,0.,-1.),(0.576681591622353,0.816968996892728,0.),(0.576681591622353,
0.816968996892728,0.),(0.,0.,1.),(0.,0.,1.),(-0.682558357586425,-0.730831094363753,
0.),(-0.682558357586425,-0.730831094363753,0.),(0.,0.,-1.),(0.,0.,-1.),
(0.57668159162226,-0.816968996892793,0.),(0.57668159162226,-0.816968996892793,
0.),(0.,0.,1.),(-0.854421043566588,0.519581254772132,0.),(0.,0.,-1.),(0.,
0.,-1.),(0.775709965380856,0.63108957336406,0.),(-0.854421043566588,0.519581254772132,
0.),(0.,0.,1.),(0.,0.,1.),(0.775709965380856,0.63108957336406,0.),(-0.854421043566467,
-0.51958125477233,0.),(0.,0.,-1.),(0.,0.,-1.),(0.775709965380933,-0.631089573363966,
0.),(-0.854421043566467,-0.51958125477233,0.),(0.,0.,1.),(0.,0.,1.),(0.775709965380933,
-0.631089573363966,0.),(-0.962915261370138,0.269804001861495,0.),(0.,0.,
-1.),(0.,0.,-1.),(0.917204852317187,0.398415937037924,0.),(-0.962915261370138,
0.269804001861495,0.),(0.,0.,1.),(0.,0.,1.),(0.917204852317187,0.398415937037924,
0.),(-0.962915261370111,-0.269804001861592,0.),(0.,0.,-1.),(0.,0.,-1.),
(0.917204852317179,-0.398415937037944,0.),(-0.962915261370111,-0.269804001861592,
0.),(0.,0.,1.),(0.,0.,1.),(0.917204852317179,-0.398415937037944,0.),(-1.,
0.,0.),(0.,0.,1.),(-1.,0.,0.),(0.,0.,-1.),(0.,0.,-1.),(0.990683342967772,
0.136185586484768,0.),(0.990683342967772,0.136185586484768,0.),(0.,0.,1.),
(0.,0.,-1.),(0.990683342967787,-0.136185586484659,0.),(0.990683342967787,
-0.136185586484659,0.),(0.,0.,1.),(-0.203463123809959,0.979082610023022,
0.),(0.,0.,-1.),(-0.203463123809959,0.979082610023022,0.),(0.,0.,1.),(0.,
0.,1.),(-0.203463123809934,-0.979082610023027,0.),(-0.203463123809934,-0.979082610023027,
0.),(0.,0.,-1.),(-0.460062586462761,0.887886488542986,0.),(0.,0.,1.),(-0.460062586462761,
0.887886488542986,0.),(0.,0.,-1.),(0.,0.,-1.),(0.334870078122031,0.942264310466307,
0.),(0.,0.,-1.),(0.0682376004107265,0.997669098393944,0.),(0.,0.,1.),(0.334870078122031,
0.942264310466307,0.),(0.,0.,1.),(0.0682376004107265,0.997669098393944,
0.),(-0.460062586463144,-0.887886488542788,0.),(0.,0.,-1.),(0.,0.,-1.),
(0.33487007812182,-0.942264310466382,0.),(0.,0.,-1.),(0.068237600411183,
-0.997669098393913,0.),(-0.460062586463144,-0.887886488542788,0.),(0.,0.,
1.),(0.,0.,1.),(0.33487007812182,-0.942264310466382,0.),(0.,0.,1.),(0.068237600411183,
-0.997669098393913,0.),(-0.682558357586425,0.730831094363753,0.),(0.,0.,
1.),(-0.682558357586425,0.730831094363753,0.),(0.,0.,-1.),(0.,0.,-1.),(0.576671061814862,
0.816976429565333,0.),(0.576671061814862,0.816976429565333,0.),(0.,0.,1.),
(0.,0.,1.),(-0.682558357586425,-0.730831094363753,0.),(-0.682558357586425,
-0.730831094363753,0.),(0.,0.,-1.),(0.,0.,-1.),(0.576671061814903,-0.816976429565304,
0.),(0.576671061814903,-0.816976429565304,0.),(0.,0.,1.),(-0.854421043566588,
0.519581254772132,0.),(0.,0.,-1.),(0.,0.,-1.),(0.775709965380856,0.63108957336406,
0.),(-0.854421043566588,0.519581254772132,0.),(0.,0.,1.),(0.,0.,1.),(0.775709965380856,
0.63108957336406,0.),(-0.854421043566467,-0.51958125477233,0.),(0.,0.,-1.),
(0.,0.,-1.),(0.775709965380933,-0.631089573363966,0.),(-0.854421043566467,
-0.51958125477233,0.),(0.,0.,1.),(0.,0.,1.),(0.775709965380933,-0.631089573363966,
0.),(-0.962915261370138,0.269804001861495,0.),(0.,0.,-1.),(0.,0.,-1.),(0.917215599475345,
0.398391194781063,0.),(-0.962915261370138,0.269804001861495,0.),(0.,0.,
1.),(0.,0.,1.),(0.917215599475345,0.398391194781063,0.),(-0.962915261370111,
-0.269804001861592,0.),(0.,0.,-1.),(0.,0.,-1.),(0.917215599475361,-0.398391194781026,
0.),(-0.962915261370111,-0.269804001861592,0.),(0.,0.,1.),(0.,0.,1.),(0.917215599475361,
-0.398391194781026,0.),(-1.,0.,0.),(0.,0.,1.),(-1.,0.,0.),(0.,0.,-1.),(0.,
0.,-1.),(0.99068701628939,0.136158862200102,0.),(0.99068701628939,0.136158862200102,
0.),(0.,0.,1.),(0.,0.,-1.),(0.990687016289393,-0.136158862200082,0.),(0.990687016289393,
-0.136158862200082,0.),(0.,0.,1.),(-0.203463123809959,0.979082610023022,
0.),(0.,0.,-1.),(-0.203463123809959,0.979082610023022,0.),(0.,0.,1.),(0.,
0.,1.),(-0.203463123809934,-0.979082610023027,0.),(-0.203463123809934,-0.979082610023027,
0.),(0.,0.,-1.),(-0.460062586462761,0.887886488542986,0.),(0.,0.,1.),(-0.460062586462761,
0.887886488542986,0.),(0.,0.,-1.),(0.,0.,-1.),(0.334870078122031,0.942264310466307,
0.),(0.,0.,-1.),(0.0682376004107265,0.997669098393944,0.),(0.,0.,1.),(0.334870078122031,
0.942264310466307,0.),(0.,0.,1.),(0.0682376004107265,0.997669098393944,
0.),(-0.460062586463144,-0.887886488542788,0.),(0.,0.,-1.),(0.,0.,-1.),
(0.33487007812182,-0.942264310466382,0.),(-0.460062586463144,-0.887886488542788,
0.),(0.,0.,1.),(0.,0.,1.),(0.33487007812182,-0.942264310466382,0.),(-0.682558357586425,
0.730831094363753,0.),(0.,0.,1.),(-0.682558357586425,0.730831094363753,
0.),(0.,0.,-1.),(0.,0.,-1.),(0.576671061814862,0.816976429565333,0.),(0.576671061814862,
0.816976429565333,0.),(0.,0.,1.),(0.,0.,1.),(-0.682558357586425,-0.730831094363753,
0.),(-0.682558357586425,-0.730831094363753,0.),(0.,0.,-1.),(0.,0.,-1.),
(0.576671061814903,-0.816976429565304,0.),(0.576671061814903,-0.816976429565304,
0.),(0.,0.,1.),(-0.854421043566588,0.519581254772132,0.),(0.,0.,-1.),(0.,
0.,-1.),(0.775709965380856,0.63108957336406,0.),(-0.854421043566588,0.519581254772132,
0.),(0.,0.,1.),(0.,0.,1.),(0.775709965380856,0.63108957336406,0.),(-0.854421043566467,
-0.51958125477233,0.),(0.,0.,-1.),(0.,0.,-1.),(0.775709965380933,-0.631089573363966,
0.),(-0.854421043566467,-0.51958125477233,0.),(0.,0.,1.),(0.,0.,1.),(0.775709965380933,
-0.631089573363966,0.),(-0.962915261370138,0.269804001861495,0.),(0.,0.,
-1.),(0.,0.,-1.),(0.917215599475345,0.398391194781063,0.),(-0.962915261370138,
0.269804001861495,0.),(0.,0.,1.),(0.,0.,1.),(0.917215599475345,0.398391194781063,
0.),(-0.962915261370111,-0.269804001861592,0.),(0.,0.,-1.),(0.,0.,-1.),
(0.917215599475361,-0.398391194781026,0.),(-0.962915261370111,-0.269804001861592,
0.),(0.,0.,1.),(0.,0.,1.),(0.917215599475361,-0.398391194781026,0.),(-1.,
0.,0.),(0.,0.,1.),(-1.,0.,0.),(0.,0.,-1.),(0.,0.,-1.),(0.99068701628939,
0.136158862200102,0.),(0.99068701628939,0.136158862200102,0.),(0.,0.,1.),
(0.,0.,-1.),(0.990687016289393,-0.136158862200082,0.),(0.990687016289393,
-0.136158862200082,0.),(0.,0.,1.),(0.068237600411183,-0.997669098393913,
0.),(0.,0.,-1.),(0.068237600411183,-0.997669098393913,0.),(0.,0.,1.),(-0.203463123809959,
0.979082610023022,0.),(0.,0.,-1.),(-0.203463123809959,0.979082610023022,
0.),(0.,0.,1.),(0.,0.,1.),(-0.203463123809934,-0.979082610023027,0.),(-0.203463123809934,
-0.979082610023027,0.),(0.,0.,-1.),(-0.460062586462761,0.887886488542986,
0.),(0.,0.,1.),(-0.460062586462761,0.887886488542986,0.),(0.,0.,-1.),(0.,
0.,-1.),(-0.460062586463144,-0.887886488542788,0.),(-0.460062586463144,
-0.887886488542788,0.),(0.,0.,1.),(0.,0.,1.),(-0.682542475551027,0.73084592703844,
0.),(-0.682542475551027,0.73084592703844,0.),(0.,0.,-1.),(-0.682542475551027,
-0.73084592703844,0.),(0.,0.,1.),(-0.682542475551027,-0.73084592703844,
0.),(0.,0.,-1.),(0.,0.,-1.),(-0.854423103399551,0.51957786748194,0.),(-0.854423103399551,
0.51957786748194,0.),(0.,0.,1.),(-0.854423103399721,-0.519577867481661,
0.),(0.,0.,-1.),(-0.854423103399721,-0.519577867481661,0.),(0.,0.,1.),(-0.962922193847925,
0.269779259015772,0.),(0.,0.,-1.),(-0.962922193847925,0.269779259015772,
0.),(0.,0.,1.),(-0.962922193847924,-0.269779259015777,0.),(0.,0.,-1.),(-0.962922193847924,
-0.269779259015777,0.),(0.,0.,1.),(0.,0.,1.),(-1.,0.,0.),(-1.,0.,0.),(0.,
0.,-1.)),$,(4,4,4,1,1,1,2,2,2,235,235,235,3,3,3,13,13,17,17,21,21,25,25,
29,29,71,71,75,75,117,117,14,14,18,18,22,22,27,27,30,30,72,72,76,76,118,
118,236,236,236,238,238,238,7,7,5,5,9,9,11,11,15,15,19,19,23,23,28,28,31,
31,69,69,73,73,237,237,237,8,8,6,6,10,10,12,12,16,16,20,20,24,24,26,26,
32,32,70,70,74,74,34,34,33,33,67,67,68,68,35,35,36,36,38,38,37,37,66,66,
63,63,40,40,39,39,64,64,65,65,41,41,59,59,42,42,60,60,43,43,61,61,44,44,
62,62,45,45,55,55,46,46,56,56,47,47,57,57,48,48,58,58,50,50,49,49,51,51,
52,52,53,53,54,54,78,78,77,77,80,80,79,79,113,113,114,114,81,81,115,115,
119,119,82,82,116,116,120,120,84,84,83,83,109,109,110,110,86,86,85,85,111,
111,112,112,87,87,105,105,88,88,106,106,89,89,107,107,90,90,108,108,91,
91,101,101,92,92,103,103,93,93,104,104,94,94,102,102,96,96,95,95,97,97,
98,98,99,99,100,100,121,121,122,122,124,124,123,123,126,126,125,125,159,
159,163,163,160,160,164,164,127,127,161,161,165,165,128,128,162,162,166,
166,130,130,129,129,155,155,156,156,132,132,131,131,157,157,158,158,133,
133,151,151,134,134,154,154,135,135,152,152,136,136,153,153,137,137,147,
147,138,138,148,148,139,139,149,149,140,140,150,150,142,142,141,141,143,
143,144,144,145,145,146,146,167,167,168,168,170,170,169,169,172,172,171,
171,207,207,209,209,208,208,210,210,173,173,205,205,174,174,206,206,176,
176,175,175,201,201,202,202,178,178,177,177,203,203,204,204,179,179,197,
197,180,180,198,198,181,181,199,199,182,182,200,200,183,183,195,195,184,
184,193,193,185,185,194,194,186,186,196,196,188,188,187,187,189,189,190,
190,191,191,192,192,211,211,212,212,213,213,214,214,216,216,215,215,218,
218,217,217,219,219,220,220,222,222,221,221,224,224,223,223,225,225,226,
226,227,227,228,228,232,232,229,229,230,230,231,231,234,234,233,233),((1,
4,8),(7,6,10),(1,13,4),(15,16,5),(18,5,16),(20,5,18),(22,5,20),(24,5,22),
(26,5,24),(28,5,26),(30,5,28),(30,11,5),(2,9,32),(34,32,9),(36,34,9),(38,
36,9),(40,38,9),(42,40,9),(44,42,9),(46,44,9),(46,9,48),(7,10,49),(51,14,
3),(54,56,15),(15,56,58),(60,54,15),(15,58,16),(62,60,15),(64,62,15),(66,
64,15),(68,66,15),(70,68,15),(72,70,15),(74,72,15),(76,74,15),(51,77,14),
(79,2,81),(2,83,81),(85,2,79),(2,32,83),(87,2,85),(89,2,87),(91,2,89),(93,
2,91),(95,2,93),(97,2,95),(99,2,97),(52,2,99),(82,57,55),(82,59,57),(82,
55,80),(84,59,82),(80,55,86),(86,55,61),(33,59,84),(33,17,59),(86,61,63),
(86,63,88),(33,19,17),(35,19,33),(88,63,65),(88,65,90),(37,19,35),(37,21,
19),(90,65,67),(90,67,92),(39,21,37),(39,23,21),(92,67,69),(92,69,94),(39,
25,23),(41,25,39),(94,69,96),(96,69,71),(101,25,41),(101,103,25),(105,24,
104),(26,24,105),(108,102,40),(42,108,40),(96,71,109),(72,110,70),(96,109,
111),(97,95,112),(114,103,101),(114,115,103),(117,104,116),(105,104,117),
(120,113,102),(108,120,102),(111,109,122),(122,109,123),(125,124,110),(72,
125,110),(128,112,121),(97,112,128),(114,129,115),(131,116,130),(117,116,
131),(133,129,114),(135,134,113),(120,135,113),(122,123,137),(139,138,124),
(125,139,124),(122,137,141),(143,121,142),(128,121,143),(133,145,129),(147,
130,146),(147,131,130),(149,145,133),(151,150,134),(151,134,135),(141,137,
153),(155,154,138),(139,155,138),(141,153,157),(159,142,158),(143,142,159),
(161,145,149),(161,163,145),(165,146,164),(165,147,146),(168,162,150),(168,
150,151),(157,153,163),(169,164,154),(155,169,154),(157,163,161),(172,158,
162),(159,158,172),(169,165,164),(172,162,168),(167,166,170),(167,148,166),
(167,170,171),(152,148,167),(171,170,160),(160,170,156),(136,148,152),(136,
132,148),(160,156,140),(160,140,144),(136,118,132),(119,118,136),(144,140,
126),(144,126,127),(107,118,119),(107,106,118),(127,126,73),(127,73,98),
(43,106,107),(43,27,106),(98,73,75),(98,75,100),(43,29,27),(45,29,43),(100,
75,174),(174,75,175),(76,176,74),(52,99,173),(177,29,45),(177,179,29),(181,
28,180),(30,28,181),(184,178,44),(46,184,44),(174,175,185),(187,186,176),
(189,187,176),(76,189,176),(174,185,191),(193,173,192),(195,173,193),(52,
173,195),(197,179,177),(197,199,179),(201,180,200),(181,180,201),(204,198,
178),(184,204,178),(191,185,206),(206,185,207),(209,208,186),(187,209,186),
(212,192,205),(193,192,212),(197,213,199),(215,200,214),(201,200,215),(217,
213,197),(219,218,198),(204,219,198),(206,207,221),(223,222,208),(209,223,
208),(206,221,225),(227,205,226),(212,205,227),(217,229,213),(231,214,230),
(231,215,214),(233,229,217),(235,234,218),(235,218,219),(225,221,237),(239,
238,222),(223,239,222),(225,237,241),(243,226,242),(227,226,243),(245,229,
233),(245,247,229),(249,230,248),(249,231,230),(252,246,234),(252,234,235),
(241,237,247),(253,248,238),(239,253,238),(241,247,245),(256,242,246),(243,
242,256),(253,249,248),(256,246,252),(251,250,254),(251,232,250),(251,254,
255),(236,232,251),(255,254,244),(244,254,240),(220,232,236),(220,216,232),
(244,240,224),(244,224,228),(220,202,216),(203,202,220),(228,224,210),(228,
210,211),(183,202,203),(183,182,202),(211,210,188),(211,188,194),(47,182,
183),(47,31,182),(194,188,190),(194,190,196),(47,257,31),(258,11,30),(259,
257,47),(260,46,48),(196,190,262),(262,190,263),(76,264,189),(52,195,261),
(265,257,259),(265,267,257),(269,258,268),(271,258,269),(271,11,258),(273,
266,260),(275,273,260),(275,260,48),(262,263,277),(279,278,264),(281,279,
264),(76,281,264),(262,277,283),(285,261,284),(287,261,285),(52,261,287),
(289,267,265),(289,291,267),(293,268,292),(269,268,293),(296,290,266),(273,
296,266),(283,277,298),(298,277,299),(301,300,278),(279,301,278),(304,284,
297),(285,284,304),(289,305,291),(307,292,306),(293,292,307),(309,305,289),
(311,310,290),(296,311,290),(298,299,313),(315,314,300),(301,315,300),(298,
313,317),(319,297,318),(304,297,319),(309,321,305),(323,306,322),(323,307,
306),(325,321,309),(327,326,310),(327,310,311),(317,313,329),(331,330,314),
(315,331,314),(317,329,333),(335,318,334),(319,318,335),(337,321,325),(337,
339,321),(341,322,340),(341,323,322),(344,338,326),(344,326,327),(333,329,
339),(345,340,330),(331,345,330),(333,339,337),(348,334,338),(335,334,348),
(345,341,340),(348,338,344),(343,342,346),(343,324,342),(343,346,347),(328,
324,343),(347,346,336),(336,346,332),(312,324,328),(312,308,324),(336,332,
316),(336,316,320),(312,294,308),(295,294,312),(320,316,302),(320,302,303),
(274,294,295),(274,270,294),(303,302,280),(303,280,286),(276,270,274),(276,
272,270),(286,280,282),(286,282,288),(276,349,272),(350,11,271),(351,349,
276),(352,275,48),(288,282,354),(354,282,355),(76,356,281),(52,287,353),
(357,349,351),(357,359,349),(361,350,360),(363,350,361),(363,11,350),(365,
358,352),(367,365,352),(367,352,48),(354,355,369),(371,370,356),(76,371,
356),(354,369,373),(375,353,374),(52,353,375),(377,359,357),(377,379,359),
(381,360,380),(361,360,381),(384,378,358),(365,384,358),(373,369,386),(386,
369,387),(389,388,370),(371,389,370),(392,374,385),(375,374,392),(377,393,
379),(395,380,394),(381,380,395),(397,393,377),(399,398,378),(384,399,378),
(386,387,401),(403,402,388),(389,403,388),(386,401,405),(407,385,406),(392,
385,407),(397,409,393),(411,394,410),(411,395,394),(413,409,397),(415,414,
398),(415,398,399),(405,401,417),(419,418,402),(403,419,402),(405,417,421),
(423,406,422),(407,406,423),(425,409,413),(425,427,409),(429,410,428),(429,
411,410),(432,426,414),(432,414,415),(421,417,427),(433,428,418),(419,433,
418),(421,427,425),(436,422,426),(423,422,436),(433,429,428),(436,426,432),
(431,430,434),(431,412,430),(431,434,435),(416,412,431),(435,434,424),(424,
434,420),(400,412,416),(400,396,412),(424,420,404),(424,404,408),(400,382,
396),(383,382,400),(408,404,390),(408,390,391),(366,382,383),(366,362,382),
(391,390,372),(391,372,376),(368,362,366),(368,364,362),(376,372,437),(76,
438,371),(376,437,439),(52,375,440),(368,441,364),(442,11,363),(443,441,
368),(444,367,48),(439,437,446),(446,437,447),(76,448,438),(52,440,445),
(449,441,443),(449,451,441),(452,11,442),(450,444,48),(446,447,454),(76,
453,448),(446,454,455),(52,445,456),(458,451,449),(458,459,451),(460,11,
452),(457,450,48),(455,454,461),(461,454,463),(76,464,453),(52,456,462),
(458,466,459),(465,11,460),(467,466,458),(468,457,48),(461,463,469),(76,
470,464),(461,469,471),(52,462,472),(467,473,466),(76,465,474),(76,11,465),
(475,473,467),(52,476,468),(52,468,48),(471,469,477),(76,478,470),(471,
477,479),(52,472,480),(482,473,475),(482,483,473),(76,474,484),(52,481,
476),(479,477,483),(76,484,478),(479,483,482),(52,480,481),(50,12,78),(50,
78,53)),());
#882=COORDINATES_LIST('',16,((-2.63560333984375,3.44605182373047,-0.13920001335144),
(-2.63560333984375,3.44605182373047,0.832800061035156),(-2.63560333984375,
3.51005023681641,-0.13920001335144),(-2.63560333984375,3.51005023681641,
0.832800061035156),(-2.61845551269531,3.46319049560547,-0.2032),(-2.61845551269531,
3.46319049560547,0.8968),(-2.61845551269531,3.49290240966797,-0.2032),(-2.61845551269531,
3.49290240966797,0.8968),(-2.58875275390625,3.46319049560547,-0.2032),(-2.58875275390625,
3.46319049560547,0.8968),(-2.58875275390625,3.49290240966797,-0.2032),(-2.58875275390625,
3.49290240966797,0.8968),(-2.57160340087891,3.44605182373047,-0.13920001335144),
(-2.57160340087891,3.44605182373047,0.832800061035156),(-2.57160340087891,
3.51005023681641,-0.13920001335144),(-2.57160340087891,3.51005023681641,
0.832800061035156)));
#883=COORDINATES_LIST('',16,((-2.88960419433594,3.44855121337891,-0.13920001335144),
(-2.88960419433594,3.44855121337891,0.832800061035156),(-2.88960419433594,
3.51255267822266,-0.13920001335144),(-2.88960419433594,3.51255267822266,
0.832800061035156),(-2.87245331542969,3.46569293701172,-0.2032),(-2.87245331542969,
3.46569293701172,0.8968),(-2.87245331542969,3.49540179931641,-0.2032),(-2.87245331542969,
3.49540179931641,0.8968),(-2.84275208251953,3.46569293701172,-0.2032),(-2.84275208251953,
3.46569293701172,0.8968),(-2.84275208251953,3.49540179931641,-0.2032),(-2.84275208251953,
3.49540179931641,0.8968),(-2.82560272949219,3.44855121337891,-0.13920001335144),
(-2.82560272949219,3.44855121337891,0.832800061035156),(-2.82560272949219,
3.51255267822266,-0.13920001335144),(-2.82560272949219,3.51255267822266,
0.832800061035156)));
#884=COORDINATES_LIST('',16,((-3.14360352294922,3.45105060302734,-0.13920001335144),
(-3.14360352294922,3.45105060302734,0.832800061035156),(-3.14360352294922,
3.51505206787109,-0.13920001335144),(-3.14360352294922,3.51505206787109,
0.832800061035156),(-3.12645416992187,3.46819232666016,-0.2032),(-3.12645416992187,
3.46819232666016,0.8968),(-3.12645416992187,3.49790118896484,-0.2032),(-3.12645416992187,
3.49790118896484,0.8968),(-3.09675141113281,3.46819232666016,-0.2032),(-3.09675141113281,
3.46819232666016,0.8968),(-3.09675141113281,3.49790118896484,-0.2032),(-3.09675141113281,
3.49790118896484,0.8968),(-3.07960358398438,3.45105060302734,-0.13920001335144),
(-3.07960358398438,3.45105060302734,0.832800061035156),(-3.07960358398438,
3.51505206787109,-0.13920001335144),(-3.07960358398438,3.51505206787109,
0.832800061035156)));
#885=COORDINATES_LIST('',16,((-3.39418030517578,3.44987033569336,-0.13920001335144),
(-3.39418030517578,3.44987033569336,0.832800061035156),(-3.39418030517578,
3.5138702746582,-0.13920001335144),(-3.39418030517578,3.5138702746582,0.832800061035156),
(-3.37703095214844,3.46701053344727,-0.2032),(-3.37703095214844,3.46701053344727,
0.8968),(-3.37703095214844,3.49671939575195,-0.2032),(-3.37703095214844,
3.49671939575195,0.8968),(-3.34732819335938,3.46701053344727,-0.2032),(-3.34732819335938,
3.46701053344727,0.8968),(-3.34732819335938,3.49671939575195,-0.2032),(-3.34732819335938,
3.49671939575195,0.8968),(-3.33018036621094,3.44987033569336,-0.13920001335144),
(-3.33018036621094,3.44987033569336,0.832800061035156),(-3.33018036621094,
3.5138702746582,-0.13920001335144),(-3.33018036621094,3.5138702746582,0.832800061035156)));
#886=COORDINATES_LIST('',16,((-3.64817963378906,3.4523697253418,-0.13920001335144),
(-3.64817963378906,3.4523697253418,0.832800061035156),(-3.64817963378906,
3.51636966430664,-0.13920001335144),(-3.64817963378906,3.51636966430664,
0.832800061035156),(-3.63103028076172,3.4695099230957,-0.2032),(-3.63103028076172,
3.4695099230957,0.8968),(-3.63103028076172,3.4992203112793,-0.2032),(-3.63103028076172,
3.4992203112793,0.8968),(-3.60132904785156,3.4695099230957,-0.2032),(-3.60132904785156,
3.4695099230957,0.8968),(-3.60132904785156,3.4992203112793,-0.2032),(-3.60132904785156,
3.4992203112793,0.8968),(-3.58417969482422,3.4523697253418,-0.13920001335144),
(-3.58417969482422,3.4523697253418,0.832800061035156),(-3.58417969482422,
3.51636966430664,-0.13920001335144),(-3.58417969482422,3.51636966430664,
0.832800061035156)));
#887=COORDINATES_LIST('',706,((-3.74317932861328,3.38737033569336,0.050799996185302),
(-3.74317932861328,3.38737033569336,0.304799992370605),(-3.74317932861328,
3.58636935913085,0.304799992370605),(-3.74317932861328,3.58636935913086,
0.050799996185302),(-3.74315338867187,3.58751987182617,0.050799996185302),
(-3.74315338867187,3.58751987182617,0.304799992370605),(-3.74314728515625,
3.38598026000977,0.050799996185302),(-3.74314728515625,3.38598026000977,
0.304799992370605),(-3.74251557128906,3.59208987915039,0.050799996185302),
(-3.74251557128906,3.59208987915039,0.304799992370605),(-3.74238281982422,
3.38050082885742,0.050799996185302),(-3.74238281982422,3.38050082885742,
0.304799992370605),(-3.74104920166016,3.59645999633789,0.050799996185302),
(-3.74104920166016,3.59645999633789,0.304799992370605),(-3.74062348144531,
3.37525027954102,0.050799996185302),(-3.74062348144531,3.37525027954102,
0.304799992370605),(-3.73880463378906,3.6004898425293,0.050799996185302),
(-3.73880463378906,3.6004898425293,0.304799992370605),(-3.73793030517578,
3.37041019165039,0.050799996185302),(-3.73793030517578,3.37041019165039,
0.304799992370605),(-3.73585816162109,3.60404056274414,0.050799996185302),
(-3.73585816162109,3.60404056274414,0.304799992370605),(-3.73439331787109,
3.36614993774414,0.050799996185302),(-3.73439331787109,3.36614993774414,
0.304799992370605),(-3.73230896728516,3.60699008666992,0.050799996185302),
(-3.73230896728516,3.60699008666992,0.304799992370605),(-3.73013458984375,
3.36262057983399,0.050799996185302),(-3.73013458984375,3.36262057983399,
0.304799992370605),(-3.72827759521484,3.60924075805664,0.050799996185302),
(-3.72827759521484,3.60924075805664,0.304799992370605),(-3.72529755371094,
3.35991977416992,0.050799996185302),(-3.72529755371094,3.35991977416992,
0.304799992370605),(-3.72390442626953,3.61069949829102,0.050799996185302),
(-3.72390442626953,3.61069949829102,0.304799992370605),(-3.72004853027344,
3.35816043579102,0.050799996185302),(-3.72004853027344,3.35816043579102,
0.304799992370605),(-3.71933441894531,3.61134036743164,0.050799996185302),
(-3.71933441894531,3.61134036743164,0.304799992370605),(-3.71817932861328,
3.61136935913086,0.050799996185302),(-3.71817932861328,3.61136935913086,
0.304799992370605),(-3.71456604736328,3.3574005480957,0.050799996185302),
(-3.71456604736328,3.3574005480957,0.304799992370605),(-3.71318054931641,
3.35737003051758,0.050799996185302),(-3.71318054931641,3.35737003051758,
0.304799992370605),(-3.67868042724609,3.42187045776367,0.050799996185302),
(-3.67868042724609,3.42187045776367,0.304799992370605),(-3.67868042724609,
3.54687045776367,0.050799996185302),(-3.67868042724609,3.54687045776367,
0.304799992370605),(-3.64868012207031,3.47687076293946,0.08079999141693),
(-3.64868012207031,3.47687076293946,0.274799973297118),(-3.64868012207031,
3.51687015258789,0.08079999141693),(-3.64868012207031,3.51687015258789,
0.274799973297118),(-3.64865418212891,3.4757095690918,0.0808266704559315),
(-3.64865418212891,3.4757095690918,0.274773270416259),(-3.64801636474609,
3.47113956176758,0.0814640586853015),(-3.64801636474609,3.47113956176758,
0.274136025238036),(-3.64654999511719,3.46676944458008,0.082930142211913),
(-3.64654999511719,3.46676944458008,0.272669798660277),(-3.64430542724609,
3.46273959838867,0.0851750438690175),(-3.64430542724609,3.46273959838867,
0.270424897003173),(-3.64135742919922,3.45919040405273,0.0881223266601555),
(-3.64135742919922,3.45919040405273,0.267477661895751),(-3.63780823486328,
3.45623935424805,0.0851750438690175),(-3.63780823486328,3.45623935424805,
0.270424897003173),(-3.63377838867187,3.45399936401367,0.082930142211913),
(-3.63377838867187,3.45399936401367,0.272669798660277),(-3.62940369384766,
3.45252994262695,0.0814640586853015),(-3.62940369384766,3.45252994262695,
0.274136025238036),(-3.62483521240234,3.45189059936524,0.0808266704559315),
(-3.62483521240234,3.45189059936524,0.274773270416259),(-3.62368012207031,
3.45187076293945,0.08079999141693),(-3.62368012207031,3.45187076293945,
0.274799973297118),(-3.58367920654297,3.45187076293945,0.08079999141693),
(-3.58367920654297,3.45187076293945,0.274799973297118),(-3.58367920654297,
3.51687015258789,0.08079999141693),(-3.58367920654297,3.51687015258789,
0.274799973297118),(-3.5536804272461,3.42187045776367,0.050799996185302),
(-3.5536804272461,3.42187045776367,0.304799992370605),(-3.5536804272461,
3.54687045776367,0.050799996185302),(-3.55368042724609,3.54687045776367,
0.304799992370605),(-3.51918030517578,3.35737003051758,0.050799996185302),
(-3.51918030517578,3.35737003051758,0.304799992370605),(-3.51918030517578,
3.61136935913086,0.050799996185302),(-3.51918030517578,3.61136935913086,
0.304799992370605),(-3.51779480712891,3.3574005480957,0.050799996185302),
(-3.51779480712891,3.3574005480957,0.304799992370605),(-3.51779480712891,
3.6113296862793,0.050799996185302),(-3.51779480712891,3.6113296862793,0.304799992370605),
(-3.51231232421875,3.35816043579102,0.050799996185302),(-3.51231232421875,
3.35816043579102,0.304799992370605),(-3.51231232421875,3.61056979858399,
0.050799996185302),(-3.51231232421875,3.61056979858399,0.304799992370605),
(-3.50706330078125,3.35991977416992,0.050799996185302),(-3.50706330078125,
3.35991977416992,0.304799992370605),(-3.50706330078125,3.60881046020508,
0.050799996185302),(-3.50706330078125,3.60881046020508,0.304799992370605),
(-3.50222626464844,3.36262057983399,0.050799996185302),(-3.50222626464844,
3.36262057983399,0.304799992370605),(-3.50222626464844,3.60612033569336,
0.050799996185302),(-3.50222626464844,3.60612033569336,0.304799992370605),
(-3.49796753662109,3.36614993774414,0.050799996185302),(-3.49796753662109,
3.36614993774414,0.304799992370605),(-3.49796753662109,3.60258029663086,
0.050799996185302),(-3.49796753662109,3.60258029663086,0.304799992370605),
(-3.49443054931641,3.37041019165039,0.050799996185302),(-3.49443054931641,
3.37041019165039,0.304799992370605),(-3.49443054931641,3.59832004272461,
0.050799996185302),(-3.49443054931641,3.59832004272461,0.304799992370605),
(-3.49173584716797,3.37525027954102,0.050799996185302),(-3.49173584716797,
3.37525027954102,0.304799992370605),(-3.49173584716797,3.59347995483398,
0.050799996185302),(-3.49173584716797,3.59347995483398,0.304799992370605),
(-3.48997650878906,3.38050082885742,0.050799996185302),(-3.48997650878906,
3.38050082885742,0.304799992370605),(-3.48997650878906,3.58822940551758,
0.050799996185302),(-3.48997650878906,3.58822940551758,0.304799992370605),
(-3.48928375976563,3.58386081420899,0.304799992370605),(-3.48928375976562,
3.38486942016602,0.050799996185302),(-3.48928375976562,3.38486942016602,
0.304799992370605),(-3.48928375976562,3.58386081420899,0.050799996185302),
(-3.48921204345703,3.38598026000977,0.050799996185302),(-3.48921204345703,
3.38598026000977,0.304799992370605),(-3.48921204345703,3.58274997436524,
0.050799996185302),(-3.48921204345703,3.58274997436524,0.304799992370605),
(-3.48918,3.38486942016602,0.050799996185302),(-3.48918,3.38486942016602,
0.304799992370605),(-3.48918,3.38598026000977,0.050799996185302),(-3.48918,
3.38598026000977,0.304799992370605),(-3.48918,3.38737033569336,0.050799996185302),
(-3.48918,3.38737033569336,0.304799992370605),(-3.48918,3.58137057983398,
0.050799996185302),(-3.48918,3.58137057983398,0.304799992370605),(-3.48918,
3.58274997436524,0.050799996185302),(-3.48918,3.58274997436524,0.304799992370605),
(-3.48918,3.58386996948242,0.050799996185302),(-3.48918,3.58386996948242,
0.304799992370605),(-3.48915406005859,3.58502048217773,0.050799996185302),
(-3.48915406005859,3.58502048217773,0.304799992370605),(-3.48914795654297,
3.38347934448242,0.050799996185302),(-3.48914795654297,3.38347934448242,
0.304799992370605),(-3.48851624267578,3.58959048950195,0.050799996185302),
(-3.48851624267578,3.58959048950195,0.304799992370605),(-3.48838349121094,
3.37799991333008,0.050799996185302),(-3.48838349121094,3.37799991333008,
0.304799992370605),(-3.48704987304687,3.59396060668945,0.050799996185302),
(-3.48704987304687,3.59396060668945,0.304799992370605),(-3.48662415283203,
3.37274936401367,0.050799996185302),(-3.48662415283203,3.37274936401367,
0.304799992370605),(-3.48480530517578,3.59799045288086,0.050799996185302),
(-3.48480530517578,3.59799045288086,0.304799992370605),(-3.48392945068359,
3.36791080200195,0.050799996185302),(-3.48392945068359,3.36791080200195,
0.304799992370605),(-3.48185730712891,3.6015396472168,0.050799996185302),
(-3.48185730712891,3.6015396472168,0.304799992370605),(-3.48039246337891,
3.3636505480957,0.050799996185302),(-3.48039246337891,3.3636505480957,0.304799992370605),
(-3.47830963867187,3.60449069702148,0.050799996185302),(-3.47830963867187,
3.60449069702148,0.304799992370605),(-3.47613373535156,3.36011966430664,
0.050799996185302),(-3.47613373535156,3.36011966430664,0.304799992370605),
(-3.47427826660156,3.6067398425293,0.050799996185302),(-3.47427826660156,
3.6067398425293,0.304799992370605),(-3.47129822509766,3.35742038452148,
0.050799996185302),(-3.47129822509766,3.35742038452148,0.304799992370605),
(-3.46990357177734,3.60820010864258,0.050799996185302),(-3.46990357177734,
3.60820010864258,0.304799992370605),(-3.46604920166016,3.35565952026367,
0.050799996185302),(-3.46604920166016,3.35565952026367,0.304799992370605),
(-3.46533509033203,3.6088394519043,0.050799996185302),(-3.46533509033203,
3.6088394519043,0.304799992370605),(-3.46418,3.60886996948242,0.050799996185302),
(-3.46418,3.60886996948242,0.304799992370605),(-3.46056519287109,3.35489963256836,
0.050799996185302),(-3.46056519287109,3.35489963256836,0.304799992370605),
(-3.45917969482422,3.35487064086914,0.050799996185302),(-3.45917969482422,
3.35487064086914,0.304799992370605),(-3.42467957275391,3.41936954223633,
0.050799996185302),(-3.42467957275391,3.41936954223633,0.304799992370605),
(-3.42467957275391,3.54436954223633,0.050799996185302),(-3.42467957275391,
3.54436954223633,0.304799992370605),(-3.39467926757813,3.47436984741211,
0.08079999141693),(-3.39467926757813,3.47436984741211,0.274799973297118),
(-3.39467926757813,3.51437076293945,0.08079999141693),(-3.39467926757812,
3.51437076293945,0.274799973297118),(-3.39465332763672,3.47321017944336,
0.0808266704559315),(-3.39465332763672,3.47321017944336,0.274773270416259),
(-3.39401551025391,3.46864017211914,0.0814640586853015),(-3.39401551025391,
3.46864017211914,0.274136025238036),(-3.39255066650391,3.46427005493164,
0.082930142211913),(-3.39255066650391,3.46427005493164,0.272669798660277),
(-3.39030457275391,3.46024020874023,0.0851750438690175),(-3.39030457275391,
3.46024020874023,0.270424897003173),(-3.38735810058594,3.45668948852539,
0.0881223266601555),(-3.38735810058594,3.45668948852539,0.267477661895751),
(-3.38380890625,3.45373996459961,0.0851750438690175),(-3.38380890625,3.45373996459961,
0.270424897003173),(-3.37977753417969,3.45149997436523,0.082930142211913),
(-3.37977753417969,3.45149997436523,0.272669798660277),(-3.37540436523437,
3.45003055297852,0.0814640586853015),(-3.37540436523437,3.45003055297852,
0.274136025238036),(-3.37083435791016,3.44938968383789,0.0808266704559315),
(-3.37083435791016,3.44938968383789,0.274773270416259),(-3.36967926757812,
3.44936984741211,0.08079999141693),(-3.36967926757812,3.44936984741211,
0.274799973297118),(-3.32967987792969,3.44936984741211,0.08079999141693),
(-3.32967987792969,3.44936984741211,0.274799973297118),(-3.32967987792969,
3.51437076293945,0.08079999141693),(-3.32967987792969,3.51437076293946,
0.274799973297118),(-3.29967957275391,3.41936954223633,0.050799996185302),
(-3.29967957275391,3.54436954223633,0.304799992370605),(-3.2996795727539,
3.41936954223633,0.304799992370605),(-3.2996795727539,3.54436954223633,
0.050799996185302),(-3.2651794506836,3.35487064086914,0.050799996185302),
(-3.2651794506836,3.35487064086914,0.304799992370605),(-3.2651794506836,
3.60886996948242,0.304799992370605),(-3.26517945068359,3.60886996948242,
0.050799996185302),(-3.26379547851562,3.35489963256836,0.050799996185302),
(-3.26379547851562,3.35489963256836,0.304799992370605),(-3.26379547851562,
3.60883029663086,0.050799996185302),(-3.26379547851562,3.60883029663086,
0.304799992370605),(-3.25831146972656,3.35565952026367,0.050799996185302),
(-3.25831146972656,3.35565952026367,0.304799992370605),(-3.25831146972656,
3.60807040893555,0.050799996185302),(-3.25831146972656,3.60807040893555,
0.304799992370605),(-3.25306244628906,3.35742038452148,0.050799996185302),
(-3.25306244628906,3.35742038452148,0.304799992370605),(-3.25306244628906,
3.60630954467773,0.050799996185302),(-3.25306244628906,3.60630954467773,
0.304799992370605),(-3.24822541015625,3.36011966430664,0.050799996185302),
(-3.24822541015625,3.36011966430664,0.304799992370605),(-3.24822541015625,
3.60361942016602,0.050799996185302),(-3.24822541015625,3.60361942016602,
0.304799992370605),(-3.24396668212891,3.3636505480957,0.050799996185302),
(-3.24396668212891,3.3636505480957,0.304799992370605),(-3.24396668212891,
3.60007938110352,0.050799996185302),(-3.24396668212891,3.60007938110352,
0.304799992370605),(-3.24042969482422,3.36791080200195,0.050799996185302),
(-3.24042969482422,3.36791080200195,0.304799992370605),(-3.24042969482422,
3.59582065307617,0.050799996185302),(-3.24042969482422,3.59582065307617,
0.304799992370605),(-3.23860321777344,3.38605121337891,0.050799996185302),
(-3.23860321777344,3.38605121337891,0.304799992370605),(-3.23860321777344,
3.38670012217226,0.050799996185302),(-3.23860321777344,3.38670012217226,
0.304799992370605),(-3.23860321777344,3.39333307698655,0.050799996185302),
(-3.23860321777344,3.39333307698655,0.304799992370605),(-3.23860321777344,
3.5770389623004,0.050799996185302),(-3.23860321777344,3.5770389623004,0.304799992370605),
(-3.23860321777344,3.58229238478016,0.050799996185302),(-3.23860321777344,
3.58229238478016,0.304799992370605),(-3.23860321777344,3.58245318152006,
0.050799996185302),(-3.23860321777344,3.58245318152006,0.304799992370605),
(-3.23860321777344,3.58319034972142,0.050799996185302),(-3.23860321777344,
3.58319034972142,0.304799992370605),(-3.23860321777344,3.584121618541,0.050799996185302),
(-3.23860321777344,3.584121618541,0.304799992370605),(-3.23860321777344,
3.5850502368164,0.050799996185302),(-3.23860321777344,3.5850502368164,0.304799992370605),
(-3.23859644985894,3.58535041372991,0.050799996185302),(-3.23859644985894,
3.58535041372991,0.304799992370605),(-3.23857727783203,3.58620074951172,
0.050799996185302),(-3.23857727783203,3.58620074951172,0.304799992370605),
(-3.23857117431641,3.38466266357422,0.050799996185302),(-3.23857117431641,
3.38466266357422,0.304799992370605),(-3.23848664129839,3.58685038361407,
0.050799996185302),(-3.23848664129839,3.58685038361407,0.304799992370605),
(-3.23822738432974,3.58870859863339,0.050799996185302),(-3.23822738432974,
3.58870859863339,0.304799992370605),(-3.23818147069674,3.381868620856,0.050799996185302),
(-3.23818147069674,3.381868620856,0.304799992370605),(-3.2380307121799,
3.3807877334458,0.304799992370605),(-3.2380307121799,3.38078773344581,0.050799996185302),
(-3.23793946044922,3.59077228271484,0.050799996185302),(-3.23793946044922,
3.59077228271484,0.304799992370605),(-3.23781952001167,3.5911297326765,
0.050799996185302),(-3.23781952001167,3.5911297326765,0.0586280652180602),
(-3.23781952001167,3.5911297326765,0.284024282017096),(-3.23781952001167,
3.5911297326765,0.304799992370605),(-3.23780670898437,3.37918170654297,
0.050799996185302),(-3.23780670898437,3.37918170654297,0.304799992370605),
(-3.23773651855469,3.37274936401367,0.050799996185302),(-3.23773651855469,
3.37274936401367,0.304799992370605),(-3.23773651855469,3.59098056518555,
0.050799996185302),(-3.23773651855469,3.59098056518555,0.304799992370605),
(-3.23750030881326,3.59027562353746,0.050799996185302),(-3.23750030881326,
3.59027562353746,0.304799992370605),(-3.23723221227545,3.58947551929928,
0.050799996185302),(-3.23723221227545,3.58947551929928,0.304799992370605),
(-3.23710989878959,3.37710275852037,0.050799996185302),(-3.23710989878959,
3.37710275852037,0.304799992370605),(-3.23702552142271,3.58885867348464,
0.050799996185302),(-3.23702552142271,3.58885867348464,0.304799992370605),
(-3.23685843729837,3.5883600295368,0.050799996185302),(-3.23685843729837,
3.5883600295368,0.304799992370605),(-3.23671865931938,3.58794287773656,
0.050799996185302),(-3.23671865931938,3.58794287773656,0.304799992370605),
(-3.23669378699559,3.37586128014104,0.050799996185302),(-3.23669378699559,
3.37586128014104,0.154258280094627),(-3.23669378699559,3.37586128014104,
0.211475272922994),(-3.23669378699559,3.37586128014104,0.304799992370605),
(-3.23659770311381,3.58758189742141,0.304799992370605),(-3.23659770311381,
3.58758189742141,0.050799996185302),(-3.23649072403207,3.5872626302746,
0.050799996185302),(-3.23649072403207,3.5872626302746,0.304799992370605),
(-3.23647309082031,3.59514239990234,0.050799996185302),(-3.23647309082031,
3.59514239990234,0.304799992370605),(-3.23646565124724,3.5871878033426,
0.050799996185302),(-3.23646565124724,3.5871878033426,0.304799992370605),
(-3.23604795104498,3.37778870555826,0.050799996185302),(-3.23604795104498,
3.37778870555826,0.304799992370605),(-3.23604737060547,3.37393268310547,
0.050799996185302),(-3.23604737060547,3.37393268310547,0.304799992370605),
(-3.23597718017578,3.37799991333008,0.050799996185302),(-3.23597718017578,
3.37799991333008,0.304799992370605),(-3.23597718017578,3.58573001586914,
0.050799996185302),(-3.23597718017578,3.58573001586914,0.304799992370605),
(-3.23562739286551,3.58322785206205,0.050799996185302),(-3.23562739286551,
3.58322785206205,0.304799992370605),(-3.23546088553069,3.38169316845063,
0.050799996185302),(-3.23546088553069,3.38169316845063,0.304799992370605),
(-3.2353117802856,3.38275977589107,0.050799996185302),(-3.2353117802856,
3.38275977589107,0.304799992370605),(-3.23521118896484,3.38347934448242,
0.050799996185302),(-3.23521118896484,3.38347934448242,0.304799992370605),
(-3.23521118896484,3.5802505847168,0.050799996185302),(-3.23521118896484,
3.5802505847168,0.304799992370605),(-3.23518067138672,3.38486942016602,
0.050799996185302),(-3.23518067138672,3.38486942016602,0.304799992370605),
(-3.23518067138672,3.38788191538515,0.050799996185302),(-3.23518067138672,
3.38788191538515,0.304799992370605),(-3.23518067138672,3.39451487019944,
0.050799996185302),(-3.23518067138672,3.39451487019944,0.304799992370605),
(-3.23518067138672,3.57886966430664,0.050799996185302),(-3.23518067138672,
3.57886966430664,0.304799992370605),(-3.23422852294922,3.59917072021484,
0.050799996185302),(-3.23422852294922,3.59917072021484,0.304799992370605),
(-3.23335419433594,3.36909259521484,0.050799996185302),(-3.23335419433594,
3.36909259521484,0.304799992370605),(-3.23128205078125,3.60272296630859,
0.050799996185302),(-3.23128205078125,3.60272296630859,0.304799992370605),
(-3.22981720703125,3.36483234130859,0.050799996185302),(-3.22981720703125,
3.36483234130859,0.304799992370605),(-3.22773285644531,3.60567096435547,
0.050799996185302),(-3.22773285644531,3.60567096435547,0.304799992370605),
(-3.225556953125,3.36130145751953,0.050799996185302),(-3.225556953125,3.36130145751953,
0.304799992370605),(-3.223701484375,3.60792316162109,0.050799996185302),
(-3.223701484375,3.60792316162109,0.304799992370605),(-3.22072144287109,
3.35860065185547,0.050799996185302),(-3.22072144287109,3.35860065185547,
0.304799992370605),(-3.21932831542969,3.60938190185547,0.050799996185302),
(-3.21932831542969,3.60938190185547,0.304799992370605),(-3.21547241943359,
3.35684283935547,0.050799996185302),(-3.21547241943359,3.35684283935547,
0.304799992370605),(-3.21475830810547,3.61002277099609,0.050799996185302),
(-3.21475830810547,3.61002277099609,0.304799992370605),(-3.21360321777344,
3.61005023681641,0.050799996185302),(-3.21360321777344,3.61005023681641,
0.304799992370605),(-3.20998993652344,3.35608295166016,0.050799996185302),
(-3.20998993652344,3.35608295166016,0.304799992370605),(-3.20860443847656,
3.35605243408203,0.050799996185302),(-3.20860443847656,3.35605243408203,
0.304799992370605),(-3.17410431640625,3.42055133544922,0.050799996185302),
(-3.17410431640625,3.42055133544922,0.304799992370605),(-3.17410431640625,
3.54555133544922,0.050799996185302),(-3.17410431640625,3.54555133544922,
0.304799992370605),(-3.14410248535156,3.47555316650391,0.080800015258788),
(-3.14410248535156,3.47555316650391,0.274799973297118),(-3.14410248535156,
3.51555255615234,0.080800015258788),(-3.14410248535156,3.51555255615234,
0.274799973297118),(-3.14407807128906,3.47439044677734,0.0808266704559315),
(-3.14407807128906,3.47439044677734,0.274773270416259),(-3.14344025390625,
3.46982196533203,0.0814640586853015),(-3.14344025390625,3.46982196533203,
0.274136025238036),(-3.14197235839844,3.46545184814453,0.082930142211913),
(-3.14197235839844,3.46545184814453,0.272669798660277),(-3.13972931640625,
3.46142047607422,0.0851750438690175),(-3.13972931640625,3.46142047607422,
0.270424897003173),(-3.13678131835937,3.45787128173828,0.0881223266601555),
(-3.13678131835937,3.45787128173828,0.267477661895751),(-3.13323212402344,
3.45492023193359,0.0851750438690175),(-3.13323212402344,3.45492023193359,
0.270424897003173),(-3.12920075195313,3.45268024169922,0.082930142211913),
(-3.12920075195313,3.45268024169922,0.272669798660277),(-3.12482758300781,
3.45121234619141,0.0814640586853015),(-3.12482758300781,3.45121234619141,
0.274136025238036),(-3.1202591015625,3.45057147705078,0.0808266704559315),
(-3.1202591015625,3.45057147705078,0.274773270416259),(-3.11910248535156,
3.4505531665039,0.080800015258788),(-3.11910248535156,3.45055316650391,
0.274799973297118),(-3.07910309570313,3.51555255615235,0.274799973297118),
(-3.07910309570312,3.45055316650391,0.080800015258788),(-3.07910309570312,
3.45055316650391,0.274799973297118),(-3.07910309570312,3.51555255615234,
0.080800015258788),(-3.04910431640625,3.42055133544922,0.050799996185302),
(-3.04910431640625,3.42055133544922,0.304799992370605),(-3.04910431640625,
3.54555133544922,0.050799996185302),(-3.04910431640625,3.54555133544922,
0.304799992370605),(-3.01460419433594,3.35605243408203,0.050799996185302),
(-3.01460419433594,3.35605243408203,0.304799992370605),(-3.01460419433594,
3.61005023681641,0.050799996185302),(-3.01460419433594,3.61005023681641,
0.304799992370605),(-3.01321869628906,3.35608295166016,0.050799996185302),
(-3.01321869628906,3.35608295166016,0.304799992370605),(-3.01321869628906,
3.61001056396484,0.050799996185302),(-3.01321869628906,3.61001056396484,
0.304799992370605),(-3.0077346875,3.35684283935547,0.050799996185302),(-3.0077346875,
3.35684283935547,0.304799992370605),(-3.0077346875,3.60925067626953,0.050799996185302),
(-3.0077346875,3.60925067626953,0.304799992370605),(-3.0024856640625,3.35860065185547,
0.050799996185302),(-3.0024856640625,3.35860065185547,0.304799992370605),
(-3.0024856640625,3.60749286376953,0.050799996185302),(-3.0024856640625,
3.60749286376953,0.304799992370605),(-2.99764862792969,3.36130145751953,
0.050799996185302),(-2.99764862792969,3.36130145751953,0.304799992370605),
(-2.99764862792969,3.60480121337891,0.050799996185302),(-2.99764862792969,
3.60480121337891,0.304799992370605),(-2.99339142578125,3.36483234130859,
0.050799996185302),(-2.99339142578125,3.36483234130859,0.304799992370605),
(-2.99339142578125,3.60126117431641,0.050799996185302),(-2.99339142578125,
3.60126117431641,0.304799992370605),(-2.98985443847656,3.36909259521484,
0.050799996185302),(-2.98985443847656,3.36909259521484,0.304799992370605),
(-2.98985443847656,3.59700092041016,0.050799996185302),(-2.98985443847656,
3.59700092041016,0.304799992370605),(-2.98715973632813,3.37393268310547,
0.050799996185302),(-2.98715973632813,3.37393268310547,0.304799992370605),
(-2.98715973632813,3.59216083251953,0.050799996185302),(-2.98715973632813,
3.59216083251953,0.304799992370605),(-2.98540039794922,3.37918170654297,
0.050799996185302),(-2.98540039794922,3.37918170654297,0.304799992370605),
(-2.98540039794922,3.58691180908203,0.050799996185302),(-2.98540039794922,
3.58691180908203,0.304799992370605),(-2.98470764892578,3.38355182373047,
0.050799996185302),(-2.98470764892578,3.38355182373047,0.304799992370605),
(-2.98470764892578,3.58254169189453,0.050799996185302),(-2.98470764892578,
3.58254169189453,0.304799992370605),(-2.98463593261719,3.38466266357422,
0.050799996185302),(-2.98463593261719,3.38466266357422,0.304799992370605),
(-2.98463593261719,3.58143085205078,0.050799996185302),(-2.98463593261719,
3.58143085205078,0.304799992370605),(-2.98460236328125,3.38355182373047,
0.050799996185302),(-2.98460236328125,3.38355182373047,0.304799992370605),
(-2.98460236328125,3.38466266357422,0.050799996185302),(-2.98460236328125,
3.38466266357422,0.304799992370605),(-2.98460236328125,3.38605121337891,
0.050799996185302),(-2.98460236328125,3.38605121337891,0.304799992370605),
(-2.98460236328125,3.58005145751953,0.050799996185302),(-2.98460236328125,
3.58005145751953,0.304799992370605),(-2.98460236328125,3.58143085205078,
0.050799996185302),(-2.98460236328125,3.58143085205078,0.304799992370605),
(-2.98460236328125,3.58255084716797,0.050799996185302),(-2.98460236328125,
3.58255084716797,0.304799992370605),(-2.98457794921875,3.58370135986328,
0.050799996185302),(-2.98457794921875,3.58370135986328,0.304799992370605),
(-2.98457184570312,3.38216022216797,0.050799996185302),(-2.98457184570312,
3.38216022216797,0.304799992370605),(-2.98394013183594,3.58827289306641,
0.050799996185302),(-2.98394013183594,3.58827289306641,0.304799992370605),
(-2.98380585449219,3.37668231689453,0.050799996185302),(-2.98380585449219,
3.37668231689453,0.304799992370605),(-2.98247376220703,3.59264301025391,
0.050799996185302),(-2.98247376220703,3.59264301025391,0.304799992370605),
(-2.98204804199219,3.37143024169922,0.050799996185302),(-2.98204804199219,
3.37143024169922,0.304799992370605),(-2.98022919433594,3.59667133056641,
0.050799996185302),(-2.98022919433594,3.59667133056641,0.304799992370605),
(-2.97935333984375,3.36659320556641,0.050799996185302),(-2.97935333984375,
3.36659320556641,0.304799992370605),(-2.97728119628906,3.60022052490234,
0.050799996185302),(-2.97728119628906,3.60022052490234,0.304799992370605),
(-2.97581635253906,3.36233295166016,0.050799996185302),(-2.97581635253906,
3.36233295166016,0.304799992370605),(-2.97373200195313,3.60317157470703,
0.050799996185302),(-2.97373200195313,3.60317157470703,0.304799992370605),
(-2.97155762451172,3.35880206787109,0.050799996185302),(-2.97155762451172,
3.35880206787109,0.304799992370605),(-2.96970062988281,3.60542072021484,
0.050799996185302),(-2.96970062988281,3.60542072021484,0.304799992370605),
(-2.96672211425781,3.35610126220703,0.050799996185302),(-2.96672211425781,
3.35610126220703,0.304799992370605),(-2.9653274609375,3.60688251220703,
0.050799996185302),(-2.9653274609375,3.60688251220703,0.304799992370605),
(-2.96147309082031,3.35434039794922,0.050799996185302),(-2.96147309082031,
3.35434039794922,0.304799992370605),(-2.96075897949219,3.60752032958984,
0.050799996185302),(-2.96075897949219,3.60752032958984,0.304799992370605),
(-2.95960236328125,3.60755084716797,0.050799996185302),(-2.95960236328125,
3.60755084716797,0.304799992370605),(-2.95598908203125,3.35358051025391,
0.050799996185302),(-2.95598908203125,3.35358051025391,0.304799992370605),
(-2.95460358398437,3.35355304443359,0.050799996185302),(-2.95460358398437,
3.35355304443359,0.304799992370605),(-2.92010346191406,3.41805194580078,
0.050799996185302),(-2.92010346191406,3.41805194580078,0.304799992370605),
(-2.92010346191406,3.54305194580078,0.050799996185302),(-2.92010346191406,
3.54305194580078,0.304799992370605),(-2.89010315673828,3.47305072509766,
0.080800015258788),(-2.89010315673828,3.47305072509766,0.274799973297118),
(-2.89010315673828,3.51305316650391,0.080800015258788),(-2.89010315673828,
3.51305316650391,0.274799973297118),(-2.89007721679687,3.47189105712891,
0.0808266704559315),(-2.89007721679687,3.47189105712891,0.274773270416259),
(-2.88943939941406,3.46732257568359,0.0814640586853015),(-2.88943939941406,
3.46732257568359,0.274136025238036),(-2.88797455566406,3.46295245849609,
0.082930142211913),(-2.88797455566406,3.46295245849609,0.272669798660277),
(-2.88572846191406,3.45892108642578,0.0851750438690175),(-2.88572846191406,
3.45892108642578,0.270424897003173),(-2.88278046386719,3.45537189208984,
0.0881223266601555),(-2.88278046386719,3.45537189208984,0.267477661895751),
(-2.87923279541016,3.45242084228516,0.0851750438690175),(-2.87923279541016,
3.45242084228516,0.270424897003173),(-2.87520142333984,3.45018085205078,
0.082930142211913),(-2.87520142333984,3.45018085205078,0.272669798660277),
(-2.87082672851562,3.44871295654297,0.0814640586853015),(-2.87082672851562,
3.44871295654297,0.274136025238036),(-2.86625824707031,3.44807208740234,
0.0808266704559315),(-2.86625824707031,3.44807208740234,0.274773270416259),
(-2.86510315673828,3.44805072509765,0.080800015258788),(-2.86510315673828,
3.44805072509766,0.274799973297118),(-2.82510376708984,3.44805072509766,
0.080800015258788),(-2.82510376708984,3.44805072509766,0.274799973297118),
(-2.82510376708984,3.5130531665039,0.274799973297118),(-2.82510376708984,
3.51305316650391,0.080800015258788),(-2.79510346191406,3.41805194580078,
0.050799996185302),(-2.79510346191406,3.41805194580078,0.304799992370605),
(-2.79510346191406,3.54305194580078,0.050799996185302),(-2.79510346191406,
3.54305194580078,0.304799992370605),(-2.76060333984375,3.35355304443359,
0.050799996185302),(-2.76060333984375,3.35355304443359,0.304799992370605),
(-2.76060333984375,3.60755084716797,0.050799996185302),(-2.76060333984375,
3.60755084716797,0.304799992370605),(-2.75921784179688,3.35358051025391,
0.050799996185302),(-2.75921784179688,3.35358051025391,0.304799992370605),
(-2.75921784179688,3.60751117431641,0.050799996185302),(-2.75921784179688,
3.60751117431641,0.304799992370605),(-2.75373535888672,3.35434039794922,
0.050799996185302),(-2.75373535888672,3.35434039794922,0.304799992370605),
(-2.75373535888672,3.60675128662109,0.050799996185302),(-2.75373535888672,
3.60675128662109,0.304799992370605),(-2.74848633544922,3.35610126220703,
0.050799996185302),(-2.74848633544922,3.35610126220703,0.304799992370605),
(-2.74848633544922,3.60499042236328,0.050799996185302),(-2.74848633544922,
3.60499042236328,0.304799992370605),(-2.74364929931641,3.35880206787109,
0.050799996185302),(-2.74364929931641,3.35880206787109,0.304799992370605),
(-2.74364929931641,3.60230182373047,0.050799996185302),(-2.74364929931641,
3.60230182373047,0.304799992370605),(-2.73939057128906,3.36233295166016,
0.050799996185302),(-2.73939057128906,3.36233295166016,0.304799992370605),
(-2.73939057128906,3.59876178466797,0.050799996185302),(-2.73939057128906,
3.59876178466797,0.304799992370605),(-2.73585358398437,3.36659320556641,
0.050799996185302),(-2.73585358398437,3.36659320556641,0.304799992370605),
(-2.73585358398437,3.59450153076172,0.050799996185302),(-2.73585358398437,
3.59450153076172,0.304799992370605),(-2.73315888183594,3.37143024169922,
0.050799996185302),(-2.73315888183594,3.37143024169922,0.304799992370605),
(-2.73315888183594,3.58966144287109,0.050799996185302),(-2.73315888183594,
3.58966144287109,0.304799992370605),(-2.73140106933594,3.37668231689453,
0.050799996185302),(-2.73140106933594,3.37668231689453,0.304799992370605),
(-2.73140106933594,3.58441241943359,0.050799996185302),(-2.73140106933594,
3.58441241943359,0.304799992370605),(-2.7307083203125,3.38105243408203,
0.050799996185302),(-2.7307083203125,3.38105243408203,0.304799992370605),
(-2.7307083203125,3.58004230224609,0.050799996185302),(-2.7307083203125,
3.58004230224609,0.304799992370605),(-2.730635078125,3.38216022216797,0.050799996185302),
(-2.730635078125,3.38216022216797,0.304799992370605),(-2.730635078125,3.57893146240234,
0.050799996185302),(-2.730635078125,3.57893146240234,0.304799992370605),
(-2.73060456054688,3.38355182373047,0.050799996185302),(-2.73060456054688,
3.38355182373047,0.304799992370605),(-2.73060456054687,3.38105243408203,
0.050799996185302),(-2.73060456054687,3.38105243408203,0.304799992370605),
(-2.73060456054687,3.38216022216797,0.050799996185302),(-2.73060456054687,
3.38216022216797,0.304799992370605),(-2.73060456054687,3.5775520678711,
0.050799996185302),(-2.73060456054687,3.5775520678711,0.304799992370605),
(-2.73060456054687,3.57893146240234,0.050799996185302),(-2.73060456054687,
3.57893146240234,0.304799992370605),(-2.73060456054687,3.58005145751953,
0.050799996185302),(-2.73060456054687,3.58005145751953,0.304799992370605),
(-2.73057709472656,3.58120197021484,0.050799996185302),(-2.73057709472656,
3.58120197021484,0.304799992370605),(-2.73057099121094,3.37966083251953,
0.050799996185302),(-2.73057099121094,3.37966083251953,0.304799992370605),
(-2.72993927734375,3.58577045166016,0.050799996185302),(-2.72993927734375,
3.58577045166016,0.304799992370605),(-2.72980652587891,3.37418292724609,
0.304799992370605),(-2.72980652587891,3.3741829272461,0.050799996185302),
(-2.72847443359375,3.59014056884766,0.050799996185302),(-2.72847443359375,
3.59014056884766,0.304799992370605),(-2.7280471875,3.36893085205078,0.050799996185302),
(-2.7280471875,3.36893085205078,0.304799992370605),(-2.72622833984375,3.59417194091797,
0.050799996185302),(-2.72622833984375,3.59417194091797,0.304799992370605),
(-2.72535248535156,3.36409076416016,0.050799996185302),(-2.72535248535156,
3.36409076416016,0.304799992370605),(-2.72328034179687,3.59772113525391,
0.050799996185302),(-2.72328034179687,3.59772113525391,0.304799992370605),
(-2.72181549804687,3.35983051025391,0.050799996185302),(-2.72181549804687,
3.35983051025391,0.304799992370605),(-2.71973267333984,3.60067218505859,
0.050799996185302),(-2.71973267333984,3.60067218505859,0.304799992370605),
(-2.71755829589844,3.35630267822266,0.050799996185302),(-2.71755829589844,
3.35630267822266,0.304799992370605),(-2.71570130126953,3.60292133056641,
0.050799996185302),(-2.71570130126953,3.60292133056641,0.304799992370605),
(-2.71272125976563,3.35360187255859,0.304799992370605),(-2.71272125976562,
3.35360187255859,0.050799996185302),(-2.71132660644531,3.60438312255859,
0.050799996185302),(-2.71132660644531,3.60438312255859,0.304799992370605),
(-2.70747223632813,3.35184100830078,0.050799996185302),(-2.70747223632813,
3.35184100830078,0.304799992370605),(-2.706758125,3.60502093994141,0.050799996185302),
(-2.706758125,3.60502093994141,0.304799992370605),(-2.70560456054687,3.60505145751953,
0.050799996185302),(-2.70560456054687,3.60505145751953,0.304799992370605),
(-2.70198975341797,3.35108112060547,0.050799996185302),(-2.70198975341797,
3.35108112060547,0.304799992370605),(-2.70060272949219,3.35105060302735,
0.050799996185302),(-2.70060272949219,3.35105060302735,0.304799992370605),
(-2.66610260742187,3.41555255615235,0.050799996185302),(-2.66610260742187,
3.41555255615235,0.304799992370605),(-2.66610260742187,3.54055255615234,
0.050799996185302),(-2.66610260742187,3.54055255615234,0.304799992370605),
(-2.636103828125,3.47055133544922,0.080800015258788),(-2.636103828125,3.47055133544922,
0.274799973297118),(-2.636103828125,3.51055072509766,0.080800015258788),
(-2.636103828125,3.51055072509766,0.274799973297118),(-2.63607636230469,
3.46939166748047,0.0808266704559315),(-2.63607636230469,3.46939166748047,
0.274773270416259),(-2.63543854492187,3.46482318603516,0.0814640586853015),
(-2.63543854492187,3.46482318603516,0.274136025238036),(-2.63397370117187,
3.46045306884766,0.082930142211913),(-2.63397370117187,3.46045306884766,
0.272669798660277),(-2.63172760742187,3.45642169677734,0.0851750438690175),
(-2.63172760742187,3.45642169677734,0.270424897003173),(-2.62878113525391,
3.45287250244141,0.0881223266601555),(-2.62878113525391,3.45287250244141,
0.267477661895751),(-2.62523346679688,3.44992145263672,0.0851750438690175),
(-2.62523346679688,3.44992145263672,0.270424897003173),(-2.62120209472656,
3.44768146240234,0.082930142211913),(-2.62120209472656,3.44768146240234,
0.272669798660277),(-2.61682739990234,3.44621051513672,0.0814640586853015),
(-2.61682739990234,3.44621051513672,0.274136025238036),(-2.61225739257812,
3.44557269775391,0.0808266704559315),(-2.61225739257812,3.44557269775391,
0.274773270416259),(-2.611103828125,3.44555133544922,0.080800015258788),
(-2.611103828125,3.44555133544922,0.274799973297118),(-2.57110443847657,
3.51055072509765,0.274799973297118),(-2.57110443847656,3.44555133544922,
0.080800015258788),(-2.57110443847656,3.44555133544922,0.274799973297118),
(-2.57110443847656,3.51055072509766,0.080800015258788),(-2.54110260742187,
3.41555255615235,0.050799996185302),(-2.54110260742187,3.41555255615235,
0.304799992370605),(-2.54110260742187,3.54055255615234,0.050799996185302),
(-2.54110260742187,3.54055255615234,0.304799992370605),(-2.50660248535156,
3.35105060302734,0.304799992370605),(-2.50660248535156,3.35105060302735,
0.050799996185302),(-2.50660248535156,3.60505145751953,0.050799996185302),
(-2.50660248535156,3.60505145751953,0.304799992370605),(-2.50522309082031,
3.35108112060547,0.050799996185302),(-2.50522309082031,3.35108112060547,
0.304799992370605),(-2.50522309082031,3.60501178466797,0.050799996185302),
(-2.50522309082031,3.60501178466797,0.304799992370605),(-2.49973297851562,
3.35184100830078,0.050799996185302),(-2.49973297851562,3.35184100830078,
0.304799992370605),(-2.49973297851562,3.60425189697266,0.050799996185302),
(-2.49973297851562,3.60425189697266,0.304799992370605),(-2.49448242919922,
3.35360187255859,0.050799996185302),(-2.49448242919922,3.35360187255859,
0.304799992370605),(-2.49448242919922,3.60249103271484,0.050799996185302),
(-2.49448242919922,3.60249103271484,0.304799992370605),(-2.48965302246094,
3.35630267822266,0.050799996185302),(-2.48965302246094,3.35630267822266,
0.304799992370605),(-2.48965302246094,3.59980243408203,0.050799996185302),
(-2.48965302246094,3.59980243408203,0.304799992370605),(-2.4853927685547,
3.35983051025391,0.050799996185302),(-2.4853927685547,3.35983051025391,
0.304799992370605),(-2.4853927685547,3.59626239501953,0.050799996185302),
(-2.4853927685547,3.59626239501953,0.304799992370605),(-2.4818527294922,
3.36409076416016,0.050799996185302),(-2.4818527294922,3.36409076416016,
0.304799992370605),(-2.4818527294922,3.59200214111328,0.050799996185302),
(-2.4818527294922,3.59200214111328,0.304799992370605),(-2.47916260498048,
3.36893085205078,0.050799996185302),(-2.47916260498048,3.36893085205078,
0.304799992370605),(-2.47916260498048,3.58716205322266,0.050799996185302),
(-2.47916260498048,3.58716205322266,0.304799992370605),(-2.47740326660156,
3.37418292724609,0.304799992370605),(-2.47740326660156,3.3741829272461,
0.050799996185302),(-2.47740326660156,3.58191302978516,0.050799996185302),
(-2.47740326660156,3.58191302978516,0.304799992370605),(-2.4766326977539,
3.37966083251953,0.050799996185302),(-2.4766326977539,3.37966083251953,
0.304799992370605),(-2.4766326977539,3.5764320727539,0.050799996185302),
(-2.4766326977539,3.5764320727539,0.304799992370605),(-2.47660218017578,
3.38105243408203,0.050799996185302),(-2.47660218017578,3.38105243408203,
0.304799992370605),(-2.47660218017578,3.57505267822266,0.050799996185302),
(-2.47660218017578,3.57505267822266,0.304799992370605)));
#888=COORDINATES_LIST('',8,((-2.52088,3.0548,0.0512599952316284),(-2.52088,
3.0548,0.081260002384186),(-2.52088,3.1048,0.0512599952316284),(-2.52088,
3.1048,0.081260002384186),(-2.49087969482422,3.0548,0.0512599952316284),
(-2.49087969482422,3.0548,0.081260002384186),(-2.49087969482422,3.1048,
0.0512599952316284),(-2.49087969482422,3.1048,0.081260002384186)));
#889=COORDINATES_LIST('',8,((-2.52088,2.8548,0.0512599952316284),(-2.52088,
2.8548,0.081260002384186),(-2.52088,2.9048,0.0512599952316284),(-2.52088,
2.9048,0.081260002384186),(-2.49087969482422,2.8548,0.0512599952316284),
(-2.49087969482422,2.8548,0.081260002384186),(-2.49087969482422,2.9048,
0.0512599952316284),(-2.49087969482422,2.9048,0.081260002384186)));
#890=COORDINATES_LIST('',8,((-2.61088015258789,3.0548,0.0512599952316284),
(-2.61088015258789,3.0548,0.081260002384186),(-2.61088015258789,3.1048,
0.0512599952316284),(-2.61088015258789,3.1048,0.081260002384186),(-2.58087984741211,
3.0548,0.0512599952316284),(-2.58087984741211,3.0548,0.081260002384186),
(-2.58087984741211,3.1048,0.0512599952316284),(-2.58087984741211,3.1048,
0.081260002384186)));
#891=COORDINATES_LIST('',8,((-2.62588030517578,2.4298,0.0512599952316284),
(-2.62588030517578,2.4298,0.211260009536743),(-2.62588030517578,2.7298,
0.0512599952316284),(-2.62588030517578,2.7298,0.211260009536743),(-2.44588,
2.4298,0.0512599952316284),(-2.44588,2.4298,0.211260009536743),(-2.44588,
2.7298,0.0512599952316284),(-2.44588,2.7298,0.211260009536743)));
#892=COORDINATES_LIST('',8,((-2.64588,3.2298,0.0512599952316284),(-2.64588,
3.2298,0.0912600047683715),(-2.64588,3.33979984741211,0.0512599952316284),
(-2.64588,3.33979984741211,0.0912600047683715),(-2.44588,3.2298,0.0512599952316284),
(-2.44588,3.2298,0.0912600047683715),(-2.44588,3.33979984741211,0.0512599952316284),
(-2.44588,3.33979984741211,0.0912600047683715)));
#893=COORDINATES_LIST('',8,((-2.70088030517578,3.0548,0.0512599952316284),
(-2.70088030517578,3.0548,0.081260002384186),(-2.70088030517578,3.1048,
0.0512599952316284),(-2.70088030517578,3.1048,0.081260002384186),(-2.67088,
3.0548,0.0512599952316284),(-2.67088,3.0548,0.081260002384186),(-2.67088,
3.1048,0.0512599952316284),(-2.67088,3.1048,0.081260002384186)));
#894=COORDINATES_LIST('',8,((-2.70088030517578,2.8548,0.0512599952316284),
(-2.70088030517578,2.8548,0.081260002384186),(-2.70088030517578,2.9048,
0.0512599952316284),(-2.70088030517578,2.9048,0.081260002384186),(-2.67088,
2.8548,0.0512599952316284),(-2.67088,2.8548,0.081260002384186),(-2.67088,
2.9048,0.0512599952316284),(-2.67088,2.9048,0.081260002384186)));
#895=COORDINATES_LIST('',8,((-2.74588,2.9048,0.0512599952316284),(-2.74588,
2.9048,0.101259995231628),(-2.74588,3.0548,0.0512599952316284),(-2.74588,
3.0548,0.101259995231628),(-2.44588,2.9048,0.0512599952316284),(-2.44588,
2.9048,0.101259995231628),(-2.44588,3.0548,0.0512599952316284),(-2.44588,
3.0548,0.101259995231628)));
#896=COORDINATES_LIST('',8,((-3.08588015258789,3.0298,0.0512599952316284),
(-3.08588015258789,3.0298,0.101259995231628),(-3.08588015258789,3.2298,
0.0512599952316284),(-3.08588015258789,3.2298,0.101259995231628),(-3.02588030517578,
3.0298,0.0512599952316284),(-3.02588030517578,3.0298,0.101259995231628),
(-3.02588030517578,3.2298,0.0512599952316284),(-3.02588030517578,3.2298,
0.101259995231628)));
#897=COORDINATES_LIST('',8,((-3.08588015258789,2.7298,0.0512599952316284),
(-3.08588015258789,2.7298,0.151259995231629),(-3.08588015258789,2.9298,
0.0512599952316284),(-3.08588015258789,2.9298,0.151259995231629),(-3.02588030517578,
2.7298,0.0512599952316284),(-3.02588030517578,2.7298,0.151259995231629),
(-3.02588030517578,2.9298,0.0512599952316284),(-3.02588030517578,2.9298,
0.151259995231629)));
#898=COORDINATES_LIST('',8,((-3.22088,2.86980015258789,0.0512599952316284),
(-3.22088,2.86980015258789,0.081260002384186),(-3.22088,2.88979984741211,
0.0512599952316284),(-3.22088,2.88979984741211,0.081260002384186),(-3.20088030517578,
2.86980015258789,0.0512599952316284),(-3.20088030517578,2.86980015258789,
0.081260002384186),(-3.20088030517578,2.88979984741211,0.0512599952316284),
(-3.20088030517578,2.88979984741211,0.081260002384186)));
#899=COORDINATES_LIST('',8,((-3.22088,2.80980030517578,0.0512599952316284),
(-3.22088,2.80980030517578,0.081260002384186),(-3.22088,2.8298,0.0512599952316284),
(-3.22088,2.8298,0.081260002384186),(-3.20088030517578,2.80980030517578,
0.0512599952316284),(-3.20088030517578,2.80980030517578,0.081260002384186),
(-3.20088030517578,2.8298,0.0512599952316284),(-3.20088030517578,2.8298,
0.081260002384186)));
#900=COORDINATES_LIST('',8,((-3.22088,2.74979969482422,0.0512599952316284),
(-3.22088,2.74979969482422,0.081260002384186),(-3.22088,2.76980015258789,
0.0512599952316284),(-3.22088,2.76980015258789,0.081260002384186),(-3.20088030517578,
2.74979969482422,0.0512599952316284),(-3.20088030517578,2.74979969482422,
0.081260002384186),(-3.20088030517578,2.76980015258789,0.0512599952316284),
(-3.20088030517578,2.76980015258789,0.081260002384186)));
#901=COORDINATES_LIST('',8,((-3.22088,2.68979984741211,0.0512599952316284),
(-3.22088,2.68979984741211,0.081260002384186),(-3.22088,2.70980030517578,
0.0512599952316284),(-3.22088,2.70980030517578,0.081260002384186),(-3.20088030517578,
2.68979984741211,0.0512599952316284),(-3.20088030517578,2.68979984741211,
0.081260002384186),(-3.20088030517578,2.70980030517578,0.0512599952316284),
(-3.20088030517578,2.70980030517578,0.081260002384186)));
#902=COORDINATES_LIST('',8,((-3.28975741088867,3.17479969482422,0.0512599952316284),
(-3.28975741088867,3.17479969482422,0.081260002384186),(-3.28975741088867,
3.2048,0.0512599952316284),(-3.28975741088867,3.2048,0.081260002384186),
(-3.23975741088867,3.17479969482422,0.0512599952316284),(-3.23975741088867,
3.17479969482422,0.081260002384186),(-3.23975741088867,3.2048,0.0512599952316284),
(-3.23975741088867,3.2048,0.081260002384186)));
#903=COORDINATES_LIST('',8,((-3.28975741088867,3.1048,0.0512599952316284),
(-3.28975741088867,3.1048,0.081260002384186),(-3.28975741088867,3.13480030517578,
0.0512599952316284),(-3.28975741088867,3.13480030517578,0.081260002384186),
(-3.23975741088867,3.1048,0.0512599952316284),(-3.23975741088867,3.1048,
0.081260002384186),(-3.23975741088867,3.13480030517578,0.0512599952316284),
(-3.23975741088867,3.13480030517578,0.081260002384186)));
#904=COORDINATES_LIST('',8,((-3.28975741088867,3.03480030517578,0.0512599952316284),
(-3.28975741088867,3.03480030517578,0.081260002384186),(-3.28975741088867,
3.06479984741211,0.0512599952316284),(-3.28975741088867,3.06479984741211,
0.081260002384186),(-3.23975741088867,3.03480030517578,0.0512599952316284),
(-3.23975741088867,3.03480030517578,0.081260002384186),(-3.23975741088867,
3.06479984741211,0.0512599952316284),(-3.23975741088867,3.06479984741211,
0.081260002384186)));
#905=COORDINATES_LIST('',8,((-3.29087969482422,2.93979984741211,0.0512599952316284),
(-3.29087969482422,2.93979984741211,0.081260002384186),(-3.29087969482422,
2.95980030517578,0.0512599952316284),(-3.29087969482422,2.95980030517578,
0.081260002384186),(-3.27088,2.93979984741211,0.0512599952316284),(-3.27088,
2.93979984741211,0.081260002384186),(-3.27088,2.95980030517578,0.0512599952316284),
(-3.27088,2.95980030517578,0.081260002384186)));
#906=COORDINATES_LIST('',8,((-3.29087969482422,2.61980015258789,0.0512599952316284),
(-3.29087969482422,2.61980015258789,0.081260002384186),(-3.29087969482422,
2.63979984741211,0.0512599952316284),(-3.29087969482422,2.63979984741211,
0.081260002384186),(-3.27088,2.61980015258789,0.0512599952316284),(-3.27088,
2.61980015258789,0.081260002384186),(-3.27088,2.63979984741211,0.0512599952316284),
(-3.27088,2.63979984741211,0.081260002384186)));
#907=COORDINATES_LIST('',8,((-3.33588015258789,3.2798,0.0512599952316284),
(-3.33588015258789,3.2798,0.101259995231628),(-3.33588015258789,3.33979984741211,
0.0512599952316284),(-3.33588015258789,3.33979984741211,0.101259995231628),
(-3.13588015258789,3.2798,0.0512599952316284),(-3.13588015258789,3.2798,
0.101259995231628),(-3.13588015258789,3.33979984741211,0.0512599952316284),
(-3.13588015258789,3.33979984741211,0.101259995231628)));
#908=COORDINATES_LIST('',8,((-3.35088030517578,2.93979984741211,0.0512599952316284),
(-3.35088030517578,2.93979984741211,0.081260002384186),(-3.35088030517578,
2.95980030517578,0.0512599952316284),(-3.35088030517578,2.95980030517578,
0.081260002384186),(-3.33087984741211,2.93979984741211,0.0512599952316284),
(-3.33087984741211,2.93979984741211,0.081260002384186),(-3.33087984741211,
2.95980030517578,0.0512599952316284),(-3.33087984741211,2.95980030517578,
0.081260002384186)));
#909=COORDINATES_LIST('',8,((-3.35088030517578,2.61980015258789,0.0512599952316284),
(-3.35088030517578,2.61980015258789,0.081260002384186),(-3.35088030517578,
2.63979984741211,0.0512599952316284),(-3.35088030517578,2.63979984741211,
0.081260002384186),(-3.33087984741211,2.61980015258789,0.0512599952316284),
(-3.33087984741211,2.61980015258789,0.081260002384186),(-3.33087984741211,
2.63979984741211,0.0512599952316284),(-3.33087984741211,2.63979984741211,
0.081260002384186)));
#910=COORDINATES_LIST('',8,((-3.41088015258789,2.93979984741211,0.0512599952316284),
(-3.41088015258789,2.93979984741211,0.081260002384186),(-3.41088015258789,
2.95980030517578,0.0512599952316284),(-3.41088015258789,2.95980030517578,
0.081260002384186),(-3.39087969482422,2.93979984741211,0.0512599952316284),
(-3.39087969482422,2.93979984741211,0.081260002384186),(-3.39087969482422,
2.95980030517578,0.0512599952316284),(-3.39087969482422,2.95980030517578,
0.081260002384186)));
#911=COORDINATES_LIST('',8,((-3.41088015258789,2.61980015258789,0.0512599952316284),
(-3.41088015258789,2.61980015258789,0.081260002384186),(-3.41088015258789,
2.63979984741211,0.0512599952316284),(-3.41088015258789,2.63979984741211,
0.081260002384186),(-3.39087969482422,2.61980015258789,0.0512599952316284),
(-3.39087969482422,2.61980015258789,0.081260002384186),(-3.39087969482422,
2.63979984741211,0.0512599952316284),(-3.39087969482422,2.63979984741211,
0.081260002384186)));
#912=COORDINATES_LIST('',8,((-3.43975741088867,3.01980015258789,0.0512599952316284),
(-3.43975741088867,3.01980015258789,0.12126),(-3.43975741088867,3.21980015258789,
0.0512599952316284),(-3.43975741088867,3.21980015258789,0.12126),(-3.28975741088867,
3.01980015258789,0.0512599952316284),(-3.28975741088867,3.01980015258789,
0.12126),(-3.28975741088867,3.21980015258789,0.0512599952316284),(-3.28975741088867,
3.21980015258789,0.12126)));
#913=COORDINATES_LIST('',8,((-3.47088,2.93979984741211,0.0512599952316284),
(-3.47088,2.93979984741211,0.081260002384186),(-3.47088,2.95980030517578,
0.0512599952316284),(-3.47088,2.95980030517578,0.081260002384186),(-3.45088030517578,
2.93979984741211,0.0512599952316284),(-3.45088030517578,2.93979984741211,
0.081260002384186),(-3.45088030517578,2.95980030517578,0.0512599952316284),
(-3.45088030517578,2.95980030517578,0.081260002384186)));
#914=COORDINATES_LIST('',8,((-3.47088,2.61980015258789,0.0512599952316284),
(-3.47088,2.61980015258789,0.081260002384186),(-3.47088,2.63979984741211,
0.0512599952316284),(-3.47088,2.63979984741211,0.081260002384186),(-3.45088030517578,
2.61980015258789,0.0512599952316284),(-3.45088030517578,2.61980015258789,
0.081260002384186),(-3.45088030517578,2.63979984741211,0.0512599952316284),
(-3.45088030517578,2.63979984741211,0.081260002384186)));
#915=COORDINATES_LIST('',8,((-3.48975741088867,3.17479969482422,0.0512599952316284),
(-3.48975741088867,3.17479969482422,0.081260002384186),(-3.48975741088867,
3.2048,0.0512599952316284),(-3.48975741088867,3.2048,0.081260002384186),
(-3.43975741088867,3.17479969482422,0.0512599952316284),(-3.43975741088867,
3.17479969482422,0.081260002384186),(-3.43975741088867,3.2048,0.0512599952316284),
(-3.43975741088867,3.2048,0.081260002384186)));
#916=COORDINATES_LIST('',8,((-3.48975741088867,3.1048,0.0512599952316284),
(-3.48975741088867,3.1048,0.081260002384186),(-3.48975741088867,3.13480030517578,
0.0512599952316284),(-3.48975741088867,3.13480030517578,0.081260002384186),
(-3.43975741088867,3.1048,0.0512599952316284),(-3.43975741088867,3.1048,
0.081260002384186),(-3.43975741088867,3.13480030517578,0.0512599952316284),
(-3.43975741088867,3.13480030517578,0.081260002384186)));
#917=COORDINATES_LIST('',8,((-3.48975741088867,3.03480030517578,0.0512599952316284),
(-3.48975741088867,3.03480030517578,0.081260002384186),(-3.48975741088867,
3.06479984741211,0.0512599952316284),(-3.48975741088867,3.06479984741211,
0.081260002384186),(-3.43975741088867,3.03480030517578,0.0512599952316284),
(-3.43975741088867,3.03480030517578,0.081260002384186),(-3.43975741088867,
3.06479984741211,0.0512599952316284),(-3.43975741088867,3.06479984741211,
0.081260002384186)));
#918=COORDINATES_LIST('',8,((-3.51360384643555,2.4298,0.0512599952316284),
(-3.51360384643555,2.4298,0.17126),(-3.51360384643555,2.53979984741211,
0.0512599952316284),(-3.51360384643555,2.53979984741211,0.17126),(-3.31360384643555,
2.4298,0.0512599952316284),(-3.31360384643555,2.4298,0.17126),(-3.31360384643555,
2.53979984741211,0.0512599952316284),(-3.31360384643555,2.53979984741211,
0.17126)));
#919=COORDINATES_LIST('',8,((-3.52088,2.63979984741211,0.0512599952316284),
(-3.52088,2.63979984741211,0.12126),(-3.52088,2.93979984741211,0.0512599952316284),
(-3.52088,2.93979984741211,0.12126),(-3.22088,2.63979984741211,0.0512599952316284),
(-3.22088,2.63979984741211,0.12126),(-3.22088,2.93979984741211,0.0512599952316284),
(-3.22088,2.93979984741211,0.12126)));
#920=COORDINATES_LIST('',8,((-3.54087969482422,2.86980015258789,0.0512599952316284),
(-3.54087969482422,2.86980015258789,0.081260002384186),(-3.54087969482422,
2.88979984741211,0.0512599952316284),(-3.54087969482422,2.88979984741211,
0.081260002384186),(-3.52088,2.86980015258789,0.0512599952316284),(-3.52088,
2.86980015258789,0.081260002384186),(-3.52088,2.88979984741211,0.0512599952316284),
(-3.52088,2.88979984741211,0.081260002384186)));
#921=COORDINATES_LIST('',8,((-3.54087969482422,2.80980030517578,0.0512599952316284),
(-3.54087969482422,2.80980030517578,0.081260002384186),(-3.54087969482422,
2.8298,0.0512599952316284),(-3.54087969482422,2.8298,0.081260002384186),
(-3.52088,2.80980030517578,0.0512599952316284),(-3.52088,2.80980030517578,
0.081260002384186),(-3.52088,2.8298,0.0512599952316284),(-3.52088,2.8298,
0.081260002384186)));
#922=COORDINATES_LIST('',8,((-3.54087969482422,2.74979969482422,0.0512599952316284),
(-3.54087969482422,2.74979969482422,0.081260002384186),(-3.54087969482422,
2.76980015258789,0.0512599952316284),(-3.54087969482422,2.76980015258789,
0.081260002384186),(-3.52088,2.74979969482422,0.0512599952316284),(-3.52088,
2.74979969482422,0.081260002384186),(-3.52088,2.76980015258789,0.0512599952316284),
(-3.52088,2.76980015258789,0.081260002384186)));
#923=COORDINATES_LIST('',8,((-3.54087969482422,2.68979984741211,0.0512599952316284),
(-3.54087969482422,2.68979984741211,0.081260002384186),(-3.54087969482422,
2.70980030517578,0.0512599952316284),(-3.54087969482422,2.70980030517578,
0.081260002384186),(-3.52088,2.68979984741211,0.0512599952316284),(-3.52088,
2.68979984741211,0.081260002384186),(-3.52088,2.70980030517578,0.0512599952316284),
(-3.52088,2.70980030517578,0.081260002384186)));
#924=COORDINATES_LIST('',8,((-3.63588015258789,3.2798,0.0512599952316284),
(-3.63588015258789,3.2798,0.101259995231628),(-3.63588015258789,3.33979984741211,
0.0512599952316284),(-3.63588015258789,3.33979984741211,0.101259995231628),
(-3.43588015258789,3.2798,0.0512599952316284),(-3.43588015258789,3.2798,
0.101259995231628),(-3.43588015258789,3.33979984741211,0.0512599952316284),
(-3.43588015258789,3.33979984741211,0.101259995231628)));
#925=COORDINATES_LIST('',8,((-3.74588,3.0298,0.0512599952316284),(-3.74588,
3.0298,0.101259995231628),(-3.74588,3.2298,0.0512599952316284),(-3.74588,
3.2298,0.101259995231628),(-3.68588015258789,3.0298,0.0512599952316284),
(-3.68588015258789,3.0298,0.101259995231628),(-3.68588015258789,3.2298,
0.0512599952316284),(-3.68588015258789,3.2298,0.101259995231628)));
#926=COORDINATES_LIST('',8,((-3.74588,2.7298,0.0512599952316284),(-3.74588,
2.7298,0.151259995231629),(-3.74588,2.9298,0.0512599952316284),(-3.74588,
2.9298,0.151259995231629),(-3.68588015258789,2.7298,0.0512599952316284),
(-3.68588015258789,2.7298,0.151259995231629),(-3.68588015258789,2.9298,
0.0512599952316284),(-3.68588015258789,2.9298,0.151259995231629)));
#927=COORDINATES_LIST('',8,((-3.74588,2.4298,0.0512599952316284),(-3.74588,
2.4298,0.17126),(-3.74588,2.6298,0.0512599952316284),(-3.74588,2.6298,0.17126),
(-3.63588015258789,2.4298,0.0512599952316284),(-3.63588015258789,2.4298,
0.17126),(-3.63588015258789,2.6298,0.0512599952316284),(-3.63588015258789,
2.6298,0.17126)));
#928=COORDINATES_LIST('',238,((-3.84588,2.2798,-0.07874),(-3.84588,2.2798,
0.0512599952316284),(-3.84588,3.6298,-0.07874),(-3.84588,3.6298,0.0512599952316284),
(-3.69041430175781,3.47299152832031,-0.07874),(-3.69041430175781,3.47299152832031,
0.0512599952316284),(-3.69041430175781,3.48660847167969,-0.07874),(-3.69041430175781,
3.48660847167969,0.0512599952316284),(-3.68674074829102,3.45987965087891,
-0.07874),(-3.68674074829102,3.45987965087891,0.0512599952316284),(-3.68674074829102,
3.49972034912109,-0.07874),(-3.68674074829102,3.49972034912109,0.0512599952316284),
(-3.67966524780273,3.4482455871582,-0.07874),(-3.67966524780273,3.4482455871582,
0.0512599952316284),(-3.67966524780273,3.5113544128418,-0.07874),(-3.67966524780273,
3.5113544128418,0.0512599952316284),(-3.66971422851562,3.43895145874024,
-0.07874),(-3.66971422851562,3.43895145874024,0.0512599952316284),(-3.66971422851562,
3.52064854125977,-0.07874),(-3.66971422851562,3.52064854125977,0.0512599952316284),
(-3.65762392700195,3.43268696289062,-0.07874),(-3.65762392700195,3.43268696289062,
0.0512599952316284),(-3.65762392700195,3.52691303710938,-0.07874),(-3.65762392700195,
3.52691303710938,0.0512599952316284),(-3.64429232299805,3.42991672973633,
-0.07874),(-3.64429232299805,3.52968327026367,0.0512599952316284),(-3.64429232299804,
3.42991672973633,0.0512599952316284),(-3.64429232299804,3.52968327026367,
-0.07874),(-3.6307074230957,3.43084598999024,-0.07874),(-3.6307074230957,
3.43084598999024,0.0512599952316284),(-3.6307074230957,3.52875401000977,
-0.07874),(-3.6307074230957,3.52875401000977,0.0512599952316284),(-3.6178770703125,
3.43540607910156,-0.07874),(-3.6178770703125,3.43540607910156,0.0512599952316284),
(-3.6178770703125,3.52419392089844,-0.07874),(-3.6178770703125,3.52419392089844,
0.0512599952316284),(-3.60675265014648,3.44325825195312,-0.07874),(-3.60675265014648,
3.44325825195312,0.0512599952316284),(-3.60675265014648,3.51634174804688,
-0.07874),(-3.60675265014648,3.51634174804688,0.0512599952316284),(-3.59815890014648,
3.45382114868164,-0.07874),(-3.59815890014648,3.45382114868164,0.0512599952316284),
(-3.59815890014648,3.50577885131836,-0.07874),(-3.59815890014648,3.50577885131836,
0.0512599952316284),(-3.59273440063476,3.4663104675293,-0.07874),(-3.59273440063476,
3.4663104675293,0.0512599952316284),(-3.59273440063476,3.49328953247071,
-0.07874),(-3.59273440063476,3.49328953247071,0.0512599952316284),(-3.59087969482422,
3.4798,-0.07874),(-3.59087969482422,3.4798,0.0512599952316284),(-3.4304144543457,
3.47299152832031,-0.07874),(-3.4304144543457,3.47299152832031,0.0512599952316284),
(-3.4304144543457,3.48660847167969,-0.07874),(-3.4304144543457,3.48660847167969,
0.0512599952316284),(-3.42674090087891,3.45987965087891,-0.07874),(-3.42674090087891,
3.45987965087891,0.0512599952316284),(-3.42674090087891,3.49972034912109,
-0.07874),(-3.42674090087891,3.4997203491211,0.0512599952316284),(-3.41966540039062,
3.4482455871582,-0.07874),(-3.41966540039062,3.4482455871582,0.0512599952316284),
(-3.41966540039062,3.5113544128418,-0.07874),(-3.41966540039062,3.5113544128418,
0.0512599952316284),(-3.40971438110352,3.43895145874024,0.0512599952316284),
(-3.40971438110352,3.52064854125977,-0.07874),(-3.40971438110352,3.52064854125977,
0.0512599952316284),(-3.40971438110351,3.43895145874023,-0.07874),(-3.39762407958984,
3.43268696289062,-0.07874),(-3.39762407958984,3.43268696289062,0.0512599952316284),
(-3.39762407958984,3.52691303710938,-0.07874),(-3.39762407958984,3.52691303710938,
0.0512599952316284),(-3.38429247558594,3.42991672973633,-0.07874),(-3.38429247558594,
3.42991672973633,0.0512599952316284),(-3.38429247558594,3.52968327026367,
-0.07874),(-3.38429247558594,3.52968327026367,0.0512599952316284),(-3.37070757568359,
3.43084598999024,-0.07874),(-3.37070757568359,3.43084598999024,0.0512599952316284),
(-3.37070757568359,3.52875401000977,-0.07874),(-3.37070757568359,3.52875401000977,
0.0512599952316284),(-3.35787645996094,3.43540607910156,-0.07874),(-3.35787645996094,
3.43540607910156,0.0512599952316284),(-3.35787645996094,3.52419392089844,
-0.07874),(-3.35787645996094,3.52419392089844,0.0512599952316284),(-3.34675203979492,
3.44325825195312,-0.07874),(-3.34675203979492,3.44325825195312,0.0512599952316284),
(-3.34675203979492,3.51634174804688,-0.07874),(-3.34675203979492,3.51634174804688,
0.0512599952316284),(-3.33815905273437,3.45382114868164,-0.07874),(-3.33815905273437,
3.45382114868164,0.0512599952316284),(-3.33815905273437,3.50577885131836,
-0.07874),(-3.33815905273437,3.50577885131836,0.0512599952316284),(-3.3327337902832,
3.4663104675293,-0.07874),(-3.3327337902832,3.4663104675293,0.0512599952316284),
(-3.3327337902832,3.49328953247071,-0.07874),(-3.3327337902832,3.49328953247071,
0.0512599952316284),(-3.33087984741211,3.4798,-0.07874),(-3.33087984741211,
3.4798,0.0512599952316284),(-3.17041460693359,3.47299152832031,-0.07874),
(-3.17041460693359,3.47299152832031,0.0512599952316284),(-3.17041460693359,
3.48660847167969,-0.07874),(-3.17041460693359,3.48660847167969,0.0512599952316284),
(-3.16674029052735,3.45987965087891,-0.07874),(-3.16674029052735,3.4997203491211,
0.0512599952316284),(-3.16674029052734,3.45987965087891,0.0512599952316284),
(-3.16674029052734,3.49972034912109,-0.07874),(-3.15966555297852,3.4482455871582,
-0.07874),(-3.15966555297852,3.4482455871582,0.0512599952316284),(-3.15966555297852,
3.5113544128418,-0.07874),(-3.15966555297852,3.5113544128418,0.0512599952316284),
(-3.14971377075195,3.43895145874023,-0.07874),(-3.14971377075195,3.43895145874024,
0.0512599952316284),(-3.14971377075195,3.52064854125977,-0.07874),(-3.14971377075195,
3.52064854125977,0.0512599952316284),(-3.13762423217774,3.43268696289062,
-0.07874),(-3.13762423217774,3.43268696289062,0.0512599952316284),(-3.13762423217774,
3.52691303710938,-0.07874),(-3.13762423217774,3.52691303710938,0.0512599952316284),
(-3.12429186523437,3.42991672973633,-0.07874),(-3.12429186523437,3.42991672973633,
0.0512599952316284),(-3.12429186523437,3.52968327026367,-0.07874),(-3.12429186523437,
3.52968327026367,0.0512599952316284),(-3.11070696533203,3.43084598999024,
-0.07874),(-3.11070696533203,3.43084598999024,0.0512599952316284),(-3.11070696533203,
3.52875401000977,-0.07874),(-3.11070696533203,3.52875401000977,0.0512599952316284),
(-3.09787661254883,3.43540607910156,-0.07874),(-3.09787661254883,3.43540607910156,
0.0512599952316284),(-3.09787661254883,3.52419392089844,-0.07874),(-3.09787661254883,
3.52419392089844,0.0512599952316284),(-3.08675219238281,3.44325825195312,
-0.07874),(-3.08675219238281,3.44325825195312,0.0512599952316284),(-3.08675219238281,
3.51634174804688,-0.07874),(-3.08675219238281,3.51634174804688,0.0512599952316284),
(-3.07815920532227,3.45382114868164,-0.07874),(-3.07815920532227,3.45382114868164,
0.0512599952316284),(-3.07815920532227,3.50577885131836,-0.07874),(-3.07815920532227,
3.50577885131836,0.0512599952316284),(-3.0727339428711,3.4663104675293,
-0.07874),(-3.07273394287109,3.4663104675293,0.0512599952316284),(-3.07273394287109,
3.49328953247071,-0.07874),(-3.07273394287109,3.49328953247071,0.0512599952316284),
(-3.07088,3.4798,-0.07874),(-3.07088,3.4798,0.0512599952316284),(-2.91041399658203,
3.47299152832031,-0.07874),(-2.91041399658203,3.47299152832031,0.0512599952316284),
(-2.91041399658203,3.48660847167969,-0.07874),(-2.91041399658203,3.48660847167969,
0.0512599952316284),(-2.90674044311523,3.45987965087891,-0.07874),(-2.90674044311523,
3.45987965087891,0.0512599952316284),(-2.90674044311523,3.49972034912109,
-0.07874),(-2.90674044311523,3.4997203491211,0.0512599952316284),(-2.89966570556641,
3.4482455871582,-0.07874),(-2.89966570556641,3.5113544128418,-0.07874),
(-2.89966570556641,3.5113544128418,0.0512599952316284),(-2.8996657055664,
3.4482455871582,0.0512599952316284),(-2.88971392333984,3.43895145874023,
-0.07874),(-2.88971392333984,3.43895145874024,0.0512599952316284),(-2.88971392333984,
3.52064854125977,-0.07874),(-2.88971392333984,3.52064854125977,0.0512599952316284),
(-2.87762362182617,3.43268696289062,-0.07874),(-2.87762362182617,3.43268696289062,
0.0512599952316284),(-2.87762362182617,3.52691303710938,-0.07874),(-2.87762362182617,
3.52691303710938,0.0512599952316284),(-2.86429201782227,3.42991672973633,
-0.07874),(-2.86429201782227,3.42991672973633,0.0512599952316284),(-2.86429201782227,
3.52968327026367,-0.07874),(-2.86429201782227,3.52968327026367,0.0512599952316284),
(-2.85070711791992,3.43084598999024,-0.07874),(-2.85070711791992,3.43084598999024,
0.0512599952316284),(-2.85070711791992,3.52875401000977,-0.07874),(-2.85070711791992,
3.52875401000977,0.0512599952316284),(-2.83787676513672,3.43540607910156,
-0.07874),(-2.83787676513672,3.43540607910156,0.0512599952316284),(-2.83787676513672,
3.52419392089844,-0.07874),(-2.83787676513672,3.52419392089844,0.0512599952316284),
(-2.8267523449707,3.44325825195312,-0.07874),(-2.8267523449707,3.44325825195312,
0.0512599952316284),(-2.8267523449707,3.51634174804688,-0.07874),(-2.8267523449707,
3.51634174804688,0.0512599952316284),(-2.81815935791016,3.45382114868164,
-0.07874),(-2.81815935791016,3.45382114868164,0.0512599952316284),(-2.81815935791016,
3.50577885131836,-0.07874),(-2.81815935791016,3.50577885131836,0.0512599952316284),
(-2.81273409545898,3.4663104675293,-0.07874),(-2.81273409545898,3.4663104675293,
0.0512599952316284),(-2.81273409545898,3.49328953247071,-0.07874),(-2.81273409545898,
3.49328953247071,0.0512599952316284),(-2.81088015258789,3.4798,-0.07874),
(-2.81088015258789,3.4798,0.0512599952316284),(-2.65041414916992,3.47299152832031,
-0.07874),(-2.65041414916992,3.47299152832031,0.0512599952316284),(-2.65041414916992,
3.48660847167969,-0.07874),(-2.65041414916992,3.48660847167969,0.0512599952316284),
(-2.64674059570313,3.45987965087891,0.0512599952316284),(-2.64674059570313,
3.49972034912109,-0.07874),(-2.64674059570312,3.45987965087891,-0.07874),
(-2.64674059570312,3.4997203491211,0.0512599952316284),(-2.6396658581543,
3.4482455871582,-0.07874),(-2.6396658581543,3.4482455871582,0.0512599952316284),
(-2.6396658581543,3.5113544128418,-0.07874),(-2.6396658581543,3.5113544128418,
0.0512599952316284),(-2.62971407592773,3.43895145874023,-0.07874),(-2.62971407592773,
3.43895145874024,0.0512599952316284),(-2.62971407592773,3.52064854125977,
-0.07874),(-2.62971407592773,3.52064854125977,0.0512599952316284),(-2.61762377441407,
3.52691303710938,-0.07874),(-2.61762377441407,3.52691303710938,0.0512599952316284),
(-2.61762377441406,3.43268696289062,-0.07874),(-2.61762377441406,3.43268696289062,
0.0512599952316284),(-2.60429217041016,3.42991672973633,-0.07874),(-2.60429217041016,
3.42991672973633,0.0512599952316284),(-2.60429217041016,3.52968327026367,
-0.07874),(-2.60429217041016,3.52968327026367,0.0512599952316284),(-2.59070727050781,
3.43084598999024,-0.07874),(-2.59070727050781,3.43084598999024,0.0512599952316284),
(-2.59070727050781,3.52875401000977,-0.07874),(-2.59070727050781,3.52875401000977,
0.0512599952316284),(-2.57787691772461,3.43540607910156,-0.07874),(-2.57787691772461,
3.43540607910156,0.0512599952316284),(-2.57787691772461,3.52419392089844,
-0.07874),(-2.57787691772461,3.52419392089844,0.0512599952316284),(-2.56675249755859,
3.44325825195312,-0.07874),(-2.56675249755859,3.44325825195312,0.0512599952316284),
(-2.56675249755859,3.51634174804688,-0.07874),(-2.56675249755859,3.51634174804688,
0.0512599952316284),(-2.55815874755859,3.45382114868164,-0.07874),(-2.55815874755859,
3.45382114868164,0.0512599952316284),(-2.55815874755859,3.50577885131836,
-0.07874),(-2.55815874755859,3.50577885131836,0.0512599952316284),(-2.55273424804688,
3.4663104675293,0.0512599952316284),(-2.55273424804688,3.4932895324707,
-0.07874),(-2.55273424804688,3.4932895324707,0.0512599952316284),(-2.55273424804687,
3.4663104675293,-0.07874),(-2.55088030517578,3.4798,-0.07874),(-2.55088030517578,
3.4798,0.0512599952316284),(-2.39588,2.2798,-0.07874),(-2.39588,2.2798,
0.0512599952316284),(-2.39588,3.6298,-0.07874),(-2.39588,3.6298,0.0512599952316284)));
#929=TESSELLATED_SHELL('ConvergentBody',(#835),$);
#930=TESSELLATED_SHELL('ConvergentBody',(#836),$);
#931=TESSELLATED_SHELL('ConvergentBody',(#837),$);
#932=TESSELLATED_SHELL('ConvergentBody',(#838),$);
#933=TESSELLATED_SHELL('ConvergentBody',(#839),$);
#934=TESSELLATED_SHELL('ConvergentBody',(#840),$);
#935=TESSELLATED_SHELL('ConvergentBody',(#841),$);
#936=TESSELLATED_SHELL('ConvergentBody',(#842),$);
#937=TESSELLATED_SHELL('ConvergentBody',(#843),$);
#938=TESSELLATED_SHELL('ConvergentBody',(#844),$);
#939=TESSELLATED_SHELL('ConvergentBody',(#845),$);
#940=TESSELLATED_SHELL('ConvergentBody',(#846),$);
#941=TESSELLATED_SHELL('ConvergentBody',(#847),$);
#942=TESSELLATED_SHELL('ConvergentBody',(#848),$);
#943=TESSELLATED_SHELL('ConvergentBody',(#849),$);
#944=TESSELLATED_SHELL('ConvergentBody',(#850),$);
#945=TESSELLATED_SHELL('ConvergentBody',(#851),$);
#946=TESSELLATED_SHELL('ConvergentBody',(#852),$);
#947=TESSELLATED_SHELL('ConvergentBody',(#853),$);
#948=TESSELLATED_SHELL('ConvergentBody',(#854),$);
#949=TESSELLATED_SHELL('ConvergentBody',(#855),$);
#950=TESSELLATED_SHELL('ConvergentBody',(#856),$);
#951=TESSELLATED_SHELL('ConvergentBody',(#857),$);
#952=TESSELLATED_SHELL('ConvergentBody',(#858),$);
#953=TESSELLATED_SHELL('ConvergentBody',(#859),$);
#954=TESSELLATED_SHELL('ConvergentBody',(#860),$);
#955=TESSELLATED_SHELL('ConvergentBody',(#861),$);
#956=TESSELLATED_SHELL('ConvergentBody',(#862),$);
#957=TESSELLATED_SHELL('ConvergentBody',(#863),$);
#958=TESSELLATED_SHELL('ConvergentBody',(#864),$);
#959=TESSELLATED_SHELL('ConvergentBody',(#865),$);
#960=TESSELLATED_SHELL('ConvergentBody',(#866),$);
#961=TESSELLATED_SHELL('ConvergentBody',(#867),$);
#962=TESSELLATED_SHELL('ConvergentBody',(#868),$);
#963=TESSELLATED_SHELL('ConvergentBody',(#869),$);
#964=TESSELLATED_SHELL('ConvergentBody',(#870),$);
#965=TESSELLATED_SHELL('ConvergentBody',(#871),$);
#966=TESSELLATED_SHELL('ConvergentBody',(#872),$);
#967=TESSELLATED_SHELL('ConvergentBody',(#873),$);
#968=TESSELLATED_SHELL('ConvergentBody',(#874),$);
#969=TESSELLATED_SHELL('ConvergentBody',(#875),$);
#970=TESSELLATED_SHELL('ConvergentBody',(#876),$);
#971=TESSELLATED_SHELL('ConvergentBody',(#877),$);
#972=TESSELLATED_SHELL('ConvergentBody',(#878),$);
#973=TESSELLATED_SHELL('ConvergentBody',(#879),$);
#974=TESSELLATED_SHELL('ConvergentBody',(#880),$);
#975=TESSELLATED_SHELL('ConvergentBody',(#881),$);
#976=SHAPE_DEFINITION_REPRESENTATION(#1972,#1025);
#977=SHAPE_DEFINITION_REPRESENTATION(#1973,#1026);
#978=SHAPE_DEFINITION_REPRESENTATION(#1974,#1027);
#979=SHAPE_DEFINITION_REPRESENTATION(#1975,#1028);
#980=SHAPE_DEFINITION_REPRESENTATION(#1976,#1029);
#981=SHAPE_DEFINITION_REPRESENTATION(#1977,#1030);
#982=SHAPE_DEFINITION_REPRESENTATION(#1978,#1031);
#983=SHAPE_DEFINITION_REPRESENTATION(#1979,#1032);
#984=SHAPE_DEFINITION_REPRESENTATION(#1980,#1033);
#985=SHAPE_DEFINITION_REPRESENTATION(#1981,#1034);
#986=SHAPE_DEFINITION_REPRESENTATION(#1982,#1035);
#987=SHAPE_DEFINITION_REPRESENTATION(#1983,#1036);
#988=SHAPE_DEFINITION_REPRESENTATION(#1984,#1037);
#989=SHAPE_DEFINITION_REPRESENTATION(#1985,#1038);
#990=SHAPE_DEFINITION_REPRESENTATION(#1986,#1039);
#991=SHAPE_DEFINITION_REPRESENTATION(#1987,#1040);
#992=SHAPE_DEFINITION_REPRESENTATION(#1988,#1041);
#993=SHAPE_DEFINITION_REPRESENTATION(#1989,#1042);
#994=SHAPE_DEFINITION_REPRESENTATION(#1990,#1043);
#995=SHAPE_DEFINITION_REPRESENTATION(#1991,#1044);
#996=SHAPE_DEFINITION_REPRESENTATION(#1992,#1045);
#997=SHAPE_DEFINITION_REPRESENTATION(#1993,#1046);
#998=SHAPE_DEFINITION_REPRESENTATION(#1994,#1047);
#999=SHAPE_DEFINITION_REPRESENTATION(#1995,#1048);
#1000=SHAPE_DEFINITION_REPRESENTATION(#1996,#1049);
#1001=SHAPE_DEFINITION_REPRESENTATION(#1997,#1050);
#1002=SHAPE_DEFINITION_REPRESENTATION(#1998,#1051);
#1003=SHAPE_DEFINITION_REPRESENTATION(#1999,#1052);
#1004=SHAPE_DEFINITION_REPRESENTATION(#2000,#1053);
#1005=SHAPE_DEFINITION_REPRESENTATION(#2001,#1054);
#1006=SHAPE_DEFINITION_REPRESENTATION(#2002,#1055);
#1007=SHAPE_DEFINITION_REPRESENTATION(#2003,#1056);
#1008=SHAPE_DEFINITION_REPRESENTATION(#2004,#1057);
#1009=SHAPE_DEFINITION_REPRESENTATION(#2005,#1058);
#1010=SHAPE_DEFINITION_REPRESENTATION(#2006,#1059);
#1011=SHAPE_DEFINITION_REPRESENTATION(#2007,#1060);
#1012=SHAPE_DEFINITION_REPRESENTATION(#2008,#1061);
#1013=SHAPE_DEFINITION_REPRESENTATION(#2009,#1062);
#1014=SHAPE_DEFINITION_REPRESENTATION(#2010,#1063);
#1015=SHAPE_DEFINITION_REPRESENTATION(#2011,#1064);
#1016=SHAPE_DEFINITION_REPRESENTATION(#2012,#1065);
#1017=SHAPE_DEFINITION_REPRESENTATION(#2013,#1066);
#1018=SHAPE_DEFINITION_REPRESENTATION(#2014,#1067);
#1019=SHAPE_DEFINITION_REPRESENTATION(#2015,#1068);
#1020=SHAPE_DEFINITION_REPRESENTATION(#2016,#1069);
#1021=SHAPE_DEFINITION_REPRESENTATION(#2017,#1070);
#1022=SHAPE_DEFINITION_REPRESENTATION(#2018,#1071);
#1023=SHAPE_DEFINITION_REPRESENTATION(#2019,#1072);
#1024=SHAPE_DEFINITION_REPRESENTATION(#2020,#1073);
#1025=SHAPE_REPRESENTATION('id2',(#1074),#1727);
#1026=SHAPE_REPRESENTATION('id5',(#1075),#1728);
#1027=SHAPE_REPRESENTATION('id8',(#1076),#1729);
#1028=SHAPE_REPRESENTATION('id11',(#1077),#1730);
#1029=SHAPE_REPRESENTATION('id14',(#1078),#1731);
#1030=SHAPE_REPRESENTATION('id17',(#1079),#1732);
#1031=SHAPE_REPRESENTATION('id20',(#1080),#1733);
#1032=SHAPE_REPRESENTATION('id23',(#1081),#1734);
#1033=SHAPE_REPRESENTATION('id26',(#1082),#1735);
#1034=SHAPE_REPRESENTATION('id29',(#1083),#1736);
#1035=SHAPE_REPRESENTATION('id32',(#1084),#1737);
#1036=SHAPE_REPRESENTATION('id35',(#1085),#1738);
#1037=SHAPE_REPRESENTATION('id38',(#1086),#1739);
#1038=SHAPE_REPRESENTATION('id41',(#1087),#1740);
#1039=SHAPE_REPRESENTATION('id44',(#1088),#1741);
#1040=SHAPE_REPRESENTATION('id47',(#1089),#1742);
#1041=SHAPE_REPRESENTATION('id50',(#1090),#1743);
#1042=SHAPE_REPRESENTATION('id53',(#1091),#1744);
#1043=SHAPE_REPRESENTATION('id56',(#1092),#1745);
#1044=SHAPE_REPRESENTATION('id59',(#1093),#1746);
#1045=SHAPE_REPRESENTATION('id62',(#1094),#1747);
#1046=SHAPE_REPRESENTATION('id65',(#1095),#1748);
#1047=SHAPE_REPRESENTATION('id68',(#1096),#1749);
#1048=SHAPE_REPRESENTATION('id71',(#1097),#1750);
#1049=SHAPE_REPRESENTATION('id74',(#1098),#1751);
#1050=SHAPE_REPRESENTATION('id77',(#1099),#1752);
#1051=SHAPE_REPRESENTATION('id80',(#1100),#1753);
#1052=SHAPE_REPRESENTATION('id83',(#1101),#1754);
#1053=SHAPE_REPRESENTATION('id86',(#1102),#1755);
#1054=SHAPE_REPRESENTATION('id89',(#1103),#1756);
#1055=SHAPE_REPRESENTATION('id92',(#1104),#1757);
#1056=SHAPE_REPRESENTATION('id95',(#1105),#1758);
#1057=SHAPE_REPRESENTATION('id98',(#1106),#1759);
#1058=SHAPE_REPRESENTATION('id101',(#1107),#1760);
#1059=SHAPE_REPRESENTATION('id104',(#1108),#1761);
#1060=SHAPE_REPRESENTATION('id107',(#1109),#1762);
#1061=SHAPE_REPRESENTATION('id110',(#1110),#1763);
#1062=SHAPE_REPRESENTATION('id113',(#1111),#1764);
#1063=SHAPE_REPRESENTATION('id116',(#1112),#1765);
#1064=SHAPE_REPRESENTATION('id119',(#1113),#1766);
#1065=SHAPE_REPRESENTATION('id122',(#1114),#1767);
#1066=SHAPE_REPRESENTATION('id125',(#1115),#1768);
#1067=SHAPE_REPRESENTATION('id128',(#1116),#1769);
#1068=SHAPE_REPRESENTATION('id131',(#1117),#1770);
#1069=SHAPE_REPRESENTATION('id134',(#1118),#1771);
#1070=SHAPE_REPRESENTATION('id137',(#1119),#1772);
#1071=SHAPE_REPRESENTATION('id140',(#1120),#1773);
#1072=SHAPE_REPRESENTATION('Part 1',(#1121),#1774);
#1073=SHAPE_REPRESENTATION('Part 2',(#1141),#1775);
#1074=AXIS2_PLACEMENT_3D('',#1431,#1161,#1162);
#1075=AXIS2_PLACEMENT_3D('',#1432,#1163,#1164);
#1076=AXIS2_PLACEMENT_3D('',#1433,#1165,#1166);
#1077=AXIS2_PLACEMENT_3D('',#1434,#1167,#1168);
#1078=AXIS2_PLACEMENT_3D('',#1435,#1169,#1170);
#1079=AXIS2_PLACEMENT_3D('',#1436,#1171,#1172);
#1080=AXIS2_PLACEMENT_3D('',#1437,#1173,#1174);
#1081=AXIS2_PLACEMENT_3D('',#1438,#1175,#1176);
#1082=AXIS2_PLACEMENT_3D('',#1439,#1177,#1178);
#1083=AXIS2_PLACEMENT_3D('',#1440,#1179,#1180);
#1084=AXIS2_PLACEMENT_3D('',#1441,#1181,#1182);
#1085=AXIS2_PLACEMENT_3D('',#1442,#1183,#1184);
#1086=AXIS2_PLACEMENT_3D('',#1443,#1185,#1186);
#1087=AXIS2_PLACEMENT_3D('',#1444,#1187,#1188);
#1088=AXIS2_PLACEMENT_3D('',#1445,#1189,#1190);
#1089=AXIS2_PLACEMENT_3D('',#1446,#1191,#1192);
#1090=AXIS2_PLACEMENT_3D('',#1447,#1193,#1194);
#1091=AXIS2_PLACEMENT_3D('',#1448,#1195,#1196);
#1092=AXIS2_PLACEMENT_3D('',#1449,#1197,#1198);
#1093=AXIS2_PLACEMENT_3D('',#1450,#1199,#1200);
#1094=AXIS2_PLACEMENT_3D('',#1451,#1201,#1202);
#1095=AXIS2_PLACEMENT_3D('',#1452,#1203,#1204);
#1096=AXIS2_PLACEMENT_3D('',#1453,#1205,#1206);
#1097=AXIS2_PLACEMENT_3D('',#1454,#1207,#1208);
#1098=AXIS2_PLACEMENT_3D('',#1455,#1209,#1210);
#1099=AXIS2_PLACEMENT_3D('',#1456,#1211,#1212);
#1100=AXIS2_PLACEMENT_3D('',#1457,#1213,#1214);
#1101=AXIS2_PLACEMENT_3D('',#1458,#1215,#1216);
#1102=AXIS2_PLACEMENT_3D('',#1459,#1217,#1218);
#1103=AXIS2_PLACEMENT_3D('',#1460,#1219,#1220);
#1104=AXIS2_PLACEMENT_3D('',#1461,#1221,#1222);
#1105=AXIS2_PLACEMENT_3D('',#1462,#1223,#1224);
#1106=AXIS2_PLACEMENT_3D('',#1463,#1225,#1226);
#1107=AXIS2_PLACEMENT_3D('',#1464,#1227,#1228);
#1108=AXIS2_PLACEMENT_3D('',#1465,#1229,#1230);
#1109=AXIS2_PLACEMENT_3D('',#1466,#1231,#1232);
#1110=AXIS2_PLACEMENT_3D('',#1467,#1233,#1234);
#1111=AXIS2_PLACEMENT_3D('',#1468,#1235,#1236);
#1112=AXIS2_PLACEMENT_3D('',#1469,#1237,#1238);
#1113=AXIS2_PLACEMENT_3D('',#1470,#1239,#1240);
#1114=AXIS2_PLACEMENT_3D('',#1471,#1241,#1242);
#1115=AXIS2_PLACEMENT_3D('',#1472,#1243,#1244);
#1116=AXIS2_PLACEMENT_3D('',#1473,#1245,#1246);
#1117=AXIS2_PLACEMENT_3D('',#1474,#1247,#1248);
#1118=AXIS2_PLACEMENT_3D('',#1475,#1249,#1250);
#1119=AXIS2_PLACEMENT_3D('',#1476,#1251,#1252);
#1120=AXIS2_PLACEMENT_3D('',#1477,#1253,#1254);
#1121=AXIS2_PLACEMENT_3D('',#1478,#1255,#1256);
#1122=AXIS2_PLACEMENT_3D('',#1479,#1257,#1258);
#1123=AXIS2_PLACEMENT_3D('',#1488,#1263,#1264);
#1124=AXIS2_PLACEMENT_3D('',#1494,#1268,#1269);
#1125=AXIS2_PLACEMENT_3D('',#1506,#1276,#1277);
#1126=AXIS2_PLACEMENT_3D('',#1515,#1282,#1283);
#1127=AXIS2_PLACEMENT_3D('',#1519,#1286,#1287);
#1128=AXIS2_PLACEMENT_3D('',#1536,#1296,#1297);
#1129=AXIS2_PLACEMENT_3D('',#1542,#1301,#1302);
#1130=AXIS2_PLACEMENT_3D('',#1545,#1305,#1306);
#1131=AXIS2_PLACEMENT_3D('',#1551,#1310,#1311);
#1132=AXIS2_PLACEMENT_3D('',#1554,#1314,#1315);
#1133=AXIS2_PLACEMENT_3D('',#1557,#1318,#1319);
#1134=AXIS2_PLACEMENT_3D('',#1559,#1321,#1322);
#1135=AXIS2_PLACEMENT_3D('',#1560,#1323,#1324);
#1136=AXIS2_PLACEMENT_3D('',#1561,#1325,#1326);
#1137=AXIS2_PLACEMENT_3D('',#1570,#1331,#1332);
#1138=AXIS2_PLACEMENT_3D('',#1573,#1335,#1336);
#1139=AXIS2_PLACEMENT_3D('',#1575,#1338,#1339);
#1140=AXIS2_PLACEMENT_3D('',#1577,#1341,#1342);
#1141=AXIS2_PLACEMENT_3D('',#1578,#1343,#1344);
#1142=AXIS2_PLACEMENT_3D('',#1579,#1345,#1346);
#1143=AXIS2_PLACEMENT_3D('',#1588,#1351,#1352);
#1144=AXIS2_PLACEMENT_3D('',#1594,#1356,#1357);
#1145=AXIS2_PLACEMENT_3D('',#1606,#1364,#1365);
#1146=AXIS2_PLACEMENT_3D('',#1615,#1370,#1371);
#1147=AXIS2_PLACEMENT_3D('',#1619,#1374,#1375);
#1148=AXIS2_PLACEMENT_3D('',#1636,#1384,#1385);
#1149=AXIS2_PLACEMENT_3D('',#1642,#1389,#1390);
#1150=AXIS2_PLACEMENT_3D('',#1645,#1393,#1394);
#1151=AXIS2_PLACEMENT_3D('',#1651,#1398,#1399);
#1152=AXIS2_PLACEMENT_3D('',#1654,#1402,#1403);
#1153=AXIS2_PLACEMENT_3D('',#1657,#1406,#1407);
#1154=AXIS2_PLACEMENT_3D('',#1659,#1409,#1410);
#1155=AXIS2_PLACEMENT_3D('',#1660,#1411,#1412);
#1156=AXIS2_PLACEMENT_3D('',#1661,#1413,#1414);
#1157=AXIS2_PLACEMENT_3D('',#1670,#1419,#1420);
#1158=AXIS2_PLACEMENT_3D('',#1673,#1423,#1424);
#1159=AXIS2_PLACEMENT_3D('',#1675,#1426,#1427);
#1160=AXIS2_PLACEMENT_3D('',#1677,#1429,#1430);
#1161=DIRECTION('',(0.,0.,1.));
#1162=DIRECTION('',(1.,0.,0.));
#1163=DIRECTION('',(0.,0.,1.));
#1164=DIRECTION('',(1.,0.,0.));
#1165=DIRECTION('',(0.,0.,1.));
#1166=DIRECTION('',(1.,0.,0.));
#1167=DIRECTION('',(0.,0.,1.));
#1168=DIRECTION('',(1.,0.,0.));
#1169=DIRECTION('',(0.,0.,1.));
#1170=DIRECTION('',(1.,0.,0.));
#1171=DIRECTION('',(0.,0.,1.));
#1172=DIRECTION('',(1.,0.,0.));
#1173=DIRECTION('',(0.,0.,1.));
#1174=DIRECTION('',(1.,0.,0.));
#1175=DIRECTION('',(0.,0.,1.));
#1176=DIRECTION('',(1.,0.,0.));
#1177=DIRECTION('',(0.,0.,1.));
#1178=DIRECTION('',(1.,0.,0.));
#1179=DIRECTION('',(0.,0.,1.));
#1180=DIRECTION('',(1.,0.,0.));
#1181=DIRECTION('',(0.,0.,1.));
#1182=DIRECTION('',(1.,0.,0.));
#1183=DIRECTION('',(0.,0.,1.));
#1184=DIRECTION('',(1.,0.,0.));
#1185=DIRECTION('',(0.,0.,1.));
#1186=DIRECTION('',(1.,0.,0.));
#1187=DIRECTION('',(0.,0.,1.));
#1188=DIRECTION('',(1.,0.,0.));
#1189=DIRECTION('',(0.,0.,1.));
#1190=DIRECTION('',(1.,0.,0.));
#1191=DIRECTION('',(0.,0.,1.));
#1192=DIRECTION('',(1.,0.,0.));
#1193=DIRECTION('',(0.,0.,1.));
#1194=DIRECTION('',(1.,0.,0.));
#1195=DIRECTION('',(0.,0.,1.));
#1196=DIRECTION('',(1.,0.,0.));
#1197=DIRECTION('',(0.,0.,1.));
#1198=DIRECTION('',(1.,0.,0.));
#1199=DIRECTION('',(0.,0.,1.));
#1200=DIRECTION('',(1.,0.,0.));
#1201=DIRECTION('',(0.,0.,1.));
#1202=DIRECTION('',(1.,0.,0.));
#1203=DIRECTION('',(0.,0.,1.));
#1204=DIRECTION('',(1.,0.,0.));
#1205=DIRECTION('',(0.,0.,1.));
#1206=DIRECTION('',(1.,0.,0.));
#1207=DIRECTION('',(0.,0.,1.));
#1208=DIRECTION('',(1.,0.,0.));
#1209=DIRECTION('',(0.,0.,1.));
#1210=DIRECTION('',(1.,0.,0.));
#1211=DIRECTION('',(0.,0.,1.));
#1212=DIRECTION('',(1.,0.,0.));
#1213=DIRECTION('',(0.,0.,1.));
#1214=DIRECTION('',(1.,0.,0.));
#1215=DIRECTION('',(0.,0.,1.));
#1216=DIRECTION('',(1.,0.,0.));
#1217=DIRECTION('',(0.,0.,1.));
#1218=DIRECTION('',(1.,0.,0.));
#1219=DIRECTION('',(0.,0.,1.));
#1220=DIRECTION('',(1.,0.,0.));
#1221=DIRECTION('',(0.,0.,1.));
#1222=DIRECTION('',(1.,0.,0.));
#1223=DIRECTION('',(0.,0.,1.));
#1224=DIRECTION('',(1.,0.,0.));
#1225=DIRECTION('',(0.,0.,1.));
#1226=DIRECTION('',(1.,0.,0.));
#1227=DIRECTION('',(0.,0.,1.));
#1228=DIRECTION('',(1.,0.,0.));
#1229=DIRECTION('',(0.,0.,1.));
#1230=DIRECTION('',(1.,0.,0.));
#1231=DIRECTION('',(0.,0.,1.));
#1232=DIRECTION('',(1.,0.,0.));
#1233=DIRECTION('',(0.,0.,1.));
#1234=DIRECTION('',(1.,0.,0.));
#1235=DIRECTION('',(0.,0.,1.));
#1236=DIRECTION('',(1.,0.,0.));
#1237=DIRECTION('',(0.,0.,1.));
#1238=DIRECTION('',(1.,0.,0.));
#1239=DIRECTION('',(0.,0.,1.));
#1240=DIRECTION('',(1.,0.,0.));
#1241=DIRECTION('',(0.,0.,1.));
#1242=DIRECTION('',(1.,0.,0.));
#1243=DIRECTION('',(0.,0.,1.));
#1244=DIRECTION('',(1.,0.,0.));
#1245=DIRECTION('',(0.,0.,1.));
#1246=DIRECTION('',(1.,0.,0.));
#1247=DIRECTION('',(0.,0.,1.));
#1248=DIRECTION('',(1.,0.,0.));
#1249=DIRECTION('',(0.,0.,1.));
#1250=DIRECTION('',(1.,0.,0.));
#1251=DIRECTION('',(0.,0.,1.));
#1252=DIRECTION('',(1.,0.,0.));
#1253=DIRECTION('',(0.,0.,1.));
#1254=DIRECTION('',(1.,0.,0.));
#1255=DIRECTION('',(0.,0.,1.));
#1256=DIRECTION('',(1.,0.,0.));
#1257=DIRECTION('',(0.,-1.,0.));
#1258=DIRECTION('',(-1.,0.,0.));
#1259=DIRECTION('',(1.,0.,0.));
#1260=DIRECTION('',(0.,0.,-1.));
#1261=DIRECTION('',(-1.,0.,0.));
#1262=DIRECTION('',(0.,0.,-1.));
#1263=DIRECTION('',(1.,0.,0.));
#1264=DIRECTION('',(0.,-1.,0.));
#1265=DIRECTION('',(0.,1.,0.));
#1266=DIRECTION('',(0.,0.,-1.));
#1267=DIRECTION('',(0.,-1.,0.));
#1268=DIRECTION('',(0.,0.,1.));
#1269=DIRECTION('',(1.,0.,0.));
#1270=DIRECTION('',(-1.,0.,0.));
#1271=DIRECTION('',(4.37796152830812E-16,-1.,0.));
#1272=DIRECTION('',(1.,0.,0.));
#1273=DIRECTION('',(0.,1.,0.));
#1274=DIRECTION('',(1.,0.,0.));
#1275=DIRECTION('',(0.,1.,0.));
#1276=DIRECTION('',(-1.82469562576417E-16,0.,1.));
#1277=DIRECTION('',(1.,0.,1.82469562576417E-16));
#1278=DIRECTION('',(1.,0.,1.82469562576417E-16));
#1279=DIRECTION('',(0.,1.,0.));
#1280=DIRECTION('',(1.,0.,1.82469562576417E-16));
#1281=DIRECTION('',(0.,1.,0.));
#1282=DIRECTION('',(1.,4.37796152830812E-16,0.));
#1283=DIRECTION('',(4.37796152830812E-16,-1.,0.));
#1284=DIRECTION('',(4.37796152830812E-16,-1.,0.));
#1285=DIRECTION('',(0.,0.,-1.));
#1286=DIRECTION('',(0.,0.,1.));
#1287=DIRECTION('',(1.,0.,0.));
#1288=DIRECTION('',(4.37796152830812E-16,-1.,0.));
#1289=DIRECTION('',(-1.,0.,0.));
#1290=DIRECTION('',(0.,-1.,0.));
#1291=DIRECTION('',(-1.,0.,0.));
#1292=DIRECTION('',(0.,-1.,0.));
#1293=DIRECTION('',(-1.,0.,0.));
#1294=DIRECTION('',(0.,-1.,0.));
#1295=DIRECTION('',(-1.,0.,0.));
#1296=DIRECTION('',(0.,-1.,0.));
#1297=DIRECTION('',(-1.,0.,0.));
#1298=DIRECTION('',(0.,0.,-1.));
#1299=DIRECTION('',(-1.,0.,0.));
#1300=DIRECTION('',(0.,0.,-1.));
#1301=DIRECTION('',(0.,-1.,0.));
#1302=DIRECTION('',(-1.,0.,0.));
#1303=DIRECTION('',(0.,0.,-1.));
#1304=DIRECTION('',(0.,0.,-1.));
#1305=DIRECTION('',(0.,0.,-1.));
#1306=DIRECTION('',(-1.,0.,0.));
#1307=DIRECTION('',(-1.,0.,0.));
#1308=DIRECTION('',(0.,-1.,0.));
#1309=DIRECTION('',(0.,-1.,0.));
#1310=DIRECTION('',(1.,0.,0.));
#1311=DIRECTION('',(0.,-1.,0.));
#1312=DIRECTION('',(0.,0.,-1.));
#1313=DIRECTION('',(0.,0.,-1.));
#1314=DIRECTION('',(1.,0.,0.));
#1315=DIRECTION('',(0.,-1.,0.));
#1316=DIRECTION('',(0.,0.,-1.));
#1317=DIRECTION('',(0.,0.,-1.));
#1318=DIRECTION('',(0.,-1.,0.));
#1319=DIRECTION('',(-1.,0.,0.));
#1320=DIRECTION('',(-1.,0.,0.));
#1321=DIRECTION('',(0.,-1.,0.));
#1322=DIRECTION('',(1.,0.,0.));
#1323=DIRECTION('',(0.,-1.,0.));
#1324=DIRECTION('',(-1.,0.,0.));
#1325=DIRECTION('',(0.,0.,-1.));
#1326=DIRECTION('',(0.,1.,0.));
#1327=DIRECTION('',(-1.,0.,0.));
#1328=DIRECTION('',(4.37796152830812E-16,-1.,0.));
#1329=DIRECTION('',(1.,0.,0.));
#1330=DIRECTION('',(0.,1.,0.));
#1331=DIRECTION('',(0.,-1.,0.));
#1332=DIRECTION('',(1.,0.,0.));
#1333=DIRECTION('',(0.,0.,-1.));
#1334=DIRECTION('',(0.,0.,-1.));
#1335=DIRECTION('',(-1.,0.,0.));
#1336=DIRECTION('',(0.,0.,1.));
#1337=DIRECTION('',(0.,0.,-1.));
#1338=DIRECTION('',(0.,1.,0.));
#1339=DIRECTION('',(1.,0.,0.));
#1340=DIRECTION('',(0.,0.,-1.));
#1341=DIRECTION('',(1.,4.37796152830812E-16,0.));
#1342=DIRECTION('',(0.,0.,-1.));
#1343=DIRECTION('',(0.,0.,1.));
#1344=DIRECTION('',(1.,0.,0.));
#1345=DIRECTION('',(0.,-1.,0.));
#1346=DIRECTION('',(-1.,0.,0.));
#1347=DIRECTION('',(1.,0.,0.));
#1348=DIRECTION('',(0.,0.,-1.));
#1349=DIRECTION('',(-1.,0.,0.));
#1350=DIRECTION('',(0.,0.,-1.));
#1351=DIRECTION('',(1.,0.,0.));
#1352=DIRECTION('',(0.,-1.,0.));
#1353=DIRECTION('',(0.,1.,0.));
#1354=DIRECTION('',(0.,0.,-1.));
#1355=DIRECTION('',(0.,-1.,0.));
#1356=DIRECTION('',(0.,0.,1.));
#1357=DIRECTION('',(1.,0.,0.));
#1358=DIRECTION('',(-1.,0.,0.));
#1359=DIRECTION('',(4.37796152830812E-16,-1.,0.));
#1360=DIRECTION('',(1.,0.,0.));
#1361=DIRECTION('',(0.,1.,0.));
#1362=DIRECTION('',(1.,0.,0.));
#1363=DIRECTION('',(0.,1.,0.));
#1364=DIRECTION('',(-1.82469562576417E-16,0.,1.));
#1365=DIRECTION('',(1.,0.,1.82469562576417E-16));
#1366=DIRECTION('',(1.,0.,1.82469562576417E-16));
#1367=DIRECTION('',(0.,1.,0.));
#1368=DIRECTION('',(1.,0.,1.82469562576417E-16));
#1369=DIRECTION('',(0.,1.,0.));
#1370=DIRECTION('',(1.,4.37796152830812E-16,0.));
#1371=DIRECTION('',(4.37796152830812E-16,-1.,0.));
#1372=DIRECTION('',(4.37796152830812E-16,-1.,0.));
#1373=DIRECTION('',(0.,0.,-1.));
#1374=DIRECTION('',(0.,0.,1.));
#1375=DIRECTION('',(1.,0.,0.));
#1376=DIRECTION('',(4.37796152830812E-16,-1.,0.));
#1377=DIRECTION('',(-1.,0.,0.));
#1378=DIRECTION('',(0.,-1.,0.));
#1379=DIRECTION('',(-1.,0.,0.));
#1380=DIRECTION('',(0.,-1.,0.));
#1381=DIRECTION('',(-1.,0.,0.));
#1382=DIRECTION('',(0.,-1.,0.));
#1383=DIRECTION('',(-1.,0.,0.));
#1384=DIRECTION('',(0.,-1.,0.));
#1385=DIRECTION('',(-1.,0.,0.));
#1386=DIRECTION('',(0.,0.,-1.));
#1387=DIRECTION('',(-1.,0.,0.));
#1388=DIRECTION('',(0.,0.,-1.));
#1389=DIRECTION('',(0.,-1.,0.));
#1390=DIRECTION('',(-1.,0.,0.));
#1391=DIRECTION('',(0.,0.,-1.));
#1392=DIRECTION('',(0.,0.,-1.));
#1393=DIRECTION('',(0.,0.,-1.));
#1394=DIRECTION('',(-1.,0.,0.));
#1395=DIRECTION('',(-1.,0.,0.));
#1396=DIRECTION('',(0.,-1.,0.));
#1397=DIRECTION('',(0.,-1.,0.));
#1398=DIRECTION('',(1.,0.,0.));
#1399=DIRECTION('',(0.,-1.,0.));
#1400=DIRECTION('',(0.,0.,-1.));
#1401=DIRECTION('',(0.,0.,-1.));
#1402=DIRECTION('',(1.,0.,0.));
#1403=DIRECTION('',(0.,-1.,0.));
#1404=DIRECTION('',(0.,0.,-1.));
#1405=DIRECTION('',(0.,0.,-1.));
#1406=DIRECTION('',(0.,-1.,0.));
#1407=DIRECTION('',(-1.,0.,0.));
#1408=DIRECTION('',(-1.,0.,0.));
#1409=DIRECTION('',(0.,-1.,0.));
#1410=DIRECTION('',(1.,0.,0.));
#1411=DIRECTION('',(0.,-1.,0.));
#1412=DIRECTION('',(-1.,0.,0.));
#1413=DIRECTION('',(0.,0.,-1.));
#1414=DIRECTION('',(0.,1.,0.));
#1415=DIRECTION('',(-1.,0.,0.));
#1416=DIRECTION('',(4.37796152830812E-16,-1.,0.));
#1417=DIRECTION('',(1.,0.,0.));
#1418=DIRECTION('',(0.,1.,0.));
#1419=DIRECTION('',(0.,-1.,0.));
#1420=DIRECTION('',(1.,0.,0.));
#1421=DIRECTION('',(0.,0.,-1.));
#1422=DIRECTION('',(0.,0.,-1.));
#1423=DIRECTION('',(-1.,0.,0.));
#1424=DIRECTION('',(0.,0.,1.));
#1425=DIRECTION('',(0.,0.,-1.));
#1426=DIRECTION('',(0.,1.,0.));
#1427=DIRECTION('',(1.,0.,0.));
#1428=DIRECTION('',(0.,0.,-1.));
#1429=DIRECTION('',(1.,4.37796152830812E-16,0.));
#1430=DIRECTION('',(0.,0.,-1.));
#1431=CARTESIAN_POINT('',(0.,0.,0.));
#1432=CARTESIAN_POINT('',(0.,0.,0.));
#1433=CARTESIAN_POINT('',(0.,0.,0.));
#1434=CARTESIAN_POINT('',(0.,0.,0.));
#1435=CARTESIAN_POINT('',(0.,0.,0.));
#1436=CARTESIAN_POINT('',(0.,0.,0.));
#1437=CARTESIAN_POINT('',(0.,0.,0.));
#1438=CARTESIAN_POINT('',(0.,0.,0.));
#1439=CARTESIAN_POINT('',(0.,0.,0.));
#1440=CARTESIAN_POINT('',(0.,0.,0.));
#1441=CARTESIAN_POINT('',(0.,0.,0.));
#1442=CARTESIAN_POINT('',(0.,0.,0.));
#1443=CARTESIAN_POINT('',(0.,0.,0.));
#1444=CARTESIAN_POINT('',(0.,0.,0.));
#1445=CARTESIAN_POINT('',(0.,0.,0.));
#1446=CARTESIAN_POINT('',(0.,0.,0.));
#1447=CARTESIAN_POINT('',(0.,0.,0.));
#1448=CARTESIAN_POINT('',(0.,0.,0.));
#1449=CARTESIAN_POINT('',(0.,0.,0.));
#1450=CARTESIAN_POINT('',(0.,0.,0.));
#1451=CARTESIAN_POINT('',(0.,0.,0.));
#1452=CARTESIAN_POINT('',(0.,0.,0.));
#1453=CARTESIAN_POINT('',(0.,0.,0.));
#1454=CARTESIAN_POINT('',(0.,0.,0.));
#1455=CARTESIAN_POINT('',(0.,0.,0.));
#1456=CARTESIAN_POINT('',(0.,0.,0.));
#1457=CARTESIAN_POINT('',(0.,0.,0.));
#1458=CARTESIAN_POINT('',(0.,0.,0.));
#1459=CARTESIAN_POINT('',(0.,0.,0.));
#1460=CARTESIAN_POINT('',(0.,0.,0.));
#1461=CARTESIAN_POINT('',(0.,0.,0.));
#1462=CARTESIAN_POINT('',(0.,0.,0.));
#1463=CARTESIAN_POINT('',(0.,0.,0.));
#1464=CARTESIAN_POINT('',(0.,0.,0.));
#1465=CARTESIAN_POINT('',(0.,0.,0.));
#1466=CARTESIAN_POINT('',(0.,0.,0.));
#1467=CARTESIAN_POINT('',(0.,0.,0.));
#1468=CARTESIAN_POINT('',(0.,0.,0.));
#1469=CARTESIAN_POINT('',(0.,0.,0.));
#1470=CARTESIAN_POINT('',(0.,0.,0.));
#1471=CARTESIAN_POINT('',(0.,0.,0.));
#1472=CARTESIAN_POINT('',(0.,0.,0.));
#1473=CARTESIAN_POINT('',(0.,0.,0.));
#1474=CARTESIAN_POINT('',(0.,0.,0.));
#1475=CARTESIAN_POINT('',(0.,0.,0.));
#1476=CARTESIAN_POINT('',(0.,0.,0.));
#1477=CARTESIAN_POINT('',(0.,0.,0.));
#1478=CARTESIAN_POINT('',(0.,0.,0.));
#1479=CARTESIAN_POINT('',(-3.14233384334278,3.83457411336517,0.55));
#1480=CARTESIAN_POINT('',(-3.14233384334278,3.83457411336517,-0.123458049963904));
#1481=CARTESIAN_POINT('',(-4.08854084334278,3.83457411336517,-0.123458049963904));
#1482=CARTESIAN_POINT('',(-2.19612684334278,3.83457411336517,-0.123458049963904));
#1483=CARTESIAN_POINT('',(-4.08854084334278,3.83457411336517,0.55));
#1484=CARTESIAN_POINT('',(-4.08854084334278,3.83457411336517,0.55));
#1485=CARTESIAN_POINT('',(-3.14233384334278,3.83457411336517,0.55));
#1486=CARTESIAN_POINT('',(-2.19612684334278,3.83457411336517,0.55));
#1487=CARTESIAN_POINT('',(-2.19612684334278,3.83457411336517,0.55));
#1488=CARTESIAN_POINT('',(-4.08854084334278,2.96284611336517,0.55));
#1489=CARTESIAN_POINT('',(-4.08854084334278,3.01284611336518,-0.123458049963904));
#1490=CARTESIAN_POINT('',(-4.08854084334278,2.19111811336517,-0.123458049963904));
#1491=CARTESIAN_POINT('',(-4.08854084334278,2.19111811336517,0.55));
#1492=CARTESIAN_POINT('',(-4.08854084334278,2.19111811336517,0.55));
#1493=CARTESIAN_POINT('',(-4.08854084334278,2.96284611336517,0.55));
#1494=CARTESIAN_POINT('',(-3.14233384334278,2.96284611336517,0.55));
#1495=CARTESIAN_POINT('',(-3.14233384334278,2.19111811336517,0.55));
#1496=CARTESIAN_POINT('',(-2.19612684334278,2.19111811336517,0.55));
#1497=CARTESIAN_POINT('',(-2.19612684334278,2.96284611336517,0.55));
#1498=CARTESIAN_POINT('',(-3.14233384334278,3.34927394991523,0.55));
#1499=CARTESIAN_POINT('',(-3.9055378383396,3.34927394991523,0.55));
#1500=CARTESIAN_POINT('',(-2.35415390177174,3.34927394991523,0.55));
#1501=CARTESIAN_POINT('',(-3.9055378383396,2.96284611336517,0.55));
#1502=CARTESIAN_POINT('',(-3.9055378383396,3.64746931988343,0.55));
#1503=CARTESIAN_POINT('',(-3.14233384334278,3.64746931988343,0.55));
#1504=CARTESIAN_POINT('',(-2.35415390177174,3.64746931988343,0.55));
#1505=CARTESIAN_POINT('',(-2.35415390177174,2.96284611336517,0.55));
#1506=CARTESIAN_POINT('',(-3.15484587005567,3.54746931988343,0.35));
#1507=CARTESIAN_POINT('',(-3.15484587005567,3.64746931988343,0.35));
#1508=CARTESIAN_POINT('',(-3.9055378383396,3.64746931988343,0.35));
#1509=CARTESIAN_POINT('',(-2.35415390177174,3.64746931988343,0.35));
#1510=CARTESIAN_POINT('',(-3.9055378383396,3.54746931988343,0.35));
#1511=CARTESIAN_POINT('',(-3.9055378383396,3.74746931988343,0.35));
#1512=CARTESIAN_POINT('',(-3.15484587005567,3.74746931988343,0.35));
#1513=CARTESIAN_POINT('',(-2.35415390177174,3.74746931988343,0.35));
#1514=CARTESIAN_POINT('',(-2.35415390177174,3.54746931988343,0.35));
#1515=CARTESIAN_POINT('',(-2.19612684334278,2.96284611336517,0.55));
#1516=CARTESIAN_POINT('',(-2.19612684334278,3.01284611336518,-0.123458049963904));
#1517=CARTESIAN_POINT('',(-2.19612684334278,2.19111811336517,-0.123458049963904));
#1518=CARTESIAN_POINT('',(-2.19612684334278,2.19111811336517,0.55));
#1519=CARTESIAN_POINT('',(-3.14233384334278,2.96284611336517,-0.2));
#1520=CARTESIAN_POINT('',(-1.19612684334278,2.96284611336517,-0.2));
#1521=CARTESIAN_POINT('',(-1.19612684334278,4.83457411336518,-0.2));
#1522=CARTESIAN_POINT('',(-1.19612684334278,1.19111811336517,-0.2));
#1523=CARTESIAN_POINT('',(-3.14233384334278,1.19111811336517,-0.2));
#1524=CARTESIAN_POINT('',(-5.08854084334278,1.19111811336517,-0.2));
#1525=CARTESIAN_POINT('',(-5.08854084334278,2.96284611336517,-0.2));
#1526=CARTESIAN_POINT('',(-5.08854084334278,4.83457411336518,-0.2));
#1527=CARTESIAN_POINT('',(-3.14233384334278,4.83457411336518,-0.2));
#1528=CARTESIAN_POINT('',(-3.9055378383396,3.52337163489933,-0.2));
#1529=CARTESIAN_POINT('',(-3.9055378383396,3.74746931988343,-0.2));
#1530=CARTESIAN_POINT('',(-3.9055378383396,2.20717862467247,-0.2));
#1531=CARTESIAN_POINT('',(-3.15484587005567,2.20717862467247,-0.2));
#1532=CARTESIAN_POINT('',(-2.35415390177174,2.20717862467247,-0.2));
#1533=CARTESIAN_POINT('',(-2.35415390177174,3.52337163489933,-0.2));
#1534=CARTESIAN_POINT('',(-2.35415390177174,3.74746931988343,-0.2));
#1535=CARTESIAN_POINT('',(-3.15484587005567,3.74746931988343,-0.2));
#1536=CARTESIAN_POINT('',(-3.15484587005567,2.20717862467247,0.35));
#1537=CARTESIAN_POINT('',(-3.9055378383396,2.20717862467247,0.35));
#1538=CARTESIAN_POINT('',(-3.9055378383396,2.20717862467247,0.35));
#1539=CARTESIAN_POINT('',(-3.15484587005567,2.20717862467247,0.35));
#1540=CARTESIAN_POINT('',(-2.35415390177174,2.20717862467247,0.35));
#1541=CARTESIAN_POINT('',(-2.35415390177174,2.20717862467247,0.35));
#1542=CARTESIAN_POINT('',(-3.15484587005567,3.74746931988343,2.54));
#1543=CARTESIAN_POINT('',(-3.9055378383396,3.74746931988343,2.54));
#1544=CARTESIAN_POINT('',(-2.35415390177174,3.74746931988343,2.54));
#1545=CARTESIAN_POINT('',(-3.14233384334278,2.96284611336517,0.35));
#1546=CARTESIAN_POINT('',(-3.15484587005567,3.34927394991523,0.35));
#1547=CARTESIAN_POINT('',(-2.35415390177174,3.34927394991523,0.35));
#1548=CARTESIAN_POINT('',(-3.9055378383396,3.34927394991523,0.35));
#1549=CARTESIAN_POINT('',(-2.35415390177174,2.75322628729386,0.35));
#1550=CARTESIAN_POINT('',(-3.9055378383396,2.75322628729386,0.35));
#1551=CARTESIAN_POINT('',(-2.35415390177174,3.52337163489933,2.54));
#1552=CARTESIAN_POINT('',(-2.35415390177174,3.34927394991523,2.54));
#1553=CARTESIAN_POINT('',(-2.35415390177174,3.64746931988343,2.54));
#1554=CARTESIAN_POINT('',(-3.9055378383396,3.52337163489933,2.54));
#1555=CARTESIAN_POINT('',(-3.9055378383396,3.64746931988343,2.54));
#1556=CARTESIAN_POINT('',(-3.9055378383396,3.34927394991523,2.54));
#1557=CARTESIAN_POINT('',(-3.14233384334278,2.19111811336517,0.55));
#1558=CARTESIAN_POINT('',(-3.14233384334278,2.19111811336517,-0.123458049963904));
#1559=CARTESIAN_POINT('',(-3.15484587005567,3.64746931988343,0.275));
#1560=CARTESIAN_POINT('',(-3.15484587005567,3.34927394991523,2.54));
#1561=CARTESIAN_POINT('',(-3.14233384334278,1.19111811336517,-0.123458049963904));
#1562=CARTESIAN_POINT('',(-3.14233384334278,1.19111811336517,-0.123458049963904));
#1563=CARTESIAN_POINT('',(-1.19612684334278,1.19111811336517,-0.123458049963904));
#1564=CARTESIAN_POINT('',(-5.08854084334278,1.19111811336517,-0.123458049963904));
#1565=CARTESIAN_POINT('',(-1.19612684334278,3.01284611336518,-0.123458049963904));
#1566=CARTESIAN_POINT('',(-1.19612684334278,4.83457411336518,-0.123458049963904));
#1567=CARTESIAN_POINT('',(-3.14233384334278,4.83457411336518,-0.123458049963904));
#1568=CARTESIAN_POINT('',(-5.08854084334278,4.83457411336518,-0.123458049963904));
#1569=CARTESIAN_POINT('',(-5.08854084334278,3.01284611336518,-0.123458049963904));
#1570=CARTESIAN_POINT('',(-3.14233384334278,1.19111811336517,0.175));
#1571=CARTESIAN_POINT('',(-1.19612684334278,1.19111811336517,0.55));
#1572=CARTESIAN_POINT('',(-5.08854084334278,1.19111811336517,0.55));
#1573=CARTESIAN_POINT('',(-5.08854084334278,3.01284611336518,0.175));
#1574=CARTESIAN_POINT('',(-5.08854084334278,4.83457411336518,0.55));
#1575=CARTESIAN_POINT('',(-3.14233384334278,4.83457411336518,0.175));
#1576=CARTESIAN_POINT('',(-1.19612684334278,4.83457411336518,0.55));
#1577=CARTESIAN_POINT('',(-1.19612684334278,3.01284611336518,0.175));
#1578=CARTESIAN_POINT('',(0.,0.,0.));
#1579=CARTESIAN_POINT('',(-3.14233384334278,-1.75342588663482,0.55));
#1580=CARTESIAN_POINT('',(-3.14233384334278,-1.75342588663482,-0.123458049963904));
#1581=CARTESIAN_POINT('',(-4.08854084334278,-1.75342588663482,-0.123458049963904));
#1582=CARTESIAN_POINT('',(-2.19612684334278,-1.75342588663482,-0.123458049963904));
#1583=CARTESIAN_POINT('',(-4.08854084334278,-1.75342588663482,0.55));
#1584=CARTESIAN_POINT('',(-4.08854084334278,-1.75342588663482,0.55));
#1585=CARTESIAN_POINT('',(-3.14233384334278,-1.75342588663482,0.55));
#1586=CARTESIAN_POINT('',(-2.19612684334278,-1.75342588663482,0.55));
#1587=CARTESIAN_POINT('',(-2.19612684334278,-1.75342588663482,0.55));
#1588=CARTESIAN_POINT('',(-4.08854084334278,-2.62515388663483,0.55));
#1589=CARTESIAN_POINT('',(-4.08854084334278,-2.57515388663482,-0.123458049963904));
#1590=CARTESIAN_POINT('',(-4.08854084334278,-3.39688188663483,-0.123458049963904));
#1591=CARTESIAN_POINT('',(-4.08854084334278,-3.39688188663483,0.55));
#1592=CARTESIAN_POINT('',(-4.08854084334278,-3.39688188663483,0.55));
#1593=CARTESIAN_POINT('',(-4.08854084334278,-2.62515388663483,0.55));
#1594=CARTESIAN_POINT('',(-3.14233384334278,-2.62515388663483,0.55));
#1595=CARTESIAN_POINT('',(-3.14233384334278,-3.39688188663483,0.55));
#1596=CARTESIAN_POINT('',(-2.19612684334278,-3.39688188663483,0.55));
#1597=CARTESIAN_POINT('',(-2.19612684334278,-2.62515388663483,0.55));
#1598=CARTESIAN_POINT('',(-3.14233384334278,-2.23872605008477,0.55));
#1599=CARTESIAN_POINT('',(-3.9055378383396,-2.23872605008477,0.55));
#1600=CARTESIAN_POINT('',(-2.35415390177174,-2.23872605008477,0.55));
#1601=CARTESIAN_POINT('',(-3.9055378383396,-2.62515388663483,0.55));
#1602=CARTESIAN_POINT('',(-3.9055378383396,-1.94053068011658,0.55));
#1603=CARTESIAN_POINT('',(-3.14233384334278,-1.94053068011658,0.55));
#1604=CARTESIAN_POINT('',(-2.35415390177174,-1.94053068011658,0.55));
#1605=CARTESIAN_POINT('',(-2.35415390177174,-2.62515388663483,0.55));
#1606=CARTESIAN_POINT('',(-3.15484587005567,-2.04053068011658,0.35));
#1607=CARTESIAN_POINT('',(-3.15484587005567,-1.94053068011658,0.35));
#1608=CARTESIAN_POINT('',(-3.9055378383396,-1.94053068011658,0.35));
#1609=CARTESIAN_POINT('',(-2.35415390177174,-1.94053068011658,0.35));
#1610=CARTESIAN_POINT('',(-3.9055378383396,-2.04053068011658,0.35));
#1611=CARTESIAN_POINT('',(-3.9055378383396,-1.84053068011658,0.35));
#1612=CARTESIAN_POINT('',(-3.15484587005567,-1.84053068011658,0.35));
#1613=CARTESIAN_POINT('',(-2.35415390177174,-1.84053068011658,0.35));
#1614=CARTESIAN_POINT('',(-2.35415390177174,-2.04053068011658,0.35));
#1615=CARTESIAN_POINT('',(-2.19612684334278,-2.62515388663483,0.55));
#1616=CARTESIAN_POINT('',(-2.19612684334278,-2.57515388663482,-0.123458049963904));
#1617=CARTESIAN_POINT('',(-2.19612684334278,-3.39688188663483,-0.123458049963904));
#1618=CARTESIAN_POINT('',(-2.19612684334278,-3.39688188663483,0.55));
#1619=CARTESIAN_POINT('',(-3.14233384334278,-2.62515388663483,-0.2));
#1620=CARTESIAN_POINT('',(-1.19612684334278,-2.62515388663483,-0.2));
#1621=CARTESIAN_POINT('',(-1.19612684334278,-0.753425886634825,-0.2));
#1622=CARTESIAN_POINT('',(-1.19612684334278,-4.39688188663482,-0.2));
#1623=CARTESIAN_POINT('',(-3.14233384334278,-4.39688188663482,-0.2));
#1624=CARTESIAN_POINT('',(-5.08854084334278,-4.39688188663482,-0.2));
#1625=CARTESIAN_POINT('',(-5.08854084334278,-2.62515388663483,-0.2));
#1626=CARTESIAN_POINT('',(-5.08854084334278,-0.753425886634825,-0.2));
#1627=CARTESIAN_POINT('',(-3.14233384334278,-0.753425886634825,-0.2));
#1628=CARTESIAN_POINT('',(-3.9055378383396,-2.06462836510067,-0.2));
#1629=CARTESIAN_POINT('',(-3.9055378383396,-1.84053068011658,-0.2));
#1630=CARTESIAN_POINT('',(-3.9055378383396,-3.38082137532753,-0.2));
#1631=CARTESIAN_POINT('',(-3.15484587005567,-3.38082137532753,-0.2));
#1632=CARTESIAN_POINT('',(-2.35415390177174,-3.38082137532753,-0.2));
#1633=CARTESIAN_POINT('',(-2.35415390177174,-2.06462836510067,-0.2));
#1634=CARTESIAN_POINT('',(-2.35415390177174,-1.84053068011658,-0.2));
#1635=CARTESIAN_POINT('',(-3.15484587005567,-1.84053068011658,-0.2));
#1636=CARTESIAN_POINT('',(-3.15484587005567,-3.38082137532753,0.35));
#1637=CARTESIAN_POINT('',(-3.9055378383396,-3.38082137532753,0.35));
#1638=CARTESIAN_POINT('',(-3.9055378383396,-3.38082137532753,0.35));
#1639=CARTESIAN_POINT('',(-3.15484587005567,-3.38082137532753,0.35));
#1640=CARTESIAN_POINT('',(-2.35415390177174,-3.38082137532753,0.35));
#1641=CARTESIAN_POINT('',(-2.35415390177174,-3.38082137532753,0.35));
#1642=CARTESIAN_POINT('',(-3.15484587005567,-1.84053068011658,2.54));
#1643=CARTESIAN_POINT('',(-3.9055378383396,-1.84053068011658,2.54));
#1644=CARTESIAN_POINT('',(-2.35415390177174,-1.84053068011658,2.54));
#1645=CARTESIAN_POINT('',(-3.14233384334278,-2.62515388663483,0.35));
#1646=CARTESIAN_POINT('',(-3.15484587005567,-2.23872605008477,0.35));
#1647=CARTESIAN_POINT('',(-2.35415390177174,-2.23872605008477,0.35));
#1648=CARTESIAN_POINT('',(-3.9055378383396,-2.23872605008477,0.35));
#1649=CARTESIAN_POINT('',(-2.35415390177174,-2.83477371270615,0.35));
#1650=CARTESIAN_POINT('',(-3.9055378383396,-2.83477371270615,0.35));
#1651=CARTESIAN_POINT('',(-2.35415390177174,-2.06462836510067,2.54));
#1652=CARTESIAN_POINT('',(-2.35415390177174,-2.23872605008477,2.54));
#1653=CARTESIAN_POINT('',(-2.35415390177174,-1.94053068011658,2.54));
#1654=CARTESIAN_POINT('',(-3.9055378383396,-2.06462836510067,2.54));
#1655=CARTESIAN_POINT('',(-3.9055378383396,-1.94053068011658,2.54));
#1656=CARTESIAN_POINT('',(-3.9055378383396,-2.23872605008477,2.54));
#1657=CARTESIAN_POINT('',(-3.14233384334278,-3.39688188663483,0.55));
#1658=CARTESIAN_POINT('',(-3.14233384334278,-3.39688188663483,-0.123458049963904));
#1659=CARTESIAN_POINT('',(-3.15484587005567,-1.94053068011658,0.275));
#1660=CARTESIAN_POINT('',(-3.15484587005567,-2.23872605008477,2.54));
#1661=CARTESIAN_POINT('',(-3.14233384334278,-4.39688188663482,-0.123458049963904));
#1662=CARTESIAN_POINT('',(-3.14233384334278,-4.39688188663482,-0.123458049963904));
#1663=CARTESIAN_POINT('',(-1.19612684334278,-4.39688188663482,-0.123458049963904));
#1664=CARTESIAN_POINT('',(-5.08854084334278,-4.39688188663482,-0.123458049963904));
#1665=CARTESIAN_POINT('',(-1.19612684334278,-2.57515388663482,-0.123458049963904));
#1666=CARTESIAN_POINT('',(-1.19612684334278,-0.753425886634825,-0.123458049963904));
#1667=CARTESIAN_POINT('',(-3.14233384334278,-0.753425886634825,-0.123458049963904));
#1668=CARTESIAN_POINT('',(-5.08854084334278,-0.753425886634825,-0.123458049963904));
#1669=CARTESIAN_POINT('',(-5.08854084334278,-2.57515388663482,-0.123458049963904));
#1670=CARTESIAN_POINT('',(-3.14233384334278,-4.39688188663482,0.175));
#1671=CARTESIAN_POINT('',(-1.19612684334278,-4.39688188663482,0.55));
#1672=CARTESIAN_POINT('',(-5.08854084334278,-4.39688188663482,0.55));
#1673=CARTESIAN_POINT('',(-5.08854084334278,-2.57515388663482,0.175));
#1674=CARTESIAN_POINT('',(-5.08854084334278,-0.753425886634825,0.55));
#1675=CARTESIAN_POINT('',(-3.14233384334278,-0.753425886634825,0.175));
#1676=CARTESIAN_POINT('',(-1.19612684334278,-0.753425886634825,0.55));
#1677=CARTESIAN_POINT('',(-1.19612684334278,-2.57515388663482,0.175));
#1678=MECHANICAL_DESIGN_GEOMETRIC_PRESENTATION_REPRESENTATION('',(),#1727);
#1679=MECHANICAL_DESIGN_GEOMETRIC_PRESENTATION_REPRESENTATION('',(),#1728);
#1680=MECHANICAL_DESIGN_GEOMETRIC_PRESENTATION_REPRESENTATION('',(),#1729);
#1681=MECHANICAL_DESIGN_GEOMETRIC_PRESENTATION_REPRESENTATION('',(),#1730);
#1682=MECHANICAL_DESIGN_GEOMETRIC_PRESENTATION_REPRESENTATION('',(),#1731);
#1683=MECHANICAL_DESIGN_GEOMETRIC_PRESENTATION_REPRESENTATION('',(),#1732);
#1684=MECHANICAL_DESIGN_GEOMETRIC_PRESENTATION_REPRESENTATION('',(),#1733);
#1685=MECHANICAL_DESIGN_GEOMETRIC_PRESENTATION_REPRESENTATION('',(),#1734);
#1686=MECHANICAL_DESIGN_GEOMETRIC_PRESENTATION_REPRESENTATION('',(),#1735);
#1687=MECHANICAL_DESIGN_GEOMETRIC_PRESENTATION_REPRESENTATION('',(),#1736);
#1688=MECHANICAL_DESIGN_GEOMETRIC_PRESENTATION_REPRESENTATION('',(),#1737);
#1689=MECHANICAL_DESIGN_GEOMETRIC_PRESENTATION_REPRESENTATION('',(),#1738);
#1690=MECHANICAL_DESIGN_GEOMETRIC_PRESENTATION_REPRESENTATION('',(),#1739);
#1691=MECHANICAL_DESIGN_GEOMETRIC_PRESENTATION_REPRESENTATION('',(),#1740);
#1692=MECHANICAL_DESIGN_GEOMETRIC_PRESENTATION_REPRESENTATION('',(),#1741);
#1693=MECHANICAL_DESIGN_GEOMETRIC_PRESENTATION_REPRESENTATION('',(),#1742);
#1694=MECHANICAL_DESIGN_GEOMETRIC_PRESENTATION_REPRESENTATION('',(),#1743);
#1695=MECHANICAL_DESIGN_GEOMETRIC_PRESENTATION_REPRESENTATION('',(),#1744);
#1696=MECHANICAL_DESIGN_GEOMETRIC_PRESENTATION_REPRESENTATION('',(),#1745);
#1697=MECHANICAL_DESIGN_GEOMETRIC_PRESENTATION_REPRESENTATION('',(),#1746);
#1698=MECHANICAL_DESIGN_GEOMETRIC_PRESENTATION_REPRESENTATION('',(),#1747);
#1699=MECHANICAL_DESIGN_GEOMETRIC_PRESENTATION_REPRESENTATION('',(),#1748);
#1700=MECHANICAL_DESIGN_GEOMETRIC_PRESENTATION_REPRESENTATION('',(),#1749);
#1701=MECHANICAL_DESIGN_GEOMETRIC_PRESENTATION_REPRESENTATION('',(),#1750);
#1702=MECHANICAL_DESIGN_GEOMETRIC_PRESENTATION_REPRESENTATION('',(),#1751);
#1703=MECHANICAL_DESIGN_GEOMETRIC_PRESENTATION_REPRESENTATION('',(),#1752);
#1704=MECHANICAL_DESIGN_GEOMETRIC_PRESENTATION_REPRESENTATION('',(),#1753);
#1705=MECHANICAL_DESIGN_GEOMETRIC_PRESENTATION_REPRESENTATION('',(),#1754);
#1706=MECHANICAL_DESIGN_GEOMETRIC_PRESENTATION_REPRESENTATION('',(),#1755);
#1707=MECHANICAL_DESIGN_GEOMETRIC_PRESENTATION_REPRESENTATION('',(),#1756);
#1708=MECHANICAL_DESIGN_GEOMETRIC_PRESENTATION_REPRESENTATION('',(),#1757);
#1709=MECHANICAL_DESIGN_GEOMETRIC_PRESENTATION_REPRESENTATION('',(),#1758);
#1710=MECHANICAL_DESIGN_GEOMETRIC_PRESENTATION_REPRESENTATION('',(),#1759);
#1711=MECHANICAL_DESIGN_GEOMETRIC_PRESENTATION_REPRESENTATION('',(),#1760);
#1712=MECHANICAL_DESIGN_GEOMETRIC_PRESENTATION_REPRESENTATION('',(),#1761);
#1713=MECHANICAL_DESIGN_GEOMETRIC_PRESENTATION_REPRESENTATION('',(),#1762);
#1714=MECHANICAL_DESIGN_GEOMETRIC_PRESENTATION_REPRESENTATION('',(),#1763);
#1715=MECHANICAL_DESIGN_GEOMETRIC_PRESENTATION_REPRESENTATION('',(),#1764);
#1716=MECHANICAL_DESIGN_GEOMETRIC_PRESENTATION_REPRESENTATION('',(),#1765);
#1717=MECHANICAL_DESIGN_GEOMETRIC_PRESENTATION_REPRESENTATION('',(),#1766);
#1718=MECHANICAL_DESIGN_GEOMETRIC_PRESENTATION_REPRESENTATION('',(),#1767);
#1719=MECHANICAL_DESIGN_GEOMETRIC_PRESENTATION_REPRESENTATION('',(),#1768);
#1720=MECHANICAL_DESIGN_GEOMETRIC_PRESENTATION_REPRESENTATION('',(),#1769);
#1721=MECHANICAL_DESIGN_GEOMETRIC_PRESENTATION_REPRESENTATION('',(),#1770);
#1722=MECHANICAL_DESIGN_GEOMETRIC_PRESENTATION_REPRESENTATION('',(),#1771);
#1723=MECHANICAL_DESIGN_GEOMETRIC_PRESENTATION_REPRESENTATION('',(),#1772);
#1724=MECHANICAL_DESIGN_GEOMETRIC_PRESENTATION_REPRESENTATION('',(),#1773);
#1725=MECHANICAL_DESIGN_GEOMETRIC_PRESENTATION_REPRESENTATION('',(#722),
#1774);
#1726=MECHANICAL_DESIGN_GEOMETRIC_PRESENTATION_REPRESENTATION('',(#723),
#1775);
#1727=(
GEOMETRIC_REPRESENTATION_CONTEXT(3)
GLOBAL_UNCERTAINTY_ASSIGNED_CONTEXT((#1776))
GLOBAL_UNIT_ASSIGNED_CONTEXT((#1923,#1874,#1825))
REPRESENTATION_CONTEXT('id2','TOP_LEVEL_ASSEMBLY_PART')
);
#1728=(
GEOMETRIC_REPRESENTATION_CONTEXT(3)
GLOBAL_UNCERTAINTY_ASSIGNED_CONTEXT((#1777))
GLOBAL_UNIT_ASSIGNED_CONTEXT((#1924,#1875,#1826))
REPRESENTATION_CONTEXT('id5','TOP_LEVEL_ASSEMBLY_PART')
);
#1729=(
GEOMETRIC_REPRESENTATION_CONTEXT(3)
GLOBAL_UNCERTAINTY_ASSIGNED_CONTEXT((#1778))
GLOBAL_UNIT_ASSIGNED_CONTEXT((#1925,#1876,#1827))
REPRESENTATION_CONTEXT('id8','TOP_LEVEL_ASSEMBLY_PART')
);
#1730=(
GEOMETRIC_REPRESENTATION_CONTEXT(3)
GLOBAL_UNCERTAINTY_ASSIGNED_CONTEXT((#1779))
GLOBAL_UNIT_ASSIGNED_CONTEXT((#1926,#1877,#1828))
REPRESENTATION_CONTEXT('id11','TOP_LEVEL_ASSEMBLY_PART')
);
#1731=(
GEOMETRIC_REPRESENTATION_CONTEXT(3)
GLOBAL_UNCERTAINTY_ASSIGNED_CONTEXT((#1780))
GLOBAL_UNIT_ASSIGNED_CONTEXT((#1927,#1878,#1829))
REPRESENTATION_CONTEXT('id14','TOP_LEVEL_ASSEMBLY_PART')
);
#1732=(
GEOMETRIC_REPRESENTATION_CONTEXT(3)
GLOBAL_UNCERTAINTY_ASSIGNED_CONTEXT((#1781))
GLOBAL_UNIT_ASSIGNED_CONTEXT((#1928,#1879,#1830))
REPRESENTATION_CONTEXT('id17','TOP_LEVEL_ASSEMBLY_PART')
);
#1733=(
GEOMETRIC_REPRESENTATION_CONTEXT(3)
GLOBAL_UNCERTAINTY_ASSIGNED_CONTEXT((#1782))
GLOBAL_UNIT_ASSIGNED_CONTEXT((#1929,#1880,#1831))
REPRESENTATION_CONTEXT('id20','TOP_LEVEL_ASSEMBLY_PART')
);
#1734=(
GEOMETRIC_REPRESENTATION_CONTEXT(3)
GLOBAL_UNCERTAINTY_ASSIGNED_CONTEXT((#1783))
GLOBAL_UNIT_ASSIGNED_CONTEXT((#1930,#1881,#1832))
REPRESENTATION_CONTEXT('id23','TOP_LEVEL_ASSEMBLY_PART')
);
#1735=(
GEOMETRIC_REPRESENTATION_CONTEXT(3)
GLOBAL_UNCERTAINTY_ASSIGNED_CONTEXT((#1784))
GLOBAL_UNIT_ASSIGNED_CONTEXT((#1931,#1882,#1833))
REPRESENTATION_CONTEXT('id26','TOP_LEVEL_ASSEMBLY_PART')
);
#1736=(
GEOMETRIC_REPRESENTATION_CONTEXT(3)
GLOBAL_UNCERTAINTY_ASSIGNED_CONTEXT((#1785))
GLOBAL_UNIT_ASSIGNED_CONTEXT((#1932,#1883,#1834))
REPRESENTATION_CONTEXT('id29','TOP_LEVEL_ASSEMBLY_PART')
);
#1737=(
GEOMETRIC_REPRESENTATION_CONTEXT(3)
GLOBAL_UNCERTAINTY_ASSIGNED_CONTEXT((#1786))
GLOBAL_UNIT_ASSIGNED_CONTEXT((#1933,#1884,#1835))
REPRESENTATION_CONTEXT('id32','TOP_LEVEL_ASSEMBLY_PART')
);
#1738=(
GEOMETRIC_REPRESENTATION_CONTEXT(3)
GLOBAL_UNCERTAINTY_ASSIGNED_CONTEXT((#1787))
GLOBAL_UNIT_ASSIGNED_CONTEXT((#1934,#1885,#1836))
REPRESENTATION_CONTEXT('id35','TOP_LEVEL_ASSEMBLY_PART')
);
#1739=(
GEOMETRIC_REPRESENTATION_CONTEXT(3)
GLOBAL_UNCERTAINTY_ASSIGNED_CONTEXT((#1788))
GLOBAL_UNIT_ASSIGNED_CONTEXT((#1935,#1886,#1837))
REPRESENTATION_CONTEXT('id38','TOP_LEVEL_ASSEMBLY_PART')
);
#1740=(
GEOMETRIC_REPRESENTATION_CONTEXT(3)
GLOBAL_UNCERTAINTY_ASSIGNED_CONTEXT((#1789))
GLOBAL_UNIT_ASSIGNED_CONTEXT((#1936,#1887,#1838))
REPRESENTATION_CONTEXT('id41','TOP_LEVEL_ASSEMBLY_PART')
);
#1741=(
GEOMETRIC_REPRESENTATION_CONTEXT(3)
GLOBAL_UNCERTAINTY_ASSIGNED_CONTEXT((#1790))
GLOBAL_UNIT_ASSIGNED_CONTEXT((#1937,#1888,#1839))
REPRESENTATION_CONTEXT('id44','TOP_LEVEL_ASSEMBLY_PART')
);
#1742=(
GEOMETRIC_REPRESENTATION_CONTEXT(3)
GLOBAL_UNCERTAINTY_ASSIGNED_CONTEXT((#1791))
GLOBAL_UNIT_ASSIGNED_CONTEXT((#1938,#1889,#1840))
REPRESENTATION_CONTEXT('id47','TOP_LEVEL_ASSEMBLY_PART')
);
#1743=(
GEOMETRIC_REPRESENTATION_CONTEXT(3)
GLOBAL_UNCERTAINTY_ASSIGNED_CONTEXT((#1792))
GLOBAL_UNIT_ASSIGNED_CONTEXT((#1939,#1890,#1841))
REPRESENTATION_CONTEXT('id50','TOP_LEVEL_ASSEMBLY_PART')
);
#1744=(
GEOMETRIC_REPRESENTATION_CONTEXT(3)
GLOBAL_UNCERTAINTY_ASSIGNED_CONTEXT((#1793))
GLOBAL_UNIT_ASSIGNED_CONTEXT((#1940,#1891,#1842))
REPRESENTATION_CONTEXT('id53','TOP_LEVEL_ASSEMBLY_PART')
);
#1745=(
GEOMETRIC_REPRESENTATION_CONTEXT(3)
GLOBAL_UNCERTAINTY_ASSIGNED_CONTEXT((#1794))
GLOBAL_UNIT_ASSIGNED_CONTEXT((#1941,#1892,#1843))
REPRESENTATION_CONTEXT('id56','TOP_LEVEL_ASSEMBLY_PART')
);
#1746=(
GEOMETRIC_REPRESENTATION_CONTEXT(3)
GLOBAL_UNCERTAINTY_ASSIGNED_CONTEXT((#1795))
GLOBAL_UNIT_ASSIGNED_CONTEXT((#1942,#1893,#1844))
REPRESENTATION_CONTEXT('id59','TOP_LEVEL_ASSEMBLY_PART')
);
#1747=(
GEOMETRIC_REPRESENTATION_CONTEXT(3)
GLOBAL_UNCERTAINTY_ASSIGNED_CONTEXT((#1796))
GLOBAL_UNIT_ASSIGNED_CONTEXT((#1943,#1894,#1845))
REPRESENTATION_CONTEXT('id62','TOP_LEVEL_ASSEMBLY_PART')
);
#1748=(
GEOMETRIC_REPRESENTATION_CONTEXT(3)
GLOBAL_UNCERTAINTY_ASSIGNED_CONTEXT((#1797))
GLOBAL_UNIT_ASSIGNED_CONTEXT((#1944,#1895,#1846))
REPRESENTATION_CONTEXT('id65','TOP_LEVEL_ASSEMBLY_PART')
);
#1749=(
GEOMETRIC_REPRESENTATION_CONTEXT(3)
GLOBAL_UNCERTAINTY_ASSIGNED_CONTEXT((#1798))
GLOBAL_UNIT_ASSIGNED_CONTEXT((#1945,#1896,#1847))
REPRESENTATION_CONTEXT('id68','TOP_LEVEL_ASSEMBLY_PART')
);
#1750=(
GEOMETRIC_REPRESENTATION_CONTEXT(3)
GLOBAL_UNCERTAINTY_ASSIGNED_CONTEXT((#1799))
GLOBAL_UNIT_ASSIGNED_CONTEXT((#1946,#1897,#1848))
REPRESENTATION_CONTEXT('id71','TOP_LEVEL_ASSEMBLY_PART')
);
#1751=(
GEOMETRIC_REPRESENTATION_CONTEXT(3)
GLOBAL_UNCERTAINTY_ASSIGNED_CONTEXT((#1800))
GLOBAL_UNIT_ASSIGNED_CONTEXT((#1947,#1898,#1849))
REPRESENTATION_CONTEXT('id74','TOP_LEVEL_ASSEMBLY_PART')
);
#1752=(
GEOMETRIC_REPRESENTATION_CONTEXT(3)
GLOBAL_UNCERTAINTY_ASSIGNED_CONTEXT((#1801))
GLOBAL_UNIT_ASSIGNED_CONTEXT((#1948,#1899,#1850))
REPRESENTATION_CONTEXT('id77','TOP_LEVEL_ASSEMBLY_PART')
);
#1753=(
GEOMETRIC_REPRESENTATION_CONTEXT(3)
GLOBAL_UNCERTAINTY_ASSIGNED_CONTEXT((#1802))
GLOBAL_UNIT_ASSIGNED_CONTEXT((#1949,#1900,#1851))
REPRESENTATION_CONTEXT('id80','TOP_LEVEL_ASSEMBLY_PART')
);
#1754=(
GEOMETRIC_REPRESENTATION_CONTEXT(3)
GLOBAL_UNCERTAINTY_ASSIGNED_CONTEXT((#1803))
GLOBAL_UNIT_ASSIGNED_CONTEXT((#1950,#1901,#1852))
REPRESENTATION_CONTEXT('id83','TOP_LEVEL_ASSEMBLY_PART')
);
#1755=(
GEOMETRIC_REPRESENTATION_CONTEXT(3)
GLOBAL_UNCERTAINTY_ASSIGNED_CONTEXT((#1804))
GLOBAL_UNIT_ASSIGNED_CONTEXT((#1951,#1902,#1853))
REPRESENTATION_CONTEXT('id86','TOP_LEVEL_ASSEMBLY_PART')
);
#1756=(
GEOMETRIC_REPRESENTATION_CONTEXT(3)
GLOBAL_UNCERTAINTY_ASSIGNED_CONTEXT((#1805))
GLOBAL_UNIT_ASSIGNED_CONTEXT((#1952,#1903,#1854))
REPRESENTATION_CONTEXT('id89','TOP_LEVEL_ASSEMBLY_PART')
);
#1757=(
GEOMETRIC_REPRESENTATION_CONTEXT(3)
GLOBAL_UNCERTAINTY_ASSIGNED_CONTEXT((#1806))
GLOBAL_UNIT_ASSIGNED_CONTEXT((#1953,#1904,#1855))
REPRESENTATION_CONTEXT('id92','TOP_LEVEL_ASSEMBLY_PART')
);
#1758=(
GEOMETRIC_REPRESENTATION_CONTEXT(3)
GLOBAL_UNCERTAINTY_ASSIGNED_CONTEXT((#1807))
GLOBAL_UNIT_ASSIGNED_CONTEXT((#1954,#1905,#1856))
REPRESENTATION_CONTEXT('id95','TOP_LEVEL_ASSEMBLY_PART')
);
#1759=(
GEOMETRIC_REPRESENTATION_CONTEXT(3)
GLOBAL_UNCERTAINTY_ASSIGNED_CONTEXT((#1808))
GLOBAL_UNIT_ASSIGNED_CONTEXT((#1955,#1906,#1857))
REPRESENTATION_CONTEXT('id98','TOP_LEVEL_ASSEMBLY_PART')
);
#1760=(
GEOMETRIC_REPRESENTATION_CONTEXT(3)
GLOBAL_UNCERTAINTY_ASSIGNED_CONTEXT((#1809))
GLOBAL_UNIT_ASSIGNED_CONTEXT((#1956,#1907,#1858))
REPRESENTATION_CONTEXT('id101','TOP_LEVEL_ASSEMBLY_PART')
);
#1761=(
GEOMETRIC_REPRESENTATION_CONTEXT(3)
GLOBAL_UNCERTAINTY_ASSIGNED_CONTEXT((#1810))
GLOBAL_UNIT_ASSIGNED_CONTEXT((#1957,#1908,#1859))
REPRESENTATION_CONTEXT('id104','TOP_LEVEL_ASSEMBLY_PART')
);
#1762=(
GEOMETRIC_REPRESENTATION_CONTEXT(3)
GLOBAL_UNCERTAINTY_ASSIGNED_CONTEXT((#1811))
GLOBAL_UNIT_ASSIGNED_CONTEXT((#1958,#1909,#1860))
REPRESENTATION_CONTEXT('id107','TOP_LEVEL_ASSEMBLY_PART')
);
#1763=(
GEOMETRIC_REPRESENTATION_CONTEXT(3)
GLOBAL_UNCERTAINTY_ASSIGNED_CONTEXT((#1812))
GLOBAL_UNIT_ASSIGNED_CONTEXT((#1959,#1910,#1861))
REPRESENTATION_CONTEXT('id110','TOP_LEVEL_ASSEMBLY_PART')
);
#1764=(
GEOMETRIC_REPRESENTATION_CONTEXT(3)
GLOBAL_UNCERTAINTY_ASSIGNED_CONTEXT((#1813))
GLOBAL_UNIT_ASSIGNED_CONTEXT((#1960,#1911,#1862))
REPRESENTATION_CONTEXT('id113','TOP_LEVEL_ASSEMBLY_PART')
);
#1765=(
GEOMETRIC_REPRESENTATION_CONTEXT(3)
GLOBAL_UNCERTAINTY_ASSIGNED_CONTEXT((#1814))
GLOBAL_UNIT_ASSIGNED_CONTEXT((#1961,#1912,#1863))
REPRESENTATION_CONTEXT('id116','TOP_LEVEL_ASSEMBLY_PART')
);
#1766=(
GEOMETRIC_REPRESENTATION_CONTEXT(3)
GLOBAL_UNCERTAINTY_ASSIGNED_CONTEXT((#1815))
GLOBAL_UNIT_ASSIGNED_CONTEXT((#1962,#1913,#1864))
REPRESENTATION_CONTEXT('id119','TOP_LEVEL_ASSEMBLY_PART')
);
#1767=(
GEOMETRIC_REPRESENTATION_CONTEXT(3)
GLOBAL_UNCERTAINTY_ASSIGNED_CONTEXT((#1816))
GLOBAL_UNIT_ASSIGNED_CONTEXT((#1963,#1914,#1865))
REPRESENTATION_CONTEXT('id122','TOP_LEVEL_ASSEMBLY_PART')
);
#1768=(
GEOMETRIC_REPRESENTATION_CONTEXT(3)
GLOBAL_UNCERTAINTY_ASSIGNED_CONTEXT((#1817))
GLOBAL_UNIT_ASSIGNED_CONTEXT((#1964,#1915,#1866))
REPRESENTATION_CONTEXT('id125','TOP_LEVEL_ASSEMBLY_PART')
);
#1769=(
GEOMETRIC_REPRESENTATION_CONTEXT(3)
GLOBAL_UNCERTAINTY_ASSIGNED_CONTEXT((#1818))
GLOBAL_UNIT_ASSIGNED_CONTEXT((#1965,#1916,#1867))
REPRESENTATION_CONTEXT('id128','TOP_LEVEL_ASSEMBLY_PART')
);
#1770=(
GEOMETRIC_REPRESENTATION_CONTEXT(3)
GLOBAL_UNCERTAINTY_ASSIGNED_CONTEXT((#1819))
GLOBAL_UNIT_ASSIGNED_CONTEXT((#1966,#1917,#1868))
REPRESENTATION_CONTEXT('id131','TOP_LEVEL_ASSEMBLY_PART')
);
#1771=(
GEOMETRIC_REPRESENTATION_CONTEXT(3)
GLOBAL_UNCERTAINTY_ASSIGNED_CONTEXT((#1820))
GLOBAL_UNIT_ASSIGNED_CONTEXT((#1967,#1918,#1869))
REPRESENTATION_CONTEXT('id134','TOP_LEVEL_ASSEMBLY_PART')
);
#1772=(
GEOMETRIC_REPRESENTATION_CONTEXT(3)
GLOBAL_UNCERTAINTY_ASSIGNED_CONTEXT((#1821))
GLOBAL_UNIT_ASSIGNED_CONTEXT((#1968,#1919,#1870))
REPRESENTATION_CONTEXT('id137','TOP_LEVEL_ASSEMBLY_PART')
);
#1773=(
GEOMETRIC_REPRESENTATION_CONTEXT(3)
GLOBAL_UNCERTAINTY_ASSIGNED_CONTEXT((#1822))
GLOBAL_UNIT_ASSIGNED_CONTEXT((#1969,#1920,#1871))
REPRESENTATION_CONTEXT('id140','TOP_LEVEL_ASSEMBLY_PART')
);
#1774=(
GEOMETRIC_REPRESENTATION_CONTEXT(3)
GLOBAL_UNCERTAINTY_ASSIGNED_CONTEXT((#1823))
GLOBAL_UNIT_ASSIGNED_CONTEXT((#1970,#1921,#1872))
REPRESENTATION_CONTEXT('Part 1','TOP_LEVEL_ASSEMBLY_PART')
);
#1775=(
GEOMETRIC_REPRESENTATION_CONTEXT(3)
GLOBAL_UNCERTAINTY_ASSIGNED_CONTEXT((#1824))
GLOBAL_UNIT_ASSIGNED_CONTEXT((#1971,#1922,#1873))
REPRESENTATION_CONTEXT('Part 2','TOP_LEVEL_ASSEMBLY_PART')
);
#1776=UNCERTAINTY_MEASURE_WITH_UNIT(LENGTH_MEASURE(1.E-6),#1923,
'DISTANCE_ACCURACY_VALUE','Maximum Tolerance applied to model');
#1777=UNCERTAINTY_MEASURE_WITH_UNIT(LENGTH_MEASURE(1.E-6),#1924,
'DISTANCE_ACCURACY_VALUE','Maximum Tolerance applied to model');
#1778=UNCERTAINTY_MEASURE_WITH_UNIT(LENGTH_MEASURE(1.E-6),#1925,
'DISTANCE_ACCURACY_VALUE','Maximum Tolerance applied to model');
#1779=UNCERTAINTY_MEASURE_WITH_UNIT(LENGTH_MEASURE(1.E-6),#1926,
'DISTANCE_ACCURACY_VALUE','Maximum Tolerance applied to model');
#1780=UNCERTAINTY_MEASURE_WITH_UNIT(LENGTH_MEASURE(1.E-6),#1927,
'DISTANCE_ACCURACY_VALUE','Maximum Tolerance applied to model');
#1781=UNCERTAINTY_MEASURE_WITH_UNIT(LENGTH_MEASURE(1.E-6),#1928,
'DISTANCE_ACCURACY_VALUE','Maximum Tolerance applied to model');
#1782=UNCERTAINTY_MEASURE_WITH_UNIT(LENGTH_MEASURE(1.E-6),#1929,
'DISTANCE_ACCURACY_VALUE','Maximum Tolerance applied to model');
#1783=UNCERTAINTY_MEASURE_WITH_UNIT(LENGTH_MEASURE(1.E-6),#1930,
'DISTANCE_ACCURACY_VALUE','Maximum Tolerance applied to model');
#1784=UNCERTAINTY_MEASURE_WITH_UNIT(LENGTH_MEASURE(1.E-6),#1931,
'DISTANCE_ACCURACY_VALUE','Maximum Tolerance applied to model');
#1785=UNCERTAINTY_MEASURE_WITH_UNIT(LENGTH_MEASURE(1.E-6),#1932,
'DISTANCE_ACCURACY_VALUE','Maximum Tolerance applied to model');
#1786=UNCERTAINTY_MEASURE_WITH_UNIT(LENGTH_MEASURE(1.E-6),#1933,
'DISTANCE_ACCURACY_VALUE','Maximum Tolerance applied to model');
#1787=UNCERTAINTY_MEASURE_WITH_UNIT(LENGTH_MEASURE(1.E-6),#1934,
'DISTANCE_ACCURACY_VALUE','Maximum Tolerance applied to model');
#1788=UNCERTAINTY_MEASURE_WITH_UNIT(LENGTH_MEASURE(1.E-6),#1935,
'DISTANCE_ACCURACY_VALUE','Maximum Tolerance applied to model');
#1789=UNCERTAINTY_MEASURE_WITH_UNIT(LENGTH_MEASURE(1.E-6),#1936,
'DISTANCE_ACCURACY_VALUE','Maximum Tolerance applied to model');
#1790=UNCERTAINTY_MEASURE_WITH_UNIT(LENGTH_MEASURE(1.E-6),#1937,
'DISTANCE_ACCURACY_VALUE','Maximum Tolerance applied to model');
#1791=UNCERTAINTY_MEASURE_WITH_UNIT(LENGTH_MEASURE(1.E-6),#1938,
'DISTANCE_ACCURACY_VALUE','Maximum Tolerance applied to model');
#1792=UNCERTAINTY_MEASURE_WITH_UNIT(LENGTH_MEASURE(1.E-6),#1939,
'DISTANCE_ACCURACY_VALUE','Maximum Tolerance applied to model');
#1793=UNCERTAINTY_MEASURE_WITH_UNIT(LENGTH_MEASURE(1.E-6),#1940,
'DISTANCE_ACCURACY_VALUE','Maximum Tolerance applied to model');
#1794=UNCERTAINTY_MEASURE_WITH_UNIT(LENGTH_MEASURE(1.E-6),#1941,
'DISTANCE_ACCURACY_VALUE','Maximum Tolerance applied to model');
#1795=UNCERTAINTY_MEASURE_WITH_UNIT(LENGTH_MEASURE(1.E-6),#1942,
'DISTANCE_ACCURACY_VALUE','Maximum Tolerance applied to model');
#1796=UNCERTAINTY_MEASURE_WITH_UNIT(LENGTH_MEASURE(1.E-6),#1943,
'DISTANCE_ACCURACY_VALUE','Maximum Tolerance applied to model');
#1797=UNCERTAINTY_MEASURE_WITH_UNIT(LENGTH_MEASURE(1.E-6),#1944,
'DISTANCE_ACCURACY_VALUE','Maximum Tolerance applied to model');
#1798=UNCERTAINTY_MEASURE_WITH_UNIT(LENGTH_MEASURE(1.E-6),#1945,
'DISTANCE_ACCURACY_VALUE','Maximum Tolerance applied to model');
#1799=UNCERTAINTY_MEASURE_WITH_UNIT(LENGTH_MEASURE(1.E-6),#1946,
'DISTANCE_ACCURACY_VALUE','Maximum Tolerance applied to model');
#1800=UNCERTAINTY_MEASURE_WITH_UNIT(LENGTH_MEASURE(1.E-6),#1947,
'DISTANCE_ACCURACY_VALUE','Maximum Tolerance applied to model');
#1801=UNCERTAINTY_MEASURE_WITH_UNIT(LENGTH_MEASURE(1.E-6),#1948,
'DISTANCE_ACCURACY_VALUE','Maximum Tolerance applied to model');
#1802=UNCERTAINTY_MEASURE_WITH_UNIT(LENGTH_MEASURE(1.E-6),#1949,
'DISTANCE_ACCURACY_VALUE','Maximum Tolerance applied to model');
#1803=UNCERTAINTY_MEASURE_WITH_UNIT(LENGTH_MEASURE(1.E-6),#1950,
'DISTANCE_ACCURACY_VALUE','Maximum Tolerance applied to model');
#1804=UNCERTAINTY_MEASURE_WITH_UNIT(LENGTH_MEASURE(1.E-6),#1951,
'DISTANCE_ACCURACY_VALUE','Maximum Tolerance applied to model');
#1805=UNCERTAINTY_MEASURE_WITH_UNIT(LENGTH_MEASURE(1.E-6),#1952,
'DISTANCE_ACCURACY_VALUE','Maximum Tolerance applied to model');
#1806=UNCERTAINTY_MEASURE_WITH_UNIT(LENGTH_MEASURE(1.E-6),#1953,
'DISTANCE_ACCURACY_VALUE','Maximum Tolerance applied to model');
#1807=UNCERTAINTY_MEASURE_WITH_UNIT(LENGTH_MEASURE(1.E-6),#1954,
'DISTANCE_ACCURACY_VALUE','Maximum Tolerance applied to model');
#1808=UNCERTAINTY_MEASURE_WITH_UNIT(LENGTH_MEASURE(1.E-6),#1955,
'DISTANCE_ACCURACY_VALUE','Maximum Tolerance applied to model');
#1809=UNCERTAINTY_MEASURE_WITH_UNIT(LENGTH_MEASURE(1.E-6),#1956,
'DISTANCE_ACCURACY_VALUE','Maximum Tolerance applied to model');
#1810=UNCERTAINTY_MEASURE_WITH_UNIT(LENGTH_MEASURE(1.E-6),#1957,
'DISTANCE_ACCURACY_VALUE','Maximum Tolerance applied to model');
#1811=UNCERTAINTY_MEASURE_WITH_UNIT(LENGTH_MEASURE(1.E-6),#1958,
'DISTANCE_ACCURACY_VALUE','Maximum Tolerance applied to model');
#1812=UNCERTAINTY_MEASURE_WITH_UNIT(LENGTH_MEASURE(1.E-6),#1959,
'DISTANCE_ACCURACY_VALUE','Maximum Tolerance applied to model');
#1813=UNCERTAINTY_MEASURE_WITH_UNIT(LENGTH_MEASURE(1.E-6),#1960,
'DISTANCE_ACCURACY_VALUE','Maximum Tolerance applied to model');
#1814=UNCERTAINTY_MEASURE_WITH_UNIT(LENGTH_MEASURE(1.E-6),#1961,
'DISTANCE_ACCURACY_VALUE','Maximum Tolerance applied to model');
#1815=UNCERTAINTY_MEASURE_WITH_UNIT(LENGTH_MEASURE(1.E-6),#1962,
'DISTANCE_ACCURACY_VALUE','Maximum Tolerance applied to model');
#1816=UNCERTAINTY_MEASURE_WITH_UNIT(LENGTH_MEASURE(1.E-6),#1963,
'DISTANCE_ACCURACY_VALUE','Maximum Tolerance applied to model');
#1817=UNCERTAINTY_MEASURE_WITH_UNIT(LENGTH_MEASURE(1.E-6),#1964,
'DISTANCE_ACCURACY_VALUE','Maximum Tolerance applied to model');
#1818=UNCERTAINTY_MEASURE_WITH_UNIT(LENGTH_MEASURE(1.E-6),#1965,
'DISTANCE_ACCURACY_VALUE','Maximum Tolerance applied to model');
#1819=UNCERTAINTY_MEASURE_WITH_UNIT(LENGTH_MEASURE(1.E-6),#1966,
'DISTANCE_ACCURACY_VALUE','Maximum Tolerance applied to model');
#1820=UNCERTAINTY_MEASURE_WITH_UNIT(LENGTH_MEASURE(1.E-6),#1967,
'DISTANCE_ACCURACY_VALUE','Maximum Tolerance applied to model');
#1821=UNCERTAINTY_MEASURE_WITH_UNIT(LENGTH_MEASURE(1.E-6),#1968,
'DISTANCE_ACCURACY_VALUE','Maximum Tolerance applied to model');
#1822=UNCERTAINTY_MEASURE_WITH_UNIT(LENGTH_MEASURE(1.E-6),#1969,
'DISTANCE_ACCURACY_VALUE','Maximum Tolerance applied to model');
#1823=UNCERTAINTY_MEASURE_WITH_UNIT(LENGTH_MEASURE(1.E-6),#1970,
'DISTANCE_ACCURACY_VALUE','Maximum Tolerance applied to model');
#1824=UNCERTAINTY_MEASURE_WITH_UNIT(LENGTH_MEASURE(1.E-6),#1971,
'DISTANCE_ACCURACY_VALUE','Maximum Tolerance applied to model');
#1825=(
NAMED_UNIT(*)
SI_UNIT($,.STERADIAN.)
SOLID_ANGLE_UNIT()
);
#1826=(
NAMED_UNIT(*)
SI_UNIT($,.STERADIAN.)
SOLID_ANGLE_UNIT()
);
#1827=(
NAMED_UNIT(*)
SI_UNIT($,.STERADIAN.)
SOLID_ANGLE_UNIT()
);
#1828=(
NAMED_UNIT(*)
SI_UNIT($,.STERADIAN.)
SOLID_ANGLE_UNIT()
);
#1829=(
NAMED_UNIT(*)
SI_UNIT($,.STERADIAN.)
SOLID_ANGLE_UNIT()
);
#1830=(
NAMED_UNIT(*)
SI_UNIT($,.STERADIAN.)
SOLID_ANGLE_UNIT()
);
#1831=(
NAMED_UNIT(*)
SI_UNIT($,.STERADIAN.)
SOLID_ANGLE_UNIT()
);
#1832=(
NAMED_UNIT(*)
SI_UNIT($,.STERADIAN.)
SOLID_ANGLE_UNIT()
);
#1833=(
NAMED_UNIT(*)
SI_UNIT($,.STERADIAN.)
SOLID_ANGLE_UNIT()
);
#1834=(
NAMED_UNIT(*)
SI_UNIT($,.STERADIAN.)
SOLID_ANGLE_UNIT()
);
#1835=(
NAMED_UNIT(*)
SI_UNIT($,.STERADIAN.)
SOLID_ANGLE_UNIT()
);
#1836=(
NAMED_UNIT(*)
SI_UNIT($,.STERADIAN.)
SOLID_ANGLE_UNIT()
);
#1837=(
NAMED_UNIT(*)
SI_UNIT($,.STERADIAN.)
SOLID_ANGLE_UNIT()
);
#1838=(
NAMED_UNIT(*)
SI_UNIT($,.STERADIAN.)
SOLID_ANGLE_UNIT()
);
#1839=(
NAMED_UNIT(*)
SI_UNIT($,.STERADIAN.)
SOLID_ANGLE_UNIT()
);
#1840=(
NAMED_UNIT(*)
SI_UNIT($,.STERADIAN.)
SOLID_ANGLE_UNIT()
);
#1841=(
NAMED_UNIT(*)
SI_UNIT($,.STERADIAN.)
SOLID_ANGLE_UNIT()
);
#1842=(
NAMED_UNIT(*)
SI_UNIT($,.STERADIAN.)
SOLID_ANGLE_UNIT()
);
#1843=(
NAMED_UNIT(*)
SI_UNIT($,.STERADIAN.)
SOLID_ANGLE_UNIT()
);
#1844=(
NAMED_UNIT(*)
SI_UNIT($,.STERADIAN.)
SOLID_ANGLE_UNIT()
);
#1845=(
NAMED_UNIT(*)
SI_UNIT($,.STERADIAN.)
SOLID_ANGLE_UNIT()
);
#1846=(
NAMED_UNIT(*)
SI_UNIT($,.STERADIAN.)
SOLID_ANGLE_UNIT()
);
#1847=(
NAMED_UNIT(*)
SI_UNIT($,.STERADIAN.)
SOLID_ANGLE_UNIT()
);
#1848=(
NAMED_UNIT(*)
SI_UNIT($,.STERADIAN.)
SOLID_ANGLE_UNIT()
);
#1849=(
NAMED_UNIT(*)
SI_UNIT($,.STERADIAN.)
SOLID_ANGLE_UNIT()
);
#1850=(
NAMED_UNIT(*)
SI_UNIT($,.STERADIAN.)
SOLID_ANGLE_UNIT()
);
#1851=(
NAMED_UNIT(*)
SI_UNIT($,.STERADIAN.)
SOLID_ANGLE_UNIT()
);
#1852=(
NAMED_UNIT(*)
SI_UNIT($,.STERADIAN.)
SOLID_ANGLE_UNIT()
);
#1853=(
NAMED_UNIT(*)
SI_UNIT($,.STERADIAN.)
SOLID_ANGLE_UNIT()
);
#1854=(
NAMED_UNIT(*)
SI_UNIT($,.STERADIAN.)
SOLID_ANGLE_UNIT()
);
#1855=(
NAMED_UNIT(*)
SI_UNIT($,.STERADIAN.)
SOLID_ANGLE_UNIT()
);
#1856=(
NAMED_UNIT(*)
SI_UNIT($,.STERADIAN.)
SOLID_ANGLE_UNIT()
);
#1857=(
NAMED_UNIT(*)
SI_UNIT($,.STERADIAN.)
SOLID_ANGLE_UNIT()
);
#1858=(
NAMED_UNIT(*)
SI_UNIT($,.STERADIAN.)
SOLID_ANGLE_UNIT()
);
#1859=(
NAMED_UNIT(*)
SI_UNIT($,.STERADIAN.)
SOLID_ANGLE_UNIT()
);
#1860=(
NAMED_UNIT(*)
SI_UNIT($,.STERADIAN.)
SOLID_ANGLE_UNIT()
);
#1861=(
NAMED_UNIT(*)
SI_UNIT($,.STERADIAN.)
SOLID_ANGLE_UNIT()
);
#1862=(
NAMED_UNIT(*)
SI_UNIT($,.STERADIAN.)
SOLID_ANGLE_UNIT()
);
#1863=(
NAMED_UNIT(*)
SI_UNIT($,.STERADIAN.)
SOLID_ANGLE_UNIT()
);
#1864=(
NAMED_UNIT(*)
SI_UNIT($,.STERADIAN.)
SOLID_ANGLE_UNIT()
);
#1865=(
NAMED_UNIT(*)
SI_UNIT($,.STERADIAN.)
SOLID_ANGLE_UNIT()
);
#1866=(
NAMED_UNIT(*)
SI_UNIT($,.STERADIAN.)
SOLID_ANGLE_UNIT()
);
#1867=(
NAMED_UNIT(*)
SI_UNIT($,.STERADIAN.)
SOLID_ANGLE_UNIT()
);
#1868=(
NAMED_UNIT(*)
SI_UNIT($,.STERADIAN.)
SOLID_ANGLE_UNIT()
);
#1869=(
NAMED_UNIT(*)
SI_UNIT($,.STERADIAN.)
SOLID_ANGLE_UNIT()
);
#1870=(
NAMED_UNIT(*)
SI_UNIT($,.STERADIAN.)
SOLID_ANGLE_UNIT()
);
#1871=(
NAMED_UNIT(*)
SI_UNIT($,.STERADIAN.)
SOLID_ANGLE_UNIT()
);
#1872=(
NAMED_UNIT(*)
SI_UNIT($,.STERADIAN.)
SOLID_ANGLE_UNIT()
);
#1873=(
NAMED_UNIT(*)
SI_UNIT($,.STERADIAN.)
SOLID_ANGLE_UNIT()
);
#1874=(
NAMED_UNIT(*)
PLANE_ANGLE_UNIT()
SI_UNIT($,.RADIAN.)
);
#1875=(
NAMED_UNIT(*)
PLANE_ANGLE_UNIT()
SI_UNIT($,.RADIAN.)
);
#1876=(
NAMED_UNIT(*)
PLANE_ANGLE_UNIT()
SI_UNIT($,.RADIAN.)
);
#1877=(
NAMED_UNIT(*)
PLANE_ANGLE_UNIT()
SI_UNIT($,.RADIAN.)
);
#1878=(
NAMED_UNIT(*)
PLANE_ANGLE_UNIT()
SI_UNIT($,.RADIAN.)
);
#1879=(
NAMED_UNIT(*)
PLANE_ANGLE_UNIT()
SI_UNIT($,.RADIAN.)
);
#1880=(
NAMED_UNIT(*)
PLANE_ANGLE_UNIT()
SI_UNIT($,.RADIAN.)
);
#1881=(
NAMED_UNIT(*)
PLANE_ANGLE_UNIT()
SI_UNIT($,.RADIAN.)
);
#1882=(
NAMED_UNIT(*)
PLANE_ANGLE_UNIT()
SI_UNIT($,.RADIAN.)
);
#1883=(
NAMED_UNIT(*)
PLANE_ANGLE_UNIT()
SI_UNIT($,.RADIAN.)
);
#1884=(
NAMED_UNIT(*)
PLANE_ANGLE_UNIT()
SI_UNIT($,.RADIAN.)
);
#1885=(
NAMED_UNIT(*)
PLANE_ANGLE_UNIT()
SI_UNIT($,.RADIAN.)
);
#1886=(
NAMED_UNIT(*)
PLANE_ANGLE_UNIT()
SI_UNIT($,.RADIAN.)
);
#1887=(
NAMED_UNIT(*)
PLANE_ANGLE_UNIT()
SI_UNIT($,.RADIAN.)
);
#1888=(
NAMED_UNIT(*)
PLANE_ANGLE_UNIT()
SI_UNIT($,.RADIAN.)
);
#1889=(
NAMED_UNIT(*)
PLANE_ANGLE_UNIT()
SI_UNIT($,.RADIAN.)
);
#1890=(
NAMED_UNIT(*)
PLANE_ANGLE_UNIT()
SI_UNIT($,.RADIAN.)
);
#1891=(
NAMED_UNIT(*)
PLANE_ANGLE_UNIT()
SI_UNIT($,.RADIAN.)
);
#1892=(
NAMED_UNIT(*)
PLANE_ANGLE_UNIT()
SI_UNIT($,.RADIAN.)
);
#1893=(
NAMED_UNIT(*)
PLANE_ANGLE_UNIT()
SI_UNIT($,.RADIAN.)
);
#1894=(
NAMED_UNIT(*)
PLANE_ANGLE_UNIT()
SI_UNIT($,.RADIAN.)
);
#1895=(
NAMED_UNIT(*)
PLANE_ANGLE_UNIT()
SI_UNIT($,.RADIAN.)
);
#1896=(
NAMED_UNIT(*)
PLANE_ANGLE_UNIT()
SI_UNIT($,.RADIAN.)
);
#1897=(
NAMED_UNIT(*)
PLANE_ANGLE_UNIT()
SI_UNIT($,.RADIAN.)
);
#1898=(
NAMED_UNIT(*)
PLANE_ANGLE_UNIT()
SI_UNIT($,.RADIAN.)
);
#1899=(
NAMED_UNIT(*)
PLANE_ANGLE_UNIT()
SI_UNIT($,.RADIAN.)
);
#1900=(
NAMED_UNIT(*)
PLANE_ANGLE_UNIT()
SI_UNIT($,.RADIAN.)
);
#1901=(
NAMED_UNIT(*)
PLANE_ANGLE_UNIT()
SI_UNIT($,.RADIAN.)
);
#1902=(
NAMED_UNIT(*)
PLANE_ANGLE_UNIT()
SI_UNIT($,.RADIAN.)
);
#1903=(
NAMED_UNIT(*)
PLANE_ANGLE_UNIT()
SI_UNIT($,.RADIAN.)
);
#1904=(
NAMED_UNIT(*)
PLANE_ANGLE_UNIT()
SI_UNIT($,.RADIAN.)
);
#1905=(
NAMED_UNIT(*)
PLANE_ANGLE_UNIT()
SI_UNIT($,.RADIAN.)
);
#1906=(
NAMED_UNIT(*)
PLANE_ANGLE_UNIT()
SI_UNIT($,.RADIAN.)
);
#1907=(
NAMED_UNIT(*)
PLANE_ANGLE_UNIT()
SI_UNIT($,.RADIAN.)
);
#1908=(
NAMED_UNIT(*)
PLANE_ANGLE_UNIT()
SI_UNIT($,.RADIAN.)
);
#1909=(
NAMED_UNIT(*)
PLANE_ANGLE_UNIT()
SI_UNIT($,.RADIAN.)
);
#1910=(
NAMED_UNIT(*)
PLANE_ANGLE_UNIT()
SI_UNIT($,.RADIAN.)
);
#1911=(
NAMED_UNIT(*)
PLANE_ANGLE_UNIT()
SI_UNIT($,.RADIAN.)
);
#1912=(
NAMED_UNIT(*)
PLANE_ANGLE_UNIT()
SI_UNIT($,.RADIAN.)
);
#1913=(
NAMED_UNIT(*)
PLANE_ANGLE_UNIT()
SI_UNIT($,.RADIAN.)
);
#1914=(
NAMED_UNIT(*)
PLANE_ANGLE_UNIT()
SI_UNIT($,.RADIAN.)
);
#1915=(
NAMED_UNIT(*)
PLANE_ANGLE_UNIT()
SI_UNIT($,.RADIAN.)
);
#1916=(
NAMED_UNIT(*)
PLANE_ANGLE_UNIT()
SI_UNIT($,.RADIAN.)
);
#1917=(
NAMED_UNIT(*)
PLANE_ANGLE_UNIT()
SI_UNIT($,.RADIAN.)
);
#1918=(
NAMED_UNIT(*)
PLANE_ANGLE_UNIT()
SI_UNIT($,.RADIAN.)
);
#1919=(
NAMED_UNIT(*)
PLANE_ANGLE_UNIT()
SI_UNIT($,.RADIAN.)
);
#1920=(
NAMED_UNIT(*)
PLANE_ANGLE_UNIT()
SI_UNIT($,.RADIAN.)
);
#1921=(
NAMED_UNIT(*)
PLANE_ANGLE_UNIT()
SI_UNIT($,.RADIAN.)
);
#1922=(
NAMED_UNIT(*)
PLANE_ANGLE_UNIT()
SI_UNIT($,.RADIAN.)
);
#1923=(
LENGTH_UNIT()
NAMED_UNIT(*)
SI_UNIT(.CENTI.,.METRE.)
);
#1924=(
LENGTH_UNIT()
NAMED_UNIT(*)
SI_UNIT(.CENTI.,.METRE.)
);
#1925=(
LENGTH_UNIT()
NAMED_UNIT(*)
SI_UNIT(.CENTI.,.METRE.)
);
#1926=(
LENGTH_UNIT()
NAMED_UNIT(*)
SI_UNIT(.CENTI.,.METRE.)
);
#1927=(
LENGTH_UNIT()
NAMED_UNIT(*)
SI_UNIT(.CENTI.,.METRE.)
);
#1928=(
LENGTH_UNIT()
NAMED_UNIT(*)
SI_UNIT(.CENTI.,.METRE.)
);
#1929=(
LENGTH_UNIT()
NAMED_UNIT(*)
SI_UNIT(.CENTI.,.METRE.)
);
#1930=(
LENGTH_UNIT()
NAMED_UNIT(*)
SI_UNIT(.CENTI.,.METRE.)
);
#1931=(
LENGTH_UNIT()
NAMED_UNIT(*)
SI_UNIT(.CENTI.,.METRE.)
);
#1932=(
LENGTH_UNIT()
NAMED_UNIT(*)
SI_UNIT(.CENTI.,.METRE.)
);
#1933=(
LENGTH_UNIT()
NAMED_UNIT(*)
SI_UNIT(.CENTI.,.METRE.)
);
#1934=(
LENGTH_UNIT()
NAMED_UNIT(*)
SI_UNIT(.CENTI.,.METRE.)
);
#1935=(
LENGTH_UNIT()
NAMED_UNIT(*)
SI_UNIT(.CENTI.,.METRE.)
);
#1936=(
LENGTH_UNIT()
NAMED_UNIT(*)
SI_UNIT(.CENTI.,.METRE.)
);
#1937=(
LENGTH_UNIT()
NAMED_UNIT(*)
SI_UNIT(.CENTI.,.METRE.)
);
#1938=(
LENGTH_UNIT()
NAMED_UNIT(*)
SI_UNIT(.CENTI.,.METRE.)
);
#1939=(
LENGTH_UNIT()
NAMED_UNIT(*)
SI_UNIT(.CENTI.,.METRE.)
);
#1940=(
LENGTH_UNIT()
NAMED_UNIT(*)
SI_UNIT(.CENTI.,.METRE.)
);
#1941=(
LENGTH_UNIT()
NAMED_UNIT(*)
SI_UNIT(.CENTI.,.METRE.)
);
#1942=(
LENGTH_UNIT()
NAMED_UNIT(*)
SI_UNIT(.CENTI.,.METRE.)
);
#1943=(
LENGTH_UNIT()
NAMED_UNIT(*)
SI_UNIT(.CENTI.,.METRE.)
);
#1944=(
LENGTH_UNIT()
NAMED_UNIT(*)
SI_UNIT(.CENTI.,.METRE.)
);
#1945=(
LENGTH_UNIT()
NAMED_UNIT(*)
SI_UNIT(.CENTI.,.METRE.)
);
#1946=(
LENGTH_UNIT()
NAMED_UNIT(*)
SI_UNIT(.CENTI.,.METRE.)
);
#1947=(
LENGTH_UNIT()
NAMED_UNIT(*)
SI_UNIT(.CENTI.,.METRE.)
);
#1948=(
LENGTH_UNIT()
NAMED_UNIT(*)
SI_UNIT(.CENTI.,.METRE.)
);
#1949=(
LENGTH_UNIT()
NAMED_UNIT(*)
SI_UNIT(.CENTI.,.METRE.)
);
#1950=(
LENGTH_UNIT()
NAMED_UNIT(*)
SI_UNIT(.CENTI.,.METRE.)
);
#1951=(
LENGTH_UNIT()
NAMED_UNIT(*)
SI_UNIT(.CENTI.,.METRE.)
);
#1952=(
LENGTH_UNIT()
NAMED_UNIT(*)
SI_UNIT(.CENTI.,.METRE.)
);
#1953=(
LENGTH_UNIT()
NAMED_UNIT(*)
SI_UNIT(.CENTI.,.METRE.)
);
#1954=(
LENGTH_UNIT()
NAMED_UNIT(*)
SI_UNIT(.CENTI.,.METRE.)
);
#1955=(
LENGTH_UNIT()
NAMED_UNIT(*)
SI_UNIT(.CENTI.,.METRE.)
);
#1956=(
LENGTH_UNIT()
NAMED_UNIT(*)
SI_UNIT(.CENTI.,.METRE.)
);
#1957=(
LENGTH_UNIT()
NAMED_UNIT(*)
SI_UNIT(.CENTI.,.METRE.)
);
#1958=(
LENGTH_UNIT()
NAMED_UNIT(*)
SI_UNIT(.CENTI.,.METRE.)
);
#1959=(
LENGTH_UNIT()
NAMED_UNIT(*)
SI_UNIT(.CENTI.,.METRE.)
);
#1960=(
LENGTH_UNIT()
NAMED_UNIT(*)
SI_UNIT(.CENTI.,.METRE.)
);
#1961=(
LENGTH_UNIT()
NAMED_UNIT(*)
SI_UNIT(.CENTI.,.METRE.)
);
#1962=(
LENGTH_UNIT()
NAMED_UNIT(*)
SI_UNIT(.CENTI.,.METRE.)
);
#1963=(
LENGTH_UNIT()
NAMED_UNIT(*)
SI_UNIT(.CENTI.,.METRE.)
);
#1964=(
LENGTH_UNIT()
NAMED_UNIT(*)
SI_UNIT(.CENTI.,.METRE.)
);
#1965=(
LENGTH_UNIT()
NAMED_UNIT(*)
SI_UNIT(.CENTI.,.METRE.)
);
#1966=(
LENGTH_UNIT()
NAMED_UNIT(*)
SI_UNIT(.CENTI.,.METRE.)
);
#1967=(
LENGTH_UNIT()
NAMED_UNIT(*)
SI_UNIT(.CENTI.,.METRE.)
);
#1968=(
LENGTH_UNIT()
NAMED_UNIT(*)
SI_UNIT(.CENTI.,.METRE.)
);
#1969=(
LENGTH_UNIT()
NAMED_UNIT(*)
SI_UNIT(.CENTI.,.METRE.)
);
#1970=(
LENGTH_UNIT()
NAMED_UNIT(*)
SI_UNIT(.CENTI.,.METRE.)
);
#1971=(
LENGTH_UNIT()
NAMED_UNIT(*)
SI_UNIT(.CENTI.,.METRE.)
);
#1972=PRODUCT_DEFINITION_SHAPE('','',#2021);
#1973=PRODUCT_DEFINITION_SHAPE('','',#2022);
#1974=PRODUCT_DEFINITION_SHAPE('','',#2023);
#1975=PRODUCT_DEFINITION_SHAPE('','',#2024);
#1976=PRODUCT_DEFINITION_SHAPE('','',#2025);
#1977=PRODUCT_DEFINITION_SHAPE('','',#2026);
#1978=PRODUCT_DEFINITION_SHAPE('','',#2027);
#1979=PRODUCT_DEFINITION_SHAPE('','',#2028);
#1980=PRODUCT_DEFINITION_SHAPE('','',#2029);
#1981=PRODUCT_DEFINITION_SHAPE('','',#2030);
#1982=PRODUCT_DEFINITION_SHAPE('','',#2031);
#1983=PRODUCT_DEFINITION_SHAPE('','',#2032);
#1984=PRODUCT_DEFINITION_SHAPE('','',#2033);
#1985=PRODUCT_DEFINITION_SHAPE('','',#2034);
#1986=PRODUCT_DEFINITION_SHAPE('','',#2035);
#1987=PRODUCT_DEFINITION_SHAPE('','',#2036);
#1988=PRODUCT_DEFINITION_SHAPE('','',#2037);
#1989=PRODUCT_DEFINITION_SHAPE('','',#2038);
#1990=PRODUCT_DEFINITION_SHAPE('','',#2039);
#1991=PRODUCT_DEFINITION_SHAPE('','',#2040);
#1992=PRODUCT_DEFINITION_SHAPE('','',#2041);
#1993=PRODUCT_DEFINITION_SHAPE('','',#2042);
#1994=PRODUCT_DEFINITION_SHAPE('','',#2043);
#1995=PRODUCT_DEFINITION_SHAPE('','',#2044);
#1996=PRODUCT_DEFINITION_SHAPE('','',#2045);
#1997=PRODUCT_DEFINITION_SHAPE('','',#2046);
#1998=PRODUCT_DEFINITION_SHAPE('','',#2047);
#1999=PRODUCT_DEFINITION_SHAPE('','',#2048);
#2000=PRODUCT_DEFINITION_SHAPE('','',#2049);
#2001=PRODUCT_DEFINITION_SHAPE('','',#2050);
#2002=PRODUCT_DEFINITION_SHAPE('','',#2051);
#2003=PRODUCT_DEFINITION_SHAPE('','',#2052);
#2004=PRODUCT_DEFINITION_SHAPE('','',#2053);
#2005=PRODUCT_DEFINITION_SHAPE('','',#2054);
#2006=PRODUCT_DEFINITION_SHAPE('','',#2055);
#2007=PRODUCT_DEFINITION_SHAPE('','',#2056);
#2008=PRODUCT_DEFINITION_SHAPE('','',#2057);
#2009=PRODUCT_DEFINITION_SHAPE('','',#2058);
#2010=PRODUCT_DEFINITION_SHAPE('','',#2059);
#2011=PRODUCT_DEFINITION_SHAPE('','',#2060);
#2012=PRODUCT_DEFINITION_SHAPE('','',#2061);
#2013=PRODUCT_DEFINITION_SHAPE('','',#2062);
#2014=PRODUCT_DEFINITION_SHAPE('','',#2063);
#2015=PRODUCT_DEFINITION_SHAPE('','',#2064);
#2016=PRODUCT_DEFINITION_SHAPE('','',#2065);
#2017=PRODUCT_DEFINITION_SHAPE('','',#2066);
#2018=PRODUCT_DEFINITION_SHAPE('','',#2067);
#2019=PRODUCT_DEFINITION_SHAPE('','',#2068);
#2020=PRODUCT_DEFINITION_SHAPE('','',#2069);
#2021=PRODUCT_DEFINITION('','',#2119,#2070);
#2022=PRODUCT_DEFINITION('','',#2120,#2071);
#2023=PRODUCT_DEFINITION('','',#2121,#2072);
#2024=PRODUCT_DEFINITION('','',#2122,#2073);
#2025=PRODUCT_DEFINITION('','',#2123,#2074);
#2026=PRODUCT_DEFINITION('','',#2124,#2075);
#2027=PRODUCT_DEFINITION('','',#2125,#2076);
#2028=PRODUCT_DEFINITION('','',#2126,#2077);
#2029=PRODUCT_DEFINITION('','',#2127,#2078);
#2030=PRODUCT_DEFINITION('','',#2128,#2079);
#2031=PRODUCT_DEFINITION('','',#2129,#2080);
#2032=PRODUCT_DEFINITION('','',#2130,#2081);
#2033=PRODUCT_DEFINITION('','',#2131,#2082);
#2034=PRODUCT_DEFINITION('','',#2132,#2083);
#2035=PRODUCT_DEFINITION('','',#2133,#2084);
#2036=PRODUCT_DEFINITION('','',#2134,#2085);
#2037=PRODUCT_DEFINITION('','',#2135,#2086);
#2038=PRODUCT_DEFINITION('','',#2136,#2087);
#2039=PRODUCT_DEFINITION('','',#2137,#2088);
#2040=PRODUCT_DEFINITION('','',#2138,#2089);
#2041=PRODUCT_DEFINITION('','',#2139,#2090);
#2042=PRODUCT_DEFINITION('','',#2140,#2091);
#2043=PRODUCT_DEFINITION('','',#2141,#2092);
#2044=PRODUCT_DEFINITION('','',#2142,#2093);
#2045=PRODUCT_DEFINITION('','',#2143,#2094);
#2046=PRODUCT_DEFINITION('','',#2144,#2095);
#2047=PRODUCT_DEFINITION('','',#2145,#2096);
#2048=PRODUCT_DEFINITION('','',#2146,#2097);
#2049=PRODUCT_DEFINITION('','',#2147,#2098);
#2050=PRODUCT_DEFINITION('','',#2148,#2099);
#2051=PRODUCT_DEFINITION('','',#2149,#2100);
#2052=PRODUCT_DEFINITION('','',#2150,#2101);
#2053=PRODUCT_DEFINITION('','',#2151,#2102);
#2054=PRODUCT_DEFINITION('','',#2152,#2103);
#2055=PRODUCT_DEFINITION('','',#2153,#2104);
#2056=PRODUCT_DEFINITION('','',#2154,#2105);
#2057=PRODUCT_DEFINITION('','',#2155,#2106);
#2058=PRODUCT_DEFINITION('','',#2156,#2107);
#2059=PRODUCT_DEFINITION('','',#2157,#2108);
#2060=PRODUCT_DEFINITION('','',#2158,#2109);
#2061=PRODUCT_DEFINITION('','',#2159,#2110);
#2062=PRODUCT_DEFINITION('','',#2160,#2111);
#2063=PRODUCT_DEFINITION('','',#2161,#2112);
#2064=PRODUCT_DEFINITION('','',#2162,#2113);
#2065=PRODUCT_DEFINITION('','',#2163,#2114);
#2066=PRODUCT_DEFINITION('','',#2164,#2115);
#2067=PRODUCT_DEFINITION('','',#2165,#2116);
#2068=PRODUCT_DEFINITION('','',#2166,#2117);
#2069=PRODUCT_DEFINITION('','',#2167,#2118);
#2070=PRODUCT_DEFINITION_CONTEXT('',#2413,'design');
#2071=PRODUCT_DEFINITION_CONTEXT('',#2414,'design');
#2072=PRODUCT_DEFINITION_CONTEXT('',#2415,'design');
#2073=PRODUCT_DEFINITION_CONTEXT('',#2416,'design');
#2074=PRODUCT_DEFINITION_CONTEXT('',#2417,'design');
#2075=PRODUCT_DEFINITION_CONTEXT('',#2418,'design');
#2076=PRODUCT_DEFINITION_CONTEXT('',#2419,'design');
#2077=PRODUCT_DEFINITION_CONTEXT('',#2420,'design');
#2078=PRODUCT_DEFINITION_CONTEXT('',#2421,'design');
#2079=PRODUCT_DEFINITION_CONTEXT('',#2422,'design');
#2080=PRODUCT_DEFINITION_CONTEXT('',#2423,'design');
#2081=PRODUCT_DEFINITION_CONTEXT('',#2424,'design');
#2082=PRODUCT_DEFINITION_CONTEXT('',#2425,'design');
#2083=PRODUCT_DEFINITION_CONTEXT('',#2426,'design');
#2084=PRODUCT_DEFINITION_CONTEXT('',#2427,'design');
#2085=PRODUCT_DEFINITION_CONTEXT('',#2428,'design');
#2086=PRODUCT_DEFINITION_CONTEXT('',#2429,'design');
#2087=PRODUCT_DEFINITION_CONTEXT('',#2430,'design');
#2088=PRODUCT_DEFINITION_CONTEXT('',#2431,'design');
#2089=PRODUCT_DEFINITION_CONTEXT('',#2432,'design');
#2090=PRODUCT_DEFINITION_CONTEXT('',#2433,'design');
#2091=PRODUCT_DEFINITION_CONTEXT('',#2434,'design');
#2092=PRODUCT_DEFINITION_CONTEXT('',#2435,'design');
#2093=PRODUCT_DEFINITION_CONTEXT('',#2436,'design');
#2094=PRODUCT_DEFINITION_CONTEXT('',#2437,'design');
#2095=PRODUCT_DEFINITION_CONTEXT('',#2438,'design');
#2096=PRODUCT_DEFINITION_CONTEXT('',#2439,'design');
#2097=PRODUCT_DEFINITION_CONTEXT('',#2440,'design');
#2098=PRODUCT_DEFINITION_CONTEXT('',#2441,'design');
#2099=PRODUCT_DEFINITION_CONTEXT('',#2442,'design');
#2100=PRODUCT_DEFINITION_CONTEXT('',#2443,'design');
#2101=PRODUCT_DEFINITION_CONTEXT('',#2444,'design');
#2102=PRODUCT_DEFINITION_CONTEXT('',#2445,'design');
#2103=PRODUCT_DEFINITION_CONTEXT('',#2446,'design');
#2104=PRODUCT_DEFINITION_CONTEXT('',#2447,'design');
#2105=PRODUCT_DEFINITION_CONTEXT('',#2448,'design');
#2106=PRODUCT_DEFINITION_CONTEXT('',#2449,'design');
#2107=PRODUCT_DEFINITION_CONTEXT('',#2450,'design');
#2108=PRODUCT_DEFINITION_CONTEXT('',#2451,'design');
#2109=PRODUCT_DEFINITION_CONTEXT('',#2452,'design');
#2110=PRODUCT_DEFINITION_CONTEXT('',#2453,'design');
#2111=PRODUCT_DEFINITION_CONTEXT('',#2454,'design');
#2112=PRODUCT_DEFINITION_CONTEXT('',#2455,'design');
#2113=PRODUCT_DEFINITION_CONTEXT('',#2456,'design');
#2114=PRODUCT_DEFINITION_CONTEXT('',#2457,'design');
#2115=PRODUCT_DEFINITION_CONTEXT('',#2458,'design');
#2116=PRODUCT_DEFINITION_CONTEXT('',#2459,'design');
#2117=PRODUCT_DEFINITION_CONTEXT('',#2460,'design');
#2118=PRODUCT_DEFINITION_CONTEXT('',#2461,'design');
#2119=PRODUCT_DEFINITION_FORMATION_WITH_SPECIFIED_SOURCE('','',#2217,
 .NOT_KNOWN.);
#2120=PRODUCT_DEFINITION_FORMATION_WITH_SPECIFIED_SOURCE('','',#2218,
 .NOT_KNOWN.);
#2121=PRODUCT_DEFINITION_FORMATION_WITH_SPECIFIED_SOURCE('','',#2219,
 .NOT_KNOWN.);
#2122=PRODUCT_DEFINITION_FORMATION_WITH_SPECIFIED_SOURCE('','',#2220,
 .NOT_KNOWN.);
#2123=PRODUCT_DEFINITION_FORMATION_WITH_SPECIFIED_SOURCE('','',#2221,
 .NOT_KNOWN.);
#2124=PRODUCT_DEFINITION_FORMATION_WITH_SPECIFIED_SOURCE('','',#2222,
 .NOT_KNOWN.);
#2125=PRODUCT_DEFINITION_FORMATION_WITH_SPECIFIED_SOURCE('','',#2223,
 .NOT_KNOWN.);
#2126=PRODUCT_DEFINITION_FORMATION_WITH_SPECIFIED_SOURCE('','',#2224,
 .NOT_KNOWN.);
#2127=PRODUCT_DEFINITION_FORMATION_WITH_SPECIFIED_SOURCE('','',#2225,
 .NOT_KNOWN.);
#2128=PRODUCT_DEFINITION_FORMATION_WITH_SPECIFIED_SOURCE('','',#2226,
 .NOT_KNOWN.);
#2129=PRODUCT_DEFINITION_FORMATION_WITH_SPECIFIED_SOURCE('','',#2227,
 .NOT_KNOWN.);
#2130=PRODUCT_DEFINITION_FORMATION_WITH_SPECIFIED_SOURCE('','',#2228,
 .NOT_KNOWN.);
#2131=PRODUCT_DEFINITION_FORMATION_WITH_SPECIFIED_SOURCE('','',#2229,
 .NOT_KNOWN.);
#2132=PRODUCT_DEFINITION_FORMATION_WITH_SPECIFIED_SOURCE('','',#2230,
 .NOT_KNOWN.);
#2133=PRODUCT_DEFINITION_FORMATION_WITH_SPECIFIED_SOURCE('','',#2231,
 .NOT_KNOWN.);
#2134=PRODUCT_DEFINITION_FORMATION_WITH_SPECIFIED_SOURCE('','',#2232,
 .NOT_KNOWN.);
#2135=PRODUCT_DEFINITION_FORMATION_WITH_SPECIFIED_SOURCE('','',#2233,
 .NOT_KNOWN.);
#2136=PRODUCT_DEFINITION_FORMATION_WITH_SPECIFIED_SOURCE('','',#2234,
 .NOT_KNOWN.);
#2137=PRODUCT_DEFINITION_FORMATION_WITH_SPECIFIED_SOURCE('','',#2235,
 .NOT_KNOWN.);
#2138=PRODUCT_DEFINITION_FORMATION_WITH_SPECIFIED_SOURCE('','',#2236,
 .NOT_KNOWN.);
#2139=PRODUCT_DEFINITION_FORMATION_WITH_SPECIFIED_SOURCE('','',#2237,
 .NOT_KNOWN.);
#2140=PRODUCT_DEFINITION_FORMATION_WITH_SPECIFIED_SOURCE('','',#2238,
 .NOT_KNOWN.);
#2141=PRODUCT_DEFINITION_FORMATION_WITH_SPECIFIED_SOURCE('','',#2239,
 .NOT_KNOWN.);
#2142=PRODUCT_DEFINITION_FORMATION_WITH_SPECIFIED_SOURCE('','',#2240,
 .NOT_KNOWN.);
#2143=PRODUCT_DEFINITION_FORMATION_WITH_SPECIFIED_SOURCE('','',#2241,
 .NOT_KNOWN.);
#2144=PRODUCT_DEFINITION_FORMATION_WITH_SPECIFIED_SOURCE('','',#2242,
 .NOT_KNOWN.);
#2145=PRODUCT_DEFINITION_FORMATION_WITH_SPECIFIED_SOURCE('','',#2243,
 .NOT_KNOWN.);
#2146=PRODUCT_DEFINITION_FORMATION_WITH_SPECIFIED_SOURCE('','',#2244,
 .NOT_KNOWN.);
#2147=PRODUCT_DEFINITION_FORMATION_WITH_SPECIFIED_SOURCE('','',#2245,
 .NOT_KNOWN.);
#2148=PRODUCT_DEFINITION_FORMATION_WITH_SPECIFIED_SOURCE('','',#2246,
 .NOT_KNOWN.);
#2149=PRODUCT_DEFINITION_FORMATION_WITH_SPECIFIED_SOURCE('','',#2247,
 .NOT_KNOWN.);
#2150=PRODUCT_DEFINITION_FORMATION_WITH_SPECIFIED_SOURCE('','',#2248,
 .NOT_KNOWN.);
#2151=PRODUCT_DEFINITION_FORMATION_WITH_SPECIFIED_SOURCE('','',#2249,
 .NOT_KNOWN.);
#2152=PRODUCT_DEFINITION_FORMATION_WITH_SPECIFIED_SOURCE('','',#2250,
 .NOT_KNOWN.);
#2153=PRODUCT_DEFINITION_FORMATION_WITH_SPECIFIED_SOURCE('','',#2251,
 .NOT_KNOWN.);
#2154=PRODUCT_DEFINITION_FORMATION_WITH_SPECIFIED_SOURCE('','',#2252,
 .NOT_KNOWN.);
#2155=PRODUCT_DEFINITION_FORMATION_WITH_SPECIFIED_SOURCE('','',#2253,
 .NOT_KNOWN.);
#2156=PRODUCT_DEFINITION_FORMATION_WITH_SPECIFIED_SOURCE('','',#2254,
 .NOT_KNOWN.);
#2157=PRODUCT_DEFINITION_FORMATION_WITH_SPECIFIED_SOURCE('','',#2255,
 .NOT_KNOWN.);
#2158=PRODUCT_DEFINITION_FORMATION_WITH_SPECIFIED_SOURCE('','',#2256,
 .NOT_KNOWN.);
#2159=PRODUCT_DEFINITION_FORMATION_WITH_SPECIFIED_SOURCE('','',#2257,
 .NOT_KNOWN.);
#2160=PRODUCT_DEFINITION_FORMATION_WITH_SPECIFIED_SOURCE('','',#2258,
 .NOT_KNOWN.);
#2161=PRODUCT_DEFINITION_FORMATION_WITH_SPECIFIED_SOURCE('','',#2259,
 .NOT_KNOWN.);
#2162=PRODUCT_DEFINITION_FORMATION_WITH_SPECIFIED_SOURCE('','',#2260,
 .NOT_KNOWN.);
#2163=PRODUCT_DEFINITION_FORMATION_WITH_SPECIFIED_SOURCE('','',#2261,
 .NOT_KNOWN.);
#2164=PRODUCT_DEFINITION_FORMATION_WITH_SPECIFIED_SOURCE('','',#2262,
 .NOT_KNOWN.);
#2165=PRODUCT_DEFINITION_FORMATION_WITH_SPECIFIED_SOURCE('','',#2263,
 .NOT_KNOWN.);
#2166=PRODUCT_DEFINITION_FORMATION_WITH_SPECIFIED_SOURCE('','',#2264,
 .NOT_KNOWN.);
#2167=PRODUCT_DEFINITION_FORMATION_WITH_SPECIFIED_SOURCE('','',#2265,
 .NOT_KNOWN.);
#2168=PRODUCT_RELATED_PRODUCT_CATEGORY('','',(#2217));
#2169=PRODUCT_RELATED_PRODUCT_CATEGORY('','',(#2218));
#2170=PRODUCT_RELATED_PRODUCT_CATEGORY('','',(#2219));
#2171=PRODUCT_RELATED_PRODUCT_CATEGORY('','',(#2220));
#2172=PRODUCT_RELATED_PRODUCT_CATEGORY('','',(#2221));
#2173=PRODUCT_RELATED_PRODUCT_CATEGORY('','',(#2222));
#2174=PRODUCT_RELATED_PRODUCT_CATEGORY('','',(#2223));
#2175=PRODUCT_RELATED_PRODUCT_CATEGORY('','',(#2224));
#2176=PRODUCT_RELATED_PRODUCT_CATEGORY('','',(#2225));
#2177=PRODUCT_RELATED_PRODUCT_CATEGORY('','',(#2226));
#2178=PRODUCT_RELATED_PRODUCT_CATEGORY('','',(#2227));
#2179=PRODUCT_RELATED_PRODUCT_CATEGORY('','',(#2228));
#2180=PRODUCT_RELATED_PRODUCT_CATEGORY('','',(#2229));
#2181=PRODUCT_RELATED_PRODUCT_CATEGORY('','',(#2230));
#2182=PRODUCT_RELATED_PRODUCT_CATEGORY('','',(#2231));
#2183=PRODUCT_RELATED_PRODUCT_CATEGORY('','',(#2232));
#2184=PRODUCT_RELATED_PRODUCT_CATEGORY('','',(#2233));
#2185=PRODUCT_RELATED_PRODUCT_CATEGORY('','',(#2234));
#2186=PRODUCT_RELATED_PRODUCT_CATEGORY('','',(#2235));
#2187=PRODUCT_RELATED_PRODUCT_CATEGORY('','',(#2236));
#2188=PRODUCT_RELATED_PRODUCT_CATEGORY('','',(#2237));
#2189=PRODUCT_RELATED_PRODUCT_CATEGORY('','',(#2238));
#2190=PRODUCT_RELATED_PRODUCT_CATEGORY('','',(#2239));
#2191=PRODUCT_RELATED_PRODUCT_CATEGORY('','',(#2240));
#2192=PRODUCT_RELATED_PRODUCT_CATEGORY('','',(#2241));
#2193=PRODUCT_RELATED_PRODUCT_CATEGORY('','',(#2242));
#2194=PRODUCT_RELATED_PRODUCT_CATEGORY('','',(#2243));
#2195=PRODUCT_RELATED_PRODUCT_CATEGORY('','',(#2244));
#2196=PRODUCT_RELATED_PRODUCT_CATEGORY('','',(#2245));
#2197=PRODUCT_RELATED_PRODUCT_CATEGORY('','',(#2246));
#2198=PRODUCT_RELATED_PRODUCT_CATEGORY('','',(#2247));
#2199=PRODUCT_RELATED_PRODUCT_CATEGORY('','',(#2248));
#2200=PRODUCT_RELATED_PRODUCT_CATEGORY('','',(#2249));
#2201=PRODUCT_RELATED_PRODUCT_CATEGORY('','',(#2250));
#2202=PRODUCT_RELATED_PRODUCT_CATEGORY('','',(#2251));
#2203=PRODUCT_RELATED_PRODUCT_CATEGORY('','',(#2252));
#2204=PRODUCT_RELATED_PRODUCT_CATEGORY('','',(#2253));
#2205=PRODUCT_RELATED_PRODUCT_CATEGORY('','',(#2254));
#2206=PRODUCT_RELATED_PRODUCT_CATEGORY('','',(#2255));
#2207=PRODUCT_RELATED_PRODUCT_CATEGORY('','',(#2256));
#2208=PRODUCT_RELATED_PRODUCT_CATEGORY('','',(#2257));
#2209=PRODUCT_RELATED_PRODUCT_CATEGORY('','',(#2258));
#2210=PRODUCT_RELATED_PRODUCT_CATEGORY('','',(#2259));
#2211=PRODUCT_RELATED_PRODUCT_CATEGORY('','',(#2260));
#2212=PRODUCT_RELATED_PRODUCT_CATEGORY('','',(#2261));
#2213=PRODUCT_RELATED_PRODUCT_CATEGORY('','',(#2262));
#2214=PRODUCT_RELATED_PRODUCT_CATEGORY('','',(#2263));
#2215=PRODUCT_RELATED_PRODUCT_CATEGORY('','',(#2264));
#2216=PRODUCT_RELATED_PRODUCT_CATEGORY('','',(#2265));
#2217=PRODUCT('id2','id2','id2',(#2315));
#2218=PRODUCT('id5','id5','id5',(#2316));
#2219=PRODUCT('id8','id8','id8',(#2317));
#2220=PRODUCT('id11','id11','id11',(#2318));
#2221=PRODUCT('id14','id14','id14',(#2319));
#2222=PRODUCT('id17','id17','id17',(#2320));
#2223=PRODUCT('id20','id20','id20',(#2321));
#2224=PRODUCT('id23','id23','id23',(#2322));
#2225=PRODUCT('id26','id26','id26',(#2323));
#2226=PRODUCT('id29','id29','id29',(#2324));
#2227=PRODUCT('id32','id32','id32',(#2325));
#2228=PRODUCT('id35','id35','id35',(#2326));
#2229=PRODUCT('id38','id38','id38',(#2327));
#2230=PRODUCT('id41','id41','id41',(#2328));
#2231=PRODUCT('id44','id44','id44',(#2329));
#2232=PRODUCT('id47','id47','id47',(#2330));
#2233=PRODUCT('id50','id50','id50',(#2331));
#2234=PRODUCT('id53','id53','id53',(#2332));
#2235=PRODUCT('id56','id56','id56',(#2333));
#2236=PRODUCT('id59','id59','id59',(#2334));
#2237=PRODUCT('id62','id62','id62',(#2335));
#2238=PRODUCT('id65','id65','id65',(#2336));
#2239=PRODUCT('id68','id68','id68',(#2337));
#2240=PRODUCT('id71','id71','id71',(#2338));
#2241=PRODUCT('id74','id74','id74',(#2339));
#2242=PRODUCT('id77','id77','id77',(#2340));
#2243=PRODUCT('id80','id80','id80',(#2341));
#2244=PRODUCT('id83','id83','id83',(#2342));
#2245=PRODUCT('id86','id86','id86',(#2343));
#2246=PRODUCT('id89','id89','id89',(#2344));
#2247=PRODUCT('id92','id92','id92',(#2345));
#2248=PRODUCT('id95','id95','id95',(#2346));
#2249=PRODUCT('id98','id98','id98',(#2347));
#2250=PRODUCT('id101','id101','id101',(#2348));
#2251=PRODUCT('id104','id104','id104',(#2349));
#2252=PRODUCT('id107','id107','id107',(#2350));
#2253=PRODUCT('id110','id110','id110',(#2351));
#2254=PRODUCT('id113','id113','id113',(#2352));
#2255=PRODUCT('id116','id116','id116',(#2353));
#2256=PRODUCT('id119','id119','id119',(#2354));
#2257=PRODUCT('id122','id122','id122',(#2355));
#2258=PRODUCT('id125','id125','id125',(#2356));
#2259=PRODUCT('id128','id128','id128',(#2357));
#2260=PRODUCT('id131','id131','id131',(#2358));
#2261=PRODUCT('id134','id134','id134',(#2359));
#2262=PRODUCT('id137','id137','id137',(#2360));
#2263=PRODUCT('id140','id140','id140',(#2361));
#2264=PRODUCT('Part 1','Part 1','Part 1',(#2362));
#2265=PRODUCT('Part 2','Part 2','Part 2',(#2363));
#2266=PRODUCT_CATEGORY('','');
#2267=PRODUCT_CATEGORY('','');
#2268=PRODUCT_CATEGORY('','');
#2269=PRODUCT_CATEGORY('','');
#2270=PRODUCT_CATEGORY('','');
#2271=PRODUCT_CATEGORY('','');
#2272=PRODUCT_CATEGORY('','');
#2273=PRODUCT_CATEGORY('','');
#2274=PRODUCT_CATEGORY('','');
#2275=PRODUCT_CATEGORY('','');
#2276=PRODUCT_CATEGORY('','');
#2277=PRODUCT_CATEGORY('','');
#2278=PRODUCT_CATEGORY('','');
#2279=PRODUCT_CATEGORY('','');
#2280=PRODUCT_CATEGORY('','');
#2281=PRODUCT_CATEGORY('','');
#2282=PRODUCT_CATEGORY('','');
#2283=PRODUCT_CATEGORY('','');
#2284=PRODUCT_CATEGORY('','');
#2285=PRODUCT_CATEGORY('','');
#2286=PRODUCT_CATEGORY('','');
#2287=PRODUCT_CATEGORY('','');
#2288=PRODUCT_CATEGORY('','');
#2289=PRODUCT_CATEGORY('','');
#2290=PRODUCT_CATEGORY('','');
#2291=PRODUCT_CATEGORY('','');
#2292=PRODUCT_CATEGORY('','');
#2293=PRODUCT_CATEGORY('','');
#2294=PRODUCT_CATEGORY('','');
#2295=PRODUCT_CATEGORY('','');
#2296=PRODUCT_CATEGORY('','');
#2297=PRODUCT_CATEGORY('','');
#2298=PRODUCT_CATEGORY('','');
#2299=PRODUCT_CATEGORY('','');
#2300=PRODUCT_CATEGORY('','');
#2301=PRODUCT_CATEGORY('','');
#2302=PRODUCT_CATEGORY('','');
#2303=PRODUCT_CATEGORY('','');
#2304=PRODUCT_CATEGORY('','');
#2305=PRODUCT_CATEGORY('','');
#2306=PRODUCT_CATEGORY('','');
#2307=PRODUCT_CATEGORY('','');
#2308=PRODUCT_CATEGORY('','');
#2309=PRODUCT_CATEGORY('','');
#2310=PRODUCT_CATEGORY('','');
#2311=PRODUCT_CATEGORY('','');
#2312=PRODUCT_CATEGORY('','');
#2313=PRODUCT_CATEGORY('','');
#2314=PRODUCT_CATEGORY('','');
#2315=PRODUCT_CONTEXT('',#2413,'mechanical');
#2316=PRODUCT_CONTEXT('',#2414,'mechanical');
#2317=PRODUCT_CONTEXT('',#2415,'mechanical');
#2318=PRODUCT_CONTEXT('',#2416,'mechanical');
#2319=PRODUCT_CONTEXT('',#2417,'mechanical');
#2320=PRODUCT_CONTEXT('',#2418,'mechanical');
#2321=PRODUCT_CONTEXT('',#2419,'mechanical');
#2322=PRODUCT_CONTEXT('',#2420,'mechanical');
#2323=PRODUCT_CONTEXT('',#2421,'mechanical');
#2324=PRODUCT_CONTEXT('',#2422,'mechanical');
#2325=PRODUCT_CONTEXT('',#2423,'mechanical');
#2326=PRODUCT_CONTEXT('',#2424,'mechanical');
#2327=PRODUCT_CONTEXT('',#2425,'mechanical');
#2328=PRODUCT_CONTEXT('',#2426,'mechanical');
#2329=PRODUCT_CONTEXT('',#2427,'mechanical');
#2330=PRODUCT_CONTEXT('',#2428,'mechanical');
#2331=PRODUCT_CONTEXT('',#2429,'mechanical');
#2332=PRODUCT_CONTEXT('',#2430,'mechanical');
#2333=PRODUCT_CONTEXT('',#2431,'mechanical');
#2334=PRODUCT_CONTEXT('',#2432,'mechanical');
#2335=PRODUCT_CONTEXT('',#2433,'mechanical');
#2336=PRODUCT_CONTEXT('',#2434,'mechanical');
#2337=PRODUCT_CONTEXT('',#2435,'mechanical');
#2338=PRODUCT_CONTEXT('',#2436,'mechanical');
#2339=PRODUCT_CONTEXT('',#2437,'mechanical');
#2340=PRODUCT_CONTEXT('',#2438,'mechanical');
#2341=PRODUCT_CONTEXT('',#2439,'mechanical');
#2342=PRODUCT_CONTEXT('',#2440,'mechanical');
#2343=PRODUCT_CONTEXT('',#2441,'mechanical');
#2344=PRODUCT_CONTEXT('',#2442,'mechanical');
#2345=PRODUCT_CONTEXT('',#2443,'mechanical');
#2346=PRODUCT_CONTEXT('',#2444,'mechanical');
#2347=PRODUCT_CONTEXT('',#2445,'mechanical');
#2348=PRODUCT_CONTEXT('',#2446,'mechanical');
#2349=PRODUCT_CONTEXT('',#2447,'mechanical');
#2350=PRODUCT_CONTEXT('',#2448,'mechanical');
#2351=PRODUCT_CONTEXT('',#2449,'mechanical');
#2352=PRODUCT_CONTEXT('',#2450,'mechanical');
#2353=PRODUCT_CONTEXT('',#2451,'mechanical');
#2354=PRODUCT_CONTEXT('',#2452,'mechanical');
#2355=PRODUCT_CONTEXT('',#2453,'mechanical');
#2356=PRODUCT_CONTEXT('',#2454,'mechanical');
#2357=PRODUCT_CONTEXT('',#2455,'mechanical');
#2358=PRODUCT_CONTEXT('',#2456,'mechanical');
#2359=PRODUCT_CONTEXT('',#2457,'mechanical');
#2360=PRODUCT_CONTEXT('',#2458,'mechanical');
#2361=PRODUCT_CONTEXT('',#2459,'mechanical');
#2362=PRODUCT_CONTEXT('',#2460,'mechanical');
#2363=PRODUCT_CONTEXT('',#2461,'mechanical');
#2364=APPLICATION_PROTOCOL_DEFINITION('international standard',
'ap242_managed_model_based_3d_engineering',2020,#2413);
#2365=APPLICATION_PROTOCOL_DEFINITION('international standard',
'ap242_managed_model_based_3d_engineering',2020,#2414);
#2366=APPLICATION_PROTOCOL_DEFINITION('international standard',
'ap242_managed_model_based_3d_engineering',2020,#2415);
#2367=APPLICATION_PROTOCOL_DEFINITION('international standard',
'ap242_managed_model_based_3d_engineering',2020,#2416);
#2368=APPLICATION_PROTOCOL_DEFINITION('international standard',
'ap242_managed_model_based_3d_engineering',2020,#2417);
#2369=APPLICATION_PROTOCOL_DEFINITION('international standard',
'ap242_managed_model_based_3d_engineering',2020,#2418);
#2370=APPLICATION_PROTOCOL_DEFINITION('international standard',
'ap242_managed_model_based_3d_engineering',2020,#2419);
#2371=APPLICATION_PROTOCOL_DEFINITION('international standard',
'ap242_managed_model_based_3d_engineering',2020,#2420);
#2372=APPLICATION_PROTOCOL_DEFINITION('international standard',
'ap242_managed_model_based_3d_engineering',2020,#2421);
#2373=APPLICATION_PROTOCOL_DEFINITION('international standard',
'ap242_managed_model_based_3d_engineering',2020,#2422);
#2374=APPLICATION_PROTOCOL_DEFINITION('international standard',
'ap242_managed_model_based_3d_engineering',2020,#2423);
#2375=APPLICATION_PROTOCOL_DEFINITION('international standard',
'ap242_managed_model_based_3d_engineering',2020,#2424);
#2376=APPLICATION_PROTOCOL_DEFINITION('international standard',
'ap242_managed_model_based_3d_engineering',2020,#2425);
#2377=APPLICATION_PROTOCOL_DEFINITION('international standard',
'ap242_managed_model_based_3d_engineering',2020,#2426);
#2378=APPLICATION_PROTOCOL_DEFINITION('international standard',
'ap242_managed_model_based_3d_engineering',2020,#2427);
#2379=APPLICATION_PROTOCOL_DEFINITION('international standard',
'ap242_managed_model_based_3d_engineering',2020,#2428);
#2380=APPLICATION_PROTOCOL_DEFINITION('international standard',
'ap242_managed_model_based_3d_engineering',2020,#2429);
#2381=APPLICATION_PROTOCOL_DEFINITION('international standard',
'ap242_managed_model_based_3d_engineering',2020,#2430);
#2382=APPLICATION_PROTOCOL_DEFINITION('international standard',
'ap242_managed_model_based_3d_engineering',2020,#2431);
#2383=APPLICATION_PROTOCOL_DEFINITION('international standard',
'ap242_managed_model_based_3d_engineering',2020,#2432);
#2384=APPLICATION_PROTOCOL_DEFINITION('international standard',
'ap242_managed_model_based_3d_engineering',2020,#2433);
#2385=APPLICATION_PROTOCOL_DEFINITION('international standard',
'ap242_managed_model_based_3d_engineering',2020,#2434);
#2386=APPLICATION_PROTOCOL_DEFINITION('international standard',
'ap242_managed_model_based_3d_engineering',2020,#2435);
#2387=APPLICATION_PROTOCOL_DEFINITION('international standard',
'ap242_managed_model_based_3d_engineering',2020,#2436);
#2388=APPLICATION_PROTOCOL_DEFINITION('international standard',
'ap242_managed_model_based_3d_engineering',2020,#2437);
#2389=APPLICATION_PROTOCOL_DEFINITION('international standard',
'ap242_managed_model_based_3d_engineering',2020,#2438);
#2390=APPLICATION_PROTOCOL_DEFINITION('international standard',
'ap242_managed_model_based_3d_engineering',2020,#2439);
#2391=APPLICATION_PROTOCOL_DEFINITION('international standard',
'ap242_managed_model_based_3d_engineering',2020,#2440);
#2392=APPLICATION_PROTOCOL_DEFINITION('international standard',
'ap242_managed_model_based_3d_engineering',2020,#2441);
#2393=APPLICATION_PROTOCOL_DEFINITION('international standard',
'ap242_managed_model_based_3d_engineering',2020,#2442);
#2394=APPLICATION_PROTOCOL_DEFINITION('international standard',
'ap242_managed_model_based_3d_engineering',2020,#2443);
#2395=APPLICATION_PROTOCOL_DEFINITION('international standard',
'ap242_managed_model_based_3d_engineering',2020,#2444);
#2396=APPLICATION_PROTOCOL_DEFINITION('international standard',
'ap242_managed_model_based_3d_engineering',2020,#2445);
#2397=APPLICATION_PROTOCOL_DEFINITION('international standard',
'ap242_managed_model_based_3d_engineering',2020,#2446);
#2398=APPLICATION_PROTOCOL_DEFINITION('international standard',
'ap242_managed_model_based_3d_engineering',2020,#2447);
#2399=APPLICATION_PROTOCOL_DEFINITION('international standard',
'ap242_managed_model_based_3d_engineering',2020,#2448);
#2400=APPLICATION_PROTOCOL_DEFINITION('international standard',
'ap242_managed_model_based_3d_engineering',2020,#2449);
#2401=APPLICATION_PROTOCOL_DEFINITION('international standard',
'ap242_managed_model_based_3d_engineering',2020,#2450);
#2402=APPLICATION_PROTOCOL_DEFINITION('international standard',
'ap242_managed_model_based_3d_engineering',2020,#2451);
#2403=APPLICATION_PROTOCOL_DEFINITION('international standard',
'ap242_managed_model_based_3d_engineering',2020,#2452);
#2404=APPLICATION_PROTOCOL_DEFINITION('international standard',
'ap242_managed_model_based_3d_engineering',2020,#2453);
#2405=APPLICATION_PROTOCOL_DEFINITION('international standard',
'ap242_managed_model_based_3d_engineering',2020,#2454);
#2406=APPLICATION_PROTOCOL_DEFINITION('international standard',
'ap242_managed_model_based_3d_engineering',2020,#2455);
#2407=APPLICATION_PROTOCOL_DEFINITION('international standard',
'ap242_managed_model_based_3d_engineering',2020,#2456);
#2408=APPLICATION_PROTOCOL_DEFINITION('international standard',
'ap242_managed_model_based_3d_engineering',2020,#2457);
#2409=APPLICATION_PROTOCOL_DEFINITION('international standard',
'ap242_managed_model_based_3d_engineering',2020,#2458);
#2410=APPLICATION_PROTOCOL_DEFINITION('international standard',
'ap242_managed_model_based_3d_engineering',2020,#2459);
#2411=APPLICATION_PROTOCOL_DEFINITION('international standard',
'ap242_managed_model_based_3d_engineering',2020,#2460);
#2412=APPLICATION_PROTOCOL_DEFINITION('international standard',
'ap242_managed_model_based_3d_engineering',2020,#2461);
#2413=APPLICATION_CONTEXT('managed model based 3d engineering');
#2414=APPLICATION_CONTEXT('managed model based 3d engineering');
#2415=APPLICATION_CONTEXT('managed model based 3d engineering');
#2416=APPLICATION_CONTEXT('managed model based 3d engineering');
#2417=APPLICATION_CONTEXT('managed model based 3d engineering');
#2418=APPLICATION_CONTEXT('managed model based 3d engineering');
#2419=APPLICATION_CONTEXT('managed model based 3d engineering');
#2420=APPLICATION_CONTEXT('managed model based 3d engineering');
#2421=APPLICATION_CONTEXT('managed model based 3d engineering');
#2422=APPLICATION_CONTEXT('managed model based 3d engineering');
#2423=APPLICATION_CONTEXT('managed model based 3d engineering');
#2424=APPLICATION_CONTEXT('managed model based 3d engineering');
#2425=APPLICATION_CONTEXT('managed model based 3d engineering');
#2426=APPLICATION_CONTEXT('managed model based 3d engineering');
#2427=APPLICATION_CONTEXT('managed model based 3d engineering');
#2428=APPLICATION_CONTEXT('managed model based 3d engineering');
#2429=APPLICATION_CONTEXT('managed model based 3d engineering');
#2430=APPLICATION_CONTEXT('managed model based 3d engineering');
#2431=APPLICATION_CONTEXT('managed model based 3d engineering');
#2432=APPLICATION_CONTEXT('managed model based 3d engineering');
#2433=APPLICATION_CONTEXT('managed model based 3d engineering');
#2434=APPLICATION_CONTEXT('managed model based 3d engineering');
#2435=APPLICATION_CONTEXT('managed model based 3d engineering');
#2436=APPLICATION_CONTEXT('managed model based 3d engineering');
#2437=APPLICATION_CONTEXT('managed model based 3d engineering');
#2438=APPLICATION_CONTEXT('managed model based 3d engineering');
#2439=APPLICATION_CONTEXT('managed model based 3d engineering');
#2440=APPLICATION_CONTEXT('managed model based 3d engineering');
#2441=APPLICATION_CONTEXT('managed model based 3d engineering');
#2442=APPLICATION_CONTEXT('managed model based 3d engineering');
#2443=APPLICATION_CONTEXT('managed model based 3d engineering');
#2444=APPLICATION_CONTEXT('managed model based 3d engineering');
#2445=APPLICATION_CONTEXT('managed model based 3d engineering');
#2446=APPLICATION_CONTEXT('managed model based 3d engineering');
#2447=APPLICATION_CONTEXT('managed model based 3d engineering');
#2448=APPLICATION_CONTEXT('managed model based 3d engineering');
#2449=APPLICATION_CONTEXT('managed model based 3d engineering');
#2450=APPLICATION_CONTEXT('managed model based 3d engineering');
#2451=APPLICATION_CONTEXT('managed model based 3d engineering');
#2452=APPLICATION_CONTEXT('managed model based 3d engineering');
#2453=APPLICATION_CONTEXT('managed model based 3d engineering');
#2454=APPLICATION_CONTEXT('managed model based 3d engineering');
#2455=APPLICATION_CONTEXT('managed model based 3d engineering');
#2456=APPLICATION_CONTEXT('managed model based 3d engineering');
#2457=APPLICATION_CONTEXT('managed model based 3d engineering');
#2458=APPLICATION_CONTEXT('managed model based 3d engineering');
#2459=APPLICATION_CONTEXT('managed model based 3d engineering');
#2460=APPLICATION_CONTEXT('managed model based 3d engineering');
#2461=APPLICATION_CONTEXT('managed model based 3d engineering');
ENDSEC;
END-ISO-10303-21;
