ISO-10303-21;
HEADER;
/* Generated by software containing ST-Developer
 * from STEP Tools, Inc. (www.steptools.com) 
 */
/* OPTION: using custom renumber hook */

FILE_DESCRIPTION(
/* description */ ('STEP AP242 Edition 2',
'CAx-IF Rec.Pracs.---Representation and Presentation of Product Manufa
cturing Information (PMI)---4.0---2014-10-13',
'CAx-IF Rec.Pracs.---3D Tessellated Geometry---0.4---2014-09-14','2;1',
'CAx-IF Rec.Pracs.---User Defined Attributes---1.5---2016-08-15'),
/* implementation_level */ '2;1');

FILE_NAME(
/* name */ 'MPU6050 + mount',
/* time_stamp */ '2026-02-01T16:55:54Z',
/* author */ (''),
/* organization */ (''),
/* preprocessor_version */ 'ST-DEVELOPER v20',
/* originating_system */ 'ONSHAPE BY PTC INC, 1.210',
/* authorisation */ '  ');

FILE_SCHEMA (('AP242_MANAGED_MODEL_BASED_3D_ENGINEERING_MIM_LF { 1 0 10303 442 3 1 4 }'));
ENDSEC;

DATA;
#10=ADVANCED_BREP_SHAPE_REPRESENTATION('',(#1126),#2510);
#11=ADVANCED_BREP_SHAPE_REPRESENTATION('',(#1127),#2511);
#12=ADVANCED_BREP_SHAPE_REPRESENTATION('',(#1128),#2564);
#13=CYLINDRICAL_SURFACE('',#1564,0.128591013463521);
#14=CYLINDRICAL_SURFACE('',#1568,0.129211187597188);
#15=CYLINDRICAL_SURFACE('',#1572,0.0554039407105356);
#16=CYLINDRICAL_SURFACE('',#1574,0.0558495716161178);
#17=CYLINDRICAL_SURFACE('',#1601,0.128591013463521);
#18=CYLINDRICAL_SURFACE('',#1605,0.129211187597188);
#19=CYLINDRICAL_SURFACE('',#1609,0.0554039407105356);
#20=CYLINDRICAL_SURFACE('',#1611,0.0558495716161178);
#21=CIRCLE('',#1561,0.129211187597188);
#22=CIRCLE('',#1562,0.128591013463521);
#23=CIRCLE('',#1565,0.128591013463521);
#24=CIRCLE('',#1567,0.0558495716161178);
#25=CIRCLE('',#1569,0.129211187597188);
#26=CIRCLE('',#1571,0.0554039407105356);
#27=CIRCLE('',#1573,0.0554039407105356);
#28=CIRCLE('',#1575,0.0558495716161178);
#29=CIRCLE('',#1598,0.129211187597188);
#30=CIRCLE('',#1599,0.128591013463521);
#31=CIRCLE('',#1602,0.128591013463521);
#32=CIRCLE('',#1604,0.0558495716161178);
#33=CIRCLE('',#1606,0.129211187597188);
#34=CIRCLE('',#1608,0.0554039407105356);
#35=CIRCLE('',#1610,0.0554039407105356);
#36=CIRCLE('',#1612,0.0558495716161178);
#37=ORIENTED_EDGE('',*,*,#321,.T.);
#38=ORIENTED_EDGE('',*,*,#322,.T.);
#39=ORIENTED_EDGE('',*,*,#323,.F.);
#40=ORIENTED_EDGE('',*,*,#324,.T.);
#41=ORIENTED_EDGE('',*,*,#325,.F.);
#42=ORIENTED_EDGE('',*,*,#326,.F.);
#43=ORIENTED_EDGE('',*,*,#327,.F.);
#44=ORIENTED_EDGE('',*,*,#328,.F.);
#45=ORIENTED_EDGE('',*,*,#329,.F.);
#46=ORIENTED_EDGE('',*,*,#323,.T.);
#47=ORIENTED_EDGE('',*,*,#327,.T.);
#48=ORIENTED_EDGE('',*,*,#322,.F.);
#49=ORIENTED_EDGE('',*,*,#330,.T.);
#50=ORIENTED_EDGE('',*,*,#331,.T.);
#51=ORIENTED_EDGE('',*,*,#332,.T.);
#52=ORIENTED_EDGE('',*,*,#333,.F.);
#53=ORIENTED_EDGE('',*,*,#334,.T.);
#54=ORIENTED_EDGE('',*,*,#335,.T.);
#55=ORIENTED_EDGE('',*,*,#336,.F.);
#56=ORIENTED_EDGE('',*,*,#326,.T.);
#57=ORIENTED_EDGE('',*,*,#337,.F.);
#58=ORIENTED_EDGE('',*,*,#336,.T.);
#59=ORIENTED_EDGE('',*,*,#338,.F.);
#60=ORIENTED_EDGE('',*,*,#325,.T.);
#61=ORIENTED_EDGE('',*,*,#339,.F.);
#62=ORIENTED_EDGE('',*,*,#338,.T.);
#63=ORIENTED_EDGE('',*,*,#339,.T.);
#64=ORIENTED_EDGE('',*,*,#340,.F.);
#65=ORIENTED_EDGE('',*,*,#337,.T.);
#66=ORIENTED_EDGE('',*,*,#341,.F.);
#67=ORIENTED_EDGE('',*,*,#342,.T.);
#68=ORIENTED_EDGE('',*,*,#328,.T.);
#69=ORIENTED_EDGE('',*,*,#335,.F.);
#70=ORIENTED_EDGE('',*,*,#343,.F.);
#71=ORIENTED_EDGE('',*,*,#324,.F.);
#72=ORIENTED_EDGE('',*,*,#329,.T.);
#73=ORIENTED_EDGE('',*,*,#342,.F.);
#74=ORIENTED_EDGE('',*,*,#344,.T.);
#75=ORIENTED_EDGE('',*,*,#345,.T.);
#76=ORIENTED_EDGE('',*,*,#346,.F.);
#77=ORIENTED_EDGE('',*,*,#321,.F.);
#78=ORIENTED_EDGE('',*,*,#346,.T.);
#79=ORIENTED_EDGE('',*,*,#347,.F.);
#80=ORIENTED_EDGE('',*,*,#330,.F.);
#81=ORIENTED_EDGE('',*,*,#340,.T.);
#82=ORIENTED_EDGE('',*,*,#341,.T.);
#83=ORIENTED_EDGE('',*,*,#348,.T.);
#84=ORIENTED_EDGE('',*,*,#349,.T.);
#85=ORIENTED_EDGE('',*,*,#350,.F.);
#86=ORIENTED_EDGE('',*,*,#332,.F.);
#87=ORIENTED_EDGE('',*,*,#351,.F.);
#88=ORIENTED_EDGE('',*,*,#352,.F.);
#89=ORIENTED_EDGE('',*,*,#353,.T.);
#90=ORIENTED_EDGE('',*,*,#354,.T.);
#91=ORIENTED_EDGE('',*,*,#355,.F.);
#92=ORIENTED_EDGE('',*,*,#354,.F.);
#93=ORIENTED_EDGE('',*,*,#356,.T.);
#94=ORIENTED_EDGE('',*,*,#357,.T.);
#95=ORIENTED_EDGE('',*,*,#358,.T.);
#96=ORIENTED_EDGE('',*,*,#348,.F.);
#97=ORIENTED_EDGE('',*,*,#331,.F.);
#98=ORIENTED_EDGE('',*,*,#347,.T.);
#99=ORIENTED_EDGE('',*,*,#345,.F.);
#100=ORIENTED_EDGE('',*,*,#359,.F.);
#101=ORIENTED_EDGE('',*,*,#360,.F.);
#102=ORIENTED_EDGE('',*,*,#361,.T.);
#103=ORIENTED_EDGE('',*,*,#333,.T.);
#104=ORIENTED_EDGE('',*,*,#350,.T.);
#105=ORIENTED_EDGE('',*,*,#360,.T.);
#106=ORIENTED_EDGE('',*,*,#349,.F.);
#107=ORIENTED_EDGE('',*,*,#358,.F.);
#108=ORIENTED_EDGE('',*,*,#362,.F.);
#109=ORIENTED_EDGE('',*,*,#353,.F.);
#110=ORIENTED_EDGE('',*,*,#363,.T.);
#111=ORIENTED_EDGE('',*,*,#364,.T.);
#112=ORIENTED_EDGE('',*,*,#356,.F.);
#113=ORIENTED_EDGE('',*,*,#352,.T.);
#114=ORIENTED_EDGE('',*,*,#365,.T.);
#115=ORIENTED_EDGE('',*,*,#366,.T.);
#116=ORIENTED_EDGE('',*,*,#363,.F.);
#117=ORIENTED_EDGE('',*,*,#351,.T.);
#118=ORIENTED_EDGE('',*,*,#355,.T.);
#119=ORIENTED_EDGE('',*,*,#367,.T.);
#120=ORIENTED_EDGE('',*,*,#365,.F.);
#121=ORIENTED_EDGE('',*,*,#366,.F.);
#122=ORIENTED_EDGE('',*,*,#368,.F.);
#123=ORIENTED_EDGE('',*,*,#369,.T.);
#124=ORIENTED_EDGE('',*,*,#370,.T.);
#125=ORIENTED_EDGE('',*,*,#371,.F.);
#126=ORIENTED_EDGE('',*,*,#372,.T.);
#127=ORIENTED_EDGE('',*,*,#373,.T.);
#128=ORIENTED_EDGE('',*,*,#369,.F.);
#129=ORIENTED_EDGE('',*,*,#374,.F.);
#130=ORIENTED_EDGE('',*,*,#375,.F.);
#131=ORIENTED_EDGE('',*,*,#364,.F.);
#132=ORIENTED_EDGE('',*,*,#376,.F.);
#133=ORIENTED_EDGE('',*,*,#377,.T.);
#134=ORIENTED_EDGE('',*,*,#378,.T.);
#135=ORIENTED_EDGE('',*,*,#379,.T.);
#136=ORIENTED_EDGE('',*,*,#374,.T.);
#137=ORIENTED_EDGE('',*,*,#368,.T.);
#138=ORIENTED_EDGE('',*,*,#367,.F.);
#139=ORIENTED_EDGE('',*,*,#357,.F.);
#140=ORIENTED_EDGE('',*,*,#380,.F.);
#141=ORIENTED_EDGE('',*,*,#381,.T.);
#142=ORIENTED_EDGE('',*,*,#377,.F.);
#143=ORIENTED_EDGE('',*,*,#382,.F.);
#144=ORIENTED_EDGE('',*,*,#372,.F.);
#145=ORIENTED_EDGE('',*,*,#383,.F.);
#146=ORIENTED_EDGE('',*,*,#384,.T.);
#147=ORIENTED_EDGE('',*,*,#378,.F.);
#148=ORIENTED_EDGE('',*,*,#381,.F.);
#149=ORIENTED_EDGE('',*,*,#385,.F.);
#150=ORIENTED_EDGE('',*,*,#375,.T.);
#151=ORIENTED_EDGE('',*,*,#379,.F.);
#152=ORIENTED_EDGE('',*,*,#384,.F.);
#153=ORIENTED_EDGE('',*,*,#370,.F.);
#154=ORIENTED_EDGE('',*,*,#373,.F.);
#155=ORIENTED_EDGE('',*,*,#382,.T.);
#156=ORIENTED_EDGE('',*,*,#376,.T.);
#157=ORIENTED_EDGE('',*,*,#380,.T.);
#158=ORIENTED_EDGE('',*,*,#371,.T.);
#159=ORIENTED_EDGE('',*,*,#385,.T.);
#160=ORIENTED_EDGE('',*,*,#383,.T.);
#161=ORIENTED_EDGE('',*,*,#359,.T.);
#162=ORIENTED_EDGE('',*,*,#344,.F.);
#163=ORIENTED_EDGE('',*,*,#343,.T.);
#164=ORIENTED_EDGE('',*,*,#334,.F.);
#165=ORIENTED_EDGE('',*,*,#361,.F.);
#166=ORIENTED_EDGE('',*,*,#362,.T.);
#167=ORIENTED_EDGE('',*,*,#386,.T.);
#168=ORIENTED_EDGE('',*,*,#387,.T.);
#169=ORIENTED_EDGE('',*,*,#388,.F.);
#170=ORIENTED_EDGE('',*,*,#389,.T.);
#171=ORIENTED_EDGE('',*,*,#390,.F.);
#172=ORIENTED_EDGE('',*,*,#391,.F.);
#173=ORIENTED_EDGE('',*,*,#392,.F.);
#174=ORIENTED_EDGE('',*,*,#393,.F.);
#175=ORIENTED_EDGE('',*,*,#394,.F.);
#176=ORIENTED_EDGE('',*,*,#388,.T.);
#177=ORIENTED_EDGE('',*,*,#392,.T.);
#178=ORIENTED_EDGE('',*,*,#387,.F.);
#179=ORIENTED_EDGE('',*,*,#395,.T.);
#180=ORIENTED_EDGE('',*,*,#396,.T.);
#181=ORIENTED_EDGE('',*,*,#397,.T.);
#182=ORIENTED_EDGE('',*,*,#398,.F.);
#183=ORIENTED_EDGE('',*,*,#399,.T.);
#184=ORIENTED_EDGE('',*,*,#400,.T.);
#185=ORIENTED_EDGE('',*,*,#401,.F.);
#186=ORIENTED_EDGE('',*,*,#391,.T.);
#187=ORIENTED_EDGE('',*,*,#402,.F.);
#188=ORIENTED_EDGE('',*,*,#401,.T.);
#189=ORIENTED_EDGE('',*,*,#403,.F.);
#190=ORIENTED_EDGE('',*,*,#390,.T.);
#191=ORIENTED_EDGE('',*,*,#404,.F.);
#192=ORIENTED_EDGE('',*,*,#403,.T.);
#193=ORIENTED_EDGE('',*,*,#404,.T.);
#194=ORIENTED_EDGE('',*,*,#405,.F.);
#195=ORIENTED_EDGE('',*,*,#402,.T.);
#196=ORIENTED_EDGE('',*,*,#406,.F.);
#197=ORIENTED_EDGE('',*,*,#407,.T.);
#198=ORIENTED_EDGE('',*,*,#393,.T.);
#199=ORIENTED_EDGE('',*,*,#400,.F.);
#200=ORIENTED_EDGE('',*,*,#408,.F.);
#201=ORIENTED_EDGE('',*,*,#389,.F.);
#202=ORIENTED_EDGE('',*,*,#394,.T.);
#203=ORIENTED_EDGE('',*,*,#407,.F.);
#204=ORIENTED_EDGE('',*,*,#409,.T.);
#205=ORIENTED_EDGE('',*,*,#410,.T.);
#206=ORIENTED_EDGE('',*,*,#411,.F.);
#207=ORIENTED_EDGE('',*,*,#386,.F.);
#208=ORIENTED_EDGE('',*,*,#411,.T.);
#209=ORIENTED_EDGE('',*,*,#412,.F.);
#210=ORIENTED_EDGE('',*,*,#395,.F.);
#211=ORIENTED_EDGE('',*,*,#405,.T.);
#212=ORIENTED_EDGE('',*,*,#406,.T.);
#213=ORIENTED_EDGE('',*,*,#413,.T.);
#214=ORIENTED_EDGE('',*,*,#414,.T.);
#215=ORIENTED_EDGE('',*,*,#415,.F.);
#216=ORIENTED_EDGE('',*,*,#397,.F.);
#217=ORIENTED_EDGE('',*,*,#416,.F.);
#218=ORIENTED_EDGE('',*,*,#417,.F.);
#219=ORIENTED_EDGE('',*,*,#418,.T.);
#220=ORIENTED_EDGE('',*,*,#419,.T.);
#221=ORIENTED_EDGE('',*,*,#420,.F.);
#222=ORIENTED_EDGE('',*,*,#419,.F.);
#223=ORIENTED_EDGE('',*,*,#421,.T.);
#224=ORIENTED_EDGE('',*,*,#422,.T.);
#225=ORIENTED_EDGE('',*,*,#423,.T.);
#226=ORIENTED_EDGE('',*,*,#413,.F.);
#227=ORIENTED_EDGE('',*,*,#396,.F.);
#228=ORIENTED_EDGE('',*,*,#412,.T.);
#229=ORIENTED_EDGE('',*,*,#410,.F.);
#230=ORIENTED_EDGE('',*,*,#424,.F.);
#231=ORIENTED_EDGE('',*,*,#425,.F.);
#232=ORIENTED_EDGE('',*,*,#426,.T.);
#233=ORIENTED_EDGE('',*,*,#398,.T.);
#234=ORIENTED_EDGE('',*,*,#415,.T.);
#235=ORIENTED_EDGE('',*,*,#425,.T.);
#236=ORIENTED_EDGE('',*,*,#414,.F.);
#237=ORIENTED_EDGE('',*,*,#423,.F.);
#238=ORIENTED_EDGE('',*,*,#427,.F.);
#239=ORIENTED_EDGE('',*,*,#418,.F.);
#240=ORIENTED_EDGE('',*,*,#428,.T.);
#241=ORIENTED_EDGE('',*,*,#429,.T.);
#242=ORIENTED_EDGE('',*,*,#421,.F.);
#243=ORIENTED_EDGE('',*,*,#417,.T.);
#244=ORIENTED_EDGE('',*,*,#430,.T.);
#245=ORIENTED_EDGE('',*,*,#431,.T.);
#246=ORIENTED_EDGE('',*,*,#428,.F.);
#247=ORIENTED_EDGE('',*,*,#416,.T.);
#248=ORIENTED_EDGE('',*,*,#420,.T.);
#249=ORIENTED_EDGE('',*,*,#432,.T.);
#250=ORIENTED_EDGE('',*,*,#430,.F.);
#251=ORIENTED_EDGE('',*,*,#431,.F.);
#252=ORIENTED_EDGE('',*,*,#433,.F.);
#253=ORIENTED_EDGE('',*,*,#434,.T.);
#254=ORIENTED_EDGE('',*,*,#435,.T.);
#255=ORIENTED_EDGE('',*,*,#436,.F.);
#256=ORIENTED_EDGE('',*,*,#437,.T.);
#257=ORIENTED_EDGE('',*,*,#438,.T.);
#258=ORIENTED_EDGE('',*,*,#434,.F.);
#259=ORIENTED_EDGE('',*,*,#439,.F.);
#260=ORIENTED_EDGE('',*,*,#440,.F.);
#261=ORIENTED_EDGE('',*,*,#429,.F.);
#262=ORIENTED_EDGE('',*,*,#441,.F.);
#263=ORIENTED_EDGE('',*,*,#442,.T.);
#264=ORIENTED_EDGE('',*,*,#443,.T.);
#265=ORIENTED_EDGE('',*,*,#444,.T.);
#266=ORIENTED_EDGE('',*,*,#439,.T.);
#267=ORIENTED_EDGE('',*,*,#433,.T.);
#268=ORIENTED_EDGE('',*,*,#432,.F.);
#269=ORIENTED_EDGE('',*,*,#422,.F.);
#270=ORIENTED_EDGE('',*,*,#445,.F.);
#271=ORIENTED_EDGE('',*,*,#446,.T.);
#272=ORIENTED_EDGE('',*,*,#442,.F.);
#273=ORIENTED_EDGE('',*,*,#447,.F.);
#274=ORIENTED_EDGE('',*,*,#437,.F.);
#275=ORIENTED_EDGE('',*,*,#448,.F.);
#276=ORIENTED_EDGE('',*,*,#449,.T.);
#277=ORIENTED_EDGE('',*,*,#443,.F.);
#278=ORIENTED_EDGE('',*,*,#446,.F.);
#279=ORIENTED_EDGE('',*,*,#450,.F.);
#280=ORIENTED_EDGE('',*,*,#440,.T.);
#281=ORIENTED_EDGE('',*,*,#444,.F.);
#282=ORIENTED_EDGE('',*,*,#449,.F.);
#283=ORIENTED_EDGE('',*,*,#435,.F.);
#284=ORIENTED_EDGE('',*,*,#438,.F.);
#285=ORIENTED_EDGE('',*,*,#447,.T.);
#286=ORIENTED_EDGE('',*,*,#441,.T.);
#287=ORIENTED_EDGE('',*,*,#445,.T.);
#288=ORIENTED_EDGE('',*,*,#436,.T.);
#289=ORIENTED_EDGE('',*,*,#450,.T.);
#290=ORIENTED_EDGE('',*,*,#448,.T.);
#291=ORIENTED_EDGE('',*,*,#424,.T.);
#292=ORIENTED_EDGE('',*,*,#409,.F.);
#293=ORIENTED_EDGE('',*,*,#408,.T.);
#294=ORIENTED_EDGE('',*,*,#399,.F.);
#295=ORIENTED_EDGE('',*,*,#426,.F.);
#296=ORIENTED_EDGE('',*,*,#427,.T.);
#297=ORIENTED_EDGE('',*,*,#451,.F.);
#298=ORIENTED_EDGE('',*,*,#452,.T.);
#299=ORIENTED_EDGE('',*,*,#453,.T.);
#300=ORIENTED_EDGE('',*,*,#454,.F.);
#301=ORIENTED_EDGE('',*,*,#455,.F.);
#302=ORIENTED_EDGE('',*,*,#456,.T.);
#303=ORIENTED_EDGE('',*,*,#453,.F.);
#304=ORIENTED_EDGE('',*,*,#457,.F.);
#305=ORIENTED_EDGE('',*,*,#458,.F.);
#306=ORIENTED_EDGE('',*,*,#457,.T.);
#307=ORIENTED_EDGE('',*,*,#452,.F.);
#308=ORIENTED_EDGE('',*,*,#459,.F.);
#309=ORIENTED_EDGE('',*,*,#460,.F.);
#310=ORIENTED_EDGE('',*,*,#461,.T.);
#311=ORIENTED_EDGE('',*,*,#459,.T.);
#312=ORIENTED_EDGE('',*,*,#451,.T.);
#313=ORIENTED_EDGE('',*,*,#462,.F.);
#314=ORIENTED_EDGE('',*,*,#460,.T.);
#315=ORIENTED_EDGE('',*,*,#454,.T.);
#316=ORIENTED_EDGE('',*,*,#456,.F.);
#317=ORIENTED_EDGE('',*,*,#462,.T.);
#318=ORIENTED_EDGE('',*,*,#455,.T.);
#319=ORIENTED_EDGE('',*,*,#458,.T.);
#320=ORIENTED_EDGE('',*,*,#461,.F.);
#321=EDGE_CURVE('',#463,#464,#561,.T.);
#322=EDGE_CURVE('',#464,#465,#562,.T.);
#323=EDGE_CURVE('',#466,#465,#563,.T.);
#324=EDGE_CURVE('',#466,#463,#564,.T.);
#325=EDGE_CURVE('',#467,#467,#21,.T.);
#326=EDGE_CURVE('',#468,#468,#22,.T.);
#327=EDGE_CURVE('',#469,#465,#565,.T.);
#328=EDGE_CURVE('',#470,#469,#566,.T.);
#329=EDGE_CURVE('',#466,#470,#567,.T.);
#330=EDGE_CURVE('',#464,#471,#568,.T.);
#331=EDGE_CURVE('',#471,#472,#569,.T.);
#332=EDGE_CURVE('',#472,#473,#570,.T.);
#333=EDGE_CURVE('',#474,#473,#571,.T.);
#334=EDGE_CURVE('',#474,#475,#572,.T.);
#335=EDGE_CURVE('',#475,#469,#573,.T.);
#336=EDGE_CURVE('',#476,#476,#23,.T.);
#337=EDGE_CURVE('',#477,#477,#24,.T.);
#338=EDGE_CURVE('',#478,#478,#25,.T.);
#339=EDGE_CURVE('',#479,#479,#26,.T.);
#340=EDGE_CURVE('',#480,#480,#27,.T.);
#341=EDGE_CURVE('',#481,#481,#28,.T.);
#342=EDGE_CURVE('',#482,#470,#574,.T.);
#343=EDGE_CURVE('',#482,#475,#575,.T.);
#344=EDGE_CURVE('',#482,#483,#576,.T.);
#345=EDGE_CURVE('',#483,#484,#577,.T.);
#346=EDGE_CURVE('',#463,#484,#578,.T.);
#347=EDGE_CURVE('',#471,#484,#579,.T.);
#348=EDGE_CURVE('',#472,#485,#580,.T.);
#349=EDGE_CURVE('',#485,#486,#581,.T.);
#350=EDGE_CURVE('',#473,#486,#582,.T.);
#351=EDGE_CURVE('',#487,#488,#583,.T.);
#352=EDGE_CURVE('',#489,#487,#584,.T.);
#353=EDGE_CURVE('',#489,#490,#585,.T.);
#354=EDGE_CURVE('',#490,#488,#586,.T.);
#355=EDGE_CURVE('',#488,#491,#587,.T.);
#356=EDGE_CURVE('',#490,#492,#588,.T.);
#357=EDGE_CURVE('',#492,#491,#589,.T.);
#358=EDGE_CURVE('',#493,#485,#590,.T.);
#359=EDGE_CURVE('',#493,#483,#591,.T.);
#360=EDGE_CURVE('',#494,#486,#592,.T.);
#361=EDGE_CURVE('',#494,#474,#593,.T.);
#362=EDGE_CURVE('',#494,#493,#594,.T.);
#363=EDGE_CURVE('',#489,#495,#595,.T.);
#364=EDGE_CURVE('',#495,#492,#596,.T.);
#365=EDGE_CURVE('',#487,#496,#597,.T.);
#366=EDGE_CURVE('',#496,#495,#598,.T.);
#367=EDGE_CURVE('',#491,#496,#599,.T.);
#368=EDGE_CURVE('',#497,#496,#600,.T.);
#369=EDGE_CURVE('',#497,#498,#601,.T.);
#370=EDGE_CURVE('',#498,#495,#602,.T.);
#371=EDGE_CURVE('',#499,#500,#603,.T.);
#372=EDGE_CURVE('',#499,#501,#604,.T.);
#373=EDGE_CURVE('',#501,#498,#605,.T.);
#374=EDGE_CURVE('',#502,#497,#606,.T.);
#375=EDGE_CURVE('',#500,#502,#607,.T.);
#376=EDGE_CURVE('',#503,#495,#608,.T.);
#377=EDGE_CURVE('',#503,#504,#609,.T.);
#378=EDGE_CURVE('',#504,#505,#610,.T.);
#379=EDGE_CURVE('',#505,#502,#611,.T.);
#380=EDGE_CURVE('',#506,#499,#612,.T.);
#381=EDGE_CURVE('',#506,#504,#613,.T.);
#382=EDGE_CURVE('',#501,#503,#614,.T.);
#383=EDGE_CURVE('',#507,#506,#615,.T.);
#384=EDGE_CURVE('',#507,#505,#616,.T.);
#385=EDGE_CURVE('',#500,#507,#617,.T.);
#386=EDGE_CURVE('',#508,#509,#618,.T.);
#387=EDGE_CURVE('',#509,#510,#619,.T.);
#388=EDGE_CURVE('',#511,#510,#620,.T.);
#389=EDGE_CURVE('',#511,#508,#621,.T.);
#390=EDGE_CURVE('',#512,#512,#29,.T.);
#391=EDGE_CURVE('',#513,#513,#30,.T.);
#392=EDGE_CURVE('',#514,#510,#622,.T.);
#393=EDGE_CURVE('',#515,#514,#623,.T.);
#394=EDGE_CURVE('',#511,#515,#624,.T.);
#395=EDGE_CURVE('',#509,#516,#625,.T.);
#396=EDGE_CURVE('',#516,#517,#626,.T.);
#397=EDGE_CURVE('',#517,#518,#627,.T.);
#398=EDGE_CURVE('',#519,#518,#628,.T.);
#399=EDGE_CURVE('',#519,#520,#629,.T.);
#400=EDGE_CURVE('',#520,#514,#630,.T.);
#401=EDGE_CURVE('',#521,#521,#31,.T.);
#402=EDGE_CURVE('',#522,#522,#32,.T.);
#403=EDGE_CURVE('',#523,#523,#33,.T.);
#404=EDGE_CURVE('',#524,#524,#34,.T.);
#405=EDGE_CURVE('',#525,#525,#35,.T.);
#406=EDGE_CURVE('',#526,#526,#36,.T.);
#407=EDGE_CURVE('',#527,#515,#631,.T.);
#408=EDGE_CURVE('',#527,#520,#632,.T.);
#409=EDGE_CURVE('',#527,#528,#633,.T.);
#410=EDGE_CURVE('',#528,#529,#634,.T.);
#411=EDGE_CURVE('',#508,#529,#635,.T.);
#412=EDGE_CURVE('',#516,#529,#636,.T.);
#413=EDGE_CURVE('',#517,#530,#637,.T.);
#414=EDGE_CURVE('',#530,#531,#638,.T.);
#415=EDGE_CURVE('',#518,#531,#639,.T.);
#416=EDGE_CURVE('',#532,#533,#640,.T.);
#417=EDGE_CURVE('',#534,#532,#641,.T.);
#418=EDGE_CURVE('',#534,#535,#642,.T.);
#419=EDGE_CURVE('',#535,#533,#643,.T.);
#420=EDGE_CURVE('',#533,#536,#644,.T.);
#421=EDGE_CURVE('',#535,#537,#645,.T.);
#422=EDGE_CURVE('',#537,#536,#646,.T.);
#423=EDGE_CURVE('',#538,#530,#647,.T.);
#424=EDGE_CURVE('',#538,#528,#648,.T.);
#425=EDGE_CURVE('',#539,#531,#649,.T.);
#426=EDGE_CURVE('',#539,#519,#650,.T.);
#427=EDGE_CURVE('',#539,#538,#651,.T.);
#428=EDGE_CURVE('',#534,#540,#652,.T.);
#429=EDGE_CURVE('',#540,#537,#653,.T.);
#430=EDGE_CURVE('',#532,#541,#654,.T.);
#431=EDGE_CURVE('',#541,#540,#655,.T.);
#432=EDGE_CURVE('',#536,#541,#656,.T.);
#433=EDGE_CURVE('',#542,#541,#657,.T.);
#434=EDGE_CURVE('',#542,#543,#658,.T.);
#435=EDGE_CURVE('',#543,#540,#659,.T.);
#436=EDGE_CURVE('',#544,#545,#660,.T.);
#437=EDGE_CURVE('',#544,#546,#661,.T.);
#438=EDGE_CURVE('',#546,#543,#662,.T.);
#439=EDGE_CURVE('',#547,#542,#663,.T.);
#440=EDGE_CURVE('',#545,#547,#664,.T.);
#441=EDGE_CURVE('',#548,#540,#665,.T.);
#442=EDGE_CURVE('',#548,#549,#666,.T.);
#443=EDGE_CURVE('',#549,#550,#667,.T.);
#444=EDGE_CURVE('',#550,#547,#668,.T.);
#445=EDGE_CURVE('',#551,#544,#669,.T.);
#446=EDGE_CURVE('',#551,#549,#670,.T.);
#447=EDGE_CURVE('',#546,#548,#671,.T.);
#448=EDGE_CURVE('',#552,#551,#672,.T.);
#449=EDGE_CURVE('',#552,#550,#673,.T.);
#450=EDGE_CURVE('',#545,#552,#674,.T.);
#451=EDGE_CURVE('',#553,#554,#675,.T.);
#452=EDGE_CURVE('',#553,#555,#676,.T.);
#453=EDGE_CURVE('',#555,#556,#677,.T.);
#454=EDGE_CURVE('',#554,#556,#678,.T.);
#455=EDGE_CURVE('',#557,#558,#679,.T.);
#456=EDGE_CURVE('',#557,#556,#680,.T.);
#457=EDGE_CURVE('',#558,#555,#681,.T.);
#458=EDGE_CURVE('',#558,#559,#682,.T.);
#459=EDGE_CURVE('',#559,#553,#683,.T.);
#460=EDGE_CURVE('',#560,#554,#684,.T.);
#461=EDGE_CURVE('',#560,#559,#685,.T.);
#462=EDGE_CURVE('',#560,#557,#686,.T.);
#463=VERTEX_POINT('',#2095);
#464=VERTEX_POINT('',#2096);
#465=VERTEX_POINT('',#2098);
#466=VERTEX_POINT('',#2100);
#467=VERTEX_POINT('',#2104);
#468=VERTEX_POINT('',#2106);
#469=VERTEX_POINT('',#2108);
#470=VERTEX_POINT('',#2110);
#471=VERTEX_POINT('',#2114);
#472=VERTEX_POINT('',#2116);
#473=VERTEX_POINT('',#2118);
#474=VERTEX_POINT('',#2120);
#475=VERTEX_POINT('',#2122);
#476=VERTEX_POINT('',#2126);
#477=VERTEX_POINT('',#2129);
#478=VERTEX_POINT('',#2132);
#479=VERTEX_POINT('',#2135);
#480=VERTEX_POINT('',#2138);
#481=VERTEX_POINT('',#2141);
#482=VERTEX_POINT('',#2144);
#483=VERTEX_POINT('',#2148);
#484=VERTEX_POINT('',#2150);
#485=VERTEX_POINT('',#2156);
#486=VERTEX_POINT('',#2158);
#487=VERTEX_POINT('',#2161);
#488=VERTEX_POINT('',#2162);
#489=VERTEX_POINT('',#2164);
#490=VERTEX_POINT('',#2166);
#491=VERTEX_POINT('',#2170);
#492=VERTEX_POINT('',#2172);
#493=VERTEX_POINT('',#2176);
#494=VERTEX_POINT('',#2180);
#495=VERTEX_POINT('',#2186);
#496=VERTEX_POINT('',#2190);
#497=VERTEX_POINT('',#2196);
#498=VERTEX_POINT('',#2198);
#499=VERTEX_POINT('',#2202);
#500=VERTEX_POINT('',#2203);
#501=VERTEX_POINT('',#2205);
#502=VERTEX_POINT('',#2208);
#503=VERTEX_POINT('',#2212);
#504=VERTEX_POINT('',#2214);
#505=VERTEX_POINT('',#2216);
#506=VERTEX_POINT('',#2220);
#507=VERTEX_POINT('',#2225);
#508=VERTEX_POINT('',#2234);
#509=VERTEX_POINT('',#2235);
#510=VERTEX_POINT('',#2237);
#511=VERTEX_POINT('',#2239);
#512=VERTEX_POINT('',#2243);
#513=VERTEX_POINT('',#2245);
#514=VERTEX_POINT('',#2247);
#515=VERTEX_POINT('',#2249);
#516=VERTEX_POINT('',#2253);
#517=VERTEX_POINT('',#2255);
#518=VERTEX_POINT('',#2257);
#519=VERTEX_POINT('',#2259);
#520=VERTEX_POINT('',#2261);
#521=VERTEX_POINT('',#2265);
#522=VERTEX_POINT('',#2268);
#523=VERTEX_POINT('',#2271);
#524=VERTEX_POINT('',#2274);
#525=VERTEX_POINT('',#2277);
#526=VERTEX_POINT('',#2280);
#527=VERTEX_POINT('',#2283);
#528=VERTEX_POINT('',#2287);
#529=VERTEX_POINT('',#2289);
#530=VERTEX_POINT('',#2295);
#531=VERTEX_POINT('',#2297);
#532=VERTEX_POINT('',#2300);
#533=VERTEX_POINT('',#2301);
#534=VERTEX_POINT('',#2303);
#535=VERTEX_POINT('',#2305);
#536=VERTEX_POINT('',#2309);
#537=VERTEX_POINT('',#2311);
#538=VERTEX_POINT('',#2315);
#539=VERTEX_POINT('',#2319);
#540=VERTEX_POINT('',#2325);
#541=VERTEX_POINT('',#2329);
#542=VERTEX_POINT('',#2335);
#543=VERTEX_POINT('',#2337);
#544=VERTEX_POINT('',#2341);
#545=VERTEX_POINT('',#2342);
#546=VERTEX_POINT('',#2344);
#547=VERTEX_POINT('',#2347);
#548=VERTEX_POINT('',#2351);
#549=VERTEX_POINT('',#2353);
#550=VERTEX_POINT('',#2355);
#551=VERTEX_POINT('',#2359);
#552=VERTEX_POINT('',#2364);
#553=VERTEX_POINT('',#2425);
#554=VERTEX_POINT('',#2426);
#555=VERTEX_POINT('',#2428);
#556=VERTEX_POINT('',#2430);
#557=VERTEX_POINT('',#2434);
#558=VERTEX_POINT('',#2435);
#559=VERTEX_POINT('',#2440);
#560=VERTEX_POINT('',#2444);
#561=LINE('',#2094,#687);
#562=LINE('',#2097,#688);
#563=LINE('',#2099,#689);
#564=LINE('',#2101,#690);
#565=LINE('',#2107,#691);
#566=LINE('',#2109,#692);
#567=LINE('',#2111,#693);
#568=LINE('',#2113,#694);
#569=LINE('',#2115,#695);
#570=LINE('',#2117,#696);
#571=LINE('',#2119,#697);
#572=LINE('',#2121,#698);
#573=LINE('',#2123,#699);
#574=LINE('',#2143,#700);
#575=LINE('',#2145,#701);
#576=LINE('',#2147,#702);
#577=LINE('',#2149,#703);
#578=LINE('',#2151,#704);
#579=LINE('',#2153,#705);
#580=LINE('',#2155,#706);
#581=LINE('',#2157,#707);
#582=LINE('',#2159,#708);
#583=LINE('',#2160,#709);
#584=LINE('',#2163,#710);
#585=LINE('',#2165,#711);
#586=LINE('',#2167,#712);
#587=LINE('',#2169,#713);
#588=LINE('',#2171,#714);
#589=LINE('',#2173,#715);
#590=LINE('',#2175,#716);
#591=LINE('',#2177,#717);
#592=LINE('',#2179,#718);
#593=LINE('',#2181,#719);
#594=LINE('',#2183,#720);
#595=LINE('',#2185,#721);
#596=LINE('',#2187,#722);
#597=LINE('',#2189,#723);
#598=LINE('',#2191,#724);
#599=LINE('',#2193,#725);
#600=LINE('',#2195,#726);
#601=LINE('',#2197,#727);
#602=LINE('',#2199,#728);
#603=LINE('',#2201,#729);
#604=LINE('',#2204,#730);
#605=LINE('',#2206,#731);
#606=LINE('',#2207,#732);
#607=LINE('',#2209,#733);
#608=LINE('',#2211,#734);
#609=LINE('',#2213,#735);
#610=LINE('',#2215,#736);
#611=LINE('',#2217,#737);
#612=LINE('',#2219,#738);
#613=LINE('',#2221,#739);
#614=LINE('',#2222,#740);
#615=LINE('',#2224,#741);
#616=LINE('',#2226,#742);
#617=LINE('',#2228,#743);
#618=LINE('',#2233,#744);
#619=LINE('',#2236,#745);
#620=LINE('',#2238,#746);
#621=LINE('',#2240,#747);
#622=LINE('',#2246,#748);
#623=LINE('',#2248,#749);
#624=LINE('',#2250,#750);
#625=LINE('',#2252,#751);
#626=LINE('',#2254,#752);
#627=LINE('',#2256,#753);
#628=LINE('',#2258,#754);
#629=LINE('',#2260,#755);
#630=LINE('',#2262,#756);
#631=LINE('',#2282,#757);
#632=LINE('',#2284,#758);
#633=LINE('',#2286,#759);
#634=LINE('',#2288,#760);
#635=LINE('',#2290,#761);
#636=LINE('',#2292,#762);
#637=LINE('',#2294,#763);
#638=LINE('',#2296,#764);
#639=LINE('',#2298,#765);
#640=LINE('',#2299,#766);
#641=LINE('',#2302,#767);
#642=LINE('',#2304,#768);
#643=LINE('',#2306,#769);
#644=LINE('',#2308,#770);
#645=LINE('',#2310,#771);
#646=LINE('',#2312,#772);
#647=LINE('',#2314,#773);
#648=LINE('',#2316,#774);
#649=LINE('',#2318,#775);
#650=LINE('',#2320,#776);
#651=LINE('',#2322,#777);
#652=LINE('',#2324,#778);
#653=LINE('',#2326,#779);
#654=LINE('',#2328,#780);
#655=LINE('',#2330,#781);
#656=LINE('',#2332,#782);
#657=LINE('',#2334,#783);
#658=LINE('',#2336,#784);
#659=LINE('',#2338,#785);
#660=LINE('',#2340,#786);
#661=LINE('',#2343,#787);
#662=LINE('',#2345,#788);
#663=LINE('',#2346,#789);
#664=LINE('',#2348,#790);
#665=LINE('',#2350,#791);
#666=LINE('',#2352,#792);
#667=LINE('',#2354,#793);
#668=LINE('',#2356,#794);
#669=LINE('',#2358,#795);
#670=LINE('',#2360,#796);
#671=LINE('',#2361,#797);
#672=LINE('',#2363,#798);
#673=LINE('',#2365,#799);
#674=LINE('',#2367,#800);
#675=LINE('',#2424,#801);
#676=LINE('',#2427,#802);
#677=LINE('',#2429,#803);
#678=LINE('',#2431,#804);
#679=LINE('',#2433,#805);
#680=LINE('',#2436,#806);
#681=LINE('',#2437,#807);
#682=LINE('',#2439,#808);
#683=LINE('',#2441,#809);
#684=LINE('',#2443,#810);
#685=LINE('',#2445,#811);
#686=LINE('',#2447,#812);
#687=VECTOR('',#1701,100.);
#688=VECTOR('',#1702,100.);
#689=VECTOR('',#1703,100.);
#690=VECTOR('',#1704,100.);
#691=VECTOR('',#1711,100.);
#692=VECTOR('',#1712,100.);
#693=VECTOR('',#1713,100.);
#694=VECTOR('',#1716,100.);
#695=VECTOR('',#1717,100.);
#696=VECTOR('',#1718,100.);
#697=VECTOR('',#1719,100.);
#698=VECTOR('',#1720,100.);
#699=VECTOR('',#1721,100.);
#700=VECTOR('',#1748,100.);
#701=VECTOR('',#1749,100.);
#702=VECTOR('',#1752,100.);
#703=VECTOR('',#1753,100.);
#704=VECTOR('',#1754,100.);
#705=VECTOR('',#1757,100.);
#706=VECTOR('',#1760,100.);
#707=VECTOR('',#1761,100.);
#708=VECTOR('',#1762,100.);
#709=VECTOR('',#1763,100.);
#710=VECTOR('',#1764,100.);
#711=VECTOR('',#1765,100.);
#712=VECTOR('',#1766,100.);
#713=VECTOR('',#1769,100.);
#714=VECTOR('',#1770,100.);
#715=VECTOR('',#1771,100.);
#716=VECTOR('',#1774,100.);
#717=VECTOR('',#1775,100.);
#718=VECTOR('',#1778,100.);
#719=VECTOR('',#1779,100.);
#720=VECTOR('',#1782,100.);
#721=VECTOR('',#1785,100.);
#722=VECTOR('',#1786,100.);
#723=VECTOR('',#1789,100.);
#724=VECTOR('',#1790,100.);
#725=VECTOR('',#1793,100.);
#726=VECTOR('',#1796,100.);
#727=VECTOR('',#1797,100.);
#728=VECTOR('',#1798,100.);
#729=VECTOR('',#1801,100.);
#730=VECTOR('',#1802,100.);
#731=VECTOR('',#1803,100.);
#732=VECTOR('',#1804,100.);
#733=VECTOR('',#1805,100.);
#734=VECTOR('',#1808,100.);
#735=VECTOR('',#1809,100.);
#736=VECTOR('',#1810,100.);
#737=VECTOR('',#1811,100.);
#738=VECTOR('',#1814,100.);
#739=VECTOR('',#1815,100.);
#740=VECTOR('',#1816,100.);
#741=VECTOR('',#1819,100.);
#742=VECTOR('',#1820,100.);
#743=VECTOR('',#1823,100.);
#744=VECTOR('',#1832,100.);
#745=VECTOR('',#1833,100.);
#746=VECTOR('',#1834,100.);
#747=VECTOR('',#1835,100.);
#748=VECTOR('',#1842,100.);
#749=VECTOR('',#1843,100.);
#750=VECTOR('',#1844,100.);
#751=VECTOR('',#1847,100.);
#752=VECTOR('',#1848,100.);
#753=VECTOR('',#1849,100.);
#754=VECTOR('',#1850,100.);
#755=VECTOR('',#1851,100.);
#756=VECTOR('',#1852,100.);
#757=VECTOR('',#1879,100.);
#758=VECTOR('',#1880,100.);
#759=VECTOR('',#1883,100.);
#760=VECTOR('',#1884,100.);
#761=VECTOR('',#1885,100.);
#762=VECTOR('',#1888,100.);
#763=VECTOR('',#1891,100.);
#764=VECTOR('',#1892,100.);
#765=VECTOR('',#1893,100.);
#766=VECTOR('',#1894,100.);
#767=VECTOR('',#1895,100.);
#768=VECTOR('',#1896,100.);
#769=VECTOR('',#1897,100.);
#770=VECTOR('',#1900,100.);
#771=VECTOR('',#1901,100.);
#772=VECTOR('',#1902,100.);
#773=VECTOR('',#1905,100.);
#774=VECTOR('',#1906,100.);
#775=VECTOR('',#1909,100.);
#776=VECTOR('',#1910,100.);
#777=VECTOR('',#1913,100.);
#778=VECTOR('',#1916,100.);
#779=VECTOR('',#1917,100.);
#780=VECTOR('',#1920,100.);
#781=VECTOR('',#1921,100.);
#782=VECTOR('',#1924,100.);
#783=VECTOR('',#1927,100.);
#784=VECTOR('',#1928,100.);
#785=VECTOR('',#1929,100.);
#786=VECTOR('',#1932,100.);
#787=VECTOR('',#1933,100.);
#788=VECTOR('',#1934,100.);
#789=VECTOR('',#1935,100.);
#790=VECTOR('',#1936,100.);
#791=VECTOR('',#1939,100.);
#792=VECTOR('',#1940,100.);
#793=VECTOR('',#1941,100.);
#794=VECTOR('',#1942,100.);
#795=VECTOR('',#1945,100.);
#796=VECTOR('',#1946,100.);
#797=VECTOR('',#1947,100.);
#798=VECTOR('',#1950,100.);
#799=VECTOR('',#1951,100.);
#800=VECTOR('',#1954,100.);
#801=VECTOR('',#2067,100.);
#802=VECTOR('',#2068,100.);
#803=VECTOR('',#2069,100.);
#804=VECTOR('',#2070,100.);
#805=VECTOR('',#2073,100.);
#806=VECTOR('',#2074,100.);
#807=VECTOR('',#2075,100.);
#808=VECTOR('',#2078,100.);
#809=VECTOR('',#2079,100.);
#810=VECTOR('',#2082,100.);
#811=VECTOR('',#2083,100.);
#812=VECTOR('',#2086,100.);
#813=EDGE_LOOP('',(#37,#38,#39,#40));
#814=EDGE_LOOP('',(#41));
#815=EDGE_LOOP('',(#42));
#816=EDGE_LOOP('',(#43,#44,#45,#46));
#817=EDGE_LOOP('',(#47,#48,#49,#50,#51,#52,#53,#54));
#818=EDGE_LOOP('',(#55));
#819=EDGE_LOOP('',(#56));
#820=EDGE_LOOP('',(#57));
#821=EDGE_LOOP('',(#58));
#822=EDGE_LOOP('',(#59));
#823=EDGE_LOOP('',(#60));
#824=EDGE_LOOP('',(#61));
#825=EDGE_LOOP('',(#62));
#826=EDGE_LOOP('',(#63));
#827=EDGE_LOOP('',(#64));
#828=EDGE_LOOP('',(#65));
#829=EDGE_LOOP('',(#66));
#830=EDGE_LOOP('',(#67,#68,#69,#70));
#831=EDGE_LOOP('',(#71,#72,#73,#74,#75,#76));
#832=EDGE_LOOP('',(#77,#78,#79,#80));
#833=EDGE_LOOP('',(#81));
#834=EDGE_LOOP('',(#82));
#835=EDGE_LOOP('',(#83,#84,#85,#86));
#836=EDGE_LOOP('',(#87,#88,#89,#90));
#837=EDGE_LOOP('',(#91,#92,#93,#94));
#838=EDGE_LOOP('',(#95,#96,#97,#98,#99,#100));
#839=EDGE_LOOP('',(#101,#102,#103,#104));
#840=EDGE_LOOP('',(#105,#106,#107,#108));
#841=EDGE_LOOP('',(#109,#110,#111,#112));
#842=EDGE_LOOP('',(#113,#114,#115,#116));
#843=EDGE_LOOP('',(#117,#118,#119,#120));
#844=EDGE_LOOP('',(#121,#122,#123,#124));
#845=EDGE_LOOP('',(#125,#126,#127,#128,#129,#130));
#846=EDGE_LOOP('',(#131,#132,#133,#134,#135,#136,#137,#138,#139));
#847=EDGE_LOOP('',(#140,#141,#142,#143,#144));
#848=EDGE_LOOP('',(#145,#146,#147,#148));
#849=EDGE_LOOP('',(#149,#150,#151,#152));
#850=EDGE_LOOP('',(#153,#154,#155,#156));
#851=EDGE_LOOP('',(#157,#158,#159,#160));
#852=EDGE_LOOP('',(#161,#162,#163,#164,#165,#166));
#853=EDGE_LOOP('',(#167,#168,#169,#170));
#854=EDGE_LOOP('',(#171));
#855=EDGE_LOOP('',(#172));
#856=EDGE_LOOP('',(#173,#174,#175,#176));
#857=EDGE_LOOP('',(#177,#178,#179,#180,#181,#182,#183,#184));
#858=EDGE_LOOP('',(#185));
#859=EDGE_LOOP('',(#186));
#860=EDGE_LOOP('',(#187));
#861=EDGE_LOOP('',(#188));
#862=EDGE_LOOP('',(#189));
#863=EDGE_LOOP('',(#190));
#864=EDGE_LOOP('',(#191));
#865=EDGE_LOOP('',(#192));
#866=EDGE_LOOP('',(#193));
#867=EDGE_LOOP('',(#194));
#868=EDGE_LOOP('',(#195));
#869=EDGE_LOOP('',(#196));
#870=EDGE_LOOP('',(#197,#198,#199,#200));
#871=EDGE_LOOP('',(#201,#202,#203,#204,#205,#206));
#872=EDGE_LOOP('',(#207,#208,#209,#210));
#873=EDGE_LOOP('',(#211));
#874=EDGE_LOOP('',(#212));
#875=EDGE_LOOP('',(#213,#214,#215,#216));
#876=EDGE_LOOP('',(#217,#218,#219,#220));
#877=EDGE_LOOP('',(#221,#222,#223,#224));
#878=EDGE_LOOP('',(#225,#226,#227,#228,#229,#230));
#879=EDGE_LOOP('',(#231,#232,#233,#234));
#880=EDGE_LOOP('',(#235,#236,#237,#238));
#881=EDGE_LOOP('',(#239,#240,#241,#242));
#882=EDGE_LOOP('',(#243,#244,#245,#246));
#883=EDGE_LOOP('',(#247,#248,#249,#250));
#884=EDGE_LOOP('',(#251,#252,#253,#254));
#885=EDGE_LOOP('',(#255,#256,#257,#258,#259,#260));
#886=EDGE_LOOP('',(#261,#262,#263,#264,#265,#266,#267,#268,#269));
#887=EDGE_LOOP('',(#270,#271,#272,#273,#274));
#888=EDGE_LOOP('',(#275,#276,#277,#278));
#889=EDGE_LOOP('',(#279,#280,#281,#282));
#890=EDGE_LOOP('',(#283,#284,#285,#286));
#891=EDGE_LOOP('',(#287,#288,#289,#290));
#892=EDGE_LOOP('',(#291,#292,#293,#294,#295,#296));
#893=EDGE_LOOP('',(#297,#298,#299,#300));
#894=EDGE_LOOP('',(#301,#302,#303,#304));
#895=EDGE_LOOP('',(#305,#306,#307,#308));
#896=EDGE_LOOP('',(#309,#310,#311,#312));
#897=EDGE_LOOP('',(#313,#314,#315,#316));
#898=EDGE_LOOP('',(#317,#318,#319,#320));
#899=FACE_BOUND('',#813,.T.);
#900=FACE_BOUND('',#814,.T.);
#901=FACE_BOUND('',#815,.T.);
#902=FACE_BOUND('',#816,.T.);
#903=FACE_BOUND('',#817,.T.);
#904=FACE_BOUND('',#818,.T.);
#905=FACE_BOUND('',#819,.T.);
#906=FACE_BOUND('',#820,.T.);
#907=FACE_BOUND('',#821,.T.);
#908=FACE_BOUND('',#822,.T.);
#909=FACE_BOUND('',#823,.T.);
#910=FACE_BOUND('',#824,.T.);
#911=FACE_BOUND('',#825,.T.);
#912=FACE_BOUND('',#826,.T.);
#913=FACE_BOUND('',#827,.T.);
#914=FACE_BOUND('',#828,.T.);
#915=FACE_BOUND('',#829,.T.);
#916=FACE_BOUND('',#830,.T.);
#917=FACE_BOUND('',#831,.T.);
#918=FACE_BOUND('',#832,.T.);
#919=FACE_BOUND('',#833,.T.);
#920=FACE_BOUND('',#834,.T.);
#921=FACE_BOUND('',#835,.T.);
#922=FACE_BOUND('',#836,.T.);
#923=FACE_BOUND('',#837,.T.);
#924=FACE_BOUND('',#838,.T.);
#925=FACE_BOUND('',#839,.T.);
#926=FACE_BOUND('',#840,.T.);
#927=FACE_BOUND('',#841,.T.);
#928=FACE_BOUND('',#842,.T.);
#929=FACE_BOUND('',#843,.T.);
#930=FACE_BOUND('',#844,.T.);
#931=FACE_BOUND('',#845,.T.);
#932=FACE_BOUND('',#846,.T.);
#933=FACE_BOUND('',#847,.T.);
#934=FACE_BOUND('',#848,.T.);
#935=FACE_BOUND('',#849,.T.);
#936=FACE_BOUND('',#850,.T.);
#937=FACE_BOUND('',#851,.T.);
#938=FACE_BOUND('',#852,.T.);
#939=FACE_BOUND('',#853,.T.);
#940=FACE_BOUND('',#854,.T.);
#941=FACE_BOUND('',#855,.T.);
#942=FACE_BOUND('',#856,.T.);
#943=FACE_BOUND('',#857,.T.);
#944=FACE_BOUND('',#858,.T.);
#945=FACE_BOUND('',#859,.T.);
#946=FACE_BOUND('',#860,.T.);
#947=FACE_BOUND('',#861,.T.);
#948=FACE_BOUND('',#862,.T.);
#949=FACE_BOUND('',#863,.T.);
#950=FACE_BOUND('',#864,.T.);
#951=FACE_BOUND('',#865,.T.);
#952=FACE_BOUND('',#866,.T.);
#953=FACE_BOUND('',#867,.T.);
#954=FACE_BOUND('',#868,.T.);
#955=FACE_BOUND('',#869,.T.);
#956=FACE_BOUND('',#870,.T.);
#957=FACE_BOUND('',#871,.T.);
#958=FACE_BOUND('',#872,.T.);
#959=FACE_BOUND('',#873,.T.);
#960=FACE_BOUND('',#874,.T.);
#961=FACE_BOUND('',#875,.T.);
#962=FACE_BOUND('',#876,.T.);
#963=FACE_BOUND('',#877,.T.);
#964=FACE_BOUND('',#878,.T.);
#965=FACE_BOUND('',#879,.T.);
#966=FACE_BOUND('',#880,.T.);
#967=FACE_BOUND('',#881,.T.);
#968=FACE_BOUND('',#882,.T.);
#969=FACE_BOUND('',#883,.T.);
#970=FACE_BOUND('',#884,.T.);
#971=FACE_BOUND('',#885,.T.);
#972=FACE_BOUND('',#886,.T.);
#973=FACE_BOUND('',#887,.T.);
#974=FACE_BOUND('',#888,.T.);
#975=FACE_BOUND('',#889,.T.);
#976=FACE_BOUND('',#890,.T.);
#977=FACE_BOUND('',#891,.T.);
#978=FACE_BOUND('',#892,.T.);
#979=FACE_BOUND('',#893,.T.);
#980=FACE_BOUND('',#894,.T.);
#981=FACE_BOUND('',#895,.T.);
#982=FACE_BOUND('',#896,.T.);
#983=FACE_BOUND('',#897,.T.);
#984=FACE_BOUND('',#898,.T.);
#985=PLANE('',#1559);
#986=PLANE('',#1560);
#987=PLANE('',#1563);
#988=PLANE('',#1566);
#989=PLANE('',#1570);
#990=PLANE('',#1576);
#991=PLANE('',#1577);
#992=PLANE('',#1578);
#993=PLANE('',#1579);
#994=PLANE('',#1580);
#995=PLANE('',#1581);
#996=PLANE('',#1582);
#997=PLANE('',#1583);
#998=PLANE('',#1584);
#999=PLANE('',#1585);
#1000=PLANE('',#1586);
#1001=PLANE('',#1587);
#1002=PLANE('',#1588);
#1003=PLANE('',#1589);
#1004=PLANE('',#1590);
#1005=PLANE('',#1591);
#1006=PLANE('',#1592);
#1007=PLANE('',#1593);
#1008=PLANE('',#1594);
#1009=PLANE('',#1596);
#1010=PLANE('',#1597);
#1011=PLANE('',#1600);
#1012=PLANE('',#1603);
#1013=PLANE('',#1607);
#1014=PLANE('',#1613);
#1015=PLANE('',#1614);
#1016=PLANE('',#1615);
#1017=PLANE('',#1616);
#1018=PLANE('',#1617);
#1019=PLANE('',#1618);
#1020=PLANE('',#1619);
#1021=PLANE('',#1620);
#1022=PLANE('',#1621);
#1023=PLANE('',#1622);
#1024=PLANE('',#1623);
#1025=PLANE('',#1624);
#1026=PLANE('',#1625);
#1027=PLANE('',#1626);
#1028=PLANE('',#1627);
#1029=PLANE('',#1628);
#1030=PLANE('',#1629);
#1031=PLANE('',#1630);
#1032=PLANE('',#1631);
#1033=PLANE('',#1685);
#1034=PLANE('',#1686);
#1035=PLANE('',#1687);
#1036=PLANE('',#1688);
#1037=PLANE('',#1689);
#1038=PLANE('',#1690);
#1039=ADVANCED_FACE('',(#899),#985,.F.);
#1040=ADVANCED_FACE('',(#900,#901,#902),#986,.T.);
#1041=ADVANCED_FACE('',(#903),#987,.F.);
#1042=ADVANCED_FACE('',(#904,#905),#13,.T.);
#1043=ADVANCED_FACE('',(#906,#907),#988,.T.);
#1044=ADVANCED_FACE('',(#908,#909),#14,.T.);
#1045=ADVANCED_FACE('',(#910,#911),#989,.T.);
#1046=ADVANCED_FACE('',(#912,#913),#15,.F.);
#1047=ADVANCED_FACE('',(#914,#915),#16,.F.);
#1048=ADVANCED_FACE('',(#916),#990,.F.);
#1049=ADVANCED_FACE('',(#917),#991,.T.);
#1050=ADVANCED_FACE('',(#918),#992,.T.);
#1051=ADVANCED_FACE('',(#919,#920,#921,#922),#993,.F.);
#1052=ADVANCED_FACE('',(#923),#994,.F.);
#1053=ADVANCED_FACE('',(#924),#995,.T.);
#1054=ADVANCED_FACE('',(#925),#996,.F.);
#1055=ADVANCED_FACE('',(#926),#997,.T.);
#1056=ADVANCED_FACE('',(#927),#998,.F.);
#1057=ADVANCED_FACE('',(#928),#999,.F.);
#1058=ADVANCED_FACE('',(#929),#1000,.F.);
#1059=ADVANCED_FACE('',(#930),#1001,.T.);
#1060=ADVANCED_FACE('',(#931),#1002,.T.);
#1061=ADVANCED_FACE('',(#932),#1003,.T.);
#1062=ADVANCED_FACE('',(#933),#1004,.T.);
#1063=ADVANCED_FACE('',(#934),#1005,.T.);
#1064=ADVANCED_FACE('',(#935),#1006,.T.);
#1065=ADVANCED_FACE('',(#936),#1007,.T.);
#1066=ADVANCED_FACE('',(#937,#938),#1008,.T.);
#1067=ADVANCED_FACE('',(#939),#1009,.F.);
#1068=ADVANCED_FACE('',(#940,#941,#942),#1010,.T.);
#1069=ADVANCED_FACE('',(#943),#1011,.F.);
#1070=ADVANCED_FACE('',(#944,#945),#17,.T.);
#1071=ADVANCED_FACE('',(#946,#947),#1012,.T.);
#1072=ADVANCED_FACE('',(#948,#949),#18,.T.);
#1073=ADVANCED_FACE('',(#950,#951),#1013,.T.);
#1074=ADVANCED_FACE('',(#952,#953),#19,.F.);
#1075=ADVANCED_FACE('',(#954,#955),#20,.F.);
#1076=ADVANCED_FACE('',(#956),#1014,.F.);
#1077=ADVANCED_FACE('',(#957),#1015,.T.);
#1078=ADVANCED_FACE('',(#958),#1016,.T.);
#1079=ADVANCED_FACE('',(#959,#960,#961,#962),#1017,.F.);
#1080=ADVANCED_FACE('',(#963),#1018,.F.);
#1081=ADVANCED_FACE('',(#964),#1019,.T.);
#1082=ADVANCED_FACE('',(#965),#1020,.F.);
#1083=ADVANCED_FACE('',(#966),#1021,.T.);
#1084=ADVANCED_FACE('',(#967),#1022,.F.);
#1085=ADVANCED_FACE('',(#968),#1023,.F.);
#1086=ADVANCED_FACE('',(#969),#1024,.F.);
#1087=ADVANCED_FACE('',(#970),#1025,.T.);
#1088=ADVANCED_FACE('',(#971),#1026,.T.);
#1089=ADVANCED_FACE('',(#972),#1027,.T.);
#1090=ADVANCED_FACE('',(#973),#1028,.T.);
#1091=ADVANCED_FACE('',(#974),#1029,.T.);
#1092=ADVANCED_FACE('',(#975),#1030,.T.);
#1093=ADVANCED_FACE('',(#976),#1031,.T.);
#1094=ADVANCED_FACE('',(#977,#978),#1032,.T.);
#1095=ADVANCED_FACE('',(#979),#1033,.F.);
#1096=ADVANCED_FACE('',(#980),#1034,.F.);
#1097=ADVANCED_FACE('',(#981),#1035,.F.);
#1098=ADVANCED_FACE('',(#982),#1036,.T.);
#1099=ADVANCED_FACE('',(#983),#1037,.T.);
#1100=ADVANCED_FACE('',(#984),#1038,.T.);
#1101=CLOSED_SHELL('',(#1039,#1040,#1041,#1042,#1043,#1044,#1045,#1046,
#1047,#1048,#1049,#1050,#1051,#1052,#1053,#1054,#1055,#1056,#1057,#1058,
#1059,#1060,#1061,#1062,#1063,#1064,#1065,#1066));
#1102=CLOSED_SHELL('',(#1067,#1068,#1069,#1070,#1071,#1072,#1073,#1074,
#1075,#1076,#1077,#1078,#1079,#1080,#1081,#1082,#1083,#1084,#1085,#1086,
#1087,#1088,#1089,#1090,#1091,#1092,#1093,#1094));
#1103=CLOSED_SHELL('',(#1095,#1096,#1097,#1098,#1099,#1100));
#1104=STYLED_ITEM('',(#1107),#1126);
#1105=STYLED_ITEM('',(#1108),#1127);
#1106=STYLED_ITEM('',(#1109),#1128);
#1107=PRESENTATION_STYLE_ASSIGNMENT((#1110));
#1108=PRESENTATION_STYLE_ASSIGNMENT((#1111));
#1109=PRESENTATION_STYLE_ASSIGNMENT((#1112));
#1110=SURFACE_STYLE_USAGE(.BOTH.,#1113);
#1111=SURFACE_STYLE_USAGE(.BOTH.,#1114);
#1112=SURFACE_STYLE_USAGE(.BOTH.,#1115);
#1113=SURFACE_SIDE_STYLE('',(#1116));
#1114=SURFACE_SIDE_STYLE('',(#1117));
#1115=SURFACE_SIDE_STYLE('',(#1118));
#1116=SURFACE_STYLE_FILL_AREA(#1119);
#1117=SURFACE_STYLE_FILL_AREA(#1120);
#1118=SURFACE_STYLE_FILL_AREA(#1121);
#1119=FILL_AREA_STYLE('',(#1122));
#1120=FILL_AREA_STYLE('',(#1123));
#1121=FILL_AREA_STYLE('',(#1124));
#1122=FILL_AREA_STYLE_COLOUR('',#1125);
#1123=FILL_AREA_STYLE_COLOUR('',#1125);
#1124=FILL_AREA_STYLE_COLOUR('',#1125);
#1125=COLOUR_RGB('',0.498039215686275,0.498039215686275,0.498039215686275);
#1126=MANIFOLD_SOLID_BREP('Part 3',#1101);
#1127=MANIFOLD_SOLID_BREP('Part 2',#1102);
#1128=MANIFOLD_SOLID_BREP('Part 1',#1103);
#1129=TESSELLATED_CONNECTING_EDGE('',#1332,$,(1647,1648,1649,1650),.F.,
#1269,#1269,(1594,1595,1596,1571),(1594,1595,1596,1571));
#1130=TESSELLATED_CONNECTING_EDGE('',#1332,$,(428,427,426,425),.F.,#1269,
#1269,(1591,1597,1598,1599),(1591,1597,1598,1599));
#1131=TESSELLATED_CONNECTING_EDGE('',#1332,$,(1654,1653,1652,1651),.F.,
#1269,#1269,(963,964,965,966),(963,964,965,966));
#1132=TESSELLATED_CONNECTING_EDGE('',#1332,$,(1052,982,960,887,891,893,
895,898,897,896,894,892,890,886,959,981,998,1051,1075,1076,1077,1078,1052),
 .F.,#1269,#1276,(1307,1311,1309,1310,1315,1314,1313,1312,1316,1317,1318,
1321,1319,1320,1326,1325,1323,1322,1324,1327,1328,1308,1307),(28,26,27,
29,35,33,34,31,32,30,38,36,37,17,18,19,24,22,23,20,21,25,28));
#1133=TESSELLATED_CONNECTING_EDGE('',#1332,$,(1038,1018,971,950,795,796,
799,801,803,806,805,804,802,800,798,794,793,949,970,978,1017,1035,1036,
1037,1038),.F.,#1269,#1275,(1330,1329,1337,1336,1335,1334,1341,1340,1339,
1338,1342,1343,1344,1347,1345,1346,1349,1348,1352,1351,1350,1333,1332,1331,
1330),(28,25,26,27,29,30,38,36,37,34,35,33,40,39,31,32,19,17,18,24,22,23,
20,21,28));
#1134=TESSELLATED_CONNECTING_EDGE('',#1332,$,(1006,996,966,914,772,776,
778,780,783,782,781,779,777,775,771,913,965,969,995,1003,1004,1005,1006),
 .F.,#1269,#1274,(1354,1353,1360,1358,1359,1364,1363,1362,1361,1365,1366,
1367,1370,1368,1369,1374,1373,1372,1371,1357,1356,1355,1354),(27,25,26,
28,29,35,33,34,31,32,30,38,36,37,19,17,18,24,22,23,20,21,27));
#1135=TESSELLATED_CONNECTING_EDGE('',#1332,$,(847,762,756,752,743,738,735,
730,725,723,710,708,693),.F.,#1269,#1269,(507,508,446,447,505,506,449,450,
452,454,469,470,472),(507,508,446,447,505,506,449,450,452,454,469,470,472));
#1136=TESSELLATED_CONNECTING_EDGE('',#1332,$,(846,843,840,839,953,955,972,
974,987,1019,1029,1033,1053,1062,1093,1112,1117,1170,1194,1197,1198,1202,
1155,1156,1157,1167,1203,1200,1199,1195,1171,1111,1094,1061,1060,1034,1032,
1020,977,973,956,954,841,842,844,847),.F.,#1269,#1272,(468,930,901,900,
899,898,897,895,894,896,893,890,889,892,891,886,885,888,906,905,904,903,
902,908,907,915,914,913,912,911,910,928,927,926,925,924,923,922,921,920,
929,919,917,916,918,507),(31,30,33,32,34,35,36,61,37,38,39,40,41,42,43,
60,44,45,59,62,63,67,70,71,68,69,64,65,66,46,47,48,49,50,51,52,53,54,57,
55,56,58,29,26,27,28));
#1137=TESSELLATED_CONNECTING_EDGE('',#1332,$,(692,707,709,724,726,729,736,
737,744,751,755,761,846),.F.,#1269,#1269,(420,496,498,499,460,462,502,501,
464,465,500,467,468),(420,496,498,499,460,462,502,501,464,465,500,467,468));
#1138=TESSELLATED_CONNECTING_EDGE('',#1332,$,(847,849,851,853,856,855,854,
852,850,848,846),.F.,#1269,#1272,(507,448,451,453,455,456,459,461,463,466,
468),(28,25,20,21,18,19,17,24,22,23,31));
#1139=TESSELLATED_CONNECTING_EDGE('',#1332,$,(935,764,760,758,753,750,747,
746,741,739,734,732,720),.F.,#1269,#1269,(673,674,615,616,672,671,618,619,
621,623,638,639,641),(673,674,615,616,672,671,618,619,621,623,638,639,641));
#1140=TESSELLATED_CONNECTING_EDGE('',#1332,$,(934,932,930,963,967,989,991,
1007,1054,1065,1069,1081,1088,1107,1116,1118,1207,1234,1237,1238,1242,1176,
1177,1178,1188,1243,1240,1239,1235,1208,1113,1108,1087,1086,1070,1068,1055,
994,990,968,964,931,933,935),.F.,#1269,#1273,(637,1393,1392,1391,1390,1389,
1387,1386,1388,1385,1382,1381,1384,1383,1379,1378,1380,1398,1397,1396,1395,
1394,1400,1399,1407,1406,1405,1404,1403,1402,1419,1418,1417,1416,1415,1414,
1413,1412,1411,1420,1410,1409,1408,673),(27,26,28,32,33,34,59,35,36,37,
38,39,40,41,58,42,43,44,60,61,65,68,69,66,67,62,63,64,46,57,45,47,48,49,
50,51,52,55,53,54,56,29,30,31));
#1141=TESSELLATED_CONNECTING_EDGE('',#1332,$,(719,731,733,740,742,745,748,
749,754,757,759,763,934),.F.,#1269,#1269,(427,662,664,665,629,631,667,668,
633,634,666,636,637),(427,662,664,665,629,631,667,668,633,634,666,636,637));
#1142=TESSELLATED_CONNECTING_EDGE('',#1332,$,(935,939,941,943,946,945,944,
942,940,938,934),.F.,#1269,#1273,(673,617,620,622,624,625,628,630,632,635,
637),(31,25,20,21,18,19,17,24,22,23,27));
#1143=TESSELLATED_CONNECTING_EDGE('',#1332,$,(450,449,448,447),.F.,#1269,
#1269,(21,1,2,4),(21,1,2,4));
#1144=TESSELLATED_CONNECTING_EDGE('',#1332,$,(1511,1512,1513,1514),.F.,
#1269,#1269,(329,1375,1376,874),(329,1375,1376,874));
#1145=TESSELLATED_CONNECTING_EDGE('',#1332,$,(1257,1168,1166,1161,1160,
1159,1158,1169,1251,1256),.F.,#1269,#1269,(484,486,503,487,489,491,492,
493,495,148),(484,486,503,487,489,491,492,493,495,148));
#1146=TESSELLATED_CONNECTING_EDGE('',#1332,$,(1597,1598,1599,1600),.F.,
#1269,#1269,(276,1438,1439,882),(276,1438,1439,882));
#1147=TESSELLATED_CONNECTING_EDGE('',#1332,$,(1276,1205,1187,1182,1181,
1180,1179,1206,1272,1275),.F.,#1269,#1269,(651,652,654,669,655,657,658,
659,660,179),(651,652,654,669,655,657,658,659,660,179));
#1148=TESSELLATED_CONNECTING_EDGE('',#1332,$,(376,375,374,373),.F.,#1269,
#1269,(55,70,69,68),(55,70,69,68));
#1149=TESSELLATED_CONNECTING_EDGE('',#1332,$,(486,485,484,483),.F.,#1269,
#1269,(598,610,611,437),(598,610,611,437));
#1150=TESSELLATED_CONNECTING_EDGE('',#1332,$,(875,871,957,979,997,1049,
1071,1072,1073,1074,1050,980,958,872,876,878,880,883,882,881,879,877,875),
 .F.,#1269,#1277,(1552,1553,1558,1557,1555,1554,1556,1559,1561,1560,1562,
1565,1563,1564,1569,1568,1567,1566,1570,1550,1549,1551,1552),(25,27,28,
29,34,32,33,30,31,35,38,36,37,22,23,20,21,18,19,17,26,24,25));
#1151=TESSELLATED_CONNECTING_EDGE('',#1332,$,(925,923,921,919,915,961,992,
1008,1066,1082,1083,1084,1085,1067,993,962,916,920,922,924,927,926,925),
 .F.,#1269,#1271,(1739,1738,1899,1918,1689,1691,1917,1746,1745,1744,1750,
1749,1748,1751,1665,1667,1688,1914,1892,1867,1752,1742,1739),(17,26,24,
25,27,28,29,34,32,33,30,31,38,37,35,36,22,23,20,21,18,19,17));
#1152=TESSELLATED_CONNECTING_EDGE('',#1332,$,(975,988,1030,1056,1057,1058,
1059,1031,976,952,824,825,828,830,832,835,834,833,831,829,827,823,822,951,
975),.F.,#1269,#1270,(1772,1721,1720,1719,1725,1724,1723,1729,1773,1774,
1728,1727,1775,1776,1777,1731,1733,1735,1734,1778,1779,1780,1737,1736,1772),
(27,21,19,20,17,18,25,22,23,24,29,30,38,36,37,34,35,33,40,39,31,32,28,26,
27));
#1153=TESSELLATED_SOLID('ConvergentBody',(#1269,#1129,#1130,#1131,#1132,
#1133,#1134,#1135,#1136,#1137,#1138,#1139,#1140,#1141,#1142,#1143,#1144,
#1145,#1146,#1147,#1148,#1149,#1150,#1151,#1152,#1270,#1271,#1272,#1273,
#1274,#1275,#1276,#1277),$);
#1154=SHAPE_REPRESENTATION_RELATIONSHIP('','',#1497,#1212);
#1155=SHAPE_REPRESENTATION_RELATIONSHIP('','',#1498,#1213);
#1156=SHAPE_REPRESENTATION_RELATIONSHIP('','',#1499,#1214);
#1157=SHAPE_REPRESENTATION_RELATIONSHIP('','',#1500,#10);
#1158=SHAPE_REPRESENTATION_RELATIONSHIP('','',#1501,#11);
#1159=SHAPE_REPRESENTATION_RELATIONSHIP('','',#1502,#1215);
#1160=SHAPE_REPRESENTATION_RELATIONSHIP('','',#1503,#1216);
#1161=SHAPE_REPRESENTATION_RELATIONSHIP('','',#1504,#1217);
#1162=SHAPE_REPRESENTATION_RELATIONSHIP('','',#1505,#1218);
#1163=SHAPE_REPRESENTATION_RELATIONSHIP('','',#1506,#1219);
#1164=SHAPE_REPRESENTATION_RELATIONSHIP('','',#1507,#1220);
#1165=SHAPE_REPRESENTATION_RELATIONSHIP('','',#1508,#1221);
#1166=SHAPE_REPRESENTATION_RELATIONSHIP('','',#1509,#1222);
#1167=SHAPE_REPRESENTATION_RELATIONSHIP('','',#1510,#1223);
#1168=SHAPE_REPRESENTATION_RELATIONSHIP('','',#1511,#1224);
#1169=SHAPE_REPRESENTATION_RELATIONSHIP('','',#1512,#1225);
#1170=SHAPE_REPRESENTATION_RELATIONSHIP('','',#1513,#1226);
#1171=SHAPE_REPRESENTATION_RELATIONSHIP('','',#1514,#1227);
#1172=SHAPE_REPRESENTATION_RELATIONSHIP('','',#1515,#1228);
#1173=SHAPE_REPRESENTATION_RELATIONSHIP('','',#1516,#1229);
#1174=SHAPE_REPRESENTATION_RELATIONSHIP('','',#1517,#1230);
#1175=SHAPE_REPRESENTATION_RELATIONSHIP('','',#1518,#1231);
#1176=SHAPE_REPRESENTATION_RELATIONSHIP('','',#1519,#1232);
#1177=SHAPE_REPRESENTATION_RELATIONSHIP('','',#1520,#1233);
#1178=SHAPE_REPRESENTATION_RELATIONSHIP('','',#1521,#1234);
#1179=SHAPE_REPRESENTATION_RELATIONSHIP('','',#1522,#1235);
#1180=SHAPE_REPRESENTATION_RELATIONSHIP('','',#1523,#1236);
#1181=SHAPE_REPRESENTATION_RELATIONSHIP('','',#1524,#1237);
#1182=SHAPE_REPRESENTATION_RELATIONSHIP('','',#1525,#1238);
#1183=SHAPE_REPRESENTATION_RELATIONSHIP('','',#1526,#1239);
#1184=SHAPE_REPRESENTATION_RELATIONSHIP('','',#1527,#1240);
#1185=SHAPE_REPRESENTATION_RELATIONSHIP('','',#1528,#1241);
#1186=SHAPE_REPRESENTATION_RELATIONSHIP('','',#1529,#1242);
#1187=SHAPE_REPRESENTATION_RELATIONSHIP('','',#1530,#1243);
#1188=SHAPE_REPRESENTATION_RELATIONSHIP('','',#1531,#1244);
#1189=SHAPE_REPRESENTATION_RELATIONSHIP('','',#1532,#1245);
#1190=SHAPE_REPRESENTATION_RELATIONSHIP('','',#1533,#1246);
#1191=SHAPE_REPRESENTATION_RELATIONSHIP('','',#1534,#1247);
#1192=SHAPE_REPRESENTATION_RELATIONSHIP('','',#1535,#1248);
#1193=SHAPE_REPRESENTATION_RELATIONSHIP('','',#1536,#1249);
#1194=SHAPE_REPRESENTATION_RELATIONSHIP('','',#1537,#1250);
#1195=SHAPE_REPRESENTATION_RELATIONSHIP('','',#1538,#1251);
#1196=SHAPE_REPRESENTATION_RELATIONSHIP('','',#1539,#1252);
#1197=SHAPE_REPRESENTATION_RELATIONSHIP('','',#1540,#1253);
#1198=SHAPE_REPRESENTATION_RELATIONSHIP('','',#1541,#1254);
#1199=SHAPE_REPRESENTATION_RELATIONSHIP('','',#1542,#1255);
#1200=SHAPE_REPRESENTATION_RELATIONSHIP('','',#1543,#1256);
#1201=SHAPE_REPRESENTATION_RELATIONSHIP('','',#1544,#1257);
#1202=SHAPE_REPRESENTATION_RELATIONSHIP('','',#1545,#1258);
#1203=SHAPE_REPRESENTATION_RELATIONSHIP('','',#1546,#1259);
#1204=SHAPE_REPRESENTATION_RELATIONSHIP('','',#1547,#1260);
#1205=SHAPE_REPRESENTATION_RELATIONSHIP('','',#1548,#1261);
#1206=SHAPE_REPRESENTATION_RELATIONSHIP('','',#1549,#1262);
#1207=SHAPE_REPRESENTATION_RELATIONSHIP('','',#1550,#1263);
#1208=SHAPE_REPRESENTATION_RELATIONSHIP('','',#1551,#1264);
#1209=SHAPE_REPRESENTATION_RELATIONSHIP('','',#1552,#1265);
#1210=SHAPE_REPRESENTATION_RELATIONSHIP('','',#1553,#1266);
#1211=SHAPE_REPRESENTATION_RELATIONSHIP('','',#1554,#12);
#1212=TESSELLATED_SHAPE_REPRESENTATION('',(#1385),#2507);
#1213=TESSELLATED_SHAPE_REPRESENTATION('',(#1386),#2508);
#1214=TESSELLATED_SHAPE_REPRESENTATION('',(#1153),#2509);
#1215=TESSELLATED_SHAPE_REPRESENTATION('',(#1387),#2512);
#1216=TESSELLATED_SHAPE_REPRESENTATION('',(#1388),#2513);
#1217=TESSELLATED_SHAPE_REPRESENTATION('',(#1389),#2514);
#1218=TESSELLATED_SHAPE_REPRESENTATION('',(#1390),#2515);
#1219=TESSELLATED_SHAPE_REPRESENTATION('',(#1391),#2516);
#1220=TESSELLATED_SHAPE_REPRESENTATION('',(#1392),#2517);
#1221=TESSELLATED_SHAPE_REPRESENTATION('',(#1393),#2518);
#1222=TESSELLATED_SHAPE_REPRESENTATION('',(#1394),#2519);
#1223=TESSELLATED_SHAPE_REPRESENTATION('',(#1395),#2520);
#1224=TESSELLATED_SHAPE_REPRESENTATION('',(#1396),#2521);
#1225=TESSELLATED_SHAPE_REPRESENTATION('',(#1397),#2522);
#1226=TESSELLATED_SHAPE_REPRESENTATION('',(#1398),#2523);
#1227=TESSELLATED_SHAPE_REPRESENTATION('',(#1399),#2524);
#1228=TESSELLATED_SHAPE_REPRESENTATION('',(#1400),#2525);
#1229=TESSELLATED_SHAPE_REPRESENTATION('',(#1401),#2526);
#1230=TESSELLATED_SHAPE_REPRESENTATION('',(#1402),#2527);
#1231=TESSELLATED_SHAPE_REPRESENTATION('',(#1403),#2528);
#1232=TESSELLATED_SHAPE_REPRESENTATION('',(#1404),#2529);
#1233=TESSELLATED_SHAPE_REPRESENTATION('',(#1405),#2530);
#1234=TESSELLATED_SHAPE_REPRESENTATION('',(#1406),#2531);
#1235=TESSELLATED_SHAPE_REPRESENTATION('',(#1407),#2532);
#1236=TESSELLATED_SHAPE_REPRESENTATION('',(#1408),#2533);
#1237=TESSELLATED_SHAPE_REPRESENTATION('',(#1409),#2534);
#1238=TESSELLATED_SHAPE_REPRESENTATION('',(#1410),#2535);
#1239=TESSELLATED_SHAPE_REPRESENTATION('',(#1411),#2536);
#1240=TESSELLATED_SHAPE_REPRESENTATION('',(#1412),#2537);
#1241=TESSELLATED_SHAPE_REPRESENTATION('',(#1413),#2538);
#1242=TESSELLATED_SHAPE_REPRESENTATION('',(#1414),#2539);
#1243=TESSELLATED_SHAPE_REPRESENTATION('',(#1415),#2540);
#1244=TESSELLATED_SHAPE_REPRESENTATION('',(#1416),#2541);
#1245=TESSELLATED_SHAPE_REPRESENTATION('',(#1417),#2542);
#1246=TESSELLATED_SHAPE_REPRESENTATION('',(#1418),#2543);
#1247=TESSELLATED_SHAPE_REPRESENTATION('',(#1419),#2544);
#1248=TESSELLATED_SHAPE_REPRESENTATION('',(#1420),#2545);
#1249=TESSELLATED_SHAPE_REPRESENTATION('',(#1421),#2546);
#1250=TESSELLATED_SHAPE_REPRESENTATION('',(#1422),#2547);
#1251=TESSELLATED_SHAPE_REPRESENTATION('',(#1423),#2548);
#1252=TESSELLATED_SHAPE_REPRESENTATION('',(#1424),#2549);
#1253=TESSELLATED_SHAPE_REPRESENTATION('',(#1425),#2550);
#1254=TESSELLATED_SHAPE_REPRESENTATION('',(#1426),#2551);
#1255=TESSELLATED_SHAPE_REPRESENTATION('',(#1427),#2552);
#1256=TESSELLATED_SHAPE_REPRESENTATION('',(#1428),#2553);
#1257=TESSELLATED_SHAPE_REPRESENTATION('',(#1429),#2554);
#1258=TESSELLATED_SHAPE_REPRESENTATION('',(#1430),#2555);
#1259=TESSELLATED_SHAPE_REPRESENTATION('',(#1431),#2556);
#1260=TESSELLATED_SHAPE_REPRESENTATION('',(#1432),#2557);
#1261=TESSELLATED_SHAPE_REPRESENTATION('',(#1433),#2558);
#1262=TESSELLATED_SHAPE_REPRESENTATION('',(#1434),#2559);
#1263=TESSELLATED_SHAPE_REPRESENTATION('',(#1435),#2560);
#1264=TESSELLATED_SHAPE_REPRESENTATION('',(#1436),#2561);
#1265=TESSELLATED_SHAPE_REPRESENTATION('',(#1437),#2562);
#1266=TESSELLATED_SHAPE_REPRESENTATION('',(#1438),#2563);
#1267=COMPLEX_TRIANGULATED_FACE('ConvergentBody',#1330,40,((-9.86872881328082E-5,
-0.119172833110795,0.992873519693806),(-0.992893410051059,-0.119006991655714,
-0.000110518040011861),(-9.86873641671863E-5,-0.11916645971103,0.992874284660824),
(0.992886125557724,-0.119067771170046,8.68537250180228E-5),(-9.86896418210607E-5,
0.118975380250473,0.992897199691192),(-0.992893421498004,0.119006915770641,
-8.68604989633365E-5),(-0.992893548758414,0.119005854012131,-8.68606171466206E-5),
(9.86871681812226E-5,0.119182887062424,-0.992872312884345),(-9.86897177293473E-5,
0.11896900670791,0.992897963389629),(0.992886132309486,0.119067695249798,
0.000110523350308113),(-9.60117052380058E-5,0.258710113491877,0.965955003071454),
(0.965929281088772,0.258806122640716,0.000121733346094008),(0.,0.999999995060255,
9.93956281442664E-5),(0.,0.999999995060255,9.93956281442664E-5),(-9.60117052380058E-5,
0.258710113491877,0.965955003071454),(-0.965963821561608,0.258677193605921,
-7.03011992312871E-5),(-0.965963821561608,0.258677193605921,-7.03011992312871E-5),
(0.,0.999999995060255,9.93956281442664E-5),(9.60060190270945E-5,0.258923618045123,
-0.965897795215036),(-9.60065866993678E-5,-0.258902311694934,0.96590350645484),
(0.,-0.999999995060255,-9.93956281442664E-5),(0.965929237998296,-0.258806302550886,
7.02849289113802E-5),(-9.60065866993678E-5,-0.258902311694934,0.96590350645484),
(-0.965963768292479,-0.258677373439324,-0.000121723976863382),(0.,-0.999999995060255,
-9.93956281442664E-5),(-0.965963768292479,-0.258677373439324,-0.000121723976863382),
(0.,-0.999999995060255,-9.93956281442664E-5),(9.60111284069452E-5,-0.258731780819704,
-0.965949199686882),(-0.992893537311754,-0.11900592989568,-0.000110517947126711),
(9.86895202592904E-5,-0.118985586308264,-0.992895976681977),(0.992886252944328,
-0.119066708909674,8.6853843263733E-5),(9.868959618025E-5,-0.118979212256271,
-0.992896740507915),(0.965929281088772,0.258806122640716,0.000121733346094008),
(9.60060190270945E-5,0.258923618045123,-0.965897795215036),(0.,0.999999995060255,
9.93956281442664E-5),(0.992886259695847,0.11906663299095,0.000110523257385873),
(9.86872442279672E-5,0.119176513171543,-0.992873077975781),(0.965929237998296,
-0.258806302550886,7.02849289113802E-5),(0.,-0.999999995060255,-9.93956281442664E-5),
(9.60111284069452E-5,-0.258731780819704,-0.965949199686882)),$,(2,2,14,
14,1,1,3,3,13,13,9,9,9,5,5,5,7,7,7,10,10,10,6,6,6,8,8,8,4,4,16,16,11,11,
11,15,15,12,12,12),((1,3,5),(7,2,6),(5,3,9),(9,11,5),(5,11,15),(17,6,16),
(7,6,17),(3,1,20),(20,1,23),(2,26,24),(29,26,2),(29,2,7),(4,31,10),(10,
33,12),(36,33,10),(10,31,36),(38,4,22),(31,4,38),(35,14,13),(18,14,35),
(27,21,25),(39,21,27),(34,8,19),(30,40,28),(37,8,34),(32,40,30),(37,30,
8),(32,30,37)),());
#1268=COMPLEX_TRIANGULATED_FACE('ConvergentBody',#1331,40,((-9.86870717620356E-5,
-0.119190967981289,0.992871342829747),(-0.992891236069897,-0.119025128107485,
-0.000110519626611678),(-9.86871478206786E-5,-0.119184593531566,0.992872108040891),
(0.992883950740402,-0.11908590520675,8.68517064066913E-5),(-9.86894258088621E-5,
0.118993515544674,0.992895026434676),(-0.992891247519648,0.119025052213734,
-8.68584801962098E-5),(-0.992891120217925,0.119026114143156,-8.68583619918315E-5),
(9.86871935303992E-5,0.119180762448619,-0.992872567917456),(-9.86895017413929E-5,
0.118987140952106,0.992895790377029),(0.992883957494254,0.119085829277827,
0.000110524936584118),(-9.60105611157497E-5,0.258753087907958,0.965943492281028),
(0.965917766026509,0.25884909591225,0.000121736472902531),(0.,0.999999995060255,
9.93956281442664E-5),(0.,0.999999995060255,9.93956281442664E-5),(-9.60105611157497E-5,
0.258753087907958,0.965943492281028),(-0.965952311412975,0.258720171487331,
-7.02957833592401E-5),(-0.965952311412975,0.258720171487331,-7.02957833592401E-5),
(0.,0.999999995060255,9.93956281442664E-5),(9.60060190270945E-5,0.258923618045123,
-0.965897795215036),(-9.60054417264692E-5,-0.258945283847503,0.965891987106266),
(0.,-0.999999995060255,-9.93956281442664E-5),(0.965917722921448,-0.258849275848003,
7.02795130051488E-5),(-9.60054417264692E-5,-0.258945283847503,0.965891987106266),
(-0.965952258127567,-0.258720351346326,-0.000121727104619425),(0.,-0.999999995060255,
-9.93956281442664E-5),(-0.965952258127567,-0.258720351346326,-0.000121727104619425),
(0.,-0.999999995060255,-9.93956281442664E-5),(9.60111284069452E-5,-0.258731780819704,
-0.965949199686882),(-0.992891108767888,-0.119026190038431,-0.00011051971950971),
(9.86895455665389E-5,-0.118983461640755,-0.992896231293259),(0.992883823312469,
-0.119086967638004,8.68515881398883E-5),(9.86896214867122E-5,-0.118977087539315,
-0.992896995111286),(0.965917766026509,0.25884909591225,0.000121736472902531),
(9.60060190270945E-5,0.258923618045123,-0.965897795215036),(0.,0.999999995060255,
9.93956281442664E-5),(0.992883830066565,0.119086891707557,0.000110525029519234),
(9.86872695763585E-5,0.11917438850829,-0.992873333000992),(0.965917722921448,
-0.258849275848003,7.02795130051488E-5),(0.,-0.999999995060255,-9.93956281442664E-5),
(9.60111284069452E-5,-0.258731780819704,-0.965949199686882)),$,(2,2,14,
14,1,1,3,3,13,13,9,9,9,5,5,5,7,7,7,10,10,10,6,6,6,8,8,8,4,4,16,16,11,11,
11,15,15,12,12,12),((1,3,5),(7,2,6),(5,3,9),(9,11,5),(5,11,15),(17,6,16),
(7,6,17),(3,1,20),(20,1,23),(2,26,24),(29,26,2),(29,2,7),(4,31,10),(10,
33,12),(36,33,10),(10,31,36),(38,4,22),(31,4,38),(35,14,13),(18,14,35),
(27,21,25),(39,21,27),(34,8,19),(30,40,28),(37,8,34),(32,40,30),(37,30,
8),(32,30,37)),());
#1269=COMPLEX_TRIANGULATED_FACE('ConvergentBody',#1332,1918,((-0.317809620178781,
-9.42455565916076E-5,0.948154542487454),(-0.317809620178781,-9.42455565916076E-5,
0.948154542487454),(-0.403949331080662,-9.09292587771459E-5,0.914781356200134),
(-0.317809620178781,-9.42455565916076E-5,0.948154542487454),(-0.403949331080662,
-9.09292587771459E-5,0.914781356200134),(0.,0.999999995060255,9.93956281442664E-5),
(0.,0.999999995060255,9.93956281442664E-5),(0.,0.999999995060255,9.93956281442664E-5),
(0.,0.999999995060255,9.93956281442664E-5),(0.,0.999999995060255,9.93956281442664E-5),
(0.,0.999999995060255,9.93956281442664E-5),(0.,0.999999995060255,9.93956281442664E-5),
(0.,0.999999995060255,9.93956281442664E-5),(0.,0.999999995060255,9.93956281442664E-5),
(0.,0.999999995060255,9.93956281442664E-5),(0.,0.999999995060255,9.93956281442664E-5),
(-0.403909297428784,-9.09310154002107E-5,0.914799033221033),(-0.403909297428784,
-9.09310154002107E-5,0.914799033221033),(-0.403909297428784,-9.09310154002107E-5,
0.914799033221033),(0.,-0.999999995060255,-9.93956281442664E-5),(0.,-0.999999995060255,
-9.93956281442664E-5),(0.,-0.999999995060255,-9.93956281442664E-5),(0.,
-0.999999995060255,-9.93956281442664E-5),(0.,-0.999999995060255,-9.93956281442664E-5),
(0.,-0.999999995060255,-9.93956281442664E-5),(0.,-0.999999995060255,-9.93956281442664E-5),
(0.,-0.999999995060255,-9.93956281442664E-5),(0.,-0.999999995060255,-9.93956281442664E-5),
(0.,-0.999999995060255,-9.93956281442664E-5),(0.,-0.999999995060255,-9.93956281442664E-5),
(0.,-0.999999995060255,-9.93956281442664E-5),(0.,-0.999999995060255,-9.93956281442664E-5),
(0.,-0.999999995060255,-9.93956281442664E-5),(0.,-0.999999995060255,-9.93956281442664E-5),
(0.,0.999999995060255,9.93956281442664E-5),(0.,0.999999995060255,9.93956281442664E-5),
(0.,0.999999995060255,9.93956281442664E-5),(0.,0.999999995060255,9.93956281442664E-5),
(0.,-0.999999995060255,-9.93956281442664E-5),(0.,-0.999999995060255,-9.93956281442664E-5),
(0.,-0.999999995060255,-9.93956281442664E-5),(0.,-0.999999995060255,-9.93956281442664E-5),
(0.,-0.999999995060255,-9.93956281442664E-5),(0.,-0.999999995060255,-9.93956281442664E-5),
(0.,-0.999999995060255,-9.93956281442664E-5),(0.,-0.999999995060255,-9.93956281442664E-5),
(0.,-0.999999995060255,-9.93956281442664E-5),(0.,0.999999995060255,9.93956281442664E-5),
(0.,0.999999995060255,9.93956281442664E-5),(0.,0.999999995060255,9.93956281442664E-5),
(0.,0.999999995060255,9.93956281442664E-5),(0.,-0.999999995060255,-9.93956281442664E-5),
(0.,-0.999999995060255,-9.93956281442664E-5),(0.,-0.999999995060255,-9.93956281442664E-5),
(0.,-0.999999995060255,-9.93956281442664E-5),(0.,-0.999999995060255,-9.93956281442664E-5),
(0.,-0.999999995060255,-9.93956281442664E-5),(0.,-0.999999995060255,-9.93956281442664E-5),
(0.,-0.999999995060255,-9.93956281442664E-5),(0.,-0.999999995060255,-9.93956281442664E-5),
(0.,-0.999999995060255,-9.93956281442664E-5),(0.,-0.999999995060255,-9.93956281442664E-5),
(0.,-0.999999995060255,-9.93956281442664E-5),(0.,-0.999999995060255,-9.93956281442664E-5),
(0.,-0.999999995060255,-9.93956281442664E-5),(0.,-0.999999995060255,-9.93956281442664E-5),
(-0.40333569543613,9.09481919478909E-5,-0.915052079673873),(-0.317538134794012,
9.42483202377926E-5,-0.948245497784616),(-0.317538134794012,9.42483202377926E-5,
-0.948245497784616),(-0.317538134794012,9.42483202377926E-5,-0.948245497784616),
(0.,0.999999995060255,9.93956281442664E-5),(0.,0.999999995060255,9.93956281442664E-5),
(0.,0.999999995060255,9.93956281442664E-5),(0.,0.999999995060255,9.93956281442664E-5),
(0.,0.999999995060255,9.93956281442664E-5),(0.,0.999999995060255,9.93956281442664E-5),
(0.,0.999999995060255,9.93956281442664E-5),(0.,0.999999995060255,9.93956281442664E-5),
(0.,0.999999995060255,9.93956281442664E-5),(0.,0.999999995060255,9.93956281442664E-5),
(0.,0.999999995060255,9.93956281442664E-5),(0.,0.999999995060255,9.93956281442664E-5),
(0.,0.999999995060255,9.93956281442664E-5),(0.,0.999999995060255,9.93956281442664E-5),
(0.,0.999999995060255,9.93956281442664E-5),(0.,0.999999995060255,9.93956281442664E-5),
(0.,0.999999995060255,9.93956281442664E-5),(0.,0.999999995060255,9.93956281442664E-5),
(0.,0.999999995060255,9.93956281442664E-5),(-0.403847995979785,-9.09337048225583E-5,
0.914826097066635),(-0.403847995979785,-9.09337048225583E-5,0.914826097066635),
(0.,-0.999999995060255,-9.93956281442664E-5),(0.,-0.999999995060255,-9.93956281442664E-5),
(0.,-0.999999995060255,-9.93956281442664E-5),(0.,-0.999999995060255,-9.93956281442664E-5),
(0.,-0.999999995060255,-9.93956281442664E-5),(0.,-0.999999995060255,-9.93956281442664E-5),
(0.,-0.999999995060255,-9.93956281442664E-5),(0.,-0.999999995060255,-9.93956281442664E-5),
(0.,-0.999999995060255,-9.93956281442664E-5),(0.,-0.999999995060255,-9.93956281442664E-5),
(0.,0.999999995060255,9.93956281442664E-5),(0.,0.999999995060255,9.93956281442664E-5),
(0.,0.999999995060255,9.93956281442664E-5),(0.,0.999999995060255,9.93956281442664E-5),
(0.,0.999999995060255,9.93956281442664E-5),(0.,0.999999995060255,9.93956281442664E-5),
(0.,0.999999995060255,9.93956281442664E-5),(0.,0.999999995060255,9.93956281442664E-5),
(0.,0.999999995060255,9.93956281442664E-5),(0.,0.999999995060255,9.93956281442664E-5),
(0.,0.999999995060255,9.93956281442664E-5),(0.,0.999999995060255,9.93956281442664E-5),
(0.,0.999999995060255,9.93956281442664E-5),(0.,0.999999995060255,9.93956281442664E-5),
(0.,0.999999995060255,9.93956281442664E-5),(0.,0.999999995060255,9.93956281442664E-5),
(0.,0.999999995060255,9.93956281442664E-5),(0.,0.999999995060255,9.93956281442664E-5),
(0.,-0.999999995060255,-9.93956281442664E-5),(0.,-0.999999995060255,-9.93956281442664E-5),
(0.,-0.999999995060255,-9.93956281442664E-5),(0.,-0.999999995060255,-9.93956281442664E-5),
(0.,-0.999999995060255,-9.93956281442664E-5),(0.,-0.999999995060255,-9.93956281442664E-5),
(0.,-0.999999995060255,-9.93956281442664E-5),(0.,-0.999999995060255,-9.93956281442664E-5),
(0.,-0.999999995060255,-9.93956281442664E-5),(0.,0.999999995060255,9.93956281442664E-5),
(0.,0.999999995060255,9.93956281442664E-5),(0.,-0.999999995060255,-9.93956281442664E-5),
(0.,-0.999999995060255,-9.93956281442664E-5),(0.,0.999999995060255,9.93956281442664E-5),
(-0.9968206485355,-7.92949978180038E-6,0.0796780684403655),(0.,0.999999995060255,
9.93956281442664E-5),(0.,-0.999999995060255,-9.93956281442664E-5),(-0.996807478844921,
7.92616326681134E-6,-0.0798426581221354),(0.,-0.999999995060255,-9.93956281442664E-5),
(0.,0.999999995060255,9.93956281442664E-5),(0.,0.999999995060255,9.93956281442664E-5),
(-0.9968206485355,-7.92949978180038E-6,0.0796780684403655),(0.,-0.999999995060255,
-9.93956281442664E-5),(0.,-0.999999995060255,-9.93956281442664E-5),(-0.996807478844921,
7.92616326681134E-6,-0.0798426581221354),(0.,-0.999999995060255,-9.93956281442664E-5),
(0.,0.999999995060255,9.93956281442664E-5),(0.,0.999999995060255,9.93956281442664E-5),
(0.,0.999999995060255,9.93956281442664E-5),(0.,0.999999995060255,9.93956281442664E-5),
(0.,0.999999995060255,9.93956281442664E-5),(0.,0.999999995060255,9.93956281442664E-5),
(0.,0.999999995060255,9.93956281442664E-5),(0.,0.999999995060255,9.93956281442664E-5),
(0.,0.999999995060255,9.93956281442664E-5),(0.,0.999999995060255,9.93956281442664E-5),
(0.,0.999999995060255,9.93956281442664E-5),(0.,0.999999995060255,9.93956281442664E-5),
(0.,0.999999995060255,9.93956281442664E-5),(0.,0.999999995060255,9.93956281442664E-5),
(0.,0.999999995060255,9.93956281442664E-5),(0.,0.999999995060255,9.93956281442664E-5),
(0.,0.999999995060255,9.93956281442664E-5),(0.,0.999999995060255,9.93956281442664E-5),
(0.,0.999999995060255,9.93956281442664E-5),(0.,0.999999995060255,9.93956281442664E-5),
(0.,0.999999995060255,9.93956281442664E-5),(0.,0.999999995060255,9.93956281442664E-5),
(0.,0.999999995060255,9.93956281442664E-5),(0.,0.999999995060255,9.93956281442664E-5),
(0.,0.999999995060255,9.93956281442664E-5),(0.,0.999999995060255,9.93956281442664E-5),
(0.,0.999999995060255,9.93956281442664E-5),(0.,0.999999995060255,9.93956281442664E-5),
(0.,0.999999995060255,9.93956281442664E-5),(0.,0.999999995060255,9.93956281442664E-5),
(0.,0.999999995060255,9.93956281442664E-5),(0.,0.999999995060255,9.93956281442664E-5),
(0.,0.999999995060255,9.93956281442664E-5),(0.,0.999999995060255,9.93956281442664E-5),
(0.,0.999999995060255,9.93956281442664E-5),(0.,0.999999995060255,9.93956281442664E-5),
(0.,0.999999995060255,9.93956281442664E-5),(0.,0.999999995060255,9.93956281442664E-5),
(0.,0.999999995060255,9.93956281442664E-5),(0.,0.999999995060255,9.93956281442664E-5),
(0.,0.999999995060255,9.93956281442664E-5),(0.,0.999999995060255,9.93956281442664E-5),
(0.,0.999999995060255,9.93956281442664E-5),(0.,0.999999995060255,9.93956281442664E-5),
(0.,0.999999995060255,9.93956281442664E-5),(0.,0.999999995060255,9.93956281442664E-5),
(0.,0.999999995060255,9.93956281442664E-5),(0.,0.999999995060255,9.93956281442664E-5),
(0.,0.999999995060255,9.93956281442664E-5),(0.,0.999999995060255,9.93956281442664E-5),
(0.,0.999999995060255,9.93956281442664E-5),(0.,0.999999995060255,9.93956281442664E-5),
(0.,0.999999995060255,9.93956281442664E-5),(0.,0.999999995060255,9.93956281442664E-5),
(0.,0.999999995060255,9.93956281442664E-5),(0.,0.999999995060255,9.93956281442664E-5),
(0.,0.999999995060255,9.93956281442664E-5),(0.,0.999999995060255,9.93956281442664E-5),
(0.,0.999999995060255,9.93956281442664E-5),(0.,0.999999995060255,9.93956281442664E-5),
(0.,0.999999995060255,9.93956281442664E-5),(0.,0.999999995060255,9.93956281442664E-5),
(0.,0.999999995060255,9.93956281442664E-5),(0.,0.999999995060255,9.93956281442664E-5),
(0.,0.999999995060255,9.93956281442664E-5),(0.,0.999999995060255,9.93956281442664E-5),
(0.,0.999999995060255,9.93956281442664E-5),(0.,0.999999995060255,9.93956281442664E-5),
(0.,0.999999995060255,9.93956281442664E-5),(0.,0.999999995060255,9.93956281442664E-5),
(0.,0.999999995060255,9.93956281442664E-5),(0.,0.999999995060255,9.93956281442664E-5),
(0.,0.999999995060255,9.93956281442664E-5),(0.,0.999999995060255,9.93956281442664E-5),
(0.,0.999999995060255,9.93956281442664E-5),(0.,0.999999995060255,9.93956281442664E-5),
(0.,0.999999995060255,9.93956281442664E-5),(0.,0.999999995060255,9.93956281442664E-5),
(0.,0.999999995060255,9.93956281442664E-5),(0.,0.999999995060255,9.93956281442664E-5),
(0.,0.999999995060255,9.93956281442664E-5),(0.,0.999999995060255,9.93956281442664E-5),
(0.,0.999999995060255,9.93956281442664E-5),(0.,0.999999995060255,9.93956281442664E-5),
(0.,0.999999995060255,9.93956281442664E-5),(0.,0.999999995060255,9.93956281442664E-5),
(0.,0.999999995060255,9.93956281442664E-5),(0.,0.999999995060255,9.93956281442664E-5),
(0.,0.999999995060255,9.93956281442664E-5),(0.,0.999999995060255,9.93956281442664E-5),
(0.,0.999999995060255,9.93956281442664E-5),(0.,0.999999995060255,9.93956281442664E-5),
(0.,0.999999995060255,9.93956281442664E-5),(0.,0.999999995060255,9.93956281442664E-5),
(0.,0.999999995060255,9.93956281442664E-5),(0.,0.999999995060255,9.93956281442664E-5),
(0.,0.999999995060255,9.93956281442664E-5),(0.,0.999999995060255,9.93956281442664E-5),
(0.,0.999999995060255,9.93956281442664E-5),(0.,0.999999995060255,9.93956281442664E-5),
(0.,0.999999995060255,9.93956281442664E-5),(0.,0.999999995060255,9.93956281442664E-5),
(0.,0.999999995060255,9.93956281442664E-5),(0.,0.999999995060255,9.93956281442664E-5),
(0.,0.999999995060255,9.93956281442664E-5),(0.,0.999999995060255,9.93956281442664E-5),
(0.,0.999999995060255,9.93956281442664E-5),(0.,0.999999995060255,9.93956281442664E-5),
(0.,0.999999995060255,9.93956281442664E-5),(0.,0.999999995060255,9.93956281442664E-5),
(0.,0.999999995060255,9.93956281442664E-5),(0.,0.999999995060255,9.93956281442664E-5),
(0.,0.999999995060255,9.93956281442664E-5),(0.,0.999999995060255,9.93956281442664E-5),
(0.,0.999999995060255,9.93956281442664E-5),(0.,0.999999995060255,9.93956281442664E-5),
(0.,0.999999995060255,9.93956281442664E-5),(0.,0.999999995060255,9.93956281442664E-5),
(0.,0.999999995060255,9.93956281442664E-5),(0.,0.999999995060255,9.93956281442664E-5),
(0.,0.999999995060255,9.93956281442664E-5),(0.,0.999999995060255,9.93956281442664E-5),
(0.,0.999999995060255,9.93956281442664E-5),(0.,0.999999995060255,9.93956281442664E-5),
(0.,0.999999995060255,9.93956281442664E-5),(0.,0.999999995060255,9.93956281442664E-5),
(0.,0.999999995060255,9.93956281442664E-5),(0.,0.999999995060255,9.93956281442664E-5),
(0.,0.999999995060255,9.93956281442664E-5),(0.,0.999999995060255,9.93956281442664E-5),
(0.,0.999999995060255,9.93956281442664E-5),(0.,0.999999995060255,9.93956281442664E-5),
(0.,0.999999995060255,9.93956281442664E-5),(0.,0.999999995060255,9.93956281442664E-5),
(0.,0.999999995060255,9.93956281442664E-5),(0.,0.999999995060255,9.93956281442664E-5),
(0.,0.999999995060255,9.93956281442664E-5),(0.,0.999999995060255,9.93956281442664E-5),
(0.,0.999999995060255,9.93956281442664E-5),(0.,0.999999995060255,9.93956281442664E-5),
(0.,0.999999995060255,9.93956281442664E-5),(0.,0.999999995060255,9.93956281442664E-5),
(0.,0.999999995060255,9.93956281442664E-5),(0.,0.999999995060255,9.93956281442664E-5),
(0.,0.999999995060255,9.93956281442664E-5),(0.,0.999999995060255,9.93956281442664E-5),
(0.,0.999999995060255,9.93956281442664E-5),(0.,0.999999995060255,9.93956281442664E-5),
(0.,0.999999995060255,9.93956281442664E-5),(0.,0.999999995060255,9.93956281442664E-5),
(0.,0.999999995060255,9.93956281442664E-5),(0.,0.999999995060255,9.93956281442664E-5),
(0.,0.999999995060255,9.93956281442664E-5),(0.,0.999999995060255,9.93956281442664E-5),
(0.,0.999999995060255,9.93956281442664E-5),(0.,0.999999995060255,9.93956281442664E-5),
(0.,0.999999995060255,9.93956281442664E-5),(0.,0.999999995060255,9.93956281442664E-5),
(0.,0.999999995060255,9.93956281442664E-5),(0.,0.999999995060255,9.93956281442664E-5),
(0.,0.999999995060255,9.93956281442664E-5),(0.,0.999999995060255,9.93956281442664E-5),
(0.,0.999999995060255,9.93956281442664E-5),(0.,0.999999995060255,9.93956281442664E-5),
(0.,0.999999995060255,9.93956281442664E-5),(0.,0.999999995060255,9.93956281442664E-5),
(0.,0.999999995060255,9.93956281442664E-5),(0.,0.999999995060255,9.93956281442664E-5),
(0.,0.999999995060255,9.93956281442664E-5),(0.,0.999999995060255,9.93956281442664E-5),
(0.,0.999999995060255,9.93956281442664E-5),(0.,0.999999995060255,9.93956281442664E-5),
(0.,0.999999995060255,9.93956281442664E-5),(0.,0.999999995060255,9.93956281442664E-5),
(0.,0.999999995060255,9.93956281442664E-5),(0.,0.999999995060255,9.93956281442664E-5),
(0.,0.999999995060255,9.93956281442664E-5),(0.,0.999999995060255,9.93956281442664E-5),
(0.,0.999999995060255,9.93956281442664E-5),(0.,0.999999995060255,9.93956281442664E-5),
(0.,0.999999995060255,9.93956281442664E-5),(0.,0.999999995060255,9.93956281442664E-5),
(0.,0.999999995060255,9.93956281442664E-5),(0.,0.999999995060255,9.93956281442664E-5),
(0.,0.999999995060255,9.93956281442664E-5),(0.,0.999999995060255,9.93956281442664E-5),
(0.,0.999999995060255,9.93956281442664E-5),(0.,0.999999995060255,9.93956281442664E-5),
(0.,0.999999995060255,9.93956281442664E-5),(0.,0.999999995060255,9.93956281442664E-5),
(0.,0.999999995060255,9.93956281442664E-5),(0.,0.999999995060255,9.93956281442664E-5),
(0.,0.999999995060255,9.93956281442664E-5),(0.,0.999999995060255,9.93956281442664E-5),
(0.,0.999999995060255,9.93956281442664E-5),(0.,0.999999995060255,9.93956281442664E-5),
(0.,0.999999995060255,9.93956281442664E-5),(0.,0.999999995060255,9.93956281442664E-5),
(0.,0.999999995060255,9.93956281442664E-5),(0.,0.999999995060255,9.93956281442664E-5),
(0.,0.999999995060255,9.93956281442664E-5),(0.,0.999999995060255,9.93956281442664E-5),
(0.,0.999999995060255,9.93956281442664E-5),(0.,0.999999995060255,9.93956281442664E-5),
(0.,0.999999995060255,9.93956281442664E-5),(0.,0.999999995060255,9.93956281442664E-5),
(0.,0.999999995060255,9.93956281442664E-5),(0.,0.999999995060255,9.93956281442664E-5),
(0.,0.999999995060255,9.93956281442664E-5),(0.,0.999999995060255,9.93956281442664E-5),
(0.,0.999999995060255,9.93956281442664E-5),(0.,0.999999995060255,9.93956281442664E-5),
(0.,0.999999995060255,9.93956281442664E-5),(0.,0.999999995060255,9.93956281442664E-5),
(0.,0.999999995060255,9.93956281442664E-5),(0.,0.999999995060255,9.93956281442664E-5),
(0.,0.999999995060255,9.93956281442664E-5),(0.,0.999999995060255,9.93956281442664E-5),
(0.,0.999999995060255,9.93956281442664E-5),(0.,0.999999995060255,9.93956281442664E-5),
(0.,0.999999995060255,9.93956281442664E-5),(0.,0.999999995060255,9.93956281442664E-5),
(0.,0.999999995060255,9.93956281442664E-5),(0.,0.999999995060255,9.93956281442664E-5),
(0.,0.999999995060255,9.93956281442664E-5),(0.,0.999999995060255,9.93956281442664E-5),
(0.,0.999999995060255,9.93956281442664E-5),(0.,0.999999995060255,9.93956281442664E-5),
(0.,0.999999995060255,9.93956281442664E-5),(0.,0.999999995060255,9.93956281442664E-5),
(0.,0.999999995060255,9.93956281442664E-5),(0.,0.999999995060255,9.93956281442664E-5),
(0.,0.999999995060255,9.93956281442664E-5),(0.,0.999999995060255,9.93956281442664E-5),
(0.,0.999999995060255,9.93956281442664E-5),(0.,0.999999995060255,9.93956281442664E-5),
(0.,0.999999995060255,9.93956281442664E-5),(0.,0.999999995060255,9.93956281442664E-5),
(0.,0.999999995060255,9.93956281442664E-5),(0.,0.999999995060255,9.93956281442664E-5),
(0.,0.999999995060255,9.93956281442664E-5),(0.,0.999999995060255,9.93956281442664E-5),
(0.,0.999999995060255,9.93956281442664E-5),(0.,0.999999995060255,9.93956281442664E-5),
(0.,0.999999995060255,9.93956281442664E-5),(0.,0.999999995060255,9.93956281442664E-5),
(0.,0.999999995060255,9.93956281442664E-5),(0.,0.999999995060255,9.93956281442664E-5),
(0.,0.999999995060255,9.93956281442664E-5),(0.,0.999999995060255,9.93956281442664E-5),
(0.,0.999999995060255,9.93956281442664E-5),(0.,0.999999995060255,9.93956281442664E-5),
(0.,0.999999995060255,9.93956281442664E-5),(0.,0.999999995060255,9.93956281442664E-5),
(0.,0.999999995060255,9.93956281442664E-5),(0.,0.999999995060255,9.93956281442664E-5),
(0.,0.999999995060255,9.93956281442664E-5),(0.,0.999999995060255,9.93956281442664E-5),
(0.,0.999999995060255,9.93956281442664E-5),(0.,0.999999995060255,9.93956281442664E-5),
(0.,0.999999995060255,9.93956281442664E-5),(0.,0.999999995060255,9.93956281442664E-5),
(0.,0.999999995060255,9.93956281442664E-5),(0.,0.999999995060255,9.93956281442664E-5),
(0.,0.999999995060255,9.93956281442664E-5),(0.,0.999999995060255,9.93956281442664E-5),
(0.,0.999999995060255,9.93956281442664E-5),(0.,0.999999995060255,9.93956281442664E-5),
(0.,0.999999995060255,9.93956281442664E-5),(0.,0.999999995060255,9.93956281442664E-5),
(0.,0.999999995060255,9.93956281442664E-5),(0.,0.999999995060255,9.93956281442664E-5),
(0.,0.999999995060255,9.93956281442664E-5),(0.,0.999999995060255,9.93956281442664E-5),
(0.,0.999999995060255,9.93956281442664E-5),(0.,0.999999995060255,9.93956281442664E-5),
(0.,0.999999995060255,9.93956281442664E-5),(0.,0.999999995060255,9.93956281442664E-5),
(0.,0.999999995060255,9.93956281442664E-5),(0.,0.999999995060255,9.93956281442664E-5),
(0.,0.999999995060255,9.93956281442664E-5),(0.,0.999999995060255,9.93956281442664E-5),
(0.,0.999999995060255,9.93956281442664E-5),(0.,0.999999995060255,9.93956281442664E-5),
(0.,0.999999995060255,9.93956281442664E-5),(0.,0.999999995060255,9.93956281442664E-5),
(0.,0.999999995060255,9.93956281442664E-5),(0.,0.999999995060255,9.93956281442664E-5),
(0.,0.999999995060255,9.93956281442664E-5),(0.,0.999999995060255,9.93956281442664E-5),
(0.,0.999999995060255,9.93956281442664E-5),(0.,0.999999995060255,9.93956281442664E-5),
(0.,0.999999995060255,9.93956281442664E-5),(0.,0.999999995060255,9.93956281442664E-5),
(0.,0.999999995060255,9.93956281442664E-5),(0.,0.999999995060255,9.93956281442664E-5),
(0.,0.999999995060255,9.93956281442664E-5),(0.,0.999999995060255,9.93956281442664E-5),
(0.,0.999999995060255,9.93956281442664E-5),(0.,0.999999995060255,9.93956281442664E-5),
(0.70699457169634,-0.707218921485053,-0.000269602349279739),(0.707431817558985,
-0.706781441538812,0.000466263347290774),(0.707319213712413,-0.706894230686304,
0.000276650811394042),(0.707443773406655,-0.706769460915804,0.000486399975475643),
(0.70688976789092,-0.707323661356689,-0.000306816050316151),(0.707006624047934,
-0.707206910360713,-0.000139608017551166),(0.706773517636487,-0.707439740053645,
-0.000457122058924139),(0.706787892497223,-0.707425389766038,-0.00043924219142138),
(0.706766626852594,-0.707446618691216,-0.000465692786825402),(0.706766626852594,
-0.707446618691216,-0.000465692786825402),(0.990323738097725,1.38035529782051E-5,
-0.138776415754304),(0.997195535897042,7.44864555441301E-6,-0.0748402507446971),
(0.997195554786583,7.44862053764088E-6,-0.0748399990539629),(0.990323738097725,
1.38035529782051E-5,-0.138776415754304),(0.706786946722598,0.707426406955065,
-0.00030113982421113),(0.706797160374997,0.707416207680937,-0.00028843744941204),
(0.706878963360674,0.70733450250699,-0.000180890377669896),(0.706998033853073,
0.707215511719554,-1.05422503011937E-5),(0.707443464363081,0.706769659305791,
0.000627227821112799),(0.707431586039406,0.706781566222983,0.000607224141166329),
(0.707319705373613,0.706893668774595,0.000418851500299022),(0.706997153628734,
0.707216380910849,-0.000123823381023345),(0.706997153628734,0.707216380910849,
-0.000123823381023345),(0.71043542949056,-0.703752972126019,0.0036407071235048),
(0.70745486261987,-0.70675842418747,0.000383660716071405),(0.707906187124221,
-0.706305926250446,0.000876798008334438),(0.707103412941871,-0.70711014941518,
0.),(0.707103412941871,-0.70711014941518,0.),(0.,-0.999999995060255,-9.93956281442664E-5),
(0.,-0.999999995060255,-9.93956281442664E-5),(0.,-0.999999995060255,-9.93956281442664E-5),
(0.,-0.999999995060255,-9.93956281442664E-5),(0.,-0.999999995060255,-9.93956281442664E-5),
(0.,-0.999999995060255,-9.93956281442664E-5),(0.,-0.999999995060255,-9.93956281442664E-5),
(0.,-0.999999995060255,-9.93956281442664E-5),(0.,-0.999999995060255,-9.93956281442664E-5),
(0.,-0.999999995060255,-9.93956281442664E-5),(0.,-0.999999995060255,-9.93956281442664E-5),
(0.,-0.999999995060255,-9.93956281442664E-5),(-7.02760017115928E-5,-0.707180432403121,
0.707033118805208),(-7.02760017115928E-5,-0.707180432403121,0.707033118805208),
(-7.02760017115928E-5,-0.707180432403121,0.707033118805208),(-9.93956282991199E-5,
-9.93956286352555E-5,0.999999990120509),(-9.93956282991199E-5,-9.93956286352555E-5,
0.999999990120509),(-9.93956282991199E-5,-9.93956286352555E-5,0.999999990120509),
(-9.93956282991199E-5,-9.93956286352555E-5,0.999999990120509),(-7.12560930819581E-5,
0.707038617781694,0.707174934431305),(-7.02507575277055E-5,0.707040128265308,
0.707173424336214),(-7.02899455081549E-5,0.707040147432776,0.707173405168465),
(0.707453360050671,0.706759838977975,0.000522839211734193),(0.707903111224279,
0.706308825223105,0.00101416514622036),(0.710425006654327,0.70376281553617,
0.00376953429514573),(0.706782050604682,0.707431295995221,-0.000307228845680082),
(0.706997153628734,0.707216380910849,-0.000123823381023345),(0.707443464363081,
0.706769659305791,0.000627227821112799),(0.707443464363081,0.706769659305791,
0.000627227821112799),(-7.02760017115928E-5,-0.707180432403121,0.707033118805208),
(0.,-0.999999995060255,-9.93956281442664E-5),(0.707443773406655,-0.706769460915804,
0.000486399975475643),(0.707443773406655,-0.706769460915804,0.000486399975475643),
(0.70699457169634,-0.707218921485053,-0.000269602349279739),(0.70699457169634,
-0.707218921485053,-0.000269602349279739),(0.,-0.999999995060255,-9.93956281442664E-5),
(0.,-0.999999995060255,-9.93956281442664E-5),(0.,-0.999999995060255,-9.93956281442664E-5),
(0.,-0.999999995060255,-9.93956281442664E-5),(0.,-0.999999995060255,-9.93956281442664E-5),
(0.,-0.999999995060255,-9.93956281442664E-5),(0.,-0.999999995060255,-9.93956281442664E-5),
(0.,-0.999999995060255,-9.93956281442664E-5),(0.,-0.999999995060255,-9.93956281442664E-5),
(0.,-0.999999995060255,-9.93956281442664E-5),(0.,-0.999999995060255,-9.93956281442664E-5),
(0.,-0.999999995060255,-9.93956281442664E-5),(0.,0.999999995060255,9.93956281442664E-5),
(0.,0.999999995060255,9.93956281442664E-5),(0.,0.999999995060255,9.93956281442664E-5),
(0.,0.999999995060255,9.93956281442664E-5),(0.,0.999999995060255,9.93956281442664E-5),
(0.,0.999999995060255,9.93956281442664E-5),(0.,0.999999995060255,9.93956281442664E-5),
(0.,0.999999995060255,9.93956281442664E-5),(0.,-0.999999995060255,-9.93956281442664E-5),
(0.,-0.999999995060255,-9.93956281442664E-5),(0.,-0.999999995060255,-9.93956281442664E-5),
(0.,-0.999999995060255,-9.93956281442664E-5),(0.,-0.999999995060255,-9.93956281442664E-5),
(0.,-0.999999995060255,-9.93956281442664E-5),(0.,-0.999999995060255,-9.93956281442664E-5),
(0.,-0.999999995060255,-9.93956281442664E-5),(0.,-0.999999995060255,-9.93956281442664E-5),
(0.,-0.999999995060255,-9.93956281442664E-5),(0.,-0.999999995060255,-9.93956281442664E-5),
(0.,-0.999999995060255,-9.93956281442664E-5),(0.,-0.999999995060255,-9.93956281442664E-5),
(0.,-0.999999995060255,-9.93956281442664E-5),(0.,-0.999999995060255,-9.93956281442664E-5),
(0.,-0.999999995060255,-9.93956281442664E-5),(0.,-0.999999995060255,-9.93956281442664E-5),
(0.,-0.999999995060255,-9.93956281442664E-5),(0.,-0.999999995060255,-9.93956281442664E-5),
(0.,-0.999999995060255,-9.93956281442664E-5),(0.,-0.999999995060255,-9.93956281442664E-5),
(0.,-0.999999995060255,-9.93956281442664E-5),(0.,-0.999999995060255,-9.93956281442664E-5),
(0.,-0.999999995060255,-9.93956281442664E-5),(-0.403618392198136,-9.09437736836755E-5,
0.914927420732717),(-0.403618392198136,-9.09437736836755E-5,0.914927420732717),
(-0.403851135588779,-9.09335670932223E-5,0.914824711086632),(0.,-0.999999995060255,
-9.93956281442664E-5),(0.,-0.999999995060255,-9.93956281442664E-5),(0.,
-0.999999995060255,-9.93956281442664E-5),(0.,-0.999999995060255,-9.93956281442664E-5),
(0.,-0.999999995060255,-9.93956281442664E-5),(0.,-0.999999995060255,-9.93956281442664E-5),
(0.,-0.999999995060255,-9.93956281442664E-5),(0.,-0.999999995060255,-9.93956281442664E-5),
(0.,-0.999999995060255,-9.93956281442664E-5),(0.,-0.999999995060255,-9.93956281442664E-5),
(0.,-0.999999995060255,-9.93956281442664E-5),(0.,-0.999999995060255,-9.93956281442664E-5),
(0.,-0.999999995060255,-9.93956281442664E-5),(0.,-0.999999995060255,-9.93956281442664E-5),
(0.,-0.999999995060255,-9.93956281442664E-5),(0.,-0.999999995060255,-9.93956281442664E-5),
(0.,-0.999999995060255,-9.93956281442664E-5),(0.,-0.999999995060255,-9.93956281442664E-5),
(0.,-0.999999995060255,-9.93956281442664E-5),(0.,-0.999999995060255,-9.93956281442664E-5),
(0.,-0.999999995060255,-9.93956281442664E-5),(0.,-0.999999995060255,-9.93956281442664E-5),
(0.,0.999999995060255,9.93956281442664E-5),(0.,0.999999995060255,9.93956281442664E-5),
(0.,-0.999999995060255,-9.93956281442664E-5),(0.,-0.999999995060255,-9.93956281442664E-5),
(0.,0.999999995060255,9.93956281442664E-5),(-0.996908292312761,-7.81975043295676E-6,
0.0785738929728279),(0.,0.999999995060255,9.93956281442664E-5),(0.,-0.999999995060255,
-9.93956281442664E-5),(-0.996891162330514,7.8216250867546E-6,-0.0787909284507964),
(0.,-0.999999995060255,-9.93956281442664E-5),(0.,0.999999995060255,9.93956281442664E-5),
(0.,0.999999995060255,9.93956281442664E-5),(-0.996908292312761,-7.81975043295676E-6,
0.0785738929728279),(0.,-0.999999995060255,-9.93956281442664E-5),(0.,-0.999999995060255,
-9.93956281442664E-5),(-0.996891162330514,7.8216250867546E-6,-0.0787909284507964),
(0.,-0.999999995060255,-9.93956281442664E-5),(0.,0.999999995060255,9.93956281442664E-5),
(0.,-0.999999995060255,-9.93956281442664E-5),(0.,-0.999999995060255,-9.93956281442664E-5),
(0.,-0.999999995060255,-9.93956281442664E-5),(0.,-0.999999995060255,-9.93956281442664E-5),
(0.,-0.999999995060255,-9.93956281442664E-5),(0.,-0.999999995060255,-9.93956281442664E-5),
(0.,-0.999999995060255,-9.93956281442664E-5),(0.,-0.999999995060255,-9.93956281442664E-5),
(0.,-0.999999995060255,-9.93956281442664E-5),(0.,-0.999999995060255,-9.93956281442664E-5),
(0.,-0.999999995060255,-9.93956281442664E-5),(0.,-0.999999995060255,-9.93956281442664E-5),
(0.,-0.999999995060255,-9.93956281442664E-5),(0.,-0.999999995060255,-9.93956281442664E-5),
(-0.317809620178781,-9.42455565916076E-5,0.948154542487454),(-0.317809620178781,
-9.42455565916076E-5,0.948154542487454),(-0.403777933571534,-9.09367780089969E-5,
0.91485702275886),(0.,-0.999999995060255,-9.93956281442664E-5),(0.,-0.999999995060255,
-9.93956281442664E-5),(0.706893877795982,-0.707319467464497,-0.000465274435049348),
(0.70743840354117,-0.706774859397973,0.000450908078851548),(0.70729823358051,
-0.706915244276099,0.000214904521985732),(0.707453295645563,-0.706759936552134,
0.000475988503271723),(0.706901148797323,-0.707312283850694,-0.000314551967026107),
(0.707017611873332,-0.707195923789044,-0.000147909064528309),(0.706931028061413,
-0.707282434000951,-0.000283050744731273),(0.706920917806799,-0.707292533942081,
-0.00029562980748874),(0.706935873943011,-0.707277592881007,-0.00027702144140684),
(0.706935873943011,-0.707277592881007,-0.00027702144140684),(0.990362783244245,
1.3775830310097E-5,-0.138497499525945),(0.997205585908427,7.43532363084683E-6,
-0.0747062204755787),(0.997205604739562,7.43529864642995E-6,-0.0747059691103702),
(0.990362783244245,1.3775830310097E-5,-0.138497499525945),(0.70694445645283,
0.707269057245848,-0.0001270951697672),(0.706930187071959,0.707283316377429,
-0.000144846647120601),(0.706890346726459,0.707323124268975,-0.000188624817158226),
(0.707009023609294,0.707204524999657,-1.88425327279605E-5),(0.707452986656314,
0.706760136970744,0.000616814523551986),(0.707438172257698,0.706774986912409,
0.000591867933342959),(0.707298725023463,0.706914695032913,0.000357108817332571),
(0.706896460741702,0.707316966943455,-0.000319475769465647),(0.706896460741702,
0.707316966943455,-0.000319475769465647),(0.710450878745841,-0.703737285775923,
0.00365807298979467),(0.707454834326349,-0.706758452525643,0.000383629817039097),
(0.707906187124221,-0.706305926250446,0.000876798008334438),(0.707103412941871,
-0.70711014941518,0.),(0.707103412941871,-0.70711014941518,0.),(0.,-0.999999995060255,
-9.93956281442664E-5),(0.,-0.999999995060255,-9.93956281442664E-5),(0.,
-0.999999995060255,-9.93956281442664E-5),(0.,-0.999999995060255,-9.93956281442664E-5),
(0.,-0.999999995060255,-9.93956281442664E-5),(0.,-0.999999995060255,-9.93956281442664E-5),
(0.,-0.999999995060255,-9.93956281442664E-5),(0.,-0.999999995060255,-9.93956281442664E-5),
(0.,-0.999999995060255,-9.93956281442664E-5),(-7.02777892208216E-5,-0.707162451117899,
0.707051103379351),(-7.02777892208216E-5,-0.707162451117899,0.707051103379351),
(-7.02777892208216E-5,-0.707162451117899,0.707051103379351),(-9.93956282991199E-5,
-9.93956286352555E-5,0.999999990120509),(-9.93956282991199E-5,-9.93956286352555E-5,
0.999999990120509),(-9.93956282991199E-5,-9.93956286352555E-5,0.999999990120509),
(-9.93956282991199E-5,-9.93956286352555E-5,0.999999990120509),(-7.02508911353398E-5,
0.707020773440425,0.707192774983254),(-7.02917327416011E-5,0.707022162579863,
0.707191386174892),(-7.02917327416011E-5,0.707022162579863,0.707191386174892),
(0.707453331854889,0.706759867224199,0.000522808425086168),(0.707903111224279,
0.706308825223105,0.00101416514622036),(0.7104404558751,0.703747126509439,
0.00378689657735158),(0.706951295912035,0.707262222337332,-0.000118586481102956),
(0.706896460741702,0.707316966943455,-0.000319475769465647),(0.707452986656314,
0.706760136970744,0.000616814523551986),(0.707452986673113,0.706760136953903,
0.000616814552558831),(-7.02777892208216E-5,-0.707162451117899,0.707051103379351),
(0.,-0.999999995060255,-9.93956281442664E-5),(0.707453295645563,-0.706759936552134,
0.000475988503271723),(0.707453295645563,-0.706759936552134,0.000475988503271723),
(0.706893877795982,-0.707319467464497,-0.000465274435049348),(0.706893877795982,
-0.707319467464497,-0.000465274435049348),(0.,-0.999999995060255,-9.93956281442664E-5),
(0.,-0.999999995060255,-9.93956281442664E-5),(0.,-0.999999995060255,-9.93956281442664E-5),
(0.,-0.999999995060255,-9.93956281442664E-5),(0.,-0.999999995060255,-9.93956281442664E-5),
(0.,-0.999999995060255,-9.93956281442664E-5),(0.,-0.999999995060255,-9.93956281442664E-5),
(0.,-0.999999995060255,-9.93956281442664E-5),(0.,-0.999999995060255,-9.93956281442664E-5),
(0.,-0.999999995060255,-9.93956281442664E-5),(0.,-0.999999995060255,-9.93956281442664E-5),
(0.,-0.999999995060255,-9.93956281442664E-5),(0.,-0.999999995060255,-9.93956281442664E-5),
(0.,-0.999999995060255,-9.93956281442664E-5),(0.,-0.999999995060255,-9.93956281442664E-5),
(0.,-0.999999995060255,-9.93956281442664E-5),(0.,-0.999999995060255,-9.93956281442664E-5),
(0.,-0.999999995060255,-9.93956281442664E-5),(0.,-0.999999995060255,-9.93956281442664E-5),
(0.,-0.999999995060255,-9.93956281442664E-5),(0.,-0.999999995060255,-9.93956281442664E-5),
(0.,-0.999999995060255,-9.93956281442664E-5),(0.,-0.999999995060255,-9.93956281442664E-5),
(0.,-0.999999995060255,-9.93956281442664E-5),(0.,-0.999999995060255,-9.93956281442664E-5),
(0.,-0.999999995060255,-9.93956281442664E-5),(0.,-0.999999995060255,-9.93956281442664E-5),
(0.,-0.999999995060255,-9.93956281442664E-5),(0.,-0.999999995060255,-9.93956281442664E-5),
(0.,-0.999999995060255,-9.93956281442664E-5),(0.,-0.999999995060255,-9.93956281442664E-5),
(0.,-0.999999995060255,-9.93956281442664E-5),(0.,-0.999999995060255,-9.93956281442664E-5),
(0.,-0.999999995060255,-9.93956281442664E-5),(0.,-0.999999995060255,-9.93956281442664E-5),
(0.,-0.999999995060255,-9.93956281442664E-5),(0.,-0.999999995060255,-9.93956281442664E-5),
(0.,-0.999999995060255,-9.93956281442664E-5),(0.,-0.999999995060255,-9.93956281442664E-5),
(0.,-0.999999995060255,-9.93956281442664E-5),(0.,-0.999999995060255,-9.93956281442664E-5),
(0.,-0.999999995060255,-9.93956281442664E-5),(0.,-0.999999995060255,-9.93956281442664E-5),
(0.,-0.999999995060255,-9.93956281442664E-5),(0.,-0.999999995060255,-9.93956281442664E-5),
(0.,-0.999999995060255,-9.93956281442664E-5),(0.,-0.999999995060255,-9.93956281442664E-5),
(0.,-0.999999995060255,-9.93956281442664E-5),(0.,-0.999999995060255,-9.93956281442664E-5),
(0.,-0.999999995060255,-9.93956281442664E-5),(0.,-0.999999995060255,-9.93956281442664E-5),
(0.,-0.999999995060255,-9.93956281442664E-5),(0.,-0.999999995060255,-9.93956281442664E-5),
(0.,-0.999999995060255,-9.93956281442664E-5),(0.,-0.999999995060255,-9.93956281442664E-5),
(0.,-0.999999995060255,-9.93956281442664E-5),(0.,-0.999999995060255,-9.93956281442664E-5),
(0.,-0.999999995060255,-9.93956281442664E-5),(0.,-0.999999995060255,-9.93956281442664E-5),
(0.,-0.999999995060255,-9.93956281442664E-5),(0.,-0.999999995060255,-9.93956281442664E-5),
(0.,-0.999999995060255,-9.93956281442664E-5),(0.,-0.999999995060255,-9.93956281442664E-5),
(0.,-0.999999995060255,-9.93956281442664E-5),(0.,-0.999999995060255,-9.93956281442664E-5),
(0.,-0.999999995060255,-9.93956281442664E-5),(0.,-0.999999995060255,-9.93956281442664E-5),
(0.,-0.999999995060255,-9.93956281442664E-5),(0.,-0.999999995060255,-9.93956281442664E-5),
(0.,-0.999999995060255,-9.93956281442664E-5),(0.,-0.999999995060255,-9.93956281442664E-5),
(0.,-0.999999995060255,-9.93956281442664E-5),(0.,-0.999999995060255,-9.93956281442664E-5),
(0.,-0.999999995060255,-9.93956281442664E-5),(0.,-0.999999995060255,-9.93956281442664E-5),
(0.,-0.999999995060255,-9.93956281442664E-5),(0.,-0.999999995060255,-9.93956281442664E-5),
(0.,-0.999999995060255,-9.93956281442664E-5),(0.,-0.999999995060255,-9.93956281442664E-5),
(0.,-0.999999995060255,-9.93956281442664E-5),(0.,-0.999999995060255,-9.93956281442664E-5),
(0.,-0.999999995060255,-9.93956281442664E-5),(0.,-0.999999995060255,-9.93956281442664E-5),
(0.,-0.999999995060255,-9.93956281442664E-5),(0.,-0.999999995060255,-9.93956281442664E-5),
(0.,-0.999999995060255,-9.93956281442664E-5),(0.,-0.999999995060255,-9.93956281442664E-5),
(0.,-0.999999995060255,-9.93956281442664E-5),(0.,-0.999999995060255,-9.93956281442664E-5),
(0.,-0.999999995060255,-9.93956281442664E-5),(0.,-0.999999995060255,-9.93956281442664E-5),
(0.,-0.999999995060255,-9.93956281442664E-5),(0.,-0.999999995060255,-9.93956281442664E-5),
(0.,-0.999999995060255,-9.93956281442664E-5),(0.,-0.999999995060255,-9.93956281442664E-5),
(0.,-0.999999995060255,-9.93956281442664E-5),(0.,-0.999999995060255,-9.93956281442664E-5),
(0.,-0.999999995060255,-9.93956281442664E-5),(0.,-0.999999995060255,-9.93956281442664E-5),
(0.,-0.999999995060255,-9.93956281442664E-5),(0.,-0.999999995060255,-9.93956281442664E-5),
(0.,-0.999999995060255,-9.93956281442664E-5),(0.,-0.999999995060255,-9.93956281442664E-5),
(0.,-0.999999995060255,-9.93956281442664E-5),(0.,-0.999999995060255,-9.93956281442664E-5),
(0.,-0.999999995060255,-9.93956281442664E-5),(0.,-0.999999995060255,-9.93956281442664E-5),
(0.,-0.999999995060255,-9.93956281442664E-5),(0.,-0.999999995060255,-9.93956281442664E-5),
(0.,-0.999999995060255,-9.93956281442664E-5),(0.,-0.999999995060255,-9.93956281442664E-5),
(0.,-0.999999995060255,-9.93956281442664E-5),(0.,-0.999999995060255,-9.93956281442664E-5),
(0.,-0.999999995060255,-9.93956281442664E-5),(0.,-0.999999995060255,-9.93956281442664E-5),
(0.,-0.999999995060255,-9.93956281442664E-5),(0.,-0.999999995060255,-9.93956281442664E-5),
(0.,-0.999999995060255,-9.93956281442664E-5),(0.,-0.999999995060255,-9.93956281442664E-5),
(0.,-0.999999995060255,-9.93956281442664E-5),(0.,-0.999999995060255,-9.93956281442664E-5),
(0.,-0.999999995060255,-9.93956281442664E-5),(0.,-0.999999995060255,-9.93956281442664E-5),
(0.,-0.999999995060255,-9.93956281442664E-5),(0.,-0.999999995060255,-9.93956281442664E-5),
(0.,-0.999999995060255,-9.93956281442664E-5),(0.,-0.999999995060255,-9.93956281442664E-5),
(0.,-0.999999995060255,-9.93956281442664E-5),(0.,-0.999999995060255,-9.93956281442664E-5),
(0.,-0.999999995060255,-9.93956281442664E-5),(0.,-0.999999995060255,-9.93956281442664E-5),
(0.,-0.999999995060255,-9.93956281442664E-5),(0.,-0.999999995060255,-9.93956281442664E-5),
(0.,-0.999999995060255,-9.93956281442664E-5),(0.,-0.999999995060255,-9.93956281442664E-5),
(0.,-0.999999995060255,-9.93956281442664E-5),(0.,-0.999999995060255,-9.93956281442664E-5),
(0.,-0.999999995060255,-9.93956281442664E-5),(0.,-0.999999995060255,-9.93956281442664E-5),
(0.,-0.999999995060255,-9.93956281442664E-5),(0.,-0.999999995060255,-9.93956281442664E-5),
(0.,-0.999999995060255,-9.93956281442664E-5),(0.,-0.999999995060255,-9.93956281442664E-5),
(0.,-0.999999995060255,-9.93956281442664E-5),(0.,-0.999999995060255,-9.93956281442664E-5),
(0.,-0.999999995060255,-9.93956281442664E-5),(0.,-0.999999995060255,-9.93956281442664E-5),
(0.,-0.999999995060255,-9.93956281442664E-5),(0.,-0.999999995060255,-9.93956281442664E-5),
(0.,-0.999999995060255,-9.93956281442664E-5),(0.,-0.999999995060255,-9.93956281442664E-5),
(0.,-0.999999995060255,-9.93956281442664E-5),(0.,-0.999999995060255,-9.93956281442664E-5),
(0.,-0.999999995060255,-9.93956281442664E-5),(0.,-0.999999995060255,-9.93956281442664E-5),
(0.,-0.999999995060255,-9.93956281442664E-5),(0.,-0.999999995060255,-9.93956281442664E-5),
(0.,-0.999999995060255,-9.93956281442664E-5),(0.,-0.999999995060255,-9.93956281442664E-5),
(0.,-0.999999995060255,-9.93956281442664E-5),(0.,-0.999999995060255,-9.93956281442664E-5),
(0.,-0.999999995060255,-9.93956281442664E-5),(0.,-0.999999995060255,-9.93956281442664E-5),
(0.,-0.999999995060255,-9.93956281442664E-5),(0.,-0.999999995060255,-9.93956281442664E-5),
(0.,-0.999999995060255,-9.93956281442664E-5),(0.,-0.999999995060255,-9.93956281442664E-5),
(0.,-0.999999995060255,-9.93956281442664E-5),(0.,-0.999999995060255,-9.93956281442664E-5),
(0.,-0.999999995060255,-9.93956281442664E-5),(0.,-0.999999995060255,-9.93956281442664E-5),
(0.,-0.999999995060255,-9.93956281442664E-5),(0.,-0.999999995060255,-9.93956281442664E-5),
(0.,-0.999999995060255,-9.93956281442664E-5),(0.,-0.999999995060255,-9.93956281442664E-5),
(0.,-0.999999995060255,-9.93956281442664E-5),(0.,-0.999999995060255,-9.93956281442664E-5),
(0.,-0.999999995060255,-9.93956281442664E-5),(0.,-0.999999995060255,-9.93956281442664E-5),
(0.,-0.999999995060255,-9.93956281442664E-5),(0.,-0.999999995060255,-9.93956281442664E-5),
(0.,-0.999999995060255,-9.93956281442664E-5),(0.,-0.999999995060255,-9.93956281442664E-5),
(0.,-0.999999995060255,-9.93956281442664E-5),(0.,-0.999999995060255,-9.93956281442664E-5),
(0.,-0.999999995060255,-9.93956281442664E-5),(0.,-0.999999995060255,-9.93956281442664E-5),
(0.,-0.999999995060255,-9.93956281442664E-5),(0.,-0.999999995060255,-9.93956281442664E-5),
(0.,-0.999999995060255,-9.93956281442664E-5),(0.,-0.999999995060255,-9.93956281442664E-5),
(0.,-0.999999995060255,-9.93956281442664E-5),(0.,-0.999999995060255,-9.93956281442664E-5),
(0.,-0.999999995060255,-9.93956281442664E-5),(0.,-0.999999995060255,-9.93956281442664E-5),
(0.,-0.999999995060255,-9.93956281442664E-5),(0.,-0.999999995060255,-9.93956281442664E-5),
(0.,-0.999999995060255,-9.93956281442664E-5),(0.,-0.999999995060255,-9.93956281442664E-5),
(0.,-0.999999995060255,-9.93956281442664E-5),(0.,-0.999999995060255,-9.93956281442664E-5),
(0.,-0.999999995060255,-9.93956281442664E-5),(0.,-0.999999995060255,-9.93956281442664E-5),
(0.,-0.999999995060255,-9.93956281442664E-5),(0.,-0.999999995060255,-9.93956281442664E-5),
(0.,-0.999999995060255,-9.93956281442664E-5),(0.,-0.999999995060255,-9.93956281442664E-5),
(0.,-0.999999995060255,-9.93956281442664E-5),(0.,-0.999999995060255,-9.93956281442664E-5),
(0.,-0.999999995060255,-9.93956281442664E-5),(7.02777892447931E-5,0.707162451117929,
-0.707051103379321),(7.02777892447931E-5,0.707162451117929,-0.707051103379321),
(7.02777892447931E-5,0.707162451117929,-0.707051103379321),(7.02777892447931E-5,
0.707162451117929,-0.707051103379321),(7.02777892447931E-5,0.707162451117929,
-0.707051103379321),(0.000169483809897718,0.707253381570924,-0.706960130086366),
(7.02777892447931E-5,0.707162451117929,-0.707051103379321),(7.02777892447931E-5,
0.707162451117929,-0.707051103379321),(0.000544887463589476,0.707597300919795,
-0.706615710856101),(0.000124528886030867,0.707220643937604,-0.706992889130462),
(0.000124528914274683,0.707220643960285,-0.706992889107769),(0.000455549081212933,
0.707517277661294,-0.706695899440336),(8.21136208891054E-5,0.707186570716939,
-0.707026977883425),(4.52193778226244E-6,0.707117470880941,-0.707096091316091),
(0.000196388666620655,0.707251526744271,-0.706961978715538),(0.000196388678331662,
0.707251526751397,-0.706961978708406),(0.000196388666620655,0.707251526744271,
-0.706961978715538),(-0.70708543218645,0.707128129341408,1.68470449486181E-5),
(-0.707085326018905,0.707128235703213,0.),(-0.707085430612666,0.707128131115783,
0.),(-0.707085430612666,0.707128131115783,0.),(-0.707085430612666,0.707128131115783,
0.),(-0.999999995060255,0.,-9.93956286011889E-5),(-0.999999995060255,0.,
-9.93956286011889E-5),(-0.707085416640601,-0.707128131115717,-0.000140566645535892),
(-0.707085416640601,-0.707128131115717,-0.000140566645535892),(-0.707085416640601,
-0.707128131115717,-0.000140566645535892),(-0.707085416640601,-0.707128131115717,
-0.000140566645535892),(-0.707085416640601,-0.707128131115717,-0.000140566645535892),
(-0.707085416640601,-0.707128131115717,-0.000140566645535892),(-0.707085416640601,
-0.707128131115717,-0.000140566645535892),(0.000196731409427269,-0.70711067981493,
-0.70710285516919),(0.000196731452787807,-0.707110679840766,-0.707102855143341),
(3.95957535955601E-5,-0.707017263191288,-0.707196286742003),(0.000196731388835264,
-0.707110679802489,-0.707102855181637),(9.22987519311519E-5,-0.707055278367139,
-0.707158274231525),(0.0001423777355775,-0.707095514903023,-0.70711803295674),
(0.000437387661466383,-0.707359931807774,-0.706853404579008),(0.000517006138916947,
-0.707431266219166,-0.706781958089056),(0.000163670056091833,-0.707107487965199,
-0.707106055465274),(7.02917606648987E-5,-0.707021881567359,-0.707191667120039),
(7.02917606648987E-5,-0.707021881567359,-0.707191667120039),(7.02917606648987E-5,
-0.707021881567359,-0.707191667120039),(7.02917606648987E-5,-0.707021881567359,
-0.707191667120039),(-6.98979078164903E-6,-0.706968311429469,-0.707245223798442),
(3.54735533439108E-5,0.707155881832815,-0.707057676240687),(0.229053707896988,
-9.67508117760318E-5,0.973413781255393),(0.229053707896988,-9.67508117760318E-5,
0.973413781255393),(0.403982074557149,-9.091983960795E-5,0.914766896630002),
(0.403982074557149,-9.091983960795E-5,0.914766896630002),(0.565105115752696,
-8.19976902184932E-5,0.825018909738747),(0.565105115752696,-8.19976902184932E-5,
0.825018909738747),(0.706781864683523,-7.03086204830359E-5,0.707431544964726),
(0.706781864683523,-7.03086204830359E-5,0.707431544964726),(0.824503465096469,
-5.62355567593139E-5,0.565856901417203),(0.824503465096469,-5.62355567593139E-5,
0.565856901417203),(0.914861278528598,-4.01237655581411E-5,0.4037682992003),
(0.914861278528598,-4.01237655581411E-5,0.4037682992003),(0.973505272101335,
-2.27186407498042E-5,0.228664568035297),(0.973505272101335,-2.27186407498042E-5,
0.228664568035297),(0.996571711341729,-8.21349785302647E-6,0.0827334520369863),
(0.996571711341729,-8.21349785302647E-6,0.0827334520369863),(0.999911471659211,
-1.31267665473928E-6,0.0133059701858664),(0.999911471659211,-1.31267665473928E-6,
0.0133059701858664),(0.999898760293414,1.42419537807766E-6,-0.0142291658808405),
(0.999898760293414,1.42419537807766E-6,-0.0142291658808405),(0.996551387832884,
8.2574856255436E-6,-0.0829778966964504),(0.996551387832884,8.2574856255436E-6,
-0.0829778966964504),(0.973534383993942,2.27255539377364E-5,-0.228540593035649),
(0.973534383993942,2.27255539377364E-5,-0.228540593035649),(0.914909997709069,
4.01308688612247E-5,-0.40365789287651),(0.914909997709069,4.01308688612247E-5,
-0.40365789287651),(0.825093176636071,5.61663515368514E-5,-0.564996678498147),
(0.825093176636071,5.61663515368514E-5,-0.564996678498147),(0.707027180116529,
7.0298218857552E-5,-0.707186369802636),(0.707027180116529,7.0298218857552E-5,
-0.707186369802636),(0.56507397983588,8.20109755241634E-5,-0.825040235738015),
(0.56507397983588,8.20109755241634E-5,-0.825040235738015),(0.486314426970217,
8.68551026756566E-5,-0.873783880932134),(0.486314426970217,8.68551026756566E-5,
-0.873783880932134),(0.486314426970217,8.68551026756566E-5,-0.873783880932134),
(0.486314426970217,8.68551026756566E-5,-0.873783880932134),(0.,0.999999995060255,
9.93956281442664E-5),(0.,-0.999999995060255,-9.93956281442664E-5),(0.,0.999999995060255,
9.93956281442664E-5),(0.,0.999999995060255,9.93956281442664E-5),(0.404055716536783,
-9.09166059847081E-5,0.914734371098035),(0.404055716536783,-9.09166059847081E-5,
0.914734371098035),(0.564892317709537,-8.2012176040728E-5,0.825164627614848),
(0.564892317709537,-8.2012176040728E-5,0.825164627614848),(0.706797135759925,
-7.0307103815171E-5,0.707416287583539),(0.706797135759925,-7.0307103815171E-5,
0.707416287583539),(-0.565001347312854,-8.20159189102325E-5,0.825089977401283),
(-0.707477024393741,-7.02534923588827E-5,0.706736340525534),(-0.565001347312854,
-8.20159189102325E-5,0.825089977401283),(-0.707477024393741,-7.02534923588827E-5,
0.706736340525534),(0.,0.999999995060255,9.93956281442664E-5),(0.,-0.999999995060255,
-9.93956281442664E-5),(0.824543887576662,-5.62297015964674E-5,0.565797997785592),
(0.824543887576662,-5.62297015964674E-5,0.565797997785592),(-0.824988470351617,
-5.61815458563597E-5,0.565149555985434),(-0.824988470351617,-5.61815458563597E-5,
0.565149555985434),(0.914786977746215,-4.01404955067747E-5,0.403936608559669),
(0.914786977746215,-4.01404955067747E-5,0.403936608559669),(-0.914648114999134,
-4.01898127650643E-5,0.404250942006707),(-0.914648114999134,-4.01898127650643E-5,
0.404250942006707),(0.973496985259518,-2.27221472232528E-5,0.228699845155901),
(0.973496985259518,-2.27221472232528E-5,0.228699845155901),(-0.973589758024015,
-2.27020961051342E-5,0.228304582861041),(-0.973589758024015,-2.27020961051342E-5,
0.228304582861041),(0.996668590259069,-8.09667048737203E-6,0.0815580843659517),
(0.996668590259069,-8.09667048737203E-6,0.0815580843659517),(-0.996819683570231,
-7.93069961433335E-6,0.0796901398169724),(-0.996819683570231,-7.93069961433335E-6,
0.0796901398169724),(0.99992816646807,-1.18146771338886E-6,0.0119859043216453),
(0.99992816646807,-1.18146771338886E-6,0.0119859043216453),(0.999898984595125,
1.42262784582708E-6,-0.0142133952177142),(0.,0.999999995060255,9.93956281442664E-5),
(0.,0.999999995060255,9.93956281442664E-5),(0.,-0.999999995060255,-9.93956281442664E-5),
(-0.999938275352949,1.09446641660502E-6,-0.0111106022776041),(0.,0.999999995060255,
9.93956281442664E-5),(0.,0.999999995060255,9.93956281442664E-5),(0.,-0.999999995060255,
-9.93956281442664E-5),(0.,-0.999999995060255,-9.93956281442664E-5),(-0.000214055812112012,
0.706937709213195,-0.707275780351985),(-0.000884381882204283,0.706315292590539,
-0.707896832399628),(0.710332554927494,0.703856678905002,0.00366564741898631),
(0.708059788584385,0.706151459901599,0.00120476913817548),(-0.000220086515395376,
-0.706791549866773,-0.707421837801782),(-0.000900280190637861,-0.706159696566251,
-0.708052026648493),(0.708065360311837,-0.706146089431658,0.00107047038548989),
(0.710347396581722,-0.703842334667973,0.0035417649139745),(0.707085430612547,
-0.707128131115902,0.),(7.0274214114145E-5,0.70719841231642,-0.70701513468855),
(-0.707121395728447,0.707092166342587,0.),(7.02881862463047E-5,-0.707057849915354,
-0.707155705578798),(-0.707121381756965,-0.707092166342648,-0.000140566645658773),
(-0.707121381756965,-0.707092166342648,-0.000140566645658773),(-0.999999995060255,
0.,-9.93956286011889E-5),(0.999999995060255,0.,9.93956286673204E-5),(0.999999995060255,
0.,9.93956286673204E-5),(0.,0.999999995060255,9.93956281442664E-5),(0.,
0.999999995060255,9.93956281442664E-5),(0.,0.999999995060255,9.93956281442664E-5),
(0.,-0.999999995060255,-9.93956281442664E-5),(0.,-0.999999995060255,-9.93956281442664E-5),
(0.,-0.999999995060255,-9.93956281442664E-5),(0.,0.999999995060255,9.93956281442664E-5),
(0.,-0.999999995060255,-9.93956281442664E-5),(-0.99680533341388,7.9288251243017E-6,
-0.079869438553031),(-0.99680533341388,7.9288251243017E-6,-0.079869438553031),
(0.,0.999999995060255,9.93956281442664E-5),(0.,0.999999995060255,9.93956281442664E-5),
(0.,0.999999995060255,9.93956281442664E-5),(0.,0.999999995060255,9.93956281442664E-5),
(0.,0.999999995060255,9.93956281442664E-5),(0.,0.999999995060255,9.93956281442664E-5),
(0.,0.999999995060255,9.93956281442664E-5),(0.,0.999999995060255,9.93956281442664E-5),
(0.,0.999999995060255,9.93956281442664E-5),(0.,-0.999999995060255,-9.93956281442664E-5),
(0.,-0.999999995060255,-9.93956281442664E-5),(0.,-0.999999995060255,-9.93956281442664E-5),
(0.,-0.999999995060255,-9.93956281442664E-5),(0.,-0.999999995060255,-9.93956281442664E-5),
(0.,-0.999999995060255,-9.93956281442664E-5),(0.,-0.999999995060255,-9.93956281442664E-5),
(0.,-0.999999995060255,-9.93956281442664E-5),(0.,-0.999999995060255,-9.93956281442664E-5),
(0.996552696457458,8.25592335064961E-6,-0.0829621788239042),(0.996552696457458,
8.25592335064961E-6,-0.0829621788239042),(0.973594077185624,2.27002653238556E-5,
-0.228286163298986),(0.973594077185624,2.27002653238556E-5,-0.228286163298986),
(0.914966858778875,4.01180570351748E-5,-0.403528989946027),(0.914966858778875,
4.01180570351748E-5,-0.403528989946027),(0.824975337038627,5.61834512541951E-5,
-0.565168727126178),(0.824975337038627,5.61834512541951E-5,-0.565168727126178),
(0.706902622183728,7.03105931742773E-5,-0.707310877766057),(0.706902622183728,
7.03105931742773E-5,-0.707310877766057),(0.565100640207174,8.2009160778628E-5,
-0.825021975290319),(0.565100640207174,8.2009160778628E-5,-0.825021975290319),
(0.403928085803297,9.09301910174109E-5,-0.914790737398988),(0.403928085803297,
9.09301910174109E-5,-0.914790737398988),(0.238099321626749,9.65394427933491E-5,
-0.971240806247873),(0.238099321626749,9.65394427933491E-5,-0.971240806247873),
(0.110713164083753,9.87856774860476E-5,-0.993852396254069),(0.110713164083753,
9.87856774860476E-5,-0.993852396254069),(0.0444859329267468,9.92976670488781E-5,
-0.999010005911658),(0.0444859329267468,9.92976670488781E-5,-0.999010005911658),
(-0.0110623250416756,-9.93896554765787E-5,0.999938805670811),(-0.0110623250416756,
-9.93896554765787E-5,0.999938805670811),(-9.93956282991199E-5,-9.93956286352555E-5,
0.999999990120509),(-0.0804415527675423,-9.90743141686727E-5,0.99675932239063),
(-9.93956282991199E-5,-9.93956286352555E-5,0.999999990120509),(0.,0.999999995060255,
9.93956281442664E-5),(-0.0804415527675423,-9.90743141686727E-5,0.99675932239063),
(0.,-0.999999995060255,-9.93956281442664E-5),(-9.93956282991199E-5,-9.93956286352555E-5,
0.999999990120509),(-9.93956282991199E-5,-9.93956286352555E-5,0.999999990120509),
(0.,0.999999995060255,9.93956281442664E-5),(0.,-0.999999995060255,-9.93956281442664E-5),
(0.0105088983836374,-9.93900356953873E-5,0.999944775063295),(0.0105088983836374,
-9.93900356953873E-5,0.999944775063295),(0.0797366104115197,-9.90783614716427E-5,
0.996815962524457),(0.,0.999999995060255,9.93956281442664E-5),(0.,0.999999995060255,
9.93956281442664E-5),(0.,0.999999995060255,9.93956281442664E-5),(0.,0.999999995060255,
9.93956281442664E-5),(0.,0.999999995060255,9.93956281442664E-5),(0.,0.999999995060255,
9.93956281442664E-5),(0.,0.999999995060255,9.93956281442664E-5),(0.,0.999999995060255,
9.93956281442664E-5),(0.0797366104115197,-9.90783614716427E-5,0.996815962524457),
(0.,-0.999999995060255,-9.93956281442664E-5),(0.,-0.999999995060255,-9.93956281442664E-5),
(0.,-0.999999995060255,-9.93956281442664E-5),(0.,-0.999999995060255,-9.93956281442664E-5),
(0.,-0.999999995060255,-9.93956281442664E-5),(0.,-0.999999995060255,-9.93956281442664E-5),
(0.,-0.999999995060255,-9.93956281442664E-5),(0.,-0.999999995060255,-9.93956281442664E-5),
(-0.229000277583513,-9.67565866309856E-5,0.973426352378462),(-0.229000277583513,
-9.67565866309856E-5,0.973426352378462),(-0.403851135588779,-9.09335670932223E-5,
0.914824711086632),(-0.403851135588779,-9.09335670932223E-5,0.914824711086632),
(-0.565211230941994,-8.20016316325351E-5,0.82494621503027),(-0.565211230941994,
-8.20016316325351E-5,0.82494621503027),(-0.707414825737229,-7.02596799535162E-5,
0.706798598888498),(-0.707414825737229,-7.02596799535162E-5,0.706798598888498),
(-0.824938731501969,-5.61887615310328E-5,0.565222156422362),(-0.824938731501969,
-5.61887615310328E-5,0.565222156422362),(-0.914542437464055,-4.02135691531084E-5,
0.404489960889233),(-0.914542437464055,-4.02135691531084E-5,0.404489960889233),
(-0.97353438399412,-2.27255539376608E-5,0.228540593034888),(-0.97353438399412,
-2.27255539376608E-5,0.228540593034888),(-0.996908292312761,-7.81975043295676E-6,
0.0785738929728279),(-0.996908292312761,-7.81975043295676E-6,0.0785738929728279),
(0.999898984595125,1.42262784582708E-6,-0.0142133952177142),(0.,0.999999995060255,
9.93956281442664E-5),(-0.999949900450322,0.,-0.0100098245949111),(0.,-0.999999995060255,
-9.93956281442664E-5),(-2.06677362187687E-5,0.707097062858744,-0.707116499078746),
(-0.00022504281320094,0.706907166471413,-0.707306303765978),(0.709142153085042,
0.705061683698275,0.00232999967030647),(0.707740108927263,0.706472414340112,
0.000816083377540396),(0.707121381756958,0.707092166342655,0.000140566645755858),
(-2.67142754728728E-5,-0.706950922886164,-0.707262604636177),(-0.000240986948852011,
-0.706751666026657,-0.707461677049602),(0.707745691991049,-0.706466963639759,
0.000681728487943787),(0.709157050000939,-0.70504709946881,0.00220589314867934),
(0.70712139572847,-0.707092166342564,0.),(7.02760016567365E-5,0.707180432403101,
-0.707033118805227),(-0.707121395728447,0.707092166342587,0.),(7.02899734335908E-5,
-0.707039866427356,-0.707173686120818),(-0.707121381756965,-0.707092166342648,
-0.000140566645658773),(-0.707121381756965,-0.707092166342648,-0.000140566645658773),
(-0.999999995060255,0.,-9.93956286011889E-5),(0.999999995060255,0.,9.93956286673204E-5),
(0.999999995060255,0.,9.93956286673204E-5),(0.,0.999999995060255,9.93956281442664E-5),
(0.,0.999999995060255,9.93956281442664E-5),(0.,0.999999995060255,9.93956281442664E-5),
(0.,-0.999999995060255,-9.93956281442664E-5),(0.,-0.999999995060255,-9.93956281442664E-5),
(0.,-0.999999995060255,-9.93956281442664E-5),(0.,0.999999995060255,9.93956281442664E-5),
(0.,-0.999999995060255,-9.93956281442664E-5),(-0.996891162330514,7.8216250867546E-6,
-0.0787909284507964),(-0.996891162330514,7.8216250867546E-6,-0.0787909284507964),
(0.,0.999999995060255,9.93956281442664E-5),(0.,0.999999995060255,9.93956281442664E-5),
(0.,0.999999995060255,9.93956281442664E-5),(0.,0.999999995060255,9.93956281442664E-5),
(0.,0.999999995060255,9.93956281442664E-5),(0.,0.999999995060255,9.93956281442664E-5),
(0.,0.999999995060255,9.93956281442664E-5),(0.,0.999999995060255,9.93956281442664E-5),
(0.,0.999999995060255,9.93956281442664E-5),(0.,-0.999999995060255,-9.93956281442664E-5),
(0.,-0.999999995060255,-9.93956281442664E-5),(0.,-0.999999995060255,-9.93956281442664E-5),
(0.,-0.999999995060255,-9.93956281442664E-5),(0.,-0.999999995060255,-9.93956281442664E-5),
(0.,-0.999999995060255,-9.93956281442664E-5),(0.,-0.999999995060255,-9.93956281442664E-5),
(0.,-0.999999995060255,-9.93956281442664E-5),(0.,-0.999999995060255,-9.93956281442664E-5),
(0.996551126702886,8.25779733463113E-6,-0.0829810327666342),(0.996551126702886,
8.25779733463113E-6,-0.0829810327666342),(0.973530060018775,2.27273846066964E-5,
-0.228559011468168),(0.973530060018775,2.27273846066964E-5,-0.228559011468168),
(0.914958625266087,4.01199124970258E-5,-0.403547658203569),(0.914958625266087,
4.01199124970258E-5,-0.403547658203569),(0.825161243539143,5.61564708544535E-5,
-0.564897264117455),(0.825161243539143,5.61564708544535E-5,-0.564897264117455),
(0.706964922011204,7.03044044883363E-5,-0.707248608413606),(0.706964922011204,
7.03044044883363E-5,-0.707248608413606),(0.565100640207174,8.2009160778628E-5,
-0.825021975290319),(0.565100640207174,8.2009160778628E-5,-0.825021975290319),
(0.403808536901281,9.09354357119804E-5,-0.914843515174258),(0.403808536901281,
9.09354357119804E-5,-0.914843515174258),(0.237972397208569,9.6542533407607E-5,
-0.971271912929817),(0.237972397208569,9.6542533407607E-5,-0.971271912929817),
(0.111392835361102,9.87781351700577E-5,-0.993776446930141),(0.111392835361102,
9.87781351700577E-5,-0.993776446930141),(0.0440646504147241,9.92995186743266E-5,
-0.99902867662717),(0.0440646504147241,9.92995186743266E-5,-0.99902867662717),
(-0.0121581608429128,-9.93884016148343E-5,0.999926081891488),(-0.0121581608429128,
-9.93884016148343E-5,0.999926081891488),(-9.93956282991199E-5,-9.93956286352555E-5,
0.999999990120509),(-0.0813977066347322,-9.9066607908328E-5,0.996681696200153),
(-9.93956282991199E-5,-9.93956286352555E-5,0.999999990120509),(0.,0.999999995060255,
9.93956281442664E-5),(-0.0813977066347322,-9.9066607908328E-5,0.996681696200153),
(0.,-0.999999995060255,-9.93956281442664E-5),(-9.93956282991199E-5,-9.93956286352555E-5,
0.999999990120509),(-9.93956282991199E-5,-9.93956286352555E-5,0.999999990120509),
(0.,0.999999995060255,9.93956281442664E-5),(0.,-0.999999995060255,-9.93956281442664E-5),
(0.0118344008843246,-9.9388550652533E-5,0.999929966086438),(0.0118344008843246,
-9.9388550652533E-5,0.999929966086438),(0.0811034633834256,-9.90673866596057E-5,
0.996705682944001),(0.,0.999999995060255,9.93956281442664E-5),(0.,0.999999995060255,
9.93956281442664E-5),(0.,0.999999995060255,9.93956281442664E-5),(0.,0.999999995060255,
9.93956281442664E-5),(0.,0.999999995060255,9.93956281442664E-5),(0.,0.999999995060255,
9.93956281442664E-5),(0.,0.999999995060255,9.93956281442664E-5),(0.,0.999999995060255,
9.93956281442664E-5),(0.0811034633834256,-9.90673866596057E-5,0.996705682944001),
(0.,-0.999999995060255,-9.93956281442664E-5),(0.,-0.999999995060255,-9.93956281442664E-5),
(0.,-0.999999995060255,-9.93956281442664E-5),(0.,-0.999999995060255,-9.93956281442664E-5),
(0.,-0.999999995060255,-9.93956281442664E-5),(0.,-0.999999995060255,-9.93956281442664E-5),
(0.,-0.999999995060255,-9.93956281442664E-5),(0.,-0.999999995060255,-9.93956281442664E-5),
(-0.22899444687118,-9.67567229021727E-5,0.973427724045447),(-0.22899444687118,
-9.67567229021727E-5,0.973427724045447),(-0.403847995979785,-9.09337048225583E-5,
0.914826097066635),(-0.403847995979785,-9.09337048225583E-5,0.914826097066635),
(-0.565100640208083,-8.20091607785661E-5,0.825021975289696),(-0.565100640208083,
-8.20091607785661E-5,0.825021975289696),(-0.707502733896391,-7.02509344295066E-5,
0.706710603142431),(-0.707502733896391,-7.02509344295066E-5,0.706710603142431),
(-0.825046977344058,-5.61730564233996E-5,0.565064139739925),(-0.825046977344058,
-5.61730564233996E-5,0.565064139739925),(-0.914569598590286,-4.02074649142939E-5,
0.404428544637693),(-0.914569598590286,-4.02074649142939E-5,0.404428544637693),
(-0.973530060018916,-2.27273846003984E-5,0.22855901146757),(-0.973530060018916,
-2.27273846003984E-5,0.22855901146757),(-0.9968206485355,-7.92949978180038E-6,
0.0796780684403655),(-0.9968206485355,-7.92949978180038E-6,0.0796780684403655),
(0.999898082909277,1.42891876554932E-6,-0.0142766870215572),(0.,0.999999995060255,
9.93956281442664E-5),(-0.999937732999292,1.09930745832041E-6,-0.0111593065657071),
(0.,0.999999995060255,9.93956281442664E-5),(0.,-0.999999995060255,-9.93956281442664E-5),
(0.000173440869059262,0.707257008153185,-0.706956501021436),(0.000435111930911769,
0.707498969380687,-0.706714241403746),(0.709233031472761,0.704969923641521,
0.00243183651301001),(0.707740919707546,0.706471601058506,0.000816987972577851),
(0.000167394601196425,-0.707110902172804,-0.707102640362352),(0.000419173797614143,
-0.707343611399658,-0.706869747340637),(0.707746510059729,-0.706466143207873,
0.000682641389477674),(0.709247953666148,-0.704955327926067,0.00230778010915692),
(0.70712139572847,-0.707092166342564,0.),(7.02777892447931E-5,0.707162451117929,
-0.707051103379321),(-0.707085430612666,0.707128131115783,0.),(7.02917606648987E-5,
-0.707021881567359,-0.707191667120039),(-0.707085416640601,-0.707128131115717,
-0.000140566645535892),(-0.707085416640601,-0.707128131115717,-0.000140566645535892),
(-0.999999995060255,0.,-9.93956286011889E-5),(0.999999995060255,0.,9.93956286673204E-5),
(0.999999995060255,0.,9.93956286673204E-5),(0.,0.999999995060255,9.93956281442664E-5),
(0.,-0.999999995060255,-9.93956281442664E-5),(0.,0.999999995060255,9.93956281442664E-5),
(0.,-0.999999995060255,-9.93956281442664E-5),(-0.996807478844921,7.92616326681134E-6,
-0.0798426581221354),(-0.996807478844921,7.92616326681134E-6,-0.0798426581221354),
(0.,0.999999995060255,9.93956281442664E-5),(0.,0.999999995060255,9.93956281442664E-5),
(0.,0.999999995060255,9.93956281442664E-5),(0.,0.999999995060255,9.93956281442664E-5),
(0.,0.999999995060255,9.93956281442664E-5),(0.,0.999999995060255,9.93956281442664E-5),
(0.,0.999999995060255,9.93956281442664E-5),(0.,0.999999995060255,9.93956281442664E-5),
(0.,-0.999999995060255,-9.93956281442664E-5),(0.,-0.999999995060255,-9.93956281442664E-5),
(0.,-0.999999995060255,-9.93956281442664E-5),(0.,-0.999999995060255,-9.93956281442664E-5),
(0.,-0.999999995060255,-9.93956281442664E-5),(0.,-0.999999995060255,-9.93956281442664E-5),
(0.,-0.999999995060255,-9.93956281442664E-5),(0.,-0.999999995060255,-9.93956281442664E-5),
(0.996553714769309,8.25470745348306E-6,-0.0829499458188552),(0.,0.999999995060255,
9.93956281442664E-5),(0.996553714769309,8.25470745348306E-6,-0.0829499458188552),
(0.,-0.999999995060255,-9.93956281442664E-5),(0.973561662373272,2.27140013255657E-5,
-0.228424361750372),(0.973561662373272,2.27140013255657E-5,-0.228424361750372),
(0.914840960779438,4.01464175614044E-5,-0.403814332173117),(0.914840960779438,
4.01464175614044E-5,-0.403814332173117),(0.825021548419372,5.61767464271295E-5,
-0.565101266577836),(0.825021548419372,5.61767464271295E-5,-0.565101266577836),
(0.707177061015889,7.02833230283732E-5,-0.707036490878076),(0.707177061015889,
7.02833230283732E-5,-0.707036490878076),(0.564977549697495,8.20175383783911E-5,
-0.825106272919397),(0.564977549697495,8.20175383783911E-5,-0.825106272919397),
(0.403597694408163,9.09446810118408E-5,-0.914936551241386),(0.403597694408163,
9.09446810118408E-5,-0.914936551241386),(0.229574104845857,9.67431567544919E-5,
-0.973291179979036),(0.229574104845857,9.67431567544919E-5,-0.973291179979036),
(0.,0.999999995060255,9.93956281442664E-5),(0.,-0.999999995060255,-9.93956281442664E-5),
(0.,-0.999999995060255,-9.93956281442664E-5),(0.,-0.999999995060255,-9.93956281442664E-5),
(0.000165998477343814,-0.707114491849947,-0.707099050954176),(0.0001423777355775,
-0.707095514903023,-0.70711803295674),(-5.7830704589892E-5,-0.706959328521499,
-0.707254200745419),(0.000117905539058188,-0.707063821822418,-0.707149728111494),
(0.000151863262828087,-0.707112909906742,-0.707100636105476),(0.706766515282391,
-0.707446730072294,-0.00046581713763525),(0.706817395899045,-0.707395933564553,
-0.000402530529014997),(0.707105322369037,-0.707108239647208,-2.23697862132264E-5),
(0.707298187036255,-0.706915290869381,0.000214826174267821),(0.990317362410746,
1.38080744223289E-5,-0.138821905753959),(0.990317362410746,1.38080744223289E-5,
-0.138821905753959),(0.706826665149637,0.707386741511148,-0.000251729385293232),
(0.707298678447272,0.706914741674,0.000357030424957843),(0.706896460741702,
0.707316966943455,-0.000319475769465647),(0.707096734304371,0.707116819879241,
0.000106676908765902),(0.000155810029365915,0.707245770978174,-0.706967746899902),
(0.00026071973688583,0.707330029676402,-0.706883414109568),(0.000124528884901138,
0.707220643936682,-0.706992889131384),(0.000163375314732513,0.707262037494436,
-0.706951471904349),(-5.95220714929738E-5,0.707099403551168,-0.707114156239787),
(0.138369931117235,9.84408703339881E-5,-0.990380609903085),(0.138369931117235,
9.84408703339881E-5,-0.990380609903085),(9.22987399048506E-5,-0.70705527835745,
-0.707158274241214),(0.0001423777355775,-0.707095514903023,-0.70711803295674),
(0.138369931117235,9.84408703339881E-5,-0.990380609903085),(0.138369931117235,
9.84408703339881E-5,-0.990380609903085),(0.138369931117235,9.84408703339881E-5,
-0.990380609903085),(0.000147587173798682,-0.707081466985442,-0.707132079079815),
(0.000147587431503138,-0.707081467114291,-0.707132078950921),(0.000183096406479585,
-0.707102575031697,-0.707110963611263),(-6.98979078164903E-6,-0.706968311429469,
-0.707245223798442),(0.706766515282391,-0.707446730072294,-0.00046581713763525),
(0.706817403860163,-0.707395925615582,-0.000402520626175248),(0.707105349191737,
-0.707108212825807,-2.23321508205245E-5),(0.707303040514399,-0.70691043219642,
0.000223004389694763),(0.990317362410746,1.38080744223289E-5,-0.138821905753959),
(0.990317362410746,1.38080744223289E-5,-0.138821905753959),(0.706826673759276,
0.707386732912136,-0.000251718677196269),(0.707303532209428,0.706909881064775,
0.000365208231315887),(0.706914050902741,0.707299399532754,-0.000289925648946578),
(0.707096763299967,0.707116790878379,0.000106717256276299),(0.000181404842333516,
0.707242621961264,-0.706970891036993),(0.000142383381229769,0.707219430533019,
-0.706994099553543),(8.21135254982628E-5,0.707186570640285,-0.707026977960107),
(-6.00745552659944E-5,0.70707232621102,-0.707141231931489),(4.52193778226244E-6,
0.707117470880941,-0.707096091316091),(9.22987406334918E-5,-0.707055278358035,
-0.707158274240629),(0.0001423777355775,-0.707095514903023,-0.70711803295674),
(0.138369931117235,9.84408703339881E-5,-0.990380609903085),(0.138369931117235,
9.84408703339881E-5,-0.990380609903085),(0.138369931117235,9.84408703339881E-5,
-0.990380609903085),(0.000130027899210324,-0.707071028440208,-0.707142520170618),
(-4.3630207621262E-5,-0.706967773563993,-0.707245760141675),(-6.98979078164903E-6,
-0.706968311429469,-0.707245223798442),(0.707105269140301,-0.707108287739829,
-8.8111685212705E-5),(0.707024514419356,-0.707189013229679,-0.000188619474745802),
(0.706929851331594,-0.707283613903007,-0.000273496971160886),(0.70729675314328,
-0.706916726260707,0.000212428384910977),(0.990414418784928,1.37390806124075E-5,
-0.138127762865219),(0.990414418784928,1.37390806124075E-5,-0.138127762865219),
(0.707033779678647,0.707179774145176,-3.78590051290533E-5),(0.70729724470515,
0.706916177398515,0.000354633295300594),(0.706891329585185,0.707322091048114,
-0.000328135053567601),(0.706921260918414,0.707292238050364,-0.000144413390691274),
(8.21135254982628E-5,0.707186570640285,-0.707026977960107),(-6.00745552659944E-5,
0.70707232621102,-0.707141231931489),(4.52193778226244E-6,0.707117470880941,
-0.707096091316091),(0.000128335782269198,0.707211081206134,-0.707002454132358),
(0.138127763548475,-9.84414986462695E-5,0.990414413892673),(0.138127763548475,
-9.84414986462695E-5,0.990414413892673),(0.,0.999999995060255,9.93956281442664E-5),
(7.02760016567365E-5,0.707180432403101,-0.707033118805227),(7.02760016567365E-5,
0.707180432403101,-0.707033118805227),(7.02760016567365E-5,0.707180432403101,
-0.707033118805227),(7.02760016567365E-5,0.707180432403101,-0.707033118805227),
(-1.73659732890965E-5,0.707100089910654,-0.707113472185878),(7.02760016567365E-5,
0.707180432403101,-0.707033118805227),(7.02760016567365E-5,0.707180432403101,
-0.707033118805227),(-0.000348551861668077,0.706796356193467,-0.707416984093001),
(0.000124528884619527,0.707220643936451,-0.706992889131615),(0.000124528894419582,
0.707220643944328,-0.706992889123734),(-0.000247979882092334,0.706886589839188,
-0.707326860518885),(8.21135571402254E-5,0.707186570665716,-0.707026977934667),
(4.52193778226244E-6,0.707117470880941,-0.707096091316091),(0.000196388668674568,
0.707251526745689,-0.706961978714119),(0.000196388668674568,0.707251526745689,
-0.706961978714119),(0.000154400352506014,0.707226572695324,-0.706986952520453),
(-0.707121397302162,0.707092164568301,1.68390388019598E-5),(-0.707121291022639,
0.707092271052708,0.),(-0.707121395728447,0.707092166342587,0.),(-0.707121395728447,
0.707092166342587,0.),(-0.707121395728447,0.707092166342587,0.),(-0.999999995060255,
0.,-9.93956286011889E-5),(-0.999999995060255,0.,-9.93956286011889E-5),(-0.707121381756965,
-0.707092166342648,-0.000140566645658773),(-0.707121381756965,-0.707092166342648,
-0.000140566645658773),(-0.707121381756965,-0.707092166342648,-0.000140566645658773),
(-0.707121381756965,-0.707092166342648,-0.000140566645658773),(-0.707121381756965,
-0.707092166342648,-0.000140566645658773),(-0.707121381756965,-0.707092166342648,
-0.000140566645658773),(-0.707121381756965,-0.707092166342648,-0.000140566645658773),
(0.000158522692059188,-0.70708796760164,-0.707125576502178),(0.000196731388835264,
-0.707110679802489,-0.707102855181637),(0.000196731388835264,-0.707110679802489,
-0.707102855181637),(9.2298746053139E-5,-0.707055278362381,-0.707158274236283),
(0.0001423777355775,-0.707095514903023,-0.70711803295674),(-0.000266141311105599,
-0.70672909500935,-0.707484215679804),(-0.00037643392085052,-0.706630115643541,
-0.707583025491073),(-2.3192537386424E-5,-0.706954152292336,-0.707259376762677),
(7.02899734335908E-5,-0.707039866427356,-0.707173686120818),(7.02899734335908E-5,
-0.707039866427356,-0.707173686120818),(7.02899734335908E-5,-0.707039866427356,
-0.707173686120818),(7.02899734335908E-5,-0.707039866427356,-0.707173686120818),
(-6.98979078164903E-6,-0.706968311429469,-0.707245223798442),(0.,0.999999995060255,
9.93956281442664E-5),(0.,0.999999995060255,9.93956281442664E-5),(0.,0.999999995060255,
9.93956281442664E-5),(0.,0.999999995060255,9.93956281442664E-5),(0.,0.999999995060255,
9.93956281442664E-5),(0.,0.999999995060255,9.93956281442664E-5),(0.,0.999999995060255,
9.93956281442664E-5),(0.,0.999999995060255,9.93956281442664E-5),(0.,0.999999995060255,
9.93956281442664E-5),(0.,0.999999995060255,9.93956281442664E-5),(0.,0.999999995060255,
9.93956281442664E-5),(0.,0.999999995060255,9.93956281442664E-5),(0.,0.999999995060255,
9.93956281442664E-5),(0.,0.999999995060255,9.93956281442664E-5),(0.,0.999999995060255,
9.93956281442664E-5),(0.,0.999999995060255,9.93956281442664E-5),(0.,0.999999995060255,
9.93956281442664E-5),(0.138127763548475,-9.84414986462695E-5,0.990414413892673),
(0.138127763548475,-9.84414986462695E-5,0.990414413892673),(0.229053707896988,
-9.67508117760318E-5,0.973413781255393),(0.,-0.999999995060255,-9.93956281442664E-5),
(0.,-0.999999995060255,-9.93956281442664E-5),(0.,-0.999999995060255,-9.93956281442664E-5),
(0.,-0.999999995060255,-9.93956281442664E-5),(0.,-0.999999995060255,-9.93956281442664E-5),
(0.,-0.999999995060255,-9.93956281442664E-5),(0.,-0.999999995060255,-9.93956281442664E-5),
(0.,-0.999999995060255,-9.93956281442664E-5),(0.,-0.999999995060255,-9.93956281442664E-5),
(0.,-0.999999995060255,-9.93956281442664E-5),(0.,-0.999999995060255,-9.93956281442664E-5),
(0.,-0.999999995060255,-9.93956281442664E-5),(0.,-0.999999995060255,-9.93956281442664E-5),
(0.,-0.999999995060255,-9.93956281442664E-5),(0.,-0.999999995060255,-9.93956281442664E-5),
(0.,-0.999999995060255,-9.93956281442664E-5),(0.403888030815568,9.09319484784281E-5,
-0.914808422728663),(0.403888030815568,9.09319484784281E-5,-0.914808422728663),
(0.,-0.999999995060255,-9.93956281442664E-5),(0.403808536901281,9.09354357119804E-5,
-0.914843515174258),(0.404055716536783,-9.09166059847081E-5,0.914734371098035),
(0.404055716536783,-9.09166059847081E-5,0.914734371098035),(0.564892317709537,
-8.2012176040728E-5,0.825164627614848),(0.564892317709537,-8.2012176040728E-5,
0.825164627614848),(-0.403817990686764,-9.09350210394543E-5,0.914839342250062),
(-0.565001347312854,-8.20159189102325E-5,0.825089977401283),(-0.403817990686764,
-9.09350210394543E-5,0.914839342250062),(-0.565001347312854,-8.20159189102325E-5,
0.825089977401283),(0.,0.999999995060255,9.93956281442664E-5),(0.,-0.999999995060255,
-9.93956281442664E-5),(0.706797135759925,-7.0307103815171E-5,0.707416287583539),
(0.706797135759925,-7.0307103815171E-5,0.707416287583539),(-0.707477024393741,
-7.02534923588827E-5,0.706736340525534),(-0.707477024393741,-7.02534923588827E-5,
0.706736340525534),(0.824543887576662,-5.62297015964674E-5,0.565797997785592),
(0.824543887576662,-5.62297015964674E-5,0.565797997785592),(-0.824988470351617,
-5.61815458563597E-5,0.565149555985434),(-0.824988470351617,-5.61815458563597E-5,
0.565149555985434),(0.914786977746215,-4.01404955067747E-5,0.403936608559669),
(0.914786977746215,-4.01404955067747E-5,0.403936608559669),(-0.914648114999134,
-4.01898127650643E-5,0.404250942006707),(-0.914648114999134,-4.01898127650643E-5,
0.404250942006707),(0.973496985259518,-2.27221472232528E-5,0.228699845155901),
(0.973496985259518,-2.27221472232528E-5,0.228699845155901),(-0.973589758024015,
-2.27020961051342E-5,0.228304582861041),(-0.973589758024015,-2.27020961051342E-5,
0.228304582861041),(0.996668590259069,-8.09667048737203E-6,0.0815580843659517),
(0.996668590259069,-8.09667048737203E-6,0.0815580843659517),(-0.996819683570231,
-7.93069961433335E-6,0.0796901398169724),(-0.996819683570231,-7.93069961433335E-6,
0.0796901398169724),(0.99992816646807,-1.18146771338886E-6,0.0119859043216453),
(0.99992816646807,-1.18146771338886E-6,0.0119859043216453),(0.999898984595125,
1.42262784582708E-6,-0.0142133952177142),(0.,0.999999995060255,9.93956281442664E-5),
(0.,0.999999995060255,9.93956281442664E-5),(0.,-0.999999995060255,-9.93956281442664E-5),
(-0.999938275352949,1.09446641660502E-6,-0.0111106022776041),(0.,0.999999995060255,
9.93956281442664E-5),(0.,0.999999995060255,9.93956281442664E-5),(0.,-0.999999995060255,
-9.93956281442664E-5),(0.,-0.999999995060255,-9.93956281442664E-5),(-0.000214055812112012,
0.706937709213195,-0.707275780351985),(-0.000884381882204283,0.706315292590539,
-0.707896832399628),(0.710332554927494,0.703856678905002,0.00366564741898631),
(0.708059788584385,0.706151459901599,0.00120476913817548),(-0.000220086515395376,
-0.706791549866773,-0.707421837801782),(-0.000900280190637861,-0.706159696566251,
-0.708052026648493),(0.708065360311837,-0.706146089431658,0.00107047038548989),
(0.710347396581722,-0.703842334667973,0.0035417649139745),(0.707085430612547,
-0.707128131115902,0.),(7.0274214114145E-5,0.70719841231642,-0.70701513468855),
(-0.707121395728447,0.707092166342587,0.),(7.02881862463047E-5,-0.707057849915354,
-0.707155705578798),(-0.707121381756965,-0.707092166342648,-0.000140566645658773),
(-0.707121381756965,-0.707092166342648,-0.000140566645658773),(-0.999999995060255,
0.,-9.93956286011889E-5),(0.999999995060255,0.,9.93956286673204E-5),(0.999999995060255,
0.,9.93956286673204E-5),(-0.99680533341388,7.9288251243017E-6,-0.079869438553031),
(-0.99680533341388,7.9288251243017E-6,-0.079869438553031),(0.,0.999999995060255,
9.93956281442664E-5),(0.,0.999999995060255,9.93956281442664E-5),(0.,0.999999995060255,
9.93956281442664E-5),(0.,0.999999995060255,9.93956281442664E-5),(0.,0.999999995060255,
9.93956281442664E-5),(0.,0.999999995060255,9.93956281442664E-5),(0.,0.999999995060255,
9.93956281442664E-5),(0.,-0.999999995060255,-9.93956281442664E-5),(0.,-0.999999995060255,
-9.93956281442664E-5),(0.,-0.999999995060255,-9.93956281442664E-5),(0.,
-0.999999995060255,-9.93956281442664E-5),(0.,-0.999999995060255,-9.93956281442664E-5),
(0.,-0.999999995060255,-9.93956281442664E-5),(0.,-0.999999995060255,-9.93956281442664E-5),
(0.996552696457458,8.25592335064961E-6,-0.0829621788239042),(0.996552696457458,
8.25592335064961E-6,-0.0829621788239042),(0.973594077185624,2.27002653238556E-5,
-0.228286163298986),(0.973594077185624,2.27002653238556E-5,-0.228286163298986),
(0.914966858778875,4.01180570351748E-5,-0.403528989946027),(0.914966858778875,
4.01180570351748E-5,-0.403528989946027),(0.824975337038627,5.61834512541951E-5,
-0.565168727126178),(0.824975337038627,5.61834512541951E-5,-0.565168727126178),
(0.706902622183728,7.03105931742773E-5,-0.707310877766057),(0.706902622183728,
7.03105931742773E-5,-0.707310877766057),(0.565100640207174,8.2009160778628E-5,
-0.825021975290319),(0.565100640207174,8.2009160778628E-5,-0.825021975290319),
(0.403928085803297,9.09301910174109E-5,-0.914790737398988),(0.403928085803297,
9.09301910174109E-5,-0.914790737398988),(0.706826665149637,0.707386741511148,
-0.000251729385293232),(0.706781943313011,0.707431403136472,-0.000307348410724006),
(0.707096734304371,0.707116819879241,0.000106676908765902),(0.707298678447272,
0.706914741674,0.000357030424957843),(0.706896460741702,0.707316966943455,
-0.000319475769465647),(0.000155810029365915,0.707245770978174,-0.706967746899902),
(0.00026071973688583,0.707330029676402,-0.706883414109568),(0.000124528884886823,
0.707220643936672,-0.706992889131394),(0.000163375314732513,0.707262037494436,
-0.706951471904349),(-5.95220714929738E-5,0.707099403551168,-0.707114156239787),
(0.138369931117235,9.84408703339881E-5,-0.990380609903085),(0.138369931117235,
9.84408703339881E-5,-0.990380609903085),(0.138369931117235,9.84408703339881E-5,
-0.990380609903085),(0.000165998477343814,-0.707114491849947,-0.707099050954176),
(-5.7830704589892E-5,-0.706959328521499,-0.707254200745419),(0.000117905539058188,
-0.707063821822418,-0.707149728111494),(0.000151863262828087,-0.707112909906742,
-0.707100636105476),(0.706766515282391,-0.707446730072294,-0.00046581713763525),
(0.706817395899045,-0.707395933564553,-0.000402530529014997),(0.707105322369037,
-0.707108239647208,-2.23697862132264E-5),(0.707298187036255,-0.706915290869381,
0.000214826174267821),(0.990317362410746,1.38080744223289E-5,-0.138821905753959),
(0.,-0.999999995060255,-9.93956281442664E-5),(0.,-0.999999995060255,-9.93956281442664E-5),
(0.,-0.999999995060255,-9.93956281442664E-5),(0.,-0.999999995060255,-9.93956281442664E-5),
(0.,-0.999999995060255,-9.93956281442664E-5),(0.,-0.999999995060255,-9.93956281442664E-5),
(0.,-0.999999995060255,-9.93956281442664E-5),(0.,-0.999999995060255,-9.93956281442664E-5),
(0.,-0.999999995060255,-9.93956281442664E-5),(0.,-0.999999995060255,-9.93956281442664E-5),
(0.,-0.999999995060255,-9.93956281442664E-5),(0.,-0.999999995060255,-9.93956281442664E-5),
(0.,-0.999999995060255,-9.93956281442664E-5),(0.,-0.999999995060255,-9.93956281442664E-5),
(0.,-0.999999995060255,-9.93956281442664E-5),(0.,-0.999999995060255,-9.93956281442664E-5),
(0.,-0.999999995060255,-9.93956281442664E-5),(0.,-0.999999995060255,-9.93956281442664E-5),
(0.,-0.999999995060255,-9.93956281442664E-5),(0.,-0.999999995060255,-9.93956281442664E-5),
(0.,-0.999999995060255,-9.93956281442664E-5),(0.,-0.999999995060255,-9.93956281442664E-5),
(0.,-0.999999995060255,-9.93956281442664E-5),(0.318019743002468,-9.42322718431847E-5,
0.948084086028725),(0.318019743002468,-9.42322718431847E-5,0.948084086028725),
(0.318019743002468,-9.42322718431847E-5,0.948084086028725),(-0.317892649864191,
-9.42427907776822E-5,0.948126707924958),(-0.317892649864191,-9.42427907776822E-5,
0.948126707924958),(-0.317892649864191,-9.42427907776822E-5,0.948126707924958),
(0.,0.999999995060255,9.93956281442664E-5),(0.,0.999999995060255,9.93956281442664E-5),
(0.,0.999999995060255,9.93956281442664E-5),(0.,0.999999995060255,9.93956281442664E-5),
(0.,0.999999995060255,9.93956281442664E-5),(0.,0.999999995060255,9.93956281442664E-5),
(0.,0.999999995060255,9.93956281442664E-5),(0.,0.999999995060255,9.93956281442664E-5),
(0.,0.999999995060255,9.93956281442664E-5),(0.,0.999999995060255,9.93956281442664E-5),
(0.,0.999999995060255,9.93956281442664E-5),(0.,0.999999995060255,9.93956281442664E-5),
(0.,0.999999995060255,9.93956281442664E-5),(0.,0.999999995060255,9.93956281442664E-5),
(0.,0.999999995060255,9.93956281442664E-5),(0.,0.999999995060255,9.93956281442664E-5),
(0.,0.999999995060255,9.93956281442664E-5),(0.,0.999999995060255,9.93956281442664E-5),
(0.,0.999999995060255,9.93956281442664E-5),(0.,0.999999995060255,9.93956281442664E-5),
(0.,0.999999995060255,9.93956281442664E-5),(0.,-0.999999995060255,-9.93956281442664E-5),
(0.,-0.999999995060255,-9.93956281442664E-5),(0.,-0.999999995060255,-9.93956281442664E-5),
(0.,-0.999999995060255,-9.93956281442664E-5),(0.,-0.999999995060255,-9.93956281442664E-5),
(0.,-0.999999995060255,-9.93956281442664E-5),(0.,-0.999999995060255,-9.93956281442664E-5),
(0.,-0.999999995060255,-9.93956281442664E-5),(0.,-0.999999995060255,-9.93956281442664E-5),
(0.,-0.999999995060255,-9.93956281442664E-5),(0.,-0.999999995060255,-9.93956281442664E-5),
(0.,-0.999999995060255,-9.93956281442664E-5),(0.,-0.999999995060255,-9.93956281442664E-5),
(0.,-0.999999995060255,-9.93956281442664E-5),(0.,-0.999999995060255,-9.93956281442664E-5),
(0.,-0.999999995060255,-9.93956281442664E-5),(0.,-0.999999995060255,-9.93956281442664E-5),
(0.,-0.999999995060255,-9.93956281442664E-5),(0.,-0.999999995060255,-9.93956281442664E-5),
(0.,0.999999995060255,9.93956281442664E-5),(0.,0.999999995060255,9.93956281442664E-5),
(0.,0.999999995060255,9.93956281442664E-5),(0.,0.999999995060255,9.93956281442664E-5),
(0.,0.999999995060255,9.93956281442664E-5),(0.,0.999999995060255,9.93956281442664E-5),
(0.,0.999999995060255,9.93956281442664E-5),(0.,0.999999995060255,9.93956281442664E-5),
(0.,0.999999995060255,9.93956281442664E-5),(0.,0.999999995060255,9.93956281442664E-5),
(0.,0.999999995060255,9.93956281442664E-5),(0.,0.999999995060255,9.93956281442664E-5),
(0.,0.999999995060255,9.93956281442664E-5),(0.,0.999999995060255,9.93956281442664E-5),
(0.,0.999999995060255,9.93956281442664E-5),(0.,0.999999995060255,9.93956281442664E-5),
(0.,0.999999995060255,9.93956281442664E-5),(0.,0.999999995060255,9.93956281442664E-5),
(0.,0.999999995060255,9.93956281442664E-5),(0.,0.999999995060255,9.93956281442664E-5),
(0.,-0.999999995060255,-9.93956281442664E-5),(0.,-0.999999995060255,-9.93956281442664E-5),
(0.,-0.999999995060255,-9.93956281442664E-5),(0.,-0.999999995060255,-9.93956281442664E-5),
(0.,-0.999999995060255,-9.93956281442664E-5),(7.2471374332232E-5,-0.707040642465025,
-0.707172910008963),(7.16474330177508E-5,-0.707039082740287,-0.707174469522493),
(5.85221299779908E-5,-0.707028516437332,-0.70718503485268),(0.,-0.999999995060255,
-9.93956281442664E-5),(0.,-0.999999995060255,-9.93956281442664E-5),(0.,
-0.999999995060255,-9.93956281442664E-5),(0.110740003359485,9.87853805372685E-5,
-0.993849406045699),(0.110740003359485,9.87853805372685E-5,-0.993849406045699),
(0.238083023973515,9.65398397396028E-5,-0.971244801466492),(0.403888030815568,
9.09319484784281E-5,-0.914808422728663),(0.238083023973515,9.65398397396028E-5,
-0.971244801466492),(0.,-0.999999995060255,-9.93956281442664E-5),(0.,-0.999999995060255,
-9.93956281442664E-5),(0.,0.999999995060255,9.93956281442664E-5),(0.,0.999999995060255,
9.93956281442664E-5),(0.565100640207174,8.2009160778628E-5,-0.825021975290319),
(0.706964922011204,7.03044044883363E-5,-0.707248608413606),(-0.824924346040815,
5.6174548527951E-5,-0.565243151354842),(-0.707349369841935,7.02522139025062E-5,
-0.706864105786143),(-0.824924346040815,5.6174548527951E-5,-0.565243151354842),
(0.,-0.999999995060255,-9.93956281442664E-5),(0.,-0.999999995060255,-9.93956281442664E-5),
(0.,-0.999999995060255,-9.93956281442664E-5),(0.000117905539058188,-0.707063821822418,
-0.707149728111494),(0.000112701294273769,0.70720178844761,-0.707011752175959),
(7.14329699404259E-5,0.707179744646388,-0.707033806588624),(5.68305167694914E-5,
0.707168577808349,-0.707044976879696),(0.,0.999999995060255,9.93956281442664E-5),
(0.,0.999999995060255,9.93956281442664E-5),(0.,0.999999995060255,9.93956281442664E-5),
(0.824503465096469,-5.62355567593139E-5,0.565856901417203),(0.403982074557149,
-9.091983960795E-5,0.914766896630002),(0.403982074557149,-9.091983960795E-5,
0.914766896630002),(0.229053707896988,-9.67508117760318E-5,0.973413781255393),
(0.,-0.999999995060255,-9.93956281442664E-5),(0.,0.999999995060255,9.93956281442664E-5),
(0.,0.999999995060255,9.93956281442664E-5),(0.,0.999999995060255,9.93956281442664E-5),
(0.914845238934597,-4.01273778212928E-5,0.403804639879848),(0.0804200680876022,
-9.9072897254659E-5,0.996761056037678),(0.0804200680876022,-9.9072897254659E-5,
0.996761056037678),(0.229053707896988,-9.67508117760318E-5,0.973413781255393),
(0.,0.999999995060255,9.93956281442664E-5),(0.,-0.999999995060255,-9.93956281442664E-5),
(-0.914542041337866,4.01955877512553E-5,-0.404490856521978),(-0.707489874269057,
-7.02522139025917E-5,0.706723476949351),(-0.565001347312854,-8.20159189102325E-5,
0.825089977401283),(-0.825036695136961,-5.61745485281037E-5,0.56507915243964),
(0.,-0.999999995060255,-9.93956281442664E-5),(0.,0.999999995060255,9.93956281442664E-5),
(0.,-0.999999995060255,-9.93956281442664E-5),(0.,-0.999999995060255,-9.93956281442664E-5),
(6.25003331798375E-5,0.707171992453013,-0.707041561143152),(-0.000235370498887077,
0.706897893950391,-0.707315567571667),(0.000124514087530573,0.707220632050089,
-0.706992901024412),(8.21021268690747E-5,0.707186561483089,-0.707026987120694),
(-6.00745552659944E-5,0.70707232621102,-0.707141231931489),(0.0774574656587795,
9.90977748716558E-5,-0.996995652544859),(0.138324646544675,9.84414986462881E-5,
-0.990386935731466),(0.138324646544675,9.84414986462881E-5,-0.990386935731466),
(0.138324646544675,9.84414986462881E-5,-0.990386935731466),(6.27148190182051E-5,
-0.707031328990088,-0.707182222551841),(-5.35981259208509E-6,-0.706990530113098,
-0.707223013130705),(-5.35972631622276E-6,-0.706990530156231,-0.707223013087586),
(9.22835948529465E-5,-0.707055266188363,-0.707158286410505),(0.7097540624004,
-0.70444368320008,0.00287543138224687),(0.706766626852594,-0.707446618691216,
-0.000465692786825402),(0.997195554786583,7.44862053764088E-6,-0.0748399990539629),
(0.990323738097725,1.38035529782051E-5,-0.138776415754304),(0.706797160374997,
0.707416207680937,-0.00028843744941204),(0.706782050604682,0.707431295995221,
-0.000307228845680082),(0.000138982892742006,0.707217410945015,-0.706996120456106),
(-1.05623890636718E-5,0.707128511395548,-0.707085050230842),(0.706930187071959,
0.707283316377429,-0.000144846647120601),(0.706951295912035,0.707262222337332,
-0.000118586481102956),(0.997205585908427,7.43532363084683E-6,-0.0747062204755787),
(0.997205604739562,7.43529864642995E-6,-0.0747059691103702),(0.990362783244245,
1.3775830310097E-5,-0.138497499525945),(-0.000234966529052237,0.706898264116723,
-0.707315197758039),(0.000124514396640099,0.707220630948937,-0.706992902125864),
(0.000118963598104025,0.707216172160347,-0.706997363278343),(0.000100352155193365,
0.707201221786843,-0.707012320849249),(0.0774425913999549,9.90978895746214E-5,
-0.996996808027422),(0.138324646544675,9.84414986462881E-5,-0.990386935731466),
(0.138324646544675,9.84414986462881E-5,-0.990386935731466),(0.138324646544675,
9.84414986462881E-5,-0.990386935731466),(0.000129146559138321,-0.707084883092228,
-0.707128666809384),(0.706935873943011,-0.707277592881007,-0.00027702144140684),
(-0.403657350623549,9.09340898556464E-5,-0.914910233311754),(-0.403657350623549,
9.09340898556464E-5,-0.914910233311754),(0.,-0.999999995060255,-9.93956281442664E-5),
(0.,-0.999999995060255,-9.93956281442664E-5),(0.,-0.999999995060255,-9.93956281442664E-5),
(0.,-0.999999995060255,-9.93956281442664E-5),(0.,-0.999999995060255,-9.93956281442664E-5),
(0.,-0.999999995060255,-9.93956281442664E-5),(0.,-0.999999995060255,-9.93956281442664E-5),
(0.,-0.999999995060255,-9.93956281442664E-5),(0.,0.999999995060255,9.93956281442664E-5),
(0.,0.999999995060255,9.93956281442664E-5),(0.,0.999999995060255,9.93956281442664E-5),
(0.,0.999999995060255,9.93956281442664E-5),(0.,0.999999995060255,9.93956281442664E-5),
(0.,0.999999995060255,9.93956281442664E-5),(0.,0.999999995060255,9.93956281442664E-5),
(0.,0.999999995060255,9.93956281442664E-5),(0.,0.999999995060255,9.93956281442664E-5),
(4.52869808411986E-6,0.707117475605227,-0.707096086591619),(-6.98301277061421E-6,
-0.706968316167164,-0.707245219062669),(0.000140674452282135,-0.707077359122074,
-0.707136188034279),(0.707319213712413,-0.706894230686304,0.000276650811394042),
(0.707006624047934,-0.707206910360713,-0.000139608017551166),(0.706787892497223,
-0.707425389766038,-0.00043924219142138),(0.706998033853073,0.707215511719554,
-1.05422503011937E-5),(0.707319705373613,0.706893668774595,0.000418851500299022),
(0.706997153628734,0.707216380910849,-0.000123823381023345),(-2.36987195653707E-5,
0.707094562623835,-0.707118999141006),(-2.67122791435939E-5,-0.706950922248974,
-0.707262605273162),(0.707906187124221,-0.706305926250446,0.000876798008334438),
(0.999964529135811,0.,-0.00842261654577187),(7.02759737257447E-5,0.707180713352705,
-0.707032837796978),(7.02899734335908E-5,-0.707039866427356,-0.707173686120818),
(0.,0.999999995060255,9.93956281442664E-5),(7.02759737257447E-5,0.707180713352705,
-0.707032837796978),(7.02899734335908E-5,-0.707039866427356,-0.707173686120818),
(0.,-0.999999995060255,-9.93956281442664E-5),(0.707103412941871,-0.70711014941518,
0.),(0.707103117989789,0.707110430392691,0.000140566645707562),(0.,0.999999995060255,
9.93956281442664E-5),(0.,0.999999995060255,9.93956281442664E-5),(0.,0.999999995060255,
9.93956281442664E-5),(-0.707121381756965,-0.707092166342648,-0.000140566645658773),
(0.,-0.999999995060255,-9.93956281442664E-5),(0.,-0.999999995060255,-9.93956281442664E-5),
(0.,-0.999999995060255,-9.93956281442664E-5),(-7.02899455081549E-5,0.707040147432776,
0.707173405168465),(-7.02917327416011E-5,0.707022162579863,0.707191386174892),
(0.,0.999999995060255,9.93956281442664E-5),(-7.02777892208216E-5,-0.707162451117899,
0.707051103379351),(0.,-0.999999995060255,-9.93956281442664E-5),(0.,0.999999995060255,
9.93956281442664E-5),(-0.707103131961521,0.707110430392742,0.),(-7.02917327416011E-5,
0.707022162579863,0.707191386174892),(0.,0.999999995060255,9.93956281442664E-5),
(0.,0.999999995060255,9.93956281442664E-5),(0.,0.999999995060255,9.93956281442664E-5),
(0.,0.999999995060255,9.93956281442664E-5),(-0.707103398970072,-0.707110149415202,
-0.00014056664570784),(-7.02777892208216E-5,-0.707162451117899,0.707051103379351),
(0.,-0.999999995060255,-9.93956281442664E-5),(0.,-0.999999995060255,-9.93956281442664E-5),
(0.,-0.999999995060255,-9.93956281442664E-5),(0.,-0.999999995060255,-9.93956281442664E-5),
(-0.996848228453268,7.87543268507919E-6,-0.0793322719172902),(-0.996864891691301,
-7.87429022757624E-6,0.0791226115044614),(0.,0.999999995060255,9.93956281442664E-5),
(-0.999999995060255,0.,-9.93956286011889E-5),(-0.707103131961521,0.707110430392742,
0.),(0.707903111224279,0.706308825223105,0.00101416514622036),(0.,0.999999995060255,
9.93956281442664E-5),(0.,0.999999995060255,9.93956281442664E-5),(0.,0.999999995060255,
9.93956281442664E-5),(0.707906187124221,-0.706305926250446,0.000876798008334438),
(0.,-0.999999995060255,-9.93956281442664E-5),(0.,-0.999999995060255,-9.93956281442664E-5),
(0.,-0.999999995060255,-9.93956281442664E-5),(0.,-0.999999995060255,-9.93956281442664E-5),
(0.,-0.999999995060255,-9.93956281442664E-5),(-0.996848228453268,7.87543268507919E-6,
-0.0793322719172902),(0.,0.999999995060255,9.93956281442664E-5),(-0.996864891691301,
-7.87429022757624E-6,0.0791226115044614),(0.,0.999999995060255,9.93956281442664E-5),
(0.0111845020734224,9.93895215940595E-5,-0.99993744656108),(-2.35756667207002E-5,
0.707094675442748,-0.707118886330088),(0.,0.999999995060255,9.93956281442664E-5),
(0.,0.999999995060255,9.93956281442664E-5),(0.,0.999999995060255,9.93956281442664E-5),
(-0.996819683570231,-7.93069961433335E-6,0.0796901398169724),(0.,0.999999995060255,
9.93956281442664E-5),(0.,-0.999999995060255,-9.93956281442664E-5),(0.,-0.999999995060255,
-9.93956281442664E-5),(0.,-0.999999995060255,-9.93956281442664E-5),(0.,
-0.999999995060255,-9.93956281442664E-5),(0.,-0.999999995060255,-9.93956281442664E-5),
(-0.973488932886467,2.27255539375426E-5,-0.228734118642404),(0.,-0.999999995060255,
-9.93956281442664E-5),(0.,-0.999999995060255,-9.93956281442664E-5),(0.,
0.999999995060255,9.93956281442664E-5),(0.,-0.999999995060255,-9.93956281442664E-5),
(0.,0.999999995060255,9.93956281442664E-5),(0.,0.999999995060255,9.93956281442664E-5),
(0.,0.999999995060255,9.93956281442664E-5),(0.,0.999999995060255,9.93956281442664E-5),
(0.,0.999999995060255,9.93956281442664E-5),(-0.996819683570231,-7.93069961433335E-6,
0.0796901398169724),(-0.996803822171298,7.9306996139414E-6,-0.0798882972768515),
(0.,0.999999995060255,9.93956281442664E-5),(0.996571711341729,-8.21349785302647E-6,
0.0827334520369863),(0.0439336887957998,9.93000906519262E-5,-0.999034444415349),
(0.,-0.999999995060255,-9.93956281442664E-5),(0.,-0.999999995060255,-9.93956281442664E-5),
(0.,-0.999999995060255,-9.93956281442664E-5),(0.706920917806799,-0.707292533942081,
-0.00029562980748874),(0.,-0.999999995060255,-9.93956281442664E-5),(0.,
-0.999999995060255,-9.93956281442664E-5),(0.,0.999999995060255,9.93956281442664E-5),
(0.,-0.999999995060255,-9.93956281442664E-5),(-0.564892594387518,8.20121572116024E-5,
-0.825164438206195),(0.,0.999999995060255,9.93956281442664E-5),(-0.914591081931328,
-4.02026359260947E-5,0.404379958993311),(0.,0.999999995060255,9.93956281442664E-5),
(0.,0.999999995060255,9.93956281442664E-5),(0.0804200680876022,-9.9072897254659E-5,
0.996761056037678),(0.,0.999999995060255,9.93956281442664E-5),(0.,0.999999995060255,
9.93956281442664E-5),(0.,0.999999995060255,9.93956281442664E-5),(0.,0.999999995060255,
9.93956281442664E-5),(0.,-0.999999995060255,-9.93956281442664E-5),(0.,-0.999999995060255,
-9.93956281442664E-5),(-0.996803822171298,7.9306996139414E-6,-0.0798882972768515),
(0.,0.999999995060255,9.93956281442664E-5),(0.996614536003076,-8.16206248394624E-6,
0.0822159750945835),(0.,-0.999999995060255,-9.93956281442664E-5),(0.0439336887957998,
9.93000906519262E-5,-0.999034444415349),(0.,-0.999999995060255,-9.93956281442664E-5),
(0.,-0.999999995060255,-9.93956281442664E-5),(0.,-0.999999995060255,-9.93956281442664E-5),
(0.707017611873332,-0.707195923789044,-0.000147909064528309),(0.,-0.999999995060255,
-9.93956281442664E-5),(0.,0.999999995060255,9.93956281442664E-5),(-0.707274306378359,
7.02596799533955E-5,-0.706939212804459),(0.,0.999999995060255,9.93956281442664E-5),
(0.,-0.999999995060255,-9.93956281442664E-5),(0.,0.999999995060255,9.93956281442664E-5),
(0.707009023609294,0.707204524999657,-1.88425327279605E-5),(0.,0.999999995060255,
9.93956281442664E-5),(0.,0.999999995060255,9.93956281442664E-5),(0.0804200680876022,
-9.9072897254659E-5,0.996761056037678),(0.,0.999999995060255,9.93956281442664E-5),
(0.,0.999999995060255,9.93956281442664E-5),(0.,0.999999995060255,9.93956281442664E-5),
(0.,0.999999995060255,9.93956281442664E-5),(-0.914622432512964,-4.0195587751369E-5,
0.404309045568342),(-0.973514485235222,2.27147416572712E-5,-0.228625340942864),
(0.,-0.999999995060255,-9.93956281442664E-5),(0.,0.999999995060255,9.93956281442664E-5),
(0.,-0.999999995060255,-9.93956281442664E-5),(0.,-0.999999995060255,-9.93956281442664E-5),
(0.,-0.999999995060255,-9.93956281442664E-5),(0.70729823358051,-0.706915244276099,
0.000214904521985732),(0.,-0.999999995060255,-9.93956281442664E-5),(0.,
-0.999999995060255,-9.93956281442664E-5),(8.39832871506816E-5,0.707189785722199,
-0.707023761918224),(0.707298725023463,0.706914695032913,0.000357108817332571)),
$,(449,448,384,447,383,405,377,473,443,453,547,535,533,549,563,361,362,
363,364,378,450,406,444,474,508,506,528,526,536,550,548,564,454,534,525,
507,505,527,2,4,70,66,76,68,92,78,74,1,79,75,65,358,330,336,376,392,402,
430,386,286,284,290,178,250,112,102,335,373,374,375,3,97,101,249,283,289,
147,177,285,391,357,385,429,401,329,69,73,77,71,333,334,90,100,176,230,
104,248,260,288,282,328,327,281,287,331,247,175,229,259,103,99,111,91,67,
81,83,85,87,89,332,88,86,84,82,80,72,98,148,233,131,132,234,133,5,33,34,
8,134,39,17,6,18,20,7,40,19,1258,1256,1299,1885,1260,509,655,661,673,675,
677,679,1252,1321,649,647,641,607,579,521,651,654,637,667,619,617,601,599,
573,1319,1953,1277,1275,1249,690,682,1262,704,715,727,1331,1875,1285,1883,
1297,1295,1877,1881,393,415,187,189,359,201,205,309,353,295,235,273,435,
469,185,561,183,571,587,181,603,179,663,161,159,171,163,666,165,173,167,
191,577,517,497,471,197,461,199,423,207,203,387,355,313,225,311,275,529,
557,501,459,487,1351,1521,1493,1405,1437,1481,1579,1601,1605,1625,1659,
1765,1769,1817,1831,1909,1915,1895,1537,1529,1559,1553,1539,1525,1581,1569,
1591,1561,1597,1487,1509,1547,1291,1347,1287,1279,1268,1114,717,686,623,
629,635,581,615,605,585,555,575,559,495,543,489,1943,1309,1951,1317,1315,
1945,1949,503,481,407,409,475,433,431,389,1441,1415,1457,1367,1869,1839,
1489,1483,1479,1505,1497,1463,1461,1511,1467,1465,1477,1425,1449,1473,1385,
1423,1375,1797,1387,1747,1793,1743,1703,1427,1421,1695,1669,1577,1447,1655,
1921,1907,1941,1935,1933,1325,1531,1501,1409,1393,1349,1451,1335,1603,1589,
1623,1609,1575,1571,1663,1637,1587,1549,1545,1635,1565,1543,1563,1555,1709,
1681,1679,1749,1719,1715,1757,1755,1791,1789,1803,1795,1827,1823,1843,1859,
1857,1867,1865,1873,1435,1475,1365,1369,1355,1517,1557,1495,1515,1607,1729,
1733,1775,1783,1837,1841,1813,1829,1847,692,1270,1341,1871,1849,1379,1389,
719,239,1391,1939,531,1691,1397,1925,1627,1407,483,1431,1353,1453,1339,
1721,1675,1403,1377,756,752,849,735,730,851,725,853,723,856,855,820,819,
854,726,852,729,850,744,751,848,761,846,710,708,816,693,695,662,653,681,
652,674,676,678,680,1253,1259,1257,1261,1168,1161,818,1160,817,1159,1158,
1169,694,1251,707,815,709,724,755,737,736,1166,656,743,738,847,762,618,
600,602,620,638,578,26,28,164,160,172,162,315,365,27,261,25,317,367,437,
388,356,368,438,424,460,462,488,502,472,518,498,530,558,314,312,318,240,
276,208,204,192,174,168,395,394,366,190,202,236,262,206,274,296,316,310,
354,396,360,188,186,184,182,180,166,198,200,226,574,263,217,218,264,219,
29,115,116,32,220,121,49,30,50,52,31,122,51,416,422,486,436,470,532,562,
560,576,572,588,606,604,624,485,484,421,490,586,760,758,939,747,746,941,
741,943,739,946,945,912,911,944,742,942,745,940,754,757,938,763,934,734,
732,908,720,722,683,665,706,664,705,716,728,1278,1276,1205,910,1187,1181,
909,1180,1179,1206,1272,721,731,907,733,740,759,748,749,1182,668,750,753,
935,764,691,510,1886,1298,1300,1876,1286,1296,1884,1882,1878,1332,1271,
1263,1250,522,580,608,642,648,650,687,636,630,718,1269,1115,476,408,410,
432,434,482,504,390,496,544,556,582,616,1354,1368,1442,1458,1416,1578,1658,
1670,1428,1448,1696,1704,1388,1422,1386,1376,1798,1748,1794,1744,1426,1424,
1474,1450,1480,1462,1464,1466,1468,1478,1484,1490,1498,1506,1840,1870,1908,
1934,1936,1922,1406,1580,1482,1606,1602,1660,1626,1676,1818,1770,1896,1832,
1916,1910,1926,1352,1404,1494,1292,1288,1280,1548,1510,1560,1522,1526,1530,
1538,1540,1554,1562,1570,1582,1592,1954,1318,1320,1944,1310,1316,1952,1950,
1946,1476,1366,1356,1496,1436,1608,1558,1628,1518,1516,1776,1734,1814,1784,
1848,1842,1850,1838,1830,1452,1502,1350,1336,1326,1410,1394,1588,1590,1566,
1572,1604,1610,1544,1546,1576,1636,1638,1532,1564,1624,1550,1556,1680,1682,
1664,1716,1720,1710,1750,1756,1758,1790,1792,1796,1804,1824,1828,1844,1858,
1866,1868,1860,1322,1342,1942,1874,1872,1380,1348,1390,1940,1392,1730,1398,
1692,1408,1514,1432,1766,1454,1340,1370,1722,1488,1600,1438,1378,1117,1112,
1254,1170,1053,1033,1093,1062,1029,987,974,1019,972,955,953,839,840,1155,
1202,1198,1197,1194,1157,1156,1255,1171,1195,1199,1200,1203,1167,842,841,
844,954,973,977,1020,1032,1034,1060,1061,1094,1111,956,843,1617,1618,1689,
1690,1737,1738,1787,1788,1855,1856,1919,1920,1973,1974,1987,1988,1991,1992,
1994,1993,1989,1990,1969,1970,1914,1913,1825,1826,1763,1764,1707,1708,1654,
1653,1652,1651,1641,1642,1645,1633,1701,1702,1753,1754,1811,1812,345,302,
346,301,117,118,1901,1902,256,255,1965,1966,214,213,2005,2006,143,144,2015,
2016,124,123,2019,2020,2022,2021,1305,1306,119,702,700,120,701,1103,1099,
869,865,1104,1100,866,870,703,1225,1307,1226,1228,1308,1227,868,867,1281,
625,669,1282,626,670,1357,1358,126,125,145,215,257,303,347,403,467,565,
589,146,216,258,304,348,404,468,566,590,2017,2018,2001,2002,1948,1947,1863,
1864,1781,1782,1727,1728,1673,1674,1523,1524,1412,1411,1381,1382,567,568,
592,538,591,35,537,36,1384,1383,1959,1960,1414,1413,1439,1585,1677,1723,
1767,1819,1897,1929,1955,1440,1586,1678,1724,1768,1820,1898,1930,1956,439,
440,370,369,320,319,266,265,222,221,128,127,53,54,42,41,1962,1961,37,38,
1089,1079,790,786,671,1090,1080,787,791,672,1183,1283,1184,1186,1284,1185,
789,788,1264,569,657,1265,570,658,1333,1334,44,43,55,129,223,267,321,371,
441,511,539,56,130,224,268,322,372,442,512,540,1957,1958,1923,1924,1880,
1879,1799,1800,1745,1746,1697,1698,1621,1622,1459,1460,1360,1359,1343,1344,
513,514,542,478,541,9,477,10,1346,1345,1891,1892,1362,1361,1371,1499,1629,
1693,1731,1777,1815,1853,1887,1372,1500,1630,1694,1732,1778,1816,1854,1888,
411,412,338,337,292,291,238,237,136,135,46,45,21,22,14,13,1894,1893,11,
659,12,1063,1043,769,765,1064,1044,766,770,660,1162,1266,1163,1165,1267,
1164,768,767,515,516,1323,1324,16,15,23,47,137,241,293,339,413,479,24,48,
138,242,294,340,414,480,1889,1327,1890,1328,1845,1846,1808,1807,1759,1760,
1713,1714,1667,1668,1535,1536,1395,1396,1613,1646,1614,1634,1052,1078,960,
887,982,898,895,893,891,897,896,894,890,886,892,1051,998,1075,981,959,1076,
1077,1018,1038,1037,1036,1035,796,795,950,971,806,803,801,799,805,804,802,
798,794,800,949,793,1017,978,970,996,1006,1005,1004,1003,914,772,966,783,
780,778,776,782,781,779,775,771,777,995,969,965,913,1512,1513,1273,1118,
1116,1207,1081,1069,1107,1088,1065,1007,991,1054,989,967,963,930,932,1176,
1242,1238,1237,1234,1178,1177,1274,1208,1235,1239,1240,1243,1188,933,931,
964,990,994,1055,1068,1070,1086,1087,1108,1113,968,1685,1741,1805,1905,
1983,2025,2041,2045,2043,2039,2029,1997,1835,1931,1773,1717,1665,1598,1599,
1666,1718,1774,1836,1998,1932,2030,2040,2044,2046,2042,2026,1984,1906,1806,
1742,1686,1657,1656,1620,1619,1699,1700,1751,1752,397,342,398,341,105,106,
1809,1810,298,297,1899,1900,252,251,1963,1964,210,209,2003,2004,139,140,
2007,2008,110,109,2011,2012,2014,2013,1301,1302,107,698,696,108,697,1101,
1097,863,859,1102,1098,860,864,699,1221,1303,1222,1224,1304,1223,862,861,
114,113,141,211,253,299,343,399,465,142,212,254,300,344,400,466,2009,2010,
1999,2000,1938,1937,1861,1862,1779,1780,1725,1726,1671,1672,879,881,877,
875,871,1049,997,1071,979,957,1072,1074,1073,1050,958,872,980,883,880,878,
876,882,1650,1644,1612,1596,1584,1568,1552,1534,1528,1492,1434,1364,1338,
646,554,640,598,520,458,452,428,546,1632,1647,1648,1649,427,426,425,451,
457,553,597,545,639,645,1337,1363,1433,1491,1527,1533,1551,1567,1583,1595,
1611,1631,1643,519,446,500,464,524,628,622,584,644,1330,1486,1472,1520,
1504,1640,1594,1456,1430,1402,1400,445,463,499,523,583,621,643,1329,1455,
1471,1485,1503,1593,1639,1519,1429,1401,1399,627,1705,1706,1762,1996,1928,
1508,993,712,962,1446,1852,1786,1444,1443,1573,1684,1574,1374,1740,1373,
1683,1739,1802,271,308,272,150,350,306,916,915,711,961,1445,1735,1785,1851,
1687,1688,1616,1736,1833,1927,1507,1995,1541,1542,1661,1711,1662,231,305,
349,270,1834,1771,1712,1772,684,1091,1056,1030,988,1092,1059,1058,1057,
685,825,824,1031,814,835,813,834,831,833,951,822,923,925,906,905,926,1105,
1082,1066,1008,1106,1085,1084,1083,1067,927,381,382,60,689,1986,1980,1968,
1912,1822,1294,1761,1821,1911,1967,1979,1985,1293,688,59,975,976,952,828,
830,832,829,827,823,1095,1096,810,809,1289,1290,713,1209,1210,714,812,811,
57,1313,633,1212,1314,634,58,1211,1247,151,1248,152,613,1245,903,1981,2037,
611,149,1312,904,1982,2038,612,614,64,61,595,1246,1311,901,1419,2033,593,
902,1420,2034,594,596,96,63,93,62,551,1110,1109,2035,2023,493,153,631,2036,
2024,494,632,552,95,170,326,157,94,455,1977,1975,419,193,154,156,609,1978,
1418,1976,420,610,924,456,246,169,280,325,243,158,379,1971,1469,2031,1903,
351,227,194,196,155,491,2032,1972,1417,1904,352,492,922,380,245,279,277,
244,323,921,1917,1615,1470,2027,1801,307,269,228,195,232,417,2028,1918,
418,920,324,278,992,919),((1,2,3),(2,4,5),(6,7,5),(8,9,10),(11,12,13),(11,
14,15),(16,5,7),(17,5,16),(18,19,3),(20,3,19),(21,22,23),(24,25,26),(27,
28,29),(30,31,32),(5,3,2),(3,21,1),(18,3,5),(5,17,18),(22,21,3),(3,20,22),
(23,33,21),(33,23,24),(28,27,26),(26,25,28),(26,33,24),(31,30,34),(34,29,
31),(29,34,27),(4,10,9),(9,6,4),(5,4,6),(35,36,37),(8,10,37),(37,36,8),
(37,38,35),(38,13,12),(12,35,38),(13,14,11),(39,40,41),(42,43,39),(39,44,
42),(40,45,46),(40,46,47),(48,49,50),(48,50,51),(52,53,54),(55,56,52),(52,
54,55),(57,58,59),(59,56,57),(60,61,62),(62,54,60),(63,40,62),(62,61,64),
(62,64,63),(40,65,66),(67,68,69),(67,69,70),(71,72,73),(74,75,76),(71,77,
78),(76,75,79),(78,74,76),(76,71,78),(80,81,82),(82,83,84),(67,79,85),(67,
85,81),(81,80,68),(71,48,86),(87,88,71),(71,89,87),(18,17,90),(90,91,18),
(39,92,93),(94,95,39),(39,96,94),(95,94,97),(95,97,98),(99,98,100),(101,
91,99),(99,100,101),(102,103,104),(90,105,102),(104,90,102),(106,107,108),
(109,106,108),(48,108,107),(108,104,109),(48,110,111),(17,16,90),(18,91,
19),(84,80,82),(68,67,81),(79,67,76),(77,71,112),(73,112,71),(72,71,113),
(88,113,71),(86,89,71),(86,48,114),(51,114,48),(49,48,115),(115,48,116),
(116,48,117),(117,48,118),(118,48,119),(111,119,48),(107,110,48),(103,109,
104),(105,90,16),(55,54,70),(70,54,67),(59,52,56),(53,60,54),(19,91,120),
(101,120,91),(98,99,95),(93,96,39),(92,39,121),(121,39,122),(122,39,123),
(123,39,124),(124,39,125),(43,125,39),(41,44,39),(41,40,126),(47,126,40),
(45,40,127),(66,127,40),(65,40,128),(63,128,40),(90,99,91),(67,54,76),(76,
129,71),(48,71,39),(48,130,108),(108,95,104),(104,99,90),(104,95,99),(39,
95,131),(39,71,40),(132,62,40),(76,54,62),(76,62,129),(71,129,133),(48,
39,134),(135,130,48),(130,131,108),(108,131,95),(131,136,39),(40,71,137),
(40,138,132),(129,62,132),(133,139,71),(129,132,133),(134,140,48),(134,
39,141),(48,140,135),(135,136,130),(130,136,131),(39,136,142),(137,143,
40),(137,71,144),(145,138,40),(133,132,138),(133,138,139),(71,139,146),
(134,141,140),(142,141,39),(136,135,140),(136,140,142),(137,146,143),(40,
143,145),(137,144,146),(146,144,71),(139,138,145),(139,145,146),(140,141,
142),(146,145,143),(147,148,149),(149,150,151),(151,147,149),(152,153,154),
(152,154,155),(152,155,156),(152,156,157),(152,157,158),(152,158,159),(151,
160,161),(151,161,162),(151,162,163),(151,163,164),(151,164,165),(151,165,
166),(86,114,167),(167,168,86),(169,170,167),(171,169,167),(170,169,172),
(173,171,167),(170,172,174),(15,175,173),(173,167,15),(167,114,51),(167,
51,50),(167,50,49),(176,177,178),(178,179,176),(170,180,181),(167,170,181),
(182,183,180),(180,170,182),(183,182,184),(185,186,183),(183,184,185),(183,
178,187),(187,188,189),(190,150,191),(192,188,193),(191,192,193),(193,194,
191),(191,194,190),(195,196,197),(198,199,195),(195,197,198),(198,200,201),
(202,203,198),(204,202,198),(198,201,204),(201,205,206),(197,207,208),(208,
209,197),(210,211,209),(211,210,212),(213,214,211),(214,213,215),(215,216,
214),(217,218,219),(217,219,220),(217,220,216),(221,217,222),(170,223,221),
(224,225,170),(226,224,170),(170,227,228),(170,228,226),(226,228,229),(226,
229,230),(231,230,232),(233,232,234),(235,236,234),(234,237,235),(235,237,
238),(238,239,240),(241,242,240),(240,239,241),(15,243,244),(243,15,14),
(243,14,13),(245,13,38),(245,38,37),(246,247,37),(37,10,246),(248,249,250),
(251,252,253),(251,254,255),(256,257,251),(251,255,256),(251,257,258),(251,
259,260),(251,261,262),(263,264,251),(251,265,263),(266,267,268),(269,270,
268),(268,267,271),(272,273,268),(268,270,266),(268,271,249),(274,272,268),
(268,273,275),(268,276,274),(268,275,269),(248,277,278),(248,278,279),(280,
281,248),(280,248,282),(280,283,284),(285,284,286),(286,287,285),(217,287,
286),(288,289,290),(290,217,288),(288,291,292),(291,288,293),(291,293,294),
(295,294,296),(295,296,297),(298,299,297),(297,300,298),(248,301,302),(303,
177,304),(305,301,306),(304,305,306),(306,307,304),(304,307,303),(88,87,
153),(113,88,153),(153,152,113),(72,113,152),(152,308,72),(72,308,309),
(310,80,84),(311,84,83),(72,312,83),(83,312,313),(84,311,310),(72,83,82),
(83,313,314),(112,73,82),(83,314,311),(82,81,112),(112,81,85),(85,79,77),
(75,74,77),(77,79,75),(80,310,315),(16,7,118),(119,105,16),(16,118,119),
(119,111,110),(103,102,119),(109,103,119),(119,110,109),(110,107,106),(118,
6,9),(9,117,118),(36,116,117),(116,36,35),(12,115,116),(115,12,11),(11,
49,115),(316,317,187),(187,318,316),(187,317,319),(187,320,321),(322,323,
324),(325,326,324),(327,328,324),(324,329,325),(324,326,322),(330,331,324),
(324,328,318),(324,323,332),(324,331,327),(324,332,330),(187,333,334),(187,
334,335),(187,336,337),(338,187,339),(340,338,341),(338,339,342),(338,342,
341),(341,343,340),(340,343,344),(345,346,344),(344,347,345),(345,347,348),
(349,350,348),(348,351,349),(187,352,353),(187,354,355),(187,355,356),(357,
358,359),(360,361,362),(363,360,362),(359,362,364),(362,359,363),(365,366,
357),(367,368,357),(369,370,357),(357,371,372),(357,368,365),(373,369,357),
(374,375,357),(376,367,357),(357,366,373),(357,370,377),(357,375,378),(357,
372,376),(379,380,357),(357,377,379),(357,380,374),(357,381,382),(357,382,
383),(357,384,385),(386,381,357),(357,387,388),(357,385,386),(389,390,357),
(357,391,392),(357,392,389),(393,394,357),(357,395,393),(396,397,357),(398,
399,357),(357,400,398),(357,399,396),(401,402,403),(403,404,401),(405,403,
402),(406,407,405),(405,408,409),(405,407,410),(405,409,406),(405,411,412),
(405,413,414),(415,416,405),(405,417,418),(405,416,419),(405,418,415),(149,
191,150),(159,151,152),(168,153,86),(181,420,167),(192,189,188),(189,421,
187),(187,421,183),(186,178,183),(160,151,150),(87,89,153),(166,152,151),
(49,15,167),(86,153,89),(174,227,170),(187,422,188),(177,187,178),(160,
150,357),(309,312,72),(11,15,49),(225,223,170),(244,175,15),(188,422,405),
(176,304,177),(177,354,187),(357,150,400),(73,72,82),(116,35,12),(221,222,
170),(230,231,226),(13,245,243),(423,188,405),(305,302,301),(356,352,187),
(397,395,357),(315,68,80),(77,112,85),(117,8,36),(218,217,221),(232,233,
231),(37,247,245),(405,424,423),(302,282,248),(353,320,187),(394,391,357),
(74,78,77),(9,8,117),(216,288,217),(236,233,234),(10,4,246),(419,424,405),
(282,283,280),(248,425,301),(321,339,187),(390,387,357),(7,6,118),(215,
288,216),(290,287,217),(240,235,238),(414,417,405),(426,248,281),(284,285,
280),(301,425,251),(338,336,187),(388,384,357),(102,105,119),(211,212,213),
(286,427,217),(292,289,288),(242,428,240),(412,413,405),(429,248,426),(430,
301,251),(337,333,187),(346,340,344),(383,371,357),(106,109,110),(209,431,
210),(294,295,291),(405,432,411),(433,248,429),(251,434,430),(335,324,187),
(350,345,348),(378,358,357),(208,431,209),(297,299,295),(435,432,405),(436,
248,433),(264,434,251),(318,187,324),(364,357,359),(196,207,197),(300,437,
298),(410,435,405),(438,248,436),(262,265,251),(319,439,187),(203,199,198),
(402,408,405),(440,248,438),(260,261,251),(187,439,441),(206,204,201),(277,
248,440),(251,442,259),(279,268,248),(443,442,251),(249,248,268),(258,443,
251),(250,444,248),(253,254,251),(248,444,445),(446,447,448),(449,450,451),
(450,452,453),(452,454,455),(456,455,457),(456,458,459),(460,461,459),(462,
463,461),(464,465,466),(467,468,466),(454,469,457),(469,470,471),(470,472,
473),(474,473,475),(475,476,477),(478,473,474),(479,473,478),(480,473,479),
(481,473,480),(482,483,484),(483,482,485),(486,473,484),(487,488,473),(489,
490,488),(491,492,490),(492,493,494),(495,148,494),(494,148,159),(159,147,
151),(157,494,158),(156,494,157),(155,494,156),(154,494,155),(154,153,168),
(168,167,420),(496,497,494),(498,458,497),(499,459,458),(457,458,456),(471,
497,457),(473,488,471),(497,488,490),(490,494,497),(457,497,458),(471,488,
497),(420,494,168),(500,467,466),(466,465,500),(501,466,463),(463,462,502),
(466,501,464),(463,502,501),(461,460,462),(459,499,460),(458,498,499),(497,
496,498),(494,420,496),(494,493,495),(168,494,154),(148,147,159),(159,158,
494),(473,486,503),(473,503,487),(490,489,491),(488,487,489),(494,490,492),
(473,471,470),(473,481,482),(482,484,473),(472,476,475),(473,472,475),(475,
504,474),(471,457,469),(457,455,454),(455,453,452),(453,451,450),(505,506,
448),(448,447,505),(506,449,451),(451,448,506),(448,507,508),(448,508,446),
(509,510,511),(512,513,509),(511,510,514),(511,512,509),(227,174,173),(173,
175,227),(172,171,173),(173,174,172),(515,516,517),(518,519,515),(515,520,
518),(203,202,521),(522,199,203),(521,522,203),(523,233,236),(225,224,523),
(523,223,225),(206,205,524),(204,206,524),(525,524,205),(524,521,204),(525,
201,200),(242,241,526),(523,240,428),(526,241,239),(428,242,526),(526,523,
428),(527,239,238),(527,238,237),(245,230,229),(245,229,228),(525,216,220),
(525,220,219),(525,218,221),(244,228,227),(227,175,244),(247,232,230),(232,
247,246),(528,237,234),(232,246,4),(232,4,528),(529,530,531),(531,532,529),
(533,529,532),(21,534,535),(532,21,535),(535,533,532),(536,537,538),(539,
540,537),(537,541,539),(539,541,542),(514,539,542),(543,544,545),(545,531,
543),(546,516,545),(545,544,547),(545,547,546),(516,548,549),(516,550,551),
(516,551,552),(528,4,2),(532,528,1),(553,554,522),(522,555,553),(515,556,
557),(558,559,515),(515,560,558),(559,558,561),(559,561,562),(563,562,564),
(565,555,563),(563,564,565),(528,234,232),(230,245,247),(228,243,245),(244,
243,228),(172,169,171),(237,528,527),(239,527,526),(240,523,235),(236,235,
523),(233,523,231),(231,523,226),(224,226,523),(223,523,221),(221,523,525),
(219,218,525),(216,525,214),(214,525,211),(211,525,209),(209,525,197),(197,
525,198),(200,198,525),(205,201,525),(202,204,521),(199,522,195),(1,21,
532),(2,1,528),(566,555,567),(565,567,555),(562,563,559),(557,560,515),
(556,515,568),(568,515,569),(569,515,570),(570,515,571),(571,515,572),(519,
572,515),(517,520,515),(517,516,573),(552,573,516),(550,516,574),(574,516,
575),(549,575,516),(548,516,576),(546,576,516),(530,543,531),(534,536,535),
(538,535,536),(540,538,537),(542,577,514),(514,577,511),(554,195,522),(553,
555,566),(531,527,528),(527,531,526),(523,526,578),(525,523,515),(525,579,
524),(524,559,521),(521,563,522),(531,528,532),(522,563,555),(521,559,563),
(559,580,515),(515,523,516),(581,545,516),(526,531,545),(578,582,523),(526,
545,578),(525,515,583),(584,579,525),(579,580,524),(524,580,559),(515,580,
585),(516,523,586),(516,587,581),(578,545,581),(578,581,582),(523,582,588),
(583,589,525),(583,515,590),(525,589,584),(584,585,579),(579,585,580),(585,
591,515),(586,592,516),(586,523,593),(594,587,516),(582,581,587),(588,595,
523),(582,587,588),(583,590,589),(515,591,590),(585,584,589),(585,589,591),
(586,595,592),(516,592,594),(586,593,595),(523,595,593),(588,587,594),(588,
594,595),(589,590,591),(595,594,592),(596,597,566),(598,599,600),(601,602,
603),(604,605,606),(607,608,609),(610,611,597),(611,437,612),(207,196,612),
(431,208,300),(215,213,294),(215,293,288),(195,612,196),(554,612,195),(553,
566,597),(437,300,208),(208,207,437),(612,437,207),(212,210,297),(431,300,
297),(297,210,431),(297,296,212),(296,294,213),(213,212,296),(294,293,215),
(599,598,597),(597,596,599),(600,613,598),(613,600,601),(605,604,603),(603,
602,605),(603,613,601),(608,607,614),(614,606,608),(606,614,604),(612,597,
611),(597,598,610),(553,597,612),(612,554,553),(615,616,617),(618,619,620),
(619,621,622),(621,623,624),(625,624,626),(625,627,628),(629,630,628),(631,
632,630),(633,634,635),(636,637,635),(623,638,626),(638,639,640),(639,641,
642),(643,642,644),(644,645,646),(647,642,643),(648,642,647),(649,642,648),
(649,650,651),(652,642,651),(653,642,654),(655,656,653),(657,658,656),(656,
658,659),(660,179,661),(186,661,179),(185,661,186),(184,661,185),(182,661,
184),(182,170,222),(222,217,427),(662,663,661),(664,627,663),(665,628,627),
(626,627,625),(640,663,626),(642,653,640),(663,653,656),(656,661,663),(626,
663,627),(640,653,663),(179,178,186),(427,661,222),(666,636,635),(635,634,
666),(667,635,632),(632,631,667),(668,633,635),(635,667,668),(630,629,631),
(628,665,629),(627,664,665),(663,662,664),(661,427,662),(661,659,660),(659,
661,656),(222,661,182),(651,642,649),(642,652,654),(654,669,653),(656,655,
657),(653,669,655),(642,640,639),(641,645,644),(642,641,644),(644,670,643),
(640,626,638),(626,624,623),(624,622,621),(622,620,619),(671,618,617),(617,
616,672),(620,617,618),(617,672,671),(617,673,674),(617,674,615),(509,513,
670),(510,509,670),(477,670,513),(670,514,510),(477,513,512),(477,512,511),
(511,577,32),(41,126,504),(504,475,41),(43,42,477),(125,43,477),(477,32,
125),(675,670,476),(670,477,476),(476,472,675),(504,126,47),(504,47,46),
(504,46,45),(482,481,676),(676,485,482),(478,474,676),(676,481,480),(676,
480,479),(676,479,478),(677,678,679),(679,484,483),(485,677,679),(680,681,
682),(678,677,683),(678,683,684),(678,684,685),(685,682,678),(686,687,681),
(688,687,686),(689,688,650),(650,649,689),(689,649,648),(689,648,647),(689,
647,643),(690,691,485),(485,676,690),(692,693,485),(485,691,692),(485,693,
694),(485,694,695),(646,696,697),(697,698,609),(699,696,645),(696,646,645),
(699,700,701),(645,641,699),(517,573,670),(670,644,517),(519,518,646),(572,
519,646),(646,609,572),(534,21,33),(26,536,534),(26,27,537),(537,536,26),
(34,30,541),(541,537,34),(32,577,542),(670,573,552),(670,552,551),(550,
539,670),(670,551,550),(538,540,550),(550,574,538),(574,575,535),(548,529,
533),(533,575,549),(533,549,548),(576,543,530),(530,548,576),(576,546,547),
(576,547,544),(58,702,127),(59,58,127),(703,704,57),(65,52,59),(57,56,703),
(705,706,58),(59,127,66),(704,705,58),(59,66,65),(58,57,704),(128,60,53),
(53,65,128),(128,63,64),(128,64,61),(707,708,127),(127,702,707),(676,45,
127),(56,55,709),(125,32,31),(31,29,124),(123,124,29),(29,28,123),(25,24,
122),(122,24,23),(23,22,121),(121,22,20),(121,20,19),(19,120,92),(98,96,
92),(92,120,101),(92,101,100),(92,100,98),(96,98,97),(572,609,608),(608,
606,571),(570,571,606),(606,605,570),(602,601,569),(569,601,600),(600,599,
568),(568,599,596),(568,596,566),(566,567,556),(562,560,556),(556,567,565),
(556,565,564),(556,564,562),(560,562,561),(710,598,613),(603,711,710),(603,
604,712),(712,711,603),(614,607,713),(713,712,614),(609,698,714),(686,715,
716),(717,718,686),(686,719,717),(720,721,722),(722,723,724),(722,724,720),
(723,725,726),(726,727,728),(726,728,723),(686,729,730),(731,686,730),(732,
733,730),(727,734,732),(732,730,727),(686,735,736),(737,738,686),(686,739,
737),(740,741,739),(718,740,739),(742,743,739),(739,686,718),(739,741,742),
(744,745,739),(739,743,744),(746,747,739),(739,745,746),(739,747,748),(686,
731,749),(686,750,751),(752,753,686),(686,754,752),(755,756,757),(758,759,
755),(760,761,755),(755,762,760),(755,761,758),(755,763,764),(755,765,766),
(767,768,755),(755,769,767),(770,771,772),(773,701,700),(774,770,773),(773,
775,774),(776,777,770),(770,778,776),(779,780,778),(778,770,779),(781,782,
778),(778,780,781),(783,784,778),(778,782,783),(785,786,778),(778,784,785),
(787,788,778),(778,786,787),(789,790,791),(650,789,791),(792,793,794),(790,
789,795),(790,795,796),(790,796,797),(797,794,790),(770,774,793),(798,799,
800),(800,801,798),(799,798,802),(803,804,800),(800,805,803),(806,807,800),
(800,804,806),(800,808,809),(800,810,811),(812,813,800),(800,814,812),(815,
816,800),(800,813,815),(817,818,819),(820,819,818),(818,821,820),(822,817,
819),(819,823,822),(824,825,821),(826,827,821),(828,829,821),(830,831,821),
(821,827,832),(821,825,828),(833,834,821),(821,835,830),(836,826,821),(821,
832,824),(821,829,837),(838,839,821),(821,837,833),(821,831,838),(821,839,
836),(840,841,821),(821,842,840),(843,844,821),(821,845,843),(821,844,846),
(821,846,847),(821,848,849),(850,851,821),(821,849,850),(821,852,853),(821,
853,854),(821,855,856),(857,858,821),(859,857,821),(821,856,859),(675,689,
670),(475,477,41),(474,504,676),(679,483,485),(643,670,689),(686,650,688),
(681,680,686),(685,680,682),(32,477,511),(45,676,504),(41,477,44),(695,
860,485),(485,860,677),(650,686,789),(680,861,686),(542,541,32),(42,44,
477),(539,514,670),(127,708,676),(677,860,821),(791,651,650),(686,862,789),
(800,861,680),(30,32,541),(124,125,31),(644,646,517),(540,539,550),(706,
702,58),(821,863,677),(797,792,794),(753,862,686),(864,800,680),(27,34,
537),(28,25,123),(517,646,520),(535,538,574),(709,703,56),(53,52,65),(858,
863,821),(793,792,770),(751,754,686),(864,814,800),(534,33,26),(122,123,
25),(518,520,646),(533,535,575),(61,60,128),(854,855,821),(865,770,792),
(770,866,773),(749,750,686),(816,810,800),(121,122,23),(609,646,697),(571,
572,608),(530,529,548),(851,852,821),(865,792,755),(700,775,773),(866,770,
867),(733,731,730),(811,808,800),(92,121,19),(714,713,609),(701,696,699),
(605,602,570),(544,543,576),(847,848,821),(755,792,868),(867,770,869),(726,
734,727),(736,729,686),(809,870,800),(96,93,92),(607,609,713),(569,570,
602),(841,845,821),(868,769,755),(869,770,871),(722,725,723),(738,735,686),
(870,872,800),(97,94,96),(604,614,712),(568,569,600),(834,842,821),(768,
765,755),(871,770,873),(748,874,739),(800,872,805),(710,613,603),(556,568,
566),(818,835,821),(766,763,755),(873,770,875),(686,716,719),(807,801,800),
(560,557,556),(764,876,755),(875,770,877),(878,715,686),(802,879,799),(561,
558,560),(876,880,755),(877,770,881),(755,880,762),(777,881,770),(759,756,
755),(788,882,778),(757,883,755),(772,779,770),(884,771,770),(885,886,887),
(887,888,885),(498,496,887),(889,890,502),(891,892,462),(887,462,460),(462,
887,891),(502,462,892),(887,460,499),(892,889,502),(887,499,498),(501,502,
890),(890,893,501),(894,895,501),(501,896,894),(895,897,464),(500,465,897),
(897,898,500),(899,900,500),(500,898,899),(467,500,900),(900,901,467),(492,
902,903),(903,495,493),(495,903,904),(903,493,492),(905,906,887),(495,905,
887),(887,148,495),(489,907,908),(908,491,489),(902,492,491),(909,910,911),
(909,911,912),(913,914,484),(484,909,913),(486,914,915),(915,503,486),(915,
907,487),(508,916,917),(508,918,916),(446,917,919),(917,446,508),(920,505,
447),(920,447,446),(505,920,921),(921,506,505),(506,922,923),(924,449,506),
(909,472,470),(452,450,909),(454,452,909),(449,924,925),(469,454,909),(925,
450,449),(926,909,450),(909,470,469),(450,925,926),(909,927,928),(472,909,
689),(148,887,191),(678,682,681),(484,679,678),(191,887,189),(420,181,180),
(486,484,914),(487,503,915),(489,487,907),(491,908,902),(904,905,495),(906,
888,887),(689,675,472),(689,909,688),(688,909,687),(687,909,681),(681,909,
678),(678,909,484),(507,918,508),(919,929,446),(446,929,920),(921,922,506),
(506,923,924),(926,927,909),(467,930,468),(901,930,467),(465,464,897),(464,
501,895),(893,896,501),(496,420,887),(886,891,887),(912,913,909),(928,910,
909),(191,149,148),(189,192,191),(189,887,421),(421,887,183),(183,887,180),
(180,887,420),(931,932,933),(933,932,934),(933,934,935),(935,934,936),(935,
936,937),(937,936,938),(937,938,939),(939,938,940),(939,940,941),(941,940,
942),(941,942,943),(943,942,944),(943,944,945),(945,944,946),(946,947,945),
(948,947,946),(949,947,948),(950,947,949),(950,949,951),(951,949,952),(951,
952,953),(953,952,954),(955,953,954),(955,956,953),(956,955,957),(957,955,
958),(957,958,959),(959,958,960),(959,960,961),(961,960,962),(962,963,964),
(961,962,965),(965,966,961),(964,965,962),(961,966,967),(968,963,962),(967,
966,969),(967,969,970),(971,972,973),(973,972,974),(973,974,975),(975,974,
976),(977,978,979),(980,978,977),(980,977,981),(982,979,978),(975,976,983),
(983,976,984),(980,985,978),(986,985,980),(981,986,980),(978,985,982),(983,
984,987),(987,984,988),(986,989,985),(990,989,986),(990,986,981),(982,985,
989),(987,988,991),(991,988,992),(989,990,993),(981,993,990),(989,993,994),
(989,994,982),(991,992,995),(995,992,996),(993,997,994),(998,997,993),(998,
993,981),(982,994,997),(996,999,995),(1000,999,996),(1001,999,1000),(1002,
1003,999),(1002,999,1001),(1000,1004,1001),(998,982,997),(981,982,998),
(981,1005,982),(1006,981,1007),(1005,981,1006),(1008,1009,982),(982,1005,
1008),(1003,1010,1007),(1010,1011,1007),(1012,1013,1007),(1013,1006,1007),
(1014,1004,1009),(1015,1014,1009),(1016,1017,1009),(1018,1016,1009),(1009,
1008,1018),(1003,1019,1010),(1003,1020,1019),(1020,1003,1002),(1021,1004,
1014),(1022,1004,1021),(1023,1004,1022),(1001,1004,1023),(1010,1019,1014),
(1014,1015,1010),(1010,1015,1011),(1014,1019,1021),(1019,1024,1021),(1019,
1020,1024),(1021,1024,1022),(1017,1013,1012),(1016,1013,1017),(1016,1025,
1013),(1013,1025,1026),(1026,1006,1013),(1018,1025,1016),(1022,1026,1025),
(1024,1026,1022),(1024,1006,1026),(1018,1022,1025),(1020,1006,1024),(1023,
1022,1018),(1027,1006,1020),(1028,1005,1006),(1029,1028,1006),(1029,1006,
1027),(1018,1030,1023),(1008,1031,1018),(1031,1032,1018),(1032,1030,1018),
(1002,1033,1020),(1027,1020,1033),(1023,1034,1001),(1023,1030,1034),(1008,
1005,1035),(1035,1005,1036),(1005,1037,1036),(1038,1037,1005),(1005,1039,
1038),(1040,1039,1005),(1005,1041,1040),(1042,1041,1005),(1005,1043,1042),
(1044,1043,1005),(1005,1045,1044),(1028,1045,1005),(1035,1046,1008),(1008,
1046,1047),(1047,1048,1008),(1008,1048,1049),(1049,1050,1008),(1008,1050,
1051),(1051,1052,1008),(1008,1052,1053),(1053,1054,1008),(1008,1054,1031),
(1002,1001,1055),(1002,1055,1033),(1055,1001,1056),(1056,1001,1034),(1035,
1036,1037),(1035,1037,1046),(1055,1056,1057),(1033,1055,1057),(1057,1056,
1058),(1058,1056,1034),(1037,1047,1046),(1038,1047,1037),(1059,1057,1058),
(1059,1060,1057),(1057,1060,1033),(1034,1059,1058),(1038,1048,1047),(1039,
1048,1038),(1060,1059,1061),(1033,1060,1061),(1061,1059,1062),(1062,1059,
1034),(1039,1049,1048),(1040,1049,1039),(1061,1062,1063),(1061,1063,1033),
(1063,1062,1064),(1034,1064,1062),(1040,1050,1049),(1041,1050,1040),(1063,
1064,1065),(1033,1063,1065),(1065,1064,1066),(1066,1064,1034),(1041,1051,
1050),(1042,1051,1041),(1065,1066,1067),(1065,1067,1033),(1067,1066,1068),
(1034,1068,1066),(1051,1042,1043),(1051,1043,1052),(1067,1068,1069),(1033,
1067,1069),(1069,1068,1070),(1070,1068,1034),(1043,1053,1052),(1044,1053,
1043),(1071,1069,1070),(1071,1072,1069),(1069,1072,1033),(1034,1071,1070),
(1044,1054,1053),(1045,1054,1044),(1072,1071,1073),(1033,1072,1073),(1073,
1071,1074),(1074,1071,1034),(1045,1031,1054),(1028,1031,1045),(1074,1033,
1073),(1034,1033,1074),(1075,1076,1077),(1076,1075,1078),(1077,1079,1075),
(1075,1079,1080),(1078,1075,1081),(1081,1075,1080),(1077,1076,1082),(1082,
1076,1078),(1031,1079,1077),(1028,1079,1031),(1079,1028,1080),(1077,1082,
1031),(1080,1028,1029),(1031,1082,1032),(1034,1083,1033),(1033,1083,1084),
(1033,1084,1085),(1085,1027,1033),(1083,1034,1086),(1030,1086,1034),(1084,
1083,1087),(1087,1088,1084),(1085,1084,1088),(1083,1086,1087),(1088,1087,
1089),(1089,1090,1088),(1088,1090,1091),(1091,1092,1088),(1088,1092,1093),
(1093,1094,1088),(1088,1094,1095),(1095,1096,1088),(1088,1096,1097),(1097,
1085,1088),(1089,1087,1098),(1087,1099,1098),(1100,1099,1087),(1087,1101,
1100),(1102,1101,1087),(1087,1103,1102),(1104,1103,1087),(1087,1105,1104),
(1106,1105,1087),(1087,1086,1106),(1089,1098,1090),(1090,1098,1099),(1078,
1081,1107),(1080,1107,1081),(1078,1107,1108),(1078,1108,1082),(1090,1099,
1091),(1091,1099,1100),(1107,1109,1108),(1110,1109,1107),(1110,1107,1080),
(1082,1108,1109),(1091,1100,1092),(1092,1100,1101),(1110,1111,1109),(1112,
1111,1110),(1080,1112,1110),(1109,1111,1082),(1092,1101,1093),(1093,1101,
1102),(1112,1113,1111),(1114,1113,1112),(1114,1112,1080),(1082,1111,1113),
(1093,1102,1094),(1094,1102,1103),(1114,1115,1113),(1116,1115,1114),(1080,
1116,1114),(1113,1115,1082),(1094,1103,1095),(1095,1103,1104),(1116,1117,
1115),(1118,1117,1116),(1118,1116,1080),(1082,1115,1117),(1095,1104,1096),
(1096,1104,1105),(1117,1118,1119),(1080,1119,1118),(1117,1119,1120),(1117,
1120,1082),(1096,1105,1097),(1097,1105,1106),(1119,1121,1120),(1122,1121,
1119),(1122,1119,1080),(1082,1120,1121),(1106,1085,1097),(1086,1085,1106),
(1123,1085,1086),(1124,1027,1085),(1124,1085,1123),(1123,1086,1030),(1122,
1082,1121),(1080,1082,1122),(1080,1125,1082),(1029,1125,1080),(1082,1126,
1032),(1082,1125,1126),(1027,1127,1029),(1127,1128,1029),(1129,1130,1029),
(1130,1131,1029),(1131,1125,1029),(1132,1030,1032),(1133,1132,1032),(1134,
1135,1032),(1136,1134,1032),(1032,1126,1136),(1027,1137,1127),(1027,1138,
1137),(1138,1027,1124),(1139,1030,1132),(1140,1030,1139),(1141,1030,1140),
(1030,1141,1123),(1127,1137,1132),(1132,1133,1127),(1127,1133,1128),(1132,
1137,1139),(1137,1142,1139),(1137,1138,1142),(1139,1142,1140),(1135,1130,
1129),(1134,1130,1135),(1134,1143,1130),(1130,1143,1144),(1144,1131,1130),
(1136,1143,1134),(1140,1144,1143),(1142,1144,1140),(1142,1131,1144),(1136,
1140,1143),(1138,1131,1142),(1141,1140,1136),(1145,1131,1138),(1131,1146,
1125),(1147,1146,1131),(1147,1131,1145),(1136,1148,1141),(1149,1136,1126),
(1149,1150,1136),(1136,1150,1148),(1124,1151,1138),(1145,1138,1151),(1141,
1152,1123),(1148,1152,1141),(1126,1125,1153),(1153,1125,1154),(1125,1155,
1154),(1156,1155,1125),(1125,1157,1156),(1158,1157,1125),(1125,1159,1158),
(1160,1159,1125),(1125,1161,1160),(1162,1161,1125),(1125,1163,1162),(1146,
1163,1125),(1153,1164,1126),(1126,1164,1165),(1165,1166,1126),(1126,1166,
1167),(1167,1168,1126),(1126,1168,1169),(1169,1170,1126),(1126,1170,1171),
(1171,1172,1126),(1126,1172,1149),(1124,1123,1173),(1124,1173,1151),(1173,
1123,1174),(1152,1174,1123),(1153,1154,1155),(1153,1155,1164),(1173,1174,
1175),(1151,1173,1175),(1175,1174,1176),(1176,1174,1152),(1155,1165,1164),
(1156,1165,1155),(1177,1175,1176),(1177,1178,1175),(1175,1178,1151),(1152,
1177,1176),(1156,1166,1165),(1157,1166,1156),(1178,1177,1179),(1151,1178,
1179),(1179,1177,1180),(1180,1177,1152),(1157,1167,1166),(1158,1167,1157),
(1179,1180,1181),(1179,1181,1151),(1181,1180,1182),(1152,1182,1180),(1158,
1168,1167),(1159,1168,1158),(1181,1182,1183),(1151,1181,1183),(1183,1182,
1184),(1184,1182,1152),(1159,1169,1168),(1160,1169,1159),(1183,1184,1185),
(1183,1185,1151),(1185,1184,1186),(1152,1186,1184),(1169,1160,1161),(1169,
1161,1170),(1185,1186,1187),(1151,1185,1187),(1187,1186,1188),(1188,1186,
1152),(1161,1171,1170),(1162,1171,1161),(1189,1187,1188),(1189,1190,1187),
(1187,1190,1151),(1152,1189,1188),(1162,1172,1171),(1163,1172,1162),(1190,
1189,1191),(1151,1190,1191),(1191,1189,1192),(1192,1189,1152),(1163,1149,
1172),(1146,1149,1163),(1192,1151,1191),(1152,1151,1192),(1193,1194,1195),
(1194,1193,1196),(1195,1197,1193),(1193,1197,1198),(1196,1193,1199),(1199,
1193,1198),(1200,1195,1194),(1194,1196,1200),(1149,1197,1195),(1146,1197,
1149),(1197,1146,1198),(1149,1195,1200),(1198,1146,1147),(1149,1200,1150),
(1152,1201,1151),(1151,1201,1202),(1151,1202,1203),(1203,1145,1151),(1204,
1201,1152),(1204,1152,1148),(1202,1201,1205),(1205,1206,1202),(1203,1202,
1206),(1205,1201,1204),(1206,1205,1207),(1207,1208,1206),(1206,1208,1209),
(1209,1210,1206),(1206,1210,1211),(1211,1212,1206),(1206,1212,1213),(1213,
1214,1206),(1206,1214,1215),(1215,1203,1206),(1207,1205,1216),(1205,1217,
1216),(1218,1217,1205),(1205,1219,1218),(1220,1219,1205),(1205,1221,1220),
(1222,1221,1205),(1205,1223,1222),(1224,1223,1205),(1224,1205,1204),(1207,
1216,1208),(1208,1216,1217),(1196,1199,1225),(1198,1225,1199),(1196,1225,
1226),(1200,1196,1226),(1208,1217,1209),(1209,1217,1218),(1225,1227,1226),
(1228,1227,1225),(1228,1225,1198),(1226,1227,1200),(1209,1218,1210),(1210,
1218,1219),(1228,1229,1227),(1230,1229,1228),(1198,1230,1228),(1200,1227,
1229),(1210,1219,1211),(1211,1219,1220),(1230,1231,1229),(1232,1231,1230),
(1232,1230,1198),(1229,1231,1200),(1211,1220,1212),(1212,1220,1221),(1232,
1233,1231),(1234,1233,1232),(1198,1234,1232),(1200,1231,1233),(1212,1221,
1213),(1213,1221,1222),(1234,1235,1233),(1236,1235,1234),(1236,1234,1198),
(1233,1235,1200),(1213,1222,1214),(1214,1222,1223),(1235,1236,1237),(1198,
1237,1236),(1235,1237,1238),(1200,1235,1238),(1214,1223,1215),(1215,1223,
1224),(1237,1239,1238),(1240,1239,1237),(1240,1237,1198),(1238,1239,1200),
(1224,1203,1215),(1204,1203,1224),(1241,1203,1204),(1242,1145,1203),(1242,
1203,1241),(1241,1204,1148),(1240,1200,1239),(1198,1200,1240),(1198,1243,
1200),(1244,1198,1147),(1243,1198,1244),(1200,1245,1150),(1200,1243,1245),
(1145,1246,1147),(1246,1247,1147),(1248,1249,1147),(1249,1244,1147),(1250,
1148,1150),(1251,1250,1150),(1252,1253,1150),(1254,1252,1150),(1150,1245,
1254),(1145,1255,1246),(1145,1256,1255),(1256,1145,1242),(1257,1148,1250),
(1258,1148,1257),(1259,1148,1258),(1259,1241,1148),(1246,1255,1250),(1250,
1251,1246),(1246,1251,1247),(1250,1255,1257),(1255,1260,1257),(1255,1256,
1260),(1257,1260,1258),(1253,1249,1248),(1252,1249,1253),(1252,1261,1249),
(1249,1261,1262),(1262,1244,1249),(1254,1261,1252),(1258,1262,1261),(1260,
1262,1258),(1260,1244,1262),(1254,1258,1261),(1256,1244,1260),(1259,1258,
1254),(1244,1256,1263),(1263,1243,1244),(1259,1254,1264),(1264,1254,1245),
(1265,1256,1242),(1263,1256,1265),(1259,1266,1241),(1264,1266,1259),(1245,
1243,1267),(1267,1243,1268),(1269,1268,1243),(1243,1270,1269),(1271,1270,
1243),(1243,1272,1271),(1273,1272,1243),(1243,1274,1273),(1275,1274,1243),
(1243,1276,1275),(1263,1276,1243),(1267,1277,1245),(1245,1277,1278),(1278,
1279,1245),(1245,1279,1280),(1280,1281,1245),(1245,1281,1282),(1282,1283,
1245),(1245,1283,1284),(1284,1264,1245),(1242,1241,1285),(1286,1242,1285),
(1265,1242,1286),(1285,1241,1287),(1288,1287,1241),(1241,1266,1288),(1267,
1268,1269),(1267,1269,1277),(1285,1287,1289),(1285,1289,1286),(1289,1287,
1290),(1290,1287,1288),(1269,1278,1277),(1270,1278,1269),(1291,1289,1290),
(1291,1292,1289),(1286,1289,1292),(1288,1291,1290),(1270,1279,1278),(1271,
1279,1270),(1292,1291,1293),(1292,1293,1286),(1293,1291,1294),(1294,1291,
1288),(1271,1280,1279),(1272,1280,1271),(1293,1294,1295),(1286,1293,1295),
(1295,1294,1296),(1288,1296,1294),(1272,1281,1280),(1273,1281,1272),(1295,
1296,1297),(1295,1297,1286),(1297,1296,1298),(1298,1296,1288),(1273,1282,
1281),(1274,1282,1273),(1297,1298,1299),(1286,1297,1299),(1299,1298,1300),
(1288,1300,1298),(1282,1274,1275),(1282,1275,1283),(1299,1300,1301),(1299,
1301,1286),(1301,1300,1302),(1302,1300,1288),(1275,1284,1283),(1276,1284,
1275),(1288,1301,1302),(1288,1286,1301),(1276,1264,1284),(1263,1264,1276),
(1288,1265,1286),(1266,1265,1288),(1263,1265,1264),(1264,1265,1266),(972,
971,964),(971,966,965),(965,964,971),(964,963,972),(971,970,969),(1303,
970,971),(971,973,1303),(969,966,971),(972,963,1304),(1305,974,972),(972,
1306,1305),(1304,1306,972),(1304,963,968),(1306,1304,968),(1009,1307,1308),
(1309,1009,1310),(1311,1009,1309),(1307,1009,1311),(1308,1015,1009),(1009,
1017,1312),(1312,1313,1009),(1314,1009,1313),(1315,1009,1314),(1310,1009,
1315),(1017,1012,1316),(1316,1012,1317),(1316,1312,1017),(1007,1318,1317),
(1319,1007,1320),(1321,1007,1319),(1318,1007,1321),(1317,1012,1007),(1007,
1322,1323),(1007,1011,1324),(1324,1322,1007),(1323,1325,1007),(1326,1007,
1325),(1320,1007,1326),(1011,1015,1327),(1015,1308,1328),(1328,1327,1015),
(1327,1324,1011),(1032,1329,1330),(1330,1133,1032),(1133,1330,1331),(1128,
1133,1332),(1332,1333,1128),(1331,1332,1133),(1032,1334,1335),(1335,1336,
1032),(1337,1032,1336),(1329,1032,1337),(1032,1135,1338),(1338,1339,1032),
(1340,1032,1339),(1341,1032,1340),(1334,1032,1341),(1135,1129,1342),(1342,
1129,1343),(1342,1338,1135),(1029,1344,1343),(1345,1029,1346),(1347,1029,
1345),(1344,1029,1347),(1343,1129,1029),(1029,1348,1349),(1029,1350,1351),
(1029,1128,1333),(1333,1350,1029),(1351,1352,1029),(1348,1029,1352),(1349,
1346,1029),(1150,1353,1354),(1354,1251,1150),(1251,1354,1355),(1247,1251,
1356),(1356,1357,1247),(1355,1356,1251),(1358,1150,1359),(1360,1150,1358),
(1353,1150,1360),(1150,1253,1361),(1361,1362,1150),(1363,1150,1362),(1364,
1150,1363),(1359,1150,1364),(1253,1248,1365),(1365,1248,1366),(1365,1361,
1253),(1147,1367,1366),(1368,1147,1369),(1370,1147,1368),(1367,1147,1370),
(1366,1248,1147),(1147,1371,1372),(1147,1247,1357),(1357,1371,1147),(1372,
1373,1147),(1374,1147,1373),(1369,1147,1374),(950,400,150),(950,398,400),
(947,950,194),(947,193,188),(947,423,424),(424,419,947),(405,422,441),(439,
319,403),(422,187,441),(441,439,405),(319,317,404),(317,401,404),(404,403,
319),(403,405,439),(188,423,947),(194,193,947),(194,950,190),(150,190,950),
(800,715,878),(878,861,800),(715,800,799),(799,716,715),(716,799,879),(879,
719,716),(948,864,680),(948,812,814),(814,864,948),(948,685,684),(949,683,
677),(677,863,949),(863,858,949),(683,949,684),(684,949,948),(680,685,948),
(879,802,719),(878,686,861),(979,55,70),(977,979,69),(69,68,977),(70,69,
979),(315,981,977),(981,315,310),(981,313,312),(981,308,152),(1007,981,
166),(1007,162,161),(1003,161,160),(160,357,1003),(1003,362,361),(999,1003,
360),(999,359,358),(378,375,995),(374,380,991),(379,377,987),(370,369,983),
(373,366,975),(367,970,1303),(970,367,376),(967,372,371),(371,961,967),
(959,961,381),(961,382,381),(959,385,384),(957,387,390),(957,388,387),(956,
391,394),(956,392,391),(953,395,397),(953,393,395),(951,396,399),(398,950,
399),(399,950,951),(396,951,397),(397,951,953),(393,953,394),(394,953,956),
(392,956,389),(389,956,390),(390,956,957),(388,957,384),(384,957,959),(385,
959,386),(381,386,959),(382,961,383),(371,383,961),(372,967,376),(376,967,
970),(1303,368,367),(368,1303,365),(365,975,366),(975,983,373),(373,983,
369),(983,987,370),(370,987,377),(987,991,379),(379,991,380),(991,995,374),
(374,995,375),(995,999,378),(358,378,999),(359,999,363),(360,363,999),(361,
360,1003),(362,1003,364),(357,364,1003),(161,1003,1007),(162,1007,163),
(163,1007,164),(164,1007,165),(166,165,1007),(152,166,981),(308,981,309),
(312,309,981),(313,981,314),(314,981,311),(310,311,981),(977,68,315),(973,
975,365),(365,1303,973),(931,329,1375),(932,931,1376),(1376,874,932),(1375,
1376,931),(945,947,415),(943,945,418),(418,417,943),(941,943,414),(414,
413,941),(316,402,401),(328,408,402),(402,316,318),(328,409,408),(327,406,
409),(331,407,406),(330,410,407),(939,941,412),(939,432,435),(412,411,939),
(332,435,410),(411,432,939),(435,332,939),(332,323,937),(323,322,935),(322,
326,933),(326,325,931),(329,931,325),(931,933,326),(933,935,322),(935,937,
323),(937,939,332),(410,330,332),(407,331,330),(406,327,331),(409,328,327),
(402,318,328),(401,317,316),(413,412,941),(417,414,943),(415,418,945),(415,
947,416),(416,947,419),(747,934,932),(746,936,934),(745,938,936),(744,940,
938),(717,719,802),(740,718,798),(798,801,740),(718,717,798),(741,740,807),
(742,741,806),(743,742,804),(940,870,809),(940,872,870),(940,744,805),(805,
872,940),(744,743,803),(803,805,744),(942,808,811),(942,809,808),(944,810,
816),(944,811,810),(946,816,815),(812,948,813),(813,948,815),(815,948,946),
(816,946,944),(811,944,942),(809,942,940),(804,803,743),(806,804,742),(807,
806,741),(801,807,740),(802,798,717),(938,745,744),(936,746,745),(934,747,
746),(932,748,747),(748,932,874),(952,949,857),(954,952,856),(856,855,954),
(955,954,853),(853,852,955),(958,955,849),(849,848,958),(960,958,846),(960,
843,845),(845,962,960),(968,962,842),(962,840,842),(1306,968,833),(837,
829,1305),(824,984,976),(827,988,984),(836,992,988),(838,996,992),(830,
1000,996),(1000,830,835),(1000,817,822),(1004,822,823),(1004,821,860),(1004,
820,821),(1009,1004,695),(1009,691,690),(982,690,676),(982,707,702),(982,
704,703),(709,55,979),(979,982,709),(703,709,982),(704,982,705),(705,982,
706),(702,706,982),(707,982,708),(676,708,982),(690,982,1009),(691,1009,
692),(692,1009,693),(693,1009,694),(695,694,1009),(860,695,1004),(820,1004,
819),(823,819,1004),(822,1004,1000),(817,1000,818),(835,818,1000),(996,
831,830),(831,996,838),(992,839,838),(839,992,836),(988,826,836),(826,988,
827),(984,832,827),(832,984,824),(976,825,824),(825,976,828),(828,1305,
829),(1305,1306,837),(833,837,1306),(833,968,834),(842,834,968),(840,962,
841),(845,841,962),(843,960,844),(846,844,960),(846,958,847),(848,847,958),
(849,955,850),(850,955,851),(852,851,955),(853,954,854),(855,854,954),(856,
952,859),(857,859,952),(857,949,858),(974,1305,828),(828,976,974),(179,
1377,304),(1378,1379,1377),(1377,1380,1378),(664,662,1377),(1381,1382,667),
(1383,1384,631),(629,665,1377),(631,1377,1383),(667,631,1384),(1377,631,
629),(1377,665,664),(1384,1381,667),(668,667,1382),(1382,1385,668),(1386,
1387,668),(668,1388,1386),(1387,1389,633),(666,634,1389),(1389,1390,666),
(1391,1392,666),(666,1390,1391),(1392,1393,636),(658,1394,1395),(1395,660,
659),(660,1395,1396),(1395,659,658),(1397,1398,1377),(660,1397,1377),(1377,
179,660),(655,1399,1400),(1400,657,655),(1394,658,657),(1401,1402,1403),
(1401,1403,1404),(1405,1406,651),(651,1401,1405),(652,1406,1407),(1407,
654,652),(1407,1399,669),(674,1408,1409),(1409,615,674),(615,1409,1410),
(1411,672,616),(1411,616,615),(672,1411,1412),(1412,671,672),(671,1413,
1414),(1415,618,671),(1401,641,639),(621,619,1401),(638,623,1401),(618,
1415,1416),(1401,639,638),(1401,623,621),(1416,619,618),(1417,1401,619),
(619,1416,1417),(1401,1418,1419),(641,1401,700),(427,286,284),(304,1377,
302),(790,794,793),(651,791,790),(652,651,1406),(669,654,1407),(655,669,
1399),(657,1400,1394),(1396,1397,660),(1398,1380,1377),(700,699,641),(700,
1401,775),(775,1401,774),(774,1401,793),(793,1401,790),(790,1401,651),(673,
1408,674),(1410,1420,615),(615,1420,1411),(1412,1413,671),(671,1414,1415),
(1417,1418,1401),(636,1393,637),(636,666,1392),(634,633,1389),(633,668,
1387),(1385,1388,668),(662,427,1377),(1379,1383,1377),(1404,1405,1401),
(1419,1402,1401),(304,176,179),(302,305,304),(302,1377,282),(282,1377,283),
(283,1377,284),(284,1377,427),(348,1421,351),(347,344,1422),(343,341,1423),
(342,1424,1423),(321,1425,1424),(353,1426,1425),(356,1427,1426),(355,1428,
1427),(177,303,1428),(307,1428,303),(307,306,1429),(434,264,1429),(264,
263,1430),(265,262,1431),(261,260,1432),(258,270,269),(257,266,270),(256,
267,266),(255,271,267),(249,271,254),(252,251,444),(1433,1434,269),(1435,
1433,275),(1436,1435,273),(1437,1436,272),(276,1437,274),(1438,1439,1437),
(1439,882,1440),(788,1440,882),(1440,788,787),(1441,787,786),(1442,786,
785),(1443,785,784),(764,1444,1445),(761,760,783),(758,761,782),(759,758,
781),(756,759,780),(883,757,772),(766,1446,1444),(768,1447,1446),(767,1448,
1447),(792,797,1448),(796,1449,1448),(795,1449,796),(862,753,1449),(753,
752,1450),(754,751,1451),(750,749,1452),(731,733,1453),(733,732,1454),(734,
726,1455),(725,722,1456),(721,1456,722),(1457,1456,721),(1458,351,1421),
(1422,1455,1421),(1423,1454,1422),(1424,1453,1423),(1425,1452,1424),(1452,
1425,1426),(1427,1450,1426),(1428,1449,1427),(1428,1429,1449),(1447,1429,
1430),(1431,1446,1430),(1432,1444,1431),(1434,1445,1432),(1433,1443,1434),
(1435,1442,1433),(1436,1441,1435),(1437,1440,1436),(1436,1440,1441),(1435,
1441,1442),(1433,1442,1443),(1434,1443,1445),(1432,1445,1444),(1431,1444,
1446),(1430,1446,1447),(1448,1429,1447),(1449,1429,1448),(1427,1449,1450),
(1426,1450,1451),(1452,1426,1451),(1424,1452,1453),(1423,1453,1454),(1422,
1454,1455),(1421,1455,1456),(272,274,1437),(273,272,1436),(275,273,1435),
(269,275,1433),(259,442,1434),(260,259,1434),(443,269,1434),(1434,1432,
260),(1434,442,443),(269,443,258),(270,258,257),(266,257,256),(267,256,
255),(271,255,254),(250,249,254),(254,253,250),(250,253,252),(445,444,251),
(425,248,445),(444,250,252),(251,425,445),(262,261,1432),(1432,1431,262),
(263,265,1431),(1431,1430,263),(1430,1429,264),(430,434,1429),(301,430,
1429),(1429,306,301),(1429,1428,307),(1428,355,354),(1428,354,177),(1427,
356,355),(1426,353,352),(1426,352,356),(1425,321,320),(1425,320,353),(1424,
342,339),(1424,339,321),(1423,341,342),(1422,344,343),(1423,1422,343),(1421,
348,347),(1422,1421,347),(725,1456,1455),(1455,726,725),(734,1455,1454),
(1454,732,734),(1454,1453,733),(749,731,1453),(1453,1452,749),(751,750,
1452),(1452,1451,751),(752,754,1451),(1451,1450,752),(1450,1449,753),(789,
862,1449),(1449,795,789),(1448,797,796),(1448,767,769),(1448,769,868),(1448,
868,792),(1447,768,767),(1446,766,765),(1446,765,768),(1444,764,763),(1444,
763,766),(762,880,1445),(760,762,784),(1445,880,876),(784,783,760),(1445,
784,762),(1445,876,764),(783,782,761),(782,781,758),(781,780,759),(772,
757,756),(756,780,779),(756,779,772),(884,770,865),(883,772,771),(771,755,
883),(884,865,755),(755,771,884),(784,1445,1443),(785,1443,1442),(786,1442,
1441),(787,1441,1440),(1440,1437,1439),(1437,276,1438),(1457,1458,1421),
(1421,1456,1457),(874,1459,739),(720,737,739),(727,729,736),(730,729,727),
(1375,329,1460),(1376,1375,1459),(349,351,1460),(333,337,346),(338,340,
336),(324,1460,329),(1457,721,1459),(1458,1460,351),(1459,721,720),(723,
735,738),(737,720,724),(739,1459,720),(724,738,737),(738,724,723),(735,
723,728),(728,736,735),(736,728,727),(340,346,337),(337,336,340),(346,345,
333),(335,334,350),(349,1460,324),(324,335,349),(345,350,334),(334,333,
345),(350,349,335),(1459,874,1376),(1460,1459,1375),(1457,1459,1460),(1460,
1458,1457),(1461,1462,1463),(1463,1462,1464),(1465,1466,1467),(1468,1466,
1465),(1469,1468,1465),(1467,1466,1470),(1463,1464,1471),(1471,1464,1472),
(1468,1473,1466),(1474,1473,1468),(1474,1468,1469),(1470,1466,1473),(1471,
1472,1475),(1475,1472,1476),(1474,1477,1473),(1478,1477,1474),(1469,1478,
1474),(1473,1477,1470),(1475,1476,1479),(1479,1476,1480),(1478,1481,1477),
(1482,1481,1478),(1482,1478,1469),(1470,1477,1481),(1479,1480,1483),(1483,
1480,1484),(1481,1482,1485),(1469,1485,1482),(1481,1485,1486),(1481,1486,
1470),(1483,1484,1487),(1487,1484,1488),(1485,1489,1486),(1490,1489,1485),
(1490,1485,1469),(1470,1486,1489),(1488,1491,1487),(1492,1491,1488),(1493,
1491,1492),(1494,1495,1491),(1494,1491,1493),(1492,1496,1493),(1490,1470,
1489),(1469,1470,1490),(1469,1497,1470),(1498,1469,1499),(1497,1469,1498),
(1500,1501,1470),(1470,1497,1500),(1495,1502,1499),(1502,1503,1499),(1504,
1505,1499),(1505,1498,1499),(1506,1496,1501),(1507,1506,1501),(1508,1509,
1501),(1510,1508,1501),(1501,1500,1510),(1495,1511,1502),(1495,1512,1511),
(1512,1495,1494),(1513,1496,1506),(1514,1496,1513),(1515,1496,1514),(1493,
1496,1515),(1502,1511,1506),(1506,1507,1502),(1502,1507,1503),(1506,1511,
1513),(1511,1516,1513),(1511,1512,1516),(1513,1516,1514),(1509,1505,1504),
(1508,1505,1509),(1508,1517,1505),(1505,1517,1518),(1518,1498,1505),(1510,
1517,1508),(1514,1518,1517),(1516,1518,1514),(1516,1498,1518),(1510,1514,
1517),(1512,1498,1516),(1515,1514,1510),(1500,1497,1519),(1519,1497,1520),
(1497,1521,1520),(1522,1521,1497),(1497,1523,1522),(1524,1523,1497),(1497,
1525,1524),(1526,1525,1497),(1497,1527,1526),(1519,1528,1500),(1500,1528,
1529),(1529,1530,1500),(1500,1530,1531),(1531,1532,1500),(1500,1532,1533),
(1533,1534,1500),(1494,1493,1535),(1535,1493,1536),(1519,1520,1521),(1519,
1521,1528),(1535,1536,1537),(1537,1536,1538),(1521,1529,1528),(1522,1529,
1521),(1539,1537,1538),(1539,1540,1537),(1522,1530,1529),(1523,1530,1522),
(1540,1539,1541),(1541,1539,1542),(1523,1531,1530),(1524,1531,1523),(1541,
1542,1543),(1543,1542,1544),(1524,1532,1531),(1525,1532,1524),(1543,1544,
1545),(1545,1544,1546),(1525,1533,1532),(1526,1533,1525),(1545,1546,1547),
(1547,1546,1548),(1533,1526,1527),(1533,1527,1534),(1510,698,697),(701,
1510,696),(697,696,1510),(1497,298,437),(1497,299,298),(1498,287,290),(1512,
280,285),(1498,292,291),(1498,289,292),(1512,1494,426),(1494,1535,429),
(1535,1537,433),(1537,1540,436),(1540,1541,438),(1541,1543,440),(1543,1545,
277),(1545,279,278),(279,1545,1547),(1547,268,279),(268,1547,276),(278,
277,1545),(277,440,1543),(440,438,1541),(438,436,1540),(436,433,1537),(433,
429,1535),(429,426,1494),(426,281,1512),(291,1497,1498),(287,1498,285),
(285,1498,1512),(280,1512,281),(290,289,1498),(295,1497,291),(299,1497,
295),(437,1527,1497),(1510,1500,713),(713,714,1510),(1500,1534,598),(598,
710,1500),(710,711,1500),(712,1500,711),(713,1500,712),(714,698,1510),(1534,
1527,610),(1527,437,611),(611,610,1527),(610,598,1534),(1548,882,1439),
(1547,1548,1438),(1438,276,1547),(1439,1438,1548),(1515,1510,701),(776,
778,1548),(1546,881,777),(777,776,1546),(1544,877,881),(1542,875,877),(1539,
873,875),(1538,871,873),(1536,869,871),(1493,867,869),(1515,866,867),(867,
1493,1515),(869,1536,1493),(871,1538,1536),(873,1539,1538),(875,1542,1539),
(877,1544,1542),(881,1546,1544),(1548,1546,776),(882,1548,778),(866,1515,
773),(701,773,1515),(1499,1549,1550),(1549,1499,1551),(1551,1499,1552),
(1552,1499,1553),(1550,1504,1499),(1499,1554,1555),(1499,1503,1556),(1556,
1554,1499),(1555,1557,1499),(1558,1499,1557),(1553,1499,1558),(1503,1507,
1559),(1507,1560,1561),(1561,1559,1507),(1559,1556,1503),(1501,1562,1560),
(1563,1501,1564),(1565,1501,1563),(1562,1501,1565),(1560,1507,1501),(1501,
1509,1566),(1566,1567,1501),(1568,1501,1567),(1569,1501,1568),(1564,1501,
1569),(1509,1504,1570),(1570,1504,1550),(1570,1566,1509),(1462,1571,1572),
(1573,1464,1462),(1574,1472,1464),(1575,1476,1472),(1576,1480,1476),(1577,
1484,1480),(1578,1488,1484),(1579,1492,1488),(1492,1580,1581),(1492,1579,
1580),(1496,1582,1583),(1496,1581,1582),(1501,1496,1584),(1470,1501,1585),
(1501,1586,1587),(1587,1585,1501),(1470,1588,1589),(1470,1590,1591),(1591,
1467,1470),(1589,1590,1470),(1588,1470,1592),(1585,1592,1470),(1584,1586,
1501),(1583,1584,1496),(1581,1496,1492),(1488,1578,1579),(1484,1577,1578),
(1480,1576,1577),(1476,1575,1576),(1472,1574,1575),(1464,1573,1574),(1462,
1593,1573),(1572,1593,1462),(1461,1594,1595),(1462,1461,1596),(1467,1597,
1598),(1598,1465,1467),(1598,1599,1465),(1597,1467,1591),(1596,1571,1462),
(1595,1596,1461),(1469,1465,1599),(1469,1600,1601),(1499,1602,1603),(1469,
1604,1602),(1602,1499,1469),(1499,1605,1606),(1495,1606,1607),(1607,1608,
1495),(1491,1495,1609),(1609,1610,1491),(1611,1612,1487),(1612,1613,1483),
(1613,1614,1479),(1614,1615,1475),(1615,1616,1471),(1616,1617,1463),(1617,
1618,1461),(1461,1618,1619),(1619,1594,1461),(1461,1463,1617),(1463,1471,
1616),(1471,1475,1615),(1475,1479,1614),(1479,1483,1613),(1483,1487,1612),
(1487,1491,1611),(1610,1611,1491),(1608,1609,1495),(1606,1495,1499),(1603,
1605,1499),(1604,1469,1620),(1601,1620,1469),(1599,1600,1469),(1621,1591,
1590),(1588,1592,1622),(1589,1588,1623),(1588,1622,1623),(1623,1621,1589),
(1624,1622,1585),(1587,1625,1626),(1587,1626,1627),(1628,1587,1586),(1628,
1586,1584),(1584,1583,1629),(1583,1630,1631),(1583,1632,1633),(1572,1571,
1634),(1572,1634,1635),(1583,1582,1581),(1579,1578,1583),(1583,1580,1579),
(1574,1573,1583),(1576,1575,1583),(1583,1573,1593),(1577,1576,1583),(1583,
1575,1574),(1583,1578,1577),(1635,1583,1572),(1593,1572,1583),(1581,1580,
1583),(1629,1628,1584),(1585,1587,1624),(1592,1585,1622),(1590,1589,1621),
(1632,1583,1635),(1633,1630,1583),(1631,1636,1583),(1637,1583,1636),(1638,
1583,1637),(1639,1583,1638),(1629,1583,1639),(1625,1587,1628),(1627,1624,
1587),(1640,1601,1600),(1641,1620,1601),(1601,1640,1641),(1642,1604,1620),
(1642,1602,1604),(1643,1603,1602),(1603,1643,1644),(1644,1645,1603),(1606,
1646,1647),(1647,1607,1606),(1606,1605,1646),(1607,1648,1649),(1607,1650,
1651),(1619,1607,1652),(1652,1653,1619),(1607,1617,1616),(1607,1615,1614),
(1607,1618,1617),(1607,1613,1612),(1616,1615,1607),(1614,1613,1607),(1607,
1619,1618),(1612,1611,1607),(1607,1610,1609),(1609,1608,1607),(1611,1610,
1607),(1653,1594,1619),(1652,1607,1654),(1651,1654,1607),(1649,1650,1607),
(1648,1607,1655),(1655,1607,1656),(1656,1607,1657),(1657,1607,1647),(1605,
1603,1646),(1646,1603,1658),(1645,1658,1603),(1602,1642,1643),(1641,1642,
1620),(1600,1599,1640),(1653,1652,1659),(1660,1661,1632),(1662,1663,1664),
(1665,1666,1667),(1668,1669,1670),(1671,1672,1673),(1673,1674,1675),(1676,
1674,1677),(1678,1679,1673),(1680,1681,1677),(1682,1683,1684),(1685,1686,
1687),(1667,1666,1688),(1689,1690,1691),(1692,1693,1694),(1694,1670,1695),
(1695,1670,1669),(1696,1697,1693),(1696,1698,1697),(1668,1699,1697),(1700,
1701,1702),(1701,1663,1703),(1703,1663,1662),(1704,1705,1706),(1702,1706,
1707),(1664,1708,1705),(1680,1677,1679),(1682,1684,1709),(1710,1687,1711),
(1710,1712,1687),(1711,1687,1686),(1659,1661,1660),(1595,1594,1659),(1634,
1571,1660),(1664,1663,1713),(1670,1699,1668),(1679,1674,1673),(1679,1677,
1674),(1693,1699,1694),(1694,1699,1670),(1693,1697,1699),(1702,1714,1700),
(1700,1713,1701),(1701,1713,1663),(1706,1705,1708),(1707,1714,1702),(1706,
1708,1707),(1715,1708,1664),(1596,1595,1660),(1713,1716,1664),(1714,1716,
1700),(1700,1716,1713),(1707,1715,1714),(1707,1708,1715),(1664,1716,1715),
(1714,1715,1716),(1717,1718,1719),(1717,1720,1721),(1722,1723,1724),(1718,
1722,1725),(1726,1727,1728),(1726,1729,1723),(1726,1730,1731),(1730,1732,
1733),(1717,1734,1735),(1717,1736,1737),(1690,1738,1739),(1740,1741,1742),
(1690,1743,1744),(1690,1745,1746),(1747,1748,1749),(1743,1747,1750),(1666,
1751,1748),(1666,1740,1752),(1753,1599,1598),(1659,1660,1595),(1754,1598,
1597),(1660,1571,1596),(1755,1754,1591),(1755,1621,1623),(1627,1756,1755),
(1755,1624,1627),(1756,1627,1626),(1756,1625,1628),(1757,1639,1638),(1758,
1638,1637),(1759,1637,1636),(1760,1636,1631),(1760,1631,1630),(1761,1630,
1633),(1633,1632,1661),(1632,1635,1660),(1660,1635,1634),(1762,1629,1639),
(1654,1763,1659),(1763,1654,1651),(1651,1764,1763),(1650,1649,1765),(1765,
1764,1650),(1766,1765,1648),(1767,1766,1655),(1768,1767,1656),(1769,1768,
1657),(1770,1769,1646),(1645,1644,1770),(1770,1658,1645),(1771,1770,1644),
(1771,1642,1641),(1771,1640,1599),(1659,1594,1653),(1721,1772,1717),(1719,
1720,1717),(1725,1719,1718),(1724,1725,1722),(1723,1722,1726),(1729,1726,
1773),(1773,1726,1774),(1728,1774,1726),(1727,1726,1775),(1775,1726,1776),
(1776,1726,1777),(1731,1777,1726),(1733,1731,1730),(1733,1732,1735),(1735,
1732,1717),(1734,1717,1778),(1778,1717,1779),(1779,1717,1780),(1737,1780,
1717),(1736,1717,1772),(1781,1718,1717),(1781,1722,1718),(1722,1782,1726),
(1783,1730,1726),(1730,1784,1732),(1732,1784,1717),(1785,1781,1717),(1782,
1722,1781),(1782,1786,1726),(1756,1783,1726),(1783,1784,1730),(1784,1770,
1717),(1785,1717,1787),(1785,1788,1781),(1781,1788,1782),(1789,1786,1782),
(1790,1726,1786),(1726,1755,1756),(1756,1791,1783),(1783,1791,1784),(1792,
1770,1784),(1770,1793,1717),(1787,1794,1785),(1787,1717,1795),(1785,1769,
1788),(1782,1788,1789),(1796,1786,1789),(1790,1786,1797),(1798,1726,1790),
(1799,1755,1726),(1626,1625,1756),(1756,1796,1791),(1784,1791,1792),(1800,
1770,1792),(1771,1793,1770),(1717,1793,1795),(1794,1787,1801),(1785,1794,
1678),(1795,1802,1787),(1769,1785,1768),(1788,1769,1800),(1788,1800,1789),
(1789,1800,1796),(1762,1786,1796),(1797,1803,1790),(1786,1676,1797),(1798,
1790,1804),(1798,1799,1726),(1799,1771,1755),(1628,1762,1756),(1624,1755,
1622),(1762,1796,1756),(1796,1792,1791),(1800,1792,1796),(1769,1770,1800),
(1644,1643,1771),(1793,1771,1799),(1805,1795,1793),(1806,1794,1801),(1801,
1787,1807),(1808,1785,1678),(1809,1678,1794),(1795,1810,1802),(1802,1811,
1787),(1657,1647,1769),(1768,1785,1808),(1762,1757,1786),(1797,1812,1803),
(1790,1803,1813),(1814,1676,1786),(1797,1676,1815),(1804,1816,1798),(1804,
1790,1666),(1798,1817,1799),(1755,1771,1818),(1629,1762,1628),(1623,1622,
1755),(1646,1658,1770),(1642,1771,1643),(1793,1799,1819),(1820,1805,1793),
(1795,1805,1798),(1806,1801,1821),(1822,1794,1806),(1801,1807,1803),(1807,
1787,1823),(1678,1824,1808),(1794,1822,1809),(1809,1825,1678),(1795,1798,
1810),(1802,1810,1826),(1811,1802,1685),(1787,1811,1690),(1646,1769,1647),
(1656,1657,1768),(1768,1808,1757),(1639,1757,1762),(1786,1757,1814),(1815,
1812,1797),(1803,1812,1821),(1790,1813,1827),(1803,1807,1813),(1814,1828,
1676),(1676,1829,1815),(1830,1816,1804),(1810,1798,1816),(1804,1666,1685),
(1790,1827,1666),(1798,1805,1817),(1799,1817,1831),(1818,1832,1755),(1818,
1771,1833),(1591,1621,1755),(1641,1640,1771),(1819,1834,1793),(1819,1799,
1835),(1836,1820,1793),(1817,1805,1820),(1837,1806,1821),(1821,1801,1803),
(1822,1806,1838),(1823,1813,1807),(1823,1787,1690),(1678,1828,1824),(1808,
1824,1692),(1809,1822,1839),(1809,1815,1825),(1678,1825,1840),(1826,1841,
1802),(1810,1816,1826),(1811,1685,1842),(1685,1802,1804),(1811,1843,1690),
(1768,1757,1767),(1655,1656,1767),(1757,1808,1814),(1638,1758,1757),(1844,
1812,1815),(1821,1812,1837),(1827,1813,1823),(1668,1828,1814),(1676,1828,
1678),(1845,1829,1676),(1825,1815,1829),(1804,1846,1830),(1826,1816,1830),
(1847,1685,1666),(1827,1740,1666),(1831,1848,1799),(1820,1831,1817),(1818,
1849,1832),(1755,1832,1850),(1818,1833,1849),(1849,1833,1771),(1755,1851,
1754),(1597,1591,1754),(1599,1753,1771),(1819,1835,1834),(1793,1834,1852),
(1853,1835,1799),(1793,1854,1836),(1848,1820,1836),(1838,1806,1837),(1822,
1838,1690),(1741,1823,1690),(1824,1828,1668),(1855,1808,1692),(1668,1692,
1824),(1809,1839,1815),(1839,1822,1702),(1840,1856,1678),(1825,1829,1840),
(1826,1830,1841),(1802,1841,1857),(1842,1858,1811),(1842,1685,1859),(1804,
1802,1860),(1861,1843,1811),(1843,1822,1690),(1767,1757,1758),(1767,1758,
1766),(1648,1655,1766),(1814,1808,1862),(1637,1759,1758),(1815,1839,1844),
(1844,1664,1812),(1837,1812,1666),(1827,1823,1740),(1862,1668,1814),(1676,
1678,1863),(1676,1864,1845),(1840,1829,1845),(1865,1846,1804),(1841,1830,
1846),(1666,1812,1847),(1866,1685,1847),(1752,1867,1666),(1831,1820,1848),
(1799,1848,1868),(1849,1850,1832),(1850,1869,1755),(1771,1870,1849),(1871,
1851,1755),(1872,1754,1851),(1598,1754,1753),(1771,1753,1872),(1834,1835,
1853),(1852,1873,1793),(1874,1852,1834),(1799,1874,1853),(1875,1854,1793),
(1848,1836,1854),(1837,1747,1838),(1838,1743,1690),(1739,1741,1690),(1740,
1823,1741),(1692,1876,1855),(1862,1808,1855),(1692,1668,1877),(1878,1839,
1702),(1702,1822,1843),(1864,1856,1840),(1678,1856,1879),(1857,1880,1802),
(1865,1857,1841),(1842,1859,1858),(1811,1858,1881),(1685,1882,1859),(1860,
1883,1804),(1860,1802,1884),(1811,1885,1861),(1866,1843,1861),(1766,1758,
1759),(1760,1765,1766),(1649,1648,1765),(1636,1760,1759),(1844,1839,1886),
(1886,1664,1844),(1847,1812,1664),(1747,1837,1666),(1862,1887,1668),(1863,
1671,1676),(1863,1678,1888),(1889,1864,1676),(1864,1840,1845),(1804,1890,
1865),(1865,1841,1846),(1847,1843,1866),(1866,1891,1685),(1892,1666,1867),
(1742,1752,1740),(1868,1893,1799),(1848,1854,1868),(1870,1850,1849),(1870,
1869,1850),(1755,1869,1871),(1894,1870,1771),(1895,1851,1871),(1872,1851,
1895),(1753,1754,1872),(1872,1895,1771),(1874,1834,1853),(1852,1874,1873),
(1793,1873,1896),(1897,1874,1799),(1793,1898,1875),(1875,1893,1854),(1838,
1747,1743),(1744,1745,1690),(1742,1741,1739),(1738,1690,1899),(1900,1876,
1692),(1876,1887,1855),(1855,1887,1862),(1877,1901,1692),(1877,1668,1902),
(1702,1903,1878),(1886,1839,1878),(1843,1664,1702),(1856,1864,1879),(1879,
1904,1678),(1857,1865,1880),(1802,1880,1905),(1858,1859,1882),(1881,1906,
1811),(1907,1881,1858),(1907,1882,1685),(1860,1908,1883),(1804,1883,1909),
(1860,1884,1908),(1802,1908,1884),(1910,1885,1811),(1866,1861,1885),(1760,
1766,1759),(1765,1760,1764),(1651,1650,1764),(1630,1761,1760),(1886,1911,
1664),(1847,1664,1843),(1748,1747,1666),(1668,1887,1912),(1888,1671,1863),
(1676,1671,1675),(1678,1672,1888),(1676,1681,1889),(1879,1864,1889),(1683,
1890,1804),(1880,1865,1890),(1866,1885,1891),(1685,1891,1913),(1914,1666,
1892),(1854,1893,1868),(1799,1893,1915),(1894,1869,1870),(1894,1871,1869),
(1771,1895,1894),(1895,1871,1894),(1873,1874,1897),(1896,1898,1793),(1873,
1897,1896),(1799,1916,1897),(1898,1915,1875),(1875,1915,1893),(1750,1744,
1743),(1746,1917,1690),(1899,1690,1918),(1692,1695,1900),(1900,1912,1876),
(1876,1912,1887),(1877,1902,1901),(1692,1901,1696),(1668,1698,1902),(1703,
1903,1702),(1903,1911,1878),(1878,1911,1886),(1702,1664,1704),(1879,1889,
1904),(1678,1904,1680),(1905,1682,1802),(1880,1890,1905),(1907,1858,1882),
(1881,1907,1906),(1811,1906,1710),(1685,1712,1907),(1908,1909,1883),(1909,
1684,1804),(1709,1908,1802),(1811,1711,1910),(1910,1913,1885),(1764,1760,
1761),(1764,1761,1763),(1659,1652,1654),(1661,1761,1633),(1664,1911,1662),
(1749,1750,1747),(1751,1666,1665),(1912,1669,1668),(1672,1671,1888),(1675,
1674,1676),(1671,1673,1675),(1673,1672,1678),(1677,1681,1676),(1904,1889,
1681),(1804,1684,1683),(1905,1890,1683),(1885,1913,1891),(1913,1686,1685),
(1688,1666,1914),(1915,1916,1799),(1896,1916,1898),(1896,1897,1916),(1898,
1916,1915),(1691,1690,1917),(1918,1690,1689),(1694,1695,1692),(1695,1669,
1900),(1900,1669,1912),(1901,1902,1698),(1696,1693,1692),(1901,1698,1696),
(1697,1698,1668),(1702,1701,1703),(1703,1662,1903),(1903,1662,1911),(1704,
1706,1702),(1704,1664,1705),(1680,1679,1678),(1904,1681,1680),(1905,1683,
1682),(1802,1682,1709),(1906,1907,1712),(1710,1711,1811),(1906,1712,1710),
(1687,1712,1685),(1709,1909,1908),(1709,1684,1909),(1711,1686,1910),(1910,
1686,1913),(1763,1761,1661),(1763,1661,1659)),());
#1270=COMPLEX_TRIANGULATED_FACE('ConvergentBody',#1332,40,((-9.86896223909969E-5,
0.118977011615349,0.992897004209117),(-9.60111331972237E-5,0.258731600891953,
0.965949247880938),(-9.86895338174165E-5,0.118984448041935,0.992896113087634),
(-9.60111331972237E-5,0.258731600891953,0.965949247880938),(-0.965958066692015,
0.258698682738715,-7.02984912965193E-5),(-0.992892207252128,0.119017045978494,
-8.6859371374216E-5),(-9.86872686705737E-5,-0.119174464430444,0.992873323888068),
(-9.86871799498742E-5,-0.119181900690404,0.992872431286449),(-9.6006014233261E-5,
-0.258923797963285,0.965897746985214),(-9.6006014233261E-5,-0.258923797963285,
0.965897746985214),(-0.965958013414749,-0.258698862584905,-0.000121725540780844),
(-0.992892195803495,-0.119017121869426,-0.00011051892621993),(0.992883695883877,
-0.119088030065133,8.68514698734298E-5),(0.965917766026507,0.258849095912258,
0.000121736472902531),(0.992883702638217,0.119087954133165,0.000110525122453876),
(0.965917722921448,-0.258849275848,7.02795130051492E-5),(-9.93956281443277E-5,
-9.93956286352555E-5,0.999999990120509),(-9.93956281443277E-5,-9.93956286352555E-5,
0.999999990120509),(-9.93956281443277E-5,-9.93956286352555E-5,0.999999990120509),
(-9.93956281443277E-5,-9.93956286352555E-5,0.999999990120509),(-9.93956281443277E-5,
-9.93956286352555E-5,0.999999990120509),(-9.93956281443277E-5,-9.93956286352555E-5,
0.999999990120509),(-9.93956281443277E-5,-9.93956286352555E-5,0.999999990120509),
(-9.93956281443277E-5,-9.93956286352555E-5,0.999999990120509),(-9.93956281443277E-5,
-9.93956286352555E-5,0.999999990120509),(-9.93956281443277E-5,-9.93956286352555E-5,
0.999999990120509),(-9.93956281443277E-5,-9.93956286352555E-5,0.999999990120509),
(-9.93956281443277E-5,-9.93956286352555E-5,0.999999990120509),(-9.93956281443277E-5,
-9.93956286352555E-5,0.999999990120509),(-0.999999995060254,0.,-9.93956286353167E-5),
(-0.999999995060254,0.,-9.93956286353167E-5),(-0.999999995060254,0.,-9.93956286353167E-5),
(-0.999999995060254,0.,-9.93956286353167E-5),(-0.999999995060254,0.,-9.93956286353167E-5),
(-0.999999995060254,0.,-9.93956286353167E-5),(-0.999999995060254,0.,-9.93956286353167E-5),
(-0.999999995060254,0.,-9.93956286353167E-5),(-0.999999995060254,0.,-9.93956286353167E-5),
(-0.999999995060254,0.,-9.93956286353167E-5),(-0.999999995060254,0.,-9.93956286353167E-5)),
$,(1189,1127,821,1009,1011,836,1190,826,1128,1010,1012,837,1192,1129,1191,
1130,1057,1058,1030,1056,988,1031,976,952,1059,951,975,822,824,825,827,
823,833,835,834,830,832,828,829,831),((1,2,3),(3,2,4),(5,3,4),(6,3,5),(7,
8,9),(9,8,10),(8,11,10),(12,11,8),(12,8,6),(7,13,1),(1,14,2),(15,14,1),
(1,13,15),(16,7,9),(13,7,16),(14,4,2),(5,4,14),(11,9,10),(16,9,11),(14,
6,5),(12,16,11),(15,6,14),(13,16,12),(15,12,6),(13,12,15),(1,17,18),(3,
19,20),(1,20,17),(3,21,19),(20,1,3),(8,22,23),(23,24,8),(8,7,25),(25,22,
8),(7,18,25),(3,26,27),(3,28,26),(27,21,3),(24,29,8),(18,7,1),(8,29,30),
(3,31,32),(3,6,33),(6,34,35),(8,36,37),(30,38,8),(3,39,31),(33,40,3),(6,
8,34),(38,36,8),(40,39,3),(37,34,8),(35,33,6),(32,28,3)),());
#1271=COMPLEX_TRIANGULATED_FACE('ConvergentBody',#1332,38,((-9.86896097378248E-5,
0.118978073974362,0.992896876908026),(-9.60111331972238E-5,0.258731600891947,
0.965949247880939),(-9.90726835776166E-5,0.118984392852074,0.992896119663193),
(-9.60111331972238E-5,0.258731600891947,0.965949247880939),(-0.965958066692049,
0.258698682738588,-7.02984912965353E-5),(-0.99289233453353,0.119015984136527,
-8.6859489567882E-5),(-9.86872559963844E-5,-0.119175526765654,0.992873196375526),
(-9.88384797397144E-5,-0.119181881260233,0.992872433603747),(-9.60060142332612E-5,
-0.25892379796328,0.965897746985216),(-9.60060142332612E-5,-0.25892379796328,
0.965897746985216),(-0.965958013414783,-0.258698862584778,-0.000121725540780835),
(-0.992892323085183,-0.119016060025935,-0.000110518833328571),(0.992885038173746,
-0.119076838332751,8.68527157004623E-5),(0.965923523762319,0.258827609468534,
0.000121734909537702),(0.992885044926552,0.119076762408169,0.000110524143462917),
(0.965923480664554,-0.258827789391485,7.0282220959521E-5),(-0.999999995060254,
0.,-9.93956286353167E-5),(-0.999999995060254,0.,-9.93956286353167E-5),(-0.999999995060254,
0.,-9.93956286353167E-5),(-0.999999995060254,0.,-9.93956286353167E-5),(-0.999999995060254,
0.,-9.93956286353167E-5),(-0.999999990010311,0.,-0.000141347775338808),
(-0.999999992771927,0.,-0.000120233521615281),(-0.999999995060254,0.,-9.93956286353167E-5),
(-0.999999992797183,0.,-0.00012002225119152),(-0.999999995060254,0.,-9.93956286353167E-5),
(-0.999999990009753,1.10186834068449E-6,-0.000141348079906024),(-0.000120040126265515,
-9.99352624583702E-5,0.999999987801656),(-9.93956281443277E-5,-9.93956286352555E-5,
0.999999990120509),(-9.93956281443277E-5,-9.93956286352555E-5,0.999999990120509),
(-9.93956281443277E-5,-9.93956286352555E-5,0.999999990120509),(-9.93956281443277E-5,
-9.93956286352555E-5,0.999999990120509),(-9.93956281443277E-5,-9.93956286352555E-5,
0.999999990120509),(-9.93956281443277E-5,-9.93956286352555E-5,0.999999990120509),
(-9.93956281443277E-5,-9.93956286352555E-5,0.999999990120509),(-0.000120251423224716,
-9.91803960661201E-5,0.999999987851422),(-9.93956281443277E-5,-9.93956286352555E-5,
0.999999990120509),(-9.93956281443277E-5,-9.93956286352555E-5,0.999999990120509)),
$,(1229,1143,917,1039,1041,928,1230,918,1144,1040,1042,929,1232,1145,1231,
1146,925,927,926,922,924,916,920,921,919,923,915,961,992,1083,1084,1066,
1082,1008,993,962,1067,1085),((1,2,3),(3,2,4),(5,3,4),(6,3,5),(7,8,9),(9,
8,10),(8,11,10),(12,11,8),(12,8,6),(7,13,1),(1,14,2),(15,14,1),(1,13,15),
(16,7,9),(13,7,16),(14,4,2),(5,4,14),(11,9,10),(16,9,11),(14,6,5),(12,16,
11),(15,6,14),(13,16,12),(15,12,6),(13,12,15),(3,6,17),(6,18,19),(8,20,
21),(8,22,23),(3,24,25),(17,26,3),(6,8,18),(23,20,8),(26,24,3),(21,18,8),
(19,17,6),(25,27,3),(3,27,28),(28,29,3),(1,30,31),(3,32,33),(1,33,30),(3,
34,32),(33,1,3),(8,35,36),(8,37,35),(8,7,38),(38,37,8),(7,31,38),(36,22,
8),(31,7,1),(29,34,3)),());
#1272=COMPLEX_TRIANGULATED_FACE('ConvergentBody',#1332,71,((-9.86896223909969E-5,
0.118977011615353,0.992897004209117),(-9.60111331972235E-5,0.258731600891962,
0.965949247880935),(-9.86895338174094E-5,0.118984448041939,0.992896113087634),
(-9.60111331972235E-5,0.258731600891962,0.965949247880935),(-0.965958066692015,
0.258698682738715,-7.02984912965193E-5),(-0.992892207252128,0.119017045978494,
-8.6859371374216E-5),(-9.86872686705737E-5,-0.119174464430448,0.992873323888067),
(-9.86871799498738E-5,-0.119181900690408,0.992872431286448),(-9.60060142332608E-5,
-0.258923797963294,0.965897746985212),(-9.60060142332608E-5,-0.258923797963294,
0.965897746985212),(-0.965958013414749,-0.258698862584905,-0.000121725540780844),
(-0.992892195803495,-0.119017121869426,-0.00011051892621993),(0.965917766026507,
0.258849095912258,0.000121736472902531),(0.992883702638216,0.119087954133166,
0.000110525122453876),(0.965917722921448,-0.258849275848,7.02795130051492E-5),
(0.992883695883877,-0.119088030065133,8.68514698734298E-5),(-0.999999995060254,
0.,-9.93956286353167E-5),(-0.999999995060254,0.,-9.93956286353167E-5),(-0.999999995060254,
0.,-9.93956286353167E-5),(-0.999999995060254,0.,-9.93956286353167E-5),(-0.999999995060254,
0.,-9.93956286353167E-5),(-0.999999995060254,0.,-9.93956286353167E-5),(-0.999999995060254,
0.,-9.93956286353167E-5),(-0.999999995060254,0.,-9.93956286353167E-5),(-0.999999995060254,
0.,-9.93956286353167E-5),(-0.999999995060254,0.,-9.93956286353167E-5),(-0.999999995060254,
0.,-9.93956286353167E-5),(-0.999999995060254,0.,-9.93956286353167E-5),(-0.999999995060254,
0.,-9.93956286353167E-5),(-0.999999995060254,0.,-9.93956286353167E-5),(-0.999999995060254,
0.,-9.93956286353167E-5),(-0.999999995060254,0.,-9.93956286353167E-5),(-0.999999995060254,
0.,-9.93956286353167E-5),(-9.93956287094693E-5,-9.93956286849415E-5,0.999999990120509),
(-9.93956287094693E-5,-9.93956286849415E-5,0.999999990120509),(-9.93957268233618E-5,
-9.93956340625525E-5,0.999999990120499),(-9.93956287094693E-5,-9.93956286849415E-5,
0.999999990120509),(-9.93956287094693E-5,-9.93956286849415E-5,0.999999990120509),
(-9.93956287094693E-5,-9.93956286849415E-5,0.999999990120509),(-9.93956287094693E-5,
-9.93956286849415E-5,0.999999990120509),(-9.93956287094693E-5,-9.93956286849415E-5,
0.999999990120509),(-9.93956287094693E-5,-9.93956286849415E-5,0.999999990120509),
(-9.93956287094693E-5,-9.93956286849415E-5,0.999999990120509),(-9.93956287094693E-5,
-9.93956286849415E-5,0.999999990120509),(-9.93956287094693E-5,-9.93956286849415E-5,
0.999999990120509),(-9.93956287094693E-5,-9.93956286849415E-5,0.999999990120509),
(-9.93956287094693E-5,-9.93956286849415E-5,0.999999990120509),(-9.93956287094693E-5,
-9.93956286849415E-5,0.999999990120509),(-9.93956287094693E-5,-9.93956286849415E-5,
0.999999990120509),(-9.93956287094693E-5,-9.93956286849415E-5,0.999999990120509),
(-9.93956287094693E-5,-9.93956286849415E-5,0.999999990120509),(-9.93956287094693E-5,
-9.93956286849415E-5,0.999999990120509),(-9.93956287094693E-5,-9.93956286849415E-5,
0.999999990120509),(-9.93956287094693E-5,-9.93956286849415E-5,0.999999990120509),
(-9.93956287094693E-5,-9.93956286849415E-5,0.999999990120509),(-9.93956287094693E-5,
-9.93956286849415E-5,0.999999990120509),(-9.93956287094693E-5,-9.93956286849415E-5,
0.999999990120509),(-9.93956287094693E-5,-9.93956286849415E-5,0.999999990120509),
(-9.93956287094693E-5,-9.93956286849415E-5,0.999999990120509),(-9.93956287094693E-5,
-9.93956286849415E-5,0.999999990120509),(-9.93957268233618E-5,-9.93956340625525E-5,
0.999999990120499),(0.999999995060255,0.,9.93956286353167E-5),(0.999999995060255,
0.,9.93956286353167E-5),(0.999999995060255,0.,9.93956286353167E-5),(0.999999995060255,
0.,9.93956286353167E-5),(0.999999995060255,0.,9.93956286353167E-5),(0.999999995060255,
0.,9.93956286353167E-5),(9.93956281443277E-5,9.93956286352555E-5,-0.999999990120509),
(9.93956281443277E-5,9.93956286352555E-5,-0.999999990120509),(9.93956281443277E-5,
9.93956286352555E-5,-0.999999990120509),(9.93956281443277E-5,9.93956286352555E-5,
-0.999999990120509)),$,(1193,1131,838,1013,1015,857,1196,845,1132,1014,
1016,858,1133,1201,1134,1204,854,856,855,851,853,850,848,852,849,842,844,
847,841,843,846,839,840,953,955,972,987,1019,1029,1033,1053,1062,1093,1117,
1170,1195,1171,1111,1094,1061,1060,1034,1032,1020,973,956,977,954,1194,
1112,974,1197,1198,1203,1200,1199,1202,1157,1167,1155,1156),((1,2,3),(3,
2,4),(5,3,4),(6,3,5),(7,8,9),(9,8,10),(8,11,10),(12,11,8),(12,8,6),(1,13,
2),(14,13,1),(15,7,9),(16,7,15),(13,4,2),(5,4,13),(11,9,10),(15,9,11),(13,
6,5),(12,15,11),(14,6,13),(16,15,12),(14,12,6),(3,6,17),(6,18,19),(8,20,
21),(3,22,23),(17,24,3),(6,8,18),(25,20,8),(24,22,3),(21,18,8),(19,17,6),
(8,26,27),(27,25,8),(27,28,25),(26,8,29),(3,23,30),(23,31,30),(32,3,33),
(30,33,3),(3,34,35),(35,36,3),(3,37,38),(3,39,40),(3,41,42),(1,42,43),(1,
44,45),(7,46,47),(7,48,49),(8,7,50),(8,51,52),(8,53,54),(8,55,56),(8,57,
55),(29,8,58),(56,58,8),(54,57,8),(52,53,8),(50,51,8),(49,50,7),(47,48,
7),(45,59,1),(44,1,60),(43,60,1),(42,1,3),(40,41,3),(38,39,3),(37,3,61),
(36,61,3),(34,3,32),(1,59,62),(14,1,63),(16,64,65),(7,16,66),(66,46,7),
(65,66,16),(63,67,14),(62,63,1),(12,68,69),(12,70,71),(69,64,12),(12,14,
70),(71,68,12),(14,67,70),(64,16,12)),());
#1273=COMPLEX_TRIANGULATED_FACE('ConvergentBody',#1332,69,((-9.86896097378248E-5,
0.118978073974367,0.992896876908026),(-9.60111331972236E-5,0.258731600891956,
0.965949247880937),(-9.90726835775625E-5,0.118984392852078,0.992896119663193),
(-9.60111331972236E-5,0.258731600891956,0.965949247880937),(-0.965958066692049,
0.258698682738589,-7.02984912965354E-5),(-0.99289233453353,0.119015984136527,
-8.6859489567882E-5),(-9.86872559963844E-5,-0.119175526765658,0.992873196375526),
(-9.88384797401935E-5,-0.119181881260237,0.992872433603746),(-9.60060142332609E-5,
-0.258923797963288,0.965897746985214),(-9.60060142332609E-5,-0.258923797963288,
0.965897746985214),(-0.965958013414783,-0.258698862584778,-0.000121725540780835),
(-0.992892323085183,-0.119016060025935,-0.000110518833328571),(0.965923523762319,
0.258827609468534,0.000121734909537702),(0.992885044926552,0.119076762408169,
0.000110524143462917),(0.965923480664554,-0.258827789391485,7.0282220959521E-5),
(0.992885038173746,-0.119076838332751,8.68527157004624E-5),(-0.999999995060254,
0.,-9.93956286353167E-5),(-0.999999995060254,0.,-9.93956286353167E-5),(-0.999999995060254,
0.,-9.93956286353167E-5),(-0.999999995060254,0.,-9.93956286353167E-5),(-0.999999995060254,
0.,-9.93956286353167E-5),(-0.999999995060254,0.,-9.93956286353167E-5),(-0.999999992797183,
0.,-0.000120022251131666),(-0.999999995060254,0.,-9.93956286353167E-5),
(-0.999999992771927,0.,-0.000120233521594213),(-0.999999990009753,1.10186805957383E-6,
-0.000141348079719171),(-0.999999990009753,1.10186805957383E-6,-0.000141348079719171),
(-0.999999990009749,1.10186834355438E-6,-0.000141348109197917),(-0.999999990010305,
0.,-0.000141347817278138),(-0.999999990010309,0.,-0.000141347785796106),
(-0.999999990010311,0.,-0.000141347775398635),(-0.000120037825945256,-9.99352023294893E-5,
0.999999987801938),(-9.93956281443277E-5,-9.93956286352555E-5,0.999999990120509),
(-9.93956281443277E-5,-9.93956286352555E-5,0.999999990120509),(-9.93956281443277E-5,
-9.93956286352555E-5,0.999999990120509),(-9.93956281443277E-5,-9.93956286352555E-5,
0.999999990120509),(-9.93956281443277E-5,-9.93956286352555E-5,0.999999990120509),
(-9.93956281443277E-5,-9.93956286352555E-5,0.999999990120509),(-9.93956281443277E-5,
-9.93956286352555E-5,0.999999990120509),(-9.93956281443277E-5,-9.93956286352555E-5,
0.999999990120509),(-9.93956281443277E-5,-9.93956286352555E-5,0.999999990120509),
(-9.93956281443277E-5,-9.93956286352555E-5,0.999999990120509),(-9.93956281443277E-5,
-9.93956286352555E-5,0.999999990120509),(-9.93956281443277E-5,-9.93956286352555E-5,
0.999999990120509),(-9.93956281443277E-5,-9.93956286352555E-5,0.999999990120509),
(-9.93956281443277E-5,-9.93956286352555E-5,0.999999990120509),(-9.93956281443277E-5,
-9.93956286352555E-5,0.999999990120509),(-9.93956281443277E-5,-9.93956286352555E-5,
0.999999990120509),(-9.93956281443277E-5,-9.93956286352555E-5,0.999999990120509),
(-9.93956281443277E-5,-9.93956286352555E-5,0.999999990120509),(-9.93956281443277E-5,
-9.93956286352555E-5,0.999999990120509),(-9.93956281443277E-5,-9.93956286352555E-5,
0.999999990120509),(-9.93956281443277E-5,-9.93956286352555E-5,0.999999990120509),
(-9.93956281443277E-5,-9.93956286352555E-5,0.999999990120509),(-9.93956281443277E-5,
-9.93956286352555E-5,0.999999990120509),(-0.000120249161864432,-9.91804194034435E-5,
0.999999987851692),(-9.93956281443277E-5,-9.93956286352555E-5,0.999999990120509),
(-9.93956281443277E-5,-9.93956286352555E-5,0.999999990120509),(-9.93956281443277E-5,
-9.93956286352555E-5,0.999999990120509),(0.999999995060254,0.,9.93956286353167E-5),
(0.999999995060254,0.,9.93956286353167E-5),(0.999999995060254,0.,9.93956286353167E-5),
(0.999999995060254,0.,9.93956286353167E-5),(0.999999995060254,0.,9.93956286353167E-5),
(0.999999995060254,0.,9.93956286353167E-5),(9.93956281443277E-5,9.93956286352555E-5,
-0.999999990120509),(9.93956281443277E-5,9.93956286352555E-5,-0.999999990120509),
(9.93956281443277E-5,9.93956286352555E-5,-0.999999990120509),(9.93956281443277E-5,
9.93956286352555E-5,-0.999999990120509)),$,(1233,1147,936,1045,1047,947,
1236,937,1148,1046,1048,948,1149,1241,1150,1244,944,946,945,941,943,940,
938,942,939,932,934,930,931,933,935,963,967,989,1007,1054,1065,1069,1081,
1088,1107,1118,1207,1234,1113,1235,1108,1087,1086,1070,1068,1055,990,968,
994,964,1208,1116,991,1237,1238,1243,1240,1239,1242,1178,1188,1176,1177),
((1,2,3),(3,2,4),(5,3,4),(6,3,5),(7,8,9),(9,8,10),(8,11,10),(12,11,8),(12,
8,6),(1,13,2),(14,13,1),(15,7,9),(16,7,15),(13,4,2),(5,4,13),(11,9,10),
(15,9,11),(13,6,5),(12,15,11),(14,6,13),(16,15,12),(14,12,6),(3,6,17),(6,
18,19),(8,20,21),(3,22,23),(17,24,3),(6,8,18),(25,20,8),(24,22,3),(21,18,
8),(19,17,6),(3,23,26),(23,27,26),(26,28,3),(8,29,30),(30,25,8),(30,31,
25),(3,32,33),(33,34,3),(3,35,36),(3,37,38),(3,39,40),(1,40,41),(42,43,
44),(45,7,46),(7,45,47),(8,7,48),(8,49,50),(8,51,52),(8,53,54),(8,55,53),
(29,8,56),(54,56,8),(52,55,8),(50,51,8),(48,49,8),(47,48,7),(46,57,45),
(44,1,42),(42,1,58),(41,58,1),(40,1,3),(38,39,3),(36,37,3),(35,3,59),(34,
59,3),(32,3,28),(1,44,60),(14,1,61),(16,62,63),(7,16,64),(64,46,7),(63,
64,16),(61,65,14),(60,61,1),(12,66,67),(12,68,69),(67,62,12),(12,14,68),
(69,66,12),(14,65,68),(62,16,12)),());
#1274=COMPLEX_TRIANGULATED_FACE('ConvergentBody',#1332,38,((-9.86897177293473E-5,
0.118969006707914,0.992897963389628),(-9.60117052380055E-5,0.258710113491887,
0.965955003071451),(-9.91831752102923E-5,0.118975309171335,0.992897208159174),
(-9.60117052380055E-5,0.258710113491887,0.965955003071451),(-0.965963821561607,
0.258677193605926,-7.03011992312865E-5),(-0.992893548758414,0.119005854012133,
-8.68606171466204E-5),(-9.86873641671863E-5,-0.11916645971103,0.992874284660824),
(-9.88821765898806E-5,-0.119172808086177,0.992873522678075),(-9.60065866993679E-5,
-0.258902311694934,0.96590350645484),(-9.60065866993679E-5,-0.258902311694934,
0.96590350645484),(-0.96596376829248,-0.258677373439319,-0.000121723976863382),
(-0.992893537311754,-0.119005929895678,-0.00011051794712671),(0.992886252944329,
-0.119066708909667,8.68538432637338E-5),(0.965929281088773,0.258806122640711,
0.000121733346094007),(0.992886259695847,0.119066632990948,0.000110523257385873),
(0.9659292379983,-0.258806302550871,7.02849289113821E-5),(-0.00012599611395848,
-0.000100090734072583,0.999999987053412),(-9.93956281443277E-5,-9.93956286352555E-5,
0.999999990120509),(-0.000153495508025987,-0.000100809329084584,0.999999983138304),
(-9.93956281443277E-5,-9.93956286352555E-5,0.999999990120509),(-9.93956281443277E-5,
-9.93956286352555E-5,0.999999990120509),(-9.93956281443277E-5,-9.93956286352555E-5,
0.999999990120509),(-9.93956281443277E-5,-9.93956286352555E-5,0.999999990120509),
(-9.93956281443277E-5,-9.93956286352555E-5,0.999999990120509),(-9.93956281443277E-5,
-9.93956286352555E-5,0.999999990120509),(-9.93956281443277E-5,-9.93956286352555E-5,
0.999999990120509),(-9.93956281443277E-5,-9.93956286352555E-5,0.999999990120509),
(-0.000126268346055536,-9.91183877257549E-5,0.999999987115925),(-0.000153495702579385,
-9.88374880006645E-5,0.99999998333511),(-0.999999995060255,0.,-9.93956286353168E-5),
(-0.999999995060255,0.,-9.93956286353168E-5),(-0.999999995060255,0.,-9.93956286353168E-5),
(-0.999999995060255,0.,-9.93956286353168E-5),(-0.999999995060255,0.,-9.93956286353168E-5),
(-0.999999992031493,0.,-0.000126241587434495),(-0.999999995060255,0.,-9.93956286353168E-5),
(-0.999999992065604,0.,-0.000125969464784854),(-0.999999995060255,0.,-9.93956286353168E-5)),
$,(1151,1119,773,983,985,784,1152,774,1120,984,986,785,1154,1121,1153,1122,
913,965,771,1004,1005,995,1003,969,996,966,1006,914,772,781,783,782,778,
780,776,777,775,779),((1,2,3),(3,2,4),(5,3,4),(6,3,5),(7,8,9),(9,8,10),
(8,11,10),(12,11,8),(12,8,6),(7,13,1),(1,14,2),(15,14,1),(1,13,15),(16,
7,9),(13,7,16),(14,4,2),(5,4,14),(11,9,10),(16,9,11),(14,6,5),(12,16,11),
(15,6,14),(13,16,12),(15,12,6),(13,12,15),(3,17,18),(3,19,17),(1,20,21),
(3,22,23),(1,23,20),(3,24,22),(23,1,3),(8,25,26),(8,7,27),(27,25,8),(26,
28,8),(7,21,27),(28,29,8),(21,7,1),(18,24,3),(3,6,30),(6,31,32),(8,33,34),
(8,29,35),(3,36,37),(30,38,3),(6,8,31),(35,33,8),(38,36,3),(34,31,8),(32,
30,6),(37,19,3)),());
#1275=COMPLEX_TRIANGULATED_FACE('ConvergentBody',#1332,40,((-9.86895017413929E-5,
0.118987140952108,0.992895790377029),(-9.60105611157495E-5,0.258753087907965,
0.965943492281026),(-9.86894258088621E-5,0.118993515544677,0.992895026434676),
(-9.60105611157495E-5,0.258753087907965,0.965943492281026),(-0.965952311412973,
0.258720171487338,-7.02957833592391E-5),(-0.992891120217924,0.11902611414316,
-8.68583619918311E-5),(-9.86871478206786E-5,-0.119184593531565,0.992872108040891),
(-9.86870717620356E-5,-0.119190967981288,0.992871342829747),(-9.60054417264693E-5,
-0.2589452838475,0.965891987106267),(-9.60054417264693E-5,-0.2589452838475,
0.965891987106267),(-0.965952258127568,-0.258720351346323,-0.000121727104619425),
(-0.992891108767889,-0.119026190038431,-0.00011051971950971),(0.992883823312469,
-0.119086967638004,8.68515881398883E-5),(0.965917766026506,0.25884909591226,
0.000121736472902531),(0.992883830066564,0.119086891707561,0.000110525029519235),
(0.965917722921448,-0.258849275848002,7.02795130051489E-5),(-9.93956281443277E-5,
-9.93956286352555E-5,0.999999990120509),(-9.93956281443277E-5,-9.93956286352555E-5,
0.999999990120509),(-9.93956281443277E-5,-9.93956286352555E-5,0.999999990120509),
(-9.93956281443277E-5,-9.93956286352555E-5,0.999999990120509),(-9.93956281443277E-5,
-9.93956286352555E-5,0.999999990120509),(-9.93956281443277E-5,-9.93956286352555E-5,
0.999999990120509),(-9.93956281443277E-5,-9.93956286352555E-5,0.999999990120509),
(-9.93956281443277E-5,-9.93956286352555E-5,0.999999990120509),(-9.93956281443277E-5,
-9.93956286352555E-5,0.999999990120509),(-9.93956281443277E-5,-9.93956286352555E-5,
0.999999990120509),(-9.93956281443277E-5,-9.93956286352555E-5,0.999999990120509),
(-9.93956281443277E-5,-9.93956286352555E-5,0.999999990120509),(-9.93956281443277E-5,
-9.93956286352555E-5,0.999999990120509),(-0.999999995060254,0.,-9.93956286353167E-5),
(-0.999999995060254,0.,-9.93956286353167E-5),(-0.999999995060254,0.,-9.93956286353167E-5),
(-0.999999995060254,0.,-9.93956286353167E-5),(-0.999999995060254,0.,-9.93956286353167E-5),
(-0.999999995060254,0.,-9.93956286353167E-5),(-0.999999995060254,0.,-9.93956286353167E-5),
(-0.999999995060254,0.,-9.93956286353167E-5),(-0.999999995060254,0.,-9.93956286353167E-5),
(-0.999999995060254,0.,-9.93956286353167E-5),(-0.999999995060254,0.,-9.93956286353167E-5)),
$,(1172,1123,792,999,1001,807,1173,797,1124,1000,1002,808,1175,1125,1174,
1126,949,970,793,1036,1037,1017,1035,978,1018,971,950,1038,795,796,798,
794,804,806,805,801,803,799,800,802),((1,2,3),(3,2,4),(5,3,4),(6,3,5),(7,
8,9),(9,8,10),(8,11,10),(12,11,8),(12,8,6),(7,13,1),(1,14,2),(15,14,1),
(1,13,15),(16,7,9),(13,7,16),(14,4,2),(5,4,14),(11,9,10),(16,9,11),(14,
6,5),(12,16,11),(15,6,14),(13,16,12),(15,12,6),(13,12,15),(3,17,18),(3,
19,17),(1,20,21),(3,22,23),(1,23,20),(3,24,22),(23,1,3),(8,25,26),(26,27,
8),(8,7,28),(28,25,8),(7,21,28),(27,29,8),(21,7,1),(18,24,3),(8,29,30),
(3,31,32),(3,6,33),(6,34,35),(8,36,37),(30,38,8),(3,39,31),(33,40,3),(6,
8,34),(38,36,8),(40,39,3),(37,34,8),(35,33,6),(32,19,3)),());
#1276=COMPLEX_TRIANGULATED_FACE('ConvergentBody',#1332,38,((-9.86896223909961E-5,
0.118977011615419,0.992897004209109),(-9.60111331972198E-5,0.258731600892101,
0.965949247880898),(-9.90726990879452E-5,0.118983330517829,0.992896246968174),
(-9.60111331972198E-5,0.258731600892101,0.965949247880898),(-0.965952311412943,
0.25872017148745,-7.0295783359225E-5),(-0.992890992915536,0.11902717606852,
-8.68582437877903E-5),(-9.86872686705729E-5,-0.119174464430513,0.992873323888059),
(-9.88384935426861E-5,-0.11918081894982,0.992872561120209),(-9.60060142332571E-5,
-0.258923797963433,0.965897746985175),(-9.60060142332571E-5,-0.258923797963433,
0.965897746985175),(-0.965952258127538,-0.258720351346435,-0.000121727104619433),
(-0.992890981465214,-0.119027251965315,-0.000110519812407272),(0.992883695883877,
-0.11908803006514,8.68514698734291E-5),(0.965917766026507,0.258849095912258,
0.000121736472902531),(0.992883702638216,0.119087954133173,0.000110525122453876),
(0.965917722921448,-0.258849275848,7.02795130051492E-5),(-0.000141382761795237,
-0.000100493145098224,0.999999984956021),(-0.000120041623317665,-9.99353015903441E-5,
0.999999987801472),(-9.93956281443277E-5,-9.93956286352555E-5,0.999999990120509),
(-9.93956281443277E-5,-9.93956286352555E-5,0.999999990120509),(-9.93956281443277E-5,
-9.93956286352555E-5,0.999999990120509),(-9.93956281443277E-5,-9.93956286352555E-5,
0.999999990120509),(-9.93956281443277E-5,-9.93956286352555E-5,0.999999990120509),
(-9.93956281443277E-5,-9.93956286352555E-5,0.999999990120509),(-9.93956281443277E-5,
-9.93956286352555E-5,0.999999990120509),(-9.93956281443277E-5,-9.93956286352555E-5,
0.999999990120509),(-0.000120252935645623,-9.91803804578791E-5,0.999999987851242),
(-9.93956281443277E-5,-9.93956286352555E-5,0.999999990120509),(-0.000141382753025251,
-9.89623199240261E-5,0.999999985108688),(-0.999999995060254,0.,-9.93956286353167E-5),
(-0.999999995060254,0.,-9.93956286353167E-5),(-0.999999995060254,0.,-9.93956286353167E-5),
(-0.999999995060254,0.,-9.93956286353167E-5),(-0.999999995060254,0.,-9.93956286353167E-5),
(-0.999999992771927,0.,-0.000120233520522224),(-0.999999995060254,0.,-9.93956286353167E-5),
(-0.999999992797183,0.,-0.00012002225010885),(-0.999999995060254,0.,-9.93956286353167E-5)),
$,(1217,1139,888,1025,1027,899,1218,889,1140,1026,1028,900,1220,1141,1219,
1142,886,959,981,1076,1077,1051,1075,998,1078,982,960,1052,887,896,898,
897,893,895,891,892,890,894),((1,2,3),(3,2,4),(5,3,4),(6,3,5),(7,8,9),(9,
8,10),(8,11,10),(12,11,8),(12,8,6),(7,13,1),(1,14,2),(15,14,1),(1,13,15),
(16,7,9),(13,7,16),(14,4,2),(5,4,14),(11,9,10),(16,9,11),(14,6,5),(12,16,
11),(15,6,14),(13,16,12),(15,12,6),(13,12,15),(3,17,18),(18,19,3),(1,20,
21),(3,22,23),(1,23,20),(3,24,22),(23,1,3),(8,7,25),(8,26,27),(25,28,8),
(28,26,8),(7,21,25),(27,29,8),(21,7,1),(19,24,3),(3,6,30),(6,31,32),(8,
33,34),(8,29,35),(3,36,37),(30,38,3),(6,8,31),(35,33,8),(38,36,3),(34,31,
8),(32,30,6),(37,17,3)),());
#1277=COMPLEX_TRIANGULATED_FACE('ConvergentBody',#1332,38,((-9.8689622390996E-5,
0.118977011615422,0.992897004209108),(-9.60111331972196E-5,0.258731600892108,
0.965949247880896),(-9.90726990891124E-5,0.118983330517832,0.992896246968174),
(-9.60111331972196E-5,0.258731600892108,0.965949247880896),(-0.965952311412943,
0.25872017148745,-7.0295783359225E-5),(-0.992890992915536,0.11902717606852,
-8.68582437877903E-5),(-9.86872686705728E-5,-0.119174464430517,0.992873323888059),
(-9.8838493543147E-5,-0.119180818949823,0.992872561120208),(-9.60060142332569E-5,
-0.258923797963441,0.965897746985173),(-9.60060142332569E-5,-0.258923797963441,
0.965897746985173),(-0.965952258127538,-0.258720351346435,-0.000121727104619433),
(-0.992890981465214,-0.119027251965314,-0.000110519812407272),(0.992883695883877,
-0.119088030065139,8.68514698734291E-5),(0.965917766026507,0.258849095912258,
0.000121736472902531),(0.992883702638216,0.119087954133172,0.000110525122453876),
(0.965917722921448,-0.258849275848,7.02795130051492E-5),(-0.999999995060254,
0.,-9.93956286353167E-5),(-0.999999995060254,0.,-9.93956286353167E-5),(-0.999999995060254,
0.,-9.93956286353167E-5),(-0.999999995060254,0.,-9.93956286353167E-5),(-0.999999995060254,
0.,-9.93956286353167E-5),(-0.999999990010311,0.,-0.000141347775188474),
(-0.999999992771927,0.,-0.000120233520522226),(-0.999999995060254,0.,-9.93956286353167E-5),
(-0.999999992797183,0.,-0.000120022250108852),(-0.999999995060254,0.,-9.93956286353167E-5),
(-0.999999990009753,1.10186833673577E-6,-0.000141348079755686),(-0.00012004162338056,
-9.99353015919881E-5,0.999999987801472),(-9.93956281443277E-5,-9.93956286352555E-5,
0.999999990120509),(-9.93956281443277E-5,-9.93956286352555E-5,0.999999990120509),
(-9.93956281443277E-5,-9.93956286352555E-5,0.999999990120509),(-9.93956281443277E-5,
-9.93956286352555E-5,0.999999990120509),(-9.93956281443277E-5,-9.93956286352555E-5,
0.999999990120509),(-9.93956281443277E-5,-9.93956286352555E-5,0.999999990120509),
(-9.93956281443277E-5,-9.93956286352555E-5,0.999999990120509),(-9.93956281443277E-5,
-9.93956286352555E-5,0.999999990120509),(-0.000120252935709161,-9.91803804572233E-5,
0.999999987851242),(-9.93956281443277E-5,-9.93956286352555E-5,0.999999990120509)),
$,(1213,1135,873,1021,1023,884,1214,874,1136,1022,1024,885,1216,1137,1215,
1138,881,883,882,878,880,872,876,877,875,879,871,957,979,1072,1073,1049,
1071,997,1074,980,958,1050),((1,2,3),(3,2,4),(5,3,4),(6,3,5),(7,8,9),(9,
8,10),(8,11,10),(12,11,8),(12,8,6),(7,13,1),(1,14,2),(15,14,1),(1,13,15),
(16,7,9),(13,7,16),(14,4,2),(5,4,14),(11,9,10),(16,9,11),(14,6,5),(12,16,
11),(15,6,14),(13,16,12),(15,12,6),(13,12,15),(3,6,17),(6,18,19),(8,20,
21),(8,22,23),(3,24,25),(17,26,3),(6,8,18),(23,20,8),(26,24,3),(21,18,8),
(19,17,6),(25,27,3),(3,27,28),(28,29,3),(1,30,31),(3,32,33),(1,33,30),(3,
34,32),(33,1,3),(8,7,35),(8,36,37),(35,38,8),(38,36,8),(7,31,35),(37,22,
8),(31,7,1),(29,34,3)),());
#1278=COMPLEX_TRIANGULATED_FACE('ConvergentBody',#1333,24,((-1.,0.,0.),
(0.,0.,-1.),(0.,-1.,0.),(0.,-1.,0.),(-1.,0.,0.),(0.,0.,1.),(-1.,0.,0.),
(0.,1.,0.),(0.,0.,-1.),(0.,0.,-1.),(0.,-1.,0.),(1.,0.,0.),(0.,0.,-1.),(0.,
1.,0.),(1.,0.,0.),(-1.,0.,0.),(0.,0.,1.),(0.,1.,0.),(0.,0.,1.),(0.,-1.,
0.),(1.,0.,0.),(1.,0.,0.),(0.,0.,1.),(0.,1.,0.)),$,(1,1,1,2,2,2,3,3,3,5,
5,5,7,7,7,4,4,4,6,6,6,8,8,8),((1,5,7),(11,4,3),(13,2,9),(10,2,13),(7,5,
16),(6,19,17),(20,4,11),(18,14,8),(17,19,23),(24,14,18),(21,12,22),(22,
12,15)),());
#1279=COMPLEX_TRIANGULATED_FACE('ConvergentBody',#1334,24,((-1.,0.,0.),
(0.,0.,-1.),(0.,-1.,0.),(0.,-1.,0.),(-1.,0.,0.),(0.,0.,1.),(-1.,0.,0.),
(0.,1.,0.),(0.,0.,-1.),(0.,0.,-1.),(0.,-1.,0.),(1.,0.,0.),(0.,0.,-1.),(0.,
1.,0.),(1.,0.,0.),(-1.,0.,0.),(0.,0.,1.),(0.,1.,0.),(0.,0.,1.),(0.,-1.,
0.),(1.,0.,0.),(1.,0.,0.),(0.,0.,1.),(0.,1.,0.)),$,(1,1,1,2,2,2,3,3,3,5,
5,5,7,7,7,4,4,4,6,6,6,8,8,8),((1,5,7),(11,4,3),(13,2,9),(10,2,13),(7,5,
16),(6,19,17),(20,4,11),(18,14,8),(17,19,23),(24,14,18),(21,12,22),(22,
12,15)),());
#1280=COMPLEX_TRIANGULATED_FACE('ConvergentBody',#1335,24,((-1.,0.,0.),
(0.,0.,-1.),(0.,-1.,0.),(0.,-1.,0.),(-1.,0.,0.),(0.,0.,1.),(-1.,0.,0.),
(0.,1.,0.),(0.,0.,-1.),(0.,0.,-1.),(0.,-1.,0.),(1.,0.,0.),(0.,0.,-1.),(0.,
1.,0.),(1.,0.,0.),(-1.,0.,0.),(0.,0.,1.),(0.,1.,0.),(0.,0.,1.),(0.,-1.,
0.),(1.,0.,0.),(1.,0.,0.),(0.,0.,1.),(0.,1.,0.)),$,(1,1,1,2,2,2,3,3,3,5,
5,5,7,7,7,4,4,4,6,6,6,8,8,8),((1,5,7),(3,11,4),(13,2,9),(10,2,13),(7,5,
16),(6,19,17),(4,11,20),(8,18,14),(17,19,23),(14,18,24),(21,12,22),(22,
12,15)),());
#1281=COMPLEX_TRIANGULATED_FACE('ConvergentBody',#1336,24,((-1.,0.,0.),
(0.,0.,-1.),(0.,-1.,0.),(0.,-1.,0.),(-1.,0.,0.),(0.,0.,1.),(-1.,0.,0.),
(0.,1.,0.),(0.,0.,-1.),(0.,0.,-1.),(0.,-1.,0.),(1.,0.,0.),(0.,0.,-1.),(0.,
1.,0.),(1.,0.,0.),(-1.,0.,0.),(0.,0.,1.),(0.,1.,0.),(0.,0.,1.),(0.,-1.,
0.),(1.,0.,0.),(1.,0.,0.),(0.,0.,1.),(0.,1.,0.)),$,(1,1,1,2,2,2,3,3,3,5,
5,5,7,7,7,4,4,4,6,6,6,8,8,8),((1,5,7),(3,11,4),(13,2,9),(10,2,13),(7,5,
16),(6,19,17),(4,11,20),(8,18,14),(17,19,23),(14,18,24),(21,12,22),(22,
12,15)),());
#1282=COMPLEX_TRIANGULATED_FACE('ConvergentBody',#1337,24,((-1.,0.,0.),
(0.,0.,-1.),(0.,-1.,0.),(0.,-1.,0.),(-1.,0.,0.),(0.,0.,1.),(-1.,0.,0.),
(0.,1.,0.),(0.,0.,-1.),(0.,0.,-1.),(0.,-1.,0.),(1.,0.,0.),(0.,0.,-1.),(0.,
1.,0.),(1.,0.,0.),(-1.,0.,0.),(0.,0.,1.),(0.,1.,0.),(0.,0.,1.),(0.,-1.,
0.),(1.,0.,0.),(1.,0.,0.),(0.,0.,1.),(0.,1.,0.)),$,(1,1,1,2,2,2,3,3,3,5,
5,5,7,7,7,4,4,4,6,6,6,8,8,8),((1,5,7),(3,11,4),(13,2,9),(10,2,13),(7,5,
16),(6,19,17),(4,11,20),(8,18,14),(17,19,23),(14,18,24),(21,12,22),(22,
12,15)),());
#1283=COMPLEX_TRIANGULATED_FACE('ConvergentBody',#1338,24,((-1.,0.,0.),
(0.,0.,-1.),(0.,-1.,0.),(0.,-1.,0.),(-1.,0.,0.),(0.,0.,1.),(-1.,0.,0.),
(0.,1.,0.),(0.,0.,-1.),(0.,0.,-1.),(0.,-1.,0.),(1.,0.,0.),(0.,0.,-1.),(0.,
1.,0.),(1.,0.,0.),(-1.,0.,0.),(0.,0.,1.),(0.,1.,0.),(0.,0.,1.),(0.,-1.,
0.),(1.,0.,0.),(1.,0.,0.),(0.,0.,1.),(0.,1.,0.)),$,(1,1,1,2,2,2,3,3,3,5,
5,5,7,7,7,4,4,4,6,6,6,8,8,8),((1,5,7),(3,11,4),(13,2,9),(10,2,13),(7,5,
16),(6,19,17),(4,11,20),(8,18,14),(17,19,23),(14,18,24),(21,12,22),(22,
12,15)),());
#1284=COMPLEX_TRIANGULATED_FACE('ConvergentBody',#1339,24,((-1.,0.,0.),
(0.,0.,-1.),(0.,-1.,0.),(0.,-1.,0.),(-1.,0.,0.),(0.,0.,1.),(-1.,0.,0.),
(0.,1.,0.),(0.,0.,-1.),(0.,0.,-1.),(0.,-1.,0.),(1.,0.,0.),(0.,0.,-1.),(0.,
1.,0.),(1.,0.,0.),(-1.,0.,0.),(0.,0.,1.),(0.,1.,0.),(0.,0.,1.),(0.,-1.,
0.),(1.,0.,0.),(1.,0.,0.),(0.,0.,1.),(0.,1.,0.)),$,(1,1,1,2,2,2,3,3,3,5,
5,5,7,7,7,4,4,4,6,6,6,8,8,8),((1,5,7),(3,11,4),(13,2,9),(10,2,13),(7,5,
16),(6,19,17),(4,11,20),(8,18,14),(17,19,23),(14,18,24),(21,12,22),(22,
12,15)),());
#1285=COMPLEX_TRIANGULATED_FACE('ConvergentBody',#1340,24,((-1.,0.,0.),
(0.,0.,-1.),(0.,-1.,0.),(0.,-1.,0.),(-1.,0.,0.),(0.,0.,1.),(-1.,0.,0.),
(0.,1.,0.),(0.,0.,-1.),(0.,0.,-1.),(0.,-1.,0.),(1.,0.,0.),(0.,0.,-1.),(0.,
1.,0.),(1.,0.,0.),(-1.,0.,0.),(0.,0.,1.),(0.,1.,0.),(0.,0.,1.),(0.,-1.,
0.),(1.,0.,0.),(1.,0.,0.),(0.,0.,1.),(0.,1.,0.)),$,(1,1,1,2,2,2,3,3,3,5,
5,5,7,7,7,4,4,4,6,6,6,8,8,8),((1,5,7),(11,4,3),(13,2,9),(10,2,13),(7,5,
16),(6,19,17),(20,4,11),(18,14,8),(17,19,23),(24,14,18),(21,12,22),(22,
12,15)),());
#1286=COMPLEX_TRIANGULATED_FACE('ConvergentBody',#1341,24,((-1.,0.,0.),
(0.,0.,-1.),(0.,-1.,0.),(0.,-1.,0.),(-1.,0.,0.),(0.,0.,1.),(-1.,0.,0.),
(0.,1.,0.),(0.,0.,-1.),(0.,0.,-1.),(0.,-1.,0.),(1.,0.,0.),(0.,0.,-1.),(0.,
1.,0.),(1.,0.,0.),(-1.,0.,0.),(0.,0.,1.),(0.,1.,0.),(0.,0.,1.),(0.,-1.,
0.),(1.,0.,0.),(1.,0.,0.),(0.,0.,1.),(0.,1.,0.)),$,(1,1,1,2,2,2,3,3,3,5,
5,5,7,7,7,4,4,4,6,6,6,8,8,8),((1,5,7),(3,11,4),(13,2,9),(10,2,13),(7,5,
16),(6,19,17),(4,11,20),(8,18,14),(17,19,23),(14,18,24),(21,12,22),(22,
12,15)),());
#1287=COMPLEX_TRIANGULATED_FACE('ConvergentBody',#1342,24,((-1.,0.,0.),
(0.,0.,-1.),(0.,-1.,0.),(0.,-1.,0.),(-1.,0.,0.),(0.,0.,1.),(-1.,0.,0.),
(0.,1.,0.),(0.,0.,-1.),(0.,0.,-1.),(0.,-1.,0.),(1.,0.,0.),(0.,0.,-1.),(0.,
1.,0.),(1.,0.,0.),(-1.,0.,0.),(0.,0.,1.),(0.,1.,0.),(0.,0.,1.),(0.,-1.,
0.),(1.,0.,0.),(1.,0.,0.),(0.,0.,1.),(0.,1.,0.)),$,(1,1,1,2,2,2,3,3,3,5,
5,5,7,7,7,4,4,4,6,6,6,8,8,8),((1,5,7),(3,11,4),(13,2,9),(10,2,13),(7,5,
16),(6,19,17),(4,11,20),(8,18,14),(17,19,23),(14,18,24),(21,12,22),(22,
12,15)),());
#1288=COMPLEX_TRIANGULATED_FACE('ConvergentBody',#1343,24,((-1.,0.,0.),
(0.,0.,-1.),(0.,-1.,0.),(0.,-1.,0.),(-1.,0.,0.),(0.,0.,1.),(-1.,0.,0.),
(0.,1.,0.),(0.,0.,-1.),(0.,0.,-1.),(0.,-1.,0.),(1.,0.,0.),(0.,0.,-1.),(0.,
1.,0.),(1.,0.,0.),(-1.,0.,0.),(0.,0.,1.),(0.,1.,0.),(0.,0.,1.),(0.,-1.,
0.),(1.,0.,0.),(1.,0.,0.),(0.,0.,1.),(0.,1.,0.)),$,(1,1,1,2,2,2,3,3,3,5,
5,5,7,7,7,4,4,4,6,6,6,8,8,8),((1,5,7),(3,11,4),(13,2,9),(10,2,13),(7,5,
16),(6,19,17),(4,11,20),(8,18,14),(17,19,23),(14,18,24),(21,12,22),(22,
12,15)),());
#1289=COMPLEX_TRIANGULATED_FACE('ConvergentBody',#1344,24,((-1.,0.,0.),
(0.,0.,-1.),(0.,-1.,0.),(0.,-1.,0.),(-1.,0.,0.),(0.,0.,1.),(-1.,0.,0.),
(0.,1.,0.),(0.,0.,-1.),(0.,0.,-1.),(0.,-1.,0.),(1.,0.,0.),(0.,0.,-1.),(0.,
1.,0.),(1.,0.,0.),(-1.,0.,0.),(0.,0.,1.),(0.,1.,0.),(0.,0.,1.),(0.,-1.,
0.),(1.,0.,0.),(1.,0.,0.),(0.,0.,1.),(0.,1.,0.)),$,(1,1,1,2,2,2,3,3,3,5,
5,5,7,7,7,4,4,4,6,6,6,8,8,8),((1,5,7),(11,4,3),(13,2,9),(10,2,13),(7,5,
16),(6,19,17),(20,4,11),(18,14,8),(17,19,23),(24,14,18),(21,12,22),(22,
12,15)),());
#1290=COMPLEX_TRIANGULATED_FACE('ConvergentBody',#1345,24,((-1.,0.,0.),
(0.,0.,-1.),(0.,-1.,0.),(0.,-1.,0.),(-1.,0.,0.),(0.,0.,1.),(-1.,0.,0.),
(0.,1.,0.),(0.,0.,-1.),(0.,0.,-1.),(0.,-1.,0.),(1.,0.,0.),(0.,0.,-1.),(0.,
1.,0.),(1.,0.,0.),(-1.,0.,0.),(0.,0.,1.),(0.,1.,0.),(0.,0.,1.),(0.,-1.,
0.),(1.,0.,0.),(1.,0.,0.),(0.,0.,1.),(0.,1.,0.)),$,(1,1,1,2,2,2,3,3,3,5,
5,5,7,7,7,4,4,4,6,6,6,8,8,8),((1,5,7),(11,4,3),(13,2,9),(10,2,13),(7,5,
16),(6,19,17),(20,4,11),(18,14,8),(17,19,23),(24,14,18),(21,12,22),(22,
12,15)),());
#1291=COMPLEX_TRIANGULATED_FACE('ConvergentBody',#1346,24,((-1.,0.,0.),
(0.,0.,-1.),(0.,-1.,0.),(0.,-1.,0.),(-1.,0.,0.),(0.,0.,1.),(-1.,0.,0.),
(0.,1.,0.),(0.,0.,-1.),(0.,0.,-1.),(0.,-1.,0.),(1.,0.,0.),(0.,0.,-1.),(0.,
1.,0.),(1.,0.,0.),(-1.,0.,0.),(0.,0.,1.),(0.,1.,0.),(0.,0.,1.),(0.,-1.,
0.),(1.,0.,0.),(1.,0.,0.),(0.,0.,1.),(0.,1.,0.)),$,(1,1,1,2,2,2,3,3,3,5,
5,5,7,7,7,4,4,4,6,6,6,8,8,8),((1,5,7),(11,4,3),(13,2,9),(10,2,13),(7,5,
16),(6,19,17),(20,4,11),(18,14,8),(17,19,23),(24,14,18),(21,12,22),(22,
12,15)),());
#1292=COMPLEX_TRIANGULATED_FACE('ConvergentBody',#1347,24,((-1.,0.,0.),
(0.,0.,-1.),(0.,-1.,0.),(0.,-1.,0.),(-1.,0.,0.),(0.,0.,1.),(-1.,0.,0.),
(0.,1.,0.),(0.,0.,-1.),(0.,0.,-1.),(0.,-1.,0.),(1.,0.,0.),(0.,0.,-1.),(0.,
1.,0.),(1.,0.,0.),(-1.,0.,0.),(0.,0.,1.),(0.,1.,0.),(0.,0.,1.),(0.,-1.,
0.),(1.,0.,0.),(1.,0.,0.),(0.,0.,1.),(0.,1.,0.)),$,(1,1,1,2,2,2,3,3,3,5,
5,5,7,7,7,4,4,4,6,6,6,8,8,8),((1,5,7),(11,4,3),(13,2,9),(10,2,13),(7,5,
16),(6,19,17),(20,4,11),(18,14,8),(17,19,23),(24,14,18),(21,12,22),(22,
12,15)),());
#1293=COMPLEX_TRIANGULATED_FACE('ConvergentBody',#1348,24,((-1.,0.,0.),
(0.,0.,-1.),(0.,-1.,0.),(0.,-1.,0.),(-1.,0.,0.),(0.,0.,1.),(-1.,0.,0.),
(0.,1.,0.),(0.,0.,-1.),(0.,0.,-1.),(0.,-1.,0.),(1.,0.,0.),(0.,0.,-1.),(0.,
1.,0.),(1.,0.,0.),(-1.,0.,0.),(0.,0.,1.),(0.,1.,0.),(0.,0.,1.),(0.,-1.,
0.),(1.,0.,0.),(1.,0.,0.),(0.,0.,1.),(0.,1.,0.)),$,(1,1,1,2,2,2,3,3,3,5,
5,5,7,7,7,4,4,4,6,6,6,8,8,8),((1,5,7),(11,4,3),(13,2,9),(10,2,13),(7,5,
16),(6,19,17),(20,4,11),(18,14,8),(17,19,23),(24,14,18),(21,12,22),(22,
12,15)),());
#1294=COMPLEX_TRIANGULATED_FACE('ConvergentBody',#1349,24,((-1.,0.,0.),
(0.,0.,-1.),(0.,-1.,0.),(0.,-1.,0.),(-1.,0.,0.),(0.,0.,1.),(-1.,0.,0.),
(0.,1.,0.),(0.,0.,-1.),(0.,0.,-1.),(0.,-1.,0.),(1.,0.,0.),(0.,0.,-1.),(0.,
1.,0.),(1.,0.,0.),(-1.,0.,0.),(0.,0.,1.),(0.,1.,0.),(0.,0.,1.),(0.,-1.,
0.),(1.,0.,0.),(1.,0.,0.),(0.,0.,1.),(0.,1.,0.)),$,(1,1,1,2,2,2,3,3,3,5,
5,5,7,7,7,4,4,4,6,6,6,8,8,8),((1,5,7),(11,4,3),(13,2,9),(10,2,13),(7,5,
16),(6,19,17),(20,4,11),(18,14,8),(17,19,23),(24,14,18),(21,12,22),(22,
12,15)),());
#1295=COMPLEX_TRIANGULATED_FACE('ConvergentBody',#1350,24,((-1.,0.,0.),
(0.,0.,-1.),(0.,-1.,0.),(0.,-1.,0.),(-1.,0.,0.),(0.,0.,1.),(-1.,0.,0.),
(0.,1.,0.),(0.,0.,-1.),(0.,0.,-1.),(0.,-1.,0.),(1.,0.,0.),(0.,0.,-1.),(0.,
1.,0.),(1.,0.,0.),(-1.,0.,0.),(0.,0.,1.),(0.,1.,0.),(0.,0.,1.),(0.,-1.,
0.),(1.,0.,0.),(1.,0.,0.),(0.,0.,1.),(0.,1.,0.)),$,(1,1,1,2,2,2,3,3,3,5,
5,5,7,7,7,4,4,4,6,6,6,8,8,8),((1,5,7),(11,4,3),(13,2,9),(10,2,13),(7,5,
16),(6,19,17),(20,4,11),(18,14,8),(17,19,23),(24,14,18),(21,12,22),(22,
12,15)),());
#1296=COMPLEX_TRIANGULATED_FACE('ConvergentBody',#1351,24,((-1.,0.,0.),
(0.,0.,-1.),(0.,-1.,0.),(0.,-1.,0.),(-1.,0.,0.),(0.,0.,1.),(-1.,0.,0.),
(0.,1.,0.),(0.,0.,-1.),(0.,0.,-1.),(0.,-1.,0.),(1.,0.,0.),(0.,0.,-1.),(0.,
1.,0.),(1.,0.,0.),(-1.,0.,0.),(0.,0.,1.),(0.,1.,0.),(0.,0.,1.),(0.,-1.,
0.),(1.,0.,0.),(1.,0.,0.),(0.,0.,1.),(0.,1.,0.)),$,(1,1,1,2,2,2,3,3,3,5,
5,5,7,7,7,4,4,4,6,6,6,8,8,8),((1,5,7),(11,4,3),(13,2,9),(10,2,13),(7,5,
16),(6,19,17),(20,4,11),(18,14,8),(17,19,23),(24,14,18),(21,12,22),(22,
12,15)),());
#1297=COMPLEX_TRIANGULATED_FACE('ConvergentBody',#1352,24,((-1.,0.,0.),
(0.,0.,-1.),(0.,-1.,0.),(0.,-1.,0.),(-1.,0.,0.),(0.,0.,1.),(-1.,0.,0.),
(0.,1.,0.),(0.,0.,-1.),(0.,0.,-1.),(0.,-1.,0.),(1.,0.,0.),(0.,0.,-1.),(0.,
1.,0.),(1.,0.,0.),(-1.,0.,0.),(0.,0.,1.),(0.,1.,0.),(0.,0.,1.),(0.,-1.,
0.),(1.,0.,0.),(1.,0.,0.),(0.,0.,1.),(0.,1.,0.)),$,(1,1,1,2,2,2,3,3,3,5,
5,5,7,7,7,4,4,4,6,6,6,8,8,8),((1,5,7),(11,4,3),(13,2,9),(10,2,13),(7,5,
16),(6,19,17),(20,4,11),(18,14,8),(17,19,23),(24,14,18),(21,12,22),(22,
12,15)),());
#1298=COMPLEX_TRIANGULATED_FACE('ConvergentBody',#1353,108,((-1.,0.,0.),
(0.,-1.,0.),(0.,0.,1.),(-0.999709319106005,0.0241096929181509,0.),(0.00166558713917388,
0.0252000677093153,-0.99968104033583),(-1.,0.,0.),(0.,0.,-1.),(0.,-1.,0.),
(0.,0.,-1.),(0.,-1.,0.),(1.,0.,0.),(0.,0.024139965290317,-0.999708588577583),
(0.999684074377446,0.0250975339484339,0.00136573270300538),(-0.999687209254688,
0.0249721811279482,-0.00136887628621254),(0.,0.0241420485791556,0.999708538270231),
(0.,0.,1.),(0.,-1.,0.),(1.,0.,0.),(-0.995485461306989,0.0949139900922557,
0.000175531131849911),(0.00212663338837858,0.0937517759155368,-0.995593331608401),
(-0.000470497251681866,0.230767059364251,-0.973008912058216),(-0.000217755249399073,
0.0949978506982476,-0.995477453760438),(0.995567423511528,0.0940347426780814,
0.00172406846882319),(-0.972993932533036,0.230830363996913,0.000387699560820406),
(-0.0016654443755584,0.0251976444977723,0.999681101655321),(0.999706240015562,
0.0242370310464609,0.),(0.00021777369575778,0.0950017485268232,0.995477081781124),
(-0.995580580074138,0.0938952806878083,-0.00172767004994342),(1.13097620418488E-6,
0.208536498558149,-0.97801458515087),(-0.978007586636462,0.20856931816839,
0.),(-0.978007586704847,0.208569317847723,0.),(1.13097620580161E-6,0.208536498558121,
0.978014585150876),(0.000470496283512319,0.230767094382582,0.973008903753438),
(-0.000718373524476417,0.360663819589038,-0.932695605853767),(-0.932706601061787,
0.360635617328635,-0.000589787896214614),(-0.932706601004548,0.360635617475457,
0.000589788639548744),(-0.000718373524475881,0.360663819589045,0.932695605853764),
(-0.00104106434060198,0.528417341745409,-0.848984115945495),(-0.849040194428837,
0.528327573940599,-0.000850210728678028),(0.,0.433811713339458,-0.901003550142553),
(-0.900992382887294,0.433834906363096,0.),(-0.849040194144907,0.528327574395128,
0.000850211820272378),(-0.0010410643406015,0.528417341745373,0.848984115945518),
(0.,0.433811713339452,0.901003550142556),(-0.781862498830937,0.623450906585148,
0.),(-0.733979032859009,0.679171415907013,-0.000983431856674335),(-0.00120979116982131,
0.679265461217166,-0.733891660671217),(0.,0.623445429777635,-0.78186686596209),
(-0.733979032234457,0.679171416580087,0.000983433153559462),(-0.00120979116982018,
0.679265461217121,0.733891660671258),(0.,0.623445429777599,0.781866865962118),
(-0.623470121129166,0.781847176920901,0.),(-0.591123631945185,0.806580380175146,
-0.000970604167469456),(-0.00120605785577105,0.806733703298267,-0.590913933993024),
(0.,0.781837576577421,-0.623482160010649),(-0.591123630983055,0.806580380878674,
0.000970605492529094),(-0.00120605785577332,0.806733703298312,0.590913933992963),
(0.,0.781837576577412,0.62348216001066),(-0.433848155631121,0.900986003140712,
0.),(-0.425014735304451,0.905186084745719,-0.000791679735665401),(-0.000993100610638055,
0.905277066486621,-0.424820487552748),(0.,0.901000220583068,-0.433818628587181),
(-0.425014734188453,0.905186085268731,0.000791680862969811),(-0.00099310061063785,
0.905277066486617,0.424820487552756),(0.,0.901000220583083,0.433818628587151),
(-0.227256032788808,0.973835002611136,-0.000288531560589495),(0.000366281442946913,
0.973871153643941,-0.227100950984633),(-0.123087351335501,0.984757735436124,
-0.122889000483881),(-0.000366281442947313,0.973871153643938,0.227100950984647),
(-0.12299301036542,0.984761818779532,0.122950720515498),(0.000993100610637943,
0.905277066486623,-0.424820487552745),(0.425014735304428,0.90518608474573,
-0.000791679735638261),(0.00120605767707184,0.806732927323859,-0.59091499337583),
(0.591073328111437,0.806617242454732,-0.000972095671148087),(0.433821480751214,
0.900998847301607,0.),(0.122993010826973,0.984761818761309,-0.122950720199742),
(0.227256018358667,0.973835005978919,0.000288530422094056),(0.00120605767707411,
0.806732927323903,0.590914993375769),(0.591073327147285,0.806617243159644,
0.000972096998323024),(0.000993100610637739,0.905277066486619,0.424820487552753),
(0.42501473418843,0.905186085268742,0.000791680862942671),(0.12308735083538,
0.984757735477435,0.122889000653772),(0.00120978416745556,0.679264029575369,
-0.733892985759709),(0.734010282563759,0.679137643837692,-0.000982757985878211),
(0.623476936012357,0.781841742464959,0.),(0.00120978416745443,0.679264029575325,
0.73389298575975),(0.734010281940692,0.679137644509226,0.000982759281835941),
(0.00104106975879192,0.528420720306325,-0.848982013074896),(0.849058511394716,
0.52829813778256,-0.000849613833977663),(0.781887917436529,0.623419028075634,
0.),(0.00104106975879143,0.528420720306288,0.848982013074918),(0.849058511110639,
0.528298138237363,0.000849614924775626),(0.000718373524476353,0.360663819589038,
-0.932695605853767),(0.932706601061788,0.360635617328633,-0.000589787896217922),
(0.900992382887336,0.433834906363008,0.),(0.000718373524475816,0.360663819589045,
0.932695605853764),(0.932706601004548,0.360635617475456,0.000589788639552052),
(-1.13097620425363E-6,0.208536498558139,-0.978014585150872),(0.978007586636406,
0.208569318168652,0.),(0.972985615903704,0.230865418855252,-0.000386809097855483),
(0.978007586704791,0.208569317847985,0.),(-1.13097620587033E-6,0.208536498558112,
0.978014585150878),(0.99547237955953,0.0950510953688575,-0.000175508597520919),
(-0.00212676960630608,0.0937474723871218,0.99559373655727),(-0.0372091069926017,
0.998639628163377,-0.0365291037191478),(0.0364576489098421,0.998638066871566,
-0.0373209221615388),(-0.0364576489098524,0.998638066871566,0.0373209221615362),
(0.0372091076150548,0.998639628155206,0.0365291033084943)),$,(2,2,2,3,3,
1,1,1,65,65,65,67,67,4,4,66,66,66,5,5,29,63,63,9,68,68,6,6,7,7,8,8,30,10,
10,11,11,13,13,31,12,14,14,32,15,16,16,33,17,17,34,18,19,19,35,20,20,36,
21,22,22,37,23,23,38,24,39,25,40,26,46,46,49,49,48,43,45,50,50,47,47,44,
52,52,51,53,53,55,55,54,56,56,58,58,57,59,59,61,61,60,62,62,64,64,27,41,
28,42),((1,4,6),(10,2,8),(5,12,7),(7,12,9),(14,4,1),(16,15,3),(17,2,10),
(14,19,4),(20,21,5),(5,22,12),(5,21,22),(14,24,19),(15,25,27),(28,24,14),
(25,15,16),(29,21,20),(24,30,19),(31,24,28),(27,33,32),(27,25,33),(34,21,
29),(24,35,30),(36,24,31),(32,33,37),(38,40,34),(41,39,35),(34,40,21),(41,
35,24),(42,41,36),(37,44,43),(36,41,24),(37,33,44),(45,46,39),(47,48,38),
(38,48,40),(45,39,41),(49,45,42),(43,51,50),(42,45,41),(43,44,51),(52,53,
46),(54,55,47),(52,46,45),(47,55,48),(56,52,49),(50,58,57),(49,52,45),(50,
51,58),(59,60,53),(61,62,54),(59,53,52),(54,62,55),(63,59,56),(57,65,64),
(56,59,52),(57,58,65),(66,60,59),(61,67,62),(66,68,60),(68,67,61),(63,66,
59),(64,65,69),(70,66,63),(64,69,70),(62,71,73),(72,75,74),(67,71,62),(67,
76,71),(76,77,72),(72,77,75),(65,78,80),(75,81,79),(65,80,69),(69,80,82),
(77,82,81),(77,81,75),(55,73,83),(74,85,84),(62,73,55),(74,75,85),(58,86,
78),(85,79,87),(58,78,65),(75,79,85),(48,83,88),(84,90,89),(55,83,48),(84,
85,90),(51,91,86),(90,87,92),(51,86,58),(85,87,90),(40,88,93),(89,95,94),
(48,88,40),(89,90,95),(44,96,91),(95,92,97),(44,91,51),(90,92,95),(21,93,
98),(94,100,99),(40,93,21),(94,95,100),(100,97,101),(33,102,96),(95,97,
100),(33,96,44),(21,98,22),(99,100,23),(100,101,103),(33,104,102),(23,100,
13),(13,103,26),(13,100,103),(25,104,33),(11,26,18),(13,26,11),(105,68,
66),(70,105,66),(68,106,67),(106,76,67),(105,106,68),(70,69,107),(107,69,
82),(107,105,70),(105,107,106),(106,108,76),(106,107,108),(76,108,77),(107,
82,108),(108,82,77)),());
#1299=COMPLEX_TRIANGULATED_FACE('ConvergentBody',#1354,24,((-1.,0.,0.),
(0.,0.,-1.),(0.,-1.,0.),(0.,-1.,0.),(-1.,0.,0.),(0.,0.,1.),(-1.,0.,0.),
(0.,1.,0.),(0.,0.,-1.),(0.,0.,-1.),(0.,-1.,0.),(1.,0.,0.),(0.,0.,-1.),(0.,
1.,0.),(1.,0.,0.),(-1.,0.,0.),(0.,0.,1.),(0.,1.,0.),(0.,0.,1.),(0.,-1.,
0.),(1.,0.,0.),(1.,0.,0.),(0.,0.,1.),(0.,1.,0.)),$,(1,1,1,2,2,2,3,3,3,5,
5,5,7,7,7,4,4,4,6,6,6,8,8,8),((1,5,7),(3,11,4),(13,2,9),(10,2,13),(7,5,
16),(6,19,17),(4,11,20),(8,18,14),(17,19,23),(14,18,24),(21,12,22),(22,
12,15)),());
#1300=COMPLEX_TRIANGULATED_FACE('ConvergentBody',#1355,24,((-1.,0.,0.),
(0.,0.,-1.),(0.,-1.,0.),(0.,-1.,0.),(-1.,0.,0.),(0.,0.,1.),(-1.,0.,0.),
(0.,1.,0.),(0.,0.,-1.),(0.,0.,-1.),(0.,-1.,0.),(1.,0.,0.),(0.,0.,-1.),(0.,
1.,0.),(1.,0.,0.),(-1.,0.,0.),(0.,0.,1.),(0.,1.,0.),(0.,0.,1.),(0.,-1.,
0.),(1.,0.,0.),(1.,0.,0.),(0.,0.,1.),(0.,1.,0.)),$,(1,1,1,2,2,2,3,3,3,5,
5,5,7,7,7,4,4,4,6,6,6,8,8,8),((1,5,7),(3,11,4),(13,2,9),(10,2,13),(7,5,
16),(6,19,17),(4,11,20),(8,18,14),(17,19,23),(14,18,24),(21,12,22),(22,
12,15)),());
#1301=COMPLEX_TRIANGULATED_FACE('ConvergentBody',#1356,24,((-1.,0.,0.),
(0.,0.,-1.),(0.,-1.,0.),(0.,-1.,0.),(-1.,0.,0.),(0.,0.,1.),(-1.,0.,0.),
(0.,1.,0.),(0.,0.,-1.),(0.,0.,-1.),(0.,-1.,0.),(1.,0.,0.),(0.,0.,-1.),(0.,
1.,0.),(1.,0.,0.),(-1.,0.,0.),(0.,0.,1.),(0.,1.,0.),(0.,0.,1.),(0.,-1.,
0.),(1.,0.,0.),(1.,0.,0.),(0.,0.,1.),(0.,1.,0.)),$,(1,1,1,2,2,2,3,3,3,5,
5,5,7,7,7,4,4,4,6,6,6,8,8,8),((1,5,7),(3,11,4),(13,2,9),(10,2,13),(7,5,
16),(6,19,17),(4,11,20),(8,18,14),(17,19,23),(14,18,24),(21,12,22),(22,
12,15)),());
#1302=COMPLEX_TRIANGULATED_FACE('ConvergentBody',#1357,24,((-1.,0.,0.),
(0.,0.,-1.),(0.,-1.,0.),(0.,-1.,0.),(-1.,0.,0.),(0.,0.,1.),(-1.,0.,0.),
(0.,1.,0.),(0.,0.,-1.),(0.,0.,-1.),(0.,-1.,0.),(1.,0.,0.),(0.,0.,-1.),(0.,
1.,0.),(1.,0.,0.),(-1.,0.,0.),(0.,0.,1.),(0.,1.,0.),(0.,0.,1.),(0.,-1.,
0.),(1.,0.,0.),(1.,0.,0.),(0.,0.,1.),(0.,1.,0.)),$,(1,1,1,2,2,2,3,3,3,5,
5,5,7,7,7,4,4,4,6,6,6,8,8,8),((1,5,7),(3,11,4),(13,2,9),(10,2,13),(7,5,
16),(6,19,17),(4,11,20),(8,18,14),(17,19,23),(14,18,24),(21,12,22),(22,
12,15)),());
#1303=COMPLEX_TRIANGULATED_FACE('ConvergentBody',#1358,24,((-1.,0.,0.),
(0.,0.,-1.),(0.,-1.,0.),(0.,-1.,0.),(-1.,0.,0.),(0.,0.,1.),(-1.,0.,0.),
(0.,1.,0.),(0.,0.,-1.),(0.,0.,-1.),(0.,-1.,0.),(1.,0.,0.),(0.,0.,-1.),(0.,
1.,0.),(1.,0.,0.),(-1.,0.,0.),(0.,0.,1.),(0.,1.,0.),(0.,0.,1.),(0.,-1.,
0.),(1.,0.,0.),(1.,0.,0.),(0.,0.,1.),(0.,1.,0.)),$,(1,1,1,2,2,2,3,3,3,5,
5,5,7,7,7,4,4,4,6,6,6,8,8,8),((1,5,7),(3,11,4),(13,2,9),(10,2,13),(7,5,
16),(6,19,17),(4,11,20),(8,18,14),(17,19,23),(14,18,24),(21,12,22),(22,
12,15)),());
#1304=COMPLEX_TRIANGULATED_FACE('ConvergentBody',#1359,24,((-1.,0.,0.),
(0.,0.,-1.),(0.,-1.,0.),(0.,-1.,0.),(-1.,0.,0.),(0.,0.,1.),(-1.,0.,0.),
(0.,1.,0.),(0.,0.,-1.),(0.,0.,-1.),(0.,-1.,0.),(1.,0.,0.),(0.,0.,-1.),(0.,
1.,0.),(1.,0.,0.),(-1.,0.,0.),(0.,0.,1.),(0.,1.,0.),(0.,0.,1.),(0.,-1.,
0.),(1.,0.,0.),(1.,0.,0.),(0.,0.,1.),(0.,1.,0.)),$,(1,1,1,2,2,2,3,3,3,5,
5,5,7,7,7,4,4,4,6,6,6,8,8,8),((1,5,7),(11,4,3),(13,2,9),(10,2,13),(7,5,
16),(6,19,17),(20,4,11),(18,14,8),(17,19,23),(24,14,18),(21,12,22),(22,
12,15)),());
#1305=COMPLEX_TRIANGULATED_FACE('ConvergentBody',#1360,24,((-1.,0.,0.),
(0.,0.,-1.),(0.,-1.,0.),(0.,-1.,0.),(-1.,0.,0.),(0.,0.,1.),(-1.,0.,0.),
(0.,1.,0.),(0.,0.,-1.),(0.,0.,-1.),(0.,-1.,0.),(1.,0.,0.),(0.,0.,-1.),(0.,
1.,0.),(1.,0.,0.),(-1.,0.,0.),(0.,0.,1.),(0.,1.,0.),(0.,0.,1.),(0.,-1.,
0.),(1.,0.,0.),(1.,0.,0.),(0.,0.,1.),(0.,1.,0.)),$,(1,1,1,2,2,2,3,3,3,5,
5,5,7,7,7,4,4,4,6,6,6,8,8,8),((1,5,7),(11,4,3),(13,2,9),(10,2,13),(7,5,
16),(6,19,17),(20,4,11),(18,14,8),(17,19,23),(24,14,18),(21,12,22),(22,
12,15)),());
#1306=COMPLEX_TRIANGULATED_FACE('ConvergentBody',#1361,24,((-1.,0.,0.),
(0.,0.,-1.),(0.,-1.,0.),(0.,-1.,0.),(-1.,0.,0.),(0.,0.,1.),(-1.,0.,0.),
(0.,1.,0.),(0.,0.,-1.),(0.,0.,-1.),(0.,-1.,0.),(1.,0.,0.),(0.,0.,-1.),(0.,
1.,0.),(1.,0.,0.),(-1.,0.,0.),(0.,0.,1.),(0.,1.,0.),(0.,0.,1.),(0.,-1.,
0.),(1.,0.,0.),(1.,0.,0.),(0.,0.,1.),(0.,1.,0.)),$,(1,1,1,2,2,2,3,3,3,5,
5,5,7,7,7,4,4,4,6,6,6,8,8,8),((1,5,7),(11,4,3),(13,2,9),(10,2,13),(7,5,
16),(6,19,17),(20,4,11),(18,14,8),(17,19,23),(24,14,18),(21,12,22),(22,
12,15)),());
#1307=COMPLEX_TRIANGULATED_FACE('ConvergentBody',#1362,24,((-1.,0.,0.),
(0.,0.,-1.),(0.,-1.,0.),(0.,-1.,0.),(-1.,0.,0.),(0.,0.,1.),(-1.,0.,0.),
(0.,1.,0.),(0.,0.,-1.),(0.,0.,-1.),(0.,-1.,0.),(1.,0.,0.),(0.,0.,-1.),(0.,
1.,0.),(1.,0.,0.),(-1.,0.,0.),(0.,0.,1.),(0.,1.,0.),(0.,0.,1.),(0.,-1.,
0.),(1.,0.,0.),(1.,0.,0.),(0.,0.,1.),(0.,1.,0.)),$,(1,1,1,2,2,2,3,3,3,5,
5,5,7,7,7,4,4,4,6,6,6,8,8,8),((1,5,7),(11,4,3),(13,2,9),(10,2,13),(7,5,
16),(6,19,17),(20,4,11),(18,14,8),(17,19,23),(24,14,18),(21,12,22),(22,
12,15)),());
#1308=COMPLEX_TRIANGULATED_FACE('ConvergentBody',#1363,24,((-1.,0.,0.),
(0.,0.,-1.),(0.,-1.,0.),(0.,-1.,0.),(-1.,0.,0.),(0.,0.,1.),(-1.,0.,0.),
(0.,1.,0.),(0.,0.,-1.),(0.,0.,-1.),(0.,-1.,0.),(1.,0.,0.),(0.,0.,-1.),(0.,
1.,0.),(1.,0.,0.),(-1.,0.,0.),(0.,0.,1.),(0.,1.,0.),(0.,0.,1.),(0.,-1.,
0.),(1.,0.,0.),(1.,0.,0.),(0.,0.,1.),(0.,1.,0.)),$,(1,1,1,2,2,2,3,3,3,5,
5,5,7,7,7,4,4,4,6,6,6,8,8,8),((1,5,7),(11,4,3),(13,2,9),(10,2,13),(7,5,
16),(6,19,17),(20,4,11),(18,14,8),(17,19,23),(24,14,18),(21,12,22),(22,
12,15)),());
#1309=COMPLEX_TRIANGULATED_FACE('ConvergentBody',#1364,24,((-1.,0.,0.),
(0.,0.,-1.),(0.,-1.,0.),(0.,-1.,0.),(-1.,0.,0.),(0.,0.,1.),(-1.,0.,0.),
(0.,1.,0.),(0.,0.,-1.),(0.,0.,-1.),(0.,-1.,0.),(1.,0.,0.),(0.,0.,-1.),(0.,
1.,0.),(1.,0.,0.),(-1.,0.,0.),(0.,0.,1.),(0.,1.,0.),(0.,0.,1.),(0.,-1.,
0.),(1.,0.,0.),(1.,0.,0.),(0.,0.,1.),(0.,1.,0.)),$,(1,1,1,2,2,2,3,3,3,5,
5,5,7,7,7,4,4,4,6,6,6,8,8,8),((1,5,7),(11,4,3),(13,2,9),(10,2,13),(7,5,
16),(6,19,17),(20,4,11),(18,14,8),(17,19,23),(24,14,18),(21,12,22),(22,
12,15)),());
#1310=COMPLEX_TRIANGULATED_FACE('ConvergentBody',#1365,24,((-1.,0.,0.),
(0.,0.,-1.),(0.,-1.,0.),(0.,-1.,0.),(-1.,0.,0.),(0.,0.,1.),(-1.,0.,0.),
(0.,1.,0.),(0.,0.,-1.),(0.,0.,-1.),(0.,-1.,0.),(1.,0.,0.),(0.,0.,-1.),(0.,
1.,0.),(1.,0.,0.),(-1.,0.,0.),(0.,0.,1.),(0.,1.,0.),(0.,0.,1.),(0.,-1.,
0.),(1.,0.,0.),(1.,0.,0.),(0.,0.,1.),(0.,1.,0.)),$,(1,1,1,2,2,2,3,3,3,5,
5,5,7,7,7,4,4,4,6,6,6,8,8,8),((1,5,7),(11,4,3),(13,2,9),(10,2,13),(7,5,
16),(6,19,17),(20,4,11),(18,14,8),(17,19,23),(24,14,18),(21,12,22),(22,
12,15)),());
#1311=COMPLEX_TRIANGULATED_FACE('ConvergentBody',#1366,24,((-1.,0.,0.),
(0.,0.,-1.),(0.,-1.,0.),(0.,-1.,0.),(-1.,0.,0.),(0.,0.,1.),(-1.,0.,0.),
(0.,1.,0.),(0.,0.,-1.),(0.,0.,-1.),(0.,-1.,0.),(1.,0.,0.),(0.,0.,-1.),(0.,
1.,0.),(1.,0.,0.),(-1.,0.,0.),(0.,0.,1.),(0.,1.,0.),(0.,0.,1.),(0.,-1.,
0.),(1.,0.,0.),(1.,0.,0.),(0.,0.,1.),(0.,1.,0.)),$,(1,1,1,2,2,2,3,3,3,5,
5,5,7,7,7,4,4,4,6,6,6,8,8,8),((1,5,7),(11,4,3),(13,2,9),(10,2,13),(7,5,
16),(6,19,17),(20,4,11),(18,14,8),(17,19,23),(24,14,18),(21,12,22),(22,
12,15)),());
#1312=COMPLEX_TRIANGULATED_FACE('ConvergentBody',#1367,24,((-1.,0.,0.),
(0.,0.,-1.),(0.,-1.,0.),(0.,-1.,0.),(-1.,0.,0.),(0.,0.,1.),(-1.,0.,0.),
(0.,1.,0.),(0.,0.,-1.),(0.,0.,-1.),(0.,-1.,0.),(1.,0.,0.),(0.,0.,-1.),(0.,
1.,0.),(1.,0.,0.),(-1.,0.,0.),(0.,0.,1.),(0.,1.,0.),(0.,0.,1.),(0.,-1.,
0.),(1.,0.,0.),(1.,0.,0.),(0.,0.,1.),(0.,1.,0.)),$,(1,1,1,2,2,2,3,3,3,5,
5,5,7,7,7,4,4,4,6,6,6,8,8,8),((1,5,7),(11,4,3),(13,2,9),(10,2,13),(7,5,
16),(6,19,17),(20,4,11),(18,14,8),(17,19,23),(24,14,18),(21,12,22),(22,
12,15)),());
#1313=COMPLEX_TRIANGULATED_FACE('ConvergentBody',#1368,24,((-1.,0.,0.),
(0.,0.,-1.),(0.,-1.,0.),(0.,-1.,0.),(-1.,0.,0.),(0.,0.,1.),(-1.,0.,0.),
(0.,1.,0.),(0.,0.,-1.),(0.,0.,-1.),(0.,-1.,0.),(1.,0.,0.),(0.,0.,-1.),(0.,
1.,0.),(1.,0.,0.),(-1.,0.,0.),(0.,0.,1.),(0.,1.,0.),(0.,0.,1.),(0.,-1.,
0.),(1.,0.,0.),(1.,0.,0.),(0.,0.,1.),(0.,1.,0.)),$,(1,1,1,2,2,2,3,3,3,5,
5,5,7,7,7,4,4,4,6,6,6,8,8,8),((1,5,7),(3,11,4),(13,2,9),(10,2,13),(7,5,
16),(6,19,17),(4,11,20),(8,18,14),(17,19,23),(14,18,24),(21,12,22),(22,
12,15)),());
#1314=COMPLEX_TRIANGULATED_FACE('ConvergentBody',#1369,24,((-1.,0.,0.),
(0.,0.,-1.),(0.,-1.,0.),(0.,-1.,0.),(-1.,0.,0.),(0.,0.,1.),(-1.,0.,0.),
(0.,1.,0.),(0.,0.,-1.),(0.,0.,-1.),(0.,-1.,0.),(1.,0.,0.),(0.,0.,-1.),(0.,
1.,0.),(1.,0.,0.),(-1.,0.,0.),(0.,0.,1.),(0.,1.,0.),(0.,0.,1.),(0.,-1.,
0.),(1.,0.,0.),(1.,0.,0.),(0.,0.,1.),(0.,1.,0.)),$,(1,1,1,2,2,2,3,3,3,5,
5,5,7,7,7,4,4,4,6,6,6,8,8,8),((1,5,7),(11,4,3),(13,2,9),(10,2,13),(7,5,
16),(6,19,17),(20,4,11),(18,14,8),(17,19,23),(24,14,18),(21,12,22),(22,
12,15)),());
#1315=COMPLEX_TRIANGULATED_FACE('ConvergentBody',#1370,212,((-1.,0.,0.),
(0.,-1.,0.),(0.,0.,1.),(-0.999709380860408,0.0241071321334451,0.),(0.00125041582592572,
0.0249344725207976,-0.999688305693516),(-1.,0.,0.),(0.,0.,-1.),(0.,-1.,
0.),(0.,0.,-1.),(0.,-1.,0.),(1.,0.,0.),(0.,0.0241459548914741,-0.999708443928718),
(0.999689250080186,0.0248965080163077,0.0012518636947468),(-0.999689254439632,
0.0248963333400047,-0.00125185628389812),(0.,0.0241555045303847,0.999708213230682),
(0.,0.,1.),(0.,-1.,0.),(1.,0.,0.),(-0.995489430201584,0.09487251629665,
2.91005705500681E-6),(0.00142871695950361,0.093965012636454,-0.995574474948048),
(0.000340366817579507,0.194874028571395,-0.980828219995114),(-2.90673131217093E-6,
0.0948962326595747,-0.995487169690585),(0.99557682234735,0.0939401121850068,
0.00143042910370594),(-0.000217748759071526,0.203112190320869,-0.979155447683633),
(-0.97915828435477,0.203098514650052,0.000218005427466103),(2.90557756958181E-6,
0.0948975504991552,0.995487044064772),(-0.995576820789037,0.0939401286953979,
-0.00143042940584521),(-0.00124992219085676,0.024943710559725,0.999688075850677),
(0.999709384622344,0.0241069761275429,0.),(-0.980832757751332,0.194851188976445,
-0.000339818162605246),(0.,0.189021112785594,-0.981973023520145),(-0.981963955471613,
0.189068215611575,0.),(-0.975746409088206,0.218903717847086,0.000327817319821766),
(-0.981963967748185,0.189068151850706,0.),(0.,0.189018580872741,0.981973510887567),
(0.000328254691586698,0.218888927378007,0.975749726989541),(0.00021766303160064,
0.203109012033332,0.979156106988895),(2.36976473122186E-5,0.281585573865035,
-0.959536119189643),(-0.959539696084519,0.281573384889835,2.36581918302488E-5),
(-0.959539670298463,0.281573472763007,-2.36579395434048E-5),(2.36886688442951E-5,
0.281589110668681,0.959535081272002),(0.,0.371864179554717,-0.928287149520071),
(-0.928307700935417,0.371812872805664,0.),(0.000664558861674265,0.38267368337751,
-0.92388333160189),(-0.923877365318409,0.382688088033437,0.000664175900313608),
(-0.928307743049682,0.371812767658678,0.),(0.,0.371859903088427,0.928288862625781),
(-0.923877365320073,0.382688088028816,-0.000664176248401549),(0.000664316803246838,
0.382673679067704,0.923883333561101),(2.45522297069993E-5,0.458965490782459,
-0.888454094294131),(-0.88842895486508,0.459014151801314,2.45654554610092E-5),
(-0.888428895865378,0.459014265996139,-2.45652275617845E-5),(2.4543680708877E-5,
0.458970211288462,0.888451655717649),(-0.83145724153097,0.555588327828236,
0.000682265882653674),(-0.84032785747235,0.542078492430691,0.),(0.,0.542040553451518,
-0.840352329927139),(0.000681987124991912,0.555569572960423,-0.831469773650332),
(-0.840327768316469,0.542078630639747,0.),(0.,0.542031205259064,0.840358359585604),
(-0.83145724146606,0.555588327925158,-0.000682266060358109),(0.000681869855226567,
0.555569510092008,0.831469815753781),(-0.784290580627557,0.620393652821061,
2.60428631888727E-5),(2.60356141093645E-5,0.620410689158122,-0.784277104154196),
(-0.784290580627558,0.62039365282106,-2.60428631888741E-5),(2.60356141094111E-5,
0.620410689158094,0.784277104154218),(-0.707113262625824,0.707099945713481,
0.000707524314030915),(-0.720755625428508,0.693189244299968,0.),(0.,0.693198672366848,
-0.7207465578335),(0.000707191665204693,0.707107501845711,-0.707105706887921),
(-0.720755818102015,0.693189043964267,0.),(0.,0.693201614583981,0.720743728060232),
(-0.707113262721197,0.707099945617901,-0.000707524519202113),(0.000707146466845084,
0.707109704802892,0.707103503963487),(-0.65034640404442,0.759637778124857,
2.81429025626136E-5),(2.81262932157947E-5,0.759651359258654,-0.650330540252717),
(-0.650346491057547,0.759637703630565,-2.81428213011333E-5),(2.81230263882714E-5,
0.75965744572805,0.650323430578224),(-0.55557613859141,0.831465336239227,
0.000740851163792264),(-0.573634423461391,0.81911143821834,0.),(0.,0.819107158859523,
-0.573640534049923),(0.000740482758586623,0.831469568903753,-0.555569804500111),
(-0.573634214393156,0.819111584631512,0.),(0.,0.819105464605852,0.573642953284385),
(-0.555576138479058,0.831465336314117,-0.000740851368961798),(0.000740508130660817,
0.831471241790938,0.555567300803732),(-0.491394660170405,0.870937016661215,
3.10688758247962E-5),(3.10585469988587E-5,0.870946731732556,-0.491377440995968),
(-0.491394792864478,0.87093694179337,-3.10690940455994E-5),(3.10641769104659E-5,
0.870944294785846,0.49138176036052),(-0.382718793737884,0.923864553949895,
0.000781584787942691),(-0.404169066094917,0.914684298548938,0.),(0.,0.91467826160813,
-0.404182728158354),(0.000781652520766531,0.923866762954683,-0.382713461125909),
(-0.404169146400638,0.914684263064463,0.),(0.,0.914680772845815,0.404177045100515),
(-0.382718793893165,0.923864553885353,-0.000781585042337096),(0.000781699946977393,
0.923866245609771,0.382714709892498),(-0.16054598979001,0.973881556193818,
-0.160560579432976),(-0.160546383160882,0.973881455245058,0.160560798402745),
(-3.10585469988581E-5,0.870946731732556,-0.491377440995968),(0.491394660170405,
0.870937016661215,3.10688758247962E-5),(-0.000781652520766528,0.923866762954683,
-0.382713461125909),(0.,0.91467826160813,-0.404182728158354),(0.404169066094892,
0.914684298548949,0.),(0.382718793737996,0.923864553949848,0.000781584787939989),
(0.160545989789989,0.973881556193814,-0.160560579433023),(0.,0.914680772845815,
0.404177045100515),(0.404169146400613,0.914684263064474,0.),(-0.00078169994697739,
0.923866245609771,0.382714709892498),(-3.10641769104653E-5,0.870944294785845,
0.49138176036052),(0.491394792864478,0.87093694179337,-3.10690940455994E-5),
(0.382718793893278,0.923864553885307,-0.000781585042334394),(0.160546383160861,
0.973881455245054,0.160560798402792),(0.,0.819107158859523,-0.573640534049923),
(0.573634423461391,0.81911143821834,0.),(-0.000740482758586617,0.831469568903753,
-0.555569804500111),(0.55557613859141,0.831465336239227,0.000740851163792263),
(-0.000740508130660811,0.831471241790938,0.555567300803732),(0.,0.819105464605852,
0.573642953284385),(0.573634214393156,0.819111584631512,0.),(0.555576138479053,
0.83146533631412,-0.000740851368952449),(-2.81262932157809E-5,0.759651359258645,
-0.650330540252728),(0.650346404043621,0.759637778125541,2.81429025937881E-5),
(-2.81230263882577E-5,0.759657445728041,0.650323430578234),(0.650346491056747,
0.759637703631249,-2.81428213323078E-5),(0.,0.693198672366848,-0.7207465578335),
(0.720755625429019,0.693189244299436,0.),(-0.000707191665204687,0.707107501845711,
-0.707105706887921),(0.707092183772113,0.707121024762171,0.000707098069907244),
(-0.000707146466845079,0.707109704802892,0.707103503963487),(0.,0.693201614583981,
0.720743728060232),(0.720755818102527,0.693189043963735,0.),(0.707092183867499,
0.707121024666585,-0.000707098275079893),(-2.60346458880479E-5,0.620409780495309,
-0.78427782296069),(0.784237395379812,0.620460882740593,2.60125509140294E-5),
(-2.60346458880946E-5,0.620409780495282,0.784277822960712),(0.784237395379813,
0.620460882740592,-2.60125509140308E-5),(0.,0.542039615863346,-0.840352934685609),
(0.84035292935232,0.542039624131829,0.),(-0.000681987124998857,0.555569572960419,
-0.831469773650335),(0.831459613275368,0.555584779505194,0.000681376650088058),
(-0.000681869855219617,0.555569510092012,0.831469815753779),(0.,0.542030267509699,
0.840358964433274),(0.840352839964465,0.542039762714561,0.),(0.831459613210551,
0.55558477960198,-0.00068137682757097),(-2.45512473796996E-5,0.458967736018459,
-0.88845293442665),(0.88845108751961,0.458971311176942,2.4530398762952E-5),
(-2.4542698715046E-5,0.458972455753349,0.888450496233412),(0.888451028595165,
0.458971425239595,-2.45301711804459E-5),(0.,0.371864179554717,-0.928287149520071),
(0.928307700935356,0.371812872805817,0.),(-0.000664558861676932,0.382673683377517,
-0.923883331601888),(0.92389038423091,0.382656657360274,0.000663704394118779),
(-0.000664316803244166,0.382673679067697,0.923883333561104),(0.,0.371859903088427,
0.928288862625781),(0.92830774304962,0.371812767658832,0.),(0.923890384232329,
0.382656657356244,-0.000663704741968403),(-2.36976473122078E-5,0.28158557386501,
-0.95953611918965),(0.95953969608422,0.281573384890853,2.36581918606428E-5),
(-2.36886688442843E-5,0.281589110668656,0.95953508127201),(0.959539670298157,
0.281573472764048,-2.36579395430846E-5),(0.980832757729658,0.194851189085853,
0.000339817986325054),(0.981963955471448,0.189068215612428,0.),(0.,0.189021112785594,
-0.981973023520145),(-0.000328378945064473,0.218898229678572,-0.975747640125691),
(-0.000340237619497354,0.194874107320921,0.980828204393734),(0.,0.189018580872741,
0.981973510887567),(0.981963967748019,0.189068151851569,0.),(0.97574640911269,
0.218903717737697,-0.000327817489879244),(-0.00142815142830171,0.0939666984644517,
0.995574316645015),(0.995489426986764,0.0948725500294804,-2.91002147990499E-6),
(0.979158284064833,0.203098516047828,-0.000218005465122045),(0.,0.382677667372153,
-0.923881920428476),(0.923888906377338,0.38266080106654,0.),(-0.923875771799513,
0.382692511400281,0.),(0.,0.55557570613244,-0.831465955259409),(-0.831453448387408,
0.555594423266367,0.),(0.,0.382677667372174,0.923881920428467),(0.,0.555575706132459,
0.831465955259396),(0.,0.707114281747915,-0.707099280545618),(-0.707106781186492,
0.707106781186603,0.),(0.,0.831476780232761,-0.555559505304123),(-0.555565885034527,
0.831472517516846,0.),(0.,0.707116463971421,0.707097098269081),(0.,0.923872627223309,
-0.382700102779578),(-0.382705645054859,0.923870331401081,0.),(0.,0.831478494778533,
0.555556939224797),(-0.194847516513983,0.980833463932644,0.00040166929622835),
(0.,0.980782768981736,-0.195102947359895),(0.000401877340932502,0.980833393853766,
-0.194847868851334),(-0.000401877340932502,0.980833393853766,-0.194847868851334),
(-0.195102462377736,0.980782865457051,0.),(-0.194847516349025,0.98083346396531,
-0.000401669550638734),(0.,0.923872086699841,0.382701407649465),(0.000401854451941086,
0.980833115747093,0.194849268838376),(-0.10460149314048,0.988999342351378,
-0.104588854383841),(-0.0368207562634785,0.998643236574485,-0.036822791206303),
(0.0368207562634344,0.998643236574486,-0.0368227912063107),(-0.104601135032994,
0.988999153619522,0.104590997173171),(-0.0368207562634782,0.998643236574485,
0.0368227912063052),(0.,0.980782493418924,0.195104332609397),(0.382705645054973,
0.923870331401034,0.),(0.194847516514058,0.980833463932629,0.000401669296225683),
(0.195102462377809,0.980782865457037,0.),(0.555565885034234,0.831472517517042,
0.),(0.104601493140694,0.98899934235136,-0.104588854383796),(0.1948475163491,
0.980833463965295,-0.000401669550636067),(0.036820756263434,0.998643236574486,
0.0368227912063128),(-0.000401854451941086,0.980833115747093,0.194849268838376),
(0.104601135033208,0.988999153619504,0.104590997173127),(0.707085508381599,
0.707128053351538,0.),(0.831455803587654,0.555590898665924,0.)),$,(2,2,
2,3,3,1,1,1,149,149,149,151,151,4,4,150,150,150,5,5,56,147,147,70,9,6,6,
152,152,10,7,7,8,11,11,57,71,12,12,13,13,14,14,58,17,16,16,18,59,19,19,
20,20,22,21,21,60,25,25,24,61,26,26,27,27,29,28,28,62,32,32,31,63,33,33,
34,34,36,35,35,64,39,39,38,65,40,40,41,41,43,42,42,66,46,46,45,67,47,48,
112,112,94,107,107,108,105,111,111,95,113,113,110,106,114,114,92,115,93,
118,118,117,119,119,120,120,123,123,90,121,91,125,125,122,126,126,127,127,
128,128,88,129,89,132,132,131,133,133,134,134,135,135,86,138,87,137,137,
139,140,140,141,141,142,144,144,84,85,146,146,145,148,148,143,72,136,15,
74,23,73,75,76,30,78,37,77,80,44,79,50,82,68,96,51,52,81,69,49,54,98,53,
55,83,109,101,102,116,100,103,99,97,104,124,130),((1,4,6),(10,2,8),(5,12,
7),(7,12,9),(14,4,1),(16,15,3),(17,2,10),(4,14,19),(20,21,5),(22,12,5),
(5,24,22),(5,21,24),(19,14,25),(26,15,28),(27,30,14),(28,15,16),(14,30,
25),(31,21,20),(33,32,19),(19,25,33),(34,30,27),(26,36,35),(28,37,26),(26,
37,36),(38,21,31),(39,32,33),(40,30,34),(35,36,41),(42,44,38),(39,45,43),
(38,44,21),(33,45,39),(46,48,40),(41,49,47),(40,48,30),(41,36,49),(50,44,
42),(43,45,51),(52,48,46),(47,49,53),(51,54,55),(56,57,50),(50,57,44),(51,
45,54),(58,60,52),(53,61,59),(52,60,48),(53,49,61),(55,54,62),(63,57,56),
(64,60,58),(59,61,65),(62,66,67),(68,69,63),(62,54,66),(63,69,57),(70,72,
64),(65,73,71),(64,72,60),(65,61,73),(67,66,74),(75,69,68),(76,72,70),(71,
73,77),(74,78,79),(80,81,75),(74,66,78),(75,81,69),(82,84,76),(77,85,83),
(76,84,72),(77,73,85),(79,78,86),(87,81,80),(88,84,82),(83,85,89),(86,90,
91),(92,93,87),(86,78,90),(87,93,81),(94,96,88),(89,97,95),(88,96,84),(89,
85,97),(91,90,98),(98,93,92),(99,96,94),(95,97,99),(100,102,103),(104,105,
101),(103,102,106),(106,105,104),(107,109,110),(111,112,108),(113,109,107),
(108,112,113),(114,116,100),(101,117,115),(100,116,102),(101,105,117),(110,
118,119),(120,121,111),(110,109,118),(111,121,112),(122,116,114),(115,117,
123),(119,118,124),(125,121,120),(126,128,122),(123,129,127),(122,128,116),
(123,117,129),(124,130,131),(132,133,125),(124,118,130),(125,133,121),(134,
128,126),(127,129,135),(131,130,136),(137,133,132),(138,140,134),(135,141,
139),(134,140,128),(135,129,141),(136,142,143),(144,145,137),(136,130,142),
(137,145,133),(146,140,138),(139,141,147),(143,142,148),(149,145,144),(150,
152,146),(147,153,151),(146,152,140),(147,141,153),(148,154,155),(156,157,
149),(148,142,154),(149,157,145),(158,152,150),(151,153,159),(155,154,160),
(161,157,156),(159,162,163),(164,165,158),(159,153,162),(158,165,152),(160,
166,167),(168,169,161),(160,154,166),(161,169,157),(163,162,23),(22,165,
164),(167,166,170),(171,169,168),(23,162,13),(22,24,165),(171,29,13),(13,
172,171),(170,166,28),(171,172,169),(11,29,18),(13,29,11),(13,162,172),
(28,166,37),(21,173,24),(21,44,173),(173,152,24),(24,152,165),(162,174,
172),(162,153,174),(174,157,172),(172,157,169),(25,30,175),(33,25,45),(175,
45,25),(175,30,48),(44,176,173),(173,140,152),(176,140,173),(44,57,176),
(54,45,175),(175,48,177),(54,175,177),(37,49,36),(166,178,37),(178,49,37),
(166,154,178),(177,48,60),(178,61,49),(179,61,178),(154,179,178),(66,54,
177),(57,180,176),(57,69,180),(180,128,176),(176,128,140),(177,60,181),
(181,60,72),(66,177,181),(179,73,61),(78,66,181),(69,182,180),(69,81,182),
(182,116,180),(180,116,128),(181,72,183),(183,72,84),(78,181,183),(184,
73,179),(184,85,73),(142,184,179),(154,142,179),(90,78,183),(81,185,182),
(81,93,185),(185,102,182),(182,102,116),(183,84,186),(186,84,96),(90,183,
186),(187,85,184),(187,97,85),(130,187,184),(142,130,184),(188,90,186),
(98,90,188),(185,93,189),(98,190,93),(93,190,189),(189,191,185),(185,191,
102),(186,96,192),(99,193,96),(192,96,193),(188,186,192),(194,97,187),(99,
97,195),(194,195,97),(118,194,187),(130,118,187),(98,188,196),(196,190,
98),(197,188,192),(196,188,197),(197,189,190),(197,190,196),(198,191,189),
(198,189,197),(199,193,99),(99,195,199),(200,192,193),(200,193,199),(197,
192,200),(201,195,194),(199,195,200),(200,195,201),(118,109,194),(194,109,
201),(106,102,191),(117,105,202),(106,203,105),(105,203,204),(202,105,204),
(117,202,205),(129,117,205),(106,191,206),(206,203,106),(206,191,198),(198,
204,203),(198,203,206),(204,207,202),(202,207,112),(202,112,205),(208,207,
204),(208,204,198),(113,209,109),(109,209,201),(113,112,207),(210,209,113),
(113,207,210),(205,112,121),(208,201,209),(208,209,210),(200,201,208),(205,
121,211),(211,121,133),(210,207,208),(129,205,211),(141,129,211),(211,133,
212),(212,133,145),(141,211,212),(153,141,212),(212,145,174),(174,145,157),
(153,212,174),(197,200,198),(198,200,208)),());
#1316=COMPLEX_TRIANGULATED_FACE('ConvergentBody',#1371,24,((-1.,0.,0.),
(0.,0.,-1.),(0.,-1.,0.),(0.,-1.,0.),(-1.,0.,0.),(0.,0.,1.),(-1.,0.,0.),
(0.,1.,0.),(0.,0.,-1.),(0.,0.,-1.),(0.,-1.,0.),(1.,0.,0.),(0.,0.,-1.),(0.,
1.,0.),(1.,0.,0.),(-1.,0.,0.),(0.,0.,1.),(0.,1.,0.),(0.,0.,1.),(0.,-1.,
0.),(1.,0.,0.),(1.,0.,0.),(0.,0.,1.),(0.,1.,0.)),$,(1,1,1,2,2,2,3,3,3,5,
5,5,7,7,7,4,4,4,6,6,6,8,8,8),((1,5,7),(11,4,3),(13,2,9),(10,2,13),(7,5,
16),(6,19,17),(20,4,11),(18,14,8),(17,19,23),(24,14,18),(21,12,22),(22,
12,15)),());
#1317=COMPLEX_TRIANGULATED_FACE('ConvergentBody',#1372,24,((-1.,0.,0.),
(0.,0.,-1.),(0.,-1.,0.),(0.,-1.,0.),(-1.,0.,0.),(0.,0.,1.),(-1.,0.,0.),
(0.,1.,0.),(0.,0.,-1.),(0.,0.,-1.),(0.,-1.,0.),(1.,0.,0.),(0.,0.,-1.),(0.,
1.,0.),(1.,0.,0.),(-1.,0.,0.),(0.,0.,1.),(0.,1.,0.),(0.,0.,1.),(0.,-1.,
0.),(1.,0.,0.),(1.,0.,0.),(0.,0.,1.),(0.,1.,0.)),$,(1,1,1,2,2,2,3,3,3,5,
5,5,7,7,7,4,4,4,6,6,6,8,8,8),((1,5,7),(3,11,4),(13,2,9),(10,2,13),(7,5,
16),(6,19,17),(4,11,20),(8,18,14),(17,19,23),(14,18,24),(21,12,22),(22,
12,15)),());
#1318=COMPLEX_TRIANGULATED_FACE('ConvergentBody',#1373,24,((-1.,0.,0.),
(0.,0.,-1.),(0.,-1.,0.),(0.,-1.,0.),(-1.,0.,0.),(0.,0.,1.),(-1.,0.,0.),
(0.,1.,0.),(0.,0.,-1.),(0.,0.,-1.),(0.,-1.,0.),(1.,0.,0.),(0.,0.,-1.),(0.,
1.,0.),(1.,0.,0.),(-1.,0.,0.),(0.,0.,1.),(0.,1.,0.),(0.,0.,1.),(0.,-1.,
0.),(1.,0.,0.),(1.,0.,0.),(0.,0.,1.),(0.,1.,0.)),$,(1,1,1,2,2,2,3,3,3,5,
5,5,7,7,7,4,4,4,6,6,6,8,8,8),((1,5,7),(11,4,3),(13,2,9),(10,2,13),(7,5,
16),(6,19,17),(20,4,11),(18,14,8),(17,19,23),(24,14,18),(21,12,22),(22,
12,15)),());
#1319=COMPLEX_TRIANGULATED_FACE('ConvergentBody',#1374,24,((-1.,0.,0.),
(0.,0.,-1.),(0.,-1.,0.),(0.,-1.,0.),(-1.,0.,0.),(0.,0.,1.),(-1.,0.,0.),
(0.,1.,0.),(0.,0.,-1.),(0.,0.,-1.),(0.,-1.,0.),(1.,0.,0.),(0.,0.,-1.),(0.,
1.,0.),(1.,0.,0.),(-1.,0.,0.),(0.,0.,1.),(0.,1.,0.),(0.,0.,1.),(0.,-1.,
0.),(1.,0.,0.),(1.,0.,0.),(0.,0.,1.),(0.,1.,0.)),$,(1,1,1,2,2,2,3,3,3,5,
5,5,7,7,7,4,4,4,6,6,6,8,8,8),((1,5,7),(11,4,3),(13,2,9),(10,2,13),(7,5,
16),(6,19,17),(20,4,11),(18,14,8),(17,19,23),(24,14,18),(21,12,22),(22,
12,15)),());
#1320=COMPLEX_TRIANGULATED_FACE('ConvergentBody',#1375,24,((-1.,0.,0.),
(0.,0.,-1.),(0.,-1.,0.),(0.,-1.,0.),(-1.,0.,0.),(0.,0.,1.),(-1.,0.,0.),
(0.,1.,0.),(0.,0.,-1.),(0.,0.,-1.),(0.,-1.,0.),(1.,0.,0.),(0.,0.,-1.),(0.,
1.,0.),(1.,0.,0.),(-1.,0.,0.),(0.,0.,1.),(0.,1.,0.),(0.,0.,1.),(0.,-1.,
0.),(1.,0.,0.),(1.,0.,0.),(0.,0.,1.),(0.,1.,0.)),$,(1,1,1,2,2,2,3,3,3,5,
5,5,7,7,7,4,4,4,6,6,6,8,8,8),((1,5,7),(11,4,3),(13,2,9),(10,2,13),(7,5,
16),(6,19,17),(20,4,11),(18,14,8),(17,19,23),(24,14,18),(21,12,22),(22,
12,15)),());
#1321=COMPLEX_TRIANGULATED_FACE('ConvergentBody',#1376,376,((-0.997946333879917,
0.,0.0640555594436021),(0.,1.,0.),(-0.997946282211181,0.,-0.0640563644057454),
(0.,-1.,0.),(0.,-1.,0.),(-0.997946333879917,0.,0.0640555594436021),(0.,
-1.,0.),(0.99756422185983,0.,-0.06975401970634),(-0.997946282211181,0.,
-0.0640563644057454),(0.,1.,0.),(-0.981559588517787,0.,-0.191156412889532),
(0.,-1.,0.),(0.,-1.,0.),(0.99756422185983,0.,0.0697540197063409),(-0.981559742707802,
0.,0.191155621145162),(0.,1.,0.),(-0.981559742707802,0.,0.191155621145162),
(0.,-1.,0.),(0.,1.,0.),(0.99756422185983,0.,-0.06975401970634),(-0.981559588517787,
0.,-0.191156412889532),(0.,1.,0.),(0.,1.,0.),(0.99756422185983,0.,0.0697540197063409),
(-0.949052549598958,0.,-0.315117847954885),(0.,-1.,0.),(0.,-1.,0.),(0.978146348635728,
0.,0.20791758138886),(-0.949051803522937,0.,0.315120094931855),(0.,1.,0.),
(-0.949051803522937,0.,0.315120094931855),(0.,-1.,0.),(0.,-1.,0.),(0.978146348635728,
0.,-0.207917581388859),(-0.949052549598958,0.,-0.315117847954885),(0.,1.,
0.),(0.,1.,0.),(0.978146348635728,0.,0.20791758138886),(0.,1.,0.),(0.978146348635728,
0.,-0.207917581388859),(-0.900972758285905,0.,-0.43387566056036),(0.,-1.,
0.),(0.,-1.,0.),(0.939691179898858,0.,0.342024102104359),(-0.900971731038893,
0.,0.433877793703227),(0.,1.,0.),(-0.900971731038893,0.,0.433877793703227),
(0.,-1.,0.),(0.,-1.,0.),(0.939690209177178,0.,-0.34202676909352),(-0.900972758285905,
0.,-0.43387566056036),(0.,1.,0.),(0.,1.,0.),(0.939691179898858,0.,0.342024102104359),
(0.,1.,0.),(0.939690209177178,0.,-0.34202676909352),(-0.838092844238956,
0.,-0.545527620231513),(0.,-1.,0.),(0.,-1.,0.),(0.882946294081786,0.,0.469474005422282),
(-0.838092844238955,0.,0.545527620231513),(0.,1.,0.),(-0.838092844238955,
0.,0.545527620231513),(0.,-1.,0.),(0.,-1.,0.),(0.882946697649595,0.,-0.469473246425901),
(-0.838092844238956,0.,-0.545527620231513),(0.,1.,0.),(0.,1.,0.),(0.882946294081786,
0.,0.469474005422282),(0.,1.,0.),(0.882946697649595,0.,-0.469473246425901),
(-0.761448681717128,0.,-0.648225196294658),(0.,-1.,0.),(0.,-1.,0.),(0.809022340916412,
0.,0.587777893339082),(-0.761451526859141,0.,0.64822185418565),(0.,1.,0.),
(-0.761451526859141,0.,0.64822185418565),(0.,-1.,0.),(0.,-1.,0.),(0.809021878034728,
0.,-0.587778530452722),(-0.761448681717128,0.,-0.648225196294658),(0.,1.,
0.),(0.,1.,0.),(0.809022340916412,0.,0.587777893339082),(0.,1.,0.),(0.809021878034728,
0.,-0.587778530452722),(-0.672305115419621,0.,-0.740274159876333),(0.,-1.,
0.),(0.,-1.,0.),(0.719342663349513,0.,0.694655405712234),(-0.672304713035158,
0.,0.740274525315247),(0.,1.,0.),(-0.672304713035158,0.,0.740274525315247),
(0.,-1.,0.),(0.,-1.,0.),(0.719343149799795,0.,-0.694654901973713),(-0.672305115419621,
0.,-0.740274159876333),(0.,1.,0.),(0.,1.,0.),(0.719342663349513,0.,0.694655405712234),
(0.,1.,0.),(0.719343149799795,0.,-0.694654901973713),(-0.572110983397207,
0.,-0.820176214405344),(0.,-1.,0.),(0.,-1.,0.),(0.615654272288161,0.,0.78801638118337),
(-0.57211136269625,0.,0.820175949826524),(0.,1.,0.),(0.,-1.,0.),(0.615653799926357,
0.,-0.788016750225677),(-0.57211136269625,0.,0.820175949826524),(0.,-1.,
0.),(0.,1.,0.),(0.615654272288161,0.,0.78801638118337),(-0.572110983397207,
0.,-0.820176214405344),(0.,1.,0.),(0.,1.,0.),(0.615653799926357,0.,-0.788016750225677),
(-0.462527534128682,0.,-0.886604917746817),(0.,-1.,0.),(0.,-1.,0.),(0.499997436050763,
0.,0.86602688407616),(-0.462532317496467,0.,0.886602422324318),(0.,1.,0.),
(0.,-1.,0.),(0.499997857484641,0.,-0.866026640762724),(-0.462532317496467,
0.,0.886602422324318),(0.,-1.,0.),(0.,1.,0.),(0.499997436050763,0.,0.86602688407616),
(-0.462527534128682,0.,-0.886604917746817),(0.,1.,0.),(0.,1.,0.),(0.499997857484641,
0.,-0.866026640762724),(-0.345367866032311,0.,-0.938467387346139),(0.,-1.,
0.),(0.,-1.,0.),(0.374603479926602,0.,0.927185112492041),(-0.345367866032316,
0.,0.938467387346137),(0.,1.,0.),(0.,-1.,0.),(0.374603141745046,0.,-0.927185249124867),
(-0.345367866032316,0.,0.938467387346137),(0.,-1.,0.),(0.,1.,0.),(0.374603479926602,
0.,0.927185112492041),(-0.345367866032311,0.,-0.938467387346139),(0.,1.,
0.),(0.,1.,0.),(0.374603141745046,0.,-0.927185249124867),(-0.222528786346269,
0.,-0.974926119891788),(0.,-1.,0.),(0.,-1.,0.),(0.241922046918566,0.,0.970295688547945),
(-0.222522714373705,0.,0.974927505811462),(0.,1.,0.),(0.,-1.,0.),(0.241922275653596,
0.,-0.970295631517831),(-0.222522714373705,0.,0.974927505811462),(0.,-1.,
0.),(0.,1.,0.),(0.241922046918566,0.,0.970295688547945),(-0.222528786346269,
0.,-0.974926119891788),(0.,1.,0.),(0.,1.,0.),(0.241922275653596,0.,-0.970295631517831),
(-0.0960252779937809,0.,-0.995378895690589),(0.,-1.,0.),(0.,-1.,0.),(0.104527920175185,
0.,0.994521952449442),(-0.096019078641059,0.,0.995379493729362),(0.,1.,
0.),(0.,-1.,0.),(0.104534754625722,0.,-0.994521234099775),(-0.096019078641059,
0.,0.995379493729362),(0.,-1.,0.),(0.,1.,0.),(0.104527920175185,0.,0.994521952449442),
(-0.0960252779937809,0.,-0.995378895690589),(0.,1.,0.),(0.,1.,0.),(0.104534754625722,
0.,-0.994521234099775),(0.0320528453193576,0.,-0.999486175545682),(0.,-1.,
0.),(0.,-1.,0.),(-0.0348996153583769,0.,0.999390822875534),(0.032046568562244,
0.,0.999486376817306),(0.,1.,0.),(0.,-1.,0.),(-0.0348996153583771,0.,-0.999390822875534),
(0.,-1.,0.),(0.032046568562244,0.,0.999486376817306),(0.,1.,0.),(-0.0348996153583769,
0.,0.999390822875534),(0.,1.,0.),(0.0320528453193576,0.,-0.999486175545682),
(0.,1.,0.),(-0.0348996153583771,0.,-0.999390822875534),(-0.17364818849876,
0.,0.984807751102264),(0.,1.,0.),(0.,-1.,0.),(0.159600835276205,0.,-0.987181631402822),
(-0.17364818849876,0.,0.984807751102264),(0.,-1.,0.),(0.,-1.,0.),(-0.173648188498763,
0.,-0.984807751102264),(0.,-1.,0.),(0.159594635788907,0.,0.987182633673935),
(0.,1.,0.),(0.159600835276205,0.,-0.987181631402822),(0.,1.,0.),(0.159594635788907,
0.,0.987182633673935),(-0.173648188498763,0.,-0.984807751102264),(0.,1.,
0.),(0.,1.,0.),(-0.309015907666642,0.,0.9510568693874),(0.,-1.,0.),(0.284529928453592,
0.,-0.958667157992905),(-0.309015907666642,0.,0.9510568693874),(0.,-1.,
0.),(0.,-1.,0.),(-0.30901590766668,0.,-0.951056869387387),(0.,-1.,0.),(0.284529928453618,
0.,0.958667157992897),(0.,1.,0.),(0.284529928453592,0.,-0.958667157992905),
(0.,1.,0.),(0.284529928453618,0.,0.958667157992897),(-0.30901590766668,
0.,-0.951056869387387),(0.,1.,0.),(0.,1.,0.),(-0.438366113979862,0.,0.898796500946791),
(0.,-1.,0.),(0.404782100715462,0.,-0.914413172991497),(-0.438366113979862,
0.,0.898796500946791),(0.,-1.,0.),(0.,-1.,0.),(-0.438371545376823,0.,-0.898793851894825),
(0.,-1.,0.),(0.404787215587535,0.,0.91441090878056),(0.,1.,0.),(0.404782100715462,
0.,-0.914413172991497),(0.,1.,0.),(0.404787215587535,0.,0.91441090878056),
(-0.438371545376823,0.,-0.898793851894825),(0.,1.,0.),(0.,1.,0.),(-0.559189877984984,
0.,0.829039613262924),(0.,-1.,0.),(0.518388473578192,0.,-0.855145245242744),
(-0.559189877984984,0.,0.829039613262924),(0.,-1.,0.),(0.,-1.,0.),(-0.559194887840595,
0.,-0.829036234077223),(0.,-1.,0.),(0.51838883195772,0.,0.855145027993212),
(0.,1.,0.),(0.518388473578192,0.,-0.855145245242744),(0.,1.,0.),(0.51838883195772,
0.,0.855145027993212),(-0.559194887840595,0.,-0.829036234077223),(0.,1.,
0.),(0.,1.,0.),(-0.669130595999431,0.,0.743144834805064),(0.,-1.,0.),(0.623486400025656,
0.,-0.781834195327275),(-0.669130595999431,0.,0.743144834805064),(0.,-1.,
0.),(0.,-1.,0.),(-0.669130595999431,0.,-0.743144834805064),(0.,-1.,0.),
(0.623482354391059,0.,0.781837421567286),(0.,1.,0.),(0.623486400025656,
0.,-0.781834195327275),(0.,1.,0.),(0.623482354391059,0.,0.781837421567286),
(-0.669130595999431,0.,-0.743144834805064),(0.,1.,0.),(0.,1.,0.),(-0.76604876919791,
0.,0.642782454031196),(0.,-1.,0.),(0.718345643749803,0.,-0.695686377691616),
(-0.76604876919791,0.,0.642782454031196),(0.,-1.,0.),(0.,-1.,0.),(-0.766046132819851,
0.,-0.642785595974078),(0.,-1.,0.),(0.718348488944593,0.,0.695683439813698),
(0.,1.,0.),(0.718345643749803,0.,-0.695686377691616),(0.,1.,0.),(0.718348488944593,
0.,0.695683439813698),(-0.766046132819851,0.,-0.642785595974078),(0.,1.,
0.),(0.,1.,0.),(-0.84805198501178,0.,0.529913040712889),(-0.84805198501178,
0.,0.529913040712889),(0.,-1.,0.),(0.,-1.,0.),(0.801418716810728,0.,-0.5981037036714),
(-0.848051547529555,0.,-0.529913740841588),(0.,-1.,0.),(0.,-1.,0.),(0.801419104362993,
0.,0.598103184377092),(0.,1.,0.),(0.801418716810728,0.,-0.5981037036714),
(-0.848051547529555,0.,-0.529913740841588),(0.,1.,0.),(0.,1.,0.),(0.801419104362993,
0.,0.598103184377092),(-0.913543465016616,0.,0.406741118557534),(0.,1.,
0.),(-0.913543465016616,0.,0.406741118557534),(0.,-1.,0.),(0.,-1.,0.),(0.871316558624399,
0.,-0.490721361535173),(-0.913543826730601,0.,-0.406740306144363),(0.,-1.,
0.),(0.,-1.,0.),(0.8713148696513,0.,0.490724360435203),(0.,1.,0.),(0.871316558624399,
0.,-0.490721361535173),(-0.913543826730601,0.,-0.406740306144363),(0.,1.,
0.),(0.,1.,0.),(0.8713148696513,0.,0.490724360435203),(-0.961264053070342,
0.,0.275629135388076),(0.,1.,0.),(-0.961264053070342,0.,0.275629135388076),
(0.,-1.,0.),(0.,-1.,0.),(0.926911426643441,0.,-0.375280171548965),(-0.961263795084317,
0.,-0.275630035119716),(0.,-1.,0.),(0.,-1.,0.),(0.92691217271797,0.,0.375278328800441),
(0.,1.,0.),(0.926911426643441,0.,-0.375280171548965),(-0.961263795084317,
0.,-0.275630035119716),(0.,1.,0.),(0.,1.,0.),(0.92691217271797,0.,0.375278328800441),
(-0.990268069173379,0.,0.139173097887588),(0.,1.,0.),(-0.990268069173379,
0.,0.139173097887588),(0.,-1.,0.),(0.,-1.,0.),(0.967297230923166,0.,-0.253645553969264),
(-0.990268271062278,0.,-0.139171661365834),(0.,-1.,0.),(0.,-1.,0.),(0.96729742929884,
0.,0.253644797446853),(0.,1.,0.),(0.967297230923166,0.,-0.253645553969264),
(-0.990268271062278,0.,-0.139171661365834),(0.,1.,0.),(0.,1.,0.),(0.96729742929884,
0.,0.253644797446853),(-1.,0.,0.),(0.,1.,0.),(-1.,0.,0.),(0.,-1.,0.),(0.,
-1.,0.),(0.99179237848094,0.,-0.127858820529208),(0.,-1.,0.),(0.991792275956912,
0.,0.127859615798769),(0.,1.,0.),(0.99179237848094,0.,-0.127858820529208),
(0.,1.,0.),(0.991792275956912,0.,0.127859615798769),(0.,-1.,0.),(0.999999999999919,
0.,0.),(0.999999999999919,0.,0.),(0.,1.,0.)),$,(4,4,1,1,2,2,22,22,3,3,5,
5,21,21,8,8,6,6,24,24,7,7,23,23,9,9,25,25,12,12,10,10,26,26,11,11,27,27,
28,28,13,13,29,29,16,16,14,14,30,30,15,15,31,31,32,32,17,17,37,37,20,20,
18,18,38,38,19,19,39,39,40,40,33,33,45,45,36,36,34,34,46,46,35,35,47,47,
48,48,41,41,49,49,44,44,42,42,50,50,43,43,51,51,52,52,53,53,57,57,56,56,
58,58,54,54,59,59,55,55,60,60,61,61,65,65,64,64,66,66,62,62,67,67,63,63,
68,68,69,69,73,73,72,72,74,74,70,70,75,75,71,71,76,76,77,77,81,81,80,80,
82,82,78,78,83,83,79,79,84,84,85,85,89,89,88,88,90,90,86,86,91,91,87,87,
92,92,97,97,93,93,100,100,94,94,98,98,95,95,99,99,96,96,103,103,105,105,
101,101,102,102,106,106,107,107,108,108,104,104,111,111,113,113,109,109,
110,110,114,114,115,115,116,116,112,112,119,119,121,121,117,117,118,118,
122,122,123,123,124,124,120,120,127,127,129,129,125,125,126,126,130,130,
131,131,132,132,128,128,135,135,137,137,133,133,134,134,138,138,139,139,
140,140,136,136,143,143,149,149,141,141,142,142,150,150,151,151,152,152,
144,144,147,147,145,145,161,161,146,146,162,162,163,163,148,148,164,164,
155,155,153,153,171,171,154,154,172,172,173,173,156,156,174,174,159,159,
157,157,175,175,158,158,176,176,177,177,160,160,178,178,167,167,165,165,
179,179,166,166,180,180,181,181,168,168,182,182,170,170,169,169,183,183,
184,184,185,185,186,186,187,187,188,188),((1,3,6),(4,7,5),(9,3,1),(9,11,
3),(12,13,4),(4,13,7),(1,6,15),(15,6,17),(5,7,18),(2,19,10),(21,11,9),(10,
23,22),(10,19,23),(16,19,2),(21,25,11),(26,27,12),(12,27,13),(15,17,29),
(29,17,31),(18,33,32),(18,7,33),(35,25,21),(22,37,36),(22,23,37),(30,39,
16),(16,39,19),(35,41,25),(42,43,26),(26,43,27),(29,31,45),(45,31,47),(32,
49,48),(32,33,49),(51,41,35),(36,53,52),(36,37,53),(46,55,30),(30,55,39),
(51,57,41),(58,59,42),(42,59,43),(45,47,61),(61,47,63),(48,65,64),(48,49,
65),(67,57,51),(52,69,68),(52,53,69),(62,71,46),(46,71,55),(67,73,57),(74,
75,58),(58,75,59),(61,63,77),(77,63,79),(64,81,80),(64,65,81),(83,73,67),
(68,85,84),(68,69,85),(78,87,62),(62,87,71),(24,8,14),(24,14,38),(38,14,
28),(20,8,24),(20,34,8),(40,34,20),(38,28,54),(54,28,44),(40,50,34),(56,
50,40),(54,44,70),(70,44,60),(56,66,50),(72,66,56),(83,89,73),(90,91,74),
(74,91,75),(77,79,93),(93,79,95),(80,97,96),(80,81,97),(99,89,83),(84,101,
100),(84,85,101),(94,103,78),(78,103,87),(70,60,86),(86,60,76),(72,82,66),
(88,82,72),(99,105,89),(90,107,91),(106,107,90),(93,95,109),(96,97,111),
(109,95,113),(96,111,114),(100,101,115),(117,105,99),(100,115,118),(94,
119,103),(110,119,94),(86,76,102),(102,76,92),(88,98,82),(104,98,88),(102,
92,116),(116,92,108),(104,112,98),(120,112,104),(117,121,105),(106,123,
107),(122,123,106),(109,113,125),(114,111,127),(125,113,129),(114,127,130),
(118,115,131),(133,121,117),(118,131,134),(110,135,119),(126,135,110),(116,
108,132),(132,108,124),(120,128,112),(136,128,120),(133,137,121),(122,139,
123),(138,139,122),(125,129,141),(130,127,143),(141,129,145),(130,143,146),
(134,131,147),(149,137,133),(134,147,150),(126,151,135),(142,151,126),(132,
124,148),(148,124,140),(136,144,128),(152,144,136),(149,153,137),(138,155,
139),(154,155,138),(141,145,157),(146,143,159),(157,145,161),(146,159,162),
(150,147,163),(165,153,149),(150,163,166),(142,167,151),(158,167,142),(148,
140,164),(164,140,156),(152,160,144),(168,160,152),(165,169,153),(154,171,
155),(170,171,154),(157,161,173),(162,159,175),(173,161,177),(162,175,178),
(166,163,179),(181,169,165),(166,179,182),(158,183,167),(174,183,158),(164,
156,180),(180,156,172),(168,176,160),(184,176,168),(181,185,169),(170,187,
171),(186,187,170),(173,177,189),(178,175,191),(178,191,193),(189,177,194),
(182,179,195),(182,195,197),(198,185,181),(174,199,183),(190,199,174),(180,
172,196),(196,172,188),(184,192,176),(200,192,184),(196,188,201),(203,187,
186),(201,188,205),(203,206,187),(200,208,192),(193,191,209),(209,191,207),
(197,195,211),(211,195,202),(213,199,190),(215,208,200),(213,216,199),(198,
204,185),(189,194,214),(214,194,210),(212,204,198),(201,205,218),(219,206,
203),(218,205,221),(219,222,206),(215,224,208),(209,207,225),(225,207,223),
(211,202,227),(227,202,217),(229,216,213),(231,224,215),(229,232,216),(212,
220,204),(214,210,230),(230,210,226),(228,220,212),(218,221,234),(235,222,
219),(234,221,237),(235,238,222),(231,240,224),(225,223,241),(241,223,239),
(227,217,243),(243,217,233),(245,232,229),(247,240,231),(245,248,232),(228,
236,220),(230,226,246),(246,226,242),(244,236,228),(234,237,250),(251,238,
235),(250,237,253),(251,254,238),(247,256,240),(241,239,257),(257,239,255),
(243,233,259),(259,233,249),(261,248,245),(263,256,247),(261,264,248),(244,
252,236),(246,242,262),(262,242,258),(260,252,244),(250,253,266),(267,254,
251),(266,253,269),(267,270,254),(263,272,256),(257,255,273),(273,255,271),
(259,249,275),(275,249,265),(277,264,261),(279,272,263),(277,280,264),(260,
268,252),(262,258,278),(278,258,274),(276,268,260),(266,269,282),(283,270,
267),(282,269,285),(283,286,270),(279,288,272),(273,271,289),(289,271,287),
(275,265,291),(291,265,281),(293,280,277),(295,288,279),(293,296,280),(276,
284,268),(278,274,294),(294,274,290),(292,284,276),(282,285,298),(298,285,
299),(301,300,286),(301,286,283),(295,303,288),(305,287,304),(289,287,305),
(307,281,297),(291,281,307),(309,303,295),(311,310,296),(311,296,293),(298,
299,313),(313,299,315),(317,316,300),(317,300,301),(309,319,303),(321,304,
320),(305,304,321),(323,297,314),(307,297,323),(325,319,309),(327,326,310),
(327,310,311),(292,302,284),(294,290,312),(312,290,306),(308,302,292),(313,
315,329),(329,315,331),(333,332,316),(333,316,317),(325,335,319),(337,320,
336),(321,320,337),(339,314,330),(323,314,339),(341,335,325),(343,342,326),
(343,326,327),(329,331,345),(345,331,347),(349,348,332),(349,332,333),(341,
351,335),(353,336,352),(337,336,353),(355,330,346),(339,330,355),(357,351,
341),(359,358,342),(359,342,343),(308,318,302),(312,306,328),(328,306,322),
(324,318,308),(345,347,361),(361,347,363),(348,365,364),(365,348,349),(357,
363,351),(367,352,364),(353,352,367),(369,346,362),(355,346,369),(361,363,
357),(358,371,362),(371,358,359),(364,365,373),(364,373,367),(362,376,369),
(362,371,376),(324,334,318),(328,322,344),(344,322,338),(340,334,324),(340,
350,334),(344,338,360),(360,338,354),(356,350,340),(356,366,350),(360,354,
372),(372,354,368),(370,366,356),(370,374,366),(372,368,375),(375,368,374),
(375,374,370)),());
#1322=COMPLEX_TRIANGULATED_FACE('ConvergentBody',#1377,376,((-0.997946195667762,
0.,0.0640577126678773),(0.,1.,0.),(-0.997946195667762,0.,-0.0640577126678776),
(0.,-1.,0.),(0.,-1.,0.),(-0.997946195667762,0.,0.0640577126678773),(0.,
-1.,0.),(0.997564591236092,0.,-0.0697487369919308),(-0.997946195667762,
0.,-0.0640577126678776),(0.,1.,0.),(-0.981561951922893,0.,-0.191144276757952),
(0.,-1.,0.),(0.,-1.,0.),(0.997564591236092,0.,0.0697487369919304),(-0.981561951922893,
0.,0.191144276757951),(0.,1.,0.),(-0.981561951922893,0.,0.191144276757951),
(0.,-1.,0.),(0.,1.,0.),(0.997564591236092,0.,-0.0697487369919308),(-0.981561951922893,
0.,-0.191144276757952),(0.,1.,0.),(0.,1.,0.),(0.997564591236092,0.,0.0697487369919304),
(-0.94905180613712,0.,-0.315120087058679),(0.,-1.,0.),(0.,-1.,0.),(0.978146566173617,
0.,0.207916557981229),(-0.94905180613712,0.,0.315120087058679),(0.,1.,0.),
(-0.94905180613712,0.,0.315120087058679),(0.,-1.,0.),(0.,-1.,0.),(0.978146566173617,
0.,-0.207916557981229),(-0.94905180613712,0.,-0.315120087058679),(0.,1.,
0.),(0.,1.,0.),(0.978146566173617,0.,0.207916557981229),(0.,1.,0.),(0.978146566173617,
0.,-0.207916557981229),(-0.900967070449642,0.,-0.433887471546933),(0.,-1.,
0.),(0.,-1.,0.),(0.939693794146343,0.,0.342016919527165),(-0.90096640483614,
0.,0.433888853690252),(0.,1.,0.),(-0.90096640483614,0.,0.433888853690252),
(0.,-1.,0.),(0.,-1.,0.),(0.939694274227675,0.,-0.342015600497585),(-0.900967070449642,
0.,-0.433887471546933),(0.,1.,0.),(0.,1.,0.),(0.939693794146343,0.,0.342016919527165),
(0.,1.,0.),(0.939694274227675,0.,-0.342015600497585),(-0.838097554922601,
0.,-0.545520383150582),(0.,-1.,0.),(0.,-1.,0.),(0.882948926681266,0.,0.46946905422232),
(-0.838097738089053,0.,0.54552010174696),(0.,1.,0.),(-0.838097738089053,
0.,0.54552010174696),(0.,-1.,0.),(0.,-1.,0.),(0.882948727026684,0.,-0.469469429720357),
(-0.838097554922601,0.,-0.545520383150582),(0.,1.,0.),(0.,1.,0.),(0.882948926681266,
0.,0.46946905422232),(0.,1.,0.),(0.882948727026684,0.,-0.469469429720357),
(-0.761439873253736,0.,-0.648235543162618),(0.,-1.,0.),(0.,-1.,0.),(0.809011649096468,
0.,0.587792609366784),(-0.761441085343771,0.,0.648234119397074),(0.,1.,
0.),(-0.761441085343771,0.,0.648234119397074),(0.,-1.,0.),(0.,-1.,0.),(0.809011878041471,
0.,-0.587792294256918),(-0.761439873253736,0.,-0.648235543162618),(0.,1.,
0.),(0.,1.,0.),(0.809011649096468,0.,0.587792609366784),(0.,1.,0.),(0.809011878041471,
0.,-0.587792294256918),(-0.672292342349615,0.,-0.740285759972504),(0.,-1.,
0.),(0.,-1.,0.),(0.719353609065427,0.,0.694644070819398),(-0.672294151764001,
0.,0.740284116744323),(0.,1.,0.),(0.,-1.,0.),(0.719351586815421,0.,-0.694646164997789),
(-0.672294151764001,0.,0.740284116744323),(0.,-1.,0.),(0.,1.,0.),(0.719353609065427,
0.,0.694644070819398),(-0.672292342349615,0.,-0.740285759972504),(0.,1.,
0.),(0.,1.,0.),(0.719351586815421,0.,-0.694646164997789),(-0.572121477134647,
0.,-0.820168894436548),(0.,-1.,0.),(0.,-1.,0.),(0.615663512043501,0.,0.788009162344107),
(-0.572123481800786,0.,0.820167496047086),(0.,1.,0.),(0.,-1.,0.),(0.615659469819806,
0.,-0.788012320475509),(-0.572123481800786,0.,0.820167496047086),(0.,-1.,
0.),(0.,1.,0.),(0.615663512043501,0.,0.788009162344107),(-0.572121477134647,
0.,-0.820168894436548),(0.,1.,0.),(0.,1.,0.),(0.615659469819806,0.,-0.788012320475509),
(-0.46254020424669,0.,-0.886598307834743),(0.,-1.,0.),(0.,-1.,0.),(0.499992216818118,
0.,0.866029897359961),(-0.462537669748148,0.,0.886599630083361),(0.,1.,
0.),(0.,-1.,0.),(0.499992216818118,0.,-0.866029897359961),(-0.462537669748148,
0.,0.886599630083361),(0.,-1.,0.),(0.,1.,0.),(0.499992216818118,0.,0.866029897359961),
(-0.46254020424669,0.,-0.886598307834743),(0.,1.,0.),(0.,1.,0.),(0.499992216818118,
0.,-0.866029897359961),(-0.345363330404828,0.,-0.938469056501963),(0.,-1.,
0.),(0.,-1.,0.),(0.374608137759234,0.,0.927183230610088),(-0.345363460210542,
0.,0.938469008732522),(0.,1.,0.),(0.,-1.,0.),(0.374608137759234,0.,-0.927183230610088),
(-0.345363460210542,0.,0.938469008732522),(0.,-1.,0.),(0.,1.,0.),(0.374608137759234,
0.,0.927183230610088),(-0.345363330404828,0.,-0.938469056501963),(0.,1.,
0.),(0.,1.,0.),(0.374608137759234,0.,-0.927183230610088),(-0.222517848013447,
0.,-0.974928616523007),(0.,-1.,0.),(0.,-1.,0.),(0.241916509433797,0.,0.970297069182097),
(-0.22251776109995,0.,0.974928636360152),(0.,1.,0.),(0.,-1.,0.),(0.241919807346463,
0.,-0.970296246933611),(-0.22251776109995,0.,0.974928636360152),(0.,-1.,
0.),(0.,1.,0.),(0.241916509433797,0.,0.970297069182097),(-0.222517848013447,
0.,-0.974928616523007),(0.,1.,0.),(0.,1.,0.),(0.241919807346463,0.,-0.970296246933611),
(-0.0960226517127482,0.,-0.995379149047262),(0.,-1.,0.),(0.,-1.,0.),(0.10452545072634,
0.,0.994522211994511),(-0.0960226901515452,0.,0.995379145339132),(0.,1.,
0.),(0.,-1.,0.),(0.104528830977921,0.,-0.994521856720298),(-0.0960226901515452,
0.,0.995379145339132),(0.,-1.,0.),(0.,1.,0.),(0.10452545072634,0.,0.994522211994511),
(-0.0960226517127482,0.,-0.995379149047262),(0.,1.,0.),(0.,1.,0.),(0.104528830977921,
0.,-0.994521856720298),(0.0320459225736049,0.,-0.999486397529454),(0.,-1.,
0.),(0.,-1.,0.),(-0.0349013844547786,0.,0.999390761095549),(0.0320490197203911,
0.,0.999486298222723),(0.,1.,0.),(0.,-1.,0.),(-0.0348979541689527,0.,-0.999390880884362),
(0.,-1.,0.),(0.0320490197203911,0.,0.999486298222723),(0.,1.,0.),(-0.0349013844547786,
0.,0.999390761095549),(0.,1.,0.),(0.0320459225736049,0.,-0.999486397529454),
(0.,1.,0.),(-0.0348979541689527,0.,-0.999390880884362),(-0.173651665554137,
0.,0.984807137997219),(0.,1.,0.),(0.,-1.,0.),(0.159595624273614,0.,-0.987182473868289),
(-0.173651665554137,0.,0.984807137997219),(0.,-1.,0.),(0.,-1.,0.),(-0.173648285324016,
0.,-0.984807734029353),(0.,-1.,0.),(0.159598759233094,0.,0.987181967041162),
(0.,1.,0.),(0.159595624273614,0.,-0.987182473868289),(0.,1.,0.),(0.159598759233094,
0.,0.987181967041162),(-0.173648285324016,0.,-0.984807734029353),(0.,1.,
0.),(0.,1.,0.),(-0.309022107620623,0.,0.951054854885725),(0.,-1.,0.),(0.284526893580699,
0.,-0.958668058730089),(-0.309022107620623,0.,0.951054854885725),(0.,-1.,
0.),(0.,-1.,0.),(-0.309022107620622,0.,-0.951054854885726),(0.,-1.,0.),
(0.284523971720589,0.,0.958668925915689),(0.,1.,0.),(0.284526893580699,
0.,-0.958668058730089),(0.,1.,0.),(0.284523971720589,0.,0.958668925915689),
(-0.309022107620622,0.,-0.951054854885726),(0.,1.,0.),(0.,1.,0.),(-0.438372779489835,
0.,0.898793249975965),(0.,-1.,0.),(0.404784036291042,0.,-0.9144123161703),
(-0.438372779489835,0.,0.898793249975965),(0.,-1.,0.),(0.,-1.,0.),(-0.438375465898887,
0.,-0.898791939715713),(0.,-1.,0.),(0.404781501807095,0.,0.914413438109257),
(0.,1.,0.),(0.404784036291042,0.,-0.9144123161703),(0.,1.,0.),(0.404781501807095,
0.,0.914413438109257),(-0.438375465898887,0.,-0.898791939715713),(0.,1.,
0.),(0.,1.,0.),(-0.559192208943207,0.,0.829038041019359),(0.,-1.,0.),(0.518405715004065,
0.,-0.855134793264269),(-0.559192208943207,0.,0.829038041019359),(0.,-1.,
0.),(0.,-1.,0.),(-0.559194686859798,0.,-0.829036369641147),(0.,-1.,0.),
(0.518403344819567,0.,0.855136230129379),(0.,1.,0.),(0.518405715004065,
0.,-0.855134793264269),(0.,1.,0.),(0.518403344819567,0.,0.855136230129379),
(-0.559194686859798,0.,-0.829036369641147),(0.,1.,0.),(0.,1.,0.),(-0.669124763011008,
0.,0.743150086809833),(0.,-1.,0.),(0.623492807453626,0.,-0.781829085576634),
(-0.669124763011008,0.,0.743150086809833),(0.,-1.,0.),(0.,-1.,0.),(-0.669126544700793,
0.,-0.743148482590645),(0.,-1.,0.),(0.623496426207379,0.,0.781826199680355),
(0.,1.,0.),(0.623492807453626,0.,-0.781829085576634),(0.,1.,0.),(0.623496426207379,
0.,0.781826199680355),(-0.669126544700793,0.,-0.743148482590645),(0.,1.,
0.),(0.,1.,0.),(-0.766044274070225,0.,0.642787811150945),(0.,-1.,0.),(0.718337074934895,
0.,-0.695695225493161),(-0.766044274070225,0.,0.642787811150945),(0.,-1.,
0.),(0.,-1.,0.),(-0.766043207225264,0.,-0.642789082564437),(0.,-1.,0.),
(0.718338885172977,0.,0.695693356334848),(0.,1.,0.),(0.718337074934895,
0.,-0.695695225493161),(0.,1.,0.),(0.718338885172977,0.,0.695693356334848),
(-0.766043207225264,0.,-0.642789082564437),(0.,1.,0.),(0.,1.,0.),(-0.848048032482909,
0.,0.529919366132118),(-0.848048032482909,0.,0.529919366132118),(0.,-1.,
0.),(0.,-1.,0.),(0.80141197119031,0.,-0.598112742242515),(-0.848046741136853,
0.,-0.529921432711646),(0.,-1.,0.),(0.,-1.,0.),(0.801410759099552,0.,0.598114366320924),
(0.,1.,0.),(0.80141197119031,0.,-0.598112742242515),(-0.848046741136853,
0.,-0.529921432711646),(0.,1.,0.),(0.,1.,0.),(0.801410759099552,0.,0.598114366320924),
(-0.913538477269844,0.,0.406752320887657),(0.,1.,0.),(-0.913538477269844,
0.,0.406752320887657),(0.,-1.,0.),(0.,-1.,0.),(0.871324433282214,0.,-0.490707379163417),
(-0.913539136342314,0.,-0.406750840651791),(0.,-1.,0.),(0.,-1.,0.),(0.871324433282214,
0.,0.490707379163415),(0.,1.,0.),(0.871324433282214,0.,-0.490707379163417),
(-0.913539136342314,0.,-0.406750840651791),(0.,1.,0.),(0.,1.,0.),(0.871324433282214,
0.,0.490707379163415),(-0.961260316192281,0.,0.27564216751781),(0.,1.,0.),
(-0.961260316192281,0.,0.27564216751781),(0.,-1.,0.),(0.,-1.,0.),(0.926915565297882,
0.,-0.375269949247883),(-0.961260316192283,0.,-0.275642167517802),(0.,-1.,
0.),(0.,-1.,0.),(0.926915565297882,0.,0.375269949247883),(0.,1.,0.),(0.926915565297882,
0.,-0.375269949247883),(-0.961260316192283,0.,-0.275642167517802),(0.,1.,
0.),(0.,1.,0.),(0.926915565297882,0.,0.375269949247883),(-0.990269395635487,
0.,0.139163659292676),(0.,1.,0.),(-0.990269395635487,0.,0.139163659292676),
(0.,-1.,0.),(0.,-1.,0.),(0.96729688278054,0.,-0.253646881634784),(-0.990269328638953,
0.,-0.139164136029934),(0.,-1.,0.),(0.,-1.,0.),(0.96729688278054,0.,0.253646881634784),
(0.,1.,0.),(0.96729688278054,0.,-0.253646881634784),(-0.990269328638953,
0.,-0.139164136029934),(0.,1.,0.),(0.,1.,0.),(0.96729688278054,0.,0.253646881634784),
(-0.999999999999884,0.,0.),(0.,1.,0.),(-0.999999999999884,0.,0.),(0.,-1.,
0.),(0.,-1.,0.),(0.991791807028806,0.,-0.127863253167342),(0.,-1.,0.),(0.991791755802278,
0.,0.127863650513483),(0.,1.,0.),(0.991791807028806,0.,-0.127863253167342),
(0.,1.,0.),(0.991791755802278,0.,0.127863650513483),(0.,-1.,0.),(0.99999999999992,
0.,0.),(0.99999999999992,0.,0.),(0.,1.,0.)),$,(4,4,1,1,2,2,22,22,3,3,5,
5,21,21,8,8,6,6,24,24,7,7,23,23,9,9,25,25,12,12,10,10,26,26,11,11,27,27,
28,28,13,13,29,29,16,16,14,14,30,30,15,15,31,31,32,32,17,17,37,37,20,20,
18,18,38,38,19,19,39,39,40,40,33,33,41,41,36,36,34,34,42,42,35,35,43,43,
44,44,45,45,49,49,48,48,50,50,46,46,51,51,47,47,52,52,53,53,57,57,56,56,
58,58,54,54,59,59,55,55,60,60,61,61,65,65,64,64,66,66,62,62,67,67,63,63,
68,68,69,69,73,73,72,72,74,74,70,70,75,75,71,71,76,76,77,77,81,81,80,80,
82,82,78,78,83,83,79,79,84,84,85,85,89,89,88,88,90,90,86,86,91,91,87,87,
92,92,97,97,93,93,100,100,94,94,98,98,95,95,99,99,96,96,103,103,105,105,
101,101,102,102,106,106,107,107,108,108,104,104,111,111,113,113,109,109,
110,110,114,114,115,115,116,116,112,112,119,119,121,121,117,117,118,118,
122,122,123,123,124,124,120,120,127,127,129,129,125,125,126,126,130,130,
131,131,132,132,128,128,135,135,137,137,133,133,134,134,138,138,139,139,
140,140,136,136,143,143,149,149,141,141,142,142,150,150,151,151,152,152,
144,144,147,147,145,145,161,161,146,146,162,162,163,163,148,148,164,164,
155,155,153,153,171,171,154,154,172,172,173,173,156,156,174,174,159,159,
157,157,175,175,158,158,176,176,177,177,160,160,178,178,167,167,165,165,
179,179,166,166,180,180,181,181,168,168,182,182,170,170,169,169,183,183,
184,184,185,185,186,186,187,187,188,188),((1,3,6),(4,7,5),(9,3,1),(9,11,
3),(12,13,4),(4,13,7),(1,6,15),(15,6,17),(5,7,18),(2,19,10),(21,11,9),(10,
23,22),(10,19,23),(16,19,2),(21,25,11),(26,27,12),(12,27,13),(15,17,29),
(29,17,31),(18,33,32),(18,7,33),(35,25,21),(22,37,36),(22,23,37),(30,39,
16),(16,39,19),(35,41,25),(42,43,26),(26,43,27),(29,31,45),(45,31,47),(32,
49,48),(32,33,49),(51,41,35),(36,53,52),(36,37,53),(46,55,30),(30,55,39),
(51,57,41),(58,59,42),(42,59,43),(45,47,61),(61,47,63),(48,65,64),(48,49,
65),(67,57,51),(52,69,68),(52,53,69),(62,71,46),(46,71,55),(67,73,57),(74,
75,58),(58,75,59),(61,63,77),(77,63,79),(64,81,80),(64,65,81),(83,73,67),
(68,85,84),(68,69,85),(78,87,62),(62,87,71),(24,8,14),(24,14,38),(38,14,
28),(20,8,24),(20,34,8),(40,34,20),(38,28,54),(54,28,44),(40,50,34),(56,
50,40),(54,44,70),(70,44,60),(56,66,50),(72,66,56),(83,89,73),(74,91,75),
(90,91,74),(77,79,93),(80,81,95),(93,79,97),(80,95,98),(84,85,99),(101,
89,83),(84,99,102),(78,103,87),(94,103,78),(70,60,86),(86,60,76),(72,82,
66),(88,82,72),(86,76,100),(100,76,92),(88,96,82),(104,96,88),(101,105,
89),(90,107,91),(106,107,90),(93,97,109),(98,95,111),(109,97,113),(98,111,
114),(102,99,115),(117,105,101),(102,115,118),(94,119,103),(110,119,94),
(100,92,116),(116,92,108),(104,112,96),(120,112,104),(117,121,105),(106,
123,107),(122,123,106),(109,113,125),(114,111,127),(125,113,129),(114,127,
130),(118,115,131),(133,121,117),(118,131,134),(110,135,119),(126,135,110),
(116,108,132),(132,108,124),(120,128,112),(136,128,120),(133,137,121),(122,
139,123),(138,139,122),(125,129,141),(130,127,143),(141,129,145),(130,143,
146),(134,131,147),(149,137,133),(134,147,150),(126,151,135),(142,151,126),
(132,124,148),(148,124,140),(136,144,128),(152,144,136),(149,153,137),(138,
155,139),(154,155,138),(141,145,157),(146,143,159),(157,145,161),(146,159,
162),(150,147,163),(165,153,149),(150,163,166),(142,167,151),(158,167,142),
(148,140,164),(164,140,156),(152,160,144),(168,160,152),(165,169,153),(154,
171,155),(170,171,154),(157,161,173),(162,159,175),(173,161,177),(162,175,
178),(166,163,179),(181,169,165),(166,179,182),(158,183,167),(174,183,158),
(164,156,180),(180,156,172),(168,176,160),(184,176,168),(181,185,169),(170,
187,171),(186,187,170),(173,177,189),(178,175,191),(178,191,193),(189,177,
194),(182,179,195),(182,195,197),(198,185,181),(174,199,183),(190,199,174),
(180,172,196),(196,172,188),(184,192,176),(200,192,184),(196,188,201),(203,
187,186),(201,188,205),(203,206,187),(200,208,192),(193,191,209),(209,191,
207),(197,195,211),(211,195,202),(213,199,190),(215,208,200),(213,216,199),
(198,204,185),(189,194,214),(214,194,210),(212,204,198),(201,205,218),(219,
206,203),(218,205,221),(219,222,206),(215,224,208),(209,207,225),(225,207,
223),(211,202,227),(227,202,217),(229,216,213),(231,224,215),(229,232,216),
(212,220,204),(214,210,230),(230,210,226),(228,220,212),(218,221,234),(235,
222,219),(234,221,237),(235,238,222),(231,240,224),(225,223,241),(241,223,
239),(227,217,243),(243,217,233),(245,232,229),(247,240,231),(245,248,232),
(228,236,220),(230,226,246),(246,226,242),(244,236,228),(234,237,250),(251,
238,235),(250,237,253),(251,254,238),(247,256,240),(241,239,257),(257,239,
255),(243,233,259),(259,233,249),(261,248,245),(263,256,247),(261,264,248),
(244,252,236),(246,242,262),(262,242,258),(260,252,244),(250,253,266),(267,
254,251),(266,253,269),(267,270,254),(263,272,256),(257,255,273),(273,255,
271),(259,249,275),(275,249,265),(277,264,261),(279,272,263),(277,280,264),
(260,268,252),(262,258,278),(278,258,274),(276,268,260),(266,269,282),(283,
270,267),(282,269,285),(283,286,270),(279,288,272),(273,271,289),(289,271,
287),(275,265,291),(291,265,281),(293,280,277),(295,288,279),(293,296,280),
(276,284,268),(278,274,294),(294,274,290),(292,284,276),(282,285,298),(298,
285,299),(301,300,286),(301,286,283),(295,303,288),(305,287,304),(289,287,
305),(307,281,297),(291,281,307),(309,303,295),(311,310,296),(311,296,293),
(298,299,313),(313,299,315),(317,316,300),(317,300,301),(309,319,303),(321,
304,320),(305,304,321),(323,297,314),(307,297,323),(325,319,309),(327,326,
310),(327,310,311),(292,302,284),(294,290,312),(312,290,306),(308,302,292),
(313,315,329),(329,315,331),(333,332,316),(333,316,317),(325,335,319),(337,
320,336),(321,320,337),(339,314,330),(323,314,339),(341,335,325),(343,342,
326),(343,326,327),(329,331,345),(345,331,347),(349,348,332),(349,332,333),
(341,351,335),(353,336,352),(337,336,353),(355,330,346),(339,330,355),(357,
351,341),(359,358,342),(359,342,343),(308,318,302),(312,306,328),(328,306,
322),(324,318,308),(345,347,361),(361,347,363),(348,365,364),(365,348,349),
(357,363,351),(367,352,364),(353,352,367),(369,346,362),(355,346,369),(361,
363,357),(358,371,362),(371,358,359),(364,365,373),(364,373,367),(362,376,
369),(362,371,376),(324,334,318),(328,322,344),(344,322,338),(340,334,324),
(340,350,334),(344,338,360),(360,338,354),(356,350,340),(356,366,350),(360,
354,372),(372,354,368),(370,366,356),(370,374,366),(372,368,375),(375,368,
374),(375,374,370)),());
#1323=COMPLEX_TRIANGULATED_FACE('ConvergentBody',#1378,376,((-0.997945276590994,
0.,0.0640720292305755),(0.,1.,0.),(-0.997945250716561,0.,-0.0640724322330554),
(0.,-1.,0.),(0.,-1.,0.),(-0.997945276590994,0.,0.0640720292305755),(0.,
-1.,0.),(0.997563976839323,0.,-0.0697575236982761),(-0.997945250716561,
0.,-0.0640724322330554),(0.,1.,0.),(-0.981560036969472,0.,-0.191154110142806),
(0.,-1.,0.),(0.,-1.,0.),(0.997563942923695,0.,0.0697580087053161),(-0.981560114163586,
0.,0.191153713757195),(0.,1.,0.),(-0.981560114163586,0.,0.191153713757195),
(0.,-1.,0.),(0.,1.,0.),(0.997563976839323,0.,-0.0697575236982761),(-0.981560036969472,
0.,-0.191154110142806),(0.,1.,0.),(0.,1.,0.),(0.997563942923695,0.,0.0697580087053161),
(-0.949059886831444,0.,-0.315095749269148),(0.,-1.,0.),(0.,-1.,0.),(0.978149978432503,
0.,0.207900504310339),(-0.949059140039848,0.,0.315097998576353),(0.,1.,
0.),(-0.949059140039848,0.,0.315097998576353),(0.,-1.,0.),(0.,-1.,0.),(0.978149879340901,
0.,-0.207900970525346),(-0.949059886831444,0.,-0.315095749269148),(0.,1.,
0.),(0.,1.,0.),(0.978149978432503,0.,0.207900504310339),(0.,1.,0.),(0.978149879340901,
0.,-0.207900970525346),(-0.900973548401186,0.,-0.433874019827617),(0.,-1.,
0.),(0.,-1.,0.),(0.939696923932636,0.,0.342008320295781),(-0.900972520100702,
0.,0.433876155168026),(0.,1.,0.),(-0.900972520100702,0.,0.433876155168026),
(0.,-1.,0.),(0.,-1.,0.),(0.939696594639468,0.,-0.342009225055387),(-0.900973548401186,
0.,-0.433874019827617),(0.,1.,0.),(0.,1.,0.),(0.939696923932636,0.,0.342008320295781),
(0.,1.,0.),(0.939696594639468,0.,-0.342009225055387),(-0.838086697659352,
0.,-0.545537063091448),(0.,-1.,0.),(0.,-1.,0.),(0.88294551936421,0.,0.469475462441506),
(-0.838087728051218,0.,0.545535480138504),(0.,1.,0.),(-0.838087728051218,
0.,0.545535480138504),(0.,-1.,0.),(0.,-1.,0.),(0.882945519364211,0.,-0.469475462441503),
(-0.838086697659352,0.,-0.545537063091448),(0.,1.,0.),(0.,1.,0.),(0.88294551936421,
0.,0.469475462441506),(0.,1.,0.),(0.882945519364211,0.,-0.469475462441503),
(-0.761438563886909,0.,-0.648237081187001),(0.,-1.,0.),(0.,-1.,0.),(0.809016833041585,
0.,0.587785474348732),(-0.761441212347447,0.,0.648233970213572),(0.,1.,
0.),(-0.761441212347447,0.,0.648233970213572),(0.,-1.,0.),(0.,-1.,0.),(0.809016833041591,
0.,-0.587785474348724),(-0.761438563886909,0.,-0.648237081187001),(0.,1.,
0.),(0.,1.,0.),(0.809016833041585,0.,0.587785474348732),(0.,1.,0.),(0.809016833041591,
0.,-0.587785474348724),(-0.672296155039177,0.,-0.74028229745114),(0.,-1.,
0.),(0.,-1.,0.),(0.719336674499056,0.,0.694661607346079),(-0.672297781346489,
0.,0.740280820497592),(0.,1.,0.),(-0.672297781346489,0.,0.740280820497592),
(0.,-1.,0.),(0.,-1.,0.),(0.719338477888442,0.,-0.694659739893669),(-0.672296155039177,
0.,-0.74028229745114),(0.,1.,0.),(0.,1.,0.),(0.719336674499056,0.,0.694661607346079),
(0.,1.,0.),(0.719338477888442,0.,-0.694659739893669),(-0.572125118799533,
0.,-0.820166354124954),(0.,-1.,0.),(0.,-1.,0.),(0.615650688003942,0.,0.788019181467224),
(-0.57212290394594,0.,0.820167899140453),(0.,1.,0.),(0.,-1.,0.),(0.615648169436518,
0.,-0.788021149125748),(-0.57212290394594,0.,0.820167899140453),(0.,-1.,
0.),(0.,1.,0.),(0.615650688003942,0.,0.788019181467224),(-0.572125118799533,
0.,-0.820166354124954),(0.,1.,0.),(0.,1.,0.),(0.615648169436518,0.,-0.788021149125748),
(-0.462547751702844,0.,-0.886594370270105),(0.,-1.,0.),(0.,-1.,0.),(0.499998224528236,
0.,0.866026428851113),(-0.46254535746142,0.,0.886595619372715),(0.,1.,0.),
(0.,-1.,0.),(0.499995927579181,0.,-0.866027754984928),(-0.46254535746142,
0.,0.886595619372715),(0.,-1.,0.),(0.,1.,0.),(0.499998224528236,0.,0.866026428851113),
(-0.462547751702844,0.,-0.886594370270105),(0.,1.,0.),(0.,1.,0.),(0.499995927579181,
0.,-0.866027754984928),(-0.3453632818894,0.,-0.938469074355987),(0.,-1.,
0.),(0.,-1.,0.),(0.374612604807926,0.,0.927181425784092),(-0.345360440841589,
0.,0.938470119876868),(0.,1.,0.),(0.,-1.,0.),(0.374615516025021,0.,-0.927180249548763),
(-0.345360440841589,0.,0.938470119876868),(0.,-1.,0.),(0.,1.,0.),(0.374612604807926,
0.,0.927181425784092),(-0.3453632818894,0.,-0.938469074355987),(0.,1.,0.),
(0.,1.,0.),(0.374615516025021,0.,-0.927180249548763),(-0.222520674396031,
0.,-0.974927971424728),(0.,-1.,0.),(0.,-1.,0.),(0.2419213878933,0.,0.97029585286127),
(-0.222520762226072,0.,0.974927951378115),(0.,1.,0.),(0.,-1.,0.),(0.2419213878933,
0.,-0.97029585286127),(-0.222520762226072,0.,0.974927951378115),(0.,-1.,
0.),(0.,1.,0.),(0.2419213878933,0.,0.97029585286127),(-0.222520674396031,
0.,-0.974927971424728),(0.,1.,0.),(0.,1.,0.),(0.2419213878933,0.,-0.97029585286127),
(-0.0960199464095254,0.,-0.995379410019874),(0.,-1.,0.),(0.,-1.,0.),(0.10452463461198,
0.,0.994522297768749),(-0.0960261910214227,0.,0.995378807609403),(0.,1.,
0.),(0.,-1.,0.),(0.10452463461198,0.,-0.994522297768749),(-0.0960261910214227,
0.,0.995378807609403),(0.,-1.,0.),(0.,1.,0.),(0.10452463461198,0.,0.994522297768749),
(-0.0960199464095254,0.,-0.995379410019874),(0.,1.,0.),(0.,1.,0.),(0.10452463461198,
0.,-0.994522297768749),(0.0320530961829489,0.,-0.999486167500625),(0.,-1.,
0.),(0.,-1.,0.),(-0.0348998783970223,0.,0.999390813689956),(0.0320530833329519,
0.,0.999486167912718),(0.,1.,0.),(0.,-1.,0.),(-0.0348964062731931,0.,-0.999390934934481),
(0.,-1.,0.),(0.0320530833329519,0.,0.999486167912718),(0.,1.,0.),(-0.0348998783970223,
0.,0.999390813689956),(0.,1.,0.),(0.0320530961829489,0.,-0.999486167500625),
(0.,1.,0.),(-0.0348964062731931,0.,-0.999390934934481),(-0.173646077271748,
0.,0.984808123366239),(0.,1.,0.),(0.,-1.,0.),(0.159596912837698,0.,-0.987182265548098),
(-0.173646077271748,0.,0.984808123366239),(0.,-1.,0.),(0.,-1.,0.),(-0.173642655810849,
0.,-0.984808726648457),(0.,-1.,0.),(0.159600015882601,0.,0.987181763876478),
(0.,1.,0.),(0.159596912837698,0.,-0.987182265548098),(0.,1.,0.),(0.159600015882601,
0.,0.987181763876478),(-0.173642655810849,0.,-0.984808726648457),(0.,1.,
0.),(0.,1.,0.),(-0.309018224801188,0.,0.951056116504553),(0.,-1.,0.),(0.284525492198025,
0.,-0.958668474650894),(-0.309018224801188,0.,0.951056116504553),(0.,-1.,
0.),(0.,-1.,0.),(-0.309021305292439,0.,-0.95105511558235),(0.,-1.,0.),(0.284525492198037,
0.,0.95866847465089),(0.,1.,0.),(0.284525492198025,0.,-0.958668474650894),
(0.,1.,0.),(0.284525492198037,0.,0.95866847465089),(-0.309021305292439,
0.,-0.95105511558235),(0.,1.,0.),(0.,1.,0.),(-0.438375119817213,0.,0.898792108513),
(0.,-1.,0.),(0.404787663995002,0.,-0.914410710281474),(-0.438375119817213,
0.,0.898792108513),(0.,-1.,0.),(0.,-1.,0.),(-0.438378031023463,0.,-0.898790688601073),
(0.,-1.,0.),(0.404787663995004,0.,0.914410710281473),(0.,1.,0.),(0.404787663995002,
0.,-0.914410710281474),(0.,1.,0.),(0.404787663995004,0.,0.914410710281473),
(-0.438378031023463,0.,-0.898790688601073),(0.,1.,0.),(0.,1.,0.),(-0.559185004420711,
0.,0.829042900476815),(0.,-1.,0.),(0.518393858365311,0.,-0.855141980965223),
(-0.559185004420711,0.,0.829042900476815),(0.,-1.,0.),(0.,-1.,0.),(-0.559185004420712,
0.,-0.829042900476814),(0.,-1.,0.),(0.518393858365299,0.,0.85514198096523),
(0.,1.,0.),(0.518393858365311,0.,-0.855141980965223),(0.,1.,0.),(0.518393858365299,
0.,0.85514198096523),(-0.559185004420712,0.,-0.829042900476814),(0.,1.,
0.),(0.,1.,0.),(-0.669125483675041,0.,0.743149437930651),(0.,-1.,0.),(0.623493692197508,
0.,-0.781828380010549),(-0.669125483675041,0.,0.743149437930651),(0.,-1.,
0.),(0.,-1.,0.),(-0.669125483675028,0.,-0.743149437930663),(0.,-1.,0.),
(0.623491864509292,0.,0.781829837554648),(0.,1.,0.),(0.623493692197508,
0.,-0.781828380010549),(0.,1.,0.),(0.623491864509292,0.,0.781829837554648),
(-0.669125483675028,0.,-0.743149437930663),(0.,1.,0.),(0.,1.,0.),(-0.76604897900341,
0.,0.642782203991238),(0.,-1.,0.),(0.718348709607864,0.,-0.695683211961247),
(-0.76604897900341,0.,0.642782203991238),(0.,-1.,0.),(0.,-1.,0.),(-0.76604897900341,
0.,-0.642782203991238),(0.,-1.,0.),(0.718349931478282,0.,0.695681950279829),
(0.,1.,0.),(0.718348709607864,0.,-0.695683211961247),(0.,1.,0.),(0.718349931478282,
0.,0.695681950279829),(-0.76604897900341,0.,-0.642782203991238),(0.,1.,
0.),(0.,1.,0.),(-0.848054534405398,0.,0.52990896074179),(-0.848054534405398,
0.,0.52990896074179),(0.,-1.,0.),(0.,-1.,0.),(0.801410101886622,0.,-0.598115246916574),
(-0.848054534405398,0.,-0.52990896074179),(0.,-1.,0.),(0.,-1.,0.),(0.801411520226951,
0.,0.598113346488379),(0.,1.,0.),(0.801410101886622,0.,-0.598115246916574),
(-0.848054534405398,0.,-0.52990896074179),(0.,1.,0.),(0.,1.,0.),(0.801411520226951,
0.,0.598113346488379),(-0.913550152385811,0.,0.406726098346125),(0.,1.,
0.),(-0.913550152385811,0.,0.406726098346125),(0.,-1.,0.),(0.,-1.,0.),(0.871313679407743,
0.,-0.490726473788547),(-0.913550152385811,0.,-0.406726098346124),(0.,-1.,
0.),(0.,-1.,0.),(0.871312161620852,0.,0.490729168698579),(0.,1.,0.),(0.871313679407743,
0.,-0.490726473788547),(-0.913550152385811,0.,-0.406726098346124),(0.,1.,
0.),(0.,1.,0.),(0.871312161620852,0.,0.490729168698579),(-0.961260954503027,
0.,0.275639941496019),(0.,1.,0.),(-0.961260954503027,0.,0.275639941496019),
(0.,-1.,0.),(0.,-1.,0.),(0.926916411816031,0.,-0.375267858344002),(-0.961260754292543,
0.,-0.275640639704908),(0.,-1.,0.),(0.,-1.,0.),(0.926915897618084,0.,0.375269128417008),
(0.,1.,0.),(0.926916411816031,0.,-0.375267858344002),(-0.961260754292543,
0.,-0.275640639704908),(0.,1.,0.),(0.,1.,0.),(0.926915897618084,0.,0.375269128417008),
(-0.990267353943721,0.,0.139178186916275),(0.,1.,0.),(-0.990267353943721,
0.,0.139178186916275),(0.,-1.,0.),(0.,-1.,0.),(0.96730047743901,0.,-0.253633172803288),
(-0.990267252851808,0.,-0.139178906193912),(0.,-1.,0.),(0.,-1.,0.),(0.967300630531854,
0.,0.253632588940534),(0.,1.,0.),(0.96730047743901,0.,-0.253633172803288),
(-0.990267252851808,0.,-0.139178906193912),(0.,1.,0.),(0.,1.,0.),(0.967300630531854,
0.,0.253632588940534),(-1.,0.,0.),(0.,1.,0.),(-1.,0.,0.),(0.,-1.,0.),(0.,
-1.,0.),(0.991788162088423,0.,-0.127891522554344),(0.,-1.,0.),(0.991788213389162,
0.,0.127891124720732),(0.,1.,0.),(0.991788162088423,0.,-0.127891522554344),
(0.,1.,0.),(0.991788213389162,0.,0.127891124720732),(0.,-1.,0.),(0.999999999999979,
0.,0.),(0.999999999999979,0.,0.),(0.,1.,0.)),$,(4,4,1,1,2,2,22,22,3,3,5,
5,21,21,8,8,6,6,24,24,7,7,23,23,9,9,25,25,12,12,10,10,26,26,11,11,27,27,
28,28,13,13,29,29,16,16,14,14,30,30,15,15,31,31,32,32,17,17,37,37,20,20,
18,18,38,38,19,19,39,39,40,40,33,33,45,45,36,36,34,34,46,46,35,35,47,47,
48,48,41,41,49,49,44,44,42,42,50,50,43,43,51,51,52,52,53,53,57,57,56,56,
58,58,54,54,59,59,55,55,60,60,61,61,65,65,64,64,66,66,62,62,67,67,63,63,
68,68,69,69,73,73,72,72,74,74,70,70,75,75,71,71,76,76,77,77,81,81,80,80,
82,82,78,78,83,83,79,79,84,84,85,85,89,89,88,88,90,90,86,86,91,91,87,87,
92,92,97,97,93,93,100,100,94,94,98,98,95,95,99,99,96,96,103,103,105,105,
101,101,102,102,106,106,107,107,108,108,104,104,111,111,113,113,109,109,
110,110,114,114,115,115,116,116,112,112,119,119,121,121,117,117,118,118,
122,122,123,123,124,124,120,120,127,127,129,129,125,125,126,126,130,130,
131,131,132,132,128,128,135,135,137,137,133,133,134,134,138,138,139,139,
140,140,136,136,143,143,149,149,141,141,142,142,150,150,151,151,152,152,
144,144,147,147,145,145,161,161,146,146,162,162,163,163,148,148,164,164,
155,155,153,153,171,171,154,154,172,172,173,173,156,156,174,174,159,159,
157,157,175,175,158,158,176,176,177,177,160,160,178,178,167,167,165,165,
179,179,166,166,180,180,181,181,168,168,182,182,170,170,169,169,183,183,
184,184,185,185,186,186,187,187,188,188),((1,3,6),(4,7,5),(9,3,1),(9,11,
3),(12,13,4),(4,13,7),(1,6,15),(15,6,17),(5,7,18),(2,19,10),(21,11,9),(10,
23,22),(10,19,23),(16,19,2),(21,25,11),(26,27,12),(12,27,13),(15,17,29),
(29,17,31),(18,33,32),(18,7,33),(35,25,21),(22,37,36),(22,23,37),(30,39,
16),(16,39,19),(35,41,25),(42,43,26),(26,43,27),(29,31,45),(45,31,47),(32,
49,48),(32,33,49),(51,41,35),(36,53,52),(36,37,53),(46,55,30),(30,55,39),
(51,57,41),(58,59,42),(42,59,43),(45,47,61),(61,47,63),(48,65,64),(48,49,
65),(67,57,51),(52,69,68),(52,53,69),(62,71,46),(46,71,55),(67,73,57),(74,
75,58),(58,75,59),(61,63,77),(77,63,79),(64,81,80),(64,65,81),(83,73,67),
(68,85,84),(68,69,85),(78,87,62),(62,87,71),(24,8,14),(24,14,38),(38,14,
28),(20,8,24),(20,34,8),(40,34,20),(38,28,54),(54,28,44),(40,50,34),(56,
50,40),(54,44,70),(70,44,60),(56,66,50),(72,66,56),(83,89,73),(90,91,74),
(74,91,75),(77,79,93),(93,79,95),(80,97,96),(80,81,97),(99,89,83),(84,101,
100),(84,85,101),(94,103,78),(78,103,87),(70,60,86),(86,60,76),(72,82,66),
(88,82,72),(99,105,89),(90,107,91),(106,107,90),(93,95,109),(96,97,111),
(109,95,113),(96,111,114),(100,101,115),(117,105,99),(100,115,118),(94,
119,103),(110,119,94),(86,76,102),(102,76,92),(88,98,82),(104,98,88),(102,
92,116),(116,92,108),(104,112,98),(120,112,104),(117,121,105),(106,123,
107),(122,123,106),(109,113,125),(114,111,127),(125,113,129),(114,127,130),
(118,115,131),(133,121,117),(118,131,134),(110,135,119),(126,135,110),(116,
108,132),(132,108,124),(120,128,112),(136,128,120),(133,137,121),(122,139,
123),(138,139,122),(125,129,141),(130,127,143),(141,129,145),(130,143,146),
(134,131,147),(149,137,133),(134,147,150),(126,151,135),(142,151,126),(132,
124,148),(148,124,140),(136,144,128),(152,144,136),(149,153,137),(138,155,
139),(154,155,138),(141,145,157),(146,143,159),(157,145,161),(146,159,162),
(150,147,163),(165,153,149),(150,163,166),(142,167,151),(158,167,142),(148,
140,164),(164,140,156),(152,160,144),(168,160,152),(165,169,153),(154,171,
155),(170,171,154),(157,161,173),(162,159,175),(173,161,177),(162,175,178),
(166,163,179),(181,169,165),(166,179,182),(158,183,167),(174,183,158),(164,
156,180),(180,156,172),(168,176,160),(184,176,168),(181,185,169),(170,187,
171),(186,187,170),(173,177,189),(178,175,191),(178,191,193),(189,177,194),
(182,179,195),(182,195,197),(198,185,181),(174,199,183),(190,199,174),(180,
172,196),(196,172,188),(184,192,176),(200,192,184),(196,188,201),(203,187,
186),(201,188,205),(203,206,187),(200,208,192),(193,191,209),(209,191,207),
(197,195,211),(211,195,202),(213,199,190),(215,208,200),(213,216,199),(198,
204,185),(189,194,214),(214,194,210),(212,204,198),(201,205,218),(219,206,
203),(218,205,221),(219,222,206),(215,224,208),(209,207,225),(225,207,223),
(211,202,227),(227,202,217),(229,216,213),(231,224,215),(229,232,216),(212,
220,204),(214,210,230),(230,210,226),(228,220,212),(218,221,234),(235,222,
219),(234,221,237),(235,238,222),(231,240,224),(225,223,241),(241,223,239),
(227,217,243),(243,217,233),(245,232,229),(247,240,231),(245,248,232),(228,
236,220),(230,226,246),(246,226,242),(244,236,228),(234,237,250),(251,238,
235),(250,237,253),(251,254,238),(247,256,240),(241,239,257),(257,239,255),
(243,233,259),(259,233,249),(261,248,245),(263,256,247),(261,264,248),(244,
252,236),(246,242,262),(262,242,258),(260,252,244),(250,253,266),(267,254,
251),(266,253,269),(267,270,254),(263,272,256),(257,255,273),(273,255,271),
(259,249,275),(275,249,265),(277,264,261),(279,272,263),(277,280,264),(260,
268,252),(262,258,278),(278,258,274),(276,268,260),(266,269,282),(283,270,
267),(282,269,285),(283,286,270),(279,288,272),(273,271,289),(289,271,287),
(275,265,291),(291,265,281),(293,280,277),(295,288,279),(293,296,280),(276,
284,268),(278,274,294),(294,274,290),(292,284,276),(282,285,298),(298,285,
299),(301,300,286),(301,286,283),(295,303,288),(305,287,304),(289,287,305),
(307,281,297),(291,281,307),(309,303,295),(311,310,296),(311,296,293),(298,
299,313),(313,299,315),(317,316,300),(317,300,301),(309,319,303),(321,304,
320),(305,304,321),(323,297,314),(307,297,323),(325,319,309),(327,326,310),
(327,310,311),(292,302,284),(294,290,312),(312,290,306),(308,302,292),(313,
315,329),(329,315,331),(333,332,316),(333,316,317),(325,335,319),(337,320,
336),(321,320,337),(339,314,330),(323,314,339),(341,335,325),(343,342,326),
(343,326,327),(329,331,345),(345,331,347),(349,348,332),(349,332,333),(341,
351,335),(353,336,352),(337,336,353),(355,330,346),(339,330,355),(357,351,
341),(359,358,342),(359,342,343),(308,318,302),(312,306,328),(328,306,322),
(324,318,308),(345,347,361),(361,347,363),(348,365,364),(365,348,349),(357,
363,351),(367,352,364),(353,352,367),(369,346,362),(355,346,369),(361,363,
357),(358,371,362),(371,358,359),(364,365,373),(364,373,367),(362,376,369),
(362,371,376),(324,334,318),(328,322,344),(344,322,338),(340,334,324),(340,
350,334),(344,338,360),(360,338,354),(356,350,340),(356,366,350),(360,354,
372),(372,354,368),(370,366,356),(370,374,366),(372,368,375),(375,368,374),
(375,374,370)),());
#1324=COMPLEX_TRIANGULATED_FACE('ConvergentBody',#1379,376,((-0.997945054379337,
0.,0.0640754901645091),(0.,1.,0.),(-0.9979451063404,0.,-0.0640746808907259),
(0.,-1.,0.),(0.,-1.,0.),(-0.997945054379337,0.,0.0640754901645091),(0.,
-1.,0.),(0.997564013135634,0.,-0.0697570046427503),(-0.9979451063404,0.,
-0.0640746808907259),(0.,1.,0.),(-0.98155932696394,0.,-0.191157755924516),
(0.,-1.,0.),(0.,-1.,0.),(0.997564081291721,0.,0.06975602996591),(-0.98155947939756,
0.,0.191156973204722),(0.,1.,0.),(-0.98155947939756,0.,0.191156973204722),
(0.,-1.,0.),(0.,1.,0.),(0.997564013135634,0.,-0.0697570046427503),(-0.98155932696394,
0.,-0.191157755924516),(0.,1.,0.),(0.,1.,0.),(0.997564081291721,0.,0.06975602996591),
(-0.949054202424578,0.,-0.315112870032704),(0.,-1.,0.),(0.,-1.,0.),(0.978146115917945,
0.,0.207918676204514),(-0.949054334303245,0.,0.315112472841404),(0.,1.,
0.),(-0.949054334303245,0.,0.315112472841404),(0.,-1.,0.),(0.,-1.,0.),(0.9781459127691,
0.,-0.207919631908831),(-0.949054202424578,0.,-0.315112870032704),(0.,1.,
0.),(0.,1.,0.),(0.978146115917945,0.,0.207918676204514),(0.,1.,0.),(0.9781459127691,
0.,-0.207919631908831),(-0.900968379778456,0.,-0.433884752715954),(0.,-1.,
0.),(0.,-1.,0.),(0.939689837333211,0.,0.34202779070228),(-0.90096718847458,
0.,0.433887226468134),(0.,1.,0.),(-0.90096718847458,0.,0.433887226468134),
(0.,-1.,0.),(0.,-1.,0.),(0.939689837333212,0.,-0.342027790702279),(-0.900968379778456,
0.,-0.433884752715954),(0.,1.,0.),(0.,1.,0.),(0.939689837333211,0.,0.34202779070228),
(0.,1.,0.),(0.939689837333212,0.,-0.342027790702279),(-0.838098046951093,
0.,-0.545519627233305),(0.,-1.,0.),(0.,-1.,0.),(0.882949735097256,0.,0.469467533799394),
(-0.838098232692569,0.,0.545519341873038),(0.,1.,0.),(-0.838098232692569,
0.,0.545519341873038),(0.,-1.,0.),(0.,-1.,0.),(0.882951481611678,0.,-0.469464249032599),
(-0.838098046951093,0.,-0.545519627233305),(0.,1.,0.),(0.,1.,0.),(0.882949735097256,
0.,0.469467533799394),(0.,1.,0.),(0.882951481611678,0.,-0.469464249032599),
(-0.761449494309959,0.,-0.648224241767544),(0.,-1.,0.),(0.,-1.,0.),(0.809018729100836,
0.,0.587782864639714),(-0.761452153303169,0.,0.648221118315322),(0.,1.,
0.),(-0.761452153303169,0.,0.648221118315322),(0.,-1.,0.),(0.,-1.,0.),(0.809020915774331,
0.,-0.587779854911397),(-0.761449494309959,0.,-0.648224241767544),(0.,1.,
0.),(0.,1.,0.),(0.809018729100836,0.,0.587782864639714),(0.,1.,0.),(0.809020915774331,
0.,-0.587779854911397),(-0.67229952329643,0.,-0.740279238514355),(0.,-1.,
0.),(0.,-1.,0.),(0.719334364160517,0.,0.694663999742167),(-0.672297486047684,
0.,0.740281088677784),(0.,1.,0.),(-0.672297486047684,0.,0.740281088677784),
(0.,-1.,0.),(0.,-1.,0.),(0.719332552037343,0.,-0.69466587621636),(-0.67229952329643,
0.,-0.740279238514355),(0.,1.,0.),(0.,1.,0.),(0.719334364160517,0.,0.694663999742167),
(0.,1.,0.),(0.719332552037343,0.,-0.69466587621636),(-0.572110678349088,
0.,-0.820176427190484),(0.,-1.,0.),(0.,-1.,0.),(0.615658477291348,0.,0.788013095918652),
(-0.572106612171776,0.,0.820179263520685),(0.,1.,0.),(0.,-1.,0.),(0.615656421655362,
0.,-0.788014701940589),(-0.572106612171776,0.,0.820179263520685),(0.,-1.,
0.),(0.,1.,0.),(0.615658477291348,0.,0.788013095918652),(-0.572110678349088,
0.,-0.820176427190484),(0.,1.,0.),(0.,1.,0.),(0.615656421655362,0.,-0.788014701940589),
(-0.462535219762736,0.,-0.886600908232694),(0.,-1.,0.),(0.,-1.,0.),(0.500000305487124,
0.,0.866025227411293),(-0.462537790227026,0.,0.886599567229705),(0.,1.,
0.),(0.,-1.,0.),(0.500003037791445,0.,-0.866023649907626),(-0.462537790227026,
0.,0.886599567229705),(0.,-1.,0.),(0.,1.,0.),(0.500000305487124,0.,0.866025227411293),
(-0.462535219762736,0.,-0.886600908232694),(0.,1.,0.),(0.,1.,0.),(0.500003037791445,
0.,-0.866023649907626),(-0.345371416924233,0.,-0.938466080565381),(0.,-1.,
0.),(0.,-1.,0.),(0.374603585388219,0.,0.927185069883188),(-0.345376990201608,
0.,0.938464029486095),(0.,1.,0.),(0.,-1.,0.),(0.37460341536328,0.,-0.927185138577062),
(-0.345376990201608,0.,0.938464029486095),(0.,-1.,0.),(0.,1.,0.),(0.374603585388219,
0.,0.927185069883188),(-0.345371416924233,0.,-0.938466080565381),(0.,1.,
0.),(0.,1.,0.),(0.37460341536328,0.,-0.927185138577062),(-0.222521654859635,
0.,-0.974927747640065),(0.,-1.,0.),(0.,-1.,0.),(0.24192444005295,0.,0.970295091868998),
(-0.22252156669469,0.,0.974927767763202),(0.,1.,0.),(0.,-1.,0.),(0.241924555160136,
0.,-0.970295063169225),(-0.22252156669469,0.,0.974927767763202),(0.,-1.,
0.),(0.,1.,0.),(0.24192444005295,0.,0.970295091868998),(-0.222521654859635,
0.,-0.974927747640065),(0.,1.,0.),(0.,1.,0.),(0.241924555160136,0.,-0.970295063169225),
(-0.096023567462032,0.,-0.995379060705953),(0.,-1.,0.),(0.,-1.,0.),(0.104532656934901,
0.,0.994521454587145),(-0.0960236062169801,0.,0.995379056967287),(0.,1.,
0.),(0.,-1.,0.),(0.104532606077724,0.,-0.994521459932665),(-0.0960236062169801,
0.,0.995379056967287),(0.,-1.,0.),(0.,1.,0.),(0.104532656934901,0.,0.994521454587145),
(-0.096023567462032,0.,-0.995379060705953),(0.,1.,0.),(0.,1.,0.),(0.104532606077724,
0.,-0.994521459932665),(0.0320528635306208,0.,-0.999486174961659),(0.,-1.,
0.),(0.,-1.,0.),(-0.0348979448827955,0.,0.999390881208628),(0.0320496963126969,
0.,0.999486276527229),(0.,1.,0.),(0.,-1.,0.),(-0.0349049396758322,0.,-0.999390636931439),
(0.,-1.,0.),(0.0320496963126969,0.,0.999486276527229),(0.,1.,0.),(-0.0348979448827955,
0.,0.999390881208628),(0.,1.,0.),(0.0320528635306208,0.,-0.999486174961659),
(0.,1.,0.),(-0.0349049396758322,0.,-0.999390636931439),(-0.173649441790884,
0.,0.984807530112211),(0.,-1.,0.),(0.,-1.,0.),(0.159604973619961,0.,-0.987180962334552),
(-0.173652879668574,0.,-0.984806923910881),(0.,1.,0.),(0.,-1.,0.),(0.159604973619958,
0.,0.987180962334552),(-0.173652879668574,0.,-0.984806923910881),(0.,-1.,
0.),(0.,1.,0.),(0.159604973619961,0.,-0.987180962334552),(-0.173649441790884,
0.,0.984807530112211),(0.,1.,0.),(0.,1.,0.),(0.159604973619958,0.,0.987180962334552),
(-0.30901502706803,0.,0.95105715550967),(0.,-1.,0.),(0.,-1.,0.),(0.284526455762886,
0.,-0.958668188671665),(-0.309011931769753,0.,-0.951058161220399),(0.,1.,
0.),(0.,-1.,0.),(0.284532160639355,0.,0.958666495483127),(-0.309011931769753,
0.,-0.951058161220399),(0.,-1.,0.),(0.,1.,0.),(0.284526455762886,0.,-0.958668188671665),
(-0.30901502706803,0.,0.95105715550967),(0.,1.,0.),(0.,1.,0.),(0.284532160639355,
0.,0.958666495483127),(-0.438373956782384,0.,0.89879267576842),(0.,-1.,
0.),(0.,-1.,0.),(0.404774245669844,0.,-0.914416650134067),(-0.438371031582659,
0.,-0.898794102489083),(0.,1.,0.),(0.,-1.,0.),(0.404774546484413,0.,0.914416516975901),
(-0.438371031582659,0.,-0.898794102489083),(0.,-1.,0.),(0.,1.,0.),(0.404774245669844,
0.,-0.914416650134067),(-0.438373956782384,0.,0.89879267576842),(0.,1.,
0.),(0.,1.,0.),(0.404774546484413,0.,0.914416516975901),(-0.559193378186295,
0.,0.829037252355164),(0.,-1.,0.),(0.,-1.,0.),(0.518398227393703,0.,-0.855139332410261),
(-0.559191084984198,0.,-0.829038799136805),(0.,1.,0.),(0.,-1.,0.),(0.51839341990194,
0.,0.855142246765046),(-0.559191084984198,0.,-0.829038799136805),(0.,-1.,
0.),(0.,1.,0.),(0.518398227393703,0.,-0.855139332410261),(-0.559193378186295,
0.,0.829037252355164),(0.,1.,0.),(0.,1.,0.),(0.51839341990194,0.,0.855142246765046),
(-0.669133089493899,0.,0.743142589645049),(0.,-1.,0.),(0.,-1.,0.),(0.623499916684307,
0.,-0.78182341605676),(-0.669131033884585,0.,-0.743144440531278),(0.,1.,
0.),(0.,-1.,0.),(0.623499916684326,0.,0.781823416056745),(-0.669131033884585,
0.,-0.743144440531278),(0.,-1.,0.),(0.,1.,0.),(0.623499916684307,0.,-0.78182341605676),
(-0.669133089493899,0.,0.743142589645049),(0.,1.,0.),(0.,1.,0.),(0.623499916684326,
0.,0.781823416056745),(-0.766043911904483,0.,0.642788242762791),(0.,-1.,
0.),(0.,-1.,0.),(0.718340328835185,0.,-0.695691865676866),(-0.766043911904496,
0.,-0.642788242762776),(0.,1.,0.),(0.,-1.,0.),(0.718341758653893,0.,0.695690389306933),
(-0.766043911904496,0.,-0.642788242762776),(0.,-1.,0.),(0.,1.,0.),(0.718340328835185,
0.,-0.695691865676866),(-0.766043911904483,0.,0.642788242762791),(0.,1.,
0.),(0.,1.,0.),(0.718341758653893,0.,0.695690389306933),(-0.848041910271698,
0.,0.529929163589558),(0.,-1.,0.),(0.,-1.,0.),(0.80140637272993,0.,-0.598120243552964),
(-0.848041910271711,0.,-0.529929163589538),(0.,1.,0.),(-0.848041910271711,
0.,-0.529929163589538),(0.,-1.,0.),(0.,-1.,0.),(0.801408636527859,0.,0.598117210334695),
(-0.848041910271698,0.,0.529929163589558),(0.,1.,0.),(0.,1.,0.),(0.80140637272993,
0.,-0.598120243552964),(0.,1.,0.),(0.801408636527859,0.,0.598117210334695),
(-0.913542030725966,0.,0.406744339969319),(0.,-1.,0.),(0.,-1.,0.),(0.871319404075111,
0.,-0.490716309166706),(-0.913543007403929,0.,-0.406742146357351),(0.,1.,
0.),(-0.913543007403929,0.,-0.406742146357351),(0.,-1.,0.),(0.,-1.,0.),
(0.871320252823855,0.,0.49071480211929),(-0.913542030725966,0.,0.406744339969319),
(0.,1.,0.),(0.,1.,0.),(0.871319404075111,0.,-0.490716309166706),(0.,1.,
0.),(0.871320252823855,0.,0.49071480211929),(-0.96126604754925,0.,0.275622179494036),
(0.,-1.,0.),(0.,-1.,0.),(0.926914396763554,0.,-0.375272835510988),(-0.96126670937458,
0.,-0.275619871286825),(0.,1.,0.),(-0.96126670937458,0.,-0.275619871286825),
(0.,-1.,0.),(0.,-1.,0.),(0.926913646895101,0.,0.375274687661749),(-0.96126604754925,
0.,0.275622179494036),(0.,1.,0.),(0.,1.,0.),(0.926914396763554,0.,-0.375272835510988),
(0.,1.,0.),(0.926913646895101,0.,0.375274687661749),(-0.990271539900724,
0.,0.139148400144048),(0.,-1.,0.),(0.,-1.,0.),(0.967294605586031,0.,-0.25365556568734),
(-0.990271471756851,0.,-0.139148885099808),(0.,1.,0.),(-0.990271471756851,
0.,-0.139148885099808),(0.,-1.,0.),(0.,-1.,0.),(0.967294406185821,0.,0.253656326082398),
(-0.990271539900724,0.,0.139148400144048),(0.,1.,0.),(0.,1.,0.),(0.967294605586031,
0.,-0.25365556568734),(0.,1.,0.),(0.967294406185821,0.,0.253656326082398),
(-0.99999999999988,0.,0.),(0.,1.,0.),(-0.99999999999988,0.,0.),(0.,-1.,
0.),(0.,-1.,0.),(0.991790759092979,0.,-0.127871381386813),(0.,-1.,0.),(0.99179086213356,
0.,0.12787058218515),(0.,1.,0.),(0.991790759092979,0.,-0.127871381386813),
(0.,1.,0.),(0.99179086213356,0.,0.12787058218515),(0.,-1.,0.),(0.999999999999918,
0.,0.),(0.999999999999918,0.,0.),(0.,1.,0.)),$,(4,4,1,1,2,2,22,22,3,3,5,
5,21,21,8,8,6,6,24,24,7,7,23,23,9,9,25,25,12,12,10,10,26,26,11,11,27,27,
28,28,13,13,29,29,16,16,14,14,30,30,15,15,31,31,32,32,17,17,37,37,20,20,
18,18,38,38,19,19,39,39,40,40,33,33,45,45,36,36,34,34,46,46,35,35,47,47,
48,48,41,41,49,49,44,44,42,42,50,50,43,43,51,51,52,52,53,53,57,57,56,56,
58,58,54,54,59,59,55,55,60,60,61,61,65,65,64,64,66,66,62,62,67,67,63,63,
68,68,69,69,73,73,72,72,74,74,70,70,75,75,71,71,76,76,77,77,81,81,80,80,
82,82,78,78,83,83,79,79,84,84,85,85,89,89,88,88,90,90,86,86,91,91,87,87,
92,92,97,97,93,93,100,100,94,94,98,98,95,95,99,99,96,96,101,101,105,105,
104,104,106,106,102,102,107,107,103,103,108,108,109,109,113,113,112,112,
114,114,110,110,115,115,111,111,116,116,117,117,121,121,120,120,122,122,
118,118,123,123,119,119,124,124,125,125,129,129,128,128,130,130,126,126,
131,131,127,127,132,132,133,133,137,137,136,136,138,138,134,134,139,139,
135,135,140,140,141,141,149,149,144,144,150,150,142,142,151,151,143,143,
152,152,145,145,161,161,148,148,146,146,162,162,147,147,163,163,164,164,
153,153,171,171,156,156,154,154,172,172,155,155,173,173,174,174,157,157,
175,175,160,160,158,158,176,176,159,159,177,177,178,178,165,165,179,179,
168,168,166,166,180,180,167,167,181,181,182,182,170,170,169,169,183,183,
184,184,185,185,186,186,187,187,188,188),((1,3,6),(4,7,5),(9,3,1),(9,11,
3),(12,13,4),(4,13,7),(1,6,15),(15,6,17),(5,7,18),(2,19,10),(21,11,9),(10,
23,22),(10,19,23),(16,19,2),(21,25,11),(26,27,12),(12,27,13),(15,17,29),
(29,17,31),(18,33,32),(18,7,33),(35,25,21),(22,37,36),(22,23,37),(30,39,
16),(16,39,19),(35,41,25),(42,43,26),(26,43,27),(29,31,45),(45,31,47),(32,
49,48),(32,33,49),(51,41,35),(36,53,52),(36,37,53),(46,55,30),(30,55,39),
(51,57,41),(58,59,42),(42,59,43),(45,47,61),(61,47,63),(48,65,64),(48,49,
65),(67,57,51),(52,69,68),(52,53,69),(62,71,46),(46,71,55),(67,73,57),(74,
75,58),(58,75,59),(61,63,77),(77,63,79),(64,81,80),(64,65,81),(83,73,67),
(68,85,84),(68,69,85),(78,87,62),(62,87,71),(14,20,8),(14,24,20),(28,24,
14),(8,20,40),(8,40,34),(28,38,24),(44,38,28),(34,40,56),(34,56,50),(44,
54,38),(60,54,44),(50,56,72),(50,72,66),(60,70,54),(83,89,73),(90,91,74),
(74,91,75),(77,79,93),(93,79,95),(80,97,96),(80,81,97),(99,89,83),(84,101,
100),(84,85,101),(94,103,78),(78,103,87),(76,70,60),(66,72,88),(66,88,82),
(76,86,70),(99,105,89),(90,107,91),(106,107,90),(93,95,109),(96,97,111),
(109,95,113),(96,111,114),(100,101,115),(117,105,99),(100,115,118),(94,
119,103),(110,119,94),(92,86,76),(82,88,104),(82,104,98),(92,102,86),(108,
102,92),(98,104,120),(98,120,112),(108,116,102),(117,121,105),(106,123,
107),(122,123,106),(109,113,125),(114,111,127),(125,113,129),(114,127,130),
(118,115,131),(133,121,117),(118,131,134),(110,135,119),(126,135,110),(124,
116,108),(112,120,136),(112,136,128),(124,132,116),(133,137,121),(122,139,
123),(138,139,122),(125,129,141),(130,127,143),(141,129,145),(130,143,146),
(134,131,147),(149,137,133),(134,147,150),(126,151,135),(142,151,126),(140,
132,124),(128,136,152),(128,152,144),(140,148,132),(149,153,137),(138,155,
139),(154,155,138),(141,145,157),(146,143,159),(157,145,161),(146,159,162),
(150,147,163),(165,153,149),(150,163,166),(142,167,151),(158,167,142),(156,
148,140),(144,152,168),(144,168,160),(156,164,148),(165,169,153),(154,171,
155),(170,171,154),(157,161,173),(162,159,175),(173,161,177),(162,175,178),
(166,163,179),(181,169,165),(166,179,182),(158,183,167),(174,183,158),(172,
164,156),(160,168,184),(160,184,176),(172,180,164),(181,185,169),(170,187,
171),(186,187,170),(173,177,189),(178,175,191),(178,191,193),(189,177,194),
(182,179,195),(182,195,197),(198,185,181),(174,199,183),(190,199,174),(188,
180,172),(176,184,200),(176,200,192),(188,196,180),(201,196,188),(203,187,
186),(203,202,187),(192,200,205),(193,191,207),(192,205,209),(207,191,210),
(197,195,211),(201,213,196),(211,195,214),(215,199,190),(215,206,199),(198,
204,185),(189,194,216),(216,194,208),(212,204,198),(217,213,201),(219,202,
203),(219,218,202),(209,205,221),(207,210,223),(209,221,225),(223,210,226),
(211,214,227),(217,229,213),(227,214,230),(231,206,215),(231,222,206),(212,
220,204),(216,208,232),(232,208,224),(228,220,212),(233,229,217),(235,218,
219),(235,234,218),(225,221,237),(223,226,239),(225,237,241),(239,226,242),
(227,230,243),(233,245,229),(243,230,246),(247,222,231),(247,238,222),(228,
236,220),(232,224,248),(248,224,240),(244,236,228),(249,245,233),(251,234,
235),(251,250,234),(241,237,253),(239,242,255),(241,253,257),(255,242,258),
(243,246,259),(249,261,245),(259,246,262),(263,238,247),(263,254,238),(244,
252,236),(248,240,264),(264,240,256),(260,252,244),(265,261,249),(267,250,
251),(267,266,250),(257,253,269),(255,258,271),(257,269,273),(271,258,274),
(259,262,275),(265,277,261),(275,262,278),(279,254,263),(279,270,254),(260,
268,252),(264,256,280),(280,256,272),(276,268,260),(281,277,265),(283,266,
267),(283,282,266),(273,269,285),(271,274,287),(273,285,289),(287,274,290),
(275,278,291),(281,293,277),(291,278,294),(295,270,279),(295,286,270),(276,
284,268),(280,272,296),(296,272,288),(292,284,276),(297,293,281),(299,298,
282),(299,282,283),(289,285,301),(289,301,303),(305,290,304),(287,290,305),
(297,307,293),(309,294,308),(291,294,309),(311,302,286),(311,286,295),(313,
307,297),(315,314,298),(315,298,299),(303,301,317),(303,317,319),(321,304,
320),(305,304,321),(313,323,307),(325,308,324),(309,308,325),(327,318,302),
(327,302,311),(292,300,284),(296,288,312),(312,288,306),(310,300,292),(329,
323,313),(331,330,314),(331,314,315),(319,317,333),(319,333,335),(337,320,
336),(321,320,337),(329,339,323),(341,324,340),(325,324,341),(343,334,318),
(343,318,327),(345,339,329),(347,346,330),(347,330,331),(335,333,349),(349,
351,335),(353,336,352),(337,336,353),(355,339,345),(357,340,356),(341,340,
357),(359,350,334),(359,334,343),(310,316,300),(312,306,328),(328,306,322),
(326,316,310),(355,345,361),(361,345,363),(346,365,364),(365,346,347),(349,
363,351),(367,352,364),(353,352,367),(369,356,362),(357,356,369),(361,363,
349),(350,371,362),(371,350,359),(364,365,373),(364,373,367),(362,376,369),
(362,371,376),(326,332,316),(328,322,344),(344,322,338),(342,332,326),(342,
348,332),(344,338,360),(360,338,354),(358,348,342),(358,366,348),(360,354,
372),(372,354,368),(370,366,358),(370,374,366),(372,368,375),(375,368,374),
(375,374,370)),());
#1325=COMPLEX_TRIANGULATED_FACE('ConvergentBody',#1380,376,((-0.99794573736612,
0.,0.0640648520859208),(0.,1.,0.),(-0.99794573736612,0.,-0.0640648520859213),
(0.,-1.,0.),(0.,-1.,0.),(-0.99794573736612,0.,0.0640648520859208),(0.,-1.,
0.),(0.997563244924146,0.,-0.0697679896256721),(-0.99794573736612,0.,-0.0640648520859213),
(0.,1.,0.),(-0.981558010067997,0.,-0.191164517814773),(0.,-1.,0.),(0.,-1.,
0.),(0.997563211370614,0.,0.0697684693822994),(-0.981557858327773,0.,0.191165296942187),
(0.,1.,0.),(-0.981557858327773,0.,0.191165296942187),(0.,-1.,0.),(0.,1.,
0.),(0.997563244924146,0.,-0.0697679896256721),(-0.981558010067997,0.,-0.191164517814773),
(0.,1.,0.),(0.,1.,0.),(0.997563211370614,0.,0.0697684693822994),(-0.94905646874057,
0.,-0.315106044279826),(0.,-1.,0.),(0.,-1.,0.),(0.978145895094869,0.,0.207919715056215),
(-0.949056588605503,0.,0.31510568326275),(0.,1.,0.),(-0.949056588605503,
0.,0.31510568326275),(0.,-1.,0.),(0.,-1.,0.),(0.97814599508928,0.,-0.207919244637916),
(-0.94905646874057,0.,-0.315106044279826),(0.,1.,0.),(0.,1.,0.),(0.978145895094869,
0.,0.207919715056215),(0.,1.,0.),(0.97814599508928,0.,-0.207919244637916),
(-0.900971102217096,0.,-0.433879099484765),(0.,-1.,0.),(0.,-1.,0.),(0.939699820107002,
0.,0.342000362705754),(-0.900971611660763,0.,0.433878041598567),(0.,1.,
0.),(-0.900971611660763,0.,0.433878041598567),(0.,-1.,0.),(0.,-1.,0.),(0.939699820107003,
0.,-0.342000362705752),(-0.900971102217096,0.,-0.433879099484765),(0.,1.,
0.),(0.,1.,0.),(0.939699820107002,0.,0.342000362705754),(0.,1.,0.),(0.939699820107003,
0.,-0.342000362705752),(-0.838080258556654,0.,-0.545546955098837),(0.,-1.,
0.),(0.,-1.,0.),(0.882955290525294,0.,0.469457085294699),(-0.838080258556651,
0.,0.545546955098842),(0.,1.,0.),(-0.838080258556651,0.,0.545546955098842),
(0.,-1.,0.),(0.,-1.,0.),(0.882955290525294,0.,-0.469457085294697),(-0.838080258556654,
0.,-0.545546955098837),(0.,1.,0.),(0.,1.,0.),(0.882955290525294,0.,0.469457085294699),
(0.,1.,0.),(0.882955290525294,0.,-0.469457085294697),(-0.761449458229274,
0.,-0.648224284150435),(0.,-1.,0.),(0.,-1.,0.),(0.809012998891819,0.,0.58779075156391),
(-0.761448047150401,0.,0.648225941698448),(0.,1.,0.),(-0.761448047150401,
0.,0.648225941698448),(0.,-1.,0.),(0.,-1.,0.),(0.809012998891818,0.,-0.587790751563911),
(-0.761449458229274,0.,-0.648224284150435),(0.,1.,0.),(0.,1.,0.),(0.809012998891819,
0.,0.58779075156391),(0.,1.,0.),(0.809012998891818,0.,-0.587790751563911),
(-0.6723017385552,0.,-0.740277226676368),(0.,-1.,0.),(0.,-1.,0.),(0.719337346180438,
0.,0.694660911805238),(-0.672300127092513,0.,0.740278690164313),(0.,1.,
0.),(0.,-1.,0.),(0.719337346180434,0.,-0.694660911805242),(-0.672300127092513,
0.,0.740278690164313),(0.,-1.,0.),(0.,1.,0.),(0.719337346180438,0.,0.694660911805238),
(-0.6723017385552,0.,-0.740277226676368),(0.,1.,0.),(0.,1.,0.),(0.719337346180434,
0.,-0.694660911805242),(-0.57211501066717,0.,-0.820173405182894),(0.,-1.,
0.),(0.,-1.,0.),(0.615661510287596,0.,0.788010726291461),(-0.57211720531446,
0.,0.820171874294146),(0.,1.,0.),(0.,-1.,0.),(0.615661510287601,0.,-0.788010726291457),
(-0.57211720531446,0.,0.820171874294146),(0.,-1.,0.),(0.,1.,0.),(0.615661510287596,
0.,0.788010726291461),(-0.57211501066717,0.,-0.820173405182894),(0.,1.,
0.),(0.,1.,0.),(0.615661510287601,0.,-0.788010726291457),(-0.46254042951298,
0.,-0.886598190312809),(0.,-1.,0.),(0.,-1.,0.),(0.499996981616005,0.,0.866027146442238),
(-0.462542801902478,0.,0.886596952627407),(0.,1.,0.),(0.,-1.,0.),(0.499994292307042,
0.,-0.866028699097426),(-0.462542801902478,0.,0.886596952627407),(0.,-1.,
0.),(0.,1.,0.),(0.499996981616005,0.,0.866027146442238),(-0.46254042951298,
0.,-0.886598190312809),(0.,1.,0.),(0.,1.,0.),(0.499994292307042,0.,-0.866028699097426),
(-0.345364759664075,0.,-0.938468530523095),(0.,-1.,0.),(0.,-1.,0.),(0.374604517176987,
0.,0.92718469341906),(-0.345361944453535,0.,0.938469566540798),(0.,1.,0.),
(0.,-1.,0.),(0.374604684652178,0.,-0.927184625755109),(-0.345361944453535,
0.,0.938469566540798),(0.,-1.,0.),(0.,1.,0.),(0.374604517176987,0.,0.92718469341906),
(-0.345364759664075,0.,-0.938468530523095),(0.,1.,0.),(0.,1.,0.),(0.374604684652178,
0.,-0.927184625755109),(-0.222523688075628,0.,-0.97492728356797),(0.,-1.,
0.),(0.,-1.,0.),(0.24192038679121,0.,0.97029610246295),(-0.222523775005359,
0.,0.974927263726564),(0.,1.,0.),(0.,-1.,0.),(0.241923575149073,0.,-0.970295307515754),
(-0.222523775005359,0.,0.974927263726564),(0.,-1.,0.),(0.,1.,0.),(0.24192038679121,
0.,0.97029610246295),(-0.222523688075628,0.,-0.97492728356797),(0.,1.,0.),
(0.,1.,0.),(0.241923575149073,0.,-0.970295307515754),(-0.0960215646477071,
0.,-0.995379253914108),(0.,-1.,0.),(0.,-1.,0.),(0.104530177293955,0.,0.994521715215356),
(-0.0960246393298368,0.,0.995378957302984),(0.,1.,0.),(0.,-1.,0.),(0.104526743180188,
0.,-0.994522076155247),(-0.0960246393298368,0.,0.995378957302984),(0.,-1.,
0.),(0.,1.,0.),(0.104530177293955,0.,0.994521715215356),(-0.0960215646477071,
0.,-0.995379253914108),(0.,1.,0.),(0.,1.,0.),(0.104526743180188,0.,-0.994522076155247),
(0.0320506764307973,0.,-0.999486245098115),(0.,-1.,0.),(0.,-1.,0.),(-0.0348958427753104,
0.,0.999390954610357),(0.0320506764307967,0.,0.999486245098115),(0.,1.,
0.),(0.,-1.,0.),(-0.0348992937018631,0.,-0.999390834108014),(0.,-1.,0.),
(0.0320506764307967,0.,0.999486245098115),(0.,1.,0.),(-0.0348958427753104,
0.,0.999390954610357),(0.,1.,0.),(0.0320506764307973,0.,-0.999486245098115),
(0.,1.,0.),(-0.0348992937018631,0.,-0.999390834108014),(-0.173647866510062,
0.,0.984807807877508),(0.,1.,0.),(0.,-1.,0.),(0.159601035787688,0.,-0.987181598985464),
(-0.173647866510062,0.,0.984807807877508),(0.,-1.,0.),(0.,-1.,0.),(-0.173647866510063,
0.,-0.984807807877508),(0.,-1.,0.),(0.159601035787702,0.,0.987181598985462),
(0.,1.,0.),(0.159601035787688,0.,-0.987181598985464),(0.,1.,0.),(0.159601035787702,
0.,0.987181598985462),(-0.173647866510063,0.,-0.984807807877508),(0.,1.,
0.),(0.,1.,0.),(-0.309022335176921,0.,0.951054780946819),(0.,-1.,0.),(0.284529458007464,
0.,-0.958667297619971),(-0.309022335176921,0.,0.951054780946819),(0.,-1.,
0.),(0.,-1.,0.),(-0.309019288470049,0.,-0.951055770895411),(0.,-1.,0.),
(0.28452945800746,0.,0.958667297619972),(0.,1.,0.),(0.284529458007464,0.,
-0.958667297619971),(0.,1.,0.),(0.28452945800746,0.,0.958667297619972),
(-0.309019288470049,0.,-0.951055770895411),(0.,1.,0.),(0.,1.,0.),(-0.438374696320816,
0.,0.898792315068188),(0.,-1.,0.),(0.404783753213588,0.,-0.914412441480496),
(-0.438374696320816,0.,0.898792315068188),(0.,-1.,0.),(0.,-1.,0.),(-0.438371817036162,
0.,-0.898793719397512),(0.,-1.,0.),(0.404783753213581,0.,0.914412441480499),
(0.,1.,0.),(0.404783753213588,0.,-0.914412441480496),(0.,1.,0.),(0.404783753213581,
0.,0.914412441480499),(-0.438371817036162,0.,-0.898793719397512),(0.,1.,
0.),(0.,1.,0.),(-0.559188428304567,0.,0.82904059107517),(0.,-1.,0.),(0.518394325209985,
0.,-0.855141697960101),(-0.559188428304567,0.,0.82904059107517),(0.,-1.,
0.),(0.,-1.,0.),(-0.559188428304579,0.,-0.829040591075163),(0.,-1.,0.),
(0.518394325209985,0.,0.855141697960101),(0.,1.,0.),(0.518394325209985,
0.,-0.855141697960101),(0.,1.,0.),(0.518394325209985,0.,0.855141697960101),
(-0.559188428304579,0.,-0.829040591075163),(0.,1.,0.),(0.,1.,0.),(-0.669127310560281,
0.,0.743147793014529),(0.,-1.,0.),(0.623482230600789,0.,-0.781837520284787),
(-0.669127310560281,0.,0.743147793014529),(0.,-1.,0.),(0.,-1.,0.),(-0.669127310560276,
0.,-0.743147793014533),(0.,-1.,0.),(0.623484041620865,0.,0.781836076069729),
(0.,1.,0.),(0.623482230600789,0.,-0.781837520284787),(0.,1.,0.),(0.623484041620865,
0.,0.781836076069729),(-0.669127310560276,0.,-0.743147793014533),(0.,1.,
0.),(0.,1.,0.),(-0.766041434046578,0.,0.642791195742336),(0.,-1.,0.),(0.718350320333635,
0.,-0.695681548753856),(-0.766041434046578,0.,0.642791195742336),(0.,-1.,
0.),(0.,-1.,0.),(-0.766041434046573,0.,-0.642791195742342),(0.,-1.,0.),
(0.718351931784703,0.,0.695679884789825),(0.,1.,0.),(0.718350320333635,
0.,-0.695681548753856),(0.,1.,0.),(0.718351931784703,0.,0.695679884789825),
(-0.766041434046573,0.,-0.642791195742342),(0.,1.,0.),(0.,1.,0.),(-0.848051338593818,
0.,0.529914075213363),(-0.848051338593818,0.,0.529914075213363),(0.,-1.,
0.),(0.,-1.,0.),(0.801416949400938,0.,-0.598106071874291),(-0.848052198109754,
0.,-0.529912699679121),(0.,-1.,0.),(0.,-1.,0.),(0.801415928412666,0.,0.598107439919004),
(0.,1.,0.),(0.801416949400938,0.,-0.598106071874291),(-0.848052198109754,
0.,-0.529912699679121),(0.,1.,0.),(0.,1.,0.),(0.801415928412666,0.,0.598107439919004),
(-0.913549985588108,0.,0.406726472991332),(0.,1.,0.),(-0.913549985588108,
0.,0.406726472991332),(0.,-1.,0.),(0.,-1.,0.),(0.87131934199923,0.,-0.490716419389069),
(-0.913550164667317,0.,-0.406726070760553),(0.,-1.,0.),(0.,-1.,0.),(0.871318504328593,
0.,0.490717906759662),(0.,1.,0.),(0.87131934199923,0.,-0.490716419389069),
(-0.913550164667317,0.,-0.406726070760553),(0.,1.,0.),(0.,1.,0.),(0.871318504328593,
0.,0.490717906759662),(-0.961261865247836,0.,0.275636765363859),(0.,1.,
0.),(-0.961261865247836,0.,0.275636765363859),(0.,-1.,0.),(0.,-1.,0.),(0.926920210740428,
0.,-0.375258474815587),(-0.961261539527456,0.,-0.275637901285916),(0.,-1.,
0.),(0.,-1.,0.),(0.926920210740428,0.,0.375258474815587),(0.,1.,0.),(0.926920210740428,
0.,-0.375258474815587),(-0.961261539527456,0.,-0.275637901285916),(0.,1.,
0.),(0.,1.,0.),(0.926920210740428,0.,0.375258474815587),(-0.990267623294803,
0.,0.139176270441701),(0.,1.,0.),(-0.990267623294803,0.,0.139176270441701),
(0.,-1.,0.),(0.,-1.,0.),(0.967289796085905,0.,-0.253673905611295),(-0.990267656841555,
0.,-0.139176031749494),(0.,-1.,0.),(0.,-1.,0.),(0.967289947849355,0.,0.253673326917891),
(0.,1.,0.),(0.967289796085905,0.,-0.253673905611295),(-0.990267656841555,
0.,-0.139176031749494),(0.,1.,0.),(0.,1.,0.),(0.967289947849355,0.,0.253673326917891),
(-0.999999999999971,0.,0.),(0.,1.,0.),(-0.999999999999971,0.,0.),(0.,-1.,
0.),(0.,-1.,0.),(0.991789852204916,0.,-0.127878415158115),(0.,-1.,0.),(0.991789928709618,
0.,0.127877821807266),(0.,1.,0.),(0.991789852204916,0.,-0.127878415158115),
(0.,1.,0.),(0.991789928709618,0.,0.127877821807266),(0.,-1.,0.),(1.,0.,
0.),(1.,0.,0.),(0.,1.,0.)),$,(4,4,1,1,2,2,22,22,3,3,5,5,21,21,8,8,6,6,24,
24,7,7,23,23,9,9,25,25,12,12,10,10,26,26,11,11,27,27,28,28,13,13,29,29,
16,16,14,14,30,30,15,15,31,31,32,32,17,17,37,37,20,20,18,18,38,38,19,19,
39,39,40,40,33,33,41,41,36,36,34,34,42,42,35,35,43,43,44,44,45,45,49,49,
48,48,50,50,46,46,51,51,47,47,52,52,53,53,57,57,56,56,58,58,54,54,59,59,
55,55,60,60,61,61,65,65,64,64,66,66,62,62,67,67,63,63,68,68,69,69,73,73,
72,72,74,74,70,70,75,75,71,71,76,76,77,77,81,81,80,80,82,82,78,78,83,83,
79,79,84,84,85,85,89,89,88,88,90,90,86,86,91,91,87,87,92,92,97,97,93,93,
100,100,94,94,98,98,95,95,99,99,96,96,103,103,105,105,101,101,102,102,106,
106,107,107,108,108,104,104,111,111,113,113,109,109,110,110,114,114,115,
115,116,116,112,112,119,119,121,121,117,117,118,118,122,122,123,123,124,
124,120,120,127,127,129,129,125,125,126,126,130,130,131,131,132,132,128,
128,135,135,137,137,133,133,134,134,138,138,139,139,140,140,136,136,143,
143,149,149,141,141,142,142,150,150,151,151,152,152,144,144,147,147,145,
145,161,161,146,146,162,162,163,163,148,148,164,164,155,155,153,153,171,
171,154,154,172,172,173,173,156,156,174,174,159,159,157,157,175,175,158,
158,176,176,177,177,160,160,178,178,167,167,165,165,179,179,166,166,180,
180,181,181,168,168,182,182,170,170,169,169,183,183,184,184,185,185,186,
186,187,187,188,188),((1,3,6),(4,7,5),(9,3,1),(9,11,3),(12,13,4),(4,13,
7),(1,6,15),(15,6,17),(5,7,18),(2,19,10),(21,11,9),(10,23,22),(10,19,23),
(16,19,2),(21,25,11),(26,27,12),(12,27,13),(15,17,29),(29,17,31),(18,33,
32),(18,7,33),(35,25,21),(22,37,36),(22,23,37),(30,39,16),(16,39,19),(35,
41,25),(42,43,26),(26,43,27),(29,31,45),(45,31,47),(32,49,48),(32,33,49),
(51,41,35),(36,53,52),(36,37,53),(46,55,30),(30,55,39),(51,57,41),(58,59,
42),(42,59,43),(45,47,61),(61,47,63),(48,65,64),(48,49,65),(67,57,51),(52,
69,68),(52,53,69),(62,71,46),(46,71,55),(67,73,57),(74,75,58),(58,75,59),
(61,63,77),(77,63,79),(64,81,80),(64,65,81),(83,73,67),(68,85,84),(68,69,
85),(78,87,62),(62,87,71),(24,8,14),(24,14,38),(38,14,28),(20,8,24),(20,
34,8),(40,34,20),(38,28,54),(54,28,44),(40,50,34),(56,50,40),(54,44,70),
(70,44,60),(56,66,50),(72,66,56),(83,89,73),(74,91,75),(90,91,74),(77,79,
93),(80,81,95),(93,79,97),(80,95,98),(84,85,99),(101,89,83),(84,99,102),
(78,103,87),(94,103,78),(70,60,86),(86,60,76),(72,82,66),(88,82,72),(86,
76,100),(100,76,92),(88,96,82),(104,96,88),(101,105,89),(90,107,91),(106,
107,90),(93,97,109),(98,95,111),(109,97,113),(98,111,114),(102,99,115),
(117,105,101),(102,115,118),(94,119,103),(110,119,94),(100,92,116),(116,
92,108),(104,112,96),(120,112,104),(117,121,105),(106,123,107),(122,123,
106),(109,113,125),(114,111,127),(125,113,129),(114,127,130),(118,115,131),
(133,121,117),(118,131,134),(110,135,119),(126,135,110),(116,108,132),(132,
108,124),(120,128,112),(136,128,120),(133,137,121),(122,139,123),(138,139,
122),(125,129,141),(130,127,143),(141,129,145),(130,143,146),(134,131,147),
(149,137,133),(134,147,150),(126,151,135),(142,151,126),(132,124,148),(148,
124,140),(136,144,128),(152,144,136),(149,153,137),(138,155,139),(154,155,
138),(141,145,157),(146,143,159),(157,145,161),(146,159,162),(150,147,163),
(165,153,149),(150,163,166),(142,167,151),(158,167,142),(148,140,164),(164,
140,156),(152,160,144),(168,160,152),(165,169,153),(154,171,155),(170,171,
154),(157,161,173),(162,159,175),(173,161,177),(162,175,178),(166,163,179),
(181,169,165),(166,179,182),(158,183,167),(174,183,158),(164,156,180),(180,
156,172),(168,176,160),(184,176,168),(181,185,169),(170,187,171),(186,187,
170),(173,177,189),(178,175,191),(178,191,193),(189,177,194),(182,179,195),
(182,195,197),(198,185,181),(174,199,183),(190,199,174),(180,172,196),(196,
172,188),(184,192,176),(200,192,184),(196,188,201),(203,187,186),(201,188,
205),(203,206,187),(200,208,192),(193,191,209),(209,191,207),(197,195,211),
(211,195,202),(213,199,190),(215,208,200),(213,216,199),(198,204,185),(189,
194,214),(214,194,210),(212,204,198),(201,205,218),(219,206,203),(218,205,
221),(219,222,206),(215,224,208),(209,207,225),(225,207,223),(211,202,227),
(227,202,217),(229,216,213),(231,224,215),(229,232,216),(212,220,204),(214,
210,230),(230,210,226),(228,220,212),(218,221,234),(235,222,219),(234,221,
237),(235,238,222),(231,240,224),(225,223,241),(241,223,239),(227,217,243),
(243,217,233),(245,232,229),(247,240,231),(245,248,232),(228,236,220),(230,
226,246),(246,226,242),(244,236,228),(234,237,250),(251,238,235),(250,237,
253),(251,254,238),(247,256,240),(241,239,257),(257,239,255),(243,233,259),
(259,233,249),(261,248,245),(263,256,247),(261,264,248),(244,252,236),(246,
242,262),(262,242,258),(260,252,244),(250,253,266),(267,254,251),(266,253,
269),(267,270,254),(263,272,256),(257,255,273),(273,255,271),(259,249,275),
(275,249,265),(277,264,261),(279,272,263),(277,280,264),(260,268,252),(262,
258,278),(278,258,274),(276,268,260),(266,269,282),(283,270,267),(282,269,
285),(283,286,270),(279,288,272),(273,271,289),(289,271,287),(275,265,291),
(291,265,281),(293,280,277),(295,288,279),(293,296,280),(276,284,268),(278,
274,294),(294,274,290),(292,284,276),(282,285,298),(298,285,299),(301,300,
286),(301,286,283),(295,303,288),(305,287,304),(289,287,305),(307,281,297),
(291,281,307),(309,303,295),(311,310,296),(311,296,293),(298,299,313),(313,
299,315),(317,316,300),(317,300,301),(309,319,303),(321,304,320),(305,304,
321),(323,297,314),(307,297,323),(325,319,309),(327,326,310),(327,310,311),
(292,302,284),(294,290,312),(312,290,306),(308,302,292),(313,315,329),(329,
315,331),(333,332,316),(333,316,317),(325,335,319),(337,320,336),(321,320,
337),(339,314,330),(323,314,339),(341,335,325),(343,342,326),(343,326,327),
(329,331,345),(345,331,347),(349,348,332),(349,332,333),(341,351,335),(353,
336,352),(337,336,353),(355,330,346),(339,330,355),(357,351,341),(359,358,
342),(359,342,343),(308,318,302),(312,306,328),(328,306,322),(324,318,308),
(345,347,361),(361,347,363),(348,365,364),(365,348,349),(357,363,351),(367,
352,364),(353,352,367),(369,346,362),(355,346,369),(361,363,357),(358,371,
362),(371,358,359),(364,365,373),(364,373,367),(362,376,369),(362,371,376),
(324,334,318),(328,322,344),(344,322,338),(340,334,324),(340,350,334),(344,
338,360),(360,338,354),(356,350,340),(356,366,350),(360,354,372),(372,354,
368),(370,366,356),(370,374,366),(372,368,375),(375,368,374),(375,374,370)),
());
#1326=COMPLEX_TRIANGULATED_FACE('ConvergentBody',#1381,380,((-0.992113838602564,
0.,0.125340062443281),(0.,-1.,0.),(-1.,0.,0.),(0.,1.,0.),(-1.,0.,0.),(0.,
-1.,0.),(-0.992113838602565,0.,-0.125340062443275),(0.,1.,0.),(-0.992113838602565,
0.,-0.125340062443275),(0.,-1.,0.),(0.,-1.,0.),(0.997563721597014,0.,0.0697611736821813),
(0.,-1.,0.),(0.997563721597014,0.,-0.0697611736821813),(-0.992113838602564,
0.,0.125340062443281),(0.,1.,0.),(0.,1.,0.),(0.997563721597014,0.,0.0697611736821813),
(0.,1.,0.),(0.997563721597014,0.,-0.0697611736821813),(-0.968582185736818,
0.,-0.248693686034223),(0.,1.,0.),(-0.968582185736818,0.,-0.248693686034223),
(0.,-1.,0.),(0.,-1.,0.),(0.978150187013925,0.,0.207899522954296),(-0.968582185736819,
0.,0.248693686034219),(0.,-1.,0.),(0.,-1.,0.),(0.9781497991219,0.,-0.207901347946055),
(0.,1.,0.),(0.978150187013925,0.,0.207899522954296),(-0.968582185736819,
0.,0.248693686034219),(0.,1.,0.),(0.,1.,0.),(0.9781497991219,0.,-0.207901347946055),
(-0.92977769035849,0.,-0.368121510525577),(0.,1.,0.),(-0.92977769035849,
0.,-0.368121510525577),(0.,-1.,0.),(0.,-1.,0.),(0.939693845270018,0.,0.342016779064489),
(-0.929776706430517,0.,0.368123995658013),(0.,-1.,0.),(0.,-1.,0.),(0.939693207147637,
0.,-0.342018532305764),(0.,1.,0.),(0.939693845270018,0.,0.342016779064489),
(-0.929776706430517,0.,0.368123995658013),(0.,1.,0.),(0.,1.,0.),(0.939693207147637,
0.,-0.342018532305764),(-0.876301111285049,0.,-0.481763803497718),(0.,1.,
0.),(-0.876301111285049,0.,-0.481763803497718),(0.,-1.,0.),(0.,-1.,0.),
(0.882939379985164,0.,0.469487008629008),(-0.876301444052335,0.,0.481763198212351),
(0.,-1.,0.),(0.,-1.,0.),(0.882941064196673,0.,-0.469483841207817),(0.,1.,
0.),(0.882939379985164,0.,0.469487008629008),(-0.876301444052335,0.,0.481763198212351),
(0.,1.,0.),(0.,1.,0.),(0.882941064196673,0.,-0.469483841207817),(-0.809015636246876,
0.,-0.587787121590854),(0.,1.,0.),(-0.809015636246876,0.,-0.587787121590854),
(0.,-1.,0.),(0.,-1.,0.),(0.809015472470098,0.,0.58778734700909),(-0.809017613295573,
0.,0.587784400420371),(0.,-1.,0.),(0.,-1.,0.),(0.809017581067552,0.,-0.587784444778532),
(0.,1.,0.),(0.809015472470098,0.,0.58778734700909),(-0.809017613295573,
0.,0.587784400420371),(0.,1.,0.),(0.,1.,0.),(0.809017581067552,0.,-0.587784444778532),
(-0.728970021315482,0.,-0.684545621579239),(0.,1.,0.),(-0.728970021315482,
0.,-0.684545621579239),(0.,-1.,0.),(0.,-1.,0.),(-0.728966888853066,0.,0.684548957311222),
(-0.728966888853066,0.,0.684548957311222),(0.,1.,0.),(0.,1.,0.),(-0.6374273039667,
0.,-0.7705105010042),(0.,-1.,0.),(0.719342903163132,0.,0.694655157375828),
(-0.6374273039667,0.,-0.7705105010042),(0.,-1.,0.),(0.,-1.,0.),(-0.63742377813322,
0.,0.770513417839282),(0.,-1.,0.),(0.719342903163129,0.,-0.694655157375832),
(0.,1.,0.),(0.719342903163132,0.,0.694655157375828),(0.,1.,0.),(0.719342903163129,
0.,-0.694655157375832),(-0.63742377813322,0.,0.770513417839282),(0.,1.,
0.),(0.,1.,0.),(-0.535825302857188,0.,-0.84432887242946),(0.,-1.,0.),(0.615666131287066,
0.,0.788007115948845),(-0.535825302857188,0.,-0.84432887242946),(0.,-1.,
0.),(0.,-1.,0.),(-0.535829947364798,0.,0.844325924928897),(0.,-1.,0.),(0.615666131287063,
0.,-0.788007115948848),(0.,1.,0.),(0.615666131287066,0.,0.788007115948845),
(0.,1.,0.),(0.615666131287063,0.,-0.788007115948848),(-0.535829947364798,
0.,0.844325924928897),(0.,1.,0.),(0.,1.,0.),(-0.425772675799711,0.,-0.90483016557935),
(0.,-1.,0.),(0.50000429955351,0.,0.866022921421831),(-0.425772675799711,
0.,-0.90483016557935),(0.,-1.,0.),(0.,-1.,0.),(-0.425777653116756,0.,0.904827823459462),
(0.,-1.,0.),(0.500004299553515,0.,-0.866022921421829),(0.,1.,0.),(0.50000429955351,
0.,0.866022921421831),(0.,1.,0.),(0.500004299553515,0.,-0.866022921421829),
(-0.425777653116756,0.,0.904827823459462),(0.,1.,0.),(0.,1.,0.),(-0.309019013402566,
0.,-0.951055860270944),(0.,-1.,0.),(0.374602900045073,0.,0.927185346776911),
(0.,-1.,0.),(-0.309019013402566,0.,-0.951055860270944),(-0.309013230779163,
0.,0.95105773915332),(0.,-1.,0.),(0.,-1.,0.),(0.374602900045078,0.,-0.927185346776909),
(0.,1.,0.),(0.374602900045073,0.,0.927185346776911),(0.,1.,0.),(0.374602900045078,
0.,-0.927185346776909),(0.,1.,0.),(-0.309013230779163,0.,0.95105773915332),
(0.241920309625071,0.,0.970296121702498),(0.,1.,0.),(0.,-1.,0.),(0.241920309625071,
0.,0.970296121702498),(0.241920309625074,0.,-0.970296121702498),(0.,-1.,
0.),(0.,1.,0.),(0.241920309625074,0.,-0.970296121702498),(-0.187385532524811,
0.,-0.98228644610439),(0.,1.,0.),(0.,-1.,0.),(-0.187385532524811,0.,-0.98228644610439),
(-0.187385677495053,0.,0.982286418449181),(0.,-1.,0.),(0.,1.,0.),(-0.187385677495053,
0.,0.982286418449181),(0.10453491772971,0.,0.994521216955799),(0.,1.,0.),
(0.,-1.,0.),(0.10453491772971,0.,0.994521216955799),(0.104528189442718,
0.,-0.994521924148396),(0.,-1.,0.),(0.,1.,0.),(0.104528189442718,0.,-0.994521924148396),
(-0.0627901913358118,0.,-0.998026749076402),(0.,1.,0.),(0.,-1.,0.),(-0.0627901913358118,
0.,-0.998026749076402),(-0.0627964068383449,0.,0.99802635801275),(0.,-1.,
0.),(0.,1.,0.),(-0.0627964068383449,0.,0.99802635801275),(-0.0349006634206504,
0.,0.999390786275718),(0.,1.,0.),(0.,-1.,0.),(-0.0349006634206504,0.,0.999390786275718),
(-0.0349074246487976,0.,-0.999390550137627),(0.,-1.,0.),(0.,1.,0.),(-0.0349074246487976,
0.,-0.999390550137627),(0.0627901913357718,0.,-0.998026749076405),(0.,1.,
0.),(0.,-1.,0.),(0.0627901913357718,0.,-0.998026749076405),(0.0627964068383049,
0.,0.998026358012752),(0.,-1.,0.),(0.,1.,0.),(0.0627964068383049,0.,0.998026358012752),
(-0.173658740316961,0.,0.984805890473613),(0.,1.,0.),(0.,-1.,0.),(-0.173658740316961,
0.,0.984805890473613),(-0.173652271479894,0.,-0.984807031153755),(0.,-1.,
0.),(0.,1.,0.),(-0.173652271479894,0.,-0.984807031153755),(0.187379398687512,
0.,-0.982287616203883),(0.,1.,0.),(0.,-1.,0.),(0.187379398687512,0.,-0.982287616203883),
(0.187379543929276,0.,0.982287588497817),(0.,-1.,0.),(0.,1.,0.),(0.187379543929276,
0.,0.982287588497817),(-0.309025924274028,0.,0.951053614748708),(0.,1.,
0.),(0.,-1.,0.),(-0.309025924274028,0.,0.951053614748708),(-0.309019677140518,
0.,-0.951055644607596),(0.,-1.,0.),(0.,1.,0.),(-0.309019677140518,0.,-0.951055644607596),
(0.309021865646443,0.,-0.951054933509306),(0.,1.,0.),(0.,-1.,0.),(0.309021865646443,
0.,-0.951054933509306),(0.309016083291397,0.,0.951056812323662),(0.,-1.,
0.),(0.,1.,0.),(0.309016083291397,0.,0.951056812323662),(-0.438362516628077,
0.,0.898798255458643),(0.,1.,0.),(0.,-1.,0.),(0.425781039556781,0.,-0.904826229921495),
(-0.438362516628077,0.,0.898798255458643),(0.,-1.,0.),(0.,-1.,0.),(-0.438362516628082,
0.,-0.89879825545864),(0.,-1.,0.),(0.425786016852177,0.,0.904823887755599),
(0.,1.,0.),(0.425781039556781,0.,-0.904826229921495),(0.,1.,0.),(0.425786016852177,
0.,0.904823887755599),(-0.438362516628082,0.,-0.89879825545864),(0.,1.,
0.),(0.,1.,0.),(-0.559188668381679,0.,0.829040429142949),(0.,-1.,0.),(0.535825302857163,
0.,-0.844328872429475),(-0.559188668381679,0.,0.829040429142949),(0.,-1.,
0.),(0.,-1.,0.),(-0.559193090945379,0.,-0.829037446101775),(0.,-1.,0.),
(0.535829947364774,0.,0.844325924928913),(0.,1.,0.),(0.535825302857163,
0.,-0.844328872429475),(0.,1.,0.),(0.535829947364774,0.,0.844325924928913),
(-0.559193090945379,0.,-0.829037446101775),(0.,1.,0.),(0.,1.,0.),(-0.669135307895511,
0.,0.743140592167848),(0.,-1.,0.),(0.637427303966528,0.,-0.770510501004343),
(-0.669135307895511,0.,0.743140592167848),(0.,-1.,0.),(0.,-1.,0.),(-0.669135777587445,
0.,-0.743140169249682),(0.,-1.,0.),(0.637423778133048,0.,0.770513417839424),
(0.,1.,0.),(0.637427303966528,0.,-0.770510501004343),(0.,1.,0.),(0.637423778133048,
0.,0.770513417839424),(-0.669135777587445,0.,-0.743140169249682),(0.,1.,
0.),(0.,1.,0.),(-0.766036808867085,0.,0.642796707723937),(0.,-1.,0.),(0.728956777688357,
0.,-0.684559724393867),(-0.766036808867085,0.,0.642796707723937),(0.,-1.,
0.),(0.,-1.,0.),(-0.766033786087611,0.,-0.642800310028145),(0.,-1.,0.),
(0.728953645161408,0.,0.684563060065248),(0.,1.,0.),(0.728956777688357,
0.,-0.684559724393867),(0.,1.,0.),(0.728953645161408,0.,0.684563060065248),
(-0.766033786087611,0.,-0.642800310028145),(0.,1.,0.),(0.,1.,0.),(-0.84805264212055,
0.,0.529911989100412),(-0.84805264212055,0.,0.529911989100412),(0.,-1.,
0.),(0.,-1.,0.),(0.809016726329977,0.,-0.587785621224548),(-0.848052642120549,
0.,-0.529911989100412),(0.,-1.,0.),(0.,-1.,0.),(0.809018703294726,0.,0.587782900158996),
(0.,1.,0.),(0.809016726329977,0.,-0.587785621224548),(-0.848052642120549,
0.,-0.529911989100412),(0.,1.,0.),(0.,1.,0.),(0.809018703294726,0.,0.587782900158996),
(-0.913546952066563,0.,0.40673328652803),(0.,1.,0.),(-0.913546952066563,
0.,0.40673328652803),(0.,-1.,0.),(0.,-1.,0.),(0.876311324939825,0.,-0.481745224970843),
(-0.913547893857819,0.,-0.406731171202729),(0.,-1.,0.),(0.,-1.,0.),(0.876311657629612,
0.,0.481744619796051),(0.,1.,0.),(0.876311324939825,0.,-0.481745224970843),
(-0.913547893857819,0.,-0.406731171202729),(0.,1.,0.),(0.,1.,0.),(0.876311657629612,
0.,0.481744619796051),(-0.961257716038638,0.,0.275651234998468),(0.,1.,
0.),(-0.961257716038638,0.,0.275651234998468),(0.,-1.,0.),(0.,-1.,0.),(0.929768899298299,
0.,-0.368143713646764),(-0.9612579663426,0.,-0.275650362130888),(0.,-1.,
0.),(0.,-1.,0.),(0.929767915310981,0.,0.368146198755702),(0.,1.,0.),(0.929768899298299,
0.,-0.368143713646764),(-0.9612579663426,0.,-0.275650362130888),(0.,1.,
0.),(0.,1.,0.),(0.929767915310981,0.,0.368146198755702),(-0.990268596764114,
0.,0.139169343832733),(0.,1.,0.),(-0.990268596764114,0.,0.139169343832733),
(0.,-1.,0.),(0.,-1.,0.),(0.968582380710871,0.,-0.248692926671552),(-0.990268400887912,
0.,-0.139170737595578),(0.,-1.,0.),(0.,-1.,0.),(0.968582380710872,0.,0.248692926671548),
(0.,1.,0.),(0.968582380710871,0.,-0.248692926671552),(-0.990268400887912,
0.,-0.139170737595578),(0.,1.,0.),(0.,1.,0.),(0.968582380710872,0.,0.248692926671548),
(-1.,0.,0.),(0.,1.,0.),(-1.,0.,0.),(0.,-1.,0.),(0.,-1.,0.),(0.992116929705575,
0.,-0.125315592771142),(0.,-1.,0.),(0.992116929705574,0.,0.125315592771148),
(0.,1.,0.),(0.992116929705575,0.,-0.125315592771142),(0.,1.,0.),(0.992116929705574,
0.,0.125315592771148),(0.,-1.,0.),(1.,0.,0.),(1.,0.,0.),(0.,1.,0.)),$,(4,
4,2,2,1,1,5,5,3,3,19,19,20,20,6,6,21,21,22,22,9,9,7,7,23,23,8,8,24,24,25,
25,10,10,26,26,13,13,11,11,31,31,12,12,32,32,33,33,14,14,34,34,17,17,15,
15,35,35,16,16,36,36,37,37,18,18,38,38,29,29,27,27,43,43,28,28,44,44,45,
45,30,30,46,46,41,41,39,39,40,40,42,42,49,49,51,51,47,47,48,48,52,52,53,
53,54,54,50,50,57,57,59,59,55,55,56,56,60,60,61,61,62,62,58,58,65,65,67,
67,63,63,64,64,68,68,69,69,70,70,66,66,77,77,71,71,75,75,76,76,72,72,73,
73,74,74,78,78,81,81,79,79,80,80,82,82,85,85,83,83,84,84,86,86,89,89,87,
87,88,88,90,90,93,93,91,91,92,92,94,94,97,97,95,95,96,96,98,98,101,101,
99,99,100,100,102,102,105,105,103,103,104,104,106,106,109,109,107,107,108,
108,110,110,113,113,111,111,112,112,114,114,117,117,115,115,116,116,118,
118,121,121,123,123,119,119,120,120,124,124,125,125,126,126,122,122,129,
129,131,131,127,127,128,128,132,132,133,133,134,134,130,130,137,137,139,
139,135,135,136,136,140,140,141,141,142,142,138,138,145,145,151,151,143,
143,144,144,152,152,153,153,154,154,146,146,149,149,147,147,163,163,148,
148,164,164,165,165,150,150,166,166,157,157,155,155,173,173,156,156,174,
174,175,175,158,158,176,176,161,161,159,159,177,177,160,160,178,178,179,
179,162,162,180,180,169,169,167,167,181,181,168,168,182,182,183,183,170,
170,184,184,172,172,171,171,185,185,186,186,187,187,188,188,189,189,190,
190),((1,3,5),(5,3,7),(5,7,9),(10,11,6),(6,13,2),(6,11,13),(1,15,3),(4,
17,8),(16,19,4),(4,19,17),(9,7,21),(9,21,23),(24,25,10),(10,25,11),(27,
15,1),(2,29,28),(2,13,29),(8,31,22),(8,17,31),(27,33,15),(34,35,16),(16,
35,19),(23,21,37),(23,37,39),(40,41,24),(24,41,25),(43,33,27),(28,45,44),
(28,29,45),(22,47,38),(22,31,47),(43,49,33),(50,51,34),(34,51,35),(39,37,
53),(39,53,55),(56,57,40),(40,57,41),(59,49,43),(44,61,60),(44,45,61),(38,
63,54),(38,47,63),(59,65,49),(66,67,50),(50,67,51),(55,53,69),(55,69,71),
(72,73,56),(56,73,57),(75,65,59),(60,77,76),(60,61,77),(54,79,70),(54,63,
79),(75,81,65),(82,83,66),(66,83,67),(18,14,12),(18,12,32),(32,12,26),(20,
14,18),(20,30,14),(36,30,20),(32,26,48),(48,26,42),(36,46,30),(52,46,36),
(71,69,85),(71,85,87),(88,73,72),(90,81,75),(76,77,89),(70,79,86),(90,91,
81),(92,83,82),(48,42,64),(64,42,58),(52,62,46),(68,62,52),(64,58,80),(80,
58,74),(68,78,62),(84,78,68),(87,85,94),(88,95,73),(87,94,97),(98,95,88),
(100,91,90),(89,77,101),(89,101,99),(86,79,103),(86,103,93),(92,105,83),
(100,107,91),(108,105,92),(80,74,104),(104,74,96),(84,102,78),(106,102,
84),(97,94,110),(98,111,95),(97,110,113),(114,111,98),(116,107,100),(99,
101,117),(99,117,115),(93,103,119),(93,119,109),(108,121,105),(116,123,
107),(124,121,108),(104,96,120),(120,96,112),(106,118,102),(122,118,106),
(113,110,126),(114,127,111),(113,126,129),(130,127,114),(132,123,116),(115,
117,133),(115,133,131),(109,119,135),(109,135,125),(124,137,121),(132,139,
123),(140,137,124),(120,112,136),(136,112,128),(122,134,118),(138,134,122),
(129,126,142),(130,143,127),(145,143,130),(129,142,146),(147,139,132),(131,
133,149),(131,149,148),(125,135,151),(125,151,141),(140,153,137),(155,153,
140),(147,156,139),(136,128,152),(152,128,144),(138,150,134),(154,150,138),
(152,144,157),(145,159,143),(157,144,160),(154,161,150),(148,149,162),(141,
151,158),(155,163,153),(164,161,154),(146,142,165),(167,159,145),(146,165,
168),(169,156,147),(148,162,170),(141,158,166),(171,163,155),(169,172,156),
(157,160,173),(167,175,159),(173,160,176),(164,177,161),(170,162,178),(166,
158,174),(171,179,163),(180,177,164),(168,165,181),(183,175,167),(168,181,
184),(185,172,169),(170,178,186),(166,174,182),(187,179,171),(185,188,172),
(173,176,189),(183,191,175),(189,176,192),(180,193,177),(186,178,194),(182,
174,190),(187,195,179),(196,193,180),(184,181,197),(199,191,183),(184,197,
200),(201,188,185),(186,194,202),(182,190,198),(203,195,187),(201,204,188),
(189,192,205),(199,207,191),(205,192,208),(196,209,193),(202,194,210),(198,
190,206),(203,211,195),(212,209,196),(200,197,213),(215,207,199),(200,213,
216),(217,204,201),(202,210,218),(198,206,214),(219,211,203),(217,220,204),
(205,208,221),(215,223,207),(221,208,224),(212,225,209),(218,210,226),(214,
206,222),(219,227,211),(228,225,212),(216,213,229),(231,223,215),(216,229,
232),(233,220,217),(218,226,234),(214,222,230),(235,227,219),(233,236,220),
(221,224,237),(239,223,231),(237,224,241),(239,242,223),(228,244,225),(234,
226,245),(245,226,243),(230,222,247),(247,222,238),(249,227,235),(251,244,
228),(249,252,227),(232,229,248),(232,248,240),(246,236,233),(246,250,236),
(237,241,254),(255,242,239),(254,241,257),(255,258,242),(251,260,244),(245,
243,261),(261,243,259),(247,238,263),(263,238,253),(265,252,249),(267,260,
251),(265,268,252),(240,248,264),(240,264,256),(262,250,246),(262,266,250),
(254,257,270),(271,258,255),(270,257,273),(271,274,258),(267,276,260),(261,
259,277),(277,259,275),(263,253,279),(279,253,269),(281,268,265),(283,276,
267),(281,284,268),(256,264,280),(256,280,272),(278,266,262),(278,282,266),
(270,273,286),(287,274,271),(286,273,289),(287,290,274),(283,292,276),(277,
275,293),(293,275,291),(279,269,295),(295,269,285),(297,284,281),(299,292,
283),(297,300,284),(272,280,296),(272,296,288),(294,282,278),(294,298,282),
(286,289,302),(302,289,303),(305,304,290),(305,290,287),(299,307,292),(309,
291,308),(293,291,309),(311,285,301),(295,285,311),(313,307,299),(315,314,
300),(315,300,297),(302,303,317),(317,303,319),(321,320,304),(321,304,305),
(313,323,307),(325,308,324),(309,308,325),(327,301,318),(311,301,327),(329,
323,313),(331,330,314),(331,314,315),(288,296,312),(288,312,306),(310,298,
294),(310,316,298),(317,319,333),(333,319,335),(337,336,320),(337,320,321),
(329,339,323),(341,324,340),(325,324,341),(343,318,334),(327,318,343),(345,
339,329),(347,346,330),(347,330,331),(333,335,349),(349,335,351),(353,352,
336),(353,336,337),(345,355,339),(357,340,356),(341,340,357),(359,334,350),
(343,334,359),(361,355,345),(363,362,346),(363,346,347),(306,312,328),(306,
328,322),(326,316,310),(326,332,316),(349,351,365),(365,351,367),(352,369,
368),(369,352,353),(361,367,355),(371,356,368),(357,356,371),(373,350,366),
(359,350,373),(365,367,361),(362,375,366),(375,362,363),(368,369,377),(368,
377,371),(366,380,373),(366,375,380),(322,328,344),(322,344,338),(342,332,
326),(342,348,332),(338,344,360),(338,360,354),(358,348,342),(358,364,348),
(354,360,374),(374,370,354),(372,364,358),(376,364,372),(374,378,370),(376,
372,379),(379,372,378),(379,378,374)),());
#1327=COMPLEX_TRIANGULATED_FACE('ConvergentBody',#1382,1892,((-1.,0.,0.),
(0.,-1.,0.),(0.,0.,1.),(-1.,0.,0.),(0.,1.,0.),(0.,0.,-1.),(0.,0.,-1.),(-1.,
0.,0.),(0.,-1.,0.),(0.,-1.,0.),(0.999999999999971,0.,0.),(0.,0.,-1.),(0.,
1.,0.),(1.,0.,0.),(0.,-1.,0.),(0.999999999999969,0.,0.),(0.,-1.,0.),(0.999999999999884,
0.,0.),(0.,-1.,0.),(0.990265562262274,0.,0.139190934321823),(0.,-1.,0.),
(0.990268271062327,0.,-0.139171661365483),(0.,-1.,0.),(0.990268069173427,
0.,0.139173097887243),(0.,-1.,0.),(1.,0.,0.),(0.,-1.,0.),(0.961264053070251,
0.,0.275629135388393),(0.,-1.,0.),(0.913543465016631,0.,0.406741118557502),
(0.,-1.,0.),(0.848040018926852,0.,0.529932190283383),(0.,-1.,0.),(0.766047160783394,
0.,0.642784370886304),(0.,-1.,0.),(0.669132747353314,0.,0.743142897711743),
(0.,-1.,0.),(0.559187202175548,0.,0.829041418098687),(0.,-1.,0.),(0.438378657556395,
0.,0.898790383014334),(0.,-1.,0.),(0.309015907666515,0.,0.951056869387441),
(0.,-1.,0.),(0.17364818849876,0.,0.984807751102264),(0.,-1.,0.),(0.0348996153583645,
0.,0.999390822875535),(0.,-1.,0.),(-0.104523100163962,0.,0.994522459038565),
(0.,-1.,0.),(-0.241917344319767,0.,0.970296861026187),(0.,-1.,0.),(0.,0.,
-1.),(1.,0.,0.),(-1.,0.,0.),(0.,0.,1.),(0.,1.,0.),(0.,0.,1.),(0.,-1.,0.),
(1.,0.,0.),(0.,-1.,0.),(0.990264837128048,0.,0.139196093148334),(0.,-1.,
0.),(1.,0.,0.),(0.,-1.,0.),(0.990264641214198,0.,-0.139197486905888),(0.,
-1.,0.),(1.,0.,0.),(0.,-1.,0.),(0.990267649177915,0.,-0.139176086277947),
(0.,-1.,0.),(0.961264979971473,0.,-0.275625902774836),(0.,-1.,0.),(0.913548518646278,
0.,-0.406729767879352),(0.,-1.,0.),(0.99999999999988,0.,0.),(0.,-1.,0.),
(1.,0.,0.),(0.,-1.,0.),(0.848051581112831,0.,-0.529913687096331),(0.,-1.,
0.),(0.766047867541102,0.,-0.642783528597093),(0.,-1.,0.),(0.669123388434264,
0.,-0.74315132446242),(0.,-1.,0.),(0.559190493954219,0.,-0.829039197789367),
(0.,-1.,0.),(0.438374685143451,0.,-0.898792320519807),(0.,-1.,0.),(0.309013447037849,
0.,-0.951057668887532),(0.,-1.,0.),(0.173645820284396,0.,-0.984808168679444),
(0.,-1.,0.),(0.0349064804289124,0.,-0.999390583117565),(0.,-1.,0.),(-0.104524452624533,
0.,-0.994522316895675),(0.,-1.,0.),(-0.241923865989809,0.,-0.970295235000433),
(0.,1.,0.),(0.999999999999971,0.,0.),(0.,1.,0.),(0.,1.,0.),(0.990265562262274,
0.,0.139190934321823),(0.,1.,0.),(0.999999999999884,0.,0.),(0.,1.,0.),(0.990268271062327,
0.,-0.139171661365483),(0.,1.,0.),(1.,0.,0.),(0.,1.,0.),(0.990268069173427,
0.,0.139173097887243),(0.,1.,0.),(0.961264053070251,0.,0.275629135388393),
(0.,1.,0.),(0.913543465016631,0.,0.406741118557502),(0.,1.,0.),(0.848040018926852,
0.,0.529932190283383),(0.,1.,0.),(0.766047160783394,0.,0.642784370886304),
(0.,1.,0.),(0.669132747353314,0.,0.743142897711743),(0.,1.,0.),(0.559187202175548,
0.,0.829041418098687),(0.,1.,0.),(0.438378657556395,0.,0.898790383014334),
(0.,1.,0.),(0.309015907666515,0.,0.951056869387441),(0.,1.,0.),(0.17364818849876,
0.,0.984807751102264),(0.,1.,0.),(0.0348996153583645,0.,0.999390822875535),
(0.,1.,0.),(-0.104523100163962,0.,0.994522459038565),(0.,1.,0.),(-0.241917344319767,
0.,0.970296861026187),(0.,1.,0.),(1.,0.,0.),(0.,1.,0.),(0.990264837128048,
0.,0.139196093148334),(0.,1.,0.),(0.990264641214198,0.,-0.139197486905888),
(0.,1.,0.),(0.,1.,0.),(0.990267649177915,0.,-0.139176086277947),(0.,1.,
0.),(0.961264979971473,0.,-0.275625902774836),(0.,1.,0.),(0.913548518646278,
0.,-0.406729767879352),(0.,1.,0.),(0.99999999999988,0.,0.),(0.,1.,0.),(1.,
0.,0.),(0.,1.,0.),(0.848051581112831,0.,-0.529913687096331),(0.,1.,0.),
(0.766047867541102,0.,-0.642783528597093),(0.,1.,0.),(0.669123388434264,
0.,-0.74315132446242),(0.,1.,0.),(0.559190493954219,0.,-0.829039197789367),
(0.,1.,0.),(0.438374685143451,0.,-0.898792320519807),(0.,1.,0.),(0.309013447037849,
0.,-0.951057668887532),(0.,1.,0.),(0.173645820284396,0.,-0.984808168679444),
(0.,1.,0.),(0.0349064804289124,0.,-0.999390583117565),(0.,1.,0.),(-0.104524452624533,
0.,-0.994522316895675),(0.,1.,0.),(-0.241923865989809,0.,-0.970295235000433),
(0.,1.,0.),(0.,0.,1.),(1.,0.,0.),(0.990267656841563,0.,-0.139176031749438),
(0.,-1.,0.),(0.990267623294811,0.,0.139176270441645),(0.,1.,0.),(0.990267623294811,
0.,0.139176270441645),(0.,-1.,0.),(0.990267656841563,0.,-0.139176031749438),
(0.,1.,0.),(0.,1.,0.),(0.96126472976713,0.,0.275626775378821),(0.96126472976713,
0.,0.275626775378821),(0.,-1.,0.),(0.96126186524782,0.,0.275636765363917),
(0.,1.,0.),(0.96126186524782,0.,0.275636765363917),(0.,-1.,0.),(0.,-1.,
0.),(0.989820426067865,0.,-0.142321903229372),(0.96126153952744,0.,-0.275637901285974),
(0.,-1.,0.),(0.,-1.,0.),(0.989822553441467,0.,0.142307106985615),(0.,1.,
0.),(0.,1.,0.),(0.96126153952744,0.,-0.275637901285974),(0.,1.,0.),(0.913547576972499,
0.,0.406731882949537),(0.,1.,0.),(0.,-1.,0.),(0.961259138159057,0.,-0.275646275697145),
(0.,-1.,0.),(0.913547576972499,0.,0.406731882949537),(0.,1.,0.),(0.961259138159057,
0.,-0.275646275697145),(0.913540059135685,0.,0.406748768104304),(0.,1.,
0.),(0.913540059135685,0.,0.406748768104304),(0.,-1.,0.),(0.,-1.,0.),(0.95949383245282,
0.,-0.281729631890222),(0.913540238268153,0.,-0.406748365780326),(0.,-1.,
0.),(0.,-1.,0.),(0.959496612559025,0.,0.281720163438396),(0.,1.,0.),(0.,
1.,0.),(0.,1.,0.),(0.913540238268153,0.,-0.406748365780326),(0.990267717335109,
0.,0.139175601324055),(0.,1.,0.),(0.990267717335109,0.,0.139175601324055),
(0.,-1.,0.),(0.,-1.,0.),(0.961258476270324,0.,0.275648583886177),(0.,-1.,
0.),(0.990271057123411,0.,-0.1391518358617),(0.990271057123411,0.,-0.1391518358617),
(0.,1.,0.),(0.,1.,0.),(0.961258476270324,0.,0.275648583886177),(0.99027115817084,
0.,0.139151116757942),(0.,1.,0.),(0.,-1.,0.),(0.99027115817084,0.,0.139151116757942),
(1.,0.,0.),(0.989822553441466,0.,-0.142307106985616),(0.,-1.,0.),(0.989822553441467,
0.,0.142307106985615),(0.,1.,0.),(0.989822553441466,0.,-0.142307106985616),
(0.99026549520007,0.,-0.139191411431022),(0.,-1.,0.),(0.99026549520007,
0.,-0.139191411431022),(0.,1.,0.),(0.,1.,0.),(0.961261250836943,0.,0.275638908065237),
(0.961261250836943,0.,0.275638908065237),(0.,-1.,0.),(0.,-1.,0.),(0.961261050676377,
0.,-0.275639606102873),(0.961261050676377,0.,-0.275639606102873),(0.,1.,
0.),(0.959496612559025,0.,0.281720163438396),(0.959496612559026,0.,-0.281720163438392),
(0.,-1.,0.),(0.,1.,0.),(0.959496612559026,0.,-0.281720163438392),(0.961267467535485,
0.,0.27561722707029),(0.,1.,0.),(0.,-1.,0.),(0.961267467535485,0.,0.27561722707029),
(0.961267467535487,0.,-0.275617227070282),(0.,-1.,0.),(0.,-1.,0.),(0.989820496307474,
0.,0.142321414726052),(0.,1.,0.),(0.,1.,0.),(0.961267467535487,0.,-0.275617227070282),
(0.913542030726122,0.,0.406744339968971),(0.,-1.,0.),(0.913543007404084,
0.,-0.406742146357003),(0.,1.,0.),(0.,-1.,0.),(0.913543007404084,0.,-0.406742146357003),
(0.,1.,0.),(0.913542030726122,0.,0.406744339968971),(0.848051581112831,
0.,0.52991368709633),(0.,1.,0.),(0.,-1.,0.),(0.848051581112831,0.,0.52991368709633),
(0.848050255866228,0.,0.529915807959364),(0.,1.,0.),(0.,-1.,0.),(0.909641074823311,
0.,-0.41539513116344),(0.848050255866228,0.,0.529915807959364),(0.,-1.,
0.),(0.,-1.,0.),(0.848051115441572,0.,-0.529914432336302),(0.,-1.,0.),(0.909639423580841,
0.,0.415398747070227),(0.,1.,0.),(0.,1.,0.),(0.,1.,0.),(0.848051115441572,
0.,-0.529914432336302),(0.999999999999969,0.,0.),(0.989820496307474,0.,
0.142321414726052),(0.989820426067865,0.,-0.142321903229372),(0.959493697696565,
0.,0.281730090832648),(0.959493697696565,0.,0.281730090832648),(0.,-1.,
0.),(0.,1.,0.),(0.95949383245282,0.,-0.281729631890222),(0.961263795084225,
0.,-0.275630035120036),(0.,-1.,0.),(0.,1.,0.),(0.961263795084225,0.,-0.275630035120036),
(0.913539471003777,0.,0.406750089020443),(0.,1.,0.),(0.,-1.,0.),(0.913539471003777,
0.,0.406750089020443),(0.913539471003777,0.,-0.406750089020443),(0.,-1.,
0.),(0.,1.,0.),(0.913539471003777,0.,-0.406750089020443),(0.909639423580841,
0.,0.415398747070227),(0.909639423580966,0.,-0.415398747069956),(0.,-1.,
0.),(0.,1.,0.),(0.909639423580966,0.,-0.415398747069956),(0.913549030344353,
0.,0.406728618561434),(0.,1.,0.),(0.,-1.,0.),(0.913549030344353,0.,0.406728618561434),
(0.913549689378418,0.,-0.406727138308469),(0.,-1.,0.),(0.,1.,0.),(0.913549689378418,
0.,-0.406727138308469),(0.848053949440657,0.,0.529909896905222),(0.,-1.,
0.),(0.84805394944067,0.,-0.529909896905203),(0.,1.,0.),(0.,-1.,0.),(0.84805394944067,
0.,-0.529909896905203),(0.,1.,0.),(0.848053949440657,0.,0.529909896905222),
(0.909640567562379,0.,0.4153962419724),(0.909640567562379,0.,0.4153962419724),
(0.,-1.,0.),(0.,1.,0.),(0.909641074823311,0.,-0.41539513116344),(0.913543826730611,
0.,-0.40674030614434),(0.,-1.,0.),(0.,1.,0.),(0.913543826730611,0.,-0.40674030614434),
(0.766050890241661,0.,0.642779926226667),(0.,1.,0.),(0.,-1.,0.),(0.766050890241661,
0.,0.642779926226667),(0.766055807849722,0.,0.642774065484685),(0.,1.,0.),
(0.,-1.,0.),(0.841252631175711,0.,-0.540642220456323),(0.766055807849722,
0.,0.642774065484685),(0.,-1.,0.),(0.,-1.,0.),(0.766055807849718,0.,-0.64277406548469),
(0.,-1.,0.),(0.841252614871732,0.,0.540642245825716),(0.,1.,0.),(0.,1.,
0.),(0.,1.,0.),(0.766055807849718,0.,-0.64277406548469),(0.848054534405224,
0.,0.529908960742069),(0.,1.,0.),(0.,-1.,0.),(0.848054534405224,0.,0.529908960742069),
(0.848054534405224,0.,-0.529908960742069),(0.,-1.,0.),(0.,1.,0.),(0.848054534405224,
0.,-0.529908960742069),(0.841252614871732,0.,0.540642245825716),(0.841252614871766,
0.,-0.540642245825663),(0.,-1.,0.),(0.,1.,0.),(0.841252614871766,0.,-0.540642245825663),
(0.848048032482931,0.,0.529919366132084),(0.,1.,0.),(0.,-1.,0.),(0.848048032482931,
0.,0.529919366132084),(0.848046741136874,0.,-0.529921432711612),(0.,-1.,
0.),(0.,1.,0.),(0.848046741136874,0.,-0.529921432711612),(0.848039581365033,
0.,-0.529932890504278),(0.,-1.,0.),(0.,1.,0.),(0.848039581365033,0.,-0.529932890504278),
(0.841252631175711,0.,0.540642220456322),(0.841252631175711,0.,0.540642220456322),
(0.,-1.,0.),(0.,1.,0.),(0.841252631175711,0.,-0.540642220456323),(0.766045530790397,
0.,0.642786313447991),(0.,-1.,0.),(0.76604553079041,0.,-0.642786313447975),
(0.,1.,0.),(0.,-1.,0.),(0.76604553079041,0.,-0.642786313447975),(0.,1.,
0.),(0.766045530790397,0.,0.642786313447991),(0.766048979003363,0.,0.642782203991294),
(0.,1.,0.),(0.,-1.,0.),(0.766048979003363,0.,0.642782203991294),(0.766048979003363,
0.,-0.642782203991294),(0.,-1.,0.),(0.,1.,0.),(0.766048979003363,0.,-0.642782203991294),
(0.755743864255733,0.,0.654867323692221),(0.755743864255733,0.,0.654867323692221),
(0.,-1.,0.),(0.,-1.,0.),(0.755743864255698,0.,-0.654867323692261),(0.,1.,
0.),(0.,1.,0.),(0.755743864255698,0.,-0.654867323692261),(0.,1.,0.),(0.766044274070065,
0.,0.642787811151135),(0.766044274070065,0.,0.642787811151135),(0.,-1.,
0.),(0.,-1.,0.),(0.766043207225104,0.,-0.642789082564628),(0.766043207225104,
0.,-0.642789082564628),(0.,1.,0.),(0.,1.,0.),(0.669127310560281,0.,0.743147793014529),
(0.,-1.,0.),(0.755737998490797,0.,-0.6548740929653),(0.,-1.,0.),(0.669127310560281,
0.,0.743147793014529),(0.669127310560276,0.,-0.743147793014533),(0.,-1.,
0.),(0.,1.,0.),(0.,1.,0.),(0.669127310560276,0.,-0.743147793014533),(0.669122918801191,
0.,0.74315174731341),(0.,1.,0.),(0.,-1.,0.),(0.669122918801191,0.,0.74315174731341),
(0.766044524320103,0.,-0.642787512914794),(0.,-1.,0.),(0.,1.,0.),(0.766044524320103,
0.,-0.642787512914794),(0.755737998490798,0.,0.654874092965298),(0.755737998490798,
0.,0.654874092965298),(0.,-1.,0.),(0.,1.,0.),(0.755737998490797,0.,-0.6548740929653),
(0.669130926010034,0.,0.743144537662059),(0.,-1.,0.),(0.669128870359886,
0.,-0.743146388574218),(0.,1.,0.),(0.,-1.,0.),(0.669128870359886,0.,-0.743146388574218),
(0.,1.,0.),(0.669130926010034,0.,0.743144537662059),(0.669125483675231,
0.,0.74314943793048),(0.,1.,0.),(0.,-1.,0.),(0.669125483675231,0.,0.74314943793048),
(0.669125483675218,0.,-0.743149437930491),(0.,-1.,0.),(0.,1.,0.),(0.669125483675218,
0.,-0.743149437930491),(0.65486304520592,0.,0.75574757162933),(0.65486304520592,
0.,0.75574757162933),(0.,-1.,0.),(0.,-1.,0.),(0.654860924978824,0.,-0.755749408822712),
(0.,1.,0.),(0.,1.,0.),(0.654860924978824,0.,-0.755749408822712),(0.,1.,
0.),(0.669124763010954,0.,0.743150086809882),(0.669124763010954,0.,0.743150086809882),
(0.,-1.,0.),(0.,-1.,0.),(0.669126544700739,0.,-0.743148482590693),(0.669126544700739,
0.,-0.743148482590693),(0.,1.,0.),(0.669132747353314,0.,-0.743142897711743),
(0.,-1.,0.),(0.,1.,0.),(0.669132747353314,0.,-0.743142897711743),(0.654859787557274,
0.,0.755750394403101),(0.654859787557274,0.,0.755750394403101),(0.,-1.,
0.),(0.,-1.,0.),(0.654857673366263,0.,-0.755752226350227),(0.,1.,0.),(0.,
1.,0.),(0.654857673366263,0.,-0.755752226350227),(0.,1.,0.),(0.559188428304422,
0.,0.829040591075269),(0.559188428304422,0.,0.829040591075269),(0.,-1.,
0.),(0.,-1.,0.),(0.559188428304433,0.,-0.829040591075261),(0.559188428304433,
0.,-0.829040591075261),(0.,1.,0.),(0.,1.,0.),(0.559186071454705,0.,0.829042180767091),
(0.559186071454705,0.,0.829042180767091),(0.,-1.,0.),(0.,-1.,0.),(0.559196070854731,
0.,0.829035436118765),(0.559193777618116,0.,-0.829036982934525),(0.,1.,
0.),(0.,-1.,0.),(0.559193777618116,0.,-0.829036982934525),(0.,1.,0.),(0.559196070854731,
0.,0.829035436118765),(0.559185004420711,0.,0.829042900476815),(0.,1.,0.),
(0.,-1.,0.),(0.559185004420711,0.,0.829042900476815),(0.559185004420712,
0.,-0.829042900476814),(0.,-1.,0.),(0.,1.,0.),(0.559185004420712,0.,-0.829042900476814),
(0.540644240036927,0.,0.841251333261882),(0.540644240036927,0.,0.841251333261882),
(0.,-1.,0.),(0.,-1.,0.),(0.540644467429311,0.,-0.84125118712432),(0.,1.,
0.),(0.,1.,0.),(0.540644467429311,0.,-0.84125118712432),(0.,1.,0.),(0.559192208943261,
0.,0.829038041019323),(0.559192208943261,0.,0.829038041019323),(0.,-1.,
0.),(0.,-1.,0.),(0.559194686859852,0.,-0.82903636964111),(0.559194686859852,
0.,-0.82903636964111),(0.,1.,0.),(0.559192212203531,0.,-0.829038038820247),
(0.,-1.,0.),(0.,1.,0.),(0.559192212203531,0.,-0.829038038820247),(0.540647819108942,
0.,0.84124903310063),(0.540647819108942,0.,0.84124903310063),(0.,-1.,0.),
(0.,-1.,0.),(0.540648045927455,0.,-0.841248887330512),(0.,1.,0.),(0.,1.,
0.),(0.540648045927455,0.,-0.841248887330512),(0.,1.,0.),(0.438374696320793,
0.,0.898792315068199),(0.438374696320793,0.,0.898792315068199),(0.,-1.,
0.),(0.,-1.,0.),(0.438371817036139,0.,-0.898793719397523),(0.438371817036139,
0.,-0.898793719397523),(0.,1.,0.),(0.,1.,0.),(0.438374685143446,0.,0.89879232051981),
(0.438374685143446,0.,0.89879232051981),(0.,-1.,0.),(0.,-1.,0.),(0.438361336690359,
0.,0.898798830937736),(0.438358411470602,0.,-0.898800257617326),(0.,1.,
0.),(0.,-1.,0.),(0.438358411470602,0.,-0.898800257617326),(0.,1.,0.),(0.438361336690359,
0.,0.898798830937736),(0.438375119817093,0.,0.898792108513058),(0.,1.,0.),
(0.,-1.,0.),(0.438375119817093,0.,0.898792108513058),(0.438378031023343,
0.,-0.898790688601132),(0.,-1.,0.),(0.,1.,0.),(0.438378031023343,0.,-0.898790688601132),
(0.415413492176097,0.,0.909632689890848),(0.415413492176097,0.,0.909632689890848),
(0.,-1.,0.),(0.,-1.,0.),(0.415416289994518,0.,-0.909631412170441),(0.,1.,
0.),(0.,1.,0.),(0.415416289994518,0.,-0.909631412170441),(0.,1.,0.),(0.438363483275144,
0.,0.898797784004212),(0.438363483275144,0.,0.898797784004212),(0.,-1.,
0.),(0.,-1.,0.),(0.438366169697748,0.,-0.898796473771746),(0.438366169697748,
0.,-0.898796473771746),(0.,1.,0.),(0.438384089091437,0.,-0.898787733801186),
(0.,-1.,0.),(0.,1.,0.),(0.438384089091437,0.,-0.898787733801186),(0.415420621183954,
0.,0.909629434162691),(0.415420621183954,0.,0.909629434162691),(0.,-1.,
0.),(0.,-1.,0.),(0.415420432880938,0.,-0.909629520159177),(0.,1.,0.),(0.,
1.,0.),(0.415420432880938,0.,-0.909629520159177),(0.,1.,0.),(0.309015975876779,
0.,0.951056847224666),(0.309015975876779,0.,0.951056847224666),(0.,-1.,
0.),(0.,-1.,0.),(0.309012929163288,0.,-0.951057837152886),(0.309012929163288,
0.,-0.951057837152886),(0.,1.,0.),(0.,1.,0.),(0.309019693876797,0.,0.951055639169597),
(0.309019693876797,0.,0.951055639169597),(0.,-1.,0.),(0.,-1.,0.),(0.309015027068087,
0.,0.951057155509652),(0.30901193176981,0.,-0.95105816122038),(0.,1.,0.),
(0.,-1.,0.),(0.30901193176981,0.,-0.95105816122038),(0.,1.,0.),(0.309015027068087,
0.,0.951057155509652),(0.309018224801061,0.,0.951056116504594),(0.,1.,0.),
(0.,-1.,0.),(0.309018224801061,0.,0.951056116504594),(0.309021305292312,
0.,-0.951055115582391),(0.,-1.,0.),(0.,1.,0.),(0.309021305292312,0.,-0.951055115582391),
(0.281732050796198,0.,0.959493122202639),(0.281732050796198,0.,0.959493122202639),
(0.,-1.,0.),(0.,-1.,0.),(0.281732050796199,0.,-0.959493122202639),(0.,1.,
0.),(0.,1.,0.),(0.281732050796199,0.,-0.959493122202639),(0.,1.,0.),(0.309012270872886,
0.,0.95105805104104),(0.309012270872886,0.,0.95105805104104),(0.,-1.,0.),
(0.,-1.,0.),(0.309012270872885,0.,-0.951058051041041),(0.309012270872885,
0.,-0.951058051041041),(0.,1.,0.),(0.309015907666553,0.,-0.951056869387428),
(0.,-1.,0.),(0.,1.,0.),(0.309015907666553,0.,-0.951056869387428),(0.281728022370861,
0.,0.959494305043549),(0.281728022370861,0.,0.959494305043549),(0.,-1.,
0.),(0.,-1.,0.),(0.281728157131806,0.,-0.959494265474847),(0.,1.,0.),(0.,
1.,0.),(0.281728157131806,0.,-0.959494265474847),(0.,1.,0.),(0.173644126813578,
0.,0.984808467278359),(0.173644126813578,0.,0.984808467278359),(0.,-1.,
0.),(0.,-1.,0.),(0.173644126813578,0.,-0.984808467278359),(0.173644126813578,
0.,-0.984808467278359),(0.,1.,0.),(0.,1.,0.),(0.173652288810151,0.,0.984807028097889),
(0.173652288810151,0.,0.984807028097889),(0.,-1.,0.),(0.,-1.,0.),(0.173652332544165,
0.,0.984807020386213),(0.173655770609986,0.,-0.984806414141303),(0.,1.,
0.),(0.,-1.,0.),(0.173655770609986,0.,-0.984806414141303),(0.,1.,0.),(0.173652332544165,
0.,0.984807020386213),(0.173646077271785,0.,0.984808123366233),(0.,1.,0.),
(0.,-1.,0.),(0.173646077271785,0.,0.984808123366233),(0.173642655810886,
0.,-0.98480872664845),(0.,-1.,0.),(0.,1.,0.),(0.173642655810886,0.,-0.98480872664845),
(0.142313289552606,0.,0.989821664552113),(0.142313289552606,0.,0.989821664552113),
(0.,-1.,0.),(0.,-1.,0.),(0.142313289552601,0.,-0.989821664552114),(0.,1.,
0.),(0.,1.,0.),(0.142313289552601,0.,-0.989821664552114),(0.,1.,0.),(0.173651665554216,
0.,0.984807137997205),(0.173651665554216,0.,0.984807137997205),(0.,-1.,
0.),(0.,-1.,0.),(0.173648285324095,0.,-0.984807734029339),(0.173648285324095,
0.,-0.984807734029339),(0.,1.,0.),(0.173648188498763,0.,-0.984807751102264),
(0.,-1.,0.),(0.,1.,0.),(0.173648188498763,0.,-0.984807751102264),(0.142312691097111,
0.,0.989821750595883),(0.142312691097111,0.,0.989821750595883),(0.,-1.,
0.),(0.,-1.,0.),(0.142312620836816,0.,-0.98982176069763),(0.,1.,0.),(0.,
1.,0.),(0.142312620836816,0.,-0.98982176069763),(0.,1.,0.),(0.0348987301986327,
0.,0.999390853785706),(0.0348987301986327,0.,0.999390853785706),(0.,-1.,
0.),(0.,-1.,0.),(0.0349021811248372,0.,-0.999390733273392),(0.0349021811248372,
0.,-0.999390733273392),(0.,1.,0.),(0.,1.,0.),(0.0348997188350318,0.,0.999390819262032),
(0.0348997188350318,0.,0.999390819262032),(0.,-1.,0.),(0.,-1.,0.),(0.0349018578398878,
0.,0.999390744563569),(0.0349088526281487,0.,-0.999390500259126),(0.,1.,
0.),(0.,-1.,0.),(0.0349088526281487,0.,-0.999390500259126),(0.,1.,0.),(0.0349018578398878,
0.,0.999390744563569),(0.0348998783970595,0.,0.999390813689955),(0.,1.,
0.),(0.,-1.,0.),(0.0348998783970595,0.,0.999390813689955),(0.0348964062732303,
0.,-0.99939093493448),(0.,-1.,0.),(0.,1.,0.),(0.0348964062732303,0.,-0.99939093493448),
(0.,0.,1.),(0.,0.,1.),(0.,-1.,0.),(0.,-1.,0.),(0.,0.,-1.),(0.,1.,0.),(0.,
1.,0.),(0.,0.,-1.),(0.,1.,0.),(0.0349013844547856,0.,0.999390761095548),
(0.0349013844547856,0.,0.999390761095548),(0.,-1.,0.),(0.,-1.,0.),(0.0348979541689597,
0.,-0.999390880884362),(0.0348979541689597,0.,-0.999390880884362),(0.,1.,
0.),(0.0348996153583647,0.,-0.999390822875535),(0.,-1.,0.),(0.,1.,0.),(0.0348996153583647,
0.,-0.999390822875535),(-1.99452326980168E-6,0.,0.999999999998011),(-1.99452326980168E-6,
0.,0.999999999998011),(0.,-1.,0.),(0.,-1.,0.),(-1.99432987033585E-6,0.,
-0.999999999998011),(0.,1.,0.),(0.,1.,0.),(-1.99432987033585E-6,0.,-0.999999999998011),
(0.,1.,0.),(-0.104530177293955,0.,0.994521715215356),(-0.104530177293955,
0.,0.994521715215356),(0.,-1.,0.),(0.,-1.,0.),(-0.104526743180188,0.,-0.994522076155247),
(-0.104526743180188,0.,-0.994522076155247),(0.,1.,0.),(0.,1.,0.),(-0.104531181277912,
0.,0.994521609690128),(-0.104531181277912,0.,0.994521609690128),(0.,-1.,
0.),(0.,-1.,0.),(-0.104531682310765,0.,0.994521557027942),(-0.104531631649167,
0.,-0.994521562352855),(0.,1.,0.),(0.,-1.,0.),(-0.104531631649167,0.,-0.994521562352855),
(0.,1.,0.),(-0.104531682310765,0.,0.994521557027942),(-0.104529460829006,
0.,0.994521790519844),(0.,1.,0.),(0.,-1.,0.),(-0.104529460829006,0.,0.994521790519844),
(-0.104529460829006,0.,-0.994521790519844),(0.,-1.,0.),(0.,1.,0.),(-0.104529460829006,
0.,-0.994521790519844),(-0.142313289552688,0.,0.989821664552101),(-0.142313289552688,
0.,0.989821664552101),(0.,-1.,0.),(0.,-1.,0.),(-0.142313289552608,0.,-0.989821664552113),
(0.,1.,0.),(0.,1.,0.),(-0.142313289552608,0.,-0.989821664552113),(0.,1.,
0.),(-0.104525450726336,0.,0.994522211994512),(-0.104525450726336,0.,0.994522211994512),
(0.,-1.,0.),(0.,-1.,0.),(-0.104528830977918,0.,-0.994521856720299),(-0.104528830977918,
0.,-0.994521856720299),(0.,1.,0.),(-0.104529934253945,0.,-0.994521740760284),
(0.,-1.,0.),(0.,1.,0.),(-0.104529934253945,0.,-0.994521740760284),(-0.142314665319256,
0.,0.989821466747952),(-0.142314665319256,0.,0.989821466747952),(0.,-1.,
0.),(0.,-1.,0.),(-0.142314594867551,0.,-0.989821476877363),(0.,1.,0.),(0.,
1.,0.),(-0.142314594867551,0.,-0.989821476877363),(0.,1.,0.),(-0.24192038679121,
0.,0.97029610246295),(-0.24192038679121,0.,0.97029610246295),(0.,-1.,0.),
(0.,-1.,0.),(-0.241923575149073,0.,-0.970295307515754),(-0.241923575149073,
0.,-0.970295307515754),(0.,1.,0.),(0.,1.,0.),(-0.241923865989806,0.,0.970295235000433),
(-0.241923865989806,0.,0.970295235000433),(0.,-1.,0.),(0.,-1.,0.),(-0.241924440052997,
0.,0.970295091868986),(-0.241924555160183,0.,-0.970295063169213),(0.,1.,
0.),(0.,-1.,0.),(-0.241924555160183,0.,-0.970295063169213),(0.,1.,0.),(-0.241924440052997,
0.,0.970295091868986),(-0.24191771709931,0.,0.970296768083589),(0.,1.,0.),
(0.,-1.,0.),(-0.24191771709931,0.,0.970296768083589),(-0.24191771709931,
0.,-0.970296768083589),(0.,-1.,0.),(0.,1.,0.),(-0.24191771709931,0.,-0.970296768083589),
(-0.281732050796202,0.,0.959493122202638),(-0.281732050796202,0.,0.959493122202638),
(0.,-1.,0.),(0.,-1.,0.),(-0.281732050796169,0.,-0.959493122202648),(0.,
1.,0.),(0.,1.,0.),(-0.281732050796169,0.,-0.959493122202648),(0.,1.,0.),
(-0.241924788306122,0.,0.970295005038693),(-0.241924788306122,0.,0.970295005038693),
(0.,-1.,0.),(0.,-1.,0.),(-0.241928086211772,0.,-0.970294182762068),(-0.241928086211772,
0.,-0.970294182762068),(0.,1.,0.),(-0.241917572699905,0.,-0.970296804085732),
(0.,-1.,0.),(0.,1.,0.),(-0.241917572699905,0.,-0.970296804085732),(-0.281728022370886,
0.,0.959494305043542),(-0.281728022370886,0.,0.959494305043542),(0.,-1.,
0.),(0.,-1.,0.),(-0.281728157131718,0.,-0.959494265474873),(0.,1.,0.),(0.,
1.,0.),(-0.281728157131718,0.,-0.959494265474873),(0.,1.,0.),(-0.374604517177007,
0.,0.927184693419052),(-0.374604517177007,0.,0.927184693419052),(0.,-1.,
0.),(0.,-1.,0.),(-0.374604684652198,0.,-0.927184625755101),(-0.374604684652198,
0.,-0.927184625755101),(0.,1.,0.),(0.,1.,0.),(-0.37461065819472,0.,0.927182212279182),
(-0.37461065819472,0.,0.927182212279182),(0.,-1.,0.),(0.,-1.,0.),(-0.374610658194726,
0.,-0.92718221227918),(-0.374610658194726,0.,-0.92718221227918),(0.,1.,
0.),(-0.374603585388321,0.,0.927185069883146),(0.,-1.,0.),(-0.374603415363382,
0.,-0.927185138577021),(0.,1.,0.),(-0.374603415363382,0.,-0.927185138577021),
(0.,-1.,0.),(0.,1.,0.),(-0.374603585388321,0.,0.927185069883146),(-0.3746045976844,
0.,0.92718466089216),(0.,1.,0.),(0.,-1.,0.),(-0.3746045976844,0.,0.92718466089216),
(-0.374607508911653,0.,-0.927183484681973),(0.,-1.,0.),(0.,1.,0.),(-0.374607508911653,
0.,-0.927183484681973),(-0.415413492176149,0.,0.909632689890824),(-0.415413492176149,
0.,0.909632689890824),(0.,-1.,0.),(0.,-1.,0.),(-0.41541628999456,0.,-0.909631412170422),
(0.,1.,0.),(0.,1.,0.),(-0.41541628999456,0.,-0.909631412170422),(0.,1.,
0.),(-0.374604826680024,0.,0.927184568372462),(-0.374604826680024,0.,0.927184568372462),
(0.,-1.,0.),(0.,-1.,0.),(-0.374604826680024,0.,-0.927184568372462),(-0.374604826680024,
0.,-0.927184568372462),(0.,1.,0.),(0.,1.,0.),(-0.374614824771448,0.,0.927180528840774),
(-0.374614824771448,0.,0.927180528840774),(0.,-1.,0.),(0.,-1.,0.),(-0.374614486813919,
0.,-0.927180665387898),(-0.374614486813919,0.,-0.927180665387898),(0.,1.,
0.),(-0.415420621184131,0.,0.909629434162611),(-0.415420621184131,0.,0.909629434162611),
(0.,-1.,0.),(0.,-1.,0.),(-0.415420432881088,0.,-0.909629520159108),(0.,
1.,0.),(0.,1.,0.),(-0.415420432881088,0.,-0.909629520159108),(0.,1.,0.),
(-0.499996981616024,0.,0.866027146442226),(-0.499996981616024,0.,0.866027146442226),
(0.,-1.,0.),(0.,-1.,0.),(-0.499994292307061,0.,-0.866028699097415),(-0.499994292307061,
0.,-0.866028699097415),(0.,1.,0.),(-0.500000305487124,0.,0.866025227411293),
(0.,-1.,0.),(-0.500003037791445,0.,-0.866023649907626),(0.,1.,0.),(0.,-1.,
0.),(-0.500004299553515,0.,0.866022921421828),(-0.500003037791445,0.,-0.866023649907626),
(0.,-1.,0.),(0.,1.,0.),(-0.500000305487124,0.,0.866025227411293),(0.,1.,
0.),(-0.500004299553515,0.,0.866022921421828),(-0.50000429955352,0.,-0.866022921421826),
(0.,-1.,0.),(0.,-1.,0.),(0.309012963216746,0.,-0.951057826088407),(-0.50000429955352,
0.,-0.866022921421826),(0.,1.,0.),(0.,1.,0.),(0.309012963216746,0.,-0.951057826088407),
(-0.49999822452823,0.,0.866026428851116),(0.,1.,0.),(0.,-1.,0.),(-0.49999822452823,
0.,0.866026428851116),(-0.499995927579175,0.,-0.866027754984931),(0.,-1.,
0.),(0.,1.,0.),(-0.499995927579175,0.,-0.866027754984931),(-0.540644240036891,
0.,0.841251333261905),(-0.540644240036891,0.,0.841251333261905),(0.,-1.,
0.),(0.,-1.,0.),(-0.540644467429455,0.,-0.841251187124227),(0.,1.,0.),(0.,
1.,0.),(-0.540644467429455,0.,-0.841251187124227),(0.,1.,0.),(-0.499995105549891,
0.,0.866028229578086),(-0.499995105549891,0.,0.866028229578086),(0.,-1.,
0.),(0.,-1.,0.),(-0.499995105549891,0.,-0.866028229578086),(-0.499995105549891,
0.,-0.866028229578086),(0.,1.,0.),(0.,1.,0.),(-0.500008032564756,0.,0.866020766131345),
(-0.500008032564756,0.,0.866020766131345),(0.,-1.,0.),(0.,-1.,0.),(0.286803613920763,
0.,0.957989398188722),(-0.500008454203345,0.,-0.866020522692841),(0.,-1.,
0.),(0.,1.,0.),(0.286803613920763,0.,0.957989398188722),(0.,1.,0.),(-0.500008454203345,
0.,-0.866020522692841),(-0.540647819108942,0.,0.84124903310063),(-0.540647819108942,
0.,0.84124903310063),(0.,-1.,0.),(0.,-1.,0.),(-0.540648045927469,0.,-0.841248887330503),
(0.,1.,0.),(0.,1.,0.),(-0.540648045927469,0.,-0.841248887330503),(0.,1.,
0.),(-0.61566151028757,0.,0.788010726291482),(-0.61566151028757,0.,0.788010726291482),
(0.,-1.,0.),(0.,-1.,0.),(-0.615661510287575,0.,-0.788010726291478),(-0.615661510287575,
0.,-0.788010726291478),(0.,1.,0.),(-0.615658477291348,0.,0.788013095918652),
(0.,-1.,0.),(-0.615656421655362,0.,-0.788014701940589),(0.,1.,0.),(0.,-1.,
0.),(-0.615651853751614,0.,0.788018270709633),(-0.615656421655362,0.,-0.788014701940589),
(0.,-1.,0.),(0.,1.,0.),(-0.615658477291348,0.,0.788013095918652),(0.,1.,
0.),(-0.615651853751614,0.,0.788018270709633),(-0.615651853751611,0.,-0.788018270709636),
(0.,-1.,0.),(0.,-1.,0.),(0.415414793662773,0.,-0.909632095523303),(-0.615651853751611,
0.,-0.788018270709636),(0.,1.,0.),(0.,1.,0.),(0.415414793662773,0.,-0.909632095523303),
(-0.615665424135795,0.,0.788007668442187),(0.,1.,0.),(0.,-1.,0.),(-0.615665424135795,
0.,0.788007668442187),(-0.61566290562125,0.,-0.788009636135244),(0.,-1.,
0.),(0.,1.,0.),(-0.61566290562125,0.,-0.788009636135244),(-0.654863045205774,
0.,0.755747571629456),(-0.654863045205774,0.,0.755747571629456),(0.,-1.,
0.),(0.,-1.,0.),(-0.654860924978617,0.,-0.755749408822892),(0.,1.,0.),(-0.654860924978617,
0.,-0.755749408822892),(0.,1.,0.),(0.,1.,0.),(-0.615661119448505,0.,0.788011031648297),
(-0.615661119448505,0.,0.788011031648297),(0.,-1.,0.),(0.,-1.,0.),(-0.615657077246614,
0.,-0.788014189742898),(-0.615657077246614,0.,-0.788014189742898),(0.,1.,
0.),(0.,1.,0.),(-0.61565427228817,0.,0.788016381183364),(-0.61565427228817,
0.,0.788016381183364),(0.,-1.,0.),(0.,-1.,0.),(0.500011226478842,0.,0.866018922076835),
(0.,-1.,0.),(0.396082138042496,0.,0.918215083694276),(-0.615653799926366,
0.,-0.78801675022567),(0.,-1.,0.),(0.,1.,0.),(0.500011226478842,0.,0.866018922076835),
(0.,1.,0.),(0.396082138042496,0.,0.918215083694276),(0.,1.,0.),(-0.615653799926366,
0.,-0.78801675022567),(-0.654859787557246,0.,0.755750394403124),(-0.654859787557246,
0.,0.755750394403124),(0.,-1.,0.),(0.,-1.,0.),(-0.654857673366236,0.,-0.755752226350251),
(0.,1.,0.),(0.,1.,0.),(-0.654857673366236,0.,-0.755752226350251),(0.,1.,
0.),(-0.719337346180414,0.,0.694660911805263),(-0.719337346180414,0.,0.694660911805263),
(0.,-1.,0.),(0.,-1.,0.),(-0.719337346180411,0.,-0.694660911805266),(-0.719337346180411,
0.,-0.694660911805266),(0.,1.,0.),(-0.719334364160353,0.,0.694663999742336),
(0.,-1.,0.),(-0.71933255203718,0.,-0.694665876216529),(0.,1.,0.),(0.,-1.,
0.),(-0.71933255203718,0.,-0.694665876216529),(0.,1.,0.),(-0.719334364160353,
0.,0.694663999742336),(-0.719330316999486,0.,0.694668190610034),(0.,1.,
0.),(0.,-1.,0.),(-0.719330316999486,0.,0.694668190610034),(-0.719330316999483,
0.,-0.694668190610038),(0.,-1.,0.),(0.,-1.,0.),(0.516404547437531,0.,-0.856344757317892),
(-0.719330316999483,0.,-0.694668190610038),(0.,1.,0.),(0.,1.,0.),(0.516404547437531,
0.,-0.856344757317892),(-0.755743864255763,0.,0.654867323692187),(-0.755743864255763,
0.,0.654867323692187),(0.,-1.,0.),(0.,-1.,0.),(-0.755743864255761,0.,-0.654867323692189),
(0.,-1.,0.),(-0.719334793573728,0.,0.694663555078459),(0.,1.,0.),(-0.719334793573728,
0.,0.694663555078459),(0.,1.,0.),(-0.755743864255761,0.,-0.654867323692189),
(0.,1.,0.),(-0.719336596982347,0.,-0.694661687616251),(0.,-1.,0.),(0.,1.,
0.),(-0.719336596982347,0.,-0.694661687616251),(-0.719340775195544,0.,0.694657360963715),
(0.,1.,0.),(0.,-1.,0.),(-0.719340775195544,0.,0.694657360963715),(-0.719338752934522,
0.,-0.694659455076088),(0.,-1.,0.),(0.,1.,0.),(-0.719338752934522,0.,-0.694659455076088),
(-0.755737998490801,0.,0.654874092965295),(-0.755737998490801,0.,0.654874092965295),
(0.,-1.,0.),(0.,-1.,0.),(-0.7557379984908,0.,-0.654874092965296),(0.,1.,
0.),(0.,1.,0.),(-0.7557379984908,0.,-0.654874092965296),(0.,1.,0.),(-0.719342663349678,
0.,0.694655405712063),(-0.719342663349678,0.,0.694655405712063),(0.,-1.,
0.),(0.,-1.,0.),(0.597158119667035,0.,0.802123544172424),(-0.71934314979996,
0.,-0.694654901973542),(0.,-1.,0.),(0.,1.,0.),(0.597158119667035,0.,0.802123544172424),
(0.,1.,0.),(-0.71934314979996,0.,-0.694654901973542),(-0.809012998891668,
0.,0.587790751564117),(0.,1.,0.),(0.,-1.,0.),(-0.809012998891668,0.,0.587790751564117),
(-0.809012998891667,0.,-0.587790751564118),(0.,-1.,0.),(0.,1.,0.),(-0.809012998891667,
0.,-0.587790751564118),(-0.809018729100876,0.,0.587782864639659),(0.,-1.,
0.),(-0.809020915774371,0.,-0.587779854911341),(0.,1.,0.),(0.,-1.,0.),(-0.809020915774371,
0.,-0.587779854911341),(0.,1.,0.),(-0.809018729100876,0.,0.587782864639659),
(-0.809015472470101,0.,0.587787347009086),(0.,1.,0.),(0.,-1.,0.),(-0.809015472470101,
0.,0.587787347009086),(-0.809017581067555,0.,-0.587784444778528),(0.,-1.,
0.),(0.,-1.,0.),(0.696939634910451,0.,-0.7171297966832),(0.,-1.,0.),(0.610652649345329,
0.,-0.791898567903447),(-0.809017581067555,0.,-0.587784444778528),(0.,1.,
0.),(0.,1.,0.),(0.696939634910451,0.,-0.7171297966832),(0.,1.,0.),(0.610652649345329,
0.,-0.791898567903447),(-0.84125261487173,0.,0.540642245825718),(-0.84125261487173,
0.,0.540642245825718),(0.,-1.,0.),(0.,-1.,0.),(-0.841252614871732,0.,-0.540642245825716),
(0.,-1.,0.),(-0.809018180669651,0.,0.587783619494425),(0.,1.,0.),(-0.809018180669651,
0.,0.587783619494425),(0.,1.,0.),(-0.841252614871732,0.,-0.540642245825716),
(0.,1.,0.),(-0.809018180669657,0.,-0.587783619494417),(0.,-1.,0.),(0.,1.,
0.),(-0.809018180669657,0.,-0.587783619494417),(-0.841252631175709,0.,0.540642220456325),
(0.,-1.,0.),(-0.809025640852085,0.,-0.587773351253588),(-0.841252631175709,
0.,0.540642220456325),(0.,-1.,0.),(0.,-1.,0.),(-0.841252631175709,0.,-0.540642220456326),
(0.,1.,0.),(-0.809025640852085,0.,-0.587773351253588),(0.,1.,0.),(0.,1.,
0.),(-0.841252631175709,0.,-0.540642220456326),(-0.809025411865355,0.,0.587773666436403),
(0.,1.,0.),(0.,-1.,0.),(-0.809025411865355,0.,0.587773666436403),(-0.809022340916235,
0.,0.587777893339325),(0.,1.,0.),(-0.809022340916235,0.,0.587777893339325),
(0.,-1.,0.),(0.,-1.,0.),(0.686237130611436,0.,0.727377893924598),(-0.809021878034551,
0.,-0.587778530452966),(0.,-1.,0.),(0.,1.,0.),(0.686237130611436,0.,0.727377893924598),
(0.,1.,0.),(-0.809021878034551,0.,-0.587778530452966),(-0.882955290525324,
0.,0.469457085294641),(0.,1.,0.),(0.,-1.,0.),(-0.882955290525324,0.,0.469457085294641),
(-0.882955290525325,0.,-0.469457085294639),(0.,-1.,0.),(0.,1.,0.),(-0.882955290525325,
0.,-0.469457085294639),(-0.882949735097398,0.,0.469467533799127),(0.,-1.,
0.),(-0.882951481611821,0.,-0.469464249032331),(0.,1.,0.),(0.,-1.,0.),(-0.882951481611821,
0.,-0.469464249032331),(0.,1.,0.),(-0.882949735097398,0.,0.469467533799127),
(-0.882950993400892,0.,0.469465167240743),(0.,1.,0.),(0.,-1.,0.),(-0.882950993400892,
0.,0.469465167240743),(-0.882952677534047,0.,-0.469461999777891),(0.,-1.,
0.),(0.,-1.,0.),(0.774138354920509,0.,-0.633016435364018),(-0.882952677534047,
0.,-0.469461999777891),(0.,1.,0.),(0.,1.,0.),(0.774138354920509,0.,-0.633016435364018),
(-0.909628511591573,0.,0.41542264129402),(-0.909628511591573,0.,0.41542264129402),
(0.,-1.,0.),(0.,-1.,0.),(-0.909628511591586,0.,-0.415422641293992),(0.,
-1.,0.),(-0.88295664604266,0.,0.469454535827588),(0.,1.,0.),(-0.88295664604266,
0.,0.469454535827588),(0.,1.,0.),(-0.909628511591586,0.,-0.415422641293992),
(0.,1.,0.),(-0.882956646042662,0.,-0.469454535827585),(0.,-1.,0.),(0.,1.,
0.),(-0.882956646042662,0.,-0.469454535827585),(-0.909640567562539,0.,0.41539624197205),
(0.,-1.,0.),(-0.882947877941465,0.,-0.469471026623224),(-0.909640567562539,
0.,0.41539624197205),(0.,-1.,0.),(0.,-1.,0.),(-0.909641074823471,0.,-0.41539513116309),
(0.,1.,0.),(-0.882947877941465,0.,-0.469471026623224),(0.,1.,0.),(0.,1.,
0.),(-0.909641074823471,0.,-0.41539513116309),(-0.882948077497634,0.,0.469470651311913),
(0.,1.,0.),(0.,-1.,0.),(-0.882948077497634,0.,0.469470651311913),(-0.93969073306327,
0.,0.342025329756458),(0.,1.,0.),(0.,-1.,0.),(-0.93969073306327,0.,0.342025329756458),
(-0.939690733063271,0.,-0.342025329756455),(0.,-1.,0.),(0.,1.,0.),(-0.939690733063271,
0.,-0.342025329756455),(-0.882946294081797,0.,0.469474005422261),(0.,1.,
0.),(-0.882946294081797,0.,0.469474005422261),(0.,-1.,0.),(0.,-1.,0.),(0.766047994479102,
0.,0.642783377316608),(-0.882946697649453,0.,-0.469473246426167),(0.,-1.,
0.),(0.,1.,0.),(0.766047994479102,0.,0.642783377316608),(0.,1.,0.),(-0.882946697649453,
0.,-0.469473246426167),(-0.93968983733306,0.,0.342027790702695),(0.,-1.,
0.),(-0.93968983733306,0.,-0.342027790702695),(0.,1.,0.),(0.,-1.,0.),(-0.93968983733306,
0.,-0.342027790702695),(0.,1.,0.),(-0.93968983733306,0.,0.342027790702695),
(-0.959489212015466,0.,0.281745367354888),(-0.959489212015466,0.,0.281745367354888),
(0.,-1.,0.),(0.,-1.,0.),(-0.959489212015454,0.,-0.281745367354926),(0.,
-1.,0.),(-0.939687735855064,0.,0.342033564264655),(0.,1.,0.),(-0.939687735855064,
0.,0.342033564264655),(0.,1.,0.),(-0.959489212015454,0.,-0.281745367354926),
(0.,1.,0.),(-0.939693403258217,0.,0.342017993493017),(0.,1.,0.),(0.,-1.,
0.),(-0.939693403258217,0.,0.342017993493017),(-0.939692765027231,0.,-0.342019747025631),
(0.,-1.,0.),(0.,-1.,0.),(0.841254112984482,0.,-0.540639914718375),(-0.939692765027231,
0.,-0.342019747025631),(0.,1.,0.),(0.,1.,0.),(0.841254112984482,0.,-0.540639914718375),
(-0.939687406480955,0.,-0.342034469171014),(0.,-1.,0.),(0.,1.,0.),(-0.939687406480955,
0.,-0.342034469171014),(-0.959493697696574,0.,0.281730090832618),(0.,-1.,
0.),(-0.939694724866668,0.,-0.342014362355964),(-0.959493697696574,0.,0.281730090832618),
(0.,-1.,0.),(0.,-1.,0.),(-0.959493832452829,0.,-0.281729631890192),(0.,
1.,0.),(-0.939694724866668,0.,-0.342014362355964),(0.,1.,0.),(0.,1.,0.),
(-0.959493832452829,0.,-0.281729631890192),(-0.978146061885827,0.,0.207918930396555),
(0.,1.,0.),(-0.978146061885827,0.,0.207918930396555),(0.,-1.,0.),(0.,-1.,
0.),(-0.978146161841688,0.,-0.207918460157763),(-0.978146161841688,0.,-0.207918460157763),
(0.,1.,0.),(-0.978146115917927,0.,0.2079186762046),(0.,-1.,0.),(-0.978145912769082,
0.,-0.207919631908917),(0.,1.,0.),(0.,-1.,0.),(-0.978145912769082,0.,-0.207919631908917),
(0.,1.,0.),(-0.978146115917927,0.,0.2079186762046),(-0.939694244743458,
0.,0.342015681506014),(0.,1.,0.),(0.,-1.,0.),(-0.939694244743458,0.,0.342015681506014),
(-0.989822553441424,0.,0.142307106985911),(-0.989822553441424,0.,0.142307106985911),
(0.,-1.,0.),(0.,-1.,0.),(-0.989822553441428,0.,-0.142307106985882),(0.,
-1.,0.),(-0.97814439302408,0.,0.20792678133313),(0.,1.,0.),(-0.97814439302408,
0.,0.20792678133313),(0.,1.,0.),(-0.989822553441428,0.,-0.142307106985882),
(0.,1.,0.),(-0.939691179898985,0.,0.342024102104008),(0.,1.,0.),(-0.939691179898985,
0.,0.342024102104008),(0.,-1.,0.),(0.,-1.,0.),(0.835487260070666,0.,0.549509816345086),
(-0.939690209177311,0.,-0.342026769093153),(0.,-1.,0.),(0.,1.,0.),(0.835487260070666,
0.,0.549509816345086),(0.,1.,0.),(-0.939690209177311,0.,-0.342026769093153),
(-0.978150350339597,0.,0.207898754518932),(0.,1.,0.),(0.,-1.,0.),(-0.978150350339597,
0.,0.207898754518932),(-0.978149962384367,0.,-0.207900579815116),(0.,-1.,
0.),(0.,-1.,0.),(0.897397647603953,0.,-0.441222689891275),(-0.978149962384367,
0.,-0.207900579815116),(0.,1.,0.),(0.,1.,0.),(0.897397647603953,0.,-0.441222689891275),
(-0.997565120664334,0.,0.0697411645583337),(0.,1.,0.),(0.,-1.,0.),(-0.989820426067808,
0.,-0.142321903229765),(-0.997565120664334,0.,0.0697411645583337),(0.,-1.,
0.),(0.,-1.,0.),(-0.997565154191931,0.,-0.0697406849839403),(0.,1.,0.),
(-0.997565154191931,0.,-0.0697406849839403),(0.,1.,0.),(-0.978144293885523,
0.,-0.207927247707442),(0.,-1.,0.),(0.,1.,0.),(-0.978144293885523,0.,-0.207927247707442),
(-0.989820496307418,0.,0.142321414726445),(0.,-1.,0.),(-0.978146399670465,
0.,-0.207917341296265),(-0.989820496307418,0.,0.142321414726445),(0.,-1.,
0.),(0.,1.,0.),(-0.978146399670465,0.,-0.207917341296265),(0.,1.,0.),(-0.989820426067808,
0.,-0.142321903229765),(-1.,0.,0.),(-1.,0.,0.),(0.,-1.,0.),(0.,-1.,0.),
(0.696939950974484,0.,0.717129489517537),(0.,-1.,0.),(0.84125440060991,
0.,0.540639467163156),(0.,1.,0.),(0.,1.,0.),(0.696939950974484,0.,0.717129489517537),
(0.,1.,0.),(0.84125440060991,0.,0.540639467163156),(-0.997564081291745,
0.,0.0697560299655568),(0.,-1.,0.),(-0.997564013135659,0.,-0.0697570046423971),
(0.,1.,0.),(-0.997564013135659,0.,-0.0697570046423971),(0.,-1.,0.),(-0.997564081291745,
0.,0.0697560299655568),(0.,1.,0.),(0.,-1.,0.),(0.774138045156474,0.,0.633016814185304),
(0.774138045156474,0.,0.633016814185304),(0.,1.,0.),(0.,-1.,0.),(0.766047994478967,
0.,-0.64278337731677),(0.,-1.,0.),(0.835487260070677,0.,-0.549509816345071),
(0.,-1.,0.),(0.686237130611386,0.,-0.727377893924645),(0.,1.,0.),(0.766047994478967,
0.,-0.64278337731677),(0.,1.,0.),(0.835487260070677,0.,-0.549509816345071),
(0.,1.,0.),(0.686237130611386,0.,-0.727377893924645),(0.,-1.,0.),(0.993481906729877,
0.,0.113989916222303),(0.,-1.,0.),(0.974013032090618,0.,0.226491971861348),
(0.,-1.,0.),(1.,0.,0.),(0.,1.,0.),(0.993481906729877,0.,0.113989916222303),
(0.,1.,0.),(0.974013032090618,0.,0.226491971861348),(0.,1.,0.),(1.,0.,0.),
(-0.978146399670465,0.,0.207917341296265),(0.,1.,0.),(0.,-1.,0.),(-0.978146399670465,
0.,0.207917341296265),(-0.978146348635654,0.,0.207917581389205),(0.,1.,
0.),(-0.978146348635654,0.,0.207917581389205),(0.,-1.,0.),(0.,-1.,0.),(0.939691553603445,
0.,0.342023075371156),(0.,-1.,0.),(0.893629813168875,0.,0.448804809483768),
(-0.978146348635726,0.,-0.20791758138887),(0.,-1.,0.),(0.,1.,0.),(0.939691553603445,
0.,0.342023075371156),(0.,1.,0.),(0.893629813168875,0.,0.448804809483768),
(0.,1.,0.),(-0.978146348635726,0.,-0.20791758138887),(-0.997565591879817,
0.,0.0697344240491809),(0.,1.,0.),(-0.997565591879817,0.,0.0697344240491809),
(0.,-1.,0.),(0.,-1.,0.),(-0.997565591879817,0.,-0.0697344240491809),(0.,
-1.,0.),(0.974012892588207,0.,-0.226492571780962),(0.,-1.,0.),(0.9418388875017,
0.,-0.33606474077112),(-0.997565591879817,0.,-0.0697344240491809),(0.,1.,
0.),(0.,1.,0.),(0.974012892588207,0.,-0.226492571780962),(0.,1.,0.),(0.9418388875017,
0.,-0.33606474077112),(-0.999999999999969,0.,0.),(-0.999999999999969,0.,
0.),(0.,-1.,0.),(0.,-1.,0.),(0.939691553603445,0.,-0.342023075371157),(0.,
-1.,0.),(0.893629813168875,0.,-0.448804809483769),(0.,1.,0.),(0.939691553603445,
0.,-0.342023075371157),(0.,1.,0.),(0.,1.,0.),(0.893629813168875,0.,-0.448804809483769),
(-0.997563942923695,0.,0.0697580087053161),(0.,1.,0.),(-0.997563942923695,
0.,0.0697580087053161),(0.,-1.,0.),(0.,-1.,0.),(-0.997563976839323,0.,-0.0697575236982761),
(-0.997563976839323,0.,-0.0697575236982761),(0.,1.,0.),(0.,-1.,0.),(0.993482014353607,
0.,-0.113988978221144),(0.993482014353607,0.,-0.113988978221144),(0.,1.,
0.),(0.,-1.,0.),(0.897396446233257,0.,0.441225133336622),(0.,-1.,0.),(0.94183941178874,
0.,0.336063271425843),(0.,1.,0.),(0.897396446233257,0.,0.441225133336622),
(0.,1.,0.),(0.94183941178874,0.,0.336063271425843),(-0.997562683806677,
0.,0.0697760121848467),(0.,1.,0.),(0.,-1.,0.),(0.999999999999945,0.,0.),
(-0.997562683806677,0.,0.0697760121848467),(0.,-1.,0.),(0.,-1.,0.),(-0.997562683806677,
0.,-0.0697760121848472),(0.,-1.,0.),(0.973046805661189,0.,-0.2306077058395),
(0.,1.,0.),(0.999999999999945,0.,0.),(-0.997562683806677,0.,-0.0697760121848472),
(0.,1.,0.),(0.,1.,0.),(0.973046805661189,0.,-0.2306077058395),(-0.997564221859801,
0.,0.0697540197067422),(0.,1.,0.),(-0.997564221859801,0.,0.0697540197067422),
(0.,-1.,0.),(0.,-1.,0.),(0.973046805661189,0.,0.230607705839499),(-0.997564221859802,
0.,-0.0697540197067413),(0.,-1.,0.),(0.,1.,0.),(0.973046805661189,0.,0.230607705839499),
(-0.997564221859802,0.,-0.0697540197067413),(0.,1.,0.),(0.,-1.,0.),(0.993238036908799,
0.,-0.116095658995309),(0.993238036908799,0.,-0.116095658995309),(0.,1.,
0.),(0.,-1.,0.),(0.993238075570299,0.,0.116095328232491),(0.993238075570299,
0.,0.116095328232491),(0.,1.,0.),(0.,1.,0.),(0.610652343668546,0.,0.791898803618311),
(0.610652343668546,0.,0.791898803618311),(0.,-1.,0.),(0.,-1.,0.),(0.597161956469337,
0.,-0.80212068776819),(0.597161956469337,0.,-0.80212068776819),(0.,1.,0.),
(0.,1.,0.),(0.516404827043207,0.,0.85634458870625),(0.516404827043207,0.,
0.85634458870625),(0.,-1.,0.),(0.,-1.,0.),(0.50001093819814,0.,-0.866019088520696),
(0.50001093819814,0.,-0.866019088520696),(0.,1.,0.),(0.,1.,0.),(0.415419248508072,
0.,0.909630061051738),(0.415419248508072,0.,0.909630061051738),(0.,-1.,
0.),(0.,-1.,0.),(0.396077440270237,0.,-0.918217110115563),(0.396077440270237,
0.,-0.918217110115563),(0.,1.,0.),(0.,1.,0.),(0.309007870009678,0.,0.951059480932755),
(0.309007870009678,0.,0.951059480932755),(0.,-1.,0.),(0.,-1.,0.),(0.286803613920758,
0.,-0.957989398188724),(0.286803613920758,0.,-0.957989398188724),(0.,1.,
0.),(0.,1.,0.),(0.198585895695848,0.,0.980083487275792),(0.198585895695848,
0.,0.980083487275792),(0.,-1.,0.),(0.,-1.,0.),(0.198591144336847,0.,-0.980082423774134),
(0.198591144336847,0.,-0.980082423774134),(0.,1.,0.),(0.,1.,0.),(0.173650658504039,
0.,0.984807315570469),(0.173650658504039,0.,0.984807315570469),(0.,-1.,
0.),(0.,-1.,0.),(0.173650658504044,0.,-0.984807315570468),(0.173650658504044,
0.,-0.984807315570468),(0.,1.,0.),(0.,1.,0.),(0.0855813171276548,0.,0.996331188992243),
(0.0855813171276548,0.,0.996331188992243),(0.,-1.,0.),(0.,-1.,0.),(0.0855758023980565,
0.,-0.996331662672591),(0.0855758023980565,0.,-0.996331662672591),(0.,1.,
0.),(0.,1.,0.),(0.0581452859517617,0.,0.99830813165154),(0.0581452859517617,
0.,0.99830813165154),(0.,-1.,0.),(0.,-1.,0.),(0.0581452859517694,0.,-0.998308131651539),
(0.0581452859517694,0.,-0.998308131651539),(0.,1.,0.),(0.,1.,0.),(-0.0285588318673561,
0.,0.999592113375437),(-0.0285588318673561,0.,0.999592113375437),(0.,-1.,
0.),(0.,-1.,0.),(-0.0285588498217678,0.,-0.99959211286247),(-0.0285588498217678,
0.,-0.99959211286247),(0.,1.,0.),(0.,1.,0.),(-0.0581452859517665,0.,0.998308131651539),
(-0.0581452859517665,0.,0.998308131651539),(0.,-1.,0.),(0.,-1.,0.),(-0.0581452859517742,
0.,-0.998308131651539),(-0.0581452859517742,0.,-0.998308131651539),(0.,
1.,0.),(0.,1.,0.),(-0.142317939189241,0.,0.989820996031569),(-0.142317939189241,
0.,0.989820996031569),(0.,-1.,0.),(0.,-1.,0.),(-0.142312478271844,0.,-0.989821781195042),
(-0.142312478271844,0.,-0.989821781195042),(0.,1.,0.),(0.,1.,0.),(-0.173650658504053,
0.,0.984807315570467),(-0.173650658504053,0.,0.984807315570467),(0.,-1.,
0.),(0.,-1.,0.),(-0.173650658504058,0.,-0.984807315570466),(-0.173650658504058,
0.,-0.984807315570466),(0.,1.,0.),(0.,1.,0.),(-0.254217106542351,0.,0.967147177394028),
(-0.254217106542351,0.,0.967147177394028),(0.,-1.,0.),(0.,-1.,0.),(-0.254217106542349,
0.,-0.967147177394028),(-0.254217106542349,0.,-0.967147177394028),(0.,1.,
0.),(0.,1.,0.),(-0.286803613920758,0.,0.957989398188724),(-0.286803613920758,
0.,0.957989398188724),(0.,-1.,0.),(0.,-1.,0.),(-0.286803613920754,0.,-0.957989398188725),
(-0.286803613920754,0.,-0.957989398188725),(0.,1.,0.),(0.,1.,0.),(-0.362807474198911,
0.,0.931864119206983),(-0.362807474198911,0.,0.931864119206983),(0.,-1.,
0.),(0.,-1.,0.),(-0.362807474198911,0.,-0.931864119206983),(-0.362807474198911,
0.,-0.931864119206983),(0.,1.,0.),(0.,1.,0.),(-0.396072701027287,0.,0.918219154396677),
(-0.396072701027287,0.,0.918219154396677),(0.,-1.,0.),(0.,-1.,0.),(-0.39606800337798,
0.,-0.918221180707666),(-0.39606800337798,0.,-0.918221180707666),(0.,1.,
0.),(0.,1.,0.),(-0.466670018022705,0.,0.884431509094225),(-0.466670018022705,
0.,0.884431509094225),(0.,-1.,0.),(0.,-1.,0.),(-0.466670018022703,0.,-0.884431509094226),
(-0.466670018022703,0.,-0.884431509094226),(0.,1.,0.),(0.,1.,0.),(-0.500002325906411,
0.,0.866024060917582),(-0.500002325906411,0.,0.866024060917582),(0.,-1.,
0.),(0.,-1.,0.),(-0.500002037759465,0.,-0.866024227280267),(-0.500002037759465,
0.,-0.866024227280267),(0.,1.,0.),(0.,1.,0.),(-0.564439886682301,0.,0.825474175442255),
(-0.564439886682301,0.,0.825474175442255),(0.,-1.,0.),(0.,-1.,0.),(-0.564439886682296,
0.,-0.825474175442259),(-0.564439886682296,0.,-0.825474175442259),(0.,1.,
0.),(0.,1.,0.),(-0.597158119667035,0.,0.802123544172424),(-0.597158119667035,
0.,0.802123544172424),(0.,-1.,0.),(0.,-1.,0.),(-0.597161956469209,0.,-0.802120687768285),
(-0.597161956469209,0.,-0.802120687768285),(0.,1.,0.),(0.,1.,0.),(-0.654861610990475,
0.,0.755748814389384),(-0.654861610990475,0.,0.755748814389384),(0.,-1.,
0.),(0.,-1.,0.),(-0.654861610990474,0.,-0.755748814389385),(-0.654861610990474,
0.,-0.755748814389385),(0.,1.,0.),(0.,1.,0.),(-0.686237130611266,0.,0.727377893924758),
(-0.686237130611266,0.,0.727377893924758),(0.,-1.,0.),(0.,-1.,0.),(-0.686237130611386,
0.,-0.727377893924645),(-0.686237130611386,0.,-0.727377893924645),(0.,1.,
0.),(0.,1.,0.),(-0.736743467817713,0.,0.676172361626776),(-0.736743467817713,
0.,0.676172361626776),(0.,-1.,0.),(0.,-1.,0.),(-0.736743467817714,0.,-0.676172361626774),
(-0.736743467817714,0.,-0.676172361626774),(0.,1.,0.),(0.,1.,0.),(-0.766047994478965,
0.,0.642783377316773),(-0.766047994478965,0.,0.642783377316773),(0.,-1.,
0.),(0.,-1.,0.),(-0.766047994478967,0.,-0.64278337731677),(-0.766047994478967,
0.,-0.64278337731677),(0.,1.,0.),(0.,1.,0.),(-0.809018385541263,0.,0.587783337511543),
(-0.809018385541263,0.,0.587783337511543),(0.,-1.,0.),(0.,-1.,0.),(-0.809018385541263,
0.,-0.587783337511543),(-0.809018385541263,0.,-0.587783337511543),(0.,1.,
0.),(0.,1.,0.),(-0.835487260070835,0.,0.54950981634483),(-0.835487260070835,
0.,0.54950981634483),(0.,-1.,0.),(0.,-1.,0.),(-0.835487260070835,0.,-0.549509816344829),
(-0.835487260070835,0.,-0.549509816344829),(0.,1.,0.),(0.,1.,0.),(-0.89362981316897,
0.,0.448804809483578),(-0.89362981316897,0.,0.448804809483578),(0.,-1.,
0.),(0.,-1.,0.),(-0.89362981316897,0.,-0.448804809483579),(0.,-1.,0.),(-0.870750866615463,
0.,0.491724443452245),(-0.870750866615463,0.,0.491724443452245),(0.,1.,
0.),(0.,1.,0.),(-0.89362981316897,0.,-0.448804809483579),(-0.870750866615463,
0.,-0.491724443452245),(0.,-1.,0.),(-0.870750866615463,0.,-0.491724443452245),
(0.,1.,0.),(0.,1.,0.),(-0.939691553603337,0.,0.342023075371453),(-0.939691553603337,
0.,0.342023075371453),(0.,-1.,0.),(0.,-1.,0.),(-0.939691553603337,0.,-0.342023075371454),
(0.,-1.,0.),(-0.921124146584818,0.,0.389268938625202),(-0.921124146584818,
0.,0.389268938625202),(0.,1.,0.),(0.,1.,0.),(-0.939691553603337,0.,-0.342023075371454),
(-0.921124870933709,0.,-0.389267224599448),(0.,-1.,0.),(-0.921124870933709,
0.,-0.389267224599448),(0.,1.,0.),(0.,1.,0.),(-0.9730468056612,0.,0.230607705839453),
(-0.9730468056612,0.,0.230607705839453),(0.,-1.,0.),(0.,-1.,0.),(-0.9730468056612,
0.,-0.230607705839453),(0.,-1.,0.),(-0.95949280863326,0.,0.281733118715316),
(-0.95949280863326,0.,0.281733118715316),(0.,1.,0.),(0.,1.,0.),(-0.9730468056612,
0.,-0.230607705839453),(-0.959492979531309,0.,-0.28173253669062),(0.,-1.,
0.),(-0.959492979531309,0.,-0.28173253669062),(0.,1.,0.),(0.,1.,0.),(-0.993238075570332,
0.,0.116095328232206),(-0.993238075570332,0.,0.116095328232206),(0.,-1.,
0.),(0.,-1.,0.),(-0.993238036908832,0.,-0.116095658995024),(-0.993238036908832,
0.,-0.116095658995024),(0.,1.,0.),(0.,1.,0.),(-0.999999999999945,0.,0.),
(-0.999999999999945,0.,0.),(0.,-1.,0.),(-0.985350850413653,0.,0.170539442913044),
(0.,1.,0.),(-0.985350850413653,0.,0.170539442913044),(0.,-1.,0.),(0.,-1.,
0.),(-0.985350636522158,0.,-0.170540678740813),(-0.985350636522158,0.,-0.170540678740813),
(0.,1.,0.),(0.,1.,0.),(-0.99836813628283,0.,0.0571057304930818),(-0.99836813628283,
0.,0.0571057304930818),(0.,-1.,0.),(0.,-1.,0.),(-0.99836813628283,0.,-0.0571057304930784),
(-0.99836813628283,0.,-0.0571057304930784),(0.,1.,0.)),$,(2,2,2,3,3,3,1,
1,1,7,7,941,941,941,61,61,35,35,45,45,70,70,69,69,63,63,93,93,117,117,149,
149,173,173,205,205,237,237,269,269,301,301,333,333,365,365,397,397,429,
429,939,939,939,4,4,4,940,940,940,9,9,5,5,10,10,33,33,28,28,18,18,54,54,
25,25,31,31,98,98,146,146,186,186,218,218,250,250,282,282,314,314,346,346,
378,378,410,410,8,8,62,47,47,36,36,72,72,64,64,71,71,95,95,119,119,151,
151,175,175,207,207,239,239,271,271,303,303,335,335,367,367,399,399,431,
431,6,6,11,11,12,12,34,30,30,20,20,56,56,26,26,32,32,100,100,148,148,188,
188,220,220,252,252,284,284,316,316,348,348,380,380,412,412,942,942,942,
14,14,15,15,13,13,16,16,19,19,17,17,23,23,21,21,66,66,22,22,41,41,68,24,
24,43,55,55,50,50,53,53,52,52,59,59,57,57,90,90,58,58,77,77,92,79,60,60,
29,29,27,27,49,49,38,38,40,40,51,51,39,39,37,37,34,42,42,43,44,44,46,46,
48,48,75,75,73,73,74,74,76,76,79,78,78,80,80,83,83,81,81,82,82,65,65,67,
84,84,85,85,88,88,86,86,87,87,99,99,97,97,103,103,122,122,101,101,102,102,
109,109,124,111,104,104,62,67,68,91,89,89,91,92,94,94,96,96,107,107,105,
105,106,106,108,108,111,110,110,112,112,115,115,113,113,114,114,116,116,
125,125,128,128,126,126,127,127,123,121,121,123,124,118,118,120,120,147,
147,145,145,143,143,154,154,141,141,142,142,135,135,156,133,144,144,131,
131,129,129,130,130,132,132,133,136,136,134,134,139,139,137,137,138,138,
140,140,150,150,152,152,155,153,153,155,156,157,157,160,160,158,158,159,
159,163,163,161,161,162,162,164,164,167,165,165,166,166,167,168,168,171,
171,169,169,170,170,172,172,183,183,178,178,181,181,182,182,180,184,184,
187,187,185,185,174,174,176,176,179,177,177,179,180,189,189,192,192,190,
190,191,191,195,195,193,193,194,194,196,196,197,199,199,200,200,197,198,
198,203,203,201,201,202,202,204,204,206,206,208,208,211,209,209,210,210,
211,212,212,215,215,213,213,214,214,216,216,219,219,217,217,221,221,224,
224,222,222,223,223,227,227,225,225,226,226,228,228,231,229,229,230,230,
231,232,232,235,235,233,233,234,234,236,236,238,238,240,240,243,241,241,
242,242,243,244,244,247,247,245,245,246,246,248,248,251,251,249,249,253,
253,256,256,254,254,255,255,259,259,257,257,258,258,260,260,263,261,261,
262,262,263,264,264,267,267,265,265,266,266,268,268,270,270,272,272,275,
273,273,274,274,275,276,276,279,279,277,277,278,278,280,280,283,283,281,
281,285,285,288,288,286,286,287,287,291,291,289,289,290,290,292,292,295,
293,293,294,294,295,296,296,299,299,297,297,298,298,300,300,302,302,304,
304,307,305,305,306,306,307,308,308,311,311,309,309,310,310,312,312,315,
315,313,313,317,317,320,320,318,318,319,319,323,323,321,321,322,322,324,
324,327,325,325,326,326,327,328,328,331,331,329,329,330,330,332,332,334,
334,336,336,339,337,337,338,338,339,340,340,343,343,341,341,342,342,344,
344,347,347,345,345,349,349,352,352,350,350,351,351,355,355,353,353,354,
354,356,356,359,357,357,358,358,359,360,360,363,363,361,361,362,362,364,
364,366,366,368,368,371,369,369,370,370,371,372,372,375,375,373,373,374,
374,376,376,379,379,377,377,381,381,384,384,382,382,383,383,387,387,385,
385,386,386,388,388,391,389,389,390,390,391,392,392,395,395,393,393,394,
394,396,396,398,398,400,400,403,401,401,402,402,403,404,404,407,407,405,
405,406,406,408,408,411,411,409,409,413,413,416,416,414,414,415,415,419,
419,417,417,418,418,420,420,421,423,423,424,424,421,422,422,427,427,425,
425,426,426,428,428,430,430,432,432,435,433,433,434,434,435,436,436,439,
439,437,437,438,438,440,440,447,447,445,445,446,446,448,448,441,441,444,
444,442,442,443,443,451,451,449,449,450,450,452,452,455,453,453,454,454,
455,456,456,459,459,457,457,458,458,460,460,463,463,461,461,462,462,464,
464,467,465,465,466,466,467,468,468,471,471,469,469,470,470,472,472,473,
473,476,476,477,477,474,474,475,475,479,479,478,478,806,806,480,480,808,
808,483,483,481,481,482,482,484,484,487,485,485,486,486,487,488,488,491,
491,489,489,490,490,492,492,495,495,493,493,809,809,494,494,811,811,496,
496,499,497,497,498,498,499,500,500,503,503,501,501,502,502,504,504,505,
505,508,508,509,509,506,506,507,507,511,511,510,510,798,798,512,512,800,
800,519,519,517,517,518,518,520,520,515,513,513,514,514,515,516,516,523,
523,521,521,522,522,524,524,531,531,529,529,793,793,801,801,530,530,795,
795,803,803,532,532,527,525,525,526,526,527,528,528,535,535,533,533,534,
534,536,536,537,537,540,540,538,538,539,539,543,543,541,541,542,542,790,
790,544,544,792,792,547,545,545,546,546,549,549,547,551,551,548,548,550,
550,552,552,559,559,557,557,558,558,560,560,555,553,553,554,554,555,556,
556,563,563,561,561,785,785,562,562,787,787,564,564,567,567,565,565,566,
566,568,568,569,569,572,572,570,570,571,571,575,575,573,573,574,574,774,
774,782,782,576,576,776,776,784,784,579,577,577,578,578,581,581,579,583,
583,580,580,582,582,584,584,587,590,590,585,585,586,586,592,592,587,588,
588,591,591,589,589,599,599,597,597,777,777,598,598,778,778,600,600,595,
595,593,593,594,594,596,596,601,601,604,604,602,602,603,603,611,611,609,
609,610,610,766,766,612,612,768,768,607,605,605,606,606,613,613,607,615,
615,608,608,614,614,616,616,619,630,630,617,617,618,618,632,632,619,620,
620,631,631,629,629,623,623,621,621,622,622,624,624,639,639,637,637,769,
769,638,638,771,771,640,640,625,625,628,628,626,626,627,627,635,633,633,
634,634,649,649,635,651,651,636,636,643,643,641,641,642,642,754,754,644,
644,756,756,650,650,652,652,655,676,676,653,653,654,654,678,678,655,656,
656,647,647,645,645,646,646,648,648,661,661,664,664,662,662,663,663,677,
677,675,675,659,657,657,658,658,691,691,659,693,693,660,660,680,680,679,
679,761,761,681,681,763,763,682,682,685,685,683,683,684,684,746,746,686,
686,748,748,669,669,688,688,667,667,668,668,690,670,670,692,692,694,694,
689,706,706,687,687,708,708,689,690,666,665,665,773,773,753,753,666,775,
775,755,755,671,671,674,674,672,672,673,673,765,765,767,767,770,770,762,
762,779,779,772,772,764,764,780,780,723,723,727,727,721,721,725,725,729,
729,722,722,707,707,705,705,711,711,709,709,749,749,757,757,710,710,751,
751,759,759,712,712,699,699,697,697,698,698,728,728,732,732,700,700,730,
730,734,734,696,695,695,750,750,758,758,752,752,696,760,760,703,703,701,
701,702,702,704,704,724,724,726,726,745,745,731,731,747,747,733,733,715,
715,735,735,713,713,714,714,742,742,736,736,716,716,744,744,719,719,717,
717,741,741,718,718,743,743,720,720,738,738,740,740,737,737,739,739,783,
783,781,781,786,786,788,788,791,791,789,789,794,794,796,796,799,799,797,
797,802,802,804,804,807,807,805,805,810,810,812,812,815,815,813,813,814,
814,816,816,819,819,817,817,818,818,820,820,823,823,821,821,822,822,824,
824,827,827,825,825,826,826,828,828,831,831,829,829,830,830,832,832,835,
835,833,833,834,834,836,836,839,839,837,837,838,838,840,840,843,843,841,
841,842,842,844,844,847,847,845,845,846,846,848,848,851,851,849,849,850,
850,852,852,855,855,853,853,854,854,856,856,859,859,857,857,858,858,860,
860,863,863,861,861,862,862,864,864,867,867,865,865,866,866,868,868,871,
871,869,869,870,870,872,872,874,874,873,873,875,875,876,876,879,879,877,
877,878,878,880,880,883,883,881,881,882,882,884,884,887,887,885,885,886,
886,888,888,891,891,889,889,890,890,892,892,899,899,897,897,898,898,900,
900,895,895,893,893,894,894,896,896,903,903,901,901,902,902,905,905,907,
907,904,904,906,906,908,908,911,911,909,909,910,910,913,913,915,915,912,
912,914,914,916,916,919,919,917,917,918,918,925,925,927,927,920,920,926,
926,928,928,923,923,921,921,922,922,924,924,930,930,929,929,933,933,931,
931,932,932,934,934,937,937,935,935,936,936,938,938),((1,4,8),(10,2,9),
(6,12,7),(15,10,9),(17,9,19),(17,15,9),(9,21,19),(23,25,9),(9,25,21),(27,
23,9),(9,29,27),(9,31,29),(33,31,9),(9,35,33),(9,37,35),(39,37,9),(9,41,
39),(9,43,41),(45,43,9),(9,47,45),(9,49,47),(51,49,9),(7,12,52),(54,4,1),
(57,55,3),(60,62,2),(2,62,64),(10,66,2),(68,60,2),(2,64,70),(70,72,2),(2,
74,68),(2,76,74),(66,76,2),(2,72,78),(2,78,80),(80,82,2),(2,82,84),(2,84,
86),(86,88,2),(2,88,90),(2,90,92),(92,94,2),(2,94,96),(2,96,58),(56,98,
5),(5,98,100),(101,5,103),(103,5,100),(101,105,5),(5,107,109),(105,107,
5),(5,109,111),(111,113,5),(5,113,115),(5,115,117),(117,119,5),(5,119,121),
(5,121,123),(123,125,5),(5,125,127),(5,127,129),(129,131,5),(5,131,133),
(5,133,13),(56,135,137),(139,135,56),(141,98,56),(142,56,137),(144,139,
56),(56,146,144),(148,56,142),(150,56,148),(150,141,56),(56,152,146),(154,
152,56),(56,156,154),(56,158,156),(160,158,56),(56,162,160),(56,164,162),
(166,164,56),(56,168,166),(56,170,168),(172,170,56),(173,55,57),(63,136,
65),(63,138,136),(61,138,63),(65,136,140),(11,99,175),(11,177,99),(179,
177,11),(15,180,10),(176,66,10),(175,99,181),(98,178,100),(141,182,98),
(61,184,138),(185,184,61),(68,186,60),(65,140,71),(142,137,183),(71,140,
145),(179,187,177),(189,187,179),(191,190,180),(191,180,15),(175,181,193),
(194,195,176),(176,195,66),(197,178,188),(100,178,197),(193,181,199),(182,
200,198),(200,182,141),(185,201,184),(203,186,68),(203,205,186),(206,201,
185),(71,145,73),(142,183,207),(207,183,202),(73,145,147),(189,209,187),
(211,209,189),(213,212,190),(213,190,191),(193,199,215),(194,217,195),(216,
217,194),(219,188,210),(197,188,219),(198,200,220),(215,199,222),(198,220,
221),(75,149,69),(75,223,149),(225,223,75),(74,76,226),(69,149,143),(224,
150,148),(225,228,223),(226,76,229),(226,229,227),(69,143,208),(208,204,
69),(224,232,150),(233,232,224),(223,228,234),(77,151,230),(77,235,151),
(66,237,76),(238,235,77),(236,141,150),(230,151,231),(67,239,240),(67,242,
239),(241,237,66),(196,242,67),(236,243,141),(240,239,244),(18,104,245),
(18,102,104),(20,102,18),(246,15,17),(245,104,247),(103,100,248),(238,250,
235),(237,241,252),(251,250,238),(230,231,254),(227,229,253),(249,243,236),
(233,256,232),(254,231,255),(196,257,242),(218,257,196),(240,244,258),(252,
241,259),(249,260,243),(258,244,261),(20,262,102),(19,21,264),(265,262,
20),(245,247,266),(15,246,268),(268,246,267),(263,105,101),(248,100,270),
(248,270,271),(266,247,272),(234,228,273),(227,253,274),(275,204,208),(277,
205,203),(275,278,204),(279,256,233),(234,273,280),(207,202,276),(206,281,
201),(277,283,205),(284,281,206),(73,147,79),(276,202,282),(79,147,153),
(211,285,209),(287,212,213),(289,285,211),(287,290,212),(215,222,292),(216,
293,217),(291,293,216),(219,210,295),(295,210,286),(221,220,296),(292,222,
298),(221,296,297),(16,299,192),(16,300,299),(269,300,16),(192,299,301),
(26,108,22),(26,110,108),(24,110,26),(22,108,106),(269,302,300),(268,267,
304),(303,302,269),(192,301,214),(271,270,305),(214,301,306),(24,112,110),
(28,112,24),(22,106,307),(264,21,308),(263,309,105),(307,106,310),(251,
311,250),(252,259,313),(314,311,251),(254,255,315),(274,253,316),(312,260,
249),(279,317,256),(315,255,318),(218,319,257),(294,319,218),(258,261,320),
(313,259,321),(312,322,260),(320,261,323),(265,324,262),(264,308,326),(327,
324,265),(266,272,328),(304,267,329),(325,309,263),(271,305,330),(328,272,
331),(280,273,332),(274,316,333),(334,278,275),(336,283,277),(334,337,278),
(338,317,279),(280,332,339),(276,282,335),(303,340,302),(304,329,342),(341,
340,303),(214,306,288),(330,305,343),(288,306,344),(28,114,112),(30,114,
28),(307,310,345),(326,308,346),(325,347,309),(345,310,348),(284,349,281),
(336,351,283),(352,349,284),(79,153,81),(335,282,350),(81,153,155),(289,
353,285),(355,290,287),(357,353,289),(355,358,290),(292,298,360),(291,361,
293),(359,361,291),(295,286,363),(363,286,354),(297,296,364),(297,364,365),
(360,298,366),(314,367,311),(313,321,369),(370,367,314),(315,318,371),(333,
316,372),(368,322,312),(338,373,317),(371,318,374),(294,375,319),(362,375,
294),(320,323,376),(369,321,377),(368,378,322),(376,323,379),(327,380,324),
(326,346,382),(383,380,327),(328,331,384),(342,329,385),(381,347,325),(330,
343,386),(384,331,387),(30,116,114),(32,116,30),(345,348,388),(382,346,
389),(381,390,347),(388,348,391),(341,392,340),(342,385,394),(393,392,341),
(288,344,356),(386,343,395),(356,344,396),(339,332,397),(333,372,398),(399,
337,334),(401,351,336),(399,402,337),(403,373,338),(339,397,404),(335,350,
400),(370,405,367),(369,377,407),(408,405,370),(371,374,409),(398,372,410),
(406,378,368),(403,411,373),(409,374,412),(362,413,375),(359,415,361),(414,
413,362),(376,379,417),(407,377,416),(365,364,418),(406,419,378),(417,379,
420),(383,422,380),(382,389,424),(423,422,383),(384,387,426),(394,385,425),
(421,390,381),(386,395,428),(426,387,427),(357,430,353),(431,358,355),(431,
433,358),(434,430,357),(360,366,435),(436,415,359),(363,354,437),(437,354,
429),(365,418,438),(435,366,439),(352,440,349),(401,442,351),(443,440,352),
(81,155,83),(400,350,441),(83,155,157),(32,118,116),(34,118,32),(388,391,
444),(424,389,445),(421,446,390),(444,391,447),(393,448,392),(394,425,450),
(449,448,393),(356,396,432),(428,395,451),(432,396,452),(404,397,453),(398,
410,454),(455,402,399),(457,442,401),(455,458,402),(459,411,403),(404,453,
460),(400,441,456),(408,461,405),(407,416,463),(464,461,408),(409,412,465),
(454,410,466),(462,419,406),(459,467,411),(465,412,468),(414,469,413),(436,
471,415),(470,469,414),(417,420,473),(463,416,472),(438,418,474),(462,475,
419),(473,420,476),(423,478,422),(424,445,480),(479,478,423),(426,427,482),
(450,425,481),(477,446,421),(428,451,484),(482,427,483),(34,120,118),(36,
120,34),(444,447,485),(480,445,486),(477,487,446),(485,447,488),(449,489,
448),(450,481,491),(490,489,449),(432,452,493),(492,433,431),(484,451,494),
(437,429,495),(493,452,496),(434,498,430),(492,500,433),(499,498,434),(435,
439,502),(501,471,436),(495,429,497),(438,474,504),(502,439,503),(443,506,
440),(457,508,442),(507,506,443),(83,157,85),(456,441,505),(85,157,159),
(460,453,510),(454,466,509),(511,458,455),(513,508,457),(511,514,458),(515,
467,459),(460,510,516),(456,505,512),(464,517,461),(463,472,519),(520,517,
464),(465,468,521),(509,466,522),(518,475,462),(515,523,467),(521,468,524),
(470,525,469),(501,527,471),(526,525,470),(473,476,529),(519,472,528),(504,
474,530),(518,531,475),(529,476,532),(479,534,478),(480,486,536),(535,534,
479),(482,483,538),(491,481,537),(533,487,477),(484,494,540),(538,483,539),
(36,122,120),(38,122,36),(485,488,541),(536,486,542),(533,543,487),(541,
488,544),(490,545,489),(491,537,547),(546,545,490),(493,496,549),(548,500,
492),(540,494,550),(495,497,551),(549,496,552),(499,554,498),(548,556,500),
(555,554,499),(502,503,558),(557,527,501),(551,497,553),(504,530,560),(558,
503,559),(507,562,506),(513,564,508),(563,562,507),(85,159,87),(512,505,
561),(87,159,161),(516,510,566),(509,522,565),(567,514,511),(569,564,513),
(567,570,514),(571,523,515),(516,566,572),(512,561,568),(520,573,517),(519,
528,575),(576,573,520),(521,524,577),(565,522,578),(574,531,518),(571,579,
523),(577,524,580),(526,581,525),(557,583,527),(582,581,526),(529,532,585),
(575,528,584),(560,530,586),(574,587,531),(585,532,588),(535,590,534),(536,
542,592),(591,590,535),(538,539,594),(547,537,593),(589,543,533),(540,550,
596),(594,539,595),(38,124,122),(40,124,38),(541,544,597),(592,542,598),
(589,599,543),(597,544,600),(546,601,545),(547,593,603),(602,601,546),(549,
552,605),(604,556,548),(596,550,606),(551,553,607),(605,552,608),(555,610,
554),(604,612,556),(611,610,555),(558,559,614),(613,583,557),(607,553,609),
(560,586,616),(614,559,615),(563,618,562),(569,620,564),(619,618,563),(87,
161,89),(568,561,617),(89,161,163),(572,566,622),(565,578,621),(623,570,
567),(625,620,569),(623,626,570),(627,579,571),(572,622,628),(568,617,624),
(576,629,573),(575,584,631),(632,629,576),(577,580,633),(621,578,634),(630,
587,574),(627,635,579),(633,580,636),(582,637,581),(613,639,583),(638,637,
582),(585,588,641),(631,584,640),(616,586,642),(630,643,587),(641,588,644),
(591,646,590),(592,598,648),(647,646,591),(594,595,650),(603,593,649),(645,
599,589),(596,606,652),(650,595,651),(40,126,124),(42,126,40),(597,600,
653),(648,598,654),(645,655,599),(653,600,656),(602,657,601),(603,649,659),
(658,657,602),(605,608,661),(660,612,604),(652,606,662),(607,609,663),(661,
608,664),(611,666,610),(660,668,612),(667,666,611),(614,615,670),(669,639,
613),(663,609,665),(616,642,672),(670,615,671),(619,674,618),(625,676,620),
(675,674,619),(89,163,91),(624,617,673),(91,163,165),(628,622,678),(621,
634,677),(679,626,623),(681,676,625),(679,682,626),(683,635,627),(628,678,
684),(624,673,680),(632,685,629),(631,640,687),(688,685,632),(633,636,689),
(677,634,690),(686,643,630),(683,691,635),(689,636,692),(638,693,637),(669,
695,639),(694,693,638),(641,644,697),(687,640,696),(672,642,698),(686,699,
643),(697,644,700),(647,702,646),(648,654,704),(703,702,647),(650,651,706),
(659,649,705),(701,655,645),(652,662,708),(706,651,707),(42,128,126),(44,
128,42),(653,656,709),(704,654,710),(701,711,655),(709,656,712),(658,713,
657),(659,705,715),(714,713,658),(661,664,717),(716,668,660),(708,662,718),
(663,665,719),(717,664,720),(667,722,666),(716,724,668),(723,722,667),(670,
671,726),(725,695,669),(719,665,721),(672,698,728),(726,671,727),(675,730,
674),(681,732,676),(731,730,675),(91,165,93),(680,673,729),(93,165,167),
(684,678,734),(677,690,733),(735,682,679),(737,732,681),(735,738,682),(739,
691,683),(684,734,740),(680,729,736),(688,741,685),(687,696,743),(744,741,
688),(689,692,745),(733,690,746),(742,699,686),(739,747,691),(745,692,748),
(694,749,693),(725,751,695),(750,749,694),(697,700,753),(743,696,752),(728,
698,754),(742,755,699),(753,700,756),(703,758,702),(704,710,760),(759,758,
703),(706,707,762),(715,705,761),(757,711,701),(708,718,764),(762,707,763),
(44,130,128),(46,130,44),(709,712,765),(760,710,766),(757,767,711),(765,
712,768),(714,769,713),(715,761,771),(770,769,714),(717,720,773),(772,724,
716),(764,718,774),(719,721,775),(773,720,776),(723,778,722),(772,780,724),
(779,778,723),(726,727,782),(781,751,725),(775,721,777),(728,754,784),(782,
727,783),(731,786,730),(737,788,732),(787,786,731),(93,167,95),(736,729,
785),(95,167,169),(740,734,790),(733,746,789),(791,738,735),(793,788,737),
(791,794,738),(795,747,739),(740,790,796),(736,785,792),(744,797,741),(743,
752,799),(800,797,744),(745,748,801),(789,746,802),(798,755,742),(795,803,
747),(801,748,804),(750,805,749),(781,807,751),(806,805,750),(753,756,809),
(799,752,808),(784,754,810),(798,811,755),(809,756,812),(759,814,758),(760,
766,816),(815,814,759),(762,763,818),(771,761,817),(813,767,757),(764,774,
820),(818,763,819),(46,132,130),(48,132,46),(765,768,821),(816,766,822),
(813,823,767),(821,768,824),(770,825,769),(771,817,827),(826,825,770),(773,
776,829),(828,780,772),(820,774,830),(775,777,831),(829,776,832),(779,834,
778),(828,836,780),(835,834,779),(782,783,838),(837,807,781),(831,777,833),
(784,810,840),(838,783,839),(787,842,786),(793,844,788),(843,842,787),(95,
169,97),(792,785,841),(97,169,171),(796,790,846),(789,802,845),(847,794,
791),(849,844,793),(847,850,794),(851,803,795),(796,846,852),(792,841,848),
(800,853,797),(799,808,855),(856,853,800),(801,804,857),(845,802,858),(854,
811,798),(851,859,803),(857,804,860),(806,861,805),(837,863,807),(862,861,
806),(809,812,865),(855,808,864),(840,810,866),(854,867,811),(865,812,868),
(815,870,814),(816,822,872),(871,870,815),(818,819,874),(827,817,873),(869,
823,813),(820,830,876),(874,819,875),(48,134,132),(50,134,48),(821,824,
877),(872,822,878),(869,879,823),(877,824,880),(826,881,825),(827,873,883),
(882,881,826),(829,832,885),(884,836,828),(876,830,886),(831,833,887),(885,
832,888),(835,890,834),(884,892,836),(891,890,835),(838,839,894),(893,863,
837),(887,833,889),(840,866,896),(894,839,895),(843,898,842),(849,900,844),
(899,898,843),(97,171,902),(58,96,901),(848,841,897),(902,171,903),(172,
904,170),(852,846,905),(845,858,906),(907,850,847),(907,909,850),(910,900,
849),(911,859,851),(852,905,912),(848,897,908),(856,913,853),(855,864,915),
(916,913,856),(857,860,917),(906,858,918),(914,867,854),(911,919,859),(917,
860,920),(862,921,861),(893,923,863),(922,921,862),(865,868,925),(915,864,
924),(896,866,926),(914,927,867),(925,868,928),(871,930,870),(872,878,932),
(931,930,871),(874,875,934),(883,873,933),(929,879,869),(876,886,936),(934,
875,935),(50,938,134),(939,938,50),(51,940,49),(877,880,942),(932,878,941),
(13,133,937),(929,944,879),(942,880,943),(882,945,881),(883,933,947),(946,
945,882),(885,888,949),(948,892,884),(936,886,950),(887,889,951),(949,888,
952),(891,954,890),(948,956,892),(955,954,891),(894,895,958),(957,923,893),
(951,889,953),(896,926,960),(958,895,959),(912,905,961),(906,918,962),(963,
909,907),(910,965,900),(963,967,909),(968,965,910),(969,919,911),(912,961,
970),(908,897,971),(908,971,964),(899,972,898),(966,972,899),(902,903,973),
(975,901,974),(58,901,975),(973,903,977),(979,978,904),(979,904,172),(916,
981,913),(915,924,983),(984,981,916),(917,920,985),(962,918,986),(982,927,
914),(969,987,919),(985,920,988),(922,989,921),(957,991,923),(990,989,922),
(925,928,993),(983,924,992),(960,926,994),(982,995,927),(993,928,996),(931,
998,930),(932,941,1000),(999,998,931),(934,935,1002),(947,933,1001),(997,
944,929),(936,950,1004),(1002,935,1003),(939,1006,938),(1007,1006,939),
(1009,1008,940),(1009,940,51),(942,943,1011),(1000,941,1012),(1013,937,
1005),(13,937,1013),(997,1015,944),(1011,943,1016),(946,1017,945),(947,
1001,1019),(1018,1017,946),(949,952,1021),(1020,956,948),(1004,950,1022),
(951,953,1023),(1021,952,1024),(955,1026,954),(1020,1028,956),(1027,1026,
955),(958,959,1030),(1029,991,957),(1023,953,1025),(960,994,1032),(1030,
959,1031),(970,961,1033),(962,986,1034),(1035,967,963),(968,1037,965),(1035,
1039,967),(1040,1037,968),(1041,987,969),(970,1033,1042),(964,971,1043),
(964,1043,1036),(966,1044,972),(1038,1044,966),(973,977,1045),(1047,974,
1046),(975,974,1047),(1045,977,1049),(1051,1050,978),(1051,978,979),(984,
1053,981),(983,992,1055),(1056,1053,984),(985,988,1057),(1034,986,1058),
(1054,995,982),(1041,1059,987),(1057,988,1060),(990,1061,989),(1029,1063,
991),(1062,1061,990),(993,996,1065),(1055,992,1064),(1032,994,1066),(1065,
996,1067),(1054,1068,995),(999,1070,998),(1000,1012,1072),(1071,1070,999),
(1002,1003,1074),(1019,1001,1073),(1069,1015,997),(1004,1022,1076),(1074,
1003,1075),(1007,1078,1006),(1079,1078,1007),(1081,1080,1008),(1081,1008,
1083),(1083,1008,1009),(1011,1016,1085),(1072,1012,1086),(1087,1005,1077),
(1089,1005,1087),(1013,1005,1089),(1069,1091,1015),(1085,1016,1092),(1018,
1093,1017),(1019,1073,1095),(1094,1093,1018),(1021,1024,1097),(1096,1028,
1020),(1076,1022,1098),(1023,1025,1099),(1097,1024,1100),(1027,1102,1026),
(1096,1104,1028),(1103,1102,1027),(1030,1031,1106),(1105,1063,1029),(1099,
1025,1101),(1032,1066,1108),(1106,1031,1107),(1042,1033,1109),(1034,1058,
1110),(1111,1039,1035),(1113,1037,1040),(1111,1114,1039),(1115,1059,1041),
(1042,1109,1116),(1036,1043,1112),(1038,1117,1044),(1113,1119,1037),(1120,
1117,1038),(1045,1049,1121),(1123,1046,1122),(1047,1046,1123),(1112,1043,
1118),(1121,1049,1125),(1127,1126,1050),(1127,1050,1051),(1062,1129,1061),
(1105,1131,1063),(1130,1129,1062),(1065,1067,1133),(1055,1064,1134),(1134,
1064,1132),(1108,1066,1136),(1138,1068,1054),(1133,1067,1139),(1138,1140,
1068),(1056,1137,1053),(1135,1137,1056),(1057,1060,1141),(1110,1058,1142),
(1115,1143,1059),(1141,1060,1144),(1071,1145,1070),(1072,1086,1147),(1148,
1145,1071),(1074,1075,1149),(1095,1073,1150),(1146,1091,1069),(1076,1098,
1151),(1149,1075,1152),(1094,1153,1093),(1154,1153,1094),(1095,1150,1155),
(1097,1100,1157),(1156,1104,1096),(1151,1098,1158),(1099,1101,1159),(1157,
1100,1160),(1079,1162,1078),(1163,1162,1079),(1165,1164,1080),(1165,1080,
1081),(1085,1092,1167),(1147,1086,1168),(1169,1077,1161),(1087,1077,1169),
(1146,1171,1091),(1167,1092,1172),(1103,1173,1102),(1156,1175,1104),(1176,
1173,1103),(1106,1107,1177),(1178,1131,1105),(1159,1101,1174),(1108,1136,
1179),(1177,1107,1180),(1116,1109,1181),(1110,1142,1182),(1183,1114,1111),
(1185,1119,1113),(1183,1186,1114),(1187,1143,1115),(1116,1181,1188),(1112,
1118,1184),(1120,1189,1117),(1185,1191,1119),(1192,1189,1120),(1121,1125,
1193),(1195,1122,1194),(1197,1122,1195),(1123,1122,1197),(1184,1118,1190),
(1193,1125,1199),(1201,1200,1126),(1201,1126,1203),(1203,1126,1127),(1130,
1205,1129),(1178,1207,1131),(1206,1205,1130),(1133,1139,1209),(1134,1132,
1210),(1210,1132,1208),(1179,1136,1212),(1214,1140,1138),(1209,1139,1215),
(1214,1216,1140),(1135,1213,1137),(1211,1213,1135),(1141,1144,1217),(1182,
1142,1218),(1187,1219,1143),(1217,1144,1220),(1154,1221,1153),(1155,1150,
1222),(1224,1221,1154),(1155,1222,1225),(1157,1160,1227),(1226,1175,1156),
(1151,1158,1228),(1228,1158,1230),(1159,1174,1231),(1227,1160,1232),(1148,
1233,1145),(1147,1168,1235),(1236,1233,1148),(1149,1152,1223),(1234,1171,
1146),(1223,1152,1229),(1163,1237,1162),(1239,1237,1163),(1241,1240,1164),
(1241,1164,1165),(1167,1172,1243),(1235,1168,1244),(1245,1161,1238),(1169,
1161,1245),(1234,1247,1171),(1243,1172,1248),(1176,1249,1173),(1226,1251,
1175),(1252,1249,1176),(1177,1180,1253),(1254,1207,1178),(1231,1174,1250),
(1179,1212,1255),(1253,1180,1256),(1188,1181,1257),(1182,1218,1258),(1259,
1186,1183),(1261,1191,1185),(1259,1262,1186),(1263,1219,1187),(1188,1257,
1264),(1184,1190,1260),(1192,1265,1189),(1261,1267,1191),(1268,1265,1192),
(1193,1199,1269),(1271,1194,1270),(1195,1194,1271),(1260,1190,1266),(1269,
1199,1273),(1275,1274,1200),(1275,1200,1201),(1206,1277,1205),(1254,1279,
1207),(1278,1277,1206),(1209,1215,1281),(1210,1208,1282),(1282,1208,1280),
(1255,1212,1284),(1286,1216,1214),(1281,1215,1287),(1286,1288,1216),(1211,
1285,1213),(1283,1285,1211),(1217,1220,1289),(1258,1218,1290),(1263,1291,
1219),(1289,1220,1292),(1224,1293,1221),(1225,1222,1294),(1296,1293,1224),
(1225,1294,1297),(1227,1232,1299),(1298,1251,1226),(1228,1230,1300),(1300,
1230,1302),(1231,1250,1303),(1299,1232,1304),(1236,1305,1233),(1235,1244,
1307),(1308,1305,1236),(1223,1229,1295),(1306,1247,1234),(1295,1229,1301),
(1252,1309,1249),(1298,1311,1251),(1312,1309,1252),(1253,1256,1313),(1314,
1279,1254),(1303,1250,1310),(1255,1284,1315),(1313,1256,1316),(1239,1317,
1237),(1319,1317,1239),(1321,1320,1240),(1321,1240,1241),(1243,1248,1323),
(1307,1244,1324),(1325,1238,1318),(1245,1238,1325),(1306,1327,1247),(1323,
1248,1328),(1264,1257,1329),(1258,1290,1330),(1331,1262,1259),(1333,1267,
1261),(1331,1334,1262),(1335,1291,1263),(1264,1329,1336),(1260,1266,1332),
(1278,1337,1277),(1314,1339,1279),(1338,1337,1278),(1281,1287,1341),(1282,
1280,1342),(1342,1280,1340),(1315,1284,1344),(1346,1288,1286),(1341,1287,
1347),(1346,1348,1288),(1268,1349,1265),(1333,1351,1267),(1352,1349,1268),
(1269,1273,1353),(1355,1270,1354),(1271,1270,1355),(1332,1266,1350),(1353,
1273,1357),(1359,1358,1274),(1359,1274,1275),(1283,1345,1285),(1343,1345,
1283),(1289,1292,1361),(1330,1290,1362),(1335,1363,1291),(1361,1292,1364),
(1296,1365,1293),(1297,1294,1366),(1368,1365,1296),(1297,1366,1369),(1299,
1304,1371),(1370,1311,1298),(1300,1302,1372),(1372,1302,1374),(1303,1310,
1375),(1371,1304,1376),(1312,1377,1309),(1379,1377,1312),(1370,1380,1311),
(1313,1316,1382),(1381,1339,1314),(1375,1310,1378),(1315,1344,1384),(1382,
1316,1383),(1336,1329,1385),(1330,1362,1386),(1387,1334,1331),(1389,1351,
1333),(1387,1390,1334),(1391,1363,1335),(1336,1385,1392),(1332,1350,1388),
(1308,1393,1305),(1307,1324,1395),(1396,1393,1308),(1295,1301,1367),(1394,
1327,1306),(1367,1301,1373),(1338,1397,1337),(1381,1399,1339),(1398,1397,
1338),(1341,1347,1401),(1342,1340,1402),(1402,1340,1400),(1384,1344,1404),
(1406,1348,1346),(1401,1347,1407),(1406,1408,1348),(1319,1409,1317),(1411,
1409,1319),(1413,1412,1320),(1413,1320,1321),(1323,1328,1415),(1395,1324,
1416),(1417,1318,1410),(1325,1318,1417),(1394,1419,1327),(1415,1328,1420),
(1352,1421,1349),(1389,1423,1351),(1424,1421,1352),(1353,1357,1425),(1427,
1354,1426),(1355,1354,1427),(1388,1350,1422),(1425,1357,1429),(1431,1430,
1358),(1431,1358,1359),(1379,1433,1377),(1435,1380,1370),(1437,1433,1379),
(1380,1435,1438),(1382,1383,1440),(1439,1399,1381),(1375,1378,1441),(1441,
1378,1434),(1384,1404,1443),(1440,1383,1442),(1343,1405,1345),(1403,1405,
1343),(1361,1364,1444),(1386,1362,1445),(1391,1446,1363),(1444,1364,1447),
(1368,1448,1365),(1369,1366,1449),(1451,1448,1368),(1369,1449,1452),(1371,
1376,1436),(1372,1374,1453),(1453,1374,1455),(1436,1376,1456),(1398,1457,
1397),(1458,1457,1398),(1460,1459,1399),(1460,1399,1439),(1401,1407,1458),
(1462,1400,1459),(1402,1400,1462),(1404,1464,1465),(1443,1404,1465),(1458,
1407,1457),(1467,1464,1408),(1467,1408,1406),(1392,1385,1469),(1386,1445,
1470),(1471,1390,1387),(1471,1473,1390),(1474,1423,1389),(1392,1469,1475),
(1476,1446,1391),(1388,1422,1472),(1462,1459,1477),(1477,1459,1460),(1480,
1464,1467),(1465,1464,1480),(1440,1442,1437),(1438,1481,1439),(1437,1442,
1433),(1438,1435,1483),(1438,1483,1481),(1439,1481,1485),(1439,1485,1460),
(1487,1434,1443),(1489,1441,1434),(1489,1434,1487),(1487,1443,1491),(1491,
1443,1465),(1475,1469,1473),(1470,1493,1474),(1495,1470,1445),(1493,1470,
1495),(1475,1473,1471),(1497,1423,1474),(1474,1493,1497),(1472,1499,1476),
(1476,1501,1446),(1476,1499,1501),(1472,1422,1503),(1472,1503,1499),(1396,
1505,1393),(1395,1416,1507),(1508,1505,1396),(1367,1373,1450),(1506,1419,
1394),(1450,1373,1454),(1411,1509,1409),(1511,1509,1411),(1513,1512,1412),
(1513,1412,1515),(1515,1412,1413),(1415,1420,1517),(1507,1416,1518),(1519,
1410,1510),(1521,1410,1519),(1417,1410,1521),(1506,1523,1419),(1517,1420,
1524),(1424,1525,1421),(1527,1525,1424),(1497,1528,1423),(1425,1429,1530),
(1531,1426,1529),(1533,1426,1531),(1427,1426,1533),(1422,1526,1503),(1530,
1429,1535),(1537,1536,1430),(1537,1430,1539),(1539,1430,1431),(1451,1541,
1448),(1542,1541,1451),(1452,1544,1543),(1452,1449,1544),(1436,1456,1542),
(1543,1546,1435),(1435,1546,1483),(1548,1455,1550),(1453,1455,1548),(1542,
1456,1541),(1551,1550,1441),(1551,1441,1489),(1403,1553,1405),(1555,1553,
1403),(1402,1462,1556),(1444,1447,1558),(1495,1445,1557),(1554,1467,1406),
(1558,1447,1559),(1446,1501,1560),(1543,1544,1546),(1548,1550,1551),(1530,
1535,1527),(1561,1529,1528),(1527,1535,1525),(1561,1528,1497),(1531,1529,
1561),(1564,1526,1536),(1503,1526,1564),(1564,1536,1537),(1558,1559,1555),
(1556,1565,1557),(1555,1559,1553),(1556,1462,1565),(1557,1567,1495),(1557,
1565,1567),(1560,1569,1554),(1554,1569,1467),(1560,1501,1571),(1560,1571,
1569),(1508,1573,1505),(1507,1518,1575),(1577,1573,1508),(1575,1578,1507),
(1450,1454,1580),(1581,1449,1579),(1544,1449,1581),(1583,1523,1506),(1506,
1574,1583),(1580,1454,1585),(1587,1586,1453),(1587,1453,1548),(1511,1589,
1509),(1591,1589,1511),(1593,1592,1512),(1593,1512,1513),(1517,1524,1595),
(1575,1518,1596),(1597,1510,1590),(1519,1510,1597),(1595,1524,1599),(1583,
1600,1523),(1580,1585,1577),(1601,1579,1578),(1577,1585,1573),(1601,1578,
1575),(1581,1579,1601),(1604,1574,1586),(1583,1574,1604),(1604,1586,1587),
(1595,1599,1591),(1605,1596,1592),(1591,1599,1589),(1605,1592,1593),(1575,
1596,1605),(1608,1590,1600),(1597,1590,1608),(1608,1600,1583),(1498,1504,
1562),(1498,1500,1504),(1494,1500,1498),(1562,1504,1563),(1494,1502,1500),
(1496,1502,1494),(1562,1563,1532),(1532,1563,1538),(1496,1572,1502),(1568,
1572,1496),(1532,1538,1534),(1534,1538,1540),(1568,1570,1572),(1566,1570,
1568),(1534,1540,1428),(1428,1540,1432),(1576,1584,1602),(1576,1607,1584),
(1606,1607,1576),(1602,1584,1603),(1606,1598,1607),(1594,1598,1606),(1602,
1603,1582),(1582,1603,1588),(1594,1520,1598),(1514,1520,1594),(1582,1588,
1545),(1545,1588,1549),(1566,1468,1570),(1463,1468,1566),(1428,1432,1356),
(1356,1432,1360),(1514,1522,1520),(1516,1522,1514),(1545,1549,1547),(1547,
1549,1552),(1463,1479,1468),(1478,1479,1463),(1356,1360,1272),(1272,1360,
1276),(1516,1418,1522),(1414,1418,1516),(1547,1552,1484),(1484,1552,1490),
(1414,1326,1418),(1322,1326,1414),(1484,1490,1482),(1482,1490,1488),(1478,
1466,1479),(1461,1466,1478),(1272,1276,1196),(1196,1276,1202),(1322,1246,
1326),(1242,1246,1322),(1482,1488,1486),(1486,1488,1492),(1461,1610,1466),
(1460,1485,1612),(1611,1610,1461),(1196,1202,1198),(1491,1465,1609),(1198,
1202,1204),(1242,1170,1246),(1166,1170,1242),(1486,1492,1614),(1612,1485,
1613),(1491,1609,1616),(1614,1492,1615),(1611,1618,1610),(1612,1613,1620),
(1619,1618,1611),(1198,1204,1124),(1616,1609,1617),(1124,1204,1128),(1166,
1088,1170),(1082,1088,1166),(1614,1615,1622),(1620,1613,1621),(1616,1617,
1624),(1622,1615,1623),(1619,1626,1618),(1620,1621,1628),(1627,1626,1619),
(1124,1128,1048),(1624,1617,1625),(1048,1128,1052),(1082,1090,1088),(1084,
1090,1082),(1622,1623,1630),(1628,1621,1629),(1624,1625,1632),(1630,1623,
1631),(1627,1634,1626),(1628,1629,1636),(1635,1634,1627),(1048,1052,976),
(1632,1625,1633),(976,1052,980),(1084,1014,1090),(1010,1014,1084),(1630,
1631,1638),(1636,1629,1637),(1632,1633,1640),(1638,1631,1639),(1635,1642,
1634),(1636,1637,1644),(1643,1642,1635),(976,980,1646),(975,1645,58),(1640,
1633,1641),(1646,980,1647),(172,1648,979),(1010,1650,1014),(1651,1650,1010),
(1652,1009,51),(1638,1639,1654),(1644,1637,1653),(1013,1649,13),(1640,1641,
1656),(1654,1639,1655),(1643,1658,1642),(1644,1653,1660),(1659,1658,1643),
(1646,1647,1662),(58,1645,1661),(1656,1641,1657),(1662,1647,1663),(1664,
1648,172),(1651,1666,1650),(1667,1666,1651),(51,1668,1652),(1654,1655,1670),
(1660,1653,1669),(13,1649,1665),(1656,1657,1672),(1670,1655,1671),(1659,
1674,1658),(1660,1669,1676),(1675,1674,1659),(1662,1663,1678),(58,1661,
1677),(1672,1657,1673),(1678,1663,1679),(172,1680,1664),(1667,1682,1666),
(1683,1682,1667),(51,1684,1668),(1670,1671,1686),(1676,1669,1685),(13,1665,
1681),(1672,1673,1688),(1686,1671,1687),(1675,1690,1674),(1676,1685,1692),
(1691,1690,1675),(1678,1679,1694),(1677,1693,58),(1688,1673,1689),(1694,
1679,1695),(172,1696,1680),(1683,1698,1682),(1699,1698,1683),(1700,1684,
51),(1686,1687,1702),(1692,1685,1701),(1681,1697,13),(1688,1689,1704),(1702,
1687,1703),(1691,1706,1690),(1692,1701,1708),(1707,1706,1691),(1694,1695,
1710),(58,1693,1709),(1704,1689,1705),(1710,1695,1711),(1712,1696,172),
(1699,1714,1698),(1715,1714,1699),(51,1716,1700),(1702,1703,1718),(1708,
1701,1717),(13,1697,1713),(1704,1705,1720),(1718,1703,1719),(1707,1722,
1706),(1708,1717,1724),(1723,1722,1707),(1710,1711,1726),(58,1709,1725),
(1720,1705,1721),(1726,1711,1727),(172,1728,1712),(1715,1730,1714),(1731,
1730,1715),(51,1732,1716),(1718,1719,1734),(1724,1717,1733),(13,1713,1729),
(1720,1721,1736),(1734,1719,1735),(1723,1738,1722),(1724,1733,1740),(1739,
1738,1723),(1726,1727,1742),(1725,1741,58),(1736,1721,1737),(1742,1727,
1743),(172,1744,1728),(1731,1746,1730),(1747,1746,1731),(1748,1732,51),
(1734,1735,1750),(1740,1733,1749),(1729,1745,13),(1736,1737,1752),(1750,
1735,1751),(1739,1754,1738),(1740,1749,1756),(1755,1754,1739),(1742,1743,
1758),(58,1741,1757),(1752,1737,1753),(1758,1743,1759),(1760,1744,172),
(1747,1762,1746),(1763,1762,1747),(51,1764,1748),(1750,1751,1766),(1756,
1749,1765),(13,1745,1761),(1752,1753,1768),(1766,1751,1767),(1755,1770,
1754),(1756,1765,1772),(1771,1770,1755),(1758,1759,1774),(58,1757,1773),
(1768,1753,1769),(1774,1759,1775),(172,1776,1760),(1763,1778,1762),(1779,
1778,1763),(51,1780,1764),(1766,1767,1782),(1772,1765,1781),(13,1761,1777),
(1768,1769,1784),(1782,1767,1783),(1771,1786,1770),(1772,1781,1788),(1787,
1786,1771),(1774,1775,1790),(1773,1789,58),(1784,1769,1785),(1790,1775,
1791),(172,1792,1776),(1779,1794,1778),(1795,1794,1779),(1796,1780,51),
(1782,1783,1798),(1788,1781,1797),(1777,1793,13),(1784,1785,1800),(1798,
1783,1799),(1787,1802,1786),(1788,1797,1804),(1803,1802,1787),(1790,1791,
1806),(58,1789,1805),(1800,1785,1801),(1806,1791,1807),(1808,1792,172),
(1795,1810,1794),(1811,1810,1795),(51,1812,1796),(1798,1799,1814),(1804,
1797,1813),(13,1793,1809),(1814,1799,1815),(1800,1801,1816),(1811,1818,
1810),(1819,1818,1811),(51,1820,1812),(1814,1815,1822),(1804,1813,1823),
(1823,1813,1821),(13,1809,1817),(1816,1801,1826),(1822,1815,1828),(1816,
1826,1827),(1803,1825,1802),(1824,1825,1803),(1806,1807,1829),(58,1805,
1830),(1829,1807,1831),(172,1832,1808),(1819,1834,1818),(1835,1834,1819),
(1836,1820,51),(1822,1828,1838),(1823,1821,1839),(1839,1821,1837),(1817,
1833,13),(1827,1826,1842),(1838,1828,1844),(1827,1842,1843),(1824,1841,
1825),(1840,1841,1824),(1829,1831,1845),(1830,1846,58),(1845,1831,1847),
(172,1848,1832),(1835,1850,1834),(1851,1850,1835),(51,1852,1836),(1838,
1844,1854),(1839,1837,1855),(1837,1853,51),(1855,1837,51),(13,1833,1849),
(1843,1842,1858),(1854,1844,1860),(1859,1843,13),(1843,1858,13),(1840,1857,
1841),(1856,1857,1840),(1845,1847,1861),(58,1846,1862),(1861,1847,1863),
(1864,1848,172),(1851,1866,1850),(1867,1866,1851),(51,1868,1852),(1854,
1860,1870),(51,1853,1869),(13,1849,1865),(1870,1860,1871),(13,1872,1859),
(1867,1874,1866),(1875,1874,1867),(1876,1868,51),(1870,1871,1875),(51,1869,
1876),(1865,1873,13),(1875,1871,1874),(13,1873,1872),(1856,1877,1857),(1879,
1877,1856),(1880,1855,58),(1855,51,58),(1861,1863,1882),(58,1862,1881),
(172,1858,1878),(13,1858,172),(1882,1863,1883),(172,1884,1864),(1879,1886,
1877),(1887,1886,1879),(58,1888,1880),(1882,1883,1890),(1881,1889,58),(172,
1878,1885),(1890,1883,1891),(172,1892,1884),(1890,1891,1887),(58,1889,1888),
(1887,1891,1886),(1885,1892,172),(53,174,59),(14,174,53)),());
#1328=COMPLEX_TRIANGULATED_FACE('ConvergentBody',#1383,368,((-1.,0.,0.),
(0.,1.,0.),(-0.991443460236413,0.,-0.130536834473833),(0.,-1.,0.),(0.,-1.,
0.),(-1.,0.,0.),(-0.99144354051897,0.,0.130536224716395),(0.,1.,0.),(0.,
-1.,0.),(0.,-1.,0.),(-0.99144354051897,0.,0.130536224716395),(-0.991443460236413,
0.,-0.130536834473833),(0.,1.,0.),(0.,1.,0.),(0.999999999999969,0.,0.),
(-0.96592450151004,0.,-0.258823989194551),(0.,-1.,0.),(0.,-1.,0.),(-0.96592466069175,
0.,0.258823395131754),(0.,1.,0.),(-0.96592466069175,0.,0.258823395131754),
(0.,-1.,0.),(0.,-1.,0.),(-0.96592450151004,0.,-0.258823989194551),(0.,1.,
0.),(0.,1.,0.),(0.989820496307474,0.,0.142321414726053),(0.,1.,0.),(0.989820426067865,
0.,-0.142321903229371),(-0.923878117359942,0.,-0.382686848824793),(0.,-1.,
0.),(0.,-1.,0.),(-0.923877583786563,0.,0.382688136968866),(0.,1.,0.),(-0.923877583786563,
0.,0.382688136968866),(0.,-1.,0.),(0.,-1.,0.),(-0.923878117359942,0.,-0.382686848824793),
(0.,1.,0.),(0.,1.,0.),(0.959493697696565,0.,0.281730090832648),(0.,1.,0.),
(0.95949383245282,0.,-0.281729631890221),(-0.866022914984242,0.,-0.500004310703615),
(0.,-1.,0.),(0.,-1.,0.),(-0.866022217837572,0.,0.500005518181243),(0.,1.,
0.),(-0.866022217837572,0.,0.500005518181243),(0.,-1.,0.),(0.,-1.,0.),(-0.866022914984242,
0.,-0.500004310703615),(0.,1.,0.),(0.,1.,0.),(0.909640567562379,0.,0.4153962419724),
(0.,1.,0.),(0.909641074823311,0.,-0.41539513116344),(-0.793355017441917,
0.,-0.608759243297163),(0.,-1.,0.),(0.,-1.,0.),(-0.793355017441917,0.,0.608759243297164),
(0.,1.,0.),(-0.793355017441917,0.,0.608759243297164),(0.,-1.,0.),(0.,-1.,
0.),(-0.793355017441917,0.,-0.608759243297163),(0.,1.,0.),(0.,1.,0.),(0.841252631175711,
0.,0.540642220456322),(0.,1.,0.),(0.841252631175711,0.,-0.540642220456323),
(0.989820426067865,0.,-0.142321903229371),(0.999999999999969,0.,0.),(0.989820496307474,
0.,0.142321414726053),(0.959493697696565,0.,0.281730090832648),(0.95949383245282,
0.,-0.281729631890221),(0.909640567562379,0.,0.4153962419724),(0.909641074823311,
0.,-0.41539513116344),(-0.707111602775554,0.,-0.707101959564664),(0.,-1.,
0.),(0.,-1.,0.),(-0.707111602775546,0.,0.707101959564671),(0.,1.,0.),(-0.707111602775546,
0.,0.707101959564671),(0.,-1.,0.),(0.,-1.,0.),(-0.707111602775554,0.,-0.707101959564664),
(0.,1.,0.),(0.,1.,0.),(0.755737998490798,0.,0.654874092965298),(0.,1.,0.),
(0.755737998490797,0.,-0.6548740929653),(0.841252631175711,0.,0.540642220456322),
(0.841252631175711,0.,-0.540642220456323),(-0.608761184081833,0.,-0.793353528230186),
(0.,-1.,0.),(0.,-1.,0.),(-0.608761184081834,0.,0.793353528230185),(0.,1.,
0.),(0.,-1.,0.),(0.,-1.,0.),(-0.608761184081834,0.,0.793353528230185),(0.,
1.,0.),(0.654859787557274,0.,0.755750394403101),(-0.608761184081833,0.,
-0.793353528230186),(0.,1.,0.),(0.,1.,0.),(0.654857673366263,0.,-0.755752226350227),
(0.755737998490798,0.,0.654874092965298),(0.755737998490797,0.,-0.6548740929653),
(0.654859787557274,0.,0.755750394403101),(0.654857673366263,0.,-0.755752226350227),
(-0.499994453188642,0.,-0.866028606213785),(0.,-1.,0.),(0.,-1.,0.),(-0.49999445318864,
0.,0.866028606213786),(0.,1.,0.),(0.,-1.,0.),(0.,-1.,0.),(-0.49999445318864,
0.,0.866028606213786),(0.,1.,0.),(0.540647819108942,0.,0.84124903310063),
(-0.499994453188642,0.,-0.866028606213785),(0.,1.,0.),(0.,1.,0.),(0.540648045927455,
0.,-0.841248887330512),(0.540647819108942,0.,0.84124903310063),(0.540648045927455,
0.,-0.841248887330512),(-0.382677614556234,0.,-0.923881942305158),(0.,-1.,
0.),(0.,-1.,0.),(-0.382680372433625,0.,0.923880799970463),(0.,1.,0.),(0.,
-1.,0.),(0.,-1.,0.),(-0.382680372433625,0.,0.923880799970463),(0.,1.,0.),
(0.415420621183954,0.,0.909629434162691),(-0.382677614556234,0.,-0.923881942305158),
(0.,1.,0.),(0.,1.,0.),(0.415420432880938,0.,-0.909629520159177),(0.415420621183954,
0.,0.909629434162691),(0.415420432880938,0.,-0.909629520159177),(-0.258818713381367,
0.,-0.965925915173423),(0.,-1.,0.),(0.,-1.,0.),(-0.258821596764776,0.,0.965925142569615),
(0.,1.,0.),(0.,-1.,0.),(0.,-1.,0.),(-0.258821596764776,0.,0.965925142569615),
(0.,1.,0.),(0.281728022370861,0.,0.959494305043549),(-0.258818713381367,
0.,-0.965925915173423),(0.,1.,0.),(0.,1.,0.),(0.281728157131806,0.,-0.959494265474847),
(0.281728022370861,0.,0.959494305043549),(0.281728157131806,0.,-0.959494265474847),
(-0.130527732545965,0.,-0.99144465858484),(0.,-1.,0.),(0.,-1.,0.),(-0.130524613851432,
0.,0.991445069168703),(0.,1.,0.),(0.,-1.,0.),(0.,-1.,0.),(-0.130524613851432,
0.,0.991445069168703),(0.,1.,0.),(0.142312691097111,0.,0.989821750595883),
(-0.130527732545965,0.,-0.99144465858484),(0.,1.,0.),(0.,1.,0.),(0.142312620836816,
0.,-0.98982176069763),(0.142312691097111,0.,0.989821750595883),(0.142312620836816,
0.,-0.98982176069763),(1.64952192260079E-6,0.,-0.99999999999864),(0.,-1.,
0.),(0.,-1.,0.),(1.64936427746328E-6,0.,0.99999999999864),(0.,1.,0.),(0.,
-1.,0.),(0.,-1.,0.),(1.64936427746328E-6,0.,0.99999999999864),(0.,1.,0.),
(-1.99452326980168E-6,0.,0.999999999998011),(1.64952192260079E-6,0.,-0.99999999999864),
(0.,1.,0.),(0.,1.,0.),(-1.99432987033309E-6,0.,-0.999999999998011),(-1.99452326980168E-6,
0.,0.999999999998011),(-1.99432987033309E-6,0.,-0.999999999998011),(0.,
-1.,0.),(0.130529367955487,0.,-0.991444443275134),(-0.142314665319256,0.,
0.989821466747952),(0.,1.,0.),(-0.142314665319256,0.,0.989821466747952),
(0.,-1.,0.),(0.,-1.,0.),(0.130526249105335,0.,0.991444853884719),(-0.142314594867551,
0.,-0.989821476877363),(0.,-1.,0.),(0.130526249105335,0.,0.991444853884719),
(0.,1.,0.),(0.,1.,0.),(0.130529367955487,0.,-0.991444443275134),(-0.142314594867551,
0.,-0.989821476877363),(0.,1.,0.),(0.,1.,0.),(-0.281728022370898,0.,0.959494305043538),
(0.,-1.,0.),(0.258818713381367,0.,-0.965925915173423),(-0.281728022370898,
0.,0.959494305043538),(0.,-1.,0.),(-0.281728157131761,0.,-0.95949426547486),
(0.,-1.,0.),(0.258821596764776,0.,0.965925142569615),(0.,-1.,0.),(0.,1.,
0.),(0.258818713381367,0.,-0.965925915173423),(0.,1.,0.),(0.258821596764776,
0.,0.965925142569615),(-0.281728157131761,0.,-0.95949426547486),(0.,1.,
0.),(0.,1.,0.),(-0.415420621183948,0.,0.909629434162694),(0.,-1.,0.),(0.382677614556234,
0.,-0.923881942305158),(-0.415420621183948,0.,0.909629434162694),(0.,-1.,
0.),(-0.415420432881115,0.,-0.909629520159096),(0.,-1.,0.),(0.382680372433625,
0.,0.923880799970463),(0.,-1.,0.),(0.,1.,0.),(0.382677614556234,0.,-0.923881942305158),
(0.,1.,0.),(0.382680372433625,0.,0.923880799970463),(-0.415420432881115,
0.,-0.909629520159096),(0.,1.,0.),(0.,1.,0.),(-0.540647819109106,0.,0.841249033100524),
(0.,-1.,0.),(0.499994453188642,0.,-0.866028606213785),(-0.540647819109106,
0.,0.841249033100524),(0.,-1.,0.),(-0.540648045927521,0.,-0.84124888733047),
(0.,-1.,0.),(0.49999445318864,0.,0.866028606213786),(0.,-1.,0.),(0.,1.,
0.),(0.499994453188642,0.,-0.866028606213785),(0.,1.,0.),(0.49999445318864,
0.,0.866028606213786),(-0.540648045927521,0.,-0.84124888733047),(0.,1.,
0.),(0.,1.,0.),(-0.654859787557246,0.,0.755750394403124),(0.,-1.,0.),(0.608761184081833,
0.,-0.793353528230186),(-0.654859787557246,0.,0.755750394403124),(0.,-1.,
0.),(-0.654857673366236,0.,-0.755752226350251),(0.,-1.,0.),(0.608761184081834,
0.,0.793353528230185),(0.,-1.,0.),(0.,1.,0.),(0.608761184081833,0.,-0.793353528230186),
(0.,1.,0.),(0.608761184081834,0.,0.793353528230185),(-0.654857673366236,
0.,-0.755752226350251),(0.,1.,0.),(0.,1.,0.),(-0.755737998490801,0.,0.654874092965295),
(0.,-1.,0.),(0.707111602775554,0.,-0.707101959564664),(-0.755737998490801,
0.,0.654874092965295),(0.,-1.,0.),(-0.7557379984908,0.,-0.654874092965296),
(0.,-1.,0.),(0.707111602775546,0.,0.707101959564671),(0.,-1.,0.),(0.,1.,
0.),(0.707111602775554,0.,-0.707101959564664),(0.,1.,0.),(0.707111602775546,
0.,0.707101959564671),(-0.7557379984908,0.,-0.654874092965296),(0.,1.,0.),
(0.,1.,0.),(-0.841252631175709,0.,0.540642220456325),(-0.841252631175709,
0.,0.540642220456325),(0.,-1.,0.),(0.793355017441755,0.,-0.608759243297375),
(0.,-1.,0.),(-0.841252631175709,0.,-0.540642220456326),(0.,-1.,0.),(0.793355017441754,
0.,0.608759243297376),(0.,-1.,0.),(0.,1.,0.),(0.793355017441755,0.,-0.608759243297375),
(-0.841252631175709,0.,-0.540642220456326),(0.,1.,0.),(0.,1.,0.),(0.793355017441754,
0.,0.608759243297376),(-0.909640567562539,0.,0.41539624197205),(0.,1.,0.),
(-0.909640567562539,0.,0.41539624197205),(0.,-1.,0.),(0.866022914984252,
0.,-0.500004310703597),(0.,-1.,0.),(-0.909641074823471,0.,-0.41539513116309),
(0.,-1.,0.),(0.866022217837582,0.,0.500005518181225),(0.,-1.,0.),(0.,1.,
0.),(0.866022914984252,0.,-0.500004310703597),(-0.909641074823471,0.,-0.41539513116309),
(0.,1.,0.),(0.,1.,0.),(0.866022217837582,0.,0.500005518181225),(-0.959493697696574,
0.,0.281730090832618),(0.,1.,0.),(-0.959493697696574,0.,0.281730090832618),
(0.,-1.,0.),(0.923878117360052,0.,-0.382686848824527),(0.,-1.,0.),(-0.959493832452829,
0.,-0.281729631890192),(0.,-1.,0.),(0.923877583786674,0.,0.3826881369686),
(0.,-1.,0.),(0.,1.,0.),(0.923878117360052,0.,-0.382686848824527),(-0.959493832452829,
0.,-0.281729631890192),(0.,1.,0.),(0.,1.,0.),(0.923877583786674,0.,0.3826881369686),
(-0.989820496307418,0.,0.142321414726445),(0.,1.,0.),(-0.989820496307418,
0.,0.142321414726445),(0.,-1.,0.),(0.96592450151004,0.,-0.258823989194551),
(0.,-1.,0.),(-0.989820426067808,0.,-0.142321903229765),(0.,-1.,0.),(0.96592466069175,
0.,0.258823395131754),(0.,-1.,0.),(0.,1.,0.),(0.96592450151004,0.,-0.258823989194551),
(-0.989820426067808,0.,-0.142321903229765),(0.,1.,0.),(0.,1.,0.),(0.96592466069175,
0.,0.258823395131754),(-0.999999999999969,0.,0.),(0.,1.,0.),(-0.999999999999969,
0.,0.),(0.,-1.,0.),(0.991443460236371,0.,-0.130536834474151),(0.,-1.,0.),
(0.,-1.,0.),(0.991443540518928,0.,0.130536224716712),(0.,1.,0.),(0.991443460236371,
0.,-0.130536834474151),(0.,1.,0.),(0.991443540518928,0.,0.130536224716712),
(0.,-1.,0.),(1.,0.,0.),(1.,0.,0.),(0.,1.,0.)),$,(2,2,3,3,1,1,6,6,19,4,4,
5,5,20,20,7,7,21,10,10,8,8,22,9,9,23,23,24,24,11,11,25,14,14,12,12,26,13,
13,27,27,28,28,15,15,33,18,18,16,16,34,17,17,35,35,36,36,29,29,41,32,32,
30,30,42,31,31,43,43,44,44,22,19,21,25,26,33,34,37,37,45,40,40,38,38,46,
39,39,47,47,48,48,41,42,49,49,53,52,52,54,50,50,55,55,51,51,56,56,45,46,
53,54,57,57,61,60,60,62,58,58,63,63,59,59,64,64,61,62,65,65,69,68,68,70,
66,66,71,71,67,67,72,72,69,70,73,73,77,76,76,78,74,74,79,79,75,75,80,80,
77,78,81,81,85,84,84,86,82,82,87,87,83,83,88,88,85,86,89,89,90,96,96,91,
92,92,94,94,93,93,95,95,90,91,101,101,99,99,97,97,102,102,98,98,104,104,
103,103,100,100,107,107,109,109,105,105,106,110,110,106,111,111,112,112,
108,108,113,113,117,117,115,115,116,118,118,116,119,119,120,120,114,114,
123,123,125,125,121,121,122,126,126,122,127,127,128,128,124,124,131,131,
133,133,129,129,130,134,134,130,135,135,136,136,132,132,139,139,145,145,
137,137,138,146,146,138,147,147,148,148,140,140,143,143,141,153,153,141,
142,154,154,142,155,155,144,144,156,156,151,151,149,167,167,149,150,168,
168,150,169,169,152,152,170,170,159,159,157,171,171,157,158,172,172,158,
173,173,160,160,174,174,163,163,161,175,175,161,162,176,176,162,177,177,
164,164,178,178,166,166,165,179,179,165,180,180,181,181,182,182,183,183,
184,184),((1,3,6),(1,6,7),(4,9,5),(7,6,11),(5,9,10),(12,3,1),(2,14,13),
(8,14,2),(12,16,3),(17,18,4),(4,18,9),(7,11,19),(19,11,21),(10,23,22),(10,
9,23),(24,16,12),(13,26,25),(13,14,26),(20,28,8),(8,28,14),(24,30,16),(31,
32,17),(17,32,18),(19,21,33),(33,21,35),(22,37,36),(22,23,37),(38,30,24),
(25,40,39),(25,26,40),(34,42,20),(20,42,28),(38,44,30),(45,46,31),(31,46,
32),(33,35,47),(47,35,49),(36,51,50),(36,37,51),(52,44,38),(39,54,53),(39,
40,54),(48,56,34),(34,56,42),(52,58,44),(59,60,45),(45,60,46),(47,49,61),
(61,49,63),(50,65,64),(50,51,65),(66,58,52),(53,68,67),(53,54,68),(62,70,
48),(48,70,56),(15,72,73),(15,73,27),(27,73,74),(29,72,15),(27,74,41),(41,
74,75),(29,76,72),(43,76,29),(41,75,55),(55,75,77),(43,78,76),(57,78,43),
(66,79,58),(80,81,59),(59,81,60),(61,63,82),(82,63,84),(64,86,85),(64,65,
86),(87,79,66),(67,89,88),(67,68,89),(83,91,62),(62,91,70),(55,77,69),(69,
77,93),(57,94,78),(71,94,57),(87,95,79),(80,97,81),(96,97,80),(82,84,98),
(85,86,100),(98,84,102),(85,100,101),(88,89,103),(105,95,87),(88,103,106),
(83,107,91),(99,107,83),(69,93,90),(90,93,109),(71,110,94),(92,110,71),
(90,109,104),(104,109,111),(92,112,110),(108,112,92),(105,113,95),(96,115,
97),(114,115,96),(98,102,116),(101,100,118),(116,102,120),(101,118,119),
(106,103,121),(123,113,105),(106,121,124),(99,125,107),(117,125,99),(104,
111,122),(122,111,127),(108,128,112),(126,128,108),(123,129,113),(114,131,
115),(130,131,114),(116,120,132),(119,118,134),(132,120,136),(119,134,135),
(124,121,137),(139,129,123),(124,137,140),(117,141,125),(133,141,117),(122,
127,138),(138,127,143),(126,144,128),(142,144,126),(139,145,129),(130,147,
131),(146,147,130),(132,136,148),(135,134,150),(148,136,152),(135,150,151),
(140,137,153),(155,145,139),(140,153,156),(133,157,141),(149,157,133),(138,
143,154),(154,143,159),(142,160,144),(158,160,142),(155,161,145),(146,163,
147),(162,163,146),(148,152,164),(151,150,166),(164,152,168),(151,166,167),
(156,153,169),(171,161,155),(156,169,172),(149,173,157),(165,173,149),(154,
159,170),(170,159,175),(158,176,160),(174,176,158),(171,177,161),(162,179,
163),(178,179,162),(164,168,180),(167,166,182),(167,182,183),(180,168,184),
(172,169,185),(187,177,171),(172,185,188),(165,189,173),(181,189,165),(170,
175,186),(186,175,191),(174,192,176),(190,192,174),(193,179,178),(187,194,
177),(186,191,195),(195,191,197),(193,198,179),(183,182,199),(190,201,192),
(199,182,202),(180,184,203),(203,184,200),(188,185,205),(206,194,187),(205,
185,196),(204,189,181),(207,201,190),(204,208,189),(195,197,210),(211,198,
193),(210,197,213),(211,214,198),(207,215,201),(199,202,216),(216,202,218),
(205,196,219),(219,196,209),(221,208,204),(223,215,207),(221,224,208),(206,
212,194),(203,200,222),(222,200,217),(220,212,206),(210,213,226),(227,214,
211),(226,213,229),(227,230,214),(223,231,215),(216,218,232),(232,218,234),
(219,209,235),(235,209,225),(237,224,221),(239,231,223),(237,240,224),(220,
228,212),(222,217,238),(238,217,233),(236,228,220),(226,229,242),(243,230,
227),(242,229,245),(243,246,230),(239,247,231),(232,234,248),(248,234,250),
(235,225,251),(251,225,241),(253,240,237),(255,247,239),(253,256,240),(236,
244,228),(238,233,254),(254,233,249),(252,244,236),(242,245,258),(259,246,
243),(258,245,261),(259,262,246),(255,263,247),(248,250,264),(264,250,266),
(251,241,267),(267,241,257),(269,256,253),(271,263,255),(269,272,256),(252,
260,244),(254,249,270),(270,249,265),(268,260,252),(258,261,274),(275,262,
259),(274,261,277),(275,278,262),(271,279,263),(264,266,280),(280,266,282),
(267,257,283),(283,257,273),(285,272,269),(287,279,271),(285,288,272),(268,
276,260),(270,265,286),(286,265,281),(284,276,268),(274,277,290),(290,277,
291),(292,294,278),(292,278,275),(287,295,279),(296,282,298),(280,282,296),
(299,273,289),(283,273,299),(301,295,287),(303,302,288),(303,288,285),(290,
291,305),(305,291,307),(308,310,294),(308,294,292),(301,311,295),(312,298,
314),(296,298,312),(315,289,306),(299,289,315),(317,311,301),(319,318,302),
(319,302,303),(284,293,276),(286,281,304),(304,281,297),(300,293,284),(305,
307,321),(321,307,323),(324,326,310),(324,310,308),(317,327,311),(328,314,
330),(312,314,328),(331,306,322),(315,306,331),(333,327,317),(335,334,318),
(335,318,319),(300,309,293),(304,297,320),(320,297,313),(316,309,300),(321,
323,337),(337,323,339),(340,342,326),(340,326,324),(333,343,327),(344,330,
346),(328,330,344),(347,322,338),(331,322,347),(349,343,333),(351,350,334),
(351,334,335),(337,339,353),(353,339,355),(342,356,358),(356,342,340),(349,
355,343),(359,346,358),(344,346,359),(361,338,354),(347,338,361),(353,355,
349),(350,363,354),(363,350,351),(358,356,365),(358,365,359),(354,368,361),
(354,363,368),(316,325,309),(320,313,336),(336,313,329),(332,325,316),(332,
341,325),(336,329,352),(352,329,345),(348,341,332),(348,357,341),(352,345,
364),(364,345,360),(362,357,348),(362,366,357),(364,360,367),(367,360,366),
(367,366,362)),());
#1329=COMPLEX_TRIANGULATED_FACE('ConvergentBody',#1384,368,((-1.,0.,0.),
(0.,1.,0.),(-0.991442948226992,0.,-0.130540723190004),(0.,-1.,0.),(0.,-1.,
0.),(-1.,0.,0.),(-0.991442948226992,0.,0.130540723190003),(0.,1.,0.),(0.,
-1.,0.),(0.,-1.,0.),(-0.991442948226992,0.,0.130540723190003),(-0.991442948226992,
0.,-0.130540723190004),(0.,1.,0.),(0.,1.,0.),(1.,0.,0.),(-0.965930184186434,
0.,-0.258802780660415),(0.,-1.,0.),(0.,-1.,0.),(-0.965930184186433,0.,0.258802780660415),
(0.,1.,0.),(-0.965930184186433,0.,0.258802780660415),(0.,-1.,0.),(0.,-1.,
0.),(-0.965930184186434,0.,-0.258802780660415),(0.,1.,0.),(0.,1.,0.),(0.989822553441467,
0.,0.142307106985615),(0.,1.,0.),(0.989822553441466,0.,-0.142307106985616),
(-0.923881293918049,0.,-0.382679179925314),(0.,-1.,0.),(0.,-1.,0.),(-0.923881293918048,
0.,0.382679179925317),(0.,1.,0.),(-0.923881293918048,0.,0.382679179925317),
(0.,-1.,0.),(0.,-1.,0.),(-0.923881293918049,0.,-0.382679179925314),(0.,
1.,0.),(0.,1.,0.),(0.959496612559025,0.,0.281720163438396),(0.,1.,0.),(0.959496612559026,
0.,-0.281720163438392),(-0.86601509473099,0.,-0.500017855379259),(0.,-1.,
0.),(0.,-1.,0.),(-0.866015094730992,0.,0.500017855379256),(0.,1.,0.),(-0.866015094730992,
0.,0.500017855379256),(0.,-1.,0.),(0.,-1.,0.),(-0.86601509473099,0.,-0.500017855379259),
(0.,1.,0.),(0.,1.,0.),(0.909639423580889,0.,0.415398747070124),(0.,1.,0.),
(0.909639423580918,0.,-0.415398747070059),(-0.793357605661818,0.,-0.60875587022923),
(0.,-1.,0.),(0.,-1.,0.),(-0.793358873946295,0.,0.608754217341175),(0.,1.,
0.),(-0.793358873946295,0.,0.608754217341175),(0.,-1.,0.),(0.,-1.,0.),(-0.793357605661818,
0.,-0.60875587022923),(0.,1.,0.),(0.,1.,0.),(0.841252614871867,0.,0.540642245825505),
(0.,1.,0.),(0.841252614871648,0.,-0.540642245825846),(0.989822553441466,
0.,-0.142307106985616),(1.,0.,0.),(0.989822553441467,0.,0.142307106985615),
(0.959496612559025,0.,0.281720163438396),(0.959496612559026,0.,-0.281720163438392),
(-0.707113500751266,0.,-0.707100061557973),(0.,-1.,0.),(0.,-1.,0.),(-0.707114973926892,
0.,0.707098588351278),(0.,1.,0.),(-0.707114973926892,0.,0.707098588351278),
(0.,-1.,0.),(0.,-1.,0.),(-0.707113500751266,0.,-0.707100061557973),(0.,
1.,0.),(0.,1.,0.),(0.755743864255635,0.,0.654867323692334),(0.,1.,0.),(0.75574386425584,
0.,-0.654867323692098),(0.909639423580889,0.,0.415398747070124),(0.909639423580918,
0.,-0.415398747070059),(0.841252614871867,0.,0.540642245825505),(0.841252614871648,
0.,-0.540642245825846),(-0.608763409435161,0.,-0.793351820652652),(0.,-1.,
0.),(0.,-1.,0.),(-0.60875924065526,0.,0.79335501946911),(0.,1.,0.),(0.,
-1.,0.),(0.,-1.,0.),(-0.60875924065526,0.,0.79335501946911),(0.,1.,0.),
(0.654863045206087,0.,0.755747571629185),(-0.608763409435161,0.,-0.793351820652652),
(0.,1.,0.),(0.,1.,0.),(0.654860924978657,0.,-0.755749408822857),(0.755743864255635,
0.,0.654867323692334),(0.75574386425584,0.,-0.654867323692098),(0.654863045206087,
0.,0.755747571629185),(0.654860924978657,0.,-0.755749408822857),(-0.49999949901884,
0.,-0.866025693025853),(0.,-1.,0.),(0.,-1.,0.),(-0.499994948366015,0.,0.866028320327035),
(0.,1.,0.),(0.,-1.,0.),(0.,-1.,0.),(-0.499994948366015,0.,0.866028320327035),
(0.,1.,0.),(0.540644240036747,0.,0.841251333261997),(-0.49999949901884,
0.,-0.866025693025853),(0.,1.,0.),(0.,1.,0.),(0.540644467429491,0.,-0.841251187124204),
(0.540644240036747,0.,0.841251333261997),(0.540644467429491,0.,-0.841251187124204),
(-0.38267800971383,0.,-0.923881778628339),(0.,-1.,0.),(0.,-1.,0.),(-0.382680774075218,
0.,0.923880633606524),(0.,1.,0.),(0.,-1.,0.),(0.,-1.,0.),(-0.382680774075218,
0.,0.923880633606524),(0.,1.,0.),(0.415413492176097,0.,0.909632689890848),
(-0.38267800971383,0.,-0.923881778628339),(0.,1.,0.),(0.,1.,0.),(0.415416289994518,
0.,-0.909631412170441),(0.415413492176097,0.,0.909632689890848),(0.415416289994518,
0.,-0.909631412170441),(-0.258817830530419,0.,-0.965926151731864),(0.,-1.,
0.),(0.,-1.,0.),(-0.258820720694084,0.,0.965925377314104),(0.,1.,0.),(0.,
-1.,0.),(0.,-1.,0.),(-0.258820720694084,0.,0.965925377314104),(0.,1.,0.),
(0.281732050796198,0.,0.959493122202639),(-0.258817830530419,0.,-0.965926151731864),
(0.,1.,0.),(0.,1.,0.),(0.281732050796199,0.,-0.959493122202639),(0.281732050796198,
0.,0.959493122202639),(0.281732050796199,0.,-0.959493122202639),(-0.130527238149292,
0.,-0.991444723674052),(0.,-1.,0.),(0.,-1.,0.),(-0.130527238149295,0.,0.991444723674052),
(0.,1.,0.),(0.,-1.,0.),(0.,-1.,0.),(-0.130527238149295,0.,0.991444723674052),
(0.,1.,0.),(0.142313289552606,0.,0.989821664552113),(-0.130527238149292,
0.,-0.991444723674052),(0.,1.,0.),(0.,1.,0.),(0.142313289552601,0.,-0.989821664552114),
(0.142313289552606,0.,0.989821664552113),(0.142313289552601,0.,-0.989821664552114),
(0.,0.,-1.),(0.,-1.,0.),(0.,-1.,0.),(0.,0.,1.),(0.,1.,0.),(0.,-1.,0.),(0.,
-1.,0.),(0.,0.,1.),(0.,0.,1.),(0.,1.,0.),(0.,1.,0.),(0.,0.,-1.),(0.,1.,
0.),(0.,0.,-1.),(0.,0.,1.),(0.,0.,-1.),(0.,-1.,0.),(0.130522348783502,0.,
-0.991445367364253),(-0.142313289552644,0.,0.989821664552108),(0.,1.,0.),
(-0.142313289552644,0.,0.989821664552108),(0.,-1.,0.),(0.,-1.,0.),(0.130522348783506,
0.,0.991445367364252),(-0.142313289552653,0.,-0.989821664552106),(0.,-1.,
0.),(0.130522348783506,0.,0.991445367364252),(0.,1.,0.),(0.,1.,0.),(0.130522348783502,
0.,-0.991445367364253),(-0.142313289552653,0.,-0.989821664552106),(0.,1.,
0.),(0.,1.,0.),(-0.281732050796292,0.,0.959493122202611),(0.,-1.,0.),(0.258813067009396,
0.,-0.965927428094466),(-0.281732050796292,0.,0.959493122202611),(0.,-1.,
0.),(-0.281732050796179,0.,-0.959493122202645),(0.,-1.,0.),(0.258815957176881,
0.,0.96592665369096),(0.,-1.,0.),(0.,1.,0.),(0.258813067009396,0.,-0.965927428094466),
(0.,1.,0.),(0.258815957176881,0.,0.96592665369096),(-0.281732050796179,
0.,-0.959493122202645),(0.,1.,0.),(0.,1.,0.),(-0.415413492176185,0.,0.909632689890808),
(0.,-1.,0.),(0.382688339316201,0.,-0.92387749997032),(-0.415413492176185,
0.,0.909632689890808),(0.,-1.,0.),(-0.415416289994628,0.,-0.90963141217039),
(0.,-1.,0.),(0.382691103664787,0.,0.923876354917598),(0.,-1.,0.),(0.,1.,
0.),(0.382688339316201,0.,-0.92387749997032),(0.,1.,0.),(0.382691103664787,
0.,0.923876354917598),(-0.415416289994628,0.,-0.90963141217039),(0.,1.,
0.),(0.,1.,0.),(-0.540644240036891,0.,0.841251333261905),(0.,-1.,0.),(0.500009181743569,
0.,-0.866020102637419),(-0.540644240036891,0.,0.841251333261905),(0.,-1.,
0.),(-0.540644467429455,0.,-0.841251187124227),(0.,-1.,0.),(0.50000463112012,
0.,0.86602272998948),(0.,-1.,0.),(0.,1.,0.),(0.500009181743569,0.,-0.866020102637419),
(0.,1.,0.),(0.50000463112012,0.,0.86602272998948),(-0.540644467429455,0.,
-0.841251187124227),(0.,1.,0.),(0.,1.,0.),(-0.654863045205774,0.,0.755747571629456),
(0.,-1.,0.),(0.608763409435283,0.,-0.793351820652559),(-0.654863045205774,
0.,0.755747571629456),(0.,-1.,0.),(-0.654860924978617,0.,-0.755749408822892),
(0.,-1.,0.),(0.608759240655381,0.,0.793355019469016),(0.,-1.,0.),(0.,1.,
0.),(0.608763409435283,0.,-0.793351820652559),(0.,1.,0.),(0.608759240655381,
0.,0.793355019469016),(-0.654860924978617,0.,-0.755749408822892),(0.,1.,
0.),(0.,1.,0.),(-0.755743864255763,0.,0.654867323692186),(0.,-1.,0.),(0.707100061782,
0.,-0.707113500527244),(-0.755743864255763,0.,0.654867323692186),(0.,-1.,
0.),(-0.755743864255761,0.,-0.654867323692189),(0.,-1.,0.),(0.70710153500037,
0.,0.707112027333802),(0.,-1.,0.),(0.,1.,0.),(0.707100061782,0.,-0.707113500527244),
(0.,1.,0.),(0.70710153500037,0.,0.707112027333802),(-0.755743864255761,
0.,-0.654867323692189),(0.,1.,0.),(0.,1.,0.),(-0.84125261487173,0.,0.540642245825718),
(-0.84125261487173,0.,0.540642245825718),(0.,-1.,0.),(0.793346035764644,
0.,-0.608770948334859),(0.,-1.,0.),(-0.841252614871732,0.,-0.540642245825716),
(0.,-1.,0.),(0.793347304093229,0.,0.608769295454366),(0.,-1.,0.),(0.,1.,
0.),(0.793346035764644,0.,-0.608770948334859),(-0.841252614871732,0.,-0.540642245825716),
(0.,1.,0.),(0.,1.,0.),(0.793347304093229,0.,0.608769295454366),(-0.909628511591585,
0.,0.415422641293994),(0.,1.,0.),(-0.909628511591585,0.,0.415422641293994),
(0.,-1.,0.),(0.866026430700441,0.,-0.499998221325091),(0.,-1.,0.),(-0.909628511591503,
0.,-0.415422641294173),(0.,-1.,0.),(0.866026430700443,0.,0.499998221325087),
(0.,-1.,0.),(0.,1.,0.),(0.866026430700441,0.,-0.499998221325091),(-0.909628511591503,
0.,-0.415422641294173),(0.,1.,0.),(0.,1.,0.),(0.866026430700443,0.,0.499998221325087),
(-0.959489212015406,0.,0.281745367355089),(0.,1.,0.),(-0.959489212015406,
0.,0.281745367355089),(0.,-1.,0.),(0.923880809508764,0.,-0.382680349405913),
(0.,-1.,0.),(-0.959489212015514,0.,-0.281745367354724),(0.,-1.,0.),(0.923880809508763,
0.,0.382680349405915),(0.,-1.,0.),(0.,1.,0.),(0.923880809508764,0.,-0.382680349405913),
(-0.959489212015514,0.,-0.281745367354724),(0.,1.,0.),(0.,1.,0.),(0.923880809508763,
0.,0.382680349405915),(-0.989822553441473,0.,0.142307106985566),(0.,1.,
0.),(-0.989822553441473,0.,0.142307106985566),(0.,-1.,0.),(0.965923988841693,
0.,-0.258825902452119),(0.,-1.,0.),(-0.989822553441424,0.,-0.142307106985912),
(0.,-1.,0.),(0.965923988841692,0.,0.25882590245212),(0.,-1.,0.),(0.,1.,
0.),(0.965923988841693,0.,-0.258825902452119),(-0.989822553441424,0.,-0.142307106985912),
(0.,1.,0.),(0.,1.,0.),(0.965923988841692,0.,0.25882590245212),(-1.,0.,0.),
(0.,1.,0.),(-1.,0.,0.),(0.,-1.,0.),(0.991446240752999,0.,-0.130515714367069),
(0.,-1.,0.),(0.,-1.,0.),(0.991446240752999,0.,0.130515714367068),(0.,1.,
0.),(0.991446240752999,0.,-0.130515714367069),(0.,1.,0.),(0.991446240752999,
0.,0.130515714367068),(0.,-1.,0.),(1.,0.,0.),(1.,0.,0.),(0.,1.,0.)),$,(2,
2,3,3,1,1,6,6,19,4,4,5,5,20,20,7,7,21,10,10,8,8,22,9,9,23,23,24,24,11,11,
29,14,14,12,12,30,13,13,31,31,32,32,15,15,33,18,18,16,16,34,17,17,35,35,
36,36,25,25,41,28,28,26,26,42,27,27,43,43,44,44,22,19,21,29,30,37,37,45,
40,40,38,38,46,39,39,47,47,48,48,33,34,41,42,49,49,53,52,52,54,50,50,55,
55,51,51,56,56,45,46,53,54,57,57,61,60,60,62,58,58,63,63,59,59,64,64,61,
62,65,65,69,68,68,70,66,66,71,71,67,67,72,72,69,70,73,73,77,76,76,78,74,
74,79,79,75,75,80,80,77,78,81,81,85,84,84,86,82,82,87,87,83,83,88,88,85,
86,89,89,90,96,96,91,92,92,94,94,93,93,95,95,90,91,101,101,99,99,97,97,
102,102,98,98,104,104,103,103,100,100,107,107,109,109,105,105,106,110,110,
106,111,111,112,112,108,108,115,115,117,117,113,113,114,118,118,114,119,
119,120,120,116,116,123,123,125,125,121,121,122,126,126,122,127,127,128,
128,124,124,131,131,133,133,129,129,130,134,134,130,135,135,136,136,132,
132,139,139,145,145,137,137,138,146,146,138,147,147,148,148,140,140,143,
143,141,157,157,141,142,158,158,142,159,159,144,144,160,160,151,151,149,
167,167,149,150,168,168,150,169,169,152,152,170,170,153,153,155,171,171,
155,156,172,172,156,173,173,154,154,174,174,163,163,161,175,175,161,162,
176,176,162,177,177,164,164,178,178,166,166,165,179,179,165,180,180,181,
181,182,182,183,183,184,184),((1,3,6),(1,6,7),(4,9,5),(7,6,11),(5,9,10),
(12,3,1),(2,14,13),(8,14,2),(12,16,3),(17,18,4),(4,18,9),(7,11,19),(19,
11,21),(10,23,22),(10,9,23),(24,16,12),(13,26,25),(13,14,26),(20,28,8),
(8,28,14),(24,30,16),(31,32,17),(17,32,18),(19,21,33),(33,21,35),(22,37,
36),(22,23,37),(38,30,24),(25,40,39),(25,26,40),(34,42,20),(20,42,28),(38,
44,30),(45,46,31),(31,46,32),(33,35,47),(47,35,49),(36,51,50),(36,37,51),
(52,44,38),(39,54,53),(39,40,54),(48,56,34),(34,56,42),(52,58,44),(59,60,
45),(45,60,46),(47,49,61),(61,49,63),(50,65,64),(50,51,65),(66,58,52),(53,
68,67),(53,54,68),(62,70,48),(48,70,56),(15,72,73),(15,73,27),(27,73,74),
(29,72,15),(27,74,41),(41,74,75),(29,76,72),(43,76,29),(66,77,58),(78,79,
59),(59,79,60),(61,63,80),(80,63,82),(64,84,83),(64,65,84),(85,77,66),(67,
87,86),(67,68,87),(81,89,62),(62,89,70),(41,75,55),(55,75,91),(43,92,76),
(57,92,43),(55,91,69),(69,91,93),(57,94,92),(71,94,57),(85,95,77),(78,97,
79),(96,97,78),(80,82,98),(83,84,100),(98,82,102),(83,100,101),(86,87,103),
(105,95,85),(86,103,106),(81,107,89),(99,107,81),(69,93,88),(88,93,109),
(71,110,94),(90,110,71),(88,109,104),(104,109,111),(90,112,110),(108,112,
90),(105,113,95),(96,115,97),(114,115,96),(98,102,116),(101,100,118),(116,
102,120),(101,118,119),(106,103,121),(123,113,105),(106,121,124),(99,125,
107),(117,125,99),(104,111,122),(122,111,127),(108,128,112),(126,128,108),
(123,129,113),(114,131,115),(130,131,114),(116,120,132),(119,118,134),(132,
120,136),(119,134,135),(124,121,137),(139,129,123),(124,137,140),(117,141,
125),(133,141,117),(122,127,138),(138,127,143),(126,144,128),(142,144,126),
(139,145,129),(130,147,131),(146,147,130),(132,136,148),(135,134,150),(148,
136,152),(135,150,151),(140,137,153),(155,145,139),(140,153,156),(133,157,
141),(149,157,133),(138,143,154),(154,143,159),(142,160,144),(158,160,142),
(155,161,145),(146,163,147),(162,163,146),(148,152,164),(151,150,166),(164,
152,168),(151,166,167),(156,153,169),(171,161,155),(156,169,172),(149,173,
157),(165,173,149),(154,159,170),(170,159,175),(158,176,160),(174,176,158),
(171,177,161),(162,179,163),(178,179,162),(164,168,180),(167,166,182),(167,
182,183),(180,168,184),(172,169,186),(188,177,171),(172,186,187),(165,189,
173),(181,189,165),(170,175,185),(185,175,191),(174,192,176),(190,192,174),
(193,179,178),(188,194,177),(185,191,195),(195,191,197),(193,198,179),(183,
182,199),(190,201,192),(199,182,202),(180,184,203),(203,184,200),(187,186,
205),(206,194,188),(205,186,196),(204,189,181),(207,201,190),(204,208,189),
(195,197,210),(211,198,193),(210,197,213),(211,214,198),(207,215,201),(199,
202,216),(216,202,218),(205,196,219),(219,196,209),(221,208,204),(223,215,
207),(221,224,208),(206,212,194),(203,200,222),(222,200,217),(220,212,206),
(210,213,226),(227,214,211),(226,213,229),(227,230,214),(223,231,215),(216,
218,232),(232,218,234),(219,209,235),(235,209,225),(237,224,221),(239,231,
223),(237,240,224),(220,228,212),(222,217,238),(238,217,233),(236,228,220),
(226,229,242),(243,230,227),(242,229,245),(243,246,230),(239,247,231),(232,
234,248),(248,234,250),(235,225,251),(251,225,241),(253,240,237),(255,247,
239),(253,256,240),(236,244,228),(238,233,254),(254,233,249),(252,244,236),
(242,245,258),(259,246,243),(258,245,261),(259,262,246),(255,263,247),(248,
250,264),(264,250,266),(251,241,267),(267,241,257),(269,256,253),(271,263,
255),(269,272,256),(252,260,244),(254,249,270),(270,249,265),(268,260,252),
(258,261,274),(275,262,259),(274,261,277),(275,278,262),(271,279,263),(264,
266,280),(280,266,282),(267,257,283),(283,257,273),(285,272,269),(287,279,
271),(285,288,272),(268,276,260),(270,265,286),(286,265,281),(284,276,268),
(274,277,290),(290,277,291),(292,294,278),(292,278,275),(287,295,279),(296,
282,298),(280,282,296),(299,273,289),(283,273,299),(301,295,287),(303,302,
288),(303,288,285),(290,291,305),(305,291,307),(308,310,294),(308,294,292),
(301,311,295),(312,298,314),(296,298,312),(315,289,306),(299,289,315),(317,
311,301),(319,318,302),(319,302,303),(284,293,276),(286,281,304),(304,281,
297),(300,293,284),(305,307,321),(321,307,323),(324,326,310),(324,310,308),
(317,327,311),(328,314,330),(312,314,328),(331,306,322),(315,306,331),(333,
327,317),(335,334,318),(335,318,319),(321,323,337),(337,323,339),(340,342,
326),(340,326,324),(333,343,327),(344,330,346),(328,330,344),(347,322,338),
(331,322,347),(349,343,333),(351,350,334),(351,334,335),(300,309,293),(304,
297,320),(320,297,313),(316,309,300),(337,339,353),(353,339,355),(342,356,
358),(356,342,340),(349,355,343),(359,346,358),(344,346,359),(361,338,354),
(347,338,361),(353,355,349),(350,363,354),(363,350,351),(358,356,365),(358,
365,359),(354,368,361),(354,363,368),(316,325,309),(320,313,336),(336,313,
329),(332,325,316),(332,341,325),(336,329,352),(352,329,345),(348,341,332),
(348,357,341),(352,345,364),(364,345,360),(362,357,348),(362,366,357),(364,
360,367),(367,360,366),(367,366,362)),());
#1330=COORDINATES_LIST('',16,((45.210324689039,0.21208009624482,-0.0675583482186867),
(45.2103246986418,-0.759919973340344,-0.0676549607766364),(45.2103310503531,
0.212086457558987,-0.131558286551241),(45.210331059956,-0.759913612026178,
-0.13165489910919),(45.2274650646161,0.276081786996296,-0.0846981103697755),
(45.2274650754835,-0.823918207569985,-0.0848074455607348),(45.2274680169404,
0.276084739320678,-0.114400868865389),(45.2274680278079,-0.823915255245603,
-0.114510204056348),(45.2571769785318,0.276081786996296,-0.084695157135399),
(45.2571769893992,-0.823918207569985,-0.0848044923263583),(45.2571799308562,
0.276084739320678,-0.114397915631012),(45.2571799417236,-0.823915255245603,
-0.114507250821971),(45.2743231018088,0.21208009624482,-0.0675519870561872),
(45.2743231114116,-0.759919973340344,-0.0676485996141368),(45.2743294631229,
0.212086457558987,-0.131551925388741),(45.2743294727258,-0.759913612026178,
-0.131648537946691)));
#1331=COORDINATES_LIST('',16,((45.2127988321006,0.212054849670214,0.186442752192509),
(45.2127988417034,-0.75994521991495,0.186346139634559),(45.2128051935664,
0.212061211136046,0.122441287981061),(45.2128052031692,-0.759938858449118,
0.122344675423111),(45.2299422597388,0.276056540725021,0.169299938586973),
(45.2299422706063,-0.82394345384126,0.169190603396013),(45.2299452119115,
0.276059492897737,0.139598705970245),(45.229945222779,-0.823940501668543,
0.139489370779286),(45.2596511218967,0.276056540725021,0.169302891518018),
(45.2596511327642,-0.82394345384126,0.169193556327059),(45.2596540740694,
0.276059492897737,0.139601658901291),(45.2596540849369,-0.823940501668543,
0.139492323710332),(45.2768002966282,0.212054849670214,0.186449113658341),
(45.276800306231,-0.75994521991495,0.186352501100391),(45.276806658094,
0.212061211136046,0.122447649446893),(45.2768066676968,-0.759938858449118,
0.122351036888943)));
#1332=COORDINATES_LIST('',2046,((45.1153170100271,0.022073626991434,-0.00258728708875779),
(45.1153170125365,-0.231926367939174,-0.00261253357792725),(45.1153362928032,
0.0220929097676558,-0.196587529312764),(45.1153362953126,-0.231907085162952,
-0.196612775801933),(45.1153473897409,0.022073489127319,-0.00120026014336604),
(45.1153473922503,-0.231926505803289,-0.0012255066325355),(45.115366947487,
0.0220930468734424,-0.197966920797073),(45.1153669499963,-0.231906948057165,
-0.197992167286242),(45.1153922445659,0.0221488615306607,-0.759507279610773),
(45.1153922470753,-0.231851133399947,-0.759532526099943),(45.1154115273421,
0.0221681443068824,-0.953507521834779),(45.1154115298514,-0.231831850623725,
-0.953532768323949),(45.1154226242798,0.0221487236665456,-0.758120252665383),
(45.1154226267892,-0.231851271264062,-0.758145499154552),(45.1154421820258,
0.022168281412669,-0.954886913319088),(45.1154421845352,-0.231831713517939,
-0.954912159808258),(45.1161067324976,0.0220729441924836,0.00428229824214511),
(45.116106735007,-0.231927050738124,0.00425705175297565),(45.1161273808717,
0.0220935925666061,-0.203456957518009),(45.1161273833811,-0.231906402364002,
-0.203482204007178),(45.1161819670365,0.0221481787317103,-0.752637694279872),
(45.1161819695459,-0.231851816198898,-0.752662940769041),(45.1162026154105,
0.0221688271058328,-0.960376950040024),(45.1162026179199,-0.231831167824775,
-0.960402196529193),(45.1177942048465,0.0220483804168279,0.251413813625761),
(45.1177942073559,-0.23195161451378,0.251388567136591),(45.1178134876226,
0.0220676631930496,0.0574135714017634),(45.117813490132,-0.231932331737558,
0.0573883249125939),(45.1178215329542,0.0220482427043786,0.252799314388934),
(45.1178215354636,-0.231951752226229,0.252774067899764),(45.1178410911552,
0.022067800905499,0.056028076098564),(45.1178410936646,-0.231932194025109,
0.0560028296093945),(45.1178670750168,0.0220724224624994,0.00953149664998524),
(45.1178670775262,-0.231927572468109,0.00950625016082679),(45.1178694393853,
0.0221236149560545,-0.505506178896256),(45.1178694418947,-0.231876379974553,
-0.505531425385425),(45.1178887221615,0.0221428977322763,-0.699506421120252),
(45.1178887246708,-0.231857097198332,-0.699531667609422),(45.1178887670024,
0.0220941144482562,-0.208707331760325),(45.1178887695118,-0.231905880482352,
-0.208732578249495),(45.1178967674931,0.0221234772436052,-0.504120678133081),
(45.1178967700025,-0.231876517687003,-0.504145924622251),(45.1179163256941,
0.0221430354447256,-0.700891916423452),(45.1179163282035,-0.231856959485882,
-0.700917162912621),(45.1179423095556,0.022147657001726,-0.747388495872029),
(45.117942312065,-0.231852337928882,-0.747413742361189),(45.1179640015413,
0.0221693489874828,-0.965627324282341),(45.1179640040507,-0.231830645943125,
-0.96565257077151),(45.1185808755593,0.0220476976178776,0.25828339865333),
(45.1185808780687,-0.23195229731273,0.25825815216416),(45.1186015237816,
0.0220683458403343,0.0505456687720833),(45.118601526291,-0.231931649090274,
0.0505204222829138),(45.1186561100981,0.0221229321571041,-0.498636593868685),
(45.1186561126075,-0.231877062773504,-0.498661840357855),(45.1186767583205,
0.0221435803795609,-0.706374323749933),(45.1186767608299,-0.231856414551047,
-0.706399570239102),(45.119061648616,0.0219982277570967,0.75599005044398),
(45.1190616511254,-0.232001767173511,0.755964803954811),(45.1190809313922,
0.0220175105333184,0.561989808219984),(45.1190809339015,-0.231982484397289,
0.561964561730814),(45.1190905026027,0.0219980900446473,0.757375551358811),
(45.119090505112,-0.232001904885961,0.757350304869642),(45.119110060652,
0.022017648094102,0.560605838947325),(45.1191100631614,-0.231982346836506,
0.560580592458155),(45.1191368831549,0.0220734622963232,-0.000929942078036015),
(45.1191368856643,-0.231926532634285,-0.00095518856720548),(45.1191372509373,
0.0220738300787109,-0.00463012878727902),(45.1191372534467,-0.231926164851897,
-0.00465537527644848),(45.1191379867581,0.0220745658995743,-0.0120330786573527),
(45.1191553942274,-0.231908024071092,-0.187166224843187),(45.1191561275388,
0.0220927066803789,-0.194543928224117),(45.1191561300482,-0.231907288250229,
-0.194569174713282),(45.119156165931,0.022092745072545,-0.194930184302032),
(45.1191561684404,-0.231907249858063,-0.194955430791202),(45.1191657371415,
0.0220733245838739,0.000455558836796096),(45.1191657396509,-0.231926670346734,
0.000430312347626631),(45.1191852951909,0.0220928826333286,-0.196314153574691),
(45.1191852977003,-0.231907112297279,-0.196339400063861),(45.1192468021014,
0.0220732663922025,0.00104102193086882),(45.1192468046108,-0.231926728538405,
0.00101577544169935),(45.1192727387586,0.0220732477738323,0.00122834029394215),
(45.119272741268,-0.231926747156776,0.00120309380477268),(45.1192953824318,
0.0220732315192978,0.00139187624061139),(45.1192953849412,-0.23192676341131,
0.00136662975144192),(45.1193259726595,0.0220732095604085,0.00161280337584524),
(45.1193259751689,-0.231926785370199,0.00158755688667578),(45.1194706387404,
0.022073105713308,0.00265760314360633),(45.1194706412497,-0.2319268892173,
0.0026323566544399),(45.1196696773965,0.0220729628353977,0.00409508966776979),
(45.1196696799059,-0.23192703209521,0.00406984317860033),(45.1198487723987,
0.0220933582210205,-0.201098882476708),(45.1198487749081,-0.231906636709587,
-0.201124128965888),(45.1198498452077,0.0219975449581463,0.762859635623217),
(45.1198498477171,-0.232002449972462,0.762834389134047),(45.1198704934301,
0.0220181931806031,0.555121905741961),(45.1198704959395,-0.231981801750005,
0.555096659252791),(45.1198835889119,0.0220933831778765,-0.201349965068003),
(45.1198835914212,-0.231906611752731,-0.201375211557184),(45.1199250797466,
0.0220727794973729,0.00593964310120114),(45.119925082256,-0.231927215433235,
0.00591439661203168),(45.1199457279689,0.0220934277198296,-0.201798086780055),
(45.1199457304783,-0.231906567210778,-0.201823333269224),(45.1201291673407,
0.0220727190099301,0.00654821572980994),(45.1201291698501,-0.231927275920678,
0.00652296924064048),(45.1202683479081,0.0220231338422218,0.505414914036957),
(45.1202683504175,-0.231976861088386,0.505389667547787),(45.1202876306842,
0.0220424166184435,0.311414671812961),(45.1202876331936,-0.231957578312164,
0.311389425323791),(45.1202987277736,0.0220229961297724,0.506800415103462),
(45.120298730283,-0.231976998800835,0.506775168614293),(45.1202988261331,
0.0220935323090008,-0.202850302900228),(45.1202988286425,-0.231906462621607,
-0.202875549389421),(45.1203182859746,0.0220425543308929,0.310029176813081),
(45.120318288484,-0.231957440599715,0.310003930323912),(45.1203412180784,
0.0220471758878933,0.263532597061182),(45.1203412205878,-0.231952819042715,
0.263507350572013),(45.1203435824469,0.0220983683814483,-0.251505078485058),
(45.1203435849563,-0.231901626549159,-0.251530324974228),(45.1203628652231,
0.0221176511576701,-0.445505320709056),(45.1203628677325,-0.231882343772938,
-0.445530567198226),(45.1203629097607,0.0220688675703186,0.0452968204086509),
(45.1203629122701,-0.231931127360289,0.0452715739194814),(45.1203739623125,
0.022098230668999,-0.250119577418553),(45.1203739648219,-0.231901764261609,
-0.250144823907722),(45.1203935205135,0.0221177888701195,-0.446890815708934),
(45.1203935230229,-0.231882206060488,-0.446916062198103),(45.1204164526172,
0.0221224104271198,-0.493387395460833),(45.1204164551266,-0.231877584503488,
-0.493412641950003),(45.1204381442996,0.0221441021095452,-0.711623172113365),
(45.120438146809,-0.231855892821063,-0.711648418602534),(45.1205673998873,
0.0220719416822522,0.0143688011832965),(45.1205674023967,-0.231928053248356,
0.0143435546941271),(45.1205900526751,0.0220945944701748,-0.213536470002615),
(45.1205900551845,-0.231905400460433,-0.213561716491785),(45.1206426344261,
0.0221471762214788,-0.742551191338718),(45.1206426369355,-0.231852818709129,
-0.742576437827888),(45.1206652872139,0.0221698290094014,-0.970456462524632),
(45.1206652897233,-0.231830165921206,-0.970481709013801),(45.1210580705303,
0.0220224511949371,0.512282973488964),(45.1210580730397,-0.231977543735671,
0.512257726999794),(45.1210787187527,0.0220430994173939,0.304545243607716),
(45.1210787212621,-0.231956895513214,0.304519997118546),(45.1211333050692,
0.0220976857341636,-0.244637019033052),(45.1211333075786,-0.231902309196444,
-0.244662265522221),(45.1211539532915,0.0221183339566205,-0.4523747489143),
(45.1211539558009,-0.231881660973987,-0.452399995403469),(45.1212335760367,
0.0220938091858798,-0.205635814173908),(45.1212335785461,-0.231906185744728,
-0.2056610606631),(45.1215357916776,0.0219729811824905,1.00999115085518),
(45.121535794187,-0.232027013748117,1.00996590436601),(45.1215550744538,
0.0219922639587123,0.815990908631171),(45.1215550769632,-0.232007730971896,
0.815965662142001),(45.1215661715432,0.0219728434700412,1.01137665192167),
(45.1215661740526,-0.232027151460567,1.0113514054325),(45.1215857297442,
0.0219924016711616,0.814605413631303),(45.1215857322536,-0.232007593259446,
0.814580167142133),(45.1216101877268,0.021997023228162,0.76810883403107),
(45.1216101902362,-0.232002971702446,0.7680835875419),(45.1216110262165,
0.0220482157217171,0.253071158333162),(45.1216110287259,-0.231951779208891,
0.253045911843992),(45.1216113938462,0.0220485833514634,0.249372507318264),
(45.1216113963556,-0.231951411579144,0.249347260829094),(45.1216295354853,
0.022066724990597,0.0668530222725026),(45.1216295379947,-0.231933269940011,
0.0668277757833331),(45.1216302707531,0.0220674602584141,0.059455636492723),
(45.1216302732625,-0.231932534672194,0.0594303900035535),(45.1216303089926,
0.0220674984979389,0.0590709161091558),(45.121630311502,-0.231932496432669,
0.0590456696199863),(45.1216318794092,0.0220187149105874,0.549873057378527),
(45.1216318819186,-0.23198128002002,0.549847810889358),(45.121641406082,
0.0220480780092677,0.254456659399658),(45.1216414085914,-0.23195191692134,
0.254431412910488),(45.121660964283,0.0220676362103882,0.0576854211092877),
(45.1216609667924,-0.23193235872022,0.0576601746201183),(45.1216854222657,
0.0220722577673886,0.0111888415090543),(45.1216854247751,-0.231927737163219,
0.0111635950198848),(45.121707113948,0.0220939494498139,-0.207046935143488),
(45.1217071164574,-0.231906045480794,-0.207072181632658),(45.1217222687151,
0.0220480199789972,0.255040498651324),(45.1217222712244,-0.231951974951611,
0.255015252162155),(45.1217481448196,0.0220480014092661,0.255227327659375),
(45.121748147329,-0.231951993521342,0.255202081170206),(45.1217708479419,
0.0220479851165945,0.255391247301976),(45.1217708504513,-0.231952009814013,
0.255366000812807),(45.1218015073947,0.0220479631141408,0.255612612737398),
(45.121801509904,-0.231952031816467,0.255587366248228),(45.1219461573337,
0.0220478593075397,0.256657005047807),(45.1219461598431,-0.231952135623068,
0.256631758558638),(45.1221453131553,0.0220477163853297,0.258094937272746),
(45.1221453156646,-0.231952278545278,0.258069690783577),(45.1223242012858,
0.0220681114937129,0.0529037543621748),(45.1223242037952,-0.231931883436895,
0.0528785078730053),(45.1223255142999,0.0219722985352058,1.01685921030718),
(45.1223255168093,-0.232027696395402,1.01683396381801),(45.1223461623706,
0.0219929466059969,0.809123006304822),(45.12234616488,-0.232007048324611,
0.809097759815653),(45.1223590213524,0.0220681364461762,0.0526527159643773),
(45.1223590238618,-0.231931858484432,0.0526274694752078),(45.1223883679558,
0.0220681574762925,0.0524411389905614),(45.1223883704652,-0.231931837454315,
0.0524158925013919),(45.1224007488387,0.0220475330744324,0.259939217785168),
(45.1224007513481,-0.231952461856175,0.259913971295999),(45.1224213969094,
0.0220681811452236,0.052203013782807),(45.1224213994188,-0.231931813785384,
0.0521777672936375),(45.1226030885035,0.0220474730530136,0.260543101664422),
(45.1226030910129,-0.231952521877594,0.260517855175253),(45.1227737058003,
0.0220682855910895,0.0511522393498398),(45.1227737083097,-0.231931709339518,
0.0511269928606704),(45.1228153612917,0.0220219294649528,0.517532171593484),
(45.1228153638011,-0.231978065465655,0.517506925104315),(45.122837052974,
0.0220436211473782,0.299296394940951),(45.1228370554834,-0.23195637378323,
0.299271148451782),(45.1228905958305,0.0220971640041794,-0.239387820928532),
(45.1228905983399,-0.231902830926428,-0.239413067417701),(45.1229122875128,
0.0221188556866048,-0.457623597581064),(45.1229122900222,-0.231881139244003,
-0.457648844070233),(45.1230415431005,0.0220466952593118,0.268368375715596),
(45.1230415456099,-0.231953299671296,0.268343129226426),(45.1230641961917,
0.0220693483505657,0.040460052771904),(45.1230641987011,-0.231930646580042,
0.0404348062827345),(45.1231167776394,0.0221219297985384,-0.488551616806419),
(45.1231167801488,-0.231878065132069,-0.488576863295588),(45.1231394307305,
0.0221445828897924,-0.716459939750111),(45.1231394332399,-0.231855412040815,
-0.71648518623928),(45.1237074382221,0.0220685624063895,0.0483673475082654),
(45.1237074407315,-0.231931432524218,0.048342101019096),(45.1240843309401,
0.0219717768052215,1.02210840856337),(45.1240843334495,-0.232028218125386,
1.0220831620742),(45.1240948087538,0.0220715185349684,0.0186263539407501),
(45.1240948112632,-0.231928476395639,0.0186011074515807),(45.1241060224708,
0.0219934683359812,0.803874157789725),(45.1241060249802,-0.232006526594627,
0.803848911300555),(45.1241183081395,0.02209501792079,-0.217796373215684),
(45.1241183106489,-0.231904977009818,-0.217821619704853),(45.124159565479,
0.0220470113444482,0.265188416041356),(45.1241595679884,-0.23195298358616,
0.265163169552187),(45.1241700432927,0.0221467530741951,-0.738293638581266),
(45.1241700458021,-0.231853241856413,-0.738318885070436),(45.1241812570096,
0.0220687028752078,0.0469541652677088),(45.124181259519,-0.2319312920554,
0.0469289187785393),(45.1241935426784,0.0221702524600166,-0.9747163657377),
(45.1241935451878,-0.231829742470591,-0.97474161222687),(45.1243089868701,
0.0219965425995805,0.772944612533808),(45.1243089893795,-0.232003452331027,
0.772919366044638),(45.1243316399612,0.0220191956908345,0.545036289590116),
(45.1243316424706,-0.231980799239773,0.545011043100947),(45.1243842214089,
0.0220717771388071,0.0160246200117921),(45.1243842239183,-0.231928217791801,
0.0159993735226226),(45.1244068745001,0.0220944302300611,-0.2118837029319),
(45.1244068770095,-0.231905564700547,-0.21190894942107),(45.1255156863138,
0.0220214488363713,0.522367950247897),(45.1255156888232,-0.231978546094237,
0.522342703758728),(45.125538339405,0.0220441019276253,0.294459627304206),
(45.1255383419143,-0.231955893002982,0.294434380815036),(45.1255909208527,
0.022096683375598,-0.234552042274119),(45.1255909233621,-0.23190331155501,
-0.234577288763288),(45.1256135739438,0.0221193364668519,-0.46246036521781),
(45.1256135764532,-0.231880658463756,-0.462485611706979),(45.1264050820557,
0.0220715348394823,0.0184625470434293),(45.1264050845651,-0.231928460091126,
0.0184373005542598),(45.1265720035732,0.0220462719603623,0.272627454655277),
(45.1265720060826,-0.231953722970245,0.272602208166107),(45.1265955032623,
0.0220697716495152,0.036201675741042),(45.1265955057716,-0.231930223281093,
0.0361764292518725),(45.1266472381121,0.0221215064995889,-0.484292537866739),
(45.1266472406215,-0.231878488431019,-0.484317784355909),(45.1266707378011,
0.0221450061887419,-0.720718316780973),(45.1266707403105,-0.231854988741866,
-0.720743563270142),(45.1267846558106,0.0219712960249744,1.02694571309667),
(45.12678465832,-0.232028698905633,1.0269204666075),(45.1268073089018,0.0219939491162283,
0.799037390152979),(45.1268073114111,-0.23200604581438,0.799012143663809),
(45.1268598903495,0.022046530564201,0.270025720574654),(45.1268598928589,
-0.231953464366407,0.270000474085484),(45.1268825434406,0.022069183655455,
0.0421173976309631),(45.12688254595,-0.231930811275153,0.0420921511417936),
(45.1278394473428,0.0219961193006311,0.777203691473499),(45.1278394498522,
-0.232003875629977,0.777178444984329),(45.1278629470318,0.0220196189897839,
0.540777912559264),(45.1278629495412,-0.231980375940824,0.540752666070095),
(45.1279146818816,0.0220713538398577,0.0202836989514827),(45.127914684391,
-0.23192864109075,0.0202584524623133),(45.1279381815707,0.0220948535290106,
-0.216142079962752),(45.12793818408,-0.231905141401597,-0.216167326451921),
(45.1282495682483,0.022094879222879,-0.216400550002262),(45.1282495707577,
-0.231905115707729,-0.216425796491427),(45.1283547110779,0.0220711669738918,
0.0221637646611105),(45.1283547135873,-0.231928827956716,0.0221385181719411),
(45.1283789138891,0.022095369785198,-0.221335988792593),(45.1283789163985,
-0.23190462514541,-0.221361235281763),(45.1284299456168,0.0221464015131185,
-0.734756227860905),(45.1284299481262,-0.231853593417489,-0.734781474350075),
(45.128454148428,0.0221706043244246,-0.978255981314611),(45.1284541509374,
-0.231829390606183,-0.978281227803781),(45.1288864640108,0.0220462874748268,
0.272471596706394),(45.1288864665202,-0.231953707455781,0.272446350217224),
(45.1290461466348,0.0220210253857562,0.526628555066472),(45.1290461491442,
-0.231978969544852,0.526603308577303),(45.1290696463239,0.0220445250749091,
0.29020277615224),(45.1290696488332,-0.231955469855699,0.29017752966307),
(45.1291213811737,0.0220962599249828,-0.230291437455543),(45.1291213836831,
-0.231903735005625,-0.230316683944712),(45.1291448808627,0.0221197596141357,
-0.466717216369776),(45.1291448833721,-0.231880235316472,-0.466742462858946),
(45.1303135904044,0.0219708727260249,1.03120479188468),(45.1303135929138,
-0.232029122204583,1.03117954539552),(45.1303370900934,0.0219943724151779,
0.79477901297045),(45.1303370926028,-0.23200562251543,0.79475376648128),
(45.1303888249432,0.0220461072652515,0.274284799362669),(45.1303888274526,
-0.231953887665356,0.274259552873499),(45.1304123246323,0.0220696069544044,
0.0378590204484342),(45.1304123271417,-0.231930387976203,0.0378337739592648),
(45.1307208689017,0.0220696324137334,0.0376029097821032),(45.1307208714111,
-0.231930362516874,0.0375776632929337),(45.1308319058973,0.0220459203992857,
0.276164865375639),(45.1308319084067,-0.231954074531322,0.276139618886469),
(45.1308561087085,0.0220701232105919,0.0326651119219117),(45.1308561112179,
-0.231929871720016,0.0326398654327422),(45.1309071404362,0.0221211549385123,
-0.480755127146377),(45.1309071429456,-0.231878839992096,-0.480780373635547),
(45.1309313432474,0.0221453577498185,-0.724254880600104),(45.1309313457568,
-0.231854637180789,-0.724280127089273),(45.1320993496669,0.0219957677395544,
0.78074110219385),(45.1320993521763,-0.232004227191053,0.78071585570468),
(45.1321235524781,0.0220199705508606,0.537241348740132),(45.1321235549875,
-0.231980024379747,0.537216102250963),(45.1321745842057,0.0220710022787811,
0.0238211096718343),(45.1321745867151,-0.231928992651827,0.0237958631826648),
(45.1321987870169,0.0220952050900872,-0.219678643781883),(45.1321987895263,
-0.231904789840521,-0.219703890271053),(45.1327143821839,0.0220709723962734,
0.0241218053962299),(45.1327143846933,-0.231929022534334,0.0240965589070604),
(45.133194531103,0.0220708991322778,0.0248589478665058),(45.1331945336124,
-0.23192909579833,0.0248337013773363),(45.1332192691425,0.022095637171815,
-0.22402563219416),(45.1332192716518,-0.231904357758793,-0.22405087868333),
(45.1332697656419,0.0221461336715044,-0.732061044655509),(45.1332697681513,
-0.231853861259103,-0.732086291144678),(45.1332945036813,0.0221708717110415,
-0.980945624716176),(45.1332945061907,-0.231829123219566,-0.980970871205345),
(45.1333060489589,0.0220206738246796,0.530165965786835),(45.1333060514683,
-0.231979321105928,0.530140719297665),(45.1333302517701,0.0220448766359857,
0.286666212333108),(45.1333302542795,-0.231955118294622,0.286640965843938),
(45.1333812834978,0.0220959083639062,-0.226754026735181),(45.1333812860072,
-0.231904086566702,-0.226779273224351),(45.133405486309,0.0221201111752123,
-0.470253780188908),(45.1334054888184,-0.231879883755396,-0.470279026678077),
(45.1345734927285,0.0219705211649483,1.03474220260505),(45.1345734952379,
-0.23202947376566,1.03471695611588),(45.1345976955397,0.0219947239762545,
0.791242449151328),(45.1345976980491,-0.232005270954353,0.791217202662159),
(45.1346487272674,0.0220457557041749,0.277822210083029),(45.1346487297767,
-0.231954239226433,0.27779696359386),(45.1346729300785,0.022069958515481,
0.034322456629312),(45.1346729325879,-0.231930036415127,0.0342972101401426),
(45.1347648611956,0.0220953470484346,-0.221106603922806),(45.134764863705,
-0.231904647882173,-0.221131850411965),(45.1351883831183,0.0220457258558662,
0.27812256172493),(45.1351883856277,-0.231954269074742,0.27809731523576),
(45.1353105425664,0.0220708286762419,0.0255680026005235),(45.1353105434494,
-0.0672981240632854,0.0255591197172855),(45.1353105440648,-0.12959156074127,
0.025552928021987),(45.1353105450758,-0.231929166254366,0.025542756111357),
(45.1356686741646,0.0220456525576717,0.278860048277703),(45.135668676674,
-0.231954342372936,0.278834801788534),(45.1356934126591,0.0220703910522059,
0.0299708905803512),(45.1356934151684,-0.231929603878402,0.0299456440911818),
(45.1357439087035,0.0221208870968982,-0.478059944244313),(45.1357439112129,
-0.23187910783371,-0.478085190733482),(45.1357686471979,0.0221456255914325,
-0.726949101941664),(45.1357686497073,-0.231854369339175,-0.726974348430834),
(45.1363811143812,0.0220957424435734,-0.225084436514408),(45.1363811153353,
-0.0744692649553911,-0.225094034654023),(45.13638111538,-0.0789967045752258,
-0.22509448466173),(45.1363811168906,-0.231904252487034,-0.22510968300358),
(45.1366980728963,0.0220707824761676,0.0260329504356375),(45.1366980754057,
-0.23192921245444,0.0260077039464711),(45.1369376438131,0.0219954998979404,
0.78343628524758),(45.1369376463225,-0.232004495032667,0.78341103875841),
(45.1369623821558,0.022020238240809,0.534548653429122),(45.1369623846652,
-0.231979756689799,0.534523406939953),(45.137012878352,0.022070734437167,
0.0265162927255639),(45.1370128808613,-0.231929260493441,0.0264910462363944),
(45.1370376166947,0.0220954727800355,-0.222371339092893),(45.1370376192041,
-0.231904522150572,-0.222396585582062),(45.1372367559858,0.0220701003850688,
0.032895389257837),(45.1372367584952,-0.231929894545539,0.0328701427686676),
(45.1373439890547,0.0220957745019135,-0.225406873505199),(45.1373439915641,
-0.231904220428694,-0.22543211999437),(45.1374468416485,0.0220956834983096,
-0.224491293803177),(45.1374468441579,-0.231904311432298,-0.224516540292351),
(45.137788854962,0.0220455820240401,0.279569884100215),(45.1377888558433,
-0.0671564680684825,0.279561017806371),(45.1377888564584,-0.129415166998489,
0.279554829563853),(45.1377888574714,-0.231954412906568,0.279544637611046),
(45.1381458691357,0.0220204061347312,0.532859623113336),(45.1381458716451,
-0.231979588795877,0.532834376624167),(45.1381706074785,0.0220451444775997,
0.283971991294879),(45.1381706099879,-0.231954850453008,0.283946744805709),
(45.1382211036746,0.0220956406739578,-0.224060369408679),(45.138221106184,
-0.23190435425665,-0.224085615897849),(45.1382458420173,0.0221203790168264,
-0.472948001227137),(45.1382458445267,-0.231879615913781,-0.472973247716307),
(45.1384464314019,0.0220707242617336,0.0266188082613511),(45.1384464339112,
-0.231929270668874,0.0265935617721817),(45.1384715191824,0.0220958120423592,
-0.225784448522382),(45.1384715216917,-0.231904182888249,-0.225809695011552),
(45.1384775617227,0.0220958121268437,-0.225785297905131),(45.1384775642321,
-0.231904182803764,-0.225810544394302),(45.1385216659407,0.0221459588009602,
-0.730301184260664),(45.1385216684501,-0.231854036129648,-0.730326430749834),
(45.1385467537212,0.0221710465815857,-0.982704441044399),(45.1385467562306,
-0.231828948349022,-0.982729687533568),(45.1391745338974,0.0220455359256284,
0.280033808944771),(45.1391745364068,-0.231954459004979,0.280008562455601),
(45.1394133129053,0.021970253475,1.03743585993155),(45.1394133154147,-0.232029741455608,
1.03741061344238),(45.139438051248,0.0219949918178685,0.788548228113089),
(45.1394380537574,-0.232005003112739,0.78852298162392),(45.1394885474441,
0.0220454880142266,0.280515867409531),(45.1394885499535,-0.231954506916381,
0.280490620920362),(45.1395132857869,0.0220702263570951,0.0316282355910739),
(45.1395132882963,-0.231929768573513,0.0316029891019044),(45.1400744019108,
0.0220203418837678,0.533506231191183),(45.1400744029329,-0.0814379415144997,
0.533495947890067),(45.1400744034982,-0.138654934060229,0.533490260771124),
(45.1400744044202,-0.23197965304684,0.533480984702013),(45.1401496364497,
0.0220955764229943,-0.223413761330833),(45.140149638959,-0.231904418507614,
-0.223439007820002),(45.1404867851356,0.022095840219084,-0.226067728738041),
(45.140486787645,-0.231904154711524,-0.22609297522721),(45.1407099616076,
0.0220958433394573,-0.226099100021322),(45.140709964117,-0.231904151591151,
-0.226124346510493),(45.1409205746151,0.0220454778387932,0.280618382793653),
(45.1409205771245,-0.231954517091815,0.280593136304483),(45.1409456625473,
0.0220705657710843,0.0282136001310331),(45.1409456650567,-0.231929429159524,
0.0281883536418636),(45.140995809154,0.0221207123780198,-0.476301609728363),
(45.1409958116634,-0.231879282552588,-0.476326856217533),(45.1410208970862,
0.022145800310311,-0.728706392390982),(45.1410208995955,-0.231854194620297,
-0.728731638880152),(45.1412623017574,0.022070685202003,0.0270120604652226),
(45.1412623042668,-0.231929309728605,0.0269868139760542),(45.1413158389243,
0.0220203005240744,0.533922466378597),(45.1413158414337,-0.231979694406533,
0.533897219889427),(45.1417136589225,0.0220705778715603,0.028091935941915),
(45.1417136591852,-0.00451739924881289,0.028089293213215),(45.1417136593635,
-0.0225662120558324,0.0280874992401189),(45.1417136614319,-0.231929417059048,
0.0280666894527455),(45.1420018915118,0.0220204060770381,0.532860586824612),
(45.1420018940212,-0.23197958885357,0.532835340335443),(45.1420723847954,
0.0220705835236101,0.0280351074283318),(45.1420723873048,-0.231929411406998,
0.0280098609391623),(45.142188018233,0.0219953250273962,0.785196145490759),
(45.1421880207424,-0.232004669903212,0.78517089900159),(45.1422131063169,
0.0220204131113531,0.532789836949244),(45.1422131088263,-0.231979581819255,
0.532764590460075),(45.1422632527719,0.0220705595666229,0.0282761529687435),
(45.1422632552813,-0.231929435363985,0.028250906479574),(45.1424388797441,
0.022070323791314,0.0306482597424939),(45.1424388822535,-0.231929671139294,
0.0306230132533244),(45.1433947176767,0.0220202312641871,0.534619483204838),
(45.1433947201861,-0.231979763666421,0.534594236715668),(45.1434198057606,
0.0220453193481439,0.282213174663335),(45.14341980827,-0.231954675582464,
0.282187928174165),(45.1434950402994,0.0221205538873705,-0.474706817858681),
(45.1434950428088,-0.231879441043237,-0.474732064347851),(45.1437387263824,
0.0220454386693886,0.281012738631848),(45.1437387288917,-0.231954556261219,
0.280987492142679),(45.1438052626221,0.0220703692974404,0.0301905673080666),
(45.1438052651315,-0.231929625633167,0.0301653208188971),(45.1439242606637,
0.0220706482772214,0.0273838180656669),(45.1439242631731,-0.231929346653386,
0.0273585715764974),(45.1439495010199,0.0220958886335341,-0.226554472882593),
(45.1439495035293,-0.231904106297074,-0.226579719371763),(45.1439994952026,
0.022145882816448,-0.729536174456349),(45.143999497712,-0.23185411211416,
-0.729561420945518),(45.1440247355588,0.0221711231727607,-0.983474465404608),
(45.1440247380682,-0.231828871757847,-0.983499711893777),(45.1441557102739,
0.0220958890830134,-0.226558974509222),(45.1441557127833,-0.231904105847594,
-0.226584220998391),(45.1441888379919,0.0220453314649407,0.282091346376321),
(45.1441888382548,-0.00456635173518736,0.28208870129134),(45.1441888384335,
-0.0226516635509195,0.282086903690403),(45.1441888405013,-0.231954663465667,
0.282066099887151),(45.1443529085025,0.0220705305884918,0.0285679039864204),
(45.1443529110119,-0.231929464342116,0.028542657497251),(45.1445478636388,
0.0220453371217138,0.282034470373238),(45.1445478661482,-0.231954657808894,
0.282009223884069),(45.1446636873252,0.0219700786044558,1.03919572017473),
(45.1446636898346,-0.232029916326152,1.03917047368556),(45.144688775409,
0.0219951666884126,0.786789411633211),(45.1446887779184,-0.232004828242195,
0.786764165144041),(45.1447389218641,0.0220453131436824,0.282275727652709),
(45.1447389243734,-0.231954681786925,0.28225048116354),(45.1447640099479,
0.0220704012276392,0.0298694191111953),(45.1447640124573,-0.231929593702969,
0.0298441726220258),(45.1450007223067,0.0220202089992487,0.534843646030205),
(45.1450007248161,-0.231979785931359,0.534818399541035),(45.1452367224918,
0.0220705183322731,0.0286912992553189),(45.1452367250012,-0.231929476598335,
0.0286660527661495),(45.1452606123326,0.0220958914913949,-0.226583094942392),
(45.145260614842,-0.231904103439213,-0.226608341431562),(45.1453158485694,
0.022070634627309,0.0275212854849823),(45.1453158510788,-0.231929360303299,
0.0274960389958129),(45.1453158588827,0.0220706449405762,0.0274175257203783),
(45.1453158613921,-0.231929349990032,0.0273922792312089),(45.1453411056089,
0.022095891666848,-0.226584852141299),(45.1453411081182,-0.23190410326376,
-0.226610098630469),(45.1453910831083,0.0221458691665356,-0.729398707037034),
(45.1453910856177,-0.231854125764072,-0.729423953526203),(45.1453910934216,
0.0221458794798028,-0.729502466801639),(45.145391095931,-0.231854115450805,
-0.729527713290808),(45.1454163401477,0.0221711262060746,-0.983504844663314),
(45.1454163426571,-0.231828868724533,-0.983530091152484),(45.1454759640899,
0.0220704124490372,0.0297565935830851),(45.1454759665993,-0.231929582481571,
0.0297313470939156),(45.1459064127366,0.0220204644287839,0.532273909402669),
(45.145906415246,-0.231979530501824,0.532248662913499),(45.1460269430874,
0.022095891666848,-0.226584783972052),(45.1460269455968,-0.23190410326376,
-0.226610030461221),(45.1460815947268,0.0220201940145111,0.534994511981046),
(45.1460815972362,-0.231979800916097,0.534969265491876),(45.1461930212375,
0.0220706449405762,0.0274176129064824),(45.1461930237469,-0.231929349990032,
0.0273923664173129),(45.1462341124943,0.0220706406617434,0.0274606654906227),
(45.1462341150037,-0.231929354268864,0.0274354190014533),(45.1463815950135,
0.0220705024558464,0.0288511426775725),(45.1463815975229,-0.231929492474761,
0.028825896188403),(45.1463984037253,0.0220454017026152,0.281384918476854),
(45.1463984062347,-0.231954593227993,0.281359671987684),(45.1464236439299,
0.0220706419072623,0.0274481534075),(45.1464236464393,-0.231929353023346,
0.0274229069183305),(45.1464236469632,0.0220706449405762,0.0274176358296715),
(45.1464236494726,-0.231929349990032,0.0273923893405021),(45.1464736382642,
0.0221206362418419,-0.475535074045163),(45.1464736407736,-0.231879358688766,
-0.475560320534332),(45.1464988784687,0.0221458764464889,-0.729471839114517),
(45.1464988809781,-0.231854118484119,-0.729497085603686),(45.146498881502,
0.0221458794798028,-0.729502356692345),(45.1464988840114,-0.231854115450805,
-0.729527603181515),(45.1468272688304,0.0220452841837005,0.282567295944917),
(45.1468272713398,-0.231954710746907,0.282542049455747),(45.1469730349922,
0.0220204792491935,0.532124910175172),(45.1469730375016,-0.231979515681414,
0.532099663686003),(45.147477489702,0.0220706449405762,0.0274177405770406),
(45.1474774922114,-0.231929349990032,0.0273924940878711),(45.1474847366642,
0.0220706442201515,0.0274249893485829),(45.1474847391735,-0.231929350710456,
0.0273997428594135),(45.1476673733738,0.021995249042884,0.78596115544674),
(45.1476673758832,-0.232004745887724,0.78593590895757),(45.1476926135783,
0.0220204892475311,0.532024390377376),(45.1476926160877,-0.231979505683077,
0.531999143888207),(45.1477149118661,0.0220452718743829,0.282691225812985),
(45.1477149143755,-0.231954723056225,0.282665979323815),(45.1477426079126,
0.0220704835821106,0.0290411629247239),(45.147742610422,-0.231929511348497,
0.0290159164355545),(45.1477899917827,0.0220453882043686,0.281520860017284),
(45.1477899942921,-0.231954606726239,0.281495613528115),(45.1477900022477,
0.0220453986693014,0.281415574373794),(45.147790004757,-0.231954596261306,
0.281390327884624),(45.1478152485188,0.0220706449405762,0.0274177741487937),
(45.1478152510282,-0.231929349990032,0.0273925276596242),(45.1478652263216,
0.0221206227435952,-0.475399132504732),(45.147865228831,-0.231879372187013,
-0.475424378993902),(45.1478652367865,0.022120633208528,-0.475504418148222),
(45.1478652392959,-0.23187936172208,-0.475529664637391),(45.1478904830577,
0.0221458794798028,-0.729502218373223),(45.147890485567,-0.231854115450805,
-0.729527464862393),(45.1486670721009,0.0220453986693014,0.281415661550703),
(45.1486670746103,-0.231954596261306,0.281390415061534),(45.1486951762889,
0.0220704813995548,0.0290632158735109),(45.1486951787983,-0.231929513531053,
0.0290379693843414),(45.1487108290346,0.0220453941133668,0.281461502267932),
(45.148710831544,-0.231954600817241,0.281436255778763),(45.1487855012707,
0.0220704646119953,0.0292321212074113),(45.14878550378,-0.231929530318613,
0.0292068747182419),(45.1487926948204,0.022095891666848,-0.226584509068418),
(45.1487926973298,-0.23190410326376,-0.226609755557588),(45.1488547140893,
0.0220452560682681,0.282850361336444),(45.1488547165986,-0.23195473886234,
0.282825114847274),(45.1488755986964,0.0220201552796748,0.535384493312496),
(45.1488756012058,-0.231979839650933,0.535359246823326),(45.1489008387493,
0.0220453953326562,0.281449254122027),(45.1489008412587,-0.231954599597952,
0.281424007632858),(45.1489008420859,0.0220453986693014,0.281415684786418),
(45.1489008445953,-0.231954596261306,0.281390438297249),(45.1489760732881,
0.0221206298718827,-0.475470738399989),(45.1489760757975,-0.231879365058725,
-0.475495984889159),(45.1489760766248,0.022120633208528,-0.475504307735597),
(45.1489760791342,-0.23187936172208,-0.475529554224767),(45.1490574355523,
0.0219952355446374,0.786097096835495),(45.1490574380617,-0.23200475938597,
0.786071850346325),(45.1490574458655,0.0219952458579044,0.785993337070899),
(45.1490574483749,-0.232004749072703,0.78596809058173),(45.1490826922884,
0.0220204922808449,0.531994010967004),(45.1490826947977,-0.231979502649763,
0.531968764477834),(45.1491326700911,0.0220704700838639,0.0291771043134787),
(45.1491326726005,-0.231929524846744,0.0291518578243092),(45.1491326804044,
0.022070480397131,0.0290733445488837),(45.1491326829138,-0.231929514533477,
0.0290480980597143),(45.1499514645868,0.0220453986693014,0.281415789213703),
(45.1499514670962,-0.231954596261306,0.281390542724533),(45.1499594410147,
0.0220453978764409,0.281423766821594),(45.1499594435241,-0.231954597054167,
0.281398520332424),(45.1501270123408,0.022095891666848,-0.226584376443089),
(45.1501270148502,-0.23190410326376,-0.226609622932258),(45.150143042466,
0.0219700026199436,1.03996073013071),(45.1501430449754,-0.232029992310664,
1.03993548364154),(45.1501682825188,0.0219952426729249,0.786025490940237),
(45.1501682850282,-0.232004752257683,0.786000244451068),(45.1501682857038,
0.0219952458579044,0.785993447483524),(45.1501682882132,-0.232004749072703,
0.785968200994355),(45.1502182770048,0.0220452371591701,0.283040737608691),
(45.1502182795142,-0.231954757771438,0.283015491119521),(45.1502435170577,
0.0220704772121515,0.0291054984182217),(45.1502435195671,-0.231929517718456,
0.0290802519290523),(45.1502435202427,0.022070480397131,0.0290734549615083),
(45.1502435227521,-0.231929514533477,0.0290482084723389),(45.1502641453093,
0.0220201520946953,0.53541667478499),(45.1502641478187,-0.231979842835913,
0.53539142829582),(45.1502893918837,0.0220453986693014,0.281415822802199),
(45.1502893943931,-0.231954596261306,0.281390576313029),(45.1503646264226,
0.022120633208528,-0.475504169719817),(45.150364628932,-0.23187936172208,
-0.475529416208986),(45.1509130540994,0.0220201520946953,0.535416739283687),
(45.1509130566088,-0.231979842835913,0.535391492794517),(45.1511700846306,
0.0220452349783574,0.283062772945315),(45.15117008714,-0.23195475995225,
0.283037526456145),(45.1515331149577,0.021969999434964,1.03999291175487),
(45.1515331174671,-0.232029995495644,1.0399676652657),(45.1515583613805,
0.0219952458579044,0.78599358565097),(45.1515583638899,-0.232004749072703,
0.785968339161801),(45.1516083494966,0.0220452339741906,0.283072919232852),
(45.151608352006,-0.231954760956417,0.283047672743682),(45.1516335959194,
0.022070480397131,0.0290735931289548),(45.1516335984288,-0.231929514533477,
0.0290483466397853),(45.1520951874926,0.0220204922808449,0.53199431039586),
(45.152095190002,-0.231979502649763,0.53196906390669),(45.153057705073,
0.022095891666848,-0.226584085145041),(45.1530577075824,-0.23190410326376,
-0.22660933163421),(45.1575460088809,0.0220201520946953,0.5354173985704),
(45.1575460113903,-0.231979842835913,0.535392152081231),(45.1587281422741,
0.0220204922808449,0.531994969682573),(45.1587281447835,-0.231979502649763,
0.531969723193404),(45.1595105460084,0.022095891666848,-0.226583443760856),
(45.1595105485177,-0.23190410326376,-0.226608690250026),(45.1629048448399,
0.022095891666848,-0.226583106382389),(45.1629048473493,-0.23190410326376,
-0.226608352871558),(45.1798223919947,0.0220770561527552,-0.0370809976060541),
(45.1798223945041,-0.231922938777853,-0.0371062440952236),(45.1798231680115,
-0.231922165270511,-0.0448883502585423),(45.1798337135507,0.0220883777087712,
-0.150984959576461),(45.1798348164483,0.0220894806063346,-0.162080996371118),
(45.1798348189577,-0.231910514324273,-0.162106242860287),(45.1798976265336,
0.0221522906919818,-0.794000990128071),(45.179897629043,-0.231847704238626,
-0.79402623661724),(45.1799100509871,0.0221647151455612,-0.919000988893134),
(45.1799100534965,-0.231835279785047,-0.919026235382304),(45.1805540615033,
0.0220894806063346,-0.162080924881303),(45.1805540640127,-0.231910514324273,
-0.162106171370472),(45.1822965350564,0.0220518095781491,0.216920102805142),
(45.1822965375657,-0.231948185352459,0.216894856315972),(45.1822973114259,
-0.231947411492265,0.20910920017632),(45.1823078562595,0.0220631307813129,
0.103019690811061),(45.1823089595099,0.0220642340317285,0.0919201040400774),
(45.1823089620193,-0.231935760898879,0.091894857550908),(45.1823717695952,
0.0221270441173756,-0.539999889716874),(45.1823717721046,-0.231872950813232,
-0.540025136206044),(45.1823841940487,0.0221394685709551,-0.664999888481938),
(45.1823841965581,-0.231860526359653,-0.665025134971108),(45.182710719194,
0.0220894806063346,-0.162080710518955),(45.1827107217034,-0.231910514324273,
-0.162105957008124),(45.1827478959921,0.0220894806063346,-0.162080706823744),
(45.1827478985015,-0.231910514324273,-0.162105953312913),(45.1827655005032,
0.0220894806063346,-0.162080705073932),(45.1827655030126,-0.231910514324273,
-0.162105951563102),(45.1829454486374,0.0220894806063346,-0.162080687187874),
(45.1829454511468,-0.231910514324273,-0.162105933677044),(45.1829693344175,
-0.231922938777853,-0.037105931303151),(45.1830296571591,0.0220642340317285,
0.0919201756742737),(45.1830296596685,-0.231935760898879,0.0918949291851042),
(45.1835639788259,0.0220016569184178,0.721496339623362),(45.1835639813353,
-0.23199833801219,0.721471093134193),(45.1835717283852,0.0220452339741906,
0.283076096253005),(45.1835717308946,-0.231954760956417,0.283050849763836),
(45.1835764032794,0.0220140813719972,0.596496340858298),(45.1835764057888,
-0.231985913558611,0.596471094369119),(45.1836392133648,0.0220768914576444,
-0.0354236528986538),(45.1836392158742,-0.231923103472963,-0.0354488993878232),
(45.1836393780599,0.0220770561527552,-0.0370806182143228),(45.1836393805693,
-0.231922938777853,-0.0371058647034923),(45.1836516378183,0.0220893159112238,
-0.160423651663717),(45.1836516403277,-0.231910679019384,-0.160448898152897),
(45.184770678118,0.0220265630035429,0.470921203216338),(45.1847706806274,
-0.231973431927065,0.470895956727168),(45.1847831025715,0.0220389874571223,
0.345921204451274),(45.1847831050809,-0.231961007473486,0.345895957962104),
(45.1848459126568,0.0221017975427696,-0.285998789305678),(45.1848459151662,
-0.231898197387838,-0.286024035794848),(45.1848583371103,0.0221142219963489,
-0.410998788070742),(45.1848583396197,-0.231885772934259,-0.411024034559912),
(45.1852411904108,0.0220642340317285,0.0919203954910125),(45.1852411929202,
-0.231935760898879,0.0918951490018431),(45.1854449875065,-0.231948185352459,
0.216895169258135),(45.1856278310589,0.0200890189421299,-0.0390687708612531),
(45.1856278354253,-0.22993450286347,-0.0390936255820871),(45.1857278640221,
0.0199885309865289,-0.0391692646990471),(45.1857278706712,-0.229833990908044,
-0.0391941034631137),(45.1860396477664,0.0219764103438116,0.975497440186215),
(45.1860396502758,-0.232023584586796,0.975472193697046),(45.1860520722199,
0.0219888347973911,0.850497441421161),(45.1860520747293,-0.232011160133217,
0.850472194931992),(45.1860953481759,0.0220642340317285,0.091920480390561),
(45.1860953506853,-0.231935760898879,0.0918952339013916),(45.1861148823053,
0.0220516448830383,0.2185774476642),(45.1861148848147,-0.23194835004757,
0.21855220117503),(45.1861150470004,0.0220518095781491,0.216920482348539),
(45.1861150495098,-0.231948185352459,0.216895235859369),(45.1861273067588,
0.0220640693366176,0.0935774488991454),(45.1861273092682,-0.23193592559399,
0.093552202409976),(45.186177443392,-0.229384554561614,-0.0396433872214103),
(45.1861774485295,0.0195391639194739,-0.0396186578465375),(45.1863692266586,
-0.229192829471019,-0.0398350472194205),(45.1863692381907,0.0193474670168597,
-0.0398103658748878),(45.1877009240948,0.0220642340317285,0.0919206399777895),
(45.1877009266042,-0.231935760898879,0.0918953934886201),(45.1878078103259,
0.0179094895654942,-0.0412484267938659),(45.1878078283142,-0.227754521919967,
-0.0412728664648231),(45.1881036213748,0.0200636510376348,0.214932107221662),
(45.1881036257415,-0.229959628063536,0.21490725252435),(45.1882036668876,
0.0199631505055402,0.214831595693907),(45.1882036735375,-0.229859103527563,
0.214806756955121),(45.1882202758857,-0.227341964667953,-0.0416852836728697),
(45.1882202882368,0.0174969845170079,-0.0416609558059221),(45.1884526445738,
0.0172646130083271,-0.0418934709365284),(45.188452648387,-0.227109530457029,
-0.0419177614381203),(45.188652641472,-0.229410176728823,0.214357959733022),
(45.1886526465966,0.0195142929088875,0.214382689202332),(45.1888447647253,
-0.229218071078376,0.214165909531269),(45.1888447762575,0.0193222155028128,
0.214190590872897),(45.1899290258128,-0.225632760532095,-0.0433941870679749),
(45.1899290988052,0.0157880617536714,-0.0433702377951144),(45.1902838147054,
0.0178837097397767,0.212751928424709),(45.1902838326976,-0.227779235089731,
0.212727488853102),(45.1906973021658,-0.22736563846043,0.21231401158646),
(45.1906973145205,0.01747016551727,0.212338339138438),(45.1909297283719,
0.0172377266060015,0.212105989636661),(45.1909297321861,-0.227133136874734,
0.212081699460519),(45.1924063225867,0.0133106748365197,-0.0458475937594486),
(45.1924063588592,-0.223154768560997,-0.0458711377371859),(45.1924064498965,
-0.225655965059941,0.210604872022121),(45.1924065229053,0.0157607735216603,
0.210628820878884),(45.1932395056911,0.0124776041504819,-0.0466806540511953),
(45.1932395153495,-0.222321558873053,-0.0467039973117108),(45.1948795458237,
0.0132874847538475,0.208155563021434),(45.1948795823145,-0.223182071819308,
0.208132018372011),(45.1957176694009,0.0124494809498014,0.207317569672661),
(45.1957176790872,-0.222343928225383,0.207294226964009),(45.2038337396551,
0.00188479936076751,-0.0572748543024772),(45.2038338415042,-0.21172655564385,
-0.0572961702106497),(45.2063156075965,0.00185305657616963,0.196719749384009),
(45.2063157095702,-0.211745304603035,0.196698434662487),(45.2099018726169,
-0.0078422615950694,-0.848999769004794),(45.2099018745335,-0.201842218675089,
-0.849019051752484),(45.2099058483813,-0.0078382858305903,-0.888999158258061),
(45.209905850298,-0.20183824291061,-0.88901844100575),(45.2099231202625,
-0.00786903145134571,-0.847846205089161),(45.2099231221786,-0.201815630453626,
-0.847865482533291),(45.2103996140358,-0.00834527011443782,-0.824500569306232),
(45.2103996159425,-0.201344080382488,-0.824519752544304),(45.2103999235778,
0.212155330784047,-0.824478340740704),(45.2103999331807,-0.759844738801116,
-0.824574953298654),(45.2104004991076,-0.00834883051988727,-0.830268632951822),
(45.2104005010142,-0.20133933102152,-0.83028781536394),(45.2104011308096,
-0.00834391708104659,-0.836624063900402),(45.2104011327164,-0.201342978106005,
-0.836643247163398),(45.210401766651,-0.00834817626952965,-0.843021139953652),
(45.2104017685577,-0.201337587373713,-0.843040322257489),(45.210401905019,
-0.00834817626952948,-0.844413233081936),(45.2104019064489,-0.153082619328375,
-0.844427619052889),(45.2104019069256,-0.201337275539737,-0.844432415354778),
(45.210406284892,0.212161692098213,-0.888478279073257),(45.2104062944948,
-0.75983837748695,-0.888574891631207),(45.2123760158302,-0.00786750801800989,
-0.595000194472493),(45.2123760177468,-0.201867465098029,-0.595019477220182),
(45.2123799915946,-0.00786353225353071,-0.63499958372576),(45.2123799935113,
-0.20186348933355,-0.635018866473449),(45.2123972633241,-0.00789427802595187,
-0.593845104677965),(45.2123972652402,-0.201840877028232,-0.593864382122095),
(45.2128740666394,0.212130084209441,-0.570477240329508),(45.2128740688179,
-0.00836864655010157,-0.570499156939465),(45.2128740690658,-0.00837114001486453,
-0.570501651198887),(45.2128740707246,-0.201371197139704,-0.570518340549309),
(45.2128740709725,-0.201368703197457,-0.570520834313004),(45.2128740762423,
-0.759869985375722,-0.570573852887458),(45.2128746423038,-0.008374076959905,
-0.576268886619268),(45.2128746442104,-0.201364577461536,-0.576288069031386),
(45.2128752740152,-0.00836916351167885,-0.582624411972645),(45.2128752759219,
-0.201368224536639,-0.582643595235641),(45.2128759093785,-0.00837038691473488,
-0.589016677987006),(45.2128759112852,-0.201365870536465,-0.589035860894424),
(45.2128760498188,-0.00837114108876011,-0.590429620705811),(45.2128760512419,
-0.152416372515211,-0.590443938172141),(45.2128760517255,-0.201364799881494,
-0.59044880343185),(45.2128804281052,0.212136445675273,-0.634478704540956),
(45.2128804377081,-0.75986362390989,-0.634575317098906),(45.2135697509398,
-0.00799287137510981,0.666496035021769),(45.2135697528564,-0.201992852296987,
0.66647675227171),(45.2135737267042,-0.00798889561063072,0.626496645768512),
(45.2135737286209,-0.201988876532508,0.626477363018453),(45.2135894725548,
-0.0080196652249097,0.667651124662272),(45.2135894744709,-0.20196626422719,
0.667631847218143),(45.2136449854786,-0.00791763683588324,-0.0904239575002469),
(45.2136449873952,-0.201917617757761,-0.0904432402503058),(45.2136489612431,
-0.00791366107140406,-0.130423346753503),(45.2136489631597,-0.201913641993282,
-0.130442629503562),(45.2136647070936,-0.00794443068568313,-0.0892688678597434),
(45.2136647090097,-0.201891029687963,-0.089288145303873),(45.214067801749,
0.212004697010483,0.691018989162384),(45.2140678039275,-0.00849528011021335,
0.690997072428545),(45.2140678042031,-0.00849805316247183,0.690994299205836),
(45.2140678058342,-0.201495337975461,0.690977889066466),(45.2140678061098,
-0.201492564392315,0.690975116395069),(45.2140678113519,-0.75999537257468,
0.690922376604435),(45.2140683774337,-0.00849963596192922,0.68522713856388),
(45.2140683793403,-0.201489792816577,0.685207956185919),(45.2140690091356,
-0.00849462809465176,0.678871709351996),(45.2140690110423,-0.201493534329966,
0.678852526104385),(45.214069644581,-0.00849730005158438,0.672478616947936),
(45.2140696464877,-0.201489731616526,0.672459434343878),(45.2140697837335,
-0.00849804707363649,0.671078630381043),(45.2140697851612,-0.153002021273749,
0.671064267317688),(45.2140697856402,-0.201488671024949,0.671059447956655),
(45.2140741630632,0.212011058324649,0.627019050829831),(45.214074172666,
-0.759989011260514,0.626922438271882),(45.2141430362879,0.21207993154971,
-0.0659010033596305),(45.2141430384499,-0.00676242390074393,-0.0659227553331226),
(45.2141430387235,-0.00676517514873656,-0.0659255077078586),(45.2141430403894,
-0.203077685105508,-0.0659422682119207),(45.2141430406642,-0.203074920693593,
-0.0659450326543493),(45.214143040672,-0.00678477039533585,-0.0659451109794755),
(45.214143042611,-0.203055334148598,-0.0659646194155423),(45.2141430458908,
-0.759920138035453,-0.0659976159175805),(45.2141432035421,-0.00842327366791283,
-0.0675837149216003),(45.2141432054472,-0.201416533050502,-0.0676028817566141),
(45.2141436119725,-0.00842440142270265,-0.0716928539581361),(45.2141436138792,
-0.20141455827735,-0.0717120363360971),(45.2141442436744,-0.00841939355542519,
-0.07804828317002),(45.2141442455811,-0.20141829979074,-0.0780674664176312),
(45.2141448791198,-0.00842206551235781,-0.0844413755740798),(45.2141448810265,
-0.201414497077299,-0.0844605581781371),(45.2141450182724,-0.00842281253440984,
-0.0858413621409717),(45.2141450197,-0.152926786734522,-0.0858557252043276),
(45.214145020179,-0.201413436485722,-0.0858605445653601),(45.214149397602,
0.212086292863876,-0.129900941692184),(45.2141494072049,-0.759913776721287,
-0.129997554250134),(45.2147779762624,-0.00796798898017688,0.415919372885156),
(45.214777978179,-0.201967946060196,0.415900090137467),(45.2147819520268,
-0.00796401321569778,0.375919983631889),(45.2147819539435,-0.201963970295717,
0.3759007008842),(45.2147961718468,-0.0079947591397846,0.417075988255248),
(45.2147961737629,-0.201941358142065,0.417056710811118),(45.2148532108012,
-0.00789275444095031,-0.34100061963686),(45.2148532127179,-0.20189271152097,
-0.341019902384549),(45.2148571865657,-0.00788877867647121,-0.381000008890126),
(45.2148571884823,-0.201888735756491,-0.381019291637815),(45.2148714063857,
-0.00791952460055794,-0.339844004266768),(45.2148714083018,-0.201866123602838,
-0.339863281710898),(45.2152727354832,-0.00847113710360269,0.440420167877673),
(45.2152727373899,-0.20146966848073,0.440400984667321),(45.2152729753139,
0.212029603247274,0.44044232672481),(45.2152729849167,-0.759970466337889,
0.44034571416686),(45.2152735509611,-0.00847455793914721,0.434650852235301),
(45.2152735528677,-0.20146505844078,0.434631669823183),(45.2152741826819,
-0.00846964448152866,0.428295232477146),(45.2152741845887,-0.201468705506508,
0.42827604921415),(45.2152748179013,-0.00847086802855859,0.421904414946221),
(45.215274819808,-0.201466351650308,0.421885232038803),(45.2152749583416,
-0.00847162220258286,0.420491472227332),(45.2152749597647,-0.152516853626114,
0.420477154761003),(45.2152749602483,-0.201465280995336,0.420472289501293),
(45.215279336628,0.21203596456144,0.376442388392255),(45.2152793462309,
-0.759964105023723,0.376345775834305),(45.215347970022,-0.00839590256437612,
-0.316499824644342),(45.2153479719288,-0.201394433941504,-0.316519007854694),
(45.2153482098527,0.2121048377865,-0.316477665797206),(45.2153482194556,
-0.759895231798662,-0.316574278355156),(45.2153487855,-0.00839932339992055,
-0.322269140286715),(45.2153487874066,-0.201389823901554,-0.322288322698833),
(45.2153494172208,-0.00839440994230209,-0.328624760044869),(45.2153494191275,
-0.201393470967282,-0.328643943307866),(45.2153500524401,-0.00839563348933193,
-0.335015577575794),(45.2153500543468,-0.201391117111081,-0.335034760483212),
(45.2153501928804,-0.0083963876633562,-0.336428520294683),(45.2153501943035,
-0.152441619086887,-0.336442837761013),(45.2153501947871,-0.20139004645611,
-0.336447703020722),(45.2153545711668,0.212111199100666,-0.38047760412976),
(45.2153545807697,-0.759888870484496,-0.38057421668771),(45.2160454198803,
-0.00801811794971597,0.920497135584631),(45.2160454217969,-0.202018098871593,
0.920477852834572),(45.2160493957964,-0.00801414203357113,0.880496220452479),
(45.216049397713,-0.202014122955449,0.88047693770242),(45.2160651414953,
-0.00804491179951586,0.921652225225124),(45.2160651434114,-0.201991510801796,
0.921632947780994),(45.2161206544191,-0.0079428834104894,0.163577143062615),
(45.2161206563357,-0.201942864332367,0.163557860312556),(45.2161246303353,
-0.00793890749434456,0.123576227930464),(45.2161246322519,-0.201938888416222,
0.123556945180405),(45.2161403760342,-0.0079696772602892,0.164732232703108),
(45.2161403779502,-0.201916276262569,0.164712955258978),(45.2161618612219,
-0.00834398754905059,-0.824499684697863),(45.2161618631287,-0.201345320702401,
-0.824518868186699),(45.2165417051316,-0.00852128976334496,0.944996404847549),
(45.2165417070384,-0.201519821140451,0.944977221637198),(45.2165419449623,
0.211979450587543,0.945018563694686),(45.2165419545652,-0.76002061899762,
0.944921951136736),(45.2165425206096,-0.00852471059887951,0.939227089205176),
(45.2165425225162,-0.201515211100511,0.939207906793058),(45.2165431521864,
-0.00851979728524379,0.93287291793044),(45.2165431540931,-0.201518858310202,
0.932853734667444),(45.2165437877922,-0.00852253850202114,0.926478212269454),
(45.2165437896989,-0.201514986016078,0.926459029663812),(45.2165439271798,
-0.00852291296032717,0.925075860596693),(45.2165439286063,-0.152911927755611,
0.9250615089598),(45.2165439290865,-0.20151429743275,0.925056678096713),
(45.2165483062764,0.211985811901709,0.881018625362132),(45.2165483158793,
-0.760014257683454,0.880922012804182),(45.2166169414723,-0.00678943595898724,
0.188076578804671),(45.2166169423114,-0.203101164743949,0.188057065176467),
(45.2166169443317,-0.0068098156457596,0.188056190771854),(45.2166169451836,
-0.203080783002099,0.188036683209877),(45.2166171740197,-0.00844703829199628,
0.186418446360625),(45.2166171759242,-0.201443261796584,0.186399279254767),
(45.2166171795012,0.212054685126769,0.188098571172671),(45.216617189104,
-0.759945384458393,0.188001958614721),(45.2166177551484,-0.00844947605965285,
0.18230709668316),(45.2166177570551,-0.201439976561284,0.182287914271042),
(45.2166183867253,-0.00844456274601722,0.175952925408425),(45.216618388632,
-0.201443623770975,0.175933742145428),(45.2166190223311,-0.00844730396279457,
0.169558219747439),(45.2166190242377,-0.201439751476851,0.169539037141797),
(45.2166191617187,-0.00844767842110052,0.168155868074678),(45.2166191631452,
-0.152836693216385,0.168141516437784),(45.2166191636253,-0.201439062893523,
0.168136685574697),(45.2166235408153,0.212061046440935,0.124098632840116),
(45.2166235504182,-0.759939023144227,0.124002020282166),(45.2186360042835,
-0.0083692341236557,-0.570498584286667),(45.2186360061903,-0.201370567277008,
-0.570517767775503),(45.2198295673525,-0.00849462132262464,0.690997645188126),
(45.2198295692592,-0.201495954475955,0.690978461699289),(45.2198615312104,
-0.00676344374508989,-0.065922187041305),(45.2198877203178,-0.203076657920176,
-0.0659416971137474),(45.2201327050179,-0.00676349210662159,-0.0659221600926208),
(45.2201327069574,-0.203076614115006,-0.0659416727587922),(45.2210367271066,
-0.00847124096684127,0.440420982796304),(45.2210367290133,-0.201469522356041,
0.440401799610799),(45.2211119616455,-0.0083960064276147,-0.316499009725712),
(45.2211119635522,-0.201394287816814,-0.316518192911216),(45.2223056967551,
-0.00852139362657349,0.94499721976618),(45.2223056986618,-0.20151967501577,
0.944978036580675),(45.2223376459971,-0.00679021607712382,0.188077387535293),
(45.2223638438784,-0.203100378430264,0.188057877767061),(45.2225237321947,
-0.00834512213440594,-0.824499052468468),(45.2225237341014,-0.201344183159383,
-0.824518235731465),(45.2226089806643,-0.00679026446734456,0.188077414499963),
(45.2226089826038,-0.2031003345979,0.188057902137135),(45.2249180839221,
-0.00834468064938414,-0.82449881443649),(45.2249978752563,-0.0083703687090101,
-0.570497952057272),(45.224997877163,-0.20136942973399,-0.570517135320268),
(45.2261687072734,-0.00676237915209817,-0.0659215600297574),(45.2261687092129,
-0.2030778595771,-0.0659410729303451),(45.2261741606476,-0.00676237957051408,
-0.0659215594877564),(45.226190084487,-0.00849575590797895,0.690998277282955),
(45.2261900863937,-0.201494816932937,0.690979094019958),(45.2262293280997,
-0.203077853397198,-0.0659410669044774),(45.2273929192722,-0.00836992709634127,
-0.570497713956471),(45.2273948680016,-0.0084694786605089,0.440421614942883),
(45.2273948699084,-0.20147128170886,0.440402431407342),(45.2274701025405,
-0.00839424412128233,-0.316498377579132),(45.2274701044472,-0.201396047169634,
-0.316517561114674),(45.2275402991549,0.276157021535522,-0.841618102891793),
(45.2275403100224,-0.823842973030759,-0.841727438082752),(45.2275432514793,
0.276159973859904,-0.871320861387405),(45.2275432623467,-0.823840020706377,
-0.871430196578364),(45.2285524058996,-0.00676256204397317,-0.0659213231187114),
(45.228586308219,-0.0084953140777862,0.690998515501036),(45.2286453022497,
-0.00678915145394107,0.188078014594574),(45.2286453041892,-0.203101580125883,
0.188058501997317),(45.2286485676694,-0.00678915170448414,0.188078014919117),
(45.228664413248,-0.00852107972568409,0.944997851826006),(45.2286644151547,
-0.201519985960999,0.944978668578395),(45.2287036877495,-0.203101574173865,
0.188058507800979),(45.2289064975621,-0.00834394524160571,-0.824498417932511),
(45.2289064994689,-0.201345500172197,-0.824517601443391),(45.2297918092516,
-0.00847012413496074,0.44042185312421),(45.2298670437905,-0.00839488959573417,
-0.316498139397806),(45.2300174942777,0.276131775264247,-0.587620053935046),
(45.2300175051451,-0.823868219302034,-0.587729389126004),(45.2300204464504,
0.276134727436963,-0.617321286551773),(45.2300204573178,-0.823865267129318,
-0.617430621742731),(45.2303516611588,-0.00834405612335819,-0.824498274300587),
(45.2303516616539,-0.0584546606509966,-0.824503255075625),(45.2303516619741,
-0.090869187486038,-0.824506476937897),(45.2303516630655,-0.201345352842386,
-0.824517457785802),(45.2310266495703,-0.00678933416540517,0.188078251271928),
(45.2310604923306,-0.00852118164428248,0.944998089975664),(45.2312097033567,
0.276006387913623,0.673877701284076),(45.2312097142241,-0.823993606652658,
0.673768366093117),(45.2312126556811,0.276009340238005,0.644174942788464),
(45.2312126665485,-0.823990654328275,0.644065607597505),(45.2312849378956,
0.27608162245285,-0.0830422912379399),(45.231284948763,-0.823918372113431,
-0.0831516264288985),(45.2312878902199,0.276084574777232,-0.112745049733552),
(45.2312879010874,-0.823915419789049,-0.11285438492451),(45.2313806406237,
-0.00836919181621187,-0.570497317521315),(45.2313806425305,-0.201370746746803,
-0.570516501032195),(45.2315414796001,-0.00676279138391109,-0.0659210260406459),
(45.2315414815396,-0.203077311840127,-0.0659405388458169),(45.2324164028004,
0.276031294150414,0.423301038998156),(45.2324164136679,-0.823968700415867,
0.423191703807197),(45.2324193551248,0.276034246474796,0.393598280502543),
(45.2324193659922,-0.823965748091485,0.393488945311585),(45.2324916373393,
0.276106528689641,-0.333618953523859),(45.2324916482067,-0.82389346587664,
-0.333728288714818),(45.2324945896636,0.276109481014023,-0.363321712019472),
(45.2324946005311,-0.823890513552258,-0.363431047210431),(45.2325091153107,
-0.00676344053383987,-0.0659209299264074),(45.2325728498544,-0.00849457901517985,
0.690998911818912),(45.2325728517612,-0.201496133945751,0.690979728308032),
(45.2325932255461,-0.203076647711521,-0.0659404342410471),(45.2327037909718,
-0.00676357113432334,-0.0659209105894786),(45.2327037929113,-0.203076577893247,
-0.0659404232441946),(45.2328258042204,-0.0083693026979614,-0.570497173889391),
(45.2328258047155,-0.0584799072264718,-0.570502154664429),(45.2328258050356,
-0.0908799850565536,-0.570505375090533),(45.2328258061272,-0.201370599416994,
-0.570516357374606),(45.23368384657,0.275981141490683,0.927877275816378),
(45.2336838574374,-0.824018853075598,0.927767940625419),(45.2336867987427,
0.275984093663399,0.898176043199651),(45.2336868096101,-0.824015900902882,
0.898066708008692),(45.2337397223699,-0.00787139895281515,-0.824024868096441),
(45.233739724286,-0.201817997955095,-0.824044145540571),(45.2337590811088,
0.276056376029909,0.170957283294362),(45.2337590919763,-0.823943618536371,
0.170847948103403),(45.2337620332815,0.276059328202626,0.141256050677635),
(45.233762044149,-0.823940666363655,0.141146715486677),(45.2337820010612,
-0.00847119865727943,0.440422249625032),(45.2337820029679,-0.201469701834815,
0.440403066417483),(45.2338572356,-0.00839596411805286,-0.316497742896984),
(45.2338572375067,-0.201394467295588,-0.316516926104533),(45.2339438191727,
-0.00676357113432334,-0.0659207873360955),(45.2340183588186,-0.00678956370755201,
0.188078548611935),(45.234018360758,-0.203101032359942,0.1880590361101),
(45.2340184076973,-0.00849468989692929,0.690999055490022),(45.2340184081923,
-0.0586052944224857,0.690994074714984),(45.2340184085123,-0.0909954098954618,
0.690990855279095),(45.234018409604,-0.201495986615943,0.690979872004807),
(45.2340344950794,-0.203076577893247,-0.0659402909782155),(45.2342242405891,
-0.203076577893247,-0.0659402721183412),(45.2344244395054,-0.00676357113432334,
-0.0659207395645351),(45.2348993876027,-0.00784474648578533,-0.823997284361066),
(45.2348993895193,-0.201844703565805,-0.824016567108755),(45.2349855982994,
-0.00678899043909595,0.188078644808293),(45.2350494529552,-0.00852135131701268,
0.94499848644405),(45.2350494548619,-0.201519854494545,0.944979303236501),
(45.2350697774709,-0.203101697048566,0.188059140550259),(45.2351780420253,
-0.0067888763805605,0.188078663947695),(45.2351780439648,-0.203101765492891,
0.188059151304672),(45.2352137835134,-0.00847130851234692,0.440422391927031),
(45.2352137840039,-0.0581179259612773,0.44041745727028),(45.235213784327,
-0.0908144798251165,0.440414207375754),(45.2352137854202,-0.201469555869172,
0.440403208744909),(45.2352890180523,-0.00839607397312035,-0.316497600594985),
(45.2352890185428,-0.0580426914220507,-0.316502535251736),(45.2352890188658,
-0.09073924528589,-0.316505785146262),(45.235289019959,-0.201394321329945,
-0.316516783777107),(45.2362138654315,-0.00789664552742122,-0.570023767685255),
(45.2362138673476,-0.201843244529702,-0.570043045129385),(45.236406979922,
-0.0067888763805605,0.18807878609875),(45.2364816178788,-0.00852146117208217,
0.944998628784064),(45.2364816183693,-0.0581680786198344,0.944993694127313),
(45.2364816186922,-0.0908546107269694,0.944990445228907),(45.2364816197855,
-0.201519708528899,0.944979445601943),(45.2364976855081,-0.203101765492891,
0.188059282471274),(45.2366875984564,-0.203101765492891,0.188059301347791),
(45.2368880224429,-0.0067888763805605,0.188078833912274),(45.237373530816,
-0.00786999290872574,-0.569997709828765),(45.2373735327326,-0.201869949988745,
-0.570016992576454),(45.2374076005411,-0.00802203272637914,0.691472461806647),
(45.2374076024572,-0.201968631728659,0.691453184362518),(45.2375226414058,
-0.00676357113432334,-0.0659204316168081),(45.2375226433452,-0.203076577893247,
-0.0659399442715241),(45.2385672659256,-0.00799535626582566,0.691498519665507),
(45.2385672678422,-0.201995337187703,0.691479236915448),(45.2386127739543,
-0.00799712664125403,0.440897325247957),(45.2386127758704,-0.201943725643534,
0.440878047803827),(45.2386880084931,-0.00792189210202738,-0.316022667274059),
(45.2386880104092,-0.201868491104308,-0.316041944718188),(45.2397754912482,
-0.00797047387089281,0.440921857528885),(45.2397754931648,-0.201970430950912,
0.440902574781196),(45.239850725787,-0.00789523933166624,-0.315998134993131),
(45.2398507277037,-0.201895196411686,-0.31601741774082),(45.2398817436027,
-0.00804727930098529,0.945473562217844),(45.2398817455188,-0.201993878303266,
0.945454284773715),(45.2399966473624,-0.0067888763805605,0.188079142896004),
(45.2399966493018,-0.203101765492891,0.188059630252981),(45.2410429348661,
-0.00802060284043182,0.945499620228359),(45.2410429367827,-0.202020583762309,
0.9454803374783),(45.2414784202576,-0.203076577893247,-0.0659395510845893),
(45.2425200842234,-0.00676357113432334,-0.0659199348928352),(45.2439525595977,
-0.203101765492891,0.188060023453174),(45.2444676307127,0.0220452339741906,
0.283082149039528),(45.2444676332221,-0.231954760956417,0.283056902550359),
(45.2449243787243,-0.0067888763805605,0.188079632690963),(45.2463281014069,
-0.00676357113432334,-0.0659195563925715),(45.2487768910171,-0.0067888763805605,
0.188080015613846),(45.2572522130707,0.276157021535522,-0.841615149657417),
(45.2572522239381,-0.823842973030759,-0.841724484848376),(45.257255165395,
0.276159973859904,-0.871317908153029),(45.2572551762625,-0.823840020706377,
-0.871427243343988),(45.2597263564356,0.276131775264247,-0.587617101004001),
(45.259726367303,-0.823868219302034,-0.587726436194959),(45.2597293086083,
0.276134727436963,-0.617318333620728),(45.2597293194757,-0.823865267129318,
-0.617427668811686),(45.2609185655146,0.276006387913623,0.673880654215121),
(45.2609185763821,-0.823993606652658,0.673771319024162),(45.260921517839,
0.276009340238005,0.644177895719509),(45.2609215287064,-0.823990654328275,
0.64406856052855),(45.2609938000535,0.27608162245285,-0.083039338306895),
(45.2609938109209,-0.823918372113431,-0.0831486734978537),(45.2609967523778,
0.276084574777232,-0.112742096802507),(45.2609967632453,-0.823915419789049,
-0.112851431993466),(45.2621252649583,0.276031294150414,0.423303991929201),
(45.2621252758258,-0.823968700415867,0.423194656738242),(45.2621282172827,
0.276034246474796,0.393601233433588),(45.2621282281502,-0.823965748091485,
0.393491898242629),(45.2622004994972,0.276106528689641,-0.333616000592815),
(45.2622005103647,-0.82389346587664,-0.333725335783773),(45.2622034518216,
0.276109481014023,-0.363318759088428),(45.262203462689,-0.823890513552258,
-0.363428094279386),(45.2633942346068,0.275981141490683,0.927880228899088),
(45.2633942454743,-0.824018853075598,0.927770893708129),(45.2633971867795,
0.275984093663399,0.898178996282362),(45.263397197647,-0.824015900902882,
0.898069661091403),(45.2634694691457,0.276056376029909,0.170960236377072),
(45.2634694800131,-0.823943618536371,0.170850901186114),(45.2634724213184,
0.276059328202626,0.141259003760346),(45.2634724321858,-0.823940666363655,
0.141149668569387),(45.2743983363476,0.212155330784047,-0.824471979578204),
(45.2743983459505,-0.759844738801116,-0.824568592136154),(45.2744046976618,
0.212161692098213,-0.888471917910757),(45.2744047072646,-0.75983837748695,
-0.888568530468707),(45.2748297888801,-0.00791373465960929,-0.129916777367769),
(45.2748297889436,-0.0143484087419296,-0.129917416946244),(45.2748297907967,
-0.201913691739629,-0.129936060115458),(45.2748298386264,-0.00791367299233306,
-0.13041726564289),(45.2748298386752,-0.0128545802754002,-0.130417756747475),
(45.2748298404304,-0.190512459988086,-0.130435415164112),(45.274829840543,
-0.201913641993282,-0.130436548391764),(45.2748987770536,-0.00784474648578533,
-0.823993308596587),(45.2748987789702,-0.201844703565805,-0.824012591344276),
(45.2749052377087,-0.0078382858305903,-0.888992697602866),(45.2749052396253,
-0.20183824291061,-0.889011980350545),(45.2752272146049,-0.20231091307134,
-0.130833862745831),(45.2755106647618,-0.202594524576207,-0.12993606011137),
(45.2757467743288,-0.20283033814566,-0.131353344402785),(45.2757467899605,
-0.00699678894452672,-0.131333873854865),(45.2759800222473,-0.00676357113432334,
-0.0659166091212447),(45.2759800241868,-0.203076577893247,-0.0659361217759608),
(45.276875531167,0.212130084209441,-0.570470878863676),(45.2768755407699,
-0.759869985375722,-0.570567491421626),(45.2768818926328,0.212136445675273,
-0.634472343075124),(45.2768819022357,-0.75986362390989,-0.634568955633074),
(45.2773069838511,-0.00793898108254979,0.124082797467863),(45.2773069839147,
-0.0143736551648661,0.124082157889387),(45.2773069857678,-0.201938938162569,
0.124063514720173),(45.2773070335975,-0.00793891941527356,0.123582309192743),
(45.2773070336463,-0.0128798266983407,0.123581818088158),(45.2773070354015,
-0.190546547173052,0.123564158792789),(45.2773070355141,-0.201938888416222,
0.123563026443869),(45.2773759720246,-0.00786999290872574,-0.569993733760954),
(45.2773759739412,-0.201869949988745,-0.570013016508643),(45.2773824326798,
-0.00786353225353071,-0.634993122767233),(45.2773824345964,-0.20186348933355,
-0.635012405514922),(45.2777043691575,-0.202336159496292,0.12316573229403),
(45.27798777954,-0.202619760063657,0.124063514717377),(45.2780677403977,
0.212004697010483,0.691025350476551),(45.2780677500006,-0.75999537257468,
0.690928737918601),(45.2780741017119,0.212011058324649,0.627025412143997),
(45.2780741113147,-0.759989011260514,0.626928799586048),(45.2781429749366,
0.21207993154971,-0.0658946420454645),(45.2781429770773,-0.00460074691610805,
-0.0659161791577137),(45.2781429790595,-0.205239402111463,-0.0659361217629754),
(45.2781429845394,-0.759920138035453,-0.0659912546034144),(45.2781441368133,
-0.00459958718008911,-0.0775840565427851),(45.2781443951573,-0.00459932883609699,
-0.0801832049467008),(45.2781457102315,-0.205236670939452,-0.0934139095276378),
(45.2781485099097,-0.205233871261207,-0.12158092512429),(45.2781493362507,
0.212086292863876,-0.129894580378018),(45.2781493383914,-0.004594385601942,
-0.129916117490267),(45.2781493403736,-0.205233040797306,-0.129936060095529),
(45.2781493458536,-0.759913776721287,-0.129991192935968),(45.2782231771372,
-0.202854885785578,0.122646975881996),(45.2782231927679,-0.00702273429789412,
0.122666446290478),(45.2784570407498,-0.0067888763805605,0.188082965691001),
(45.2784570426893,-0.203101765492891,0.188063453047978),(45.2785681812553,
-0.00799535626582566,0.691502495581652),(45.2785681831719,-0.201995337187703,
0.691483212831584),(45.2785746419105,-0.00798889561063072,0.626503106575373),
(45.2785746438271,-0.201988876532508,0.626483823825314),(45.2792744398415,
0.212029603247274,0.440448688190642),(45.2792744494443,-0.759970466337889,
0.440352075632692),(45.2792808011556,0.21203596456144,0.376448749858087),
(45.2792808107585,-0.759964105023723,0.376352137300137),(45.2793496743803,
0.2121048377865,-0.316471304331374),(45.2793496839832,-0.759895231798662,
-0.316567916889324),(45.2793560356944,0.212111199100666,-0.380471242663928),
(45.2793560452973,-0.759888870484496,-0.380567855221878),(45.279774880699,
-0.00797047387089281,0.440925833293364),(45.2797748826157,-0.201970430950912,
0.440906550545675),(45.2797813413542,-0.00796401321569778,0.375926444287084),
(45.2797813432708,-0.201963970295717,0.375907161539405),(45.2798501152379,
-0.00789523933166624,-0.315994159228652),(45.2798501171545,-0.201895196411686,
-0.316013441976341),(45.279856575893,-0.00788877867647121,-0.380993548234931),
(45.2798565778097,-0.201888735756491,-0.38101283098261),(45.280541883611,
0.211979450587543,0.945024925008852),(45.2805418932139,-0.76002061899762,
0.944928312450902),(45.2805482449251,0.211985811901709,0.881024986676298),
(45.280548254528,-0.760014257683454,0.880928374118348),(45.2806171181499,
0.212054685126769,0.188104932486837),(45.2806171202906,-0.00462870754757818,
0.188083395104807),(45.2806171222727,-0.205261934325874,0.188063453039106),
(45.2806171277527,-0.759945384458393,0.188008319928887),(45.2806182791555,
-0.0046275486826417,0.176424281511013),(45.2806185383884,-0.00462728944980381,
0.173816190602686),(45.280619853427,-0.205259203171626,0.160585843987577),
(45.2806226539605,-0.205256402638097,0.132410223547938),(45.280623479464,
0.212061046440935,0.124104994154282),(45.2806234816047,-0.00462234623341213,
0.124083456772252),(45.2806234835869,-0.205255573011716,0.124063514706552),
(45.2806234890669,-0.759939023144227,0.124008381596332),(45.2810423243169,
-0.00802060284043182,0.945503595992838),(45.2810423262335,-0.202020583762309,
0.945484313242779),(45.2810487851238,-0.00801414203357113,0.880502681107674),
(45.2810487870404,-0.202014122955449,0.880483398357615),(45.303248754442,
0.0220768914576444,-0.0354117642330689),(45.3032487569514,-0.231923103472963,
-0.0354370107222383),(45.3040697857187,0.0213244966766245,-0.159647007511909),
(45.3045542720804,0.0220894806063346,-0.162068599802361),(45.3045542745898,
-0.231910514324273,-0.16209384629153),(45.3048223913773,0.0220770561527552,
-0.0370685731524747),(45.3048223938867,-0.231922938777853,-0.0370938196416442),
(45.3048346511357,0.0220893159112238,-0.160411606601878),(45.3048346536451,
-0.231910679019384,-0.160436853091039),(45.3048348045547,0.0220894693302278,
-0.161955125210664),(45.3048348070641,-0.23191052560038,-0.161980371699824),
(45.3048348158308,0.0220894806063346,-0.162068571917538),(45.3048348183402,
-0.231910514324273,-0.162093818406708),(45.3048543303608,0.0220768914576444,
-0.0354116046458403),(45.3048543328702,-0.231923103472963,-0.0354368511350098),
(45.3048976259161,0.0221522906919818,-0.793988565674491),(45.3048976284255,
-0.231847704238626,-0.794013812163661),(45.3049100503696,0.0221647151455612,
-0.918988564439555),(45.304910052879,-0.231835279785047,-0.919013810928724),
(45.3057228975036,0.0220516448830383,0.218589336178119),(45.305722900013,
-0.23194835004757,0.218564089688949),(45.3057726925975,0.0220768914576444,
-0.0354115133646481),(45.3057726951069,-0.231923103472963,-0.0354367598538175),
(45.3065440065778,0.0212992501058935,0.0943540540101614),(45.3072965344389,
0.0220518095781491,0.216932527258721),(45.3072965369483,-0.231948185352459,
0.216907280769552),(45.3073087941973,0.0220640693366176,0.0935894938093279),
(45.3073087967067,-0.23193592559399,0.0935642473201495),(45.3073089588924,
0.0220642340317285,0.0919325284936569),(45.3073089614018,-0.231935760898879,
0.0919072820044874),(45.3073284734224,0.0220516448830383,0.218589495765347),
(45.3073284759318,-0.23194835004757,0.218564249276178),(45.3073717689777,
0.0221270441173756,-0.539987465263295),(45.3073717714871,-0.231872950813232,
-0.540012711752464),(45.3073841934313,0.0221394685709551,-0.664987464028359),
(45.3073841959407,-0.231860526359653,-0.665012710517528),(45.3075277243737,
0.0220768914576444,-0.0354113389221605),(45.3075277268831,-0.231923103472963,
-0.03543658541133),(45.3082468806303,0.0220516448830383,0.21858958705101),
(45.3082468831397,-0.23194835004757,0.21856434056184),(45.3085639782084,
0.0220016569184178,0.721508764076941),(45.3085639807178,-0.23199833801219,
0.721483517587772),(45.3085717277678,0.0220452339741906,0.283088520706585),
(45.3085717302772,-0.231954760956417,0.283063274217415),(45.308576402662,
0.0220140813719972,0.596508765311868),(45.3085764051714,-0.231985913558611,
0.596483518822708),(45.3086392127473,0.0220768914576444,-0.0354112284450744),
(45.3086392152567,-0.231923103472963,-0.0354364749342438),(45.3086403156449,
0.0220779943552078,-0.0465072652397551),(45.3086403181542,-0.2319220005754,
-0.0465325117289246),(45.3086516372008,0.0220893159112238,-0.160411227210148),
(45.3086516397102,-0.231910679019384,-0.160436473699307),(45.3097706775005,
0.0220265630035429,0.470933627669917),(45.3097706800099,-0.231973431927065,
0.470908381180747),(45.309783101954,0.0220389874571223,0.345933628904853),
(45.3097831044634,-0.231961007473486,0.345908382415684),(45.3098459120394,
0.0221017975427696,-0.285986364852099),(45.3098459145487,-0.231898197387838,
-0.286011611341268),(45.3098583364929,0.0221142219963489,-0.410986363617163),
(45.3098583390023,-0.231885772934259,-0.411011610106332),(45.3100020764671,
0.0220516448830383,0.218589761509804),(45.3100020789765,-0.23194835004757,
0.218564515020635),(45.3110396471489,0.0219764103438116,0.975509864639795),
(45.3110396496583,-0.232023584586796,0.975484618150625),(45.3110520716025,
0.0219888347973911,0.850509865874741),(45.3110520741119,-0.232011160133217,
0.850484619385561),(45.3111148816878,0.0220516448830383,0.218589872117779),
(45.3111148841972,-0.23194835004757,0.21856462562861),(45.3111159849604,
0.0220527481556577,0.207490061958557),(45.3111159874698,-0.23194724677495,
0.207464815469387),(45.3111273061413,0.0220640693366176,0.0935898733527249),
(45.3111273086507,-0.23193592559399,0.0935646268635454),(45.3393413487912,
0.022095891666848,-0.226565569365078),(45.3393413513006,-0.23190410326376,
-0.226590815854247),(45.33941658333,0.0221711262060746,-0.983485561887092),
(45.3394165858394,-0.231828868724533,-0.983510808376262),(45.3407207402823,
0.0220958886335341,-0.226534914681473),(45.3407207427917,-0.231904106297074,
-0.226560161170642),(45.3407959748211,0.0221711231727607,-0.983454907203487),
(45.3407959773305,-0.231828871757847,-0.983480153692657),(45.3412518932873,
0.0220201520946953,0.535435658132355),(45.3412518957967,-0.231979842835913,
0.535410411643186),(45.3418154917011,0.0220706449405762,0.0274370569250054),
(45.3418154942105,-0.231929349990032,0.0274118104358359),(45.34189072624,
0.0221458794798028,-0.729482935597011),(45.3418907287494,-0.231854115450805,
-0.729508182086181),(45.3423989271583,0.0220958651821367,-0.226298807949539),
(45.3423989296677,-0.231904129748471,-0.226324054438709),(45.3430829354707,
0.0220204922808449,0.532013293743226),(45.3430829379801,-0.231979502649763,
0.531988047254056),(45.3431948831922,0.0220706419072623,0.0274677116086204),
(45.3431948857016,-0.231929353023346,0.0274424651194509),(45.3431948862255,
0.0220706449405762,0.027437194030792),(45.3431948887349,-0.231929349990032,
0.0274119475416225),(45.3432701177311,0.0221458764464889,-0.729452280913396),
(45.3432701202405,-0.231854118484119,-0.729477527402566),(45.3432701207644,
0.0221458794798028,-0.729482798491225),(45.3432701232738,-0.231854115450805,
-0.729508044980394),(45.343403210294,0.0220452339741906,0.283091982803704),
(45.3434032128034,-0.231954760956417,0.283066736314534),(45.3438470280613,
0.0220958449460174,-0.226095072372426),(45.3438470305706,-0.23190414998459,
-0.226120318861595),(45.3442896350661,0.0220453986693014,0.281435105578421),
(45.3442896375755,-0.231954596261306,0.281409859089251),(45.3443057157505,
0.022070634627309,0.0275410642080205),(45.3443057182599,-0.231929360303299,
0.0275158177188511),(45.3443148813372,0.0220706449405762,0.0274373053534107),
(45.3443148838466,-0.231929349990032,0.0274120588642413),(45.3443648696049,
0.022120633208528,-0.475484886943595),(45.3443648721143,-0.23187936172208,
-0.475510133432764),(45.3443809502894,0.0221458691665356,-0.729378928313995),
(45.3443809527988,-0.231854125764072,-0.729404174803165),(45.3443901158761,
0.0221458794798028,-0.729482687168606),(45.3443901183854,-0.231854115450805,
-0.729507933657776),(45.3444638528407,0.0220204892475311,0.532043948578496),
(45.3444638553501,-0.231979505683077,0.532018702089327),(45.3446793608154,
0.0220706458054255,0.0274286405000788),(45.3446793633248,-0.231929349125182,
0.0274033940109093),(45.3447876846957,0.0220706270332141,0.0276175148196039),
(45.3447876872051,-0.231929367897394,0.0275922683304344),(45.3454653967568,
0.0220706476705587,0.0274099538893036),(45.3454653992662,-0.231929347260049,
0.0273847074001341),(45.3455406312957,0.0221458822097852,-0.729510038632712),
(45.3455406338051,-0.231854112720823,-0.729535285121881),(45.3455586045628,
0.0219952458579044,0.786012868427192),(45.3455586070722,-0.232004749072703,
0.785987621938023),(45.3456338391017,0.022070480397131,0.0290928759051765),
(45.3456338416111,-0.231929514533477,0.0290676294160071),(45.3456690262538,
0.0220453953326562,0.281468812019816),(45.3456690287632,-0.231954599597952,
0.281443565530647),(45.3456690295905,0.0220453986693014,0.281435242684207),
(45.3456690320999,-0.231954596261306,0.281409996195038),(45.3457442607927,
0.0221206298718827,-0.4754511805022),(45.3457442633021,-0.231879365058725,
-0.475476426991369),(45.3457442641293,0.022120633208528,-0.475484749837808),
(45.3457442666387,-0.23187936172208,-0.475509996326978),(45.3458116120283,
0.022070480397131,0.0290928935750284),(45.3458116145377,-0.231929514533477,
0.0290676470858589),(45.3458221730448,0.0220704799622728,0.0290972696490374),
(45.3458221755542,-0.231929514968335,0.0290720231598679),(45.3459462671498,
0.0220452339741906,0.28309223557244),(45.3459462696592,-0.231954760956417,
0.28306698908327),(45.3460241860139,0.0220452339741906,0.283092243317234),
(45.3460241885233,-0.231954760956417,0.283066996828065),(45.3462016206953,
0.0220958120423592,-0.225763801058254),(45.3462016232047,-0.231904182888249,
-0.225789047547423),(45.3462768552342,0.0221710465815857,-0.98268379358027),
(45.3462768577435,-0.231828948349022,-0.98270904006944),(45.3463810065475,
0.0220452339741906,0.283092278783636),(45.3463810090569,-0.231954760956417,
0.283067032294466),(45.3465053157411,0.0220201520946953,0.535436180299585),
(45.3465053182505,-0.231979842835913,0.535410933810416),(45.3466661124802,
0.0220201520946953,0.535436196282078),(45.3466661149896,-0.231979842835913,
0.535410949792909),(45.3467798589638,0.0220453882043686,0.281540638740322),
(45.3467798614732,-0.231954606726239,0.281515392251153),(45.3467890247021,
0.0220453986693014,0.281435354006826),(45.3467890272115,-0.231954596261306,
0.281410107517657),(45.3468320355914,0.0220452339741906,0.283092323613951),
(45.3468320381008,-0.231954760956417,0.283067077124782),(45.3468510940909,
0.022095790404515,-0.22554604238214),(45.3468510966003,-0.231904204526093,
-0.225571288871309),(45.3468550935027,0.0221206227435952,-0.475379353781694),
(45.3468550960121,-0.231879372187013,-0.475404600270863),(45.346864259241,
0.022120633208528,-0.47548463851519),(45.3468642617504,-0.23187936172208,
-0.475509885004359),(45.3468901189869,0.0220705939064206,0.0279510059894781),
(45.3468901214963,-0.231929401024187,0.0279257595003087),(45.3469379959023,
0.0219952426729249,0.786045048989692),(45.3469379984117,-0.232004752257683,
0.786019802500523),(45.3469379990873,0.0219952458579044,0.786013005532979),
(45.3469380015967,-0.232004749072703,0.785987759043809),(45.3470132304412,
0.0220704772121515,0.0291250564676764),(45.3470132329506,-0.231929517718456,
0.029099809978507),(45.3470132336261,0.022070480397131,0.0290930130109631),
(45.3470132361355,-0.231929514533477,0.0290677665217936),(45.3471608566212,
0.022070480397131,0.0290930276840435),(45.3471608591306,-0.231929514533477,
0.029067781194874),(45.3473304540379,0.0220704751765066,0.0291455682246795),
(45.3473304565473,-0.231929519754101,0.029120321735514),(45.347403280678,
0.0220201520946953,0.535436269553375),(45.3474032831873,-0.231979842835913,
0.535411023064205),(45.3474328595584,0.0220452339741906,0.283092383333228),
(45.3474328620678,-0.231954760956417,0.283067136844058),(45.3474410788024,
0.0220204478786827,0.532460448402417),(45.3474410813118,-0.231979547051925,
0.532435201913248),(45.3478516464404,0.022070680783795,0.0270770452700393),
(45.3478516489498,-0.231929314146813,0.0270517987808698),(45.3479395398184,
0.0220454010959525,0.2814110543005),(45.3479395423278,-0.231954593834655,
0.281385807811331),(45.3480147743573,0.0221206356351791,-0.475508938221516),
(45.3480147768667,-0.231879359295429,-0.475534184710686),(45.3480194424166,
0.02207057611235,0.0281301409062397),(45.348019444926,-0.231929418818258,
0.0281048944170702),(45.3480488286123,0.0219952355446374,0.786116875710199),
(45.3480488311217,-0.23200475938597,0.78609162922104),(45.3480579941989,
0.0219952458579044,0.786013116855597),(45.3480579967083,-0.232004749072703,
0.785987870366428),(45.3481240631511,0.0220704700838639,0.0291968831881827),
(45.3481240656605,-0.231929524846744,0.0291716366990252),(45.3481332287378,
0.022070480397131,0.0290931243335818),(45.3481332312472,-0.231929514533477,
0.0290678778444123),(45.3482631024711,0.0220957433620691,-0.225072617177015),
(45.3482631049805,-0.231904251568539,-0.225097863666184),(45.3482880498851,
0.0220452339741906,0.283092468335408),(45.3482880523945,-0.231954760956417,
0.283067221846239),(45.3483345494929,0.0220201520946953,0.535436362117425),
(45.3483345520023,-0.231979842835913,0.535411115628255),(45.3486757640602,
0.0220705657710843,0.0282342475951615),(45.3486757665696,-0.231929429159524,
0.028209001105992),(45.3487509985991,0.022145800310311,-0.728685744926854),
(45.3487510011085,-0.231854194620297,-0.728710991416024),(45.3489128410221,
0.0220705578794831,0.0283136670178612),(45.3489128435315,-0.231929437051125,
0.0282884205286917),(45.3489400593389,0.0220705569734646,0.028322784997909),
(45.3489400618483,-0.231929437957143,0.0282975385087405),(45.3490564883493,
0.0220705530978822,0.0283617880487578),(45.3490564908587,-0.231929441832726,
0.0283365415595883),(45.3491881558635,0.0220705487150543,0.0284058959109432),
(45.3491881583729,-0.231929446215554,0.0283806494217737),(45.3492085094669,
0.0219952484362212,0.785987291270377),(45.3492085119763,-0.232004746494387,
0.785962044781207),(45.3492631677637,0.0220201520946953,0.535436454418022),
(45.3492631702731,-0.231979842835913,0.535411207928852),(45.3492837440057,
0.0220704829754478,0.0290672987483617),(45.3492837465151,-0.23192951195516,
0.0290420522591922),(45.3493363978644,0.0220707013872236,0.0268699057783571),
(45.3493364003738,-0.231929293543384,0.0268446592891877),(45.3493404139537,
0.0220705436468261,0.0284569014980508),(45.3493404164631,-0.231929451283782,
0.0284316550088814),(45.3494381836285,0.0220704851178423,0.0290457598862562),
(45.3494381861379,-0.231929509812766,0.0290205133970867),(45.34944892713,
0.0220454220272635,0.281200618495871),(45.3494489296394,-0.231954572903344,
0.281175372006703),(45.3495220236745,0.0220705376015677,0.0285177397130883),
(45.3495220261839,-0.23192945732904,0.0284924932239188),(45.3495633453485,
0.0220201527673963,0.535429716339866),(45.3495633478579,-0.231979842163212,
0.535404469850696),(45.3496368180808,0.0220452339741906,0.283092602397072),
(45.3496368205902,-0.231954760956417,0.283067355907902),(45.3497473551703,
0.0220705301009388,0.02859322447201),(45.3497473576797,-0.231929464829669,
0.0285679779828405),(45.3499432078298,0.0220204131113531,0.532810484413372),
(45.3499432103392,-0.231979581819255,0.532785237924203),(45.3499665959296,
0.0220453379928695,0.282046123569624),(45.349966598439,-0.231954656937738,
0.282020877080453),(45.3500339415758,0.0220707110668183,0.0267725905998811),
(45.3500339440852,-0.231929283863789,0.0267473441107117),(45.3500391672308,
0.0220705203873656,0.0286909798388924),(45.3500391697402,-0.231929474543242,
0.0286657333497229),(45.3501091761147,0.0221459456060449,-0.730147401922136),
(45.3501091786241,-0.231854049324563,-0.730172648411305),(45.3503168866245,
0.022095674938233,-0.224384014192979),(45.3503168891338,-0.231904319992375,
-0.224409260682148),(45.3504136830317,0.022020154673012,0.535410628832802),
(45.3504136855411,-0.231979840257596,0.535385382343633),(45.3504409831857,
0.0220705070120833,0.028825585879582),(45.3504409856951,-0.231929487918525,
0.0288003393904126),(45.3505321374122,0.021969999434964,1.0400126913879),
(45.3505321399216,-0.232029995495644,1.03998744489873),(45.3506073719511,
0.0220452339741906,0.283092698865884),(45.3506073744604,-0.231954760956417,
0.283067452376715),(45.3506102685739,0.022070501377066,0.0288822955138487),
(45.3506102694987,-0.0715431966787332,0.0288729907214816),(45.3506102703549,
-0.158202574243968,0.0288643771581713),(45.3506102710833,-0.231929493553542,
0.0288570490246792),(45.3506660890673,0.0220707321273561,0.0265607674770257),
(45.3506660915767,-0.231929262803252,0.0265355209878563),(45.3508501376208,
0.022070738259092,0.0264990955730906),(45.3508501401302,-0.231929256671516,
0.0264738490839211),(45.3510633261397,0.0220201636818873,0.535320056870848),
(45.3510633286491,-0.231979831248721,0.535294810381678),(45.3511499072735,
0.0220453193481439,0.282233822127463),(45.3511499097829,-0.231954675582464,
0.282208575638294),(45.3512251418124,0.0221205538873705,-0.474686170394553),
(45.3512251443218,-0.231879441043237,-0.474711416883722),(45.3513869326115,
0.022045311451412,0.282313293163768),(45.3513869351209,-0.231954683479196,
0.282288046674596),(45.3514009467442,0.0220203645594639,0.533299100377711),
(45.3514009492535,-0.231979630371144,0.533273853888541),(45.3514141794805,
0.0220453105436558,0.28232242862979),(45.3514141819899,-0.231954684386952,
0.282297182140618),(45.3514504692363,0.022095637171815,-0.224003940966732),
(45.3514504717457,-0.231904357758793,-0.224029187455901),(45.3514757711837,
0.0220203620673386,0.533324180599761),(45.3514757736931,-0.231979632863269,
0.533298934110592),(45.3515257037752,0.0221708717110415,-0.980923933488747),
(45.3515257062846,-0.231829123219566,-0.980949179977917),(45.3515305847364,
0.0220453066655003,0.282361457563964),(45.3515305872458,-0.231954688265108,
0.282336211074793),(45.3516621945775,0.0220453022807893,0.28240558436724),
(45.3516621970869,-0.231954692649819,0.282380337878069),(45.3516826526802,
0.0219700020132808,1.03998686580268),(45.3516826551895,-0.232029992917327,
1.03996161931351),(45.3517132109784,0.0220956226560647,-0.223857874723741),
(45.3517132134878,-0.231904372274543,-0.223883121212911),(45.3517209797766,
0.0220956222268602,-0.223853555809036),(45.351720982286,-0.231904372703748,
-0.223878802298206),(45.351757887219,0.0220452365525074,0.283066873280661),
(45.3517578897284,-0.2319547583781,0.283041626791492),(45.3517841851949,
0.0220956187349367,-0.223818417966386),(45.3517841877043,-0.231904376195671,
-0.223843664455556),(45.3517950276956,0.0220203514340856,0.533431191414204),
(45.351795030205,-0.231979643496522,0.533405944925035),(45.3518143330899,
0.0220452972121453,0.282456594125712),(45.3518143355993,-0.231954697718463,
0.282431347636541),(45.3518155130628,0.0220956170041591,-0.223801001837814),
(45.3518155155722,-0.231904377926449,-0.223826248326984),(45.3518170118867,
0.0220707704713404,0.0261751105392615),(45.3518170143961,-0.231929224459267,
0.026149864050092),(45.3519112001076,0.0220452386792718,0.283045491558108),
(45.351911202617,-0.231954756251336,0.283020245068938),(45.3519960649242,
0.0220452911575708,0.282517526080599),(45.3519960674335,-0.231954703773037,
0.282492279591428),(45.3520792948431,0.0220956024309496,-0.223654357405483),
(45.3520792973524,-0.231904392499658,-0.223679603894653),(45.3521070815707,
0.0220956008958102,-0.223638909906045),(45.3521070840801,-0.231904394034798,
-0.223664156395214),(45.3521559959865,0.0220203394115675,0.533552183498447),
(45.3521559984959,-0.23197965551904,0.533526937009277),(45.3522210153827,
0.0220452836631252,0.282592948591158),(45.3522210178921,-0.231954711267483,
0.282567702101987),(45.3523986158261,0.0220955847893537,-0.223476837016323),
(45.3523986183355,-0.231904410141254,-0.223502083505493),(45.3524173510431,
0.0219951666884126,0.786810058945674),(45.3524173535525,-0.232004828242195,
0.786784812456504),(45.3524213947968,0.0220955835308789,-0.223464173483519),
(45.3524213973062,-0.231904411399729,-0.223489419972688),(45.3524925855819,
0.0220704012276392,0.0298900664236579),(45.3524925880913,-0.231929593702969,
0.0298648199344885),(45.3525111363952,0.0220454644922122,0.280773691314408),
(45.3525111389046,-0.231954530438396,0.280748444825238),(45.3525125848745,
0.0220452739492013,0.282690707463135),(45.3525125873839,-0.231954720981407,
0.282665460973965),(45.3525731338914,0.0220203255182474,0.533692002939114),
(45.3525731364007,-0.23197966941236,0.533666756449944),(45.3525863709341,
0.0221206990314388,-0.476146301207608),(45.3525863734435,-0.231879295899169,
-0.476171547696777),(45.3527499438943,0.0220955653794553,-0.223281522900693),
(45.3527499464037,-0.231904429551153,-0.223306769389862),(45.3527648882377,
0.0220955645538219,-0.22327321487899),(45.3527648907471,-0.231904430376786,
-0.22329846136816),(45.3529139890719,0.0220452605760263,0.282825292262454),
(45.3529139915813,-0.231954734354582,0.282800045773284),(45.3529215669189,
0.0220201894508967,0.53506098460321),(45.3529215694283,-0.231979805479711,
0.53503573811404),(45.3530717612293,0.0220203089108158,0.533859136624832),
(45.3530717637387,-0.231979686019792,0.533833890135662),(45.3530832271765,
0.0220452549376925,0.282882035257413),(45.3530832281008,-0.0715111206601848,
0.282872736162648),(45.3530832289582,-0.158293660167614,0.282864110357579),
(45.3530832296859,-0.231954739992915,0.282856788768244),(45.3531367265564,
0.0220454853559966,0.280563847036605),(45.3531367290658,-0.231954509574611,
0.28053860054744),(45.3531469816716,0.022095543447522,-0.223060830540519),
(45.353146984181,-0.231904451483086,-0.223086077029689),(45.3533208795966,
0.0220454914976043,0.280502075825814),(45.353320882106,-0.231954503433004,
0.280476829336649),(45.3534550965399,0.0220708250455405,0.0256262129933401),
(45.3534550990493,-0.231929169885067,0.0256009665041706),(45.3536064491645,
0.022095518059922,-0.222805365187985),(45.3536064516739,-0.231904476870686,
-0.222830611677155),(45.3536885864967,0.0220202883666486,0.534065888787309),
(45.3536885890061,-0.231979706563959,0.53404064229814),(45.3537638210356,
0.0220955229058752,-0.222854103734706),(45.353763823545,-0.231904472024733,
-0.222879350223876),(45.3537785801648,0.0219953118324809,0.785349928132618),
(45.3537785826742,-0.232004683098127,0.785324681643449),(45.3538538147036,
0.0220705463717075,0.0284299356106029),(45.353853817213,-0.2319294485589,
0.0284046891214335),(45.3539246127529,0.0220703910522059,0.0299925818077795),
(45.3539246152623,-0.231929603878402,0.02996733531861),(45.3539998472918,
0.0221456255914325,-0.726927410714236),(45.3539998498012,-0.231854369339175,
-0.726952657203406),(45.3541559700244,0.0220954877004232,-0.222499869582985),
(45.3541559725338,-0.231904507230185,-0.222525116072154),(45.3542874403385,
0.0220455237329498,0.28017785838537),(45.3542874428479,-0.231954471197658,
0.280152611896205),(45.3544042043408,0.0220708566658837,0.0253081812348962),
(45.3544042068502,-0.231929138264724,0.0252829347457267),(45.3544794388797,
0.0221460912051104,-0.731611811287118),(45.3544794413891,-0.231853903725497,
-0.731637057776288),(45.3544886640833,0.0220202617190247,0.534334064849339),
(45.3544886665927,-0.231979733211583,0.534308818360169),(45.3545638986222,
0.0220954962582513,-0.222585927672677),(45.3545639011316,-0.231904498672357,
-0.222611174161847),(45.3548385101401,0.0220954499919807,-0.222120424468502),
(45.3548385126495,-0.231904544938627,-0.222145670957671),(45.3548451962145,
0.0220954496225937,-0.222116707473404),(45.3548451987239,-0.231904545308014,
-0.222141953962573),(45.3549852796085,0.0220202180692718,0.534773265846709),
(45.3549852821179,-0.231979776861336,0.53474801935754),(45.3550605141474,
0.0220954526084984,-0.222146726675307),(45.3550605166567,-0.231904542322109,
-0.222171973164476),(45.3551935822497,0.022020238240809,0.53457034465655),
(45.3551935847591,-0.231979756689799,0.534545098167381),(45.3552688167886,
0.0220954727800355,-0.222349647865465),(45.355268819298,-0.231904522150572,
-0.222374894354634),(45.3553427414899,0.0220202299908269,0.534653360939303),
(45.3553427415673,0.0141921609967376,0.534652582863464),(45.3553427437941,
-0.2112040546889,0.534630179464914),(45.3553427439993,-0.231979764939781,
0.534628114450133),(45.3554179760288,0.0220954645300535,-0.222266631582713),
(45.3554179761061,0.0142673955359642,-0.222267409658551),(45.3554179783329,
-0.211128820149673,-0.222289813057102),(45.3554179785382,-0.231904530400554,
-0.222291878071883),(45.3556273676538,0.0220702968196479,0.0309408064086731),
(45.3556273685367,-0.0672924757513257,0.0309319241397168),(45.355627369152,
-0.129582626701857,0.0309257327710054),(45.3556273701632,-0.23192969811096,
0.0309155599195037),(45.3559256823765,0.0220455783692449,0.279628336128386),
(45.3559256848859,-0.231954416561363,0.279603089639222),(45.3562527233781,
0.0219700654095405,1.03934950266492),(45.3562527258874,-0.232029929521067,
1.03932425617575),(45.3562902897164,0.022095369785198,-0.221313335398008),
(45.3562902922258,-0.23190462514541,-0.221338581887178),(45.3563279579169,
0.0220452999487671,0.282429510142904),(45.3563279604263,-0.231954694981841,
0.282404263653735),(45.3563655242553,0.0221706043244246,-0.978233327920026),
(45.3563655267647,-0.231829390606183,-0.978258574409196),(45.3563863179694,
0.0220702548184007,0.0313634481874292),(45.3563863204788,-0.231929740112207,
0.0313382016982598),(45.3563987558145,0.0220451444775997,0.283993682218976),
(45.3563987583239,-0.231954850453008,0.283968435729806),(45.3564739903534,
0.0221203790168264,-0.47292631030304),(45.3564739928628,-0.231879615913781,
-0.47295155679221),(45.3568813993119,0.0220456102429433,0.279307756070529),
(45.3568814018213,-0.231954384687665,0.27928250958136),(45.3569566338507,
0.0221208447821699,-0.477612236451486),(45.3569566363601,-0.231879150148438,
-0.477637482940655),(45.3572005184815,0.0220952946010496,-0.220556831897808),
(45.3572005209909,-0.231904700329558,-0.220582078386978),(45.3576409651746,
0.0220952582205145,-0.220190770663763),(45.357640967684,-0.231904736710093,
-0.220216017152933),(45.357667725463,0.0219949918178685,0.788569919188852),
(45.3576677279724,-0.232005003112739,0.788544672699682),(45.3577429600018,
0.0220702263570951,0.0316499266668365),(45.3577429625112,-0.231929768573513,
0.031624680177667),(45.3581488430814,0.021995457583212,0.783883992888741),
(45.3581488455908,-0.232004537347396,0.783858746399572),(45.3582240776203,
0.0220706921224386,0.0269640003667259),(45.3582240801297,-0.231929302808169,
0.0269387538775564),(45.3584357996431,0.022071079917784,0.0230624882078497),
(45.3584358021525,-0.231928915012824,0.0230372417186802),(45.358511034182,
0.0221463144570106,-0.733857504314167),(45.3585110366913,-0.231853680473597,
-0.733882750803337),(45.358764432778,0.0220701232105919,0.0326877650131657),
(45.3587644352874,-0.231929871720016,0.0326625185239963),(45.3588396673169,
0.0221453577498185,-0.72423222750885),(45.3588396698263,-0.231854637180789,
-0.724257473998019),(45.3593555425251,0.0220203638200028,0.533307330602831),
(45.3593555450345,-0.231979631110605,0.533282084113661),(45.359430777064,
0.0220955983592295,-0.223612661919185),(45.3594307795734,-0.231904396571378,
-0.223637908408354),(45.3596752556492,0.0220700480422324,0.0334441097233602),
(45.3596752581586,-0.231929946888375,0.0334188632341907),(45.3600334024265,
0.0220199705508606,0.537264001983052),(45.3600334049359,-0.231980024379747,
0.537238755493883),(45.3601086369653,0.0220952050900872,-0.219655990538963),
(45.3601086394747,-0.231904789840521,-0.219681237028133),(45.3605501917372,
0.02209501792079,-0.217772872919868),(45.3605501942466,-0.231904977009818,
-0.217798119409037),(45.3606229862947,0.0219702111602715,1.03788356742105),
(45.3606229888041,-0.232029783770336,1.03785832093188),(45.3606254262761,
0.0221702524600166,-0.974692865441885),(45.3606254287855,-0.231829742470591,
-0.974718111931054),(45.3606423593038,0.0220950068946174,-0.217661931589797),
(45.3606423618131,-0.23190498803599,-0.217687178078966),(45.3606982208336,
0.0220454456994982,0.280963574899037),(45.360698223343,-0.23195454923111,
0.280938328409867),(45.3607607928825,0.0220949927261941,-0.217519374080186),
(45.3607607953919,-0.231905002204414,-0.217544620569355),(45.3609099427047,
0.0220458333431778,0.277063588619045),(45.3609099452141,-0.23195416158743,
0.277038342129876),(45.3609851772436,0.0221210678824044,-0.479856403902971),
(45.360985179753,-0.231878927048203,-0.47988165039214),(45.3612385758396,
0.0220448766359857,0.286688865424362),(45.361238578349,-0.231955118294622,
0.286663618935192),(45.3613138103785,0.0221201111752123,-0.470231127097654),
(45.3613138128879,-0.231879883755396,-0.470256373586823),(45.3619852869796,
0.0220713729359031,0.0201148429644965),(45.361985289489,-0.231928621994705,
0.020089596475327),(45.3620605215185,0.0221466074751296,-0.73680514955752),
(45.3620605240279,-0.231853387455478,-0.73683039604669),(45.3620681077619,
0.0220713828310264,0.0200152982939493),(45.3620681102713,-0.231928612099581,
0.0199900518047798),(45.3621789123532,0.0219956806834466,0.781639825588921),
(45.3621789148625,-0.232004314247161,0.781614579099752),(45.362254146892,
0.0220709152226732,0.0247198330669056),(45.3622541494014,-0.231929079707935,
0.0246945865777361),(45.3625075454881,0.0219947239762545,0.791265102394248),
(45.3625075479975,-0.232005270954353,0.791239855905079),(45.3625827800269,
0.022069958515481,0.0343451098722317),(45.3625827825363,-0.231930036415127,
0.0343198633830623),(45.3630243351022,0.0220697716495152,0.0362251757335263),
(45.3630243376115,-0.231930223281093,0.0361999292443568),(45.363099569641,
0.0221450061887419,-0.720694816788488),(45.3630995721504,-0.231854988741866,
-0.720720063277658),(45.3631192807345,0.0220697602950662,0.0363394200635482),
(45.3631192832439,-0.231930234635542,0.0363141735743787),(45.3633789015505,
0.0220946795171192,-0.214367978542635),(45.3633789040599,-0.231905315413489,
-0.214393225031804),(45.363384085918,0.0220205869202374,0.531063163151347),
(45.3633840884274,-0.23197940801037,0.531037916662177),(45.3634593204568,
0.022095821459464,-0.225856829370669),(45.3634593229662,-0.231904173471144,
-0.225882075859838),(45.3635584952457,0.0220946580320006,-0.214151803111735),
(45.363558497755,-0.231905336898607,-0.214177049600905),(45.3640898073316,
0.0220945944701748,-0.213512267191309),(45.364089809841,-0.231905400460433,
-0.213537513680479),(45.3641650418705,0.0221698290094014,-0.970432259713326),
(45.3641650443799,-0.231830165921206,-0.970457506202495),(45.3642917788717,
0.0220196189897839,0.540801412551749),(45.3642917813811,-0.231980375940824,
0.540776166062579),(45.3643670134106,0.0220948535290106,-0.216118579970267),
(45.36436701592,-0.231905141401597,-0.216143826459437),(45.3644594300412,
0.0220461263612969,0.274115943375692),(45.3644594325506,-0.231953868569311,
0.274090696886522),(45.3645346645801,0.0221213609005236,-0.482804049146324),
(45.3645346670895,-0.231878634030084,-0.482829295635493),(45.3645438428617,
0.0220461364509685,0.274014441552475),(45.3645438453711,-0.231953858479639,
0.2739891950633),(45.3646530555664,0.0219704342605062,1.03563940012122),
(45.3646530580758,-0.232029560670102,1.03561415363205),(45.3647282901053,
0.0220456687997327,0.278719407599207),(45.3647282926147,-0.231954326130875,
0.278694161110038),(45.3649366893925,0.0220717255586395,0.016567467863965),
(45.3649366919019,-0.231928269371968,0.0165422213747955),(45.3650119239313,
0.0221469600978661,-0.74035252465805),(45.3650119264407,-0.231853034832742,
-0.74037777114722),(45.3654984781638,0.0220445250749091,0.290226276144724),
(45.3654984806732,-0.231955469855699,0.290201029655555),(45.3655737127026,
0.0221197596141357,-0.466693716377292),(45.365573715212,-0.231880235316472,
-0.466718962866462),(45.3657215716695,0.0220718653659155,0.0151609721903408),
(45.3657215741789,-0.231928129564692,0.0151357257011714),(45.3657283996897,
0.0219959737015656,0.778692180345579),(45.3657284021991,-0.232004021229042,
0.77866693385641),(45.3658036342285,0.0220712082407923,0.0217721878235635),
(45.3658036367379,-0.231928786689816,0.021746941334394),(45.3658961006117,
0.0220942719173058,-0.210266946257739),(45.3658961031211,-0.231905723013302,
-0.210292192746909),(45.3659384765465,0.0220942643501629,-0.210190810499683),
(45.3659384790559,-0.231905730580445,-0.210216056988853),(45.3660374853627,
0.0220694113100232,0.0398507804543722),(45.3660374878721,-0.231930583620585,
0.0398255339652027),(45.3660543013159,0.0220942436671365,-0.209982711099192),
(45.3660543038253,-0.231905751263471,-0.210007957588361),(45.3665639508482,
0.0220693483505657,0.0404842555832102),(45.3665639533576,-0.231930646580042,
0.0404590090940408),(45.3666391853871,0.0221445828897924,-0.716435736938804),
(45.3666391878965,-0.231855412040815,-0.716460983427974),(45.3667674478122,
0.0219943724151779,0.7948025131146),(45.3667674503216,-0.23200562251543,
0.794777266625431),(45.3667779259292,0.0220941144482562,-0.208682593265791),
(45.3667779284386,-0.231905880482352,-0.20870783975496),(45.3668426823511,
0.0220696069544044,0.0378825205925842),(45.3668426848605,-0.231930387976203,
0.0378572741034148),(45.3668531604681,0.0221693489874828,-0.965602585787806),
(45.3668531629775,-0.231830645943125,-0.965627832276976),(45.3669366248606,
0.0220208797866907,0.52811704409022),(45.36693662737,-0.231979115143917,
0.528091797601051),(45.3670118593995,0.0220961143259174,-0.228802948431796),
(45.3670118619089,-0.23190388060469,-0.228828194920965),(45.3671862355899,
0.0220721262594007,0.0125363193887146),(45.3671862380993,-0.231927868671207,
0.0125110728995451),(45.3672614701288,0.0221473607986273,-0.744383673133301),
(45.3672614726382,-0.231852634131981,-0.74440891962247),(45.3674108326057,
0.0220464791356991,0.270567042396276),(45.3674108351151,-0.231953515794909,
0.270541795907106),(45.3674860671446,0.0221217136749257,-0.486352950125739),
(45.367486069654,-0.231878281255682,-0.486378196614909),(45.3678313946178,
0.0220191956908345,0.545060492401422),(45.3678313971272,-0.231980799239773,
0.545035245912253),(45.3678511267503,0.0220937962807078,-0.205481465053665),
(45.3678511292596,-0.2319061986499,-0.205506711542835),(45.3679066291566,
0.0220944302300611,-0.211859500120594),(45.367906631666,-0.231905564700547,
-0.211884746609763),(45.3679144929702,0.0220937774947785,-0.205292457189994),
(45.3679144954796,-0.231906217435829,-0.205317703679163),(45.3679886552992,
0.0220723648766814,0.0101357173062584),(45.3679886578086,-0.231927630053926,
0.0101104708170889),(45.3681946119067,0.0220466187465072,0.269162523237085),
(45.368194614416,-0.231953376184101,0.269137276747912),(45.3682040686302,
0.0219707271269595,1.03269328090843),(45.3682040711396,-0.232029267803648,
1.03266803441926),(45.368279303169,0.0220459616661861,0.275773288386414),
(45.3682793056784,-0.231954033264422,0.275748041897244),(45.368437508953,
0.022072498353261,0.00879288013094469),(45.3684375114624,-0.231927496577347,
0.00876763364177522),(45.3685264879581,0.0220689973432316,0.0440158668609719),
(45.3685264904675,-0.231930997587376,0.0439906203718025),(45.3685364951188,
0.0220725277889907,0.00849674284374201),(45.3685364976282,-0.231927467141617,
0.00847149635457255),(45.3685382682967,0.0220935925666061,-0.203431868979055),
(45.3685382708061,-0.231906402364002,-0.203457115468224),(45.3686135028356,
0.0221688271058328,-0.96035186150107),(45.368613505345,-0.231831167824775,
-0.960377107990239),(45.3686424921361,0.0220725593095525,0.00817963116587824),
(45.3686424946455,-0.231927435621055,0.00815438467670878),(45.3686484624004,
0.0220725610849429,0.00816176990344848),(45.3686484649098,-0.231927433845665,
0.00813652341427901),(45.3686798021025,0.0219963263243021,0.775144805245037),
(45.3686798046119,-0.232003668606306,0.775119558755867),(45.3687236969393,
0.0221477956241695,-0.748758222618567),(45.3687236994487,-0.231852199306438,
-0.748783469107737),(45.3687550366414,0.0220715608635288,0.0182248127230211),
(45.3687550391508,-0.231928434067079,0.0181995662338516),(45.3689615285165,
0.022093288395088,-0.200371616692846),(45.3689615310259,-0.23190670653552,
-0.200396863182016),(45.368979711959,0.0220932753277478,-0.200240146928312),
(45.3689797144684,-0.23190671960286,-0.200265393417482),(45.3690380940615,
0.0220441019276253,0.294483830115512),(45.3690380965709,-0.231955893002982,
0.294458583626342),(45.3691133286004,0.0221193364668519,-0.462436162406503),
(45.3691133311098,-0.231880658463756,-0.462461408895673),(45.3691618129719,
0.0220931444627645,-0.198923521800605),(45.3691618154813,-0.231906850467843,
-0.198948768289764),(45.3691657154815,0.022093141658267,-0.198895305910431),
(45.3691657179909,-0.231906853272341,-0.198920552399591),(45.3692520686875,
0.0220688675703186,0.0453215589031851),(45.3692520711969,-0.231931127360289,
0.0452963124140156),(45.3692867338672,0.022073015172028,0.00359335189953139),
(45.3692867363766,-0.23192697975858,0.00356810541036192),(45.3692976102951,
0.0220930468734424,-0.197941681199088),(45.3692976128045,-0.231906948057165,
-0.197966927688258),(45.3693173661044,0.022073129831292,0.00243979049111389),
(45.3693173686138,-0.231926865099316,0.00241454400194442),(45.3693174339955,
0.0220731977223746,0.00175675158087096),(45.3693174365049,-0.231926797208233,
0.00173150509170149),(45.3693273032264,0.0221441021095452,-0.71159843361883),
(45.3693273057358,-0.231855892821063,-0.711623680108),(45.3693360427903,
0.0220918065172402,-0.185462695967181),(45.3693360452997,-0.231908188413368,
-0.185487942456342),(45.3693367783346,0.022092542061587,-0.192862863857926),
(45.369336780844,-0.231907452869021,-0.192888110347086),(45.3693371460407,
0.0220929097676558,-0.196562282738158),(45.3693371485501,-0.231907085162952,
-0.196587529227327),(45.369361968406,0.0221482497112547,-0.753326640622483),
(45.3693619709154,-0.231851745219353,-0.753351887111653),(45.369372844834,
0.022168281412669,-0.954861673721104),(45.3693728473433,-0.231831713517939,
-0.954886920210274),(45.3693926006433,0.0221483643705186,-0.754480202030903),
(45.3693926031527,-0.231851630560089,-0.754505448520072),(45.3694123805795,
0.0221681443068824,-0.953482275260173),(45.3694123830889,-0.231831850623725,
-0.953507521749343),(45.3696603788032,0.0220468798364603,0.266535893921016),
(45.3696603813126,-0.231953115094148,0.266510647431847),(45.3697356133421,
0.0221221143756869,-0.490384098601),(45.3697356158514,-0.231877880554921,
-0.490409345090169),(45.3698849756674,0.022021232561093,0.524568142807463),
(45.3698849781767,-0.231978762369515,0.524542896318294),(45.3699602102062,
0.0220964671003195,-0.232351849714552),(45.3699602127156,-0.231903527830288,
-0.232377096203722),(45.3703070635583,0.0219939491162283,0.799061592964285),
(45.3703070660677,-0.23200604581438,0.799036346475115),(45.3703822980971,
0.022069183655455,0.0421416004422693),(45.3703823006065,-0.231930811275153,
0.0421163539530998),(45.3703875018788,0.0220685310508432,0.0487073284538565),
(45.3703875043882,-0.231931463879765,0.048682081964687),(45.3704626406884,
0.0220471183236206,0.264136600937701),(45.3704626431978,-0.231952876606987,
0.264111354448529),(45.370521038336,0.0220187149105874,0.549897795873062),
(45.3705210408454,-0.23198128002002,0.549872549383892),(45.3705962728748,
0.0220939494498139,-0.207022196648954),(45.3705962753842,-0.231906045480794,
-0.207047443138124),(45.37091230784,0.0220472519954851,0.262791799119783),
(45.3709123103494,-0.231952742935123,0.26276655263061),(45.3709293483,0.0219967270250633,
0.771113656769788),(45.3709293508094,-0.232003267905545,0.771088410280619),
(45.3710045828389,0.0220719615642899,0.0141936642477727),(45.3710045853482,
-0.231928033366318,0.0141684177586032),(45.3710124112066,0.0220683458403343,
0.0505707573110373),(45.371012413716,-0.231931649090274,0.0505455108218678),
(45.3710876457455,0.0221435803795609,-0.706349235210979),(45.3710876482549,
-0.231856414551047,-0.706374481700148),(45.371122605462,0.0220473145103367,
0.262162870314645),(45.3711226079714,-0.231952680420271,0.262137623825476),
(45.3711539453158,0.0219710799013617,1.02914437977735),(45.3711539478252,
-0.232028915029246,1.02911913328818),(45.3711978400009,0.0221225490495633,
-0.494757122207371),(45.3711978425103,-0.231877445881045,-0.494782368696541),
(45.3712291798547,0.0220463144405883,0.272224387255334),(45.371229182364,
-0.23195368049002,0.272199140766164),(45.3714540440593,0.0220680289068761,
0.0537594068087904),(45.3714540465687,-0.231931966023732,0.0537341603196209),
(45.3716405620607,0.0220678950540732,0.0551060922459425),(45.3716405645701,
-0.231932099876535,0.055080845756773),(45.3717292636586,0.0220436211473782,
0.299321133738817),(45.371729266168,-0.23195637378323,0.299295887249647),
(45.3717608769288,0.0220477685974219,0.257594452310729),(45.3717608794382,
-0.231952226333186,0.257569205821559),(45.3717717539634,0.022067800905499,
0.0560533156965482),(45.3717717564728,-0.231932194025109,0.0560280692073788),
(45.3717915094694,0.0220478835600173,0.256437839144529),(45.3717915119787,
-0.231952111370591,0.25641259265536),(45.3717915772053,0.0220479512959539,
0.255756361126979),(45.3717915797147,-0.231952043634654,0.25573111463781),
(45.3718044981974,0.0221188556866048,-0.457598858783198),(45.3718045007068,
-0.231881139244003,-0.457624105272368),(45.3718101858297,0.0220665599204303,
0.0685386278322638),(45.3718101883391,-0.231933435010178,0.0685133813430943),
(45.3718109213914,0.0220672954821781,0.0611382848724934),(45.3718109239008,
-0.23193269944843,0.0611130383833239),(45.3718112891023,0.0220676631930496,
0.0574388176730382),(45.3718112916117,-0.231932331737558,0.0574135711838687),
(45.3718361114676,0.0221230031366485,-0.499325540211287),(45.371836113977,
-0.231876991793959,-0.499350786700456),(45.3718469885022,0.0221430354447256,
-0.700866676825467),(45.3718469910116,-0.231856959485882,-0.700891923314637),
(45.3718667440082,0.0221231180992439,-0.500482153377486),(45.3718667465176,
-0.231876876831364,-0.500507399866656),(45.3718865236411,0.0221428977322763,
-0.699481174848977),(45.3718865261505,-0.231857097198332,-0.699506421338147),
(45.3721375736226,0.0220216332618542,0.520536994635543),(45.372137576132,
-0.231978361668754,0.520511748146374),(45.3722128081615,0.0220968678010807,
-0.236382997886472),(45.3722128106709,-0.231903127129527,-0.236408244375642),
(45.3722813808551,0.0220181931806031,0.555146994280915),(45.3722813833645,
-0.231981801750005,0.555121747791745),(45.372356615394,0.0220934277198296,
-0.201772998241101),(45.3723566179033,-0.231906567210778,-0.20179824473027),
(45.3723900492316,0.0219971618506055,0.766739107132856),(45.372390051741,
-0.232002833080002,0.766713860643687),(45.3724652837705,0.022072396389832,
0.00981911461084084),(45.3724652862798,-0.231927598540776,0.00979386812167138),
(45.3729967072765,0.0219934683359812,0.803898896435924),(45.3729967097859,
-0.232006526594627,0.803873649946755),(45.3730298465772,0.0219976159376907,
0.762170689280605),(45.3730298490866,-0.232002378992917,0.762145442791436),
(45.3730407234602,0.022017648094102,0.560631078545309),(45.3730407259696,
-0.231982346836506,0.560605832056139),(45.3730604789661,0.0219977307486203,
0.761015601993301),(45.3730604814755,-0.232002264181988,0.760990355504131),
(45.3730719418153,0.0220687028752078,0.0469789039139088),(45.3730719443247,
-0.2319312920554,0.0469536574247393),(45.3730802587507,0.0220175105333184,
0.562015054642914),(45.3730802612601,-0.231982484397289,0.561989808153755),
(45.3731050811161,0.0220728504769173,0.0052506967585895),(45.3731050836255,
-0.231927144453691,0.00522545026942003),(45.373115957999,0.0220928826333286,
-0.196288913976707),(45.3731159605084,-0.231907112297279,-0.196314160465876),
(45.373135713505,0.0220729652878469,0.00409560947128495),(45.3731357160144,
-0.231927029642761,0.00407036298211549),(45.3731554932896,0.022092745072545,
-0.194904937879101),(45.373155495799,-0.231907249858063,-0.194930184368261),
(45.3734050173922,0.0219714806021229,1.02511323145376),(45.3734050199016,
-0.232028514328485,1.02508798496459),(45.373480251931,0.0220467151413495,
0.26819323893174),(45.3734802544404,-0.231953279789258,0.268167992442571),
(45.3734865544199,0.0220430994173939,0.304570331843338),(45.3734865569293,
-0.231956895513214,0.304545085354169),(45.3735617889588,0.0221183339566205,
-0.452349660678677),(45.3735617914682,-0.231881660973987,-0.452374907167847),
(45.3735967485237,0.0220220679357306,0.516163970725841),(45.373596751033,
-0.231977926994877,0.516138724236672),(45.3736719830625,0.0220973024749571,
-0.240756021796175),(45.3736719855719,-0.231902692455651,-0.240781268285345),
(45.3742380718999,0.0220225221744814,0.511594027146361),(45.3742380744092,
-0.231977472756126,0.511568780657192),(45.374245897025,0.0220425543308929,
0.310054416107734),(45.3742458995344,-0.231957440599715,0.310029169618564),
(45.374265652531,0.0220226369854111,0.510438939555725),(45.3742656550404,
-0.231977357945197,0.510413693066556),(45.3742854321639,0.0220424166184435,
0.311439918084235),(45.3742854346733,-0.231957578312164,0.311414671595066),
(45.3743133064387,0.022097756713708,-0.245325965375655),(45.3743133089481,
-0.2319022382169,-0.245351211864824),(45.3743211315638,0.0221177888701195,
-0.446865576414281),(45.3743211340732,-0.231882206060488,-0.446890822903451),
(45.3743408870698,0.0220978715246377,-0.24648105296629),(45.3743408895792,
-0.23190212340597,-0.24650629945546),(45.3743606667028,0.0221176511576701,
-0.445480074437781),(45.3743606692122,-0.231882343772938,-0.445505320926951),
(45.3747555239167,0.0219929466059969,0.80914809469211),(45.3747555264261,
-0.232007048324611,0.809122848202941),(45.3748307584556,0.0220681811452236,
0.0522281021700952),(45.374830760965,-0.231931813785384,0.0522028556809257),
(45.3748641922932,0.0219719152759993,1.02074020754405),(45.3748641948026,
-0.232028079654609,1.02071496105488),(45.3749394268321,0.022047149815226,
0.263820215022036),(45.3749394293415,-0.231952845115382,0.263794968532866),
(45.3755055156694,0.0219723695147502,1.01617026396457),(45.3755055181788,
-0.232027625415858,1.0161450174754),(45.3755148666734,0.0219924016711616,
0.814630653077621),(45.3755148691828,-0.232007593259446,0.814605406588452),
(45.3755346221794,0.0219724843256799,1.0150151765256),(45.3755346246888,
-0.232027510604928,1.01498993003643),(45.3755544018124,0.0219922639587123,
0.816016155054112),(45.3755544043217,-0.232007730971896,0.815990908564942),
(45.3755807502083,0.0220476040539768,0.259250271442556),(45.3755807527177,
-0.231952390876631,0.259225024953387),(45.3755901012123,0.0220676362103882,
0.0577106605556064),(45.3755901037217,-0.23193235872022,0.0576854140664369),
(45.3756098567183,0.0220477188649064,0.258095184003587),(45.3756098592277,
-0.231952276065701,0.258069937514418),(45.3756296363512,0.0220674984979389,
0.0590961625320963),(45.3756296388606,-0.231932496432669,0.0590709160429268)));
#1333=COORDINATES_LIST('',8,((46.3701728040282,0.12285997121692,0.0983441203022946),
(46.3701728040282,0.12285997121692,0.181947216310596),(46.3701728040282,
0.17285997121692,0.0983441203022946),(46.3701728040282,0.17285997121692,
0.181947216310596),(46.4989257031981,0.12285997121692,0.0983441203022946),
(46.4989257031981,0.12285997121692,0.181947216310596),(46.4989257031981,
0.17285997121692,0.0983441203022946),(46.4989257031981,0.17285997121692,
0.181947216310596)));
#1334=COORDINATES_LIST('',8,((46.3701728040282,0.12285997121692,-0.155791679105664),
(46.3701728040282,0.12285997121692,0.0983441203022946),(46.3701728040282,
0.19285966604114,-0.155791679105664),(46.3701728040282,0.19285966604114,
0.0983441203022946),(46.4989257031981,0.12285997121692,-0.155791679105664),
(46.4989257031981,0.12285997121692,0.0983441203022946),(46.4989257031981,
0.19285966604114,-0.155791679105664),(46.4989257031981,0.19285966604114,
0.0983441203022946)));
#1335=COORDINATES_LIST('',8,((46.3701728040282,0.12285997121692,-0.255791679105664),
(46.3701728040282,0.12285997121692,-0.155791679105664),(46.3701728040282,
0.17285997121692,-0.255791679105664),(46.3701728040282,0.17285997121692,
-0.155791679105664),(46.4989257031981,0.12285997121692,-0.255791679105664),
(46.4989257031981,0.12285997121692,-0.155791679105664),(46.4989257031981,
0.17285997121692,-0.255791679105664),(46.4989257031981,0.17285997121692,
-0.155791679105664)));
#1336=COORDINATES_LIST('',8,((46.2118712598387,0.12285997121692,-0.501905074796582),
(46.2118712598387,0.12285997121692,-0.455791679105665),(46.2118712598388,
0.17285997121692,-0.501905074796582),(46.2118712598388,0.17285997121692,
-0.455791679105665),(46.2701728040282,0.12285997121692,-0.501905074796582),
(46.2701728040282,0.12285997121692,-0.455791679105665),(46.2701728040282,
0.17285997121692,-0.501905074796582),(46.2701728040282,0.17285997121692,
-0.455791679105665)));
#1337=COORDINATES_LIST('',8,((46.2118712598387,0.12285997121692,-0.583756271085645),
(46.2118712598387,0.12285997121692,-0.519773975095655),(46.2118712598388,
0.17285997121692,-0.583756271085645),(46.2118712598388,0.17285997121692,
-0.519773975095655),(46.2701728040282,0.12285997121692,-0.583756271085645),
(46.2701728040282,0.12285997121692,-0.519773975095655),(46.2701728040282,
0.17285997121692,-0.583756271085645),(46.2701728040282,0.17285997121692,
-0.519773975095655)));
#1338=COORDINATES_LIST('',8,((46.109312360913,0.12285997121692,-0.728335967740918),
(46.109312360913,0.12285997121692,-0.675482001981641),(46.109312360913,
0.17285997121692,-0.728335967740918),(46.109312360913,0.17285997121692,
-0.675482001981641),(46.1936835462157,0.12285997121692,-0.728335967740918),
(46.1936835462157,0.12285997121692,-0.675482001981641),(46.1936835462157,
0.17285997121692,-0.728335967740918),(46.1936835462157,0.17285997121692,
-0.675482001981641)));
#1339=COORDINATES_LIST('',8,((46.109312360913,0.12285997121692,-0.833072105131055),
(46.109312360913,0.12285997121692,-0.728335967740918),(46.109312360913,
0.19285966604114,-0.833072105131055),(46.109312360913,0.19285966604114,
-0.728335967740918),(46.1936835462157,0.12285997121692,-0.833072105131055),
(46.1936835462157,0.12285997121692,-0.728335967740918),(46.1936835462157,
0.19285966604114,-0.833072105131055),(46.1936835462157,0.19285966604114,
-0.728335967740918)));
#1340=COORDINATES_LIST('',8,((46.109312360913,0.12285997121692,-0.914533439359571),
(46.109312360913,0.12285997121692,-0.833072105131055),(46.109312360913,
0.17285997121692,-0.914533439359571),(46.109312360913,0.17285997121692,
-0.833072105131055),(46.1936835462157,0.12285997121692,-0.914533439359571),
(46.1936835462157,0.12285997121692,-0.833072105131055),(46.1936835462157,
0.17285997121692,-0.914533439359571),(46.1936835462157,0.17285997121692,
-0.833072105131055)));
#1341=COORDINATES_LIST('',8,((46.0729163343016,0.12285997121692,0.494208320894336),
(46.0729163343016,0.12285997121692,0.572897896089648),(46.0729163343016,
0.17285997121692,0.494208320894336),(46.0729163343016,0.17285997121692,
0.572897896089648),(46.118515699536,0.12285997121692,0.494208320894336),
(46.118515699536,0.12285997121692,0.572897896089648),(46.118515699536,0.17285997121692,
0.494208320894336),(46.118515699536,0.17285997121692,0.572897896089648)));
#1342=COORDINATES_LIST('',8,((46.0701728040282,0.12285997121692,0.644208320894336),
(46.0701728040282,0.12285997121692,0.744208320894336),(46.0701728040282,
0.17285997121692,0.644208320894336),(46.0701728040282,0.17285997121692,
0.744208320894336),(46.1201728040282,0.12285997121692,0.644208320894336),
(46.1201728040282,0.12285997121692,0.744208320894336),(46.1201728040282,
0.17285997121692,0.644208320894336),(46.1201728040282,0.17285997121692,
0.744208320894336)));
#1343=COORDINATES_LIST('',8,((46.0231581861083,0.12285997121692,-0.501905074796582),
(46.0231581861083,0.12285997121692,-0.455791679105665),(46.0231581861083,
0.19285966604114,-0.501905074796582),(46.0231581861083,0.19285966604114,
-0.455791679105665),(46.2118712598387,0.12285997121692,-0.501905074796582),
(46.2118712598387,0.12285997121692,-0.455791679105665),(46.2118712598388,
0.19285966604114,-0.501905074796582),(46.2118712598388,0.19285966604114,
-0.455791679105665)));
#1344=COORDINATES_LIST('',8,((46.0231581861083,0.12285997121692,-0.583756271085645),
(46.0231581861083,0.12285997121692,-0.519773975095655),(46.0231581861083,
0.19285966604114,-0.583756271085645),(46.0231581861083,0.19285966604114,
-0.519773975095655),(46.2118712598387,0.12285997121692,-0.583756271085645),
(46.2118712598387,0.12285997121692,-0.519773975095655),(46.2118712598388,
0.19285966604114,-0.583756271085645),(46.2118712598388,0.19285966604114,
-0.519773975095655)));
#1345=COORDINATES_LIST('',8,((45.9939665967528,0.12285997121692,-0.705791679105665),
(45.9939665967528,0.12285997121692,-0.668934264860059),(45.9939665967528,
0.17285997121692,-0.705791679105665),(45.9939665967528,0.17285997121692,
-0.668934264860059),(46.0446257764403,0.12285997121692,-0.705791679105664),
(46.0446257764403,0.12285997121692,-0.668934264860059),(46.0446257764403,
0.17285997121692,-0.705791679105664),(46.0446257764403,0.17285997121692,
-0.668934264860059)));
#1346=COORDINATES_LIST('',8,((45.9939665967528,0.12285997121692,-0.906603446683789),
(45.9939665967528,0.12285997121692,-0.876732459745313),(45.9939665967528,
0.17285997121692,-0.906603446683789),(45.9939665967528,0.17285997121692,
-0.876732459745313),(46.0446257764403,0.12285997121692,-0.906603446683789),
(46.0446257764403,0.12285997121692,-0.876732459745313),(46.0446257764403,
0.17285997121692,-0.906603446683789),(46.0446257764403,0.17285997121692,
-0.876732459745313)));
#1347=COORDINATES_LIST('',8,((45.9701728040282,0.12285997121692,0.644208320894336),
(45.9701728040282,0.12285997121692,0.744208320894336),(45.9701728040282,
0.19285966604114,0.644208320894336),(45.9701728040282,0.19285966604114,
0.744208320894336),(46.0701728040282,0.12285997121692,0.644208320894336),
(46.0701728040282,0.12285997121692,0.744208320894336),(46.0701728040282,
0.19285966604114,0.644208320894336),(46.0701728040282,0.19285966604114,
0.744208320894336)));
#1348=COORDINATES_LIST('',8,((45.9701728040282,0.12285997121692,0.494208320894336),
(45.9701728040282,0.12285997121692,0.572897896089648),(45.9701728040282,
0.19285966604114,0.494208320894336),(45.9701728040282,0.19285966604114,
0.572897896089648),(46.0729163343016,0.12285997121692,0.494208320894336),
(46.0729163343016,0.12285997121692,0.572897896089648),(46.0729163343016,
0.19285966604114,0.494208320894336),(46.0729163343016,0.19285966604114,
0.572897896089648)));
#1349=COORDINATES_LIST('',8,((45.9335189038817,0.12285997121692,-0.501905074796582),
(45.9335189038817,0.12285997121692,-0.455791679105665),(45.9335189038817,
0.17285997121692,-0.501905074796582),(45.9335189038817,0.17285997121692,
-0.455791679105665),(46.0231581861083,0.12285997121692,-0.501905074796582),
(46.0231581861083,0.12285997121692,-0.455791679105665),(46.0231581861083,
0.17285997121692,-0.501905074796582),(46.0231581861083,0.17285997121692,
-0.455791679105665)));
#1350=COORDINATES_LIST('',8,((45.9335189038817,0.12285997121692,-0.583756271085645),
(45.9335189038817,0.12285997121692,-0.519773975095655),(45.9335189038817,
0.17285997121692,-0.583756271085645),(45.9335189038817,0.17285997121692,
-0.519773975095655),(46.0231581861083,0.12285997121692,-0.583756271085645),
(46.0231581861083,0.12285997121692,-0.519773975095655),(46.0231581861083,
0.17285997121692,-0.583756271085645),(46.0231581861083,0.17285997121692,
-0.519773975095655)));
#1351=COORDINATES_LIST('',8,((45.926661604077,0.12285997121692,0.644208320894336),
(45.926661604077,0.12285997121692,0.744208320894336),(45.926661604077,0.17285997121692,
0.644208320894336),(45.926661604077,0.17285997121692,0.744208320894336),
(45.9701728040282,0.12285997121692,0.644208320894336),(45.9701728040282,
0.12285997121692,0.744208320894336),(45.9701728040282,0.17285997121692,
0.644208320894336),(45.9701728040282,0.17285997121692,0.744208320894336)));
#1352=COORDINATES_LIST('',8,((45.926661604077,0.12285997121692,0.494208320894336),
(45.926661604077,0.12285997121692,0.572897896089648),(45.926661604077,0.17285997121692,
0.494208320894336),(45.926661604077,0.17285997121692,0.572897896089648),
(45.9701728040282,0.12285997121692,0.494208320894336),(45.9701728040282,
0.12285997121692,0.572897896089648),(45.9701728040282,0.17285997121692,
0.494208320894336),(45.9701728040282,0.17285997121692,0.572897896089648)));
#1353=COORDINATES_LIST('',68,((45.7540427381102,0.12285997121692,-0.935460487089063),
(45.7540427381102,0.12285997121692,-0.641268172941114),(45.7540427381102,
0.162860123804809,-0.935460487089063),(45.7540427381102,0.162860123804809,
-0.641268172941114),(45.7541869336669,0.165800492457159,-0.935316100797559),
(45.7541869336669,0.165800492457159,-0.641412559232618),(45.7546187573973,
0.168712632349731,-0.934884086332227),(45.7546187573973,0.168712632349731,
-0.64184457369795),(45.7547942334716,0.16953584401965,-0.788364234647657),
(45.7563262158934,0.17434083669544,-0.933176818570997),(45.7563262158934,
0.17434083669544,-0.64355184145918),(45.7570136243407,0.17587663381458,
-0.788364234647657),(45.7590979749266,0.17952729909778,-0.930404678068067),
(45.7590979749266,0.17952729909778,-0.64632398196211),(45.7605872327391,
0.18156434743762,-0.788364234647657),(45.7628295117919,0.184072892359501,
-0.926673713407422),(45.7628295117919,0.184072892359501,-0.650054946622754),
(45.7653380567138,0.18631517141223,-0.788364234647657),(45.7673751050536,
0.187804429224729,-0.922127547941114),(45.7673751050536,0.187804429224729,
-0.654601112089063),(45.7710257703368,0.189888779810669,-0.788364234647657),
(45.7725615674559,0.19057618825794,-0.91694108553877),(45.7725615674559,
0.19057618825794,-0.659787574491407),(45.7773665601317,0.19210817067981,
-0.788364234647657),(45.7781897718016,0.19228364675403,-0.911313262662793),
(45.7781897718016,0.19228364675403,-0.665415397367383),(45.7840422803466,
0.19285966604114,-0.905460563383008),(45.7840422803466,0.19285966604114,
-0.671268096647168),(45.8740042859618,0.16953584401965,-0.934708419523145),
(45.8740042859618,0.16953584401965,-0.642020240507032),(45.8740042859618,
0.17587663381458,-0.932489600858594),(45.8740042859618,0.17587663381458,
-0.644239059171583),(45.8740042859618,0.18156434743762,-0.928915420255567),
(45.8740042859618,0.18156434743762,-0.64781323977461),(45.8740042859618,
0.18631517141223,-0.924165168485547),(45.8740042859618,0.18631517141223,
-0.652563491544629),(45.8740042859618,0.189888779810669,-0.918477073392774),
(45.8740042859618,0.189888779810669,-0.658251586637403),(45.8740042859618,
0.19210817067981,-0.912136092862989),(45.8740042859618,0.19210817067981,
-0.664592567167188),(45.963966291577,0.19285966604114,-0.905460563383008),
(45.963966291577,0.19285966604114,-0.671268096647168),(45.969818800122,
0.19228364675403,-0.911313262662793),(45.969818800122,0.19228364675403,
-0.665415397367383),(45.9706420117919,0.19210817067981,-0.788364234647657),
(45.9754470044677,0.19057618825794,-0.91694108553877),(45.9754470044677,
0.19057618825794,-0.659787574491407),(45.9769828015868,0.189888779810669,
-0.788364234647657),(45.98063346687,0.187804429224729,-0.922127547941114),
(45.98063346687,0.187804429224729,-0.654601112089063),(45.9826712781493,
0.18631517141223,-0.788364234647657),(45.9851798230712,0.184072892359501,
-0.926673713407422),(45.9851798230712,0.184072892359501,-0.650054946622754),
(45.9874213391845,0.18156434743762,-0.788364234647657),(45.988910596997,
0.17952729909778,-0.930404678068067),(45.988910596997,0.17952729909778,
-0.64632398196211),(45.9909949475829,0.17587663381458,-0.788364234647657),
(45.9916823560302,0.17434083669544,-0.933176818570997),(45.9916823560302,
0.17434083669544,-0.64355184145918),(45.993214338452,0.16953584401965,-0.788364234647657),
(45.9933898145263,0.168712632349731,-0.934884086332227),(45.9933898145263,
0.168712632349731,-0.64184457369795),(45.9938216382567,0.165800492457159,
-0.935316100797559),(45.9938216382567,0.165800492457159,-0.641412559232618),
(45.9939665967528,0.12285997121692,-0.935460487089063),(45.9939665967528,
0.12285997121692,-0.641268172941114),(45.9939665967528,0.162860123804809,
-0.935460487089063),(45.9939665967528,0.162860123804809,-0.641268172941114)));
#1354=COORDINATES_LIST('',8,((45.7276885205809,0.12285997121692,0.494208320894336),
(45.7276885205809,0.12285997121692,0.572897896089648),(45.7276885205809,
0.17285997121692,0.494208320894336),(45.7276885205809,0.17285997121692,
0.572897896089648),(45.7733084851805,0.12285997121692,0.494208320894336),
(45.7733084851805,0.12285997121692,0.572897896089648),(45.7733084851805,
0.17285997121692,0.494208320894336),(45.7733084851805,0.17285997121692,
0.572897896089648)));
#1355=COORDINATES_LIST('',8,((45.7201728040282,0.12285997121692,0.794208320894336),
(45.7201728040282,0.12285997121692,0.894208320894336),(45.7201728040282,
0.17285997121692,0.794208320894336),(45.7201728040282,0.17285997121692,
0.894208320894336),(45.7701728040282,0.12285997121692,0.794208320894336),
(45.7701728040282,0.12285997121692,0.894208320894336),(45.7701728040282,
0.17285997121692,0.794208320894336),(45.7701728040282,0.17285997121692,
0.894208320894336)));
#1356=COORDINATES_LIST('',8,((45.7201728040282,0.12285997121692,0.644208320894336),
(45.7201728040282,0.12285997121692,0.744208320894336),(45.7201728040282,
0.17285997121692,0.644208320894336),(45.7201728040282,0.17285997121692,
0.744208320894336),(45.7701728040282,0.12285997121692,0.644208320894336),
(45.7701728040282,0.12285997121692,0.744208320894336),(45.7701728040282,
0.17285997121692,0.644208320894336),(45.7701728040282,0.17285997121692,
0.744208320894336)));
#1357=COORDINATES_LIST('',8,((45.7055693799559,0.12285997121692,-0.504310146055127),
(45.7055693799559,0.12285997121692,-0.455791679105665),(45.7055693799559,
0.17285997121692,-0.504310146055127),(45.7055693799559,0.17285997121692,
-0.455791679105665),(45.7701728040282,0.12285997121692,-0.504310146055127),
(45.7701728040282,0.12285997121692,-0.455791679105665),(45.7701728040282,
0.17285997121692,-0.504310146055127),(45.7701728040282,0.17285997121692,
-0.455791679105665)));
#1358=COORDINATES_LIST('',8,((45.7055693799559,0.12285997121692,-0.583756271085645),
(45.7055693799559,0.12285997121692,-0.519773975095655),(45.7055693799559,
0.17285997121692,-0.583756271085645),(45.7055693799559,0.17285997121692,
-0.519773975095655),(45.7701728040282,0.12285997121692,-0.583756271085645),
(45.7701728040282,0.12285997121692,-0.519773975095655),(45.7701728040282,
0.17285997121692,-0.583756271085645),(45.7701728040282,0.17285997121692,
-0.519773975095655)));
#1359=COORDINATES_LIST('',8,((45.6701728040282,0.12285997121692,-0.705791679105665),
(45.6701728040282,0.12285997121692,-0.675482001981641),(45.6701728040282,
0.17285997121692,-0.705791679105665),(45.6701728040282,0.17285997121692,
-0.675482001981641),(45.7540427381102,0.12285997121692,-0.705791679105664),
(45.7540427381102,0.12285997121692,-0.675482001981641),(45.7540427381102,
0.17285997121692,-0.705791679105664),(45.7540427381102,0.17285997121692,
-0.675482001981641)));
#1360=COORDINATES_LIST('',8,((45.6701728040282,0.12285997121692,-0.805791679105665),
(45.6701728040282,0.12285997121692,-0.767968574247266),(45.6701728040282,
0.17285997121692,-0.805791679105665),(45.6701728040282,0.17285997121692,
-0.767968574247266),(45.7540427381102,0.12285997121692,-0.805791679105665),
(45.7540427381102,0.12285997121692,-0.767968574247266),(45.7540427381102,
0.17285997121692,-0.805791679105665),(45.7540427381102,0.17285997121692,
-0.767968574247266)));
#1361=COORDINATES_LIST('',8,((45.6701728040282,0.12285997121692,-0.894291511258985),
(45.6701728040282,0.12285997121692,-0.855791679105665),(45.6701728040282,
0.17285997121692,-0.894291511258985),(45.6701728040282,0.17285997121692,
-0.855791679105665),(45.7540427381102,0.12285997121692,-0.894291511258985),
(45.7540427381102,0.12285997121692,-0.855791679105665),(45.7540427381102,
0.17285997121692,-0.894291511258985),(45.7540427381102,0.17285997121692,
-0.855791679105665)));
#1362=COORDINATES_LIST('',8,((45.6201728040282,0.12285997121692,0.794208320894336),
(45.6201728040282,0.12285997121692,0.894208320894336),(45.6201728040282,
0.19285966604114,0.794208320894336),(45.6201728040282,0.19285966604114,
0.894208320894336),(45.7201728040282,0.12285997121692,0.794208320894336),
(45.7201728040282,0.12285997121692,0.894208320894336),(45.7201728040282,
0.19285966604114,0.794208320894336),(45.7201728040282,0.19285966604114,
0.894208320894336)));
#1363=COORDINATES_LIST('',8,((45.6201728040282,0.12285997121692,0.644208320894336),
(45.6201728040282,0.12285997121692,0.744208320894336),(45.6201728040282,
0.19285966604114,0.644208320894336),(45.6201728040282,0.19285966604114,
0.744208320894336),(45.7201728040282,0.12285997121692,0.644208320894336),
(45.7201728040282,0.12285997121692,0.744208320894336),(45.7201728040282,
0.19285966604114,0.644208320894336),(45.7201728040282,0.19285966604114,
0.744208320894336)));
#1364=COORDINATES_LIST('',8,((45.6201728040282,0.12285997121692,0.494208320894336),
(45.6201728040282,0.12285997121692,0.572897896089648),(45.6201728040282,
0.19285966604114,0.494208320894336),(45.6201728040282,0.19285966604114,
0.572897896089648),(45.7276885205809,0.12285997121692,0.494208320894336),
(45.7276885205809,0.12285997121692,0.572897896089648),(45.7276885205809,
0.19285966604114,0.494208320894336),(45.7276885205809,0.19285966604114,
0.572897896089648)));
#1365=COORDINATES_LIST('',8,((45.5701728040282,0.12285997121692,0.794208320894336),
(45.5701728040282,0.12285997121692,0.894208320894336),(45.5701728040282,
0.17285997121692,0.794208320894336),(45.5701728040282,0.17285997121692,
0.894208320894336),(45.6201728040282,0.12285997121692,0.794208320894336),
(45.6201728040282,0.12285997121692,0.894208320894336),(45.6201728040282,
0.17285997121692,0.794208320894336),(45.6201728040282,0.17285997121692,
0.894208320894336)));
#1366=COORDINATES_LIST('',8,((45.5701728040282,0.12285997121692,0.644208320894336),
(45.5701728040282,0.12285997121692,0.744208320894336),(45.5701728040282,
0.17285997121692,0.644208320894336),(45.5701728040282,0.17285997121692,
0.744208320894336),(45.6201728040282,0.12285997121692,0.644208320894336),
(45.6201728040282,0.12285997121692,0.744208320894336),(45.6201728040282,
0.17285997121692,0.644208320894336),(45.6201728040282,0.17285997121692,
0.744208320894336)));
#1367=COORDINATES_LIST('',8,((45.5701728040282,0.12285997121692,0.494208320894336),
(45.5701728040282,0.12285997121692,0.572897896089648),(45.5701728040282,
0.17285997121692,0.494208320894336),(45.5701728040282,0.17285997121692,
0.572897896089648),(45.6201728040282,0.12285997121692,0.494208320894336),
(45.6201728040282,0.12285997121692,0.572897896089648),(45.6201728040282,
0.17285997121692,0.494208320894336),(45.6201728040282,0.17285997121692,
0.572897896089648)));
#1368=COORDINATES_LIST('',8,((45.5686637097899,0.12285997121692,-0.504310146055127),
(45.5686637097899,0.12285997121692,-0.455791679105665),(45.5686637097899,
0.19285966604114,-0.504310146055127),(45.5686637097899,0.19285966604114,
-0.455791679105665),(45.7055693799559,0.12285997121692,-0.504310146055127),
(45.7055693799559,0.12285997121692,-0.455791679105665),(45.7055693799559,
0.19285966604114,-0.504310146055127),(45.7055693799559,0.19285966604114,
-0.455791679105665)));
#1369=COORDINATES_LIST('',8,((45.5686637097899,0.12285997121692,-0.583756271085645),
(45.5686637097899,0.12285997121692,-0.519773975095655),(45.5686637097899,
0.19285966604114,-0.583756271085645),(45.5686637097899,0.19285966604114,
-0.519773975095655),(45.7055693799559,0.12285997121692,-0.583756271085645),
(45.7055693799559,0.12285997121692,-0.519773975095655),(45.7055693799559,
0.19285966604114,-0.583756271085645),(45.7055693799559,0.19285966604114,
-0.519773975095655)));
#1370=COORDINATES_LIST('',152,((45.5168479138915,0.12285997121692,-0.325791373929883),
(45.5168479138915,0.12285997121692,0.405392631807422),(45.5168479138915,
0.17285997121692,-0.325791373929883),(45.5168479138915,0.17285997121692,
0.405392631807422),(45.5170882398192,0.177761094263799,-0.325550666532422),
(45.5170882398192,0.177761094263799,0.405151829042529),(45.517808454663,
0.18261415212512,-0.324830642423535),(45.517808454663,0.18261415212512,
-0.142995372495557),(45.517808454663,0.18261415212512,0.0398006289387693),
(45.517808454663,0.18261415212512,0.222596630373096),(45.517808454663,0.18261415212512,
0.404431900301074),(45.5190009290282,0.187374131373171,-0.323638454160596),
(45.5190009290282,0.187374131373171,0.403239616670703),(45.5206534558837,
0.191994492701289,-0.321985355100537),(45.5206534558837,0.191994492701289,
0.0398006289387693),(45.5206534558837,0.191994492701289,0.401586612978076),
(45.5206534558837,0.1919944927013,-0.142995372495557),(45.5206534558837,
0.1919944927013,0.222596630373096),(45.5227515393798,0.19642945974231,-0.319887462339307),
(45.5227515393798,0.19642945974231,0.399488624849414),(45.5252745801513,
0.200638596705201,-0.317364898404981),(45.5252745801513,0.200638596705201,
-0.142995372495557),(45.5252745801513,0.200638596705201,0.0398006289387693),
(45.5252745801513,0.200638596705201,0.222596630373096),(45.5252745801513,
0.200638596705201,0.396966156282519),(45.5281974011962,0.204579941920051,
-0.314441886625195),(45.5281974011962,0.204579941920051,0.394043144502734),
(45.5314925366942,0.208215348414191,-0.311146751127149),(45.5314925366942,
0.208215348414191,-0.142995372495557),(45.5314925366942,0.208215348414191,
0.0398006289387693),(45.5314925366942,0.208215348414191,0.222596630373096),
(45.5314925366942,0.208215348414191,0.390748009004687),(45.5351279431884,
0.211510483912231,-0.307511058530713),(45.5351279431884,0.211510483912231,
0.38711222104082),(45.5390692884032,0.21443330495715,-0.303569904050733),
(45.5390692884032,0.21443330495715,-0.142995372495557),(45.5390692884032,
0.21443330495715,0.0398006289387693),(45.5390692884032,0.21443330495715,
0.222596630373096),(45.5390692884032,0.21443330495715,0.38317106656084),
(45.5432776624266,0.21695634572864,-0.299361243925),(45.5432776624266,0.21695634572864,
0.378962501802539),(45.5477133924071,0.219053666285279,-0.294925609311963),
(45.5477133924071,0.219053666285279,-0.142995372495557),(45.5477133924071,
0.219053666285279,0.0398006289387693),(45.5477133924071,0.219053666285279,
0.222596630373096),(45.5477133924071,0.219053666285279,0.37452677182207),
(45.5523337537352,0.220706956080201,-0.290305629453565),(45.5523337537352,
0.220706956080201,0.369906791963672),(45.5570929700438,0.221899430445439,
-0.285545936307813),(45.5570929700438,0.221899430445439,-0.142995372495557),
(45.5570929700438,0.221899430445439,0.0398006289387693),(45.5570929700438,
0.221899430445439,0.222596630373096),(45.5570929700438,0.221899430445439,
0.365147194185351),(45.5668479138915,0.22285997121692,-0.275791373929883),
(45.5668479138915,0.22285997121692,0.355392631807422),(45.6996436292235,
0.18261415212512,-0.324830642423535),(45.6996436292235,0.18261415212512,
0.404431900301074),(45.6996436292235,0.1919944927013,-0.321985355100537),
(45.6996436292235,0.1919944927013,0.401586612978076),(45.6996436292235,
0.200638596705201,-0.317364898404981),(45.6996436292235,0.200638596705201,
0.396966156282519),(45.6996436292235,0.208215348414191,-0.311146751127149),
(45.6996436292235,0.208215348414191,0.390748009004687),(45.6996436292235,
0.21443330495715,-0.303569904050733),(45.6996436292235,0.21443330495715,
0.38317106656084),(45.6996436292235,0.219053666285279,-0.294925609311963),
(45.6996436292235,0.219053666285279,0.37452677182207),(45.6996436292235,
0.221899430445439,-0.285545936307813),(45.6996436292235,0.221899430445439,
0.365147194185351),(45.882440107495,0.18261415212512,-0.324830642423535),
(45.882440107495,0.18261415212512,0.404431900301074),(45.882440107495,0.191994492701289,
-0.321985355100537),(45.882440107495,0.191994492701289,0.401586612978076),
(45.882440107495,0.200638596705201,-0.317364898404981),(45.882440107495,
0.200638596705201,0.396966156282519),(45.882440107495,0.208215348414191,
-0.311146751127149),(45.882440107495,0.208215348414191,0.390748009004687),
(45.882440107495,0.21443330495715,-0.303569904050733),(45.882440107495,
0.21443330495715,0.38317106656084),(45.882440107495,0.219053666285279,-0.294925609311963),
(45.882440107495,0.219053666285279,0.37452677182207),(45.882440107495,0.221899430445439,
-0.285545936307813),(45.882440107495,0.221899430445439,0.365147194185351),
(46.065235822827,0.18261415212512,-0.324830642423535),(46.065235822827,
0.18261415212512,0.404431900301074),(46.065235822827,0.1919944927013,-0.321985355100537),
(46.065235822827,0.1919944927013,0.401586612978076),(46.065235822827,0.200638596705201,
-0.317364898404981),(46.065235822827,0.200638596705201,0.396966156282519),
(46.065235822827,0.208215348414191,-0.311146751127149),(46.065235822827,
0.208215348414191,0.390748009004687),(46.065235822827,0.21443330495715,
-0.303569904050733),(46.065235822827,0.21443330495715,0.38317106656084),
(46.065235822827,0.219053666285279,-0.294925609311963),(46.065235822827,
0.219053666285279,0.37452677182207),(46.065235822827,0.221899430445439,
-0.285545936307813),(46.065235822827,0.221899430445439,0.365147194185351),
(46.1980315381591,0.22285997121692,-0.275791373929883),(46.1980315381591,
0.22285997121692,0.355392631807422),(46.2077864820067,0.221899430445439,
-0.285545936307813),(46.2077864820067,0.221899430445439,-0.142995372495557),
(46.2077864820067,0.221899430445439,0.0398006289387693),(46.2077864820067,
0.221899430445439,0.222596630373096),(46.2077864820067,0.221899430445439,
0.365147194185351),(46.2125456983153,0.220706956080201,-0.290305629453565),
(46.2125456983153,0.220706956080201,0.369906791963672),(46.2171660596434,
0.219053666285279,-0.294925609311963),(46.2171660596434,0.219053666285279,
-0.142995372495557),(46.2171660596434,0.219053666285279,0.0398006289387693),
(46.2171660596434,0.219053666285279,0.222596630373096),(46.2171660596434,
0.219053666285279,0.37452677182207),(46.2216017896239,0.21695634572864,
-0.299361243925),(46.2216017896239,0.21695634572864,0.378962501802539),
(46.2258101636473,0.21443330495715,-0.303569904050733),(46.2258101636473,
0.21443330495715,-0.142995372495557),(46.2258101636473,0.21443330495715,
0.0398006289387693),(46.2258101636473,0.21443330495715,0.222596630373096),
(46.2258101636473,0.21443330495715,0.38317106656084),(46.2297515088622,
0.211510483912231,-0.307511058530713),(46.2297515088622,0.211510483912231,
0.38711222104082),(46.2333869153563,0.208215348414191,-0.142995372495557),
(46.2333869153563,0.208215348414191,0.222596630373096),(46.2333869153563,
0.208215348414191,-0.311146751127149),(46.2333869153563,0.208215348414191,
0.0398006289387693),(46.2333869153563,0.208215348414191,0.390748009004687),
(46.2366820508544,0.204579941920051,-0.314441886625195),(46.2366820508544,
0.204579941920051,0.394043144502734),(46.2396056348388,0.200638596705201,
-0.317364898404981),(46.2396056348388,0.200638596705201,-0.142995372495557),
(46.2396056348388,0.200638596705201,0.0398006289387693),(46.2396056348388,
0.200638596705201,0.222596630373096),(46.2396056348388,0.200638596705201,
0.396966156282519),(46.2421279126708,0.19642945974231,-0.319887462339307),
(46.2421279126708,0.19642945974231,0.399488624849414),(46.2442259961669,
0.191994492701289,-0.321985355100537),(46.2442259961669,0.191994492701289,
0.0398006289387693),(46.2442259961669,0.191994492701289,0.401586612978076),
(46.2442259961669,0.1919944927013,-0.142995372495557),(46.2442259961669,
0.1919944927013,0.222596630373096),(46.2458785230223,0.187374131373171,
-0.323638454160596),(46.2458785230223,0.187374131373171,0.403239616670703),
(46.2470709973876,0.18261415212512,-0.142995372495557),(46.2470709973876,
0.18261415212512,0.0398006289387693),(46.2470709973876,0.18261415212512,
-0.324830642423535),(46.2470709973876,0.18261415212512,0.222596630373096),
(46.2470709973876,0.18261415212512,0.404431900301074),(46.2477912122313,
0.177761094263799,-0.325550666532422),(46.2477912122313,0.177761094263799,
0.405151829042529),(46.2480315381591,0.12285997121692,-0.325791373929883),
(46.2480315381591,0.12285997121692,0.405392631807422),(46.2480315381591,
0.17285997121692,-0.325791373929883),(46.2480315381591,0.17285997121692,
0.405392631807422)));
#1371=COORDINATES_LIST('',8,((45.5012610608641,0.12285997121692,-0.728335967740918),
(45.5012610608641,0.12285997121692,-0.684695831022168),(45.5012610608641,
0.17285997121692,-0.728335967740918),(45.5012610608641,0.17285997121692,
-0.684695831022168),(45.5798133069579,0.12285997121692,-0.728335967740918),
(45.5798133069579,0.12285997121692,-0.684695831022168),(45.5798133069579,
0.17285997121692,-0.728335967740918),(45.5798133069579,0.17285997121692,
-0.684695831022168)));
#1372=COORDINATES_LIST('',8,((45.5012610608641,0.12285997121692,-0.833072105131055),
(45.5012610608641,0.12285997121692,-0.728335967740918),(45.5012610608641,
0.19285966604114,-0.833072105131055),(45.5012610608641,0.19285966604114,
-0.728335967740918),(45.5798133069579,0.12285997121692,-0.833072105131055),
(45.5798133069579,0.12285997121692,-0.728335967740918),(45.5798133069579,
0.19285966604114,-0.833072105131055),(45.5798133069579,0.19285966604114,
-0.728335967740918)));
#1373=COORDINATES_LIST('',8,((45.5012610608641,0.12285997121692,-0.914533439359571),
(45.5012610608641,0.12285997121692,-0.833072105131055),(45.5012610608641,
0.17285997121692,-0.914533439359571),(45.5012610608641,0.17285997121692,
-0.833072105131055),(45.5798133069579,0.12285997121692,-0.914533439359571),
(45.5798133069579,0.12285997121692,-0.833072105131055),(45.5798133069579,
0.17285997121692,-0.914533439359571),(45.5798133069579,0.17285997121692,
-0.833072105131055)));
#1374=COORDINATES_LIST('',8,((45.5002112561766,0.12285997121692,-0.504310146055127),
(45.5002112561766,0.12285997121692,-0.455791679105665),(45.5002112561766,
0.17285997121692,-0.504310146055127),(45.5002112561766,0.17285997121692,
-0.455791679105665),(45.5686637097899,0.12285997121692,-0.504310146055127),
(45.5686637097899,0.12285997121692,-0.455791679105665),(45.5686637097899,
0.17285997121692,-0.504310146055127),(45.5686637097899,0.17285997121692,
-0.455791679105665)));
#1375=COORDINATES_LIST('',8,((45.5002112561766,0.12285997121692,-0.583756271085645),
(45.5002112561766,0.12285997121692,-0.519773975095655),(45.5002112561766,
0.17285997121692,-0.583756271085645),(45.5002112561766,0.17285997121692,
-0.519773975095655),(45.5686637097899,0.12285997121692,-0.583756271085645),
(45.5686637097899,0.12285997121692,-0.519773975095655),(45.5686637097899,
0.17285997121692,-0.583756271085645),(45.5686637097899,0.17285997121692,
-0.519773975095655)));
#1376=COORDINATES_LIST('',188,((45.1384177381102,0.12285997121692,-0.844545951566602),
(45.1384177381102,0.12285997121692,-0.829430213651563),(45.1384177381102,
0.13285981862903,-0.844545951566602),(45.1384177381102,0.13285981862903,
-0.829430213651563),(45.140350263745,0.12285997121692,-0.859537521085645),
(45.140350263745,0.12285997121692,-0.814438453397657),(45.140350263745,
0.13285981862903,-0.859537521085645),(45.140350263745,0.13285981862903,
-0.814438453397657),(45.1441847974364,0.12285997121692,-0.874158874235059),
(45.1441847974364,0.12285997121692,-0.799817100248243),(45.1441847974364,
0.13285981862903,-0.874158874235059),(45.1441847974364,0.13285981862903,
-0.799817100248243),(45.1498572522704,0.12285997121692,-0.888170066556836),
(45.1498572522704,0.12285997121692,-0.785806098661329),(45.1498572522704,
0.13285981862903,-0.888170066556836),(45.1498572522704,0.13285981862903,
-0.785806098661329),(45.1572745496337,0.12285997121692,-0.901340690336133),
(45.1572745496337,0.12285997121692,-0.772635474882032),(45.1572745496337,
0.13285981862903,-0.901340690336133),(45.1572745496337,0.13285981862903,
-0.772635474882032),(45.1584136182372,0.12285997121692,-0.84382154055586),
(45.1584136182372,0.12285997121692,-0.830154433927442),(45.1584136182372,
0.13285981862903,-0.84382154055586),(45.1584136182372,0.13285981862903,
-0.830154433927442),(45.1603156262938,0.12285997121692,-0.857355514249708),
(45.1603156262938,0.12285997121692,-0.816620460233594),(45.1603156262938,
0.13285981862903,-0.857355514249708),(45.1603156262938,0.13285981862903,
-0.816620460233594),(45.1640830213134,0.12285997121692,-0.870493140897657),
(45.1640830213134,0.12285997121692,-0.803482833585645),(45.1640830213134,
0.13285981862903,-0.870493140897657),(45.1640830213134,0.13285981862903,
-0.803482833585645),(45.1663153821532,0.12285997121692,-0.913454642972852),
(45.1663153821532,0.12285997121692,-0.760521522245313),(45.1663153821532,
0.13285981862903,-0.913454642972852),(45.1663153821532,0.13285981862903,
-0.760521522245313),(45.1696417981688,0.12285997121692,-0.882978645048047),
(45.1696417981688,0.12285997121692,-0.790997520170118),(45.1696417981688,
0.13285981862903,-0.882978645048047),(45.1696417981688,0.13285981862903,
-0.790997520170118),(45.1768309766356,0.12285997121692,-0.92431298800459),
(45.1768309766356,0.12285997121692,-0.749662986478711),(45.1768309766356,
0.13285981862903,-0.92431298800459),(45.1768309766356,0.13285981862903,
-0.749662986478711),(45.1768843823973,0.12285997121692,-0.894568839750195),
(45.1768843823973,0.12285997121692,-0.779407134733106),(45.1768843823973,
0.13285981862903,-0.894568839750195),(45.1768843823973,0.13285981862903,
-0.779407134733106),(45.1856688672606,0.12285997121692,-0.905038467130567),
(45.1856688672606,0.12285997121692,-0.768937698087598),(45.1856688672606,
0.13285981862903,-0.905038467130567),(45.1856688672606,0.13285981862903,
-0.768937698087598),(45.1886489087645,0.12285997121692,-0.933737579069043),
(45.1886489087645,0.12285997121692,-0.740238586149122),(45.1886489087645,
0.13285981862903,-0.933737579069043),(45.1886489087645,0.13285981862903,
-0.740238586149122),(45.1958258802001,0.12285997121692,-0.91418344088545),
(45.1958258802001,0.12285997121692,-0.759792533597852),(45.1958258802001,
0.13285981862903,-0.91418344088545),(45.1958258802001,0.13285981862903,
-0.759792533597852),(45.2015753919188,0.12285997121692,-0.941573348722364),
(45.2015753919188,0.12285997121692,-0.732402625760938),(45.2015753919188,
0.13285981862903,-0.941573348722364),(45.2015753919188,0.13285981862903,
-0.732402625760938),(45.2071562940184,0.12285997121692,-0.921825996122266),
(45.2071562940184,0.12285997121692,-0.752150169095899),(45.2071562940184,
0.13285981862903,-0.921825996122266),(45.2071562940184,0.13285981862903,
-0.752150169095899),(45.2153975659911,0.12285997121692,-0.947691932401563),
(45.2153975659911,0.12285997121692,-0.726284042081739),(45.2153975659911,
0.13285981862903,-0.947691932401563),(45.2153975659911,0.13285981862903,
-0.726284042081739),(45.2194403821532,0.12285997121692,-0.927817168912793),
(45.2194403821532,0.12285997121692,-0.746158805570508),(45.2194403821532,
0.13285981862903,-0.927817168912793),(45.2194403821532,0.13285981862903,
-0.746158805570508),(45.2298880750243,0.12285997121692,-0.951992812833692),
(45.2298880750243,0.12285997121692,-0.72198316164961),(45.2298880750243,
0.13285981862903,-0.951992812833692),(45.2298880750243,0.13285981862903,
-0.72198316164961),(45.2324385816161,0.12285997121692,-0.93204061099043),
(45.2324385816161,0.12285997121692,-0.741935554227735),(45.2324385816161,
0.13285981862903,-0.93204061099043),(45.2324385816161,0.13285981862903,
-0.741935554227735),(45.244810407788,0.12285997121692,-0.954405418119336),
(45.244810407788,0.12285997121692,-0.719570747098828),(45.244810407788,
0.13285981862903,-0.954405418119336),(45.244810407788,0.13285981862903,
-0.719570747098828),(45.2458975965087,0.12285997121692,-0.934413734159375),
(45.2458975965087,0.12285997121692,-0.739562240323926),(45.2458975965087,
0.13285981862903,-0.934413734159375),(45.2458975965087,0.13285981862903,
-0.739562240323926),(45.259556501538,0.12285997121692,-0.934890762052442),
(45.259556501538,0.12285997121692,-0.73908521243086),(45.259556501538,0.13285981862903,
-0.934890762052442),(45.259556501538,0.13285981862903,-0.73908521243086),
(45.2599181348387,0.12285997121692,-0.954889884672071),(45.2599181348387,
0.12285997121692,-0.719086280546094),(45.2599181348387,0.13285981862903,
-0.954889884672071),(45.2599181348387,0.13285981862903,-0.719086280546094),
(45.2731482678954,0.12285997121692,-0.933462157926465),(45.2731482678954,
0.12285997121692,-0.740513816556836),(45.2731482678954,0.13285981862903,
-0.933462157926465),(45.2731482678954,0.13285981862903,-0.740513816556836),
(45.2749640637938,0.12285997121692,-0.9534383923625),(45.2749640637938,
0.12285997121692,-0.720537582120801),(45.2749640637938,0.13285981862903,
-0.9534383923625),(45.2749640637938,0.13285981862903,-0.720537582120801),
(45.2864096814696,0.12285997121692,-0.930155769071485),(45.2864096814696,
0.12285997121692,-0.743820205411817),(45.2864096814696,0.13285981862903,
-0.930155769071485),(45.2864096814696,0.13285981862903,-0.743820205411817),
(45.2897010022704,0.12285997121692,-0.950074783048536),(45.2897010022704,
0.12285997121692,-0.723901191434766),(45.2897010022704,0.13285981862903,
-0.950074783048536),(45.2897010022704,0.13285981862903,-0.723901191434766),
(45.2990813428466,0.12285997121692,-0.92503606387129),(45.2990813428466,
0.12285997121692,-0.748939910612012),(45.2990813428466,0.13285981862903,
-0.92503606387129),(45.2990813428466,0.13285981862903,-0.748939910612012),
(45.3038863355223,0.12285997121692,-0.944854369840528),(45.3038863355223,
0.12285997121692,-0.729121604642774),(45.3038863355223,0.13285981862903,
-0.944854369840528),(45.3038863355223,0.13285981862903,-0.729121604642774),
(45.3109175855223,0.12285997121692,-0.918202605924512),(45.3109175855223,
0.12285997121692,-0.755773559293653),(45.3109175855223,0.13285981862903,
-0.918202605924512),(45.3109175855223,0.13285981862903,-0.755773559293653),
(45.3172881299559,0.12285997121692,-0.93786279269209),(45.3172881299559,
0.12285997121692,-0.736113372526075),(45.3172881299559,0.13285981862903,
-0.93786279269209),(45.3172881299559,0.13285981862903,-0.736113372526075),
(45.3216872388426,0.12285997121692,-0.90978833743086),(45.3216872388426,
0.12285997121692,-0.764187827787305),(45.3216872388426,0.13285981862903,
-0.90978833743086),(45.3216872388426,0.13285981862903,-0.764187827787305),
(45.3296858960692,0.12285997121692,-0.929214683256055),(45.3296858960692,
0.12285997121692,-0.744761291227246),(45.3296858960692,0.13285981862903,
-0.929214683256055),(45.3296858960692,0.13285981862903,-0.744761291227246),
(45.3311812573973,0.12285997121692,-0.899957099637891),(45.3311812573973,
0.12285997121692,-0.774019065580274),(45.3311812573973,0.13285981862903,
-0.899957099637891),(45.3311812573973,0.13285981862903,-0.774019065580274),
(45.3392142468993,0.12285997121692,-0.888900199613477),(45.3392142468993,
0.12285997121692,-0.785075774869825),(45.3392142468993,0.13285981862903,
-0.888900199613477),(45.3392142468993,0.13285981862903,-0.785075774869825),
(45.3408759290282,0.12285997121692,-0.91905232974043),(45.3408759290282,
0.12285997121692,-0.754923644742872),(45.3408759290282,0.13285981862903,
-0.91905232974043),(45.3408759290282,0.13285981862903,-0.754923644742872),
(45.3456305677001,0.12285997121692,-0.876832977018262),(45.3456305677001,
0.12285997121692,-0.797143188199903),(45.3456305677001,0.13285981862903,
-0.876832977018262),(45.3456305677001,0.13285981862903,-0.797143188199903),
(45.3503050977294,0.12285997121692,-0.863990035734083),(45.3503050977294,
0.12285997121692,-0.809985938749219),(45.3503050977294,0.13285981862903,
-0.863990035734083),(45.3503050977294,0.13285981862903,-0.809985938749219),
(45.3506743604247,0.12285997121692,-0.907542625150587),(45.3506743604247,
0.12285997121692,-0.766433540067579),(45.3506743604247,0.13285981862903,
-0.907542625150587),(45.3506743604247,0.13285981862903,-0.766433540067579),
(45.3531462842528,0.12285997121692,-0.850621810636426),(45.3531462842528,
0.12285997121692,-0.823354354581739),(45.3531462842528,0.13285981862903,
-0.850621810636426),(45.3531462842528,0.13285981862903,-0.823354354581739),
(45.3540999585692,0.12285997121692,-0.836988082609083),(45.3540999585692,
0.13285981862903,-0.836988082609083),(45.3589202100341,0.12285997121692,
-0.894874206266309),(45.3589202100341,0.12285997121692,-0.779101768216993),
(45.3589202100341,0.13285981862903,-0.894874206266309),(45.3589202100341,
0.13285981862903,-0.779101768216993),(45.3654792005126,0.12285997121692,
-0.881255355558301),(45.3654792005126,0.12285997121692,-0.792720618925),
(45.3654792005126,0.13285981862903,-0.881255355558301),(45.3654792005126,
0.13285981862903,-0.792720618925),(45.3702422315184,0.12285997121692,-0.866909805021192),
(45.3702422315184,0.12285997121692,-0.807066360196973),(45.3702422315184,
0.13285981862903,-0.866909805021192),(45.3702422315184,0.13285981862903,
-0.807066360196973),(45.3731314832274,0.12285997121692,-0.852072730741407),
(45.3731314832274,0.12285997121692,-0.821903243741895),(45.3731314832274,
0.13285981862903,-0.852072730741407),(45.3731314832274,0.13285981862903,
-0.821903243741895),(45.3740996533934,0.12285997121692,-0.836988082609083),
(45.3740996533934,0.13285981862903,-0.836988082609083)));
#1377=COORDINATES_LIST('',188,((45.1361464673583,0.12285997121692,-0.598625961027051),
(45.1361464673583,0.12285997121692,-0.583373084745313),(45.1361464673583,
0.13285981862903,-0.598625961027051),(45.1361464673583,0.13285981862903,
-0.583373084745313),(45.1380965406005,0.12285997121692,-0.61375333376875),
(45.1380965406005,0.12285997121692,-0.568245712003614),(45.1380965406005,
0.13285981862903,-0.61375333376875),(45.1380965406005,0.13285981862903,
-0.568245712003614),(45.1419654065673,0.12285997121692,-0.628507247648145),
(45.1419654065673,0.12285997121692,-0.553491798124219),(45.1419654065673,
0.13285981862903,-0.628507247648145),(45.1419654065673,0.13285981862903,
-0.553491798124219),(45.1476897412841,0.12285997121692,-0.642645278654004),
(45.1476897412841,0.12285997121692,-0.53935376711836),(45.1476897412841,
0.13285981862903,-0.642645278654004),(45.1476897412841,0.13285981862903,
-0.53935376711836),(45.1551741773192,0.12285997121692,-0.655935302457715),
(45.1551741773192,0.12285997121692,-0.526063838682081),(45.1551741773192,
0.13285981862903,-0.655935302457715),(45.1551741773192,0.13285981862903,
-0.526063838682081),(45.1561431104247,0.12285997121692,-0.597907653531934),
(45.1561431104247,0.12285997121692,-0.58409139224043),(45.1561431104247,
0.13285981862903,-0.597907653531934),(45.1561431104247,0.13285981862903,
-0.58409139224043),(45.1580657178466,0.12285997121692,-0.611589256009961),
(45.1580657178466,0.12285997121692,-0.570409789762403),(45.1580657178466,
0.13285981862903,-0.611589256009961),(45.1580657178466,0.13285981862903,
-0.570409789762403),(45.1618743115966,0.12285997121692,-0.624870124540235),
(45.1618743115966,0.12285997121692,-0.557128921232129),(45.1618743115966,
0.13285981862903,-0.624870124540235),(45.1618743115966,0.13285981862903,
-0.557128921232129),(45.1642966443602,0.12285997121692,-0.668158927640821),
(45.1642966443602,0.12285997121692,-0.513840118131543),(45.1642966443602,
0.13285981862903,-0.668158927640821),(45.1642966443602,0.13285981862903,
-0.513840118131543),(45.1674933606688,0.12285997121692,-0.637491813383008),
(45.1674933606688,0.12285997121692,-0.544507137021924),(45.1674933606688,
0.13285981862903,-0.637491813383008),(45.1674933606688,0.13285981862903,
-0.544507137021924),(45.1748152906005,0.12285997121692,-0.649208656034375),
(45.1748152906005,0.12285997121692,-0.532790389737989),(45.1748152906005,
0.13285981862903,-0.649208656034375),(45.1748152906005,0.13285981862903,
-0.532790389737989),(45.1749083692138,0.12285997121692,-0.679115691862012),
(45.1749083692138,0.12285997121692,-0.502883353910352),(45.1749083692138,
0.13285981862903,-0.679115691862012),(45.1749083692138,0.13285981862903,
-0.502883353910352),(45.1836959058348,0.12285997121692,-0.659792342862989),
(45.1836959058348,0.12285997121692,-0.522206607541944),(45.1836959058348,
0.13285981862903,-0.659792342862989),(45.1836959058348,0.13285981862903,
-0.522206607541944),(45.1868331128661,0.12285997121692,-0.688625541410352),
(45.1868331128661,0.12285997121692,-0.493373408994581),(45.1868331128661,
0.13285981862903,-0.688625541410352),(45.1868331128661,0.13285981862903,
-0.493373408994581),(45.1939627820555,0.12285997121692,-0.669037261686231),
(45.1939627820555,0.12285997121692,-0.512961879453565),(45.1939627820555,
0.13285981862903,-0.669037261686231),(45.1939627820555,0.13285981862903,
-0.512961879453565),(45.1998763257567,0.12285997121692,-0.696532455167676),
(45.1998763257567,0.12285997121692,-0.485466495237256),(45.1998763257567,
0.13285981862903,-0.696532455167676),(45.1998763257567,0.13285981862903,
-0.485466495237256),(45.2054175550048,0.12285997121692,-0.676763168058301),
(45.2054175550048,0.12285997121692,-0.505235973081495),(45.2054175550048,
0.13285981862903,-0.676763168058301),(45.2054175550048,0.13285981862903,
-0.505235973081495),(45.2138236218993,0.12285997121692,-0.70270654269209),
(45.2138236218993,0.12285997121692,-0.479292503080274),(45.2138236218993,
0.13285981862903,-0.70270654269209),(45.2138236218993,0.13285981862903,
-0.479292503080274),(45.2178351575438,0.12285997121692,-0.682819762906934),
(45.2178351575438,0.12285997121692,-0.499179378232862),(45.2178351575438,
0.13285981862903,-0.682819762906934),(45.2178351575438,0.13285981862903,
-0.499179378232862),(45.2284461194579,0.12285997121692,-0.707046333036329),
(45.2284461194579,0.12285997121692,-0.474952617368604),(45.2284461194579,
0.13285981862903,-0.707046333036329),(45.2284461194579,0.13285981862903,
-0.474952617368604),(45.230975263745,0.12285997121692,-0.687089172086622),
(45.230975263745,0.12285997121692,-0.494909969053174),(45.230975263745,
0.13285981862903,-0.687089172086622),(45.230975263745,0.13285981862903,
-0.494909969053174),(45.2435034925048,0.12285997121692,-0.709480682096387),
(45.2435034925048,0.12285997121692,-0.472518363675977),(45.2435034925048,
0.13285981862903,-0.709480682096387),(45.2435034925048,0.13285981862903,
-0.472518363675977),(45.244581525952,0.12285997121692,-0.689488235196973),
(45.244581525952,0.12285997121692,-0.492510810575391),(45.244581525952,
0.13285981862903,-0.689488235196973),(45.244581525952,0.13285981862903,
-0.492510810575391),(45.2583892041747,0.12285997121692,-0.689970412931348),
(45.2583892041747,0.12285997121692,-0.492028632841016),(45.2583892041747,
0.13285981862903,-0.689970412931348),(45.2583892041747,0.13285981862903,
-0.492028632841016),(45.2587477857177,0.12285997121692,-0.709969535550977),
(45.2587477857177,0.12285997121692,-0.472029414853956),(45.2587477857177,
0.13285981862903,-0.709969535550977),(45.2587477857177,0.13285981862903,
-0.472029414853956),(45.2721297437255,0.12285997121692,-0.688526168546582),
(45.2721297437255,0.12285997121692,-0.49347278185835),(45.2721297437255,
0.13285981862903,-0.688526168546582),(45.2721297437255,0.13285981862903,
-0.49347278185835),(45.2739302808348,0.12285997121692,-0.708505073270704),
(45.2739302808348,0.12285997121692,-0.473494067869092),(45.2739302808348,
0.13285981862903,-0.708505073270704),(45.2739302808348,0.13285981862903,
-0.473494067869092),(45.2855353528563,0.12285997121692,-0.685183730802442),
(45.2855353528563,0.12285997121692,-0.496815219602491),(45.2855353528563,
0.13285981862903,-0.685183730802442),(45.2855353528563,0.13285981862903,
-0.496815219602491),(45.2888007337157,0.12285997121692,-0.705110946378614),
(45.2888007337157,0.12285997121692,-0.47688809939375),(45.2888007337157,
0.13285981862903,-0.705110946378614),(45.2888007337157,0.13285981862903,
-0.47688809939375),(45.2983451062743,0.12285997121692,-0.680008140287305),
(45.2983451062743,0.12285997121692,-0.501990810117627),(45.2983451062743,
0.13285981862903,-0.680008140287305),(45.2983451062743,0.13285981862903,
-0.501990810117627),(45.3031150037352,0.12285997121692,-0.699843230924512),
(45.3031150037352,0.12285997121692,-0.482155814847852),(45.3031150037352,
0.13285981862903,-0.699843230924512),(45.3031150037352,0.13285981862903,
-0.482155814847852),(45.3103102857177,0.12285997121692,-0.673100105008985),
(45.3103102857177,0.12285997121692,-0.508898940763379),(45.3103102857177,
0.13285981862903,-0.673100105008985),(45.3103102857177,0.13285981862903,
-0.508898940763379),(45.3166381055419,0.12285997121692,-0.692788139066602),
(45.3166381055419,0.12285997121692,-0.489210811338331),(45.3166381055419,
0.13285981862903,-0.692788139066602),(45.3166381055419,0.13285981862903,
-0.489210811338331),(45.3211974317137,0.12285997121692,-0.664594093046094),
(45.3211974317137,0.12285997121692,-0.51740495272627),(45.3211974317137,
0.13285981862903,-0.664594093046094),(45.3211974317137,0.13285981862903,
-0.51740495272627),(45.3291472608153,0.12285997121692,-0.684061828336622),
(45.3291472608153,0.12285997121692,-0.497937122068311),(45.3291472608153,
0.13285981862903,-0.684061828336622),(45.3291472608153,0.13285981862903,
-0.497937122068311),(45.3307952100341,0.12285997121692,-0.654655662259961),
(45.3307952100341,0.12285997121692,-0.527343478879834),(45.3307952100341,
0.13285981862903,-0.654655662259961),(45.3307952100341,0.13285981862903,
-0.527343478879834),(45.3389159375731,0.12285997121692,-0.64347802706709),
(45.3389159375731,0.12285997121692,-0.538520923337842),(45.3389159375731,
0.13285981862903,-0.64347802706709),(45.3389159375731,0.13285981862903,
-0.538520923337842),(45.3404387647216,0.12285997121692,-0.673807540616895),
(45.3404387647216,0.12285997121692,-0.508191600522901),(45.3404387647216,
0.13285981862903,-0.673807540616895),(45.3404387647216,0.13285981862903,
-0.508191600522901),(45.3454024488036,0.12285997121692,-0.631279197416211),
(45.3454024488036,0.12285997121692,-0.550719848356153),(45.3454024488036,
0.13285981862903,-0.631279197416211),(45.3454024488036,0.13285981862903,
-0.550719848356153),(45.3501280957763,0.12285997121692,-0.618296256742383),
(45.3501280957763,0.12285997121692,-0.563702789029981),(45.3501280957763,
0.13285981862903,-0.618296256742383),(45.3501280957763,0.13285981862903,
-0.563702789029981),(45.3503264600341,0.12285997121692,-0.662193313321973),
(45.3503264600341,0.12285997121692,-0.519805732450391),(45.3503264600341,
0.13285981862903,-0.662193313321973),(45.3503264600341,0.13285981862903,
-0.519805732450391),(45.3530005628173,0.12285997121692,-0.604781928739454),
(45.3530005628173,0.12285997121692,-0.577217117032911),(45.3530005628173,
0.13285981862903,-0.604781928739454),(45.3530005628173,0.13285981862903,
-0.577217117032911),(45.3539641553466,0.12285997121692,-0.59099942751875),
(45.3539641553466,0.13285981862903,-0.59099942751875),(45.3586470777098,
0.12285997121692,-0.649410262784864),(45.3586470777098,0.12285997121692,
-0.5325887829875),(45.3586470777098,0.13285981862903,-0.649410262784864),
(45.3586470777098,0.13285981862903,-0.5325887829875),(45.3652648145262,
0.12285997121692,-0.635668006620313),(45.3652648145262,0.12285997121692,
-0.546331039152051),(45.3652648145262,0.13285981862903,-0.635668006620313),
(45.3652648145262,0.13285981862903,-0.546331039152051),(45.3700713330809,
0.12285997121692,-0.621192374906446),(45.3700713330809,0.12285997121692,
-0.560806670865918),(45.3700713330809,0.13285981862903,-0.621192374906446),
(45.3700713330809,0.13285981862903,-0.560806670865918),(45.3729865247313,
0.12285997121692,-0.606220832548047),(45.3729865247313,0.12285997121692,
-0.575778213224317),(45.3729865247313,0.13285981862903,-0.606220832548047),
(45.3729865247313,0.13285981862903,-0.575778213224317),(45.3739638501708,
0.12285997121692,-0.59099942751875),(45.3739638501708,0.13285981862903,
-0.59099942751875)));
#1378=COORDINATES_LIST('',188,((45.1358878308837,0.12285997121692,0.403503784456347),
(45.1358878308837,0.12285997121692,0.418603786745166),(45.1358878308837,
0.13285981862903,0.403503784456347),(45.1358878308837,0.13285981862903,
0.418603786745166),(45.1378188306395,0.12285997121692,0.388527855196094),
(45.1378188306395,0.12285997121692,0.433579811372851),(45.1378188306395,
0.13285981862903,0.388527855196094),(45.1378188306395,0.13285981862903,
0.433579811372851),(45.1416487866942,0.12285997121692,0.373921760835742),
(45.1416487866942,0.12285997121692,0.448185905733203),(45.1416487866942,
0.13285981862903,0.373921760835742),(45.1416487866942,0.13285981862903,
0.448185905733203),(45.1473151380126,0.12285997121692,0.359925255098437),
(45.1473151380126,0.12285997121692,0.462182220735644),(45.1473151380126,
0.13285981862903,0.359925255098437),(45.1473151380126,0.13285981862903,
0.462182220735644),(45.1547248059813,0.12285997121692,0.346768364229297),
(45.1547248059813,0.12285997121692,0.475339111604785),(45.1547248059813,
0.13285981862903,0.346768364229297),(45.1547248059813,0.13285981862903,
0.475339111604785),(45.1558837110106,0.12285997121692,0.404228863039111),
(45.1558837110106,0.12285997121692,0.417878708162402),(45.1558837110106,
0.13285981862903,0.404228863039111),(45.1558837110106,0.13285981862903,
0.417878708162402),(45.1577834302489,0.12285997121692,0.390711960115527),
(45.1577834302489,0.12285997121692,0.431395706453418),(45.1577834302489,
0.13285981862903,0.390711960115527),(45.1577834302489,0.13285981862903,
0.431395706453418),(45.1615454846923,0.12285997121692,0.377590832033252),
(45.1615454846923,0.12285997121692,0.444516739168262),(45.1615454846923,
0.13285981862903,0.377590832033252),(45.1615454846923,0.13285981862903,
0.444516739168262),(45.1637564832274,0.12285997121692,0.334667095460986),
(45.1637564832274,0.12285997121692,0.487440475740527),(45.1637564832274,
0.13285981862903,0.334667095460986),(45.1637564832274,0.13285981862903,
0.487440475740527),(45.1670973950926,0.12285997121692,0.365121063509082),
(45.1670973950926,0.12285997121692,0.456986507692431),(45.1670973950926,
0.13285981862903,0.365121063509082),(45.1670973950926,0.13285981862903,
0.456986507692431),(45.1742613965575,0.12285997121692,0.323820099153613),
(45.1742613965575,0.12285997121692,0.498287567415332),(45.1742613965575,
0.13285981862903,0.323820099153613),(45.1742613965575,0.13285981862903,
0.498287567415332),(45.1743308240477,0.12285997121692,0.353545364656543),
(45.1743308240477,0.12285997121692,0.468562206544971),(45.1743308240477,
0.13285981862903,0.353545364656543),(45.1743308240477,0.13285981862903,
0.468562206544971),(45.1831046277587,0.12285997121692,0.34308899334917),
(45.1831046277587,0.12285997121692,0.479018577852344),(45.1831046277587,
0.13285981862903,0.34308899334917),(45.1831046277587,0.13285981862903,0.479018577852344),
(45.1860671216551,0.12285997121692,0.314405426302051),(45.1860671216551,
0.12285997121692,0.507702240266894),(45.1860671216551,0.13285981862903,
0.314405426302051),(45.1860671216551,0.13285981862903,0.507702240266894),
(45.1932486707274,0.12285997121692,0.333955559053515),(45.1932486707274,
0.12285997121692,0.488152107515429),(45.1932486707274,0.13285981862903,
0.333955559053515),(45.1932486707274,0.13285981862903,0.488152107515429),
(45.1989791089598,0.12285997121692,0.306577667512988),(45.1989791089598,
0.12285997121692,0.515529903688525),(45.1989791089598,0.13285981862903,
0.306577667512988),(45.1989791089598,0.13285981862903,0.515529903688525),
(45.2045653516356,0.12285997121692,0.326322540559863),(45.2045653516356,
0.12285997121692,0.495784935274218),(45.2045653516356,0.13285981862903,
0.326322540559863),(45.2045653516356,0.13285981862903,0.495784935274218),
(45.2127867871825,0.12285997121692,0.300465473451709),(45.2127867871825,
0.12285997121692,0.521642097749804),(45.2127867871825,0.13285981862903,
0.300465473451709),(45.2127867871825,0.13285981862903,0.521642097749804),
(45.2168334180419,0.12285997121692,0.320338901796435),(45.2168334180419,
0.12285997121692,0.501768669405078),(45.2168334180419,0.13285981862903,
0.320338901796435),(45.2168334180419,0.13285981862903,0.501768669405078),
(45.2272628003661,0.12285997121692,0.296169075288867),(45.2272628003661,
0.12285997121692,0.525938400545215),(45.2272628003661,0.13285981862903,
0.296169075288867),(45.2272628003661,0.13285981862903,0.525938400545215),
(45.2298148328368,0.12285997121692,0.316120895662402),(45.2298148328368,
0.12285997121692,0.505986675539111),(45.2298148328368,0.13285981862903,
0.316120895662402),(45.2298148328368,0.13285981862903,0.505986675539111),
(45.2421691114013,0.12285997121692,0.293759140291308),(45.2421691114013,
0.12285997121692,0.528348430910205),(45.2421691114013,0.13285981862903,
0.293759140291308),(45.2421691114013,0.13285981862903,0.528348430910205),
(45.2432578260009,0.12285997121692,0.313750633516406),(45.2432578260009,
0.12285997121692,0.508356937685107),(45.2432578260009,0.13285981862903,
0.313750633516406),(45.2432578260009,0.13285981862903,0.508356937685107),
(45.2568991834227,0.12285997121692,0.313274273195361),(45.2568991834227,
0.12285997121692,0.508833298006152),(45.2568991834227,0.13285981862903,
0.313274273195361),(45.2568991834227,0.13285981862903,0.508833298006152),
(45.257261579663,0.12285997121692,0.293275245943164),(45.257261579663,0.12285997121692,
0.528832420625781),(45.257261579663,0.13285981862903,0.293275245943164),
(45.257261579663,0.13285981862903,0.528832420625781),(45.2704741651122,
0.12285997121692,0.314701065340137),(45.2704741651122,0.12285997121692,
0.507406601228808),(45.2704741651122,0.13285981862903,0.314701065340137),
(45.2704741651122,0.13285981862903,0.507406601228808),(45.2722914868895,
0.12285997121692,0.294725117006396),(45.2722914868895,0.12285997121692,
0.527382454195117),(45.2722914868895,0.13285981862903,0.294725117006396),
(45.2722914868895,0.13285981862903,0.527382454195117),(45.2837187940184,
0.12285997121692,0.318003258028125),(45.2837187940184,0.12285997121692,
0.50410440854082),(45.2837187940184,0.13285981862903,0.318003258028125),
(45.2837187940184,0.13285981862903,0.50410440854082),(45.287013166577,0.12285997121692,
0.298085197725391),(45.287013166577,0.12285997121692,0.524022373476123),
(45.287013166577,0.13285981862903,0.298085197725391),(45.287013166577,0.13285981862903,
0.524022373476123),(45.2963744336669,0.12285997121692,0.3231165736104),
(45.2963744336669,0.12285997121692,0.498990997591113),(45.2963744336669,
0.13285981862903,0.3231165736104),(45.2963744336669,0.13285981862903,0.498990997591113),
(45.3011840039794,0.12285997121692,0.303300174989795),(45.3011840039794,
0.12285997121692,0.518807396211718),(45.3011840039794,0.13285981862903,
0.303300174989795),(45.3011840039794,0.13285981862903,0.518807396211718),
(45.3081954175536,0.12285997121692,0.32994144848833),(45.3081954175536,
0.12285997121692,0.492166122713183),(45.3081954175536,0.13285981862903,
0.32994144848833),(45.3081954175536,0.13285981862903,0.492166122713183),
(45.3145713025634,0.12285997121692,0.310284504213428),(45.3145713025634,
0.12285997121692,0.511823066988086),(45.3145713025634,0.13285981862903,
0.310284504213428),(45.3145713025634,0.13285981862903,0.511823066988086),
(45.3189521009032,0.12285997121692,0.33834513119707),(45.3189521009032,
0.12285997121692,0.483762440004443),(45.3189521009032,0.13285981862903,
0.33834513119707),(45.3189521009032,0.13285981862903,0.483762440004443),
(45.3269560987059,0.12285997121692,0.318923458376025),(45.3269560987059,
0.12285997121692,0.503184112825488),(45.3269560987059,0.13285981862903,
0.318923458376025),(45.3269560987059,0.13285981862903,0.503184112825488),
(45.3284339124266,0.12285997121692,0.348163971223926),(45.3284339124266,
0.12285997121692,0.473943599977588),(45.3284339124266,0.13285981862903,
0.348163971223926),(45.3284339124266,0.13285981862903,0.473943599977588),
(45.3364569837157,0.12285997121692,0.35920694760332),(45.3364569837157,
0.12285997121692,0.462900623598193),(45.3364569837157,0.13285981862903,
0.35920694760332),(45.3364569837157,0.13285981862903,0.462900623598193),
(45.3381339246337,0.12285997121692,0.329075226106738),(45.3381339246337,
0.12285997121692,0.493032440462207),(45.3381339246337,0.13285981862903,
0.329075226106738),(45.3381339246337,0.13285981862903,0.493032440462207),
(45.3428649121825,0.12285997121692,0.371259006776904),(45.3428649121825,
0.12285997121692,0.450848564424609),(45.3428649121825,0.13285981862903,
0.371259006776904),(45.3428649121825,0.13285981862903,0.450848564424609),
(45.3475333386962,0.12285997121692,0.384085640230273),(45.3475333386962,
0.12285997121692,0.43802193097124),(45.3475333386962,0.13285981862903,0.384085640230273),
(45.3475333386962,0.13285981862903,0.43802193097124),(45.3479224378173,
0.12285997121692,0.340572914400195),(45.3479224378173,0.12285997121692,
0.481534561433886),(45.3479224378173,0.13285981862903,0.340572914400195),
(45.3479224378173,0.13285981862903,0.481534561433886),(45.3503714734618,
0.12285997121692,0.397437271394824),(45.3503714734618,0.12285997121692,
0.424670395174121),(45.3503714734618,0.13285981862903,0.397437271394824),
(45.3503714734618,0.13285981862903,0.424670395174121),(45.3513236218993,
0.12285997121692,0.411053833284473),(45.3513236218993,0.13285981862903,
0.411053833284473),(45.3561598950927,0.12285997121692,0.353228077211475),
(45.3561598950927,0.12285997121692,0.468879493990039),(45.3561598950927,
0.13285981862903,0.353228077211475),(45.3561598950927,0.13285981862903,
0.468879493990039),(45.3627120191161,0.12285997121692,0.366832718172168),
(45.3627120191161,0.12285997121692,0.455274948396777),(45.3627120191161,
0.13285981862903,0.366832718172168),(45.3627120191161,0.13285981862903,
0.455274948396777),(45.3674697095458,0.12285997121692,0.381163391389941),
(45.3674697095458,0.12285997121692,0.440944275179004),(45.3674697095458,
0.13285981862903,0.381163391389941),(45.3674697095458,0.13285981862903,
0.440944275179004),(45.370355909497,0.12285997121692,0.395984825410937),
(45.370355909497,0.12285997121692,0.426122745790576),(45.370355909497,0.13285981862903,
0.395984825410937),(45.370355909497,0.13285981862903,0.426122745790576),
(45.371324079663,0.12285997121692,0.411053833284472),(45.371324079663,0.13285981862903,
0.411053833284472)));
#1379=COORDINATES_LIST('',188,((45.133416669995,0.12285997121692,0.654252990999316),
(45.133416669995,0.12285997121692,0.669292816438769),(45.133416669995,0.13285981862903,
0.654252990999316),(45.133416669995,0.13285981862903,0.669292816438769),
(45.1353400403563,0.12285997121692,0.639336761751269),(45.1353400403563,
0.12285997121692,0.684208854951953),(45.1353400403563,0.13285981862903,
0.639336761751269),(45.1353400403563,0.13285981862903,0.684208854951953),
(45.139154737622,0.12285997121692,0.624789032259082),(45.139154737622,0.12285997121692,
0.698756775179004),(45.139154737622,0.13285981862903,0.624789032259082),
(45.139154737622,0.13285981862903,0.698756775179004),(45.1447989636962,
0.12285997121692,0.61084850720415),(45.1447989636962,0.12285997121692,0.712697204866504),
(45.1447989636962,0.13285981862903,0.61084850720415),(45.1447989636962,
0.13285981862903,0.712697204866504),(45.1521788770263,0.12285997121692,
0.597744163789843),(45.1521788770263,0.12285997121692,0.725801452913379),
(45.1521788770263,0.13285981862903,0.597744163789843),(45.1521788770263,
0.13285981862903,0.725801452913379),(45.1534125501219,0.12285997121692,
0.654980835237597),(45.1534125501219,0.12285997121692,0.668564972200488),
(45.1534125501219,0.13285981862903,0.654980835237597),(45.1534125501219,
0.13285981862903,0.668564972200488),(45.1553031140868,0.12285997121692,
0.641528686800097),(45.1553031140868,0.12285997121692,0.682016929903125),
(45.1553031140868,0.13285981862903,0.641528686800097),(45.1553031140868,
0.13285981862903,0.682016929903125),(45.1590476209227,0.12285997121692,
0.628470787325),(45.1590476209227,0.12285997121692,0.695074829378222),(45.1590476209227,
0.13285981862903,0.628470787325),(45.1590476209227,0.13285981862903,0.695074829378222),
(45.1611739331786,0.12285997121692,0.585691150941943),(45.1611739331786,
0.12285997121692,0.737854561128711),(45.1611739331786,0.13285981862903,
0.585691150941943),(45.1611739331786,0.13285981862903,0.737854561128711),
(45.1645728284423,0.12285997121692,0.616061004915332),(45.1645728284423,
0.12285997121692,0.70748461178789),(45.1645728284423,0.13285981862903,0.616061004915332),
(45.1645728284423,0.13285981862903,0.70748461178789),(45.1716368848387,
0.12285997121692,0.574887451448535),(45.1716368848387,0.12285997121692,
0.74865835598955),(45.1716368848387,0.13285981862903,0.574887451448535),
(45.1716368848387,0.13285981862903,0.74865835598955),(45.1717711621825,
0.12285997121692,0.604541000642871),(45.1717711621825,0.12285997121692,
0.719004806795214),(45.1717711621825,0.13285981862903,0.604541000642871),
(45.1717711621825,0.13285981862903,0.719004806795214),(45.1805030042235,
0.12285997121692,0.594134887971972),(45.1805030042235,0.12285997121692,
0.729410919466113),(45.1805030042235,0.13285981862903,0.594134887971972),
(45.1805030042235,0.13285981862903,0.729410919466113),(45.1833953076903,
0.12285997121692,0.565510353365039),(45.1833953076903,0.12285997121692,
0.758035263338183),(45.1833953076903,0.13285981862903,0.565510353365039),
(45.1833953076903,0.13285981862903,0.758035263338183),(45.1905982190673,
0.12285997121692,0.585045322694873),(45.1905982190673,0.12285997121692,
0.738500389375781),(45.1905982190673,0.13285981862903,0.585045322694873),
(45.1905982190673,0.13285981862903,0.738500389375781),(45.1962569409911,
0.12285997121692,0.557713875093554),(45.1962569409911,0.12285997121692,
0.765831741609668),(45.1962569409911,0.13285981862903,0.557713875093554),
(45.1962569409911,0.13285981862903,0.765831741609668),(45.2018599683348,
0.12285997121692,0.577449116029834),(45.2018599683348,0.12285997121692,
0.74609659604082),(45.2018599683348,0.13285981862903,0.577449116029834),
(45.2018599683348,0.13285981862903,0.74609659604082),(45.2100089246337,
0.12285997121692,0.551626095094775),(45.2100089246337,0.12285997121692,
0.771919616975878),(45.2100089246337,0.13285981862903,0.551626095094775),
(45.2100089246337,0.13285981862903,0.771919616975878),(45.2140692884032,
0.12285997121692,0.571494278230761),(45.2140692884032,0.12285997121692,
0.752051529207324),(45.2140692884032,0.13285981862903,0.571494278230761),
(45.2140692884032,0.13285981862903,0.752051529207324),(45.2244269544188,
0.12285997121692,0.547346863069629),(45.2244269544188,0.12285997121692,
0.776198944368457),(45.2244269544188,0.13285981862903,0.547346863069629),
(45.2244269544188,0.13285981862903,0.776198944368457),(45.2269889051024,
0.12285997121692,0.567296489992236),(45.2269889051024,0.12285997121692,
0.756249222078418),(45.2269889051024,0.13285981862903,0.567296489992236),
(45.2269889051024,0.13285981862903,0.756249222078418),(45.2392737561766,
0.12285997121692,0.544946560182666),(45.2392737561766,0.12285997121692,
0.778599151887988),(45.2392737561766,0.13285981862903,0.544946560182666),
(45.2392737561766,0.13285981862903,0.778599151887988),(45.2403662854735,
0.12285997121692,0.564937576570605),(45.2403662854735,0.12285997121692,
0.75860823086748),(45.2403662854735,0.13285981862903,0.564937576570605),
(45.2403662854735,0.13285981862903,0.75860823086748),(45.2539420301024,
0.12285997121692,0.56446350506792),(45.2539420301024,0.12285997121692,0.759082207002734),
(45.2539420301024,0.13285981862903,0.56446350506792),(45.2539420301024,
0.13285981862903,0.759082207002734),(45.2543059522216,0.12285997121692,
0.544464477815722),(45.2543059522216,0.12285997121692,0.779081329622363),
(45.2543059522216,0.13285981862903,0.544464477815722),(45.2543059522216,
0.13285981862903,0.779081329622363),(45.2674521619384,0.12285997121692,
0.565883430757617),(45.2674521619384,0.12285997121692,0.757662185945605),
(45.2674521619384,0.13285981862903,0.565883430757617),(45.2674521619384,
0.13285981862903,0.757662185945605),(45.2692763501708,0.12285997121692,
0.545908722200488),(45.2692763501708,0.12285997121692,0.777637085237597),
(45.2692763501708,0.13285981862903,0.545908722200488),(45.2692763501708,
0.13285981862903,0.777637085237597),(45.2806327039305,0.12285997121692,
0.569169792451953),(45.2806327039305,0.12285997121692,0.754375824251269),
(45.2806327039305,0.13285981862903,0.569169792451953),(45.2806327039305,
0.13285981862903,0.754375824251269),(45.2839385205809,0.12285997121692,
0.549255356111621),(45.2839385205809,0.12285997121692,0.774290451326464),
(45.2839385205809,0.13285981862903,0.549255356111621),(45.2839385205809,
0.13285981862903,0.774290451326464),(45.2932280713622,0.12285997121692,
0.574258503236865),(45.2932280713622,0.12285997121692,0.749287208833789),
(45.2932280713622,0.13285981862903,0.574258503236865),(45.2932280713622,
0.13285981862903,0.749287208833789),(45.2980529004637,0.12285997121692,
0.554449447908496),(45.2980529004637,0.12285997121692,0.769096168794726),
(45.2980529004637,0.13285981862903,0.554449447908496),(45.2980529004637,
0.13285981862903,0.769096168794726),(45.3049918347899,0.12285997121692,
0.58105057171831),(45.3049918347899,0.12285997121692,0.742495140352343),
(45.3049918347899,0.13285981862903,0.58105057171831),(45.3049918347899,
0.13285981862903,0.742495140352343),(45.3113875562255,0.12285997121692,
0.56140592984209),(45.3113875562255,0.12285997121692,0.762139877595996),
(45.3113875562255,0.13285981862903,0.56140592984209),(45.3113875562255,
0.13285981862903,0.762139877595996),(45.3156966382567,0.12285997121692,
0.589413818636035),(45.3156966382567,0.12285997121692,0.734131988802051),
(45.3156966382567,0.13285981862903,0.589413818636035),(45.3156966382567,
0.13285981862903,0.734131988802051),(45.3237219983641,0.12285997121692,
0.570010360994433),(45.3237219983641,0.12285997121692,0.753535446443652),
(45.3237219983641,0.13285981862903,0.570010360994433),(45.3237219983641,
0.13285981862903,0.753535446443652),(45.325132673413,0.12285997121692,0.59918554715166),
(45.325132673413,0.12285997121692,0.724360260286426),(45.325132673413,0.13285981862903,
0.59918554715166),(45.325132673413,0.13285981862903,0.724360260286426),
(45.3331175977294,0.12285997121692,0.610175308504199),(45.3331175977294,
0.12285997121692,0.713370498933886),(45.3331175977294,0.13285981862903,
0.610175308504199),(45.3331175977294,0.13285981862903,0.713370498933886),
(45.3348555738036,0.12285997121692,0.580121597566699),(45.3348555738036,
0.12285997121692,0.743424209871386),(45.3348555738036,0.13285981862903,
0.580121597566699),(45.3348555738036,0.13285981862903,0.743424209871386),
(45.339495008618,0.12285997121692,0.622169479646777),(45.339495008618,0.12285997121692,
0.701376327791308),(45.339495008618,0.13285981862903,0.622169479646777),
(45.339495008618,0.13285981862903,0.701376327791308),(45.3441413098876,
0.12285997121692,0.634934410371875),(45.3441413098876,0.12285997121692,
0.688611206331347),(45.3441413098876,0.13285981862903,0.634934410371875),
(45.3441413098876,0.13285981862903,0.688611206331347),(45.3446051770751,
0.12285997121692,0.591573414125537),(45.3446051770751,0.12285997121692,
0.731972297945117),(45.3446051770751,0.13285981862903,0.591573414125537),
(45.3446051770751,0.13285981862903,0.731972297945117),(45.3469649488036,
0.12285997121692,0.6482217638875),(45.3469649488036,0.12285997121692,0.675323852815722),
(45.3469649488036,0.13285981862903,0.6482217638875),(45.3469649488036,0.13285981862903,
0.675323852815722),(45.3479125196044,0.12285997121692,0.661772903719042),
(45.3479125196044,0.13285981862903,0.661772903719042),(45.352809827954,
0.12285997121692,0.604178032198047),(45.352809827954,0.12285997121692,0.719367584505175),
(45.352809827954,0.13285981862903,0.604178032198047),(45.352809827954,0.13285981862903,
0.719367584505175),(45.3593352490966,0.12285997121692,0.617728218355273),
(45.3593352490966,0.12285997121692,0.705817398347949),(45.3593352490966,
0.13285981862903,0.617728218355273),(45.3593352490966,0.13285981862903,
0.705817398347949),(45.3640746289794,0.12285997121692,0.632001861848925),
(45.3640746289794,0.12285997121692,0.69154394558916),(45.3640746289794,
0.13285981862903,0.632001861848925),(45.3640746289794,0.13285981862903,
0.69154394558916),(45.3669493848387,0.12285997121692,0.646763977327441),
(45.3669493848387,0.12285997121692,0.676781639375781),(45.3669493848387,
0.13285981862903,0.646763977327441),(45.3669493848387,0.13285981862903,
0.676781639375781),(45.367912977368,0.12285997121692,0.661772903719043),
(45.367912977368,0.13285981862903,0.661772903719043)));
#1380=COORDINATES_LIST('',188,((45.1292617017333,0.12285997121692,-0.0978621632670412),
(45.1292617017333,0.12285997121692,-0.0826231152628909),(45.1292617017333,
0.13285981862903,-0.0978621632670412),(45.1292617017333,0.13285981862903,
-0.0826231152628909),(45.1312102490966,0.12285997121692,-0.112975993833447),
(45.1312102490966,0.12285997121692,-0.0675092846964845),(45.1312102490966,
0.13285981862903,-0.112975993833447),(45.1312102490966,0.13285981862903,
-0.0675092846964845),(45.1350760633056,0.12285997121692,-0.127716651639844),
(45.1350760633056,0.12285997121692,-0.0527687222575198),(45.1350760633056,
0.13285981862903,-0.127716651639844),(45.1350760633056,0.13285981862903,
-0.0527687222575198),(45.1407942945067,0.12285997121692,-0.141841903409863),
(45.1407942945067,0.12285997121692,-0.0386433751200687),(45.1407942945067,
0.13285981862903,-0.141841903409863),(45.1407942945067,0.13285981862903,
-0.0386433751200687),(45.1482726270263,0.12285997121692,-0.155119910917188),
(45.1482726270263,0.12285997121692,-0.0253653676127443),(45.1482726270263,
0.13285981862903,-0.155119910917188),(45.1482726270263,0.13285981862903,
-0.0253653676127443),(45.1492583447997,0.12285997121692,-0.0971432835673343),
(45.1492583447997,0.12285997121692,-0.0833420903300294),(45.1492583447997,
0.13285981862903,-0.0971432835673343),(45.1492583447997,0.13285981862903,
-0.0833420903300294),(45.1511794263427,0.12285997121692,-0.110810104093457),
(45.1511794263427,0.12285997121692,-0.0696751744364748),(45.1511794263427,
0.13285981862903,-0.110810104093457),(45.1511794263427,0.13285981862903,
-0.0696751744364748),(45.1549834424559,0.12285997121692,-0.124076667508985),
(45.1549834424559,0.12285997121692,-0.0564086110209475),(45.1549834424559,
0.13285981862903,-0.124076667508985),(45.1549834424559,0.13285981862903,
-0.0564086110209475),(45.1573874646727,0.12285997121692,-0.167332664213086),
(45.1573874646727,0.12285997121692,-0.013152614316846),(45.1573874646727,
0.13285981862903,-0.167332664213086),(45.1573874646727,0.13285981862903,
-0.013152614316846),(45.1605963880126,0.12285997121692,-0.136684718809033),
(45.1605963880126,0.12285997121692,-0.0438005597208986),(45.1605963880126,
0.13285981862903,-0.136684718809033),(45.1605963880126,0.13285981862903,
-0.0438005597208986),(45.1679099256102,0.12285997121692,-0.148388782224561),
(45.1679099256102,0.12285997121692,-0.0320964963053713),(45.1679099256102,
0.13285981862903,-0.148388782224561),(45.1679099256102,0.13285981862903,
-0.0320964963053713),(45.1679885083739,0.12285997121692,-0.178279605588819),
(45.1679885083739,0.12285997121692,-0.00220576830854515),(45.1679885083739,
0.13285981862903,-0.178279605588819),(45.1679885083739,0.13285981862903,
-0.00220576830854515),(45.1767813855712,0.12285997121692,-0.158961120328809),
(45.1767813855712,0.12285997121692,-0.0215241582011232),(45.1767813855712,
0.13285981862903,-0.158961120328809),(45.1767813855712,0.13285981862903,
-0.0215241582011232),(45.1799033338134,0.12285997121692,-0.187780967435742),
(45.1799033338134,0.12285997121692,0.00729559353837865),(45.1799033338134,
0.13285981862903,-0.187780967435742),(45.1799033338134,0.13285981862903,
0.00729559353837865),(45.1870375806395,0.12285997121692,-0.168195930204297),
(45.1870375806395,0.12285997121692,-0.012289348325635),(45.1870375806395,
0.13285981862903,-0.168195930204297),(45.1870375806395,0.13285981862903,
-0.012289348325635),(45.1929343396727,0.12285997121692,-0.195680728635694),
(45.1929343396727,0.12285997121692,0.0151954501057615),(45.1929343396727,
0.13285981862903,-0.195680728635694),(45.1929343396727,0.13285981862903,
0.0151954501057615),(45.198479383618,0.12285997121692,-0.175913444242383),
(45.198479383618,0.12285997121692,-0.00457183428754905),(45.198479383618,
0.13285981862903,-0.175913444242383),(45.198479383618,0.13285981862903,
-0.00457183428754905),(45.2068694287841,0.12285997121692,-0.201849189481641),
(45.2068694287841,0.12285997121692,0.0213639109517087),(45.2068694287841,
0.13285981862903,-0.201849189481641),(45.2068694287841,0.13285981862903,
0.0213639109517087),(45.2108840161864,0.12285997121692,-0.181963554105664),
(45.2108840161864,0.12285997121692,0.00147818020830055),(45.2108840161864,
0.13285981862903,-0.181963554105664),(45.2108840161864,0.13285981862903,
0.00147818020830055),(45.2214781934325,0.12285997121692,-0.206185165128613),
(45.2214781934325,0.12285997121692,0.0256997912312498),(45.2214781934325,
0.13285981862903,-0.206185165128613),(45.2214781934325,0.13285981862903,
0.0256997912312498),(45.224009626538,0.12285997121692,-0.186228290281201),
(45.224009626538,0.12285997121692,0.0057430117512693),(45.224009626538,
0.13285981862903,-0.186228290281201),(45.224009626538,0.13285981862903,
0.0057430117512693),(45.2365218335692,0.12285997121692,-0.208617225370313),
(45.2365218335692,0.12285997121692,0.0281319468403806),(45.2365218335692,
0.13285981862903,-0.208617225370313),(45.2365218335692,0.13285981862903,
0.0281319468403806),(45.2376013928954,0.12285997121692,-0.18862487383833),
(45.2376013928954,0.12285997121692,0.0081395953083982),(45.2376013928954,
0.13285981862903,-0.18862487383833),(45.2376013928954,0.13285981862903,
0.0081395953083982),(45.251393812329,0.12285997121692,-0.189106574735547),
(45.251393812329,0.12285997121692,0.00862120083818335),(45.251393812329,
0.13285981862903,-0.189106574735547),(45.251393812329,0.13285981862903,
0.00862120083818335),(45.2517531568114,0.12285997121692,-0.209105697355176),
(45.2517531568114,0.12285997121692,0.0286204188252439),(45.2517531568114,
0.13285981862903,-0.209105697355176),(45.2517531568114,0.13285981862903,
0.0286204188252439),(45.2651198560302,0.12285997121692,-0.187663951597119),
(45.2651198560302,0.12285997121692,0.0071785776997556),(45.2651198560302,
0.13285981862903,-0.187663951597119),(45.2651198560302,0.13285981862903,
0.0071785776997556),(45.2669219190184,0.12285997121692,-0.207642379484082),
(45.2669219190184,0.12285997121692,0.0271571009541502),(45.2669219190184,
0.13285981862903,-0.207642379484082),(45.2669219190184,0.13285981862903,
0.0271571009541502),(45.2785109693114,0.12285997121692,-0.184325137815381),
(45.2785109693114,0.12285997121692,0.00383976391801735),(45.2785109693114,
0.13285981862903,-0.184325137815381),(45.2785109693114,0.13285981862903,
0.00383976391801735),(45.2817786389891,0.12285997121692,-0.204251399717237),
(45.2817786389891,0.12285997121692,0.0237661211873045),(45.2817786389891,
0.13285981862903,-0.204251399717237),(45.2817786389891,0.13285981862903,
0.0237661211873045),(45.2913069898192,0.12285997121692,-0.179155078611279),
(45.2913069898192,0.12285997121692,-0.0013301999186526),(45.2913069898192,
0.13285981862903,-0.179155078611279),(45.2913069898192,0.13285981862903,
-0.0013301999186526),(45.296079939038,0.12285997121692,-0.198988357267285),
(45.296079939038,0.12285997121692,0.0185030787373533),(45.296079939038,
0.13285981862903,-0.198988357267285),(45.296079939038,0.13285981862903,
0.0185030787373533),(45.3032591992919,0.12285997121692,-0.172254481992627),
(45.3032591992919,0.12285997121692,-0.00823079653730495),(45.3032591992919,
0.13285981862903,-0.172254481992627),(45.3032591992919,0.13285981862903,
-0.00823079653730495),(45.3095908338134,0.12285997121692,-0.191939750394727),
(45.3095908338134,0.12285997121692,0.0114544718647947),(45.3095908338134,
0.13285981862903,-0.191939750394727),(45.3095908338134,0.13285981862903,
0.0114544718647947),(45.3141349011962,0.12285997121692,-0.163757625303174),
(45.3141349011962,0.12285997121692,-0.016727653226758),(45.3141349011962,
0.13285981862903,-0.163757625303174),(45.3141349011962,0.13285981862903,
-0.016727653226758),(45.3220893079345,0.12285997121692,-0.183221259794141),
(45.3220893079345,0.12285997121692,0.00273598126420875),(45.3220893079345,
0.13285981862903,-0.183221259794141),(45.3220893079345,0.13285981862903,
0.00273598126420875),(45.3237219983641,0.12285997121692,-0.153829875669385),
(45.3237219983641,0.12285997121692,-0.0266554028605472),(45.3237219983641,
0.13285981862903,-0.153829875669385),(45.3237219983641,0.13285981862903,
-0.0266554028605472),(45.3318343335692,0.12285997121692,-0.142664447507764),
(45.3318343335692,0.12285997121692,-0.0378208310221683),(45.3318343335692,
0.13285981862903,-0.142664447507764),(45.3318343335692,0.13285981862903,
-0.0378208310221683),(45.3333708936278,0.12285997121692,-0.172976127347852),
(45.3333708936278,0.12285997121692,-0.00750924654951195),(45.3333708936278,
0.13285981862903,-0.172976127347852),(45.3333708936278,0.13285981862903,
-0.00750924654951195),(45.3383132154052,0.12285997121692,-0.130478778562451),
(45.3383132154052,0.12285997121692,-0.0500065953349124),(45.3383132154052,
0.13285981862903,-0.130478778562451),(45.3383132154052,0.13285981862903,
-0.0500065953349124),(45.3430335218016,0.12285997121692,-0.117509856901074),
(45.3430335218016,0.12285997121692,-0.0629754216288577),(45.3430335218016,
0.13285981862903,-0.117509856901074),(45.3430335218016,0.13285981862903,
-0.0629754216288577),(45.3432486707274,0.12285997121692,-0.161372485837842),
(45.3432486707274,0.12285997121692,-0.0191128880595217),(45.3432486707274,
0.13285981862903,-0.161372485837842),(45.3432486707274,0.13285981862903,
-0.0191128880595217),(45.3459029370848,0.12285997121692,-0.104010215482617),
(45.3459029370848,0.12285997121692,-0.0764750630473149),(45.3459029370848,
0.13285981862903,-0.104010215482617),(45.3459029370848,0.13285981862903,
-0.0764750630473149),(45.3468657666747,0.12285997121692,-0.0902426869486818),
(45.3468657666747,0.13285981862903,-0.0902426869486818),(45.3515624219481,
0.12285997121692,-0.148600784025098),(45.3515624219481,0.12285997121692,
-0.0318844945048343),(45.3515624219481,0.13285981862903,-0.148600784025098),
(45.3515624219481,0.13285981862903,-0.0318844945048343),(45.3581740552489,
0.12285997121692,-0.13487092562666),(45.3581740552489,0.12285997121692,
-0.0456143529032717),(45.3581740552489,0.13285981862903,-0.13487092562666),
(45.3581740552489,0.13285981862903,-0.0456143529032717),(45.3629759961669,
0.12285997121692,-0.120408263883496),(45.3629759961669,0.12285997121692,
-0.0600770146464358),(45.3629759961669,0.13285981862903,-0.120408263883496),
(45.3629759961669,0.13285981862903,-0.0600770146464358),(45.3658896619384,
0.12285997121692,-0.105450359067822),(45.3658896619384,0.12285997121692,
-0.0750350148295413),(45.3658896619384,0.13285981862903,-0.105450359067822),
(45.3658896619384,0.13285981862903,-0.0750350148295413),(45.3668654614989,
0.12285997121692,-0.0902426869486818),(45.3668654614989,0.13285981862903,
-0.0902426869486818)));
#1381=COORDINATES_LIST('',190,((45.128557508618,0.12285997121692,0.912121757783984),
(45.128557508618,0.13285981862903,0.912121757783984),(45.1295111829345,
0.12285997121692,0.896959289827441),(45.1295111829345,0.12285997121692,
0.927284225740527),(45.1295111829345,0.13285981862903,0.896959289827441),
(45.1295111829345,0.13285981862903,0.927284225740527),(45.1323584729735,
0.12285997121692,0.882035812654589),(45.1323584729735,0.12285997121692,
0.942207702913378),(45.1323584729735,0.13285981862903,0.882035812654589),
(45.1323584729735,0.13285981862903,0.942207702913378),(45.1370528394286,
0.12285997121692,0.867586883821582),(45.1370528394286,0.12285997121692,
0.956656631746386),(45.1370528394286,0.13285981862903,0.867586883821582),
(45.1370528394286,0.13285981862903,0.956656631746386),(45.1435218030516,
0.12285997121692,0.853840240755175),(45.1435218030516,0.12285997121692,
0.970403084077929),(45.1435218030516,0.13285981862903,0.853840240755175),
(45.1435218030516,0.13285981862903,0.970403084077929),(45.1488036328856,
0.12285997121692,0.905077919283007),(45.1488036328856,0.12285997121692,
0.919165596284961),(45.1488036328856,0.13285981862903,0.905077919283007),
(45.1488036328856,0.13285981862903,0.919165596284961),(45.1507643872801,
0.12285997121692,0.891127380647754),(45.1507643872801,0.12285997121692,
0.933116134920214),(45.1507643872801,0.13285981862903,0.891127380647754),
(45.1507643872801,0.13285981862903,0.933116134920214),(45.1516623670165,
0.12285997121692,0.841012939729785),(45.1516623670165,0.12285997121692,
0.983230575838183),(45.1516623670165,0.13285981862903,0.841012939729785),
(45.1516623670165,0.13285981862903,0.983230575838183),(45.1546469861571,
0.12285997121692,0.877585396089648),(45.1546469861571,0.12285997121692,
0.946657928743457),(45.1546469861571,0.13285981862903,0.877585396089648),
(45.1546469861571,0.13285981862903,0.946657928743457),(45.1603774243895,
0.12285997121692,0.864715561189746),(45.1603774243895,0.12285997121692,
0.959527763643359),(45.1603774243895,0.13285981862903,0.864715561189746),
(45.1603774243895,0.13285981862903,0.959527763643359),(45.161346357495,
0.12285997121692,0.829306968965625),(45.161346357495,0.12285997121692,0.994936546602343),
(45.161346357495,0.13285981862903,0.829306968965625),(45.161346357495,0.13285981862903,
0.994936546602343),(45.1678427869384,0.12285997121692,0.852768692293261),
(45.1678427869384,0.12285997121692,0.971474823274707),(45.1678427869384,
0.13285981862903,0.852768692293261),(45.1678427869384,0.13285981862903,
0.971474823274707),(45.1724211865966,0.12285997121692,0.818906959810351),
(45.1724211865966,0.12285997121692,1.00533636502275),(45.1724211865966,
0.13285981862903,0.818906959810351),(45.1724211865966,0.13285981862903,
1.00533636502275),(45.1768981153075,0.12285997121692,0.841976913728808),
(45.1768981153075,0.12285997121692,0.98226660183916),(45.1768981153075,
0.13285981862903,0.841976913728808),(45.1768981153075,0.13285981862903,
0.98226660183916),(45.1847121411864,0.12285997121692,0.809976944246386),
(45.1847121411864,0.12285997121692,1.01426638058672),(45.1847121411864,
0.13285981862903,0.809976944246386),(45.1847121411864,0.13285981862903,
1.01426638058672),(45.1873671704833,0.12285997121692,0.832550415315722),
(45.1873671704833,0.12285997121692,0.991693100252246),(45.1873671704833,
0.13285981862903,0.832550415315722),(45.1873671704833,0.13285981862903,
0.991693100252246),(45.1980254346434,0.12285997121692,0.802658066072558),
(45.1980254346434,0.12285997121692,1.02158544949541),(45.1980254346434,
0.13285981862903,0.802658066072558),(45.1980254346434,0.13285981862903,
1.02158544949541),(45.1990462476317,0.12285997121692,0.82467268399248),
(45.1990462476317,0.12285997121692,0.999570831575488),(45.1990462476317,
0.13285981862903,0.82467268399248),(45.1990462476317,0.13285981862903,0.999570831575488),
(45.2117079907958,0.12285997121692,0.81849707058916),(45.2117079907958,
0.12285997121692,1.00574644497881),(45.2117079907958,0.13285981862903,0.81849707058916),
(45.2117079907958,0.13285981862903,1.00574644497881),(45.212151258618,0.12285997121692,
0.797065338411425),(45.212151258618,0.12285997121692,1.02717817715654),
(45.212151258618,0.13285981862903,0.797065338411425),(45.212151258618,0.13285981862903,
1.02717817715654),(45.2251067334716,0.12285997121692,0.814143738069629),
(45.2251067334716,0.12285997121692,1.01009977749834),(45.2251067334716,
0.13285981862903,0.814143738069629),(45.2251067334716,0.13285981862903,
1.01009977749834),(45.2268660718505,0.12285997121692,0.793287071504687),
(45.2268660718505,0.12285997121692,1.03095625332842),(45.2268660718505,
0.13285981862903,0.793287071504687),(45.2268660718505,0.13285981862903,
1.03095625332842),(45.2389800244872,0.12285997121692,0.811697372713183),
(45.2389800244872,0.12285997121692,1.01254614285479),(45.2389800244872,
0.13285981862903,0.811697372713183),(45.2389800244872,0.13285981862903,
1.01254614285479),(45.2419387036864,0.12285997121692,0.79138296536455),
(45.2419387036864,0.12285997121692,1.03286055020342),(45.2419387036864,
0.13285981862903,0.79138296536455),(45.2419387036864,0.13285981862903,1.03286055020342),
(45.2530593091552,0.12285997121692,0.811205658235644),(45.2530593091552,
0.12285997121692,1.01303766659746),(45.2530593091552,0.13285981862903,0.811205658235644),
(45.2530593091552,0.13285981862903,1.01303766659746),(45.2571311170165,
0.12285997121692,0.79138296536455),(45.2571311170165,0.12285997121692,1.03286055020342),
(45.2571311170165,0.13285981862903,0.79138296536455),(45.2571311170165,
0.13285981862903,1.03286055020342),(45.2670699292723,0.12285997121692,0.812678322115039),
(45.2670699292723,0.12285997121692,1.01156500271807),(45.2670699292723,
0.13285981862903,0.812678322115039),(45.2670699292723,0.13285981862903,
1.01156500271807),(45.2722037488524,0.12285997121692,0.793287071504687),
(45.2722037488524,0.12285997121692,1.03095625332842),(45.2722037488524,
0.13285981862903,0.793287071504687),(45.2722037488524,0.13285981862903,
1.03095625332842),(45.2807387525145,0.12285997121692,0.816086563387011),
(45.2807387525145,0.12285997121692,1.00815695218096),(45.2807387525145,
0.13285981862903,0.816086563387011),(45.2807387525145,0.13285981862903,
1.00815695218096),(45.2869193250243,0.12285997121692,0.797065338411425),
(45.2869193250243,0.12285997121692,1.02717817715654),(45.2869193250243,
0.13285981862903,0.797065338411425),(45.2869193250243,0.13285981862903,
1.02717817715654),(45.293800275952,0.12285997121692,0.821363815584277),
(45.293800275952,0.12285997121692,1.00287969998369),(45.293800275952,0.13285981862903,
0.821363815584277),(45.293800275952,0.13285981862903,1.00287969998369),
(45.3010443860595,0.12285997121692,0.802658066072558),(45.3010443860595,
0.12285997121692,1.02158544949541),(45.3010443860595,0.13285981862903,0.802658066072558),
(45.3010443860595,0.13285981862903,1.02158544949541),(45.3060012036864,
0.12285997121692,0.828407654085254),(45.3060012036864,0.12285997121692,
0.995835861482714),(45.3060012036864,0.13285981862903,0.828407654085254),
(45.3060012036864,0.13285981862903,0.995835861482714),(45.3143576795165,
0.12285997121692,0.809976944246386),(45.3143576795165,0.12285997121692,
1.01426638058672),(45.3143576795165,0.13285981862903,0.809976944246386),
(45.3143576795165,0.13285981862903,1.01426638058672),(45.3171019727294,
0.12285997121692,0.837080749788379),(45.3171019727294,0.12285997121692,
0.987162575044726),(45.3171019727294,0.13285981862903,0.837080749788379),
(45.3171019727294,0.13285981862903,0.987162575044726),(45.3266486341063,
0.12285997121692,0.818906959810351),(45.3266486341063,0.12285997121692,
1.00533636502275),(45.3266486341063,0.13285981862903,0.818906959810351),
(45.3266486341063,0.13285981862903,1.00533636502275),(45.3268881970946,
0.12285997121692,0.847214683809375),(45.3268881970946,0.12285997121692,
0.977028831758593),(45.3268881970946,0.13285981862903,0.847214683809375),
(45.3268881970946,0.13285981862903,0.977028831758593),(45.3351691419188,
0.12285997121692,0.858611854829882),(45.3351691419188,0.12285997121692,
0.965631660738086),(45.3351691419188,0.13285981862903,0.858611854829882),
(45.3351691419188,0.13285981862903,0.965631660738086),(45.3377234632079,
0.12285997121692,0.829306968965625),(45.3377234632079,0.12285997121692,
0.994936546602343),(45.3377234632079,0.13285981862903,0.829306968965625),
(45.3377234632079,0.13285981862903,0.994936546602343),(45.3417823010985,
0.12285997121692,0.871050628938769),(45.3417823010985,0.12285997121692,
0.953192886629199),(45.3417823010985,0.13285981862903,0.871050628938769),
(45.3417823010985,0.13285981862903,0.953192886629199),(45.3466010266845,
0.12285997121692,0.884288582124804),(45.3466010266845,0.12285997121692,
0.9399547427083),(45.3466010266845,0.13285981862903,0.884288582124804),
(45.3466010266845,0.13285981862903,0.9399547427083),(45.3474082166259,0.12285997121692,
0.841012939729785),(45.3474082166259,0.12285997121692,0.983230575838183),
(45.3474082166259,0.13285981862903,0.841012939729785),(45.3474082166259,
0.13285981862903,0.983230575838183),(45.349529951245,0.12285997121692,0.898068413057421),
(45.349529951245,0.12285997121692,0.926175102510547),(45.349529951245,0.13285981862903,
0.898068413057421),(45.349529951245,0.13285981862903,0.926175102510547),
(45.3505126172606,0.12285997121692,0.912121757783984),(45.3505126172606,
0.13285981862903,0.912121757783984),(45.3555480176513,0.12285997121692,
0.853840240755175),(45.3555480176513,0.12285997121692,0.970403084077929),
(45.3555480176513,0.13285981862903,0.853840240755175),(45.3555480176513,
0.13285981862903,0.970403084077929),(45.3620169812743,0.12285997121692,
0.867586883821582),(45.3620169812743,0.12285997121692,0.956656631746386),
(45.3620169812743,0.13285981862903,0.867586883821582),(45.3620169812743,
0.13285981862903,0.956656631746386),(45.3667121106688,0.12285997121692,
0.882035812654589),(45.3667121106688,0.12285997121692,0.942207702913378),
(45.3667121106688,0.13285981862903,0.882035812654589),(45.3667121106688,
0.13285981862903,0.942207702913378),(45.3695586377684,0.12285997121692,
0.896959289827441),(45.3695586377684,0.12285997121692,0.927284225740527),
(45.3695586377684,0.13285981862903,0.896959289827441),(45.3695586377684,
0.13285981862903,0.927284225740527),(45.3705123120848,0.12285997121692,
0.912121757783984),(45.3705123120848,0.13285981862903,0.912121757783984)));
#1382=COORDINATES_LIST('',942,((45.1141730481688,0.0228599712169195,-0.981971755704785),
(45.1141730481688,0.0228599712169195,1.04420832089434),(45.1141730481688,
0.12285997121692,-0.981971755704785),(45.1141730481688,0.12285997121692,
1.04420832089434),(45.1485572034423,0.0228599712169195,0.912121757783984),
(45.1485572034423,0.12285997121692,0.912121757783984),(45.1490172559325,
0.0228599712169195,-0.0902426869486818),(45.1490172559325,0.12285997121692,
-0.0902426869486818),(45.1495406323973,0.0228599712169195,0.898068413057421),
(45.1495406323973,0.0228599712169195,0.926175102510547),(45.1495406323973,
0.12285997121692,0.898068413057421),(45.1495406323973,0.12285997121692,
0.926175102510547),(45.1499800855223,0.0228599712169195,-0.104010215482617),
(45.1499800855223,0.0228599712169195,-0.0764750630473149),(45.1499800855223,
0.12285997121692,-0.104010215482617),(45.1499800855223,0.12285997121692,
-0.0764750630473149),(45.1524695569579,0.0228599712169195,0.884288582124804),
(45.1524695569579,0.0228599712169195,0.9399547427083),(45.1524695569579,
0.12285997121692,0.884288582124804),(45.1524695569579,0.12285997121692,
0.9399547427083),(45.1528495008055,0.0228599712169195,-0.117509856901074),
(45.1528495008055,0.0228599712169195,-0.0629754216288577),(45.1528495008055,
0.12285997121692,-0.117509856901074),(45.1528495008055,0.12285997121692,
-0.0629754216288577),(45.153175275952,0.0228599712169195,0.661772903719043),
(45.153175275952,0.12285997121692,0.661772903719043),(45.1541228467528,
0.0228599712169195,0.6482217638875),(45.1541228467528,0.0228599712169195,
0.675323852815722),(45.1541228467528,0.12285997121692,0.6482217638875),
(45.1541228467528,0.12285997121692,0.675323852815722),(45.1556456739013,
0.0228599712169195,0.411053833284473),(45.1556456739013,0.12285997121692,
0.411053833284473),(45.1557051831786,0.0228599712169195,0.164812931337451),
(45.1557051831786,0.12285997121692,0.164812931337451),(45.155901258618,
0.0228599712169195,-0.59099942751875),(45.155901258618,0.12285997121692,
-0.59099942751875),(45.1565978223388,0.0228599712169195,0.397437271394824),
(45.1565978223388,0.0228599712169195,0.424670395174121),(45.1565978223388,
0.12285997121692,0.397437271394824),(45.1565978223388,0.12285997121692,
0.424670395174121),(45.156675642163,0.0228599712169195,0.15124100140581),
(45.156675642163,0.0228599712169195,0.178384861269092),(45.156675642163,
0.12285997121692,0.15124100140581),(45.156675642163,0.12285997121692,0.178384861269092),
(45.1568656140868,0.0228599712169195,-0.604781928739454),(45.1568656140868,
0.0228599712169195,-0.577217117032911),(45.1568656140868,0.12285997121692,
-0.604781928739454),(45.1568656140868,0.12285997121692,-0.577217117032911),
(45.1569472486083,0.0228599712169195,0.634934410371875),(45.1569472486083,
0.0228599712169195,0.688611206331347),(45.1569472486083,0.12285997121692,
0.634934410371875),(45.1569472486083,0.12285997121692,0.688611206331347),
(45.1572875196044,0.0228599712169195,0.871050628938769),(45.1572875196044,
0.0228599712169195,0.953192886629199),(45.1572875196044,0.12285997121692,
0.871050628938769),(45.1572875196044,0.12285997121692,0.953192886629199),
(45.157569807202,0.0228599712169195,-0.130478778562451),(45.157569807202,
0.0228599712169195,-0.0500065953349124),(45.157569807202,0.12285997121692,
-0.130478778562451),(45.157569807202,0.12285997121692,-0.0500065953349124),
(45.1580626660888,0.0228599712169195,-0.333873000821973),(45.1580626660888,
0.12285997121692,-0.333873000821973),(45.1581748181884,0.0228599712169195,
-0.836988082609083),(45.1581748181884,0.12285997121692,-0.836988082609083),
(45.1590361768309,0.0228599712169195,-0.34748364993086),(45.1590361768309,
0.0228599712169195,-0.320262256345654),(45.1590361768309,0.12285997121692,
-0.34748364993086),(45.1590361768309,0.12285997121692,-0.320262256345654),
(45.1591284925048,0.0228599712169195,-0.850621810636426),(45.1591284925048,
0.0228599712169195,-0.823354354581739),(45.1591284925048,0.12285997121692,
-0.850621810636426),(45.1591284925048,0.12285997121692,-0.823354354581739),
(45.1594351941649,0.0228599712169195,0.384085640230273),(45.1594351941649,
0.0228599712169195,0.43802193097124),(45.1594351941649,0.12285997121692,
0.384085640230273),(45.1594351941649,0.12285997121692,0.43802193097124),
(45.1595679456298,0.0228599712169195,0.137945350923633),(45.1595679456298,
0.0228599712169195,0.191680511751269),(45.1595679456298,0.12285997121692,
0.137945350923633),(45.1595679456298,0.12285997121692,0.191680511751269),
(45.1597380811278,0.0228599712169195,-0.618296256742383),(45.1597380811278,
0.0228599712169195,-0.563702789029981),(45.1597380811278,0.12285997121692,
-0.618296256742383),(45.1597380811278,0.12285997121692,-0.563702789029981),
(45.1615935498778,0.0228599712169195,0.622169479646777),(45.1615935498778,
0.0228599712169195,0.701376327791308),(45.1615935498778,0.12285997121692,
0.622169479646777),(45.1615935498778,0.12285997121692,0.701376327791308),
(45.1619368726317,0.0228599712169195,-0.360817352018262),(45.1619368726317,
0.0228599712169195,-0.306928649625684),(45.1619368726317,0.12285997121692,
-0.360817352018262),(45.1619368726317,0.12285997121692,-0.306928649625684),
(45.1619696790282,0.0228599712169195,-0.863990035734082),(45.1619696790282,
0.0228599712169195,-0.809985938749219),(45.1619696790282,0.12285997121692,
-0.863990035734082),(45.1619696790282,0.12285997121692,-0.809985938749219),
(45.1639014417235,0.0228599712169195,0.858611854829882),(45.1639014417235,
0.0228599712169195,0.965631660738086),(45.1639014417235,0.12285997121692,
0.858611854829882),(45.1639014417235,0.12285997121692,0.965631660738086),
(45.1640494519774,0.0228599712169195,-0.142664447507764),(45.1640494519774,
0.0228599712169195,-0.0378208310221683),(45.1640494519774,0.12285997121692,
-0.142664447507764),(45.1640494519774,0.12285997121692,-0.0378208310221683),
(45.164104383618,0.0228599712169195,0.371259006776904),(45.164104383618,
0.0228599712169195,0.450848564424609),(45.164104383618,0.12285997121692,
0.371259006776904),(45.164104383618,0.12285997121692,0.450848564424609),
(45.1643225843016,0.0228599712169195,0.125196632661914),(45.1643225843016,
0.0228599712169195,0.204429230012988),(45.1643225843016,0.12285997121692,
0.125196632661914),(45.1643225843016,0.12285997121692,0.204429230012988),
(45.164462965161,0.0228599712169195,-0.631279197416211),(45.164462965161,
0.0228599712169195,-0.550719848356153),(45.164462965161,0.12285997121692,
-0.631279197416211),(45.164462965161,0.12285997121692,-0.550719848356153),
(45.1666442090575,0.0228599712169195,-0.876832977018262),(45.1666442090575,
0.0228599712169195,-0.797143188199903),(45.1666442090575,0.12285997121692,
-0.876832977018262),(45.1666442090575,0.12285997121692,-0.797143188199903),
(45.1667052442138,0.0228599712169195,-0.373602405271436),(45.1667052442138,
0.0228599712169195,-0.294143501005078),(45.1667052442138,0.12285997121692,
-0.373602405271436),(45.1667052442138,0.12285997121692,-0.294143501005078),
(45.1679709607665,0.0228599712169195,0.610175308504199),(45.1679709607665,
0.0228599712169195,0.713370498933886),(45.1679709607665,0.12285997121692,
0.610175308504199),(45.1679709607665,0.12285997121692,0.713370498933886),
(45.1705123120848,0.0228599712169195,0.35920694760332),(45.1705123120848,
0.0228599712169195,0.462900623598193),(45.1705123120848,0.12285997121692,
0.35920694760332),(45.1705123120848,0.12285997121692,0.462900623598193),
(45.1708434278075,0.12285997121692,0.113254341402148),(45.1708434278075,
0.12285997121692,0.216371521272754),(45.1708434278075,0.0228599712169195,
0.113254341402148),(45.1708434278075,0.0228599712169195,0.216371521272754),
(45.1709494763915,0.0228599712169195,-0.64347802706709),(45.1709494763915,
0.0228599712169195,-0.538520923337842),(45.1709494763915,0.12285997121692,
-0.64347802706709),(45.1709494763915,0.12285997121692,-0.538520923337842),
(45.172161024243,0.0228599712169195,-0.153829875669385),(45.172161024243,
0.0228599712169195,-0.0266554028605472),(45.172161024243,0.12285997121692,
-0.153829875669385),(45.172161024243,0.12285997121692,-0.0266554028605472),
(45.1721816236083,0.0228599712169195,0.847214683809375),(45.1721816236083,
0.0228599712169195,0.977028831758593),(45.1721816236083,0.12285997121692,
0.847214683809375),(45.1721816236083,0.12285997121692,0.977028831758593),
(45.1730605298583,0.0228599712169195,-0.888900199613477),(45.1730605298583,
0.0228599712169195,-0.785075774869825),(45.1730605298583,0.12285997121692,
-0.888900199613477),(45.1730605298583,0.12285997121692,-0.785075774869825),
(45.1732443982665,0.0228599712169195,-0.385578742704297),(45.1732443982665,
0.0228599712169195,-0.282167163572217),(45.1732443982665,0.12285997121692,
-0.385578742704297),(45.1732443982665,0.12285997121692,-0.282167163572217),
(45.1759551221434,0.0228599712169195,0.59918554715166),(45.1759551221434,
0.0228599712169195,0.724360260286426),(45.1759551221434,0.12285997121692,
0.59918554715166),(45.1759551221434,0.12285997121692,0.724360260286426),
(45.1785353833739,0.0228599712169195,0.348163971223926),(45.1785353833739,
0.0228599712169195,0.473943599977588),(45.1785353833739,0.12285997121692,
0.348163971223926),(45.1785353833739,0.12285997121692,0.473943599977588),
(45.1789977246825,0.0228599712169195,0.102361759462451),(45.1789977246825,
0.0228599712169195,0.227264103212451),(45.1789977246825,0.12285997121692,
0.102361759462451),(45.1789977246825,0.12285997121692,0.227264103212451),
(45.1790702039305,0.0228599712169195,-0.654655662259961),(45.1790702039305,
0.0228599712169195,-0.527343478879834),(45.1790702039305,0.12285997121692,
-0.654655662259961),(45.1790702039305,0.12285997121692,-0.527343478879834),
(45.1810942822997,0.0228599712169195,-0.899957099637891),(45.1810942822997,
0.0228599712169195,-0.774019065580274),(45.1810942822997,0.12285997121692,
-0.899957099637891),(45.1810942822997,0.12285997121692,-0.774019065580274),
(45.1814223462645,0.0228599712169195,-0.396502509794141),(45.1814223462645,
0.0228599712169195,-0.271243396482373),(45.1814223462645,0.12285997121692,
-0.396502509794141),(45.1814223462645,0.12285997121692,-0.271243396482373),
(45.181748121411,0.0228599712169195,-0.163757625303174),(45.181748121411,
0.0228599712169195,-0.016727653226758),(45.181748121411,0.12285997121692,
-0.163757625303174),(45.181748121411,0.12285997121692,-0.016727653226758),
(45.1819678479735,0.0228599712169195,0.837080749788379),(45.1819678479735,
0.0228599712169195,0.987162575044726),(45.1819678479735,0.12285997121692,
0.837080749788379),(45.1819678479735,0.12285997121692,0.987162575044726),
(45.1853919202391,0.0228599712169195,0.589413818636035),(45.1853919202391,
0.0228599712169195,0.734131988802051),(45.1853919202391,0.12285997121692,
0.589413818636035),(45.1853919202391,0.12285997121692,0.734131988802051),
(45.1880171948973,0.0228599712169195,0.33834513119707),(45.1880171948973,
0.0228599712169195,0.483762440004443),(45.1880171948973,0.12285997121692,
0.33834513119707),(45.1880171948973,0.12285997121692,0.483762440004443),
(45.1886191541259,0.12285997121692,0.0927404253865231),(45.1886191541259,
0.12285997121692,0.236885437288379),(45.1886191541259,0.0228599712169195,
0.0927404253865231),(45.1886191541259,0.0228599712169195,0.236885437288379),
(45.1886679822509,0.0228599712169195,-0.664594093046094),(45.1886679822509,
0.0228599712169195,-0.51740495272627),(45.1886679822509,0.12285997121692,
-0.664594093046094),(45.1886679822509,0.12285997121692,-0.51740495272627),
(45.1905875379149,0.0228599712169195,-0.90978833743086),(45.1905875379149,
0.0228599712169195,-0.764187827787305),(45.1905875379149,0.12285997121692,
-0.90978833743086),(45.1905875379149,0.12285997121692,-0.764187827787305),
(45.1910712415282,0.0228599712169195,-0.406151309690381),(45.1910712415282,
0.0228599712169195,-0.261594596586133),(45.1910712415282,0.12285997121692,
-0.406151309690381),(45.1910712415282,0.12285997121692,-0.261594596586133),
(45.1926238233153,0.0228599712169195,-0.172254481992627),(45.1926238233153,
0.0228599712169195,-0.00823079653730495),(45.1926238233153,0.12285997121692,
-0.172254481992627),(45.1926238233153,0.12285997121692,-0.00823079653730495),
(45.1930693799559,0.0228599712169195,0.828407654085254),(45.1930693799559,
0.0228599712169195,0.995835861482714),(45.1930693799559,0.12285997121692,
0.828407654085254),(45.1930693799559,0.12285997121692,0.995835861482714),
(45.1960959607665,0.0228599712169195,0.58105057171831),(45.1960959607665,
0.0228599712169195,0.742495140352343),(45.1960959607665,0.12285997121692,
0.58105057171831),(45.1960959607665,0.12285997121692,0.742495140352343),
(45.198773878247,0.0228599712169195,0.32994144848833),(45.198773878247,
0.0228599712169195,0.492166122713183),(45.198773878247,0.12285997121692,
0.32994144848833),(45.198773878247,0.12285997121692,0.492166122713183),
(45.1995116406981,0.0228599712169195,0.0845862238789549),(45.1995116406981,
0.0228599712169195,0.245039543428515),(45.1995116406981,0.12285997121692,
0.0845862238789549),(45.1995116406981,0.12285997121692,0.245039543428515),
(45.1995551282469,0.0228599712169195,-0.673100105008985),(45.1995551282469,
0.0228599712169195,-0.508898940763379),(45.1995551282469,0.12285997121692,
-0.673100105008985),(45.1995551282469,0.12285997121692,-0.508898940763379),
(45.2013579541747,0.0228599712169195,-0.918202605924512),(45.2013579541747,
0.0228599712169195,-0.755773559293653),(45.2013579541747,0.12285997121692,
-0.918202605924512),(45.2013579541747,0.12285997121692,-0.755773559293653),
(45.201995008618,0.0228599712169195,-0.41432878085127),(45.201995008618,
0.0228599712169195,-0.253417220792676),(45.201995008618,0.12285997121692,
-0.41432878085127),(45.201995008618,0.12285997121692,-0.253417220792676),
(45.204576032788,0.0228599712169195,-0.179155078611279),(45.204576032788,
0.0228599712169195,-0.0013301999186526),(45.204576032788,0.12285997121692,
-0.179155078611279),(45.204576032788,0.12285997121692,-0.0013301999186526),
(45.2052695447509,0.0228599712169195,0.821363815584277),(45.2052695447509,
0.0228599712169195,1.00287969998369),(45.2052695447509,0.12285997121692,
0.821363815584277),(45.2052695447509,0.12285997121692,1.00287969998369),
(45.2078604871337,0.0228599712169195,0.574258503236865),(45.2078604871337,
0.0228599712169195,0.749287208833789),(45.2078604871337,0.12285997121692,
0.574258503236865),(45.2078604871337,0.12285997121692,0.749287208833789),
(45.2105948621337,0.0228599712169195,0.3231165736104),(45.2105948621337,
0.0228599712169195,0.498990997591113),(45.2105948621337,0.12285997121692,
0.3231165736104),(45.2105948621337,0.12285997121692,0.498990997591113),
(45.2114539319579,0.0228599712169195,0.0780652850056639),(45.2114539319579,
0.0228599712169195,0.251560577669238),(45.2114539319579,0.12285997121692,
0.0780652850056639),(45.2114539319579,0.12285997121692,0.251560577669238),
(45.2115203076903,0.0228599712169195,-0.680008140287305),(45.2115203076903,
0.0228599712169195,-0.501990810117627),(45.2115203076903,0.12285997121692,
-0.680008140287305),(45.2115203076903,0.12285997121692,-0.501990810117627),
(45.213193433911,0.0228599712169195,-0.92503606387129),(45.213193433911,
0.0228599712169195,-0.748939910612012),(45.213193433911,0.12285997121692,
-0.92503606387129),(45.213193433911,0.12285997121692,-0.748939910612012),
(45.2139708692137,0.0228599712169195,-0.420868316373731),(45.2139708692137,
0.0228599712169195,-0.246877589902783),(45.2139708692137,0.12285997121692,
-0.420868316373731),(45.2139708692137,0.12285997121692,-0.246877589902783),
(45.2173720532958,0.0228599712169195,-0.184325137815381),(45.2173720532958,
0.0228599712169195,0.00383976391801735),(45.2173720532958,0.12285997121692,
-0.184325137815381),(45.2173720532958,0.12285997121692,0.00383976391801735),
(45.2183310681884,0.0228599712169195,0.816086563387011),(45.2183310681884,
0.0228599712169195,1.00815695218096),(45.2183310681884,0.12285997121692,
0.816086563387011),(45.2183310681884,0.12285997121692,1.00815695218096),
(45.2204558545653,0.0228599712169195,0.569169792451953),(45.2204558545653,
0.0228599712169195,0.754375824251269),(45.2204558545653,0.12285997121692,
0.569169792451953),(45.2204558545653,0.12285997121692,0.754375824251269),
(45.2232505017821,0.0228599712169195,0.318003258028125),(45.2232505017821,
0.0228599712169195,0.50410440854082),(45.2232505017821,0.12285997121692,
0.318003258028125),(45.2232505017821,0.12285997121692,0.50410440854082),
(45.2242026502196,0.0228599712169195,0.0733102648640623),(45.2242026502196,
0.0228599712169195,0.25631559781084),(45.2242026502196,0.12285997121692,
0.0733102648640623),(45.2242026502196,0.12285997121692,0.25631559781084),
(45.2243308240477,0.0228599712169195,-0.685183730802442),(45.2243308240477,
0.0228599712169195,-0.496815219602491),(45.2243308240477,0.12285997121692,
-0.685183730802442),(45.2243308240477,0.12285997121692,-0.496815219602491),
(45.225865095288,0.0228599712169195,-0.930155769071485),(45.225865095288,
0.0228599712169195,-0.743820205411817),(45.225865095288,0.12285997121692,
-0.930155769071485),(45.225865095288,0.12285997121692,-0.743820205411817),
(45.2267562085692,0.0228599712169195,-0.425636974058057),(45.2267562085692,
0.0228599712169195,-0.242109027585889),(45.2267562085692,0.12285997121692,
-0.425636974058057),(45.2267562085692,0.12285997121692,-0.242109027585889),
(45.2307639295165,0.0228599712169195,-0.187663951597119),(45.2307639295165,
0.0228599712169195,0.0071785776997556),(45.2307639295165,0.12285997121692,
-0.187663951597119),(45.2307639295165,0.12285997121692,0.0071785776997556),
(45.23200065437,0.0228599712169195,0.812678322115039),(45.23200065437,0.0228599712169195,
1.01156500271807),(45.23200065437,0.12285997121692,0.812678322115039),(45.23200065437,
0.12285997121692,1.01156500271807),(45.2336363965575,0.0228599712169195,
0.565883430757617),(45.2336363965575,0.0228599712169195,0.757662185945605),
(45.2336363965575,0.12285997121692,0.565883430757617),(45.2336363965575,
0.12285997121692,0.757662185945605),(45.2364951306884,0.0228599712169195,
0.314701065340137),(45.2364951306884,0.0228599712169195,0.507406601228808),
(45.2364951306884,0.12285997121692,0.314701065340137),(45.2364951306884,
0.12285997121692,0.507406601228808),(45.2374983960692,0.0228599712169195,
0.0704179613972654),(45.2374983960692,0.0228599712169195,0.259207901277637),
(45.2374983960692,0.12285997121692,0.0704179613972654),(45.2374983960692,
0.12285997121692,0.259207901277637),(45.2377364331786,0.0228599712169195,
-0.688526168546582),(45.2377364331786,0.0228599712169195,-0.49347278185835),
(45.2377364331786,0.12285997121692,-0.688526168546582),(45.2377364331786,
0.12285997121692,-0.49347278185835),(45.2391265088622,0.0228599712169195,
-0.933462157926465),(45.2391265088622,0.0228599712169195,-0.740513816556836),
(45.2391265088622,0.12285997121692,-0.933462157926465),(45.2391265088622,
0.12285997121692,-0.740513816556836),(45.2400901013915,0.0228599712169195,
-0.428537479123975),(45.2400901013915,0.0228599712169195,-0.239208427152539),
(45.2400901013915,0.12285997121692,-0.428537479123975),(45.2400901013915,
0.12285997121692,-0.239208427152539),(45.2444892102782,0.0228599712169195,
-0.189106574735547),(45.2444892102782,0.0228599712169195,0.00862120083818335),
(45.2444892102782,0.12285997121692,-0.189106574735547),(45.2444892102782,
0.12285997121692,0.00862120083818335),(45.2460112744872,0.0228599712169195,
0.811205658235644),(45.2460112744872,0.0228599712169195,1.01303766659746),
(45.2460112744872,0.12285997121692,0.811205658235644),(45.2460112744872,
0.12285997121692,1.01303766659746),(45.247145765454,0.0228599712169195,
0.56446350506792),(45.247145765454,0.0228599712169195,0.759082207002734),
(45.247145765454,0.12285997121692,0.56446350506792),(45.247145765454,0.12285997121692,
0.759082207002734),(45.2500701123778,0.0228599712169195,0.313274273195361),
(45.2500701123778,0.0228599712169195,0.508833298006152),(45.2500701123778,
0.12285997121692,0.313274273195361),(45.2500701123778,0.12285997121692,
0.508833298006152),(45.2510703260009,0.0228599712169195,0.0694473116780271),
(45.2510703260009,0.0228599712169195,0.260178550996875),(45.2510703260009,
0.12285997121692,0.0694473116780271),(45.2510703260009,0.12285997121692,
0.260178550996875),(45.2514769727294,0.0228599712169195,-0.689970412931348),
(45.2514769727294,0.0228599712169195,-0.492028632841016),(45.2514769727294,
0.12285997121692,-0.689970412931348),(45.2514769727294,0.12285997121692,
-0.492028632841016),(45.2527182752196,0.0228599712169195,-0.934890762052442),
(45.2527182752196,0.0228599712169195,-0.73908521243086),(45.2527182752196,
0.12285997121692,-0.934890762052442),(45.2527182752196,0.12285997121692,
-0.73908521243086),(45.2537009412352,0.0228599712169195,-0.429510989866163),
(45.2537009412352,0.0228599712169195,-0.238235011777783),(45.2537009412352,
0.12285997121692,-0.429510989866163),(45.2537009412352,0.12285997121692,
-0.238235011777783),(45.2582816297118,0.0228599712169195,-0.18862487383833),
(45.2582816297118,0.0228599712169195,0.0081395953083982),(45.2582816297118,
0.12285997121692,-0.18862487383833),(45.2582816297118,0.12285997121692,
0.0081395953083982),(45.2600897962157,0.0228599712169195,0.811697372713183),
(45.2600897962157,0.0228599712169195,1.01254614285479),(45.2600897962157,
0.12285997121692,0.811697372713183),(45.2600897962157,0.12285997121692,
1.01254614285479),(45.2607222730223,0.0228599712169195,0.564937576570605),
(45.2607222730223,0.0228599712169195,0.75860823086748),(45.2607222730223,
0.12285997121692,0.564937576570605),(45.2607222730223,0.12285997121692,
0.75860823086748),(45.2637114697997,0.0228599712169195,0.313750633516406),
(45.2637114697997,0.0228599712169195,0.508356937685107),(45.2637114697997,
0.12285997121692,0.313750633516406),(45.2637114697997,0.12285997121692,
0.508356937685107),(45.2646422559325,0.0228599712169195,0.0704179613972654),
(45.2646422559325,0.0228599712169195,0.259207901277637),(45.2646422559325,
0.12285997121692,0.0704179613972654),(45.2646422559325,0.12285997121692,
0.259207901277637),(45.265284650952,0.0228599712169195,-0.689488235196973),
(45.265284650952,0.0228599712169195,-0.492510810575391),(45.265284650952,
0.12285997121692,-0.689488235196973),(45.265284650952,0.12285997121692,
-0.492510810575391),(45.2663771802489,0.0228599712169195,-0.934413734159375),
(45.2663771802489,0.0228599712169195,-0.739562240323926),(45.2663771802489,
0.12285997121692,-0.934413734159375),(45.2663771802489,0.12285997121692,
-0.739562240323926),(45.2673110181395,0.0228599712169195,-0.428537479123975),
(45.2673110181395,0.0228599712169195,-0.239208427152539),(45.2673110181395,
0.12285997121692,-0.428537479123975),(45.2673110181395,0.12285997121692,
-0.239208427152539),(45.2718733960692,0.0228599712169195,-0.186228290281201),
(45.2718733960692,0.0228599712169195,0.0057430117512693),(45.2718733960692,
0.12285997121692,-0.186228290281201),(45.2718733960692,0.12285997121692,
0.0057430117512693),(45.2739638501708,0.0228599712169195,0.814143738069629),
(45.2739638501708,0.0228599712169195,1.01009977749834),(45.2739638501708,
0.12285997121692,0.814143738069629),(45.2739638501708,0.12285997121692,
1.01009977749834),(45.2740996533934,0.0228599712169195,0.567296489992236),
(45.2740996533934,0.0228599712169195,0.756249222078418),(45.2740996533934,
0.12285997121692,0.567296489992236),(45.2740996533934,0.12285997121692,
0.756249222078418),(45.2771537000243,0.0228599712169195,0.316120895662402),
(45.2771537000243,0.0228599712169195,0.505986675539111),(45.2771537000243,
0.12285997121692,0.316120895662402),(45.2771537000243,0.12285997121692,
0.505986675539111),(45.2779380017821,0.12285997121692,0.0733102648640623),
(45.2779380017821,0.12285997121692,0.25631559781084),(45.2779380017821,
0.0228599712169195,0.0733102648640623),(45.2779380017821,0.0228599712169195,
0.25631559781084),(45.2788909131591,0.0228599712169195,-0.687089172086622),
(45.2788909131591,0.0228599712169195,-0.494909969053174),(45.2788909131591,
0.12285997121692,-0.687089172086622),(45.2788909131591,0.12285997121692,
-0.494909969053174),(45.2798369580809,0.0228599712169195,-0.93204061099043),
(45.2798369580809,0.0228599712169195,-0.741935554227735),(45.2798369580809,
0.12285997121692,-0.93204061099043),(45.2798369580809,0.12285997121692,
-0.741935554227735),(45.2806449109618,0.0228599712169195,-0.425636974058057),
(45.2806449109618,0.0228599712169195,-0.242109027585889),(45.2806449109618,
0.12285997121692,-0.425636974058057),(45.2806449109618,0.12285997121692,
-0.242109027585889),(45.2849990064208,0.0228599712169195,-0.181963554105664),
(45.2849990064208,0.0228599712169195,0.00147818020830055),(45.2849990064208,
0.12285997121692,-0.181963554105664),(45.2849990064208,0.12285997121692,
0.00147818020830055),(45.2870192700927,0.0228599712169195,0.571494278230761),
(45.2870192700927,0.0228599712169195,0.752051529207324),(45.2870192700927,
0.12285997121692,0.571494278230761),(45.2870192700927,0.12285997121692,
0.752051529207324),(45.2873618299071,0.0228599712169195,0.81849707058916),
(45.2873618299071,0.0228599712169195,1.00574644497881),(45.2873618299071,
0.12285997121692,0.81849707058916),(45.2873618299071,0.12285997121692,1.00574644497881),
(45.2901358777587,0.0228599712169195,0.320338901796435),(45.2901358777587,
0.0228599712169195,0.501768669405078),(45.2901358777587,0.12285997121692,
0.320338901796435),(45.2901358777587,0.12285997121692,0.501768669405078),
(45.2906867200438,0.0228599712169195,0.0780652850056639),(45.2906867200438,
0.0228599712169195,0.251560577669238),(45.2906867200438,0.12285997121692,
0.0780652850056639),(45.2906867200438,0.12285997121692,0.251560577669238),
(45.2920302564208,0.0228599712169195,-0.682819762906934),(45.2920302564208,
0.0228599712169195,-0.499179378232862),(45.2920302564208,0.12285997121692,
-0.682819762906934),(45.2920302564208,0.12285997121692,-0.499179378232862),
(45.2928351575438,0.0228599712169195,-0.927817168912793),(45.2928351575438,
0.0228599712169195,-0.746158805570508),(45.2928351575438,0.12285997121692,
-0.927817168912793),(45.2928351575438,0.12285997121692,-0.746158805570508),
(45.2934302503173,0.0228599712169195,-0.420868316373731),(45.2934302503173,
0.0228599712169195,-0.246877589902783),(45.2934302503173,0.12285997121692,
-0.420868316373731),(45.2934302503173,0.12285997121692,-0.246877589902783),
(45.2974036389891,0.0228599712169195,-0.175913444242383),(45.2974036389891,
0.0228599712169195,-0.00457183428754905),(45.2974036389891,0.12285997121692,
-0.175913444242383),(45.2974036389891,0.12285997121692,-0.00457183428754905),
(45.299228590161,0.0228599712169195,0.577449116029834),(45.299228590161,
0.0228599712169195,0.74609659604082),(45.299228590161,0.12285997121692,
0.577449116029834),(45.299228590161,0.12285997121692,0.74609659604082),
(45.3000235730712,0.0228599712169195,0.82467268399248),(45.3000235730712,
0.0228599712169195,0.999570831575488),(45.3000235730712,0.12285997121692,
0.82467268399248),(45.3000235730712,0.12285997121692,0.999570831575488),
(45.3024039441649,0.0228599712169195,0.326322540559863),(45.3024039441649,
0.0228599712169195,0.495784935274218),(45.3024039441649,0.12285997121692,
0.326322540559863),(45.3024039441649,0.12285997121692,0.495784935274218),
(45.3026290113036,0.0228599712169195,0.0845862238789549),(45.3026290113036,
0.0228599712169195,0.245039543428515),(45.3026290113036,0.12285997121692,
0.0845862238789549),(45.3026290113036,0.12285997121692,0.245039543428515),
(45.3044486218993,0.0228599712169195,-0.676763168058301),(45.3044486218993,
0.0228599712169195,-0.505235973081495),(45.3044486218993,0.12285997121692,
-0.676763168058301),(45.3044486218993,0.12285997121692,-0.505235973081495),
(45.3051184827391,0.0228599712169195,-0.921825996122266),(45.3051184827391,
0.0228599712169195,-0.752150169095899),(45.3051184827391,0.12285997121692,
-0.921825996122266),(45.3051184827391,0.12285997121692,-0.752150169095899),
(45.305406110913,0.0228599712169195,-0.41432878085127),(45.305406110913,
0.0228599712169195,-0.253417220792676),(45.305406110913,0.12285997121692,
-0.41432878085127),(45.305406110913,0.12285997121692,-0.253417220792676),
(45.3088454419676,0.0228599712169195,-0.168195930204297),(45.3088454419676,
0.0228599712169195,-0.012289348325635),(45.3088454419676,0.12285997121692,
-0.168195930204297),(45.3088454419676,0.12285997121692,-0.012289348325635),
(45.3104903394286,0.0228599712169195,0.585045322694873),(45.3104903394286,
0.0228599712169195,0.738500389375781),(45.3104903394286,0.12285997121692,
0.585045322694873),(45.3104903394286,0.12285997121692,0.738500389375781),
(45.3117026502196,0.0228599712169195,0.832550415315722),(45.3117026502196,
0.0228599712169195,0.991693100252246),(45.3117026502196,0.12285997121692,
0.832550415315722),(45.3117026502196,0.12285997121692,0.991693100252246),
(45.3135214978759,0.0228599712169195,0.0927404253865231),(45.3135214978759,
0.0228599712169195,0.236885437288379),(45.3135214978759,0.12285997121692,
0.0927404253865231),(45.3135214978759,0.12285997121692,0.236885437288379),
(45.3137206250731,0.0228599712169195,0.333955559053515),(45.3137206250731,
0.0228599712169195,0.488152107515429),(45.3137206250731,0.12285997121692,
0.333955559053515),(45.3137206250731,0.12285997121692,0.488152107515429),
(45.3159026319091,0.0228599712169195,-0.669037261686231),(45.3159026319091,
0.0228599712169195,-0.512961879453565),(45.3159026319091,0.12285997121692,
-0.669037261686231),(45.3159026319091,0.12285997121692,-0.512961879453565),
(45.3163298780028,0.0228599712169195,-0.406151309690381),(45.3163298780028,
0.0228599712169195,-0.261594596586133),(45.3163298780028,0.12285997121692,
-0.406151309690381),(45.3163298780028,0.12285997121692,-0.261594596586133),
(45.3164488965575,0.0228599712169195,-0.91418344088545),(45.3164488965575,
0.0228599712169195,-0.759792533597852),(45.3164488965575,0.12285997121692,
-0.91418344088545),(45.3164488965575,0.12285997121692,-0.759792533597852),
(45.319101637036,0.0228599712169195,-0.158961120328809),(45.319101637036,
0.0228599712169195,-0.0215241582011232),(45.319101637036,0.12285997121692,
-0.158961120328809),(45.319101637036,0.12285997121692,-0.0215241582011232),
(45.3205855542723,0.0228599712169195,0.594134887971972),(45.3205855542723,
0.0228599712169195,0.729410919466113),(45.3205855542723,0.12285997121692,
0.594134887971972),(45.3205855542723,0.12285997121692,0.729410919466113),
(45.3221724683348,0.0228599712169195,0.841976913728808),(45.3221724683348,
0.0228599712169195,0.98226660183916),(45.3221724683348,0.12285997121692,
0.841976913728808),(45.3221724683348,0.12285997121692,0.98226660183916),
(45.3231429273192,0.0228599712169195,0.102361759462451),(45.3231429273192,
0.0228599712169195,0.227264103212451),(45.3231429273192,0.12285997121692,
0.102361759462451),(45.3231429273192,0.12285997121692,0.227264103212451),
(45.3238639051024,0.0228599712169195,0.34308899334917),(45.3238639051024,
0.0228599712169195,0.479018577852344),(45.3238639051024,0.12285997121692,
0.34308899334917),(45.3238639051024,0.12285997121692,0.479018577852344),
(45.3259787732665,0.0228599712169195,-0.396502509794141),(45.3259787732665,
0.0228599712169195,-0.271243396482373),(45.3259787732665,0.12285997121692,
-0.396502509794141),(45.3259787732665,0.12285997121692,-0.271243396482373),
(45.3261702710692,0.0228599712169195,-0.659792342862989),(45.3261702710692,
0.0228599712169195,-0.522206607541944),(45.3261702710692,0.12285997121692,
-0.659792342862989),(45.3261702710692,0.12285997121692,-0.522206607541944),
(45.326605909497,0.0228599712169195,-0.905038467130567),(45.326605909497,
0.0228599712169195,-0.768937698087598),(45.326605909497,0.12285997121692,
-0.905038467130567),(45.326605909497,0.12285997121692,-0.768937698087598),
(45.327973096997,0.0228599712169195,-0.148388782224561),(45.327973096997,
0.0228599712169195,-0.0320964963053713),(45.327973096997,0.12285997121692,
-0.148388782224561),(45.327973096997,0.12285997121692,-0.0320964963053713),
(45.3293173963134,0.0228599712169195,0.604541000642871),(45.3293173963134,
0.0228599712169195,0.719004806795214),(45.3293173963134,0.12285997121692,
0.604541000642871),(45.3293173963134,0.12285997121692,0.719004806795214),
(45.331227796704,0.0228599712169195,0.852768692293261),(45.331227796704,
0.0228599712169195,0.971474823274707),(45.331227796704,0.12285997121692,
0.852768692293261),(45.331227796704,0.12285997121692,0.971474823274707),
(45.3312972241942,0.0228599712169195,0.113254341402148),(45.3312972241942,
0.0228599712169195,0.216371521272754),(45.3312972241942,0.12285997121692,
0.113254341402148),(45.3312972241942,0.12285997121692,0.216371521272754),
(45.3326384717528,0.0228599712169195,0.353545364656543),(45.3326384717528,
0.0228599712169195,0.468562206544971),(45.3326384717528,0.12285997121692,
0.353545364656543),(45.3326384717528,0.12285997121692,0.468562206544971),
(45.3341567212645,0.0228599712169195,-0.385578742704297),(45.3341567212645,
0.0228599712169195,-0.282167163572217),(45.3341567212645,0.12285997121692,
-0.385578742704297),(45.3341567212645,0.12285997121692,-0.282167163572217),
(45.3350508863036,0.0228599712169195,-0.649208656034375),(45.3350508863036,
0.0228599712169195,-0.532790389737989),(45.3350508863036,0.12285997121692,
-0.649208656034375),(45.3350508863036,0.12285997121692,-0.532790389737989),
(45.3352866345946,0.0228599712169195,-0.136684718809033),(45.3352866345946,
0.0228599712169195,-0.0438005597208986),(45.3352866345946,0.12285997121692,
-0.136684718809033),(45.3352866345946,0.12285997121692,-0.0438005597208986),
(45.3353903943602,0.0228599712169195,-0.894568839750195),(45.3353903943602,
0.0228599712169195,-0.779407134733106),(45.3353903943602,0.12285997121692,
-0.894568839750195),(45.3353903943602,0.12285997121692,-0.779407134733106),
(45.3365157300536,0.0228599712169195,0.616061004915332),(45.3365157300536,
0.0228599712169195,0.70748461178789),(45.3365157300536,0.12285997121692,
0.616061004915332),(45.3365157300536,0.12285997121692,0.70748461178789),
(45.3378180677001,0.0228599712169195,0.125196632661914),(45.3378180677001,
0.0228599712169195,0.204429230012988),(45.3378180677001,0.12285997121692,
0.125196632661914),(45.3378180677001,0.12285997121692,0.204429230012988),
(45.3386931592528,0.0228599712169195,0.864715561189746),(45.3386931592528,
0.0228599712169195,0.959527763643359),(45.3386931592528,0.12285997121692,
0.864715561189746),(45.3386931592528,0.12285997121692,0.959527763643359),
(45.3398711377684,0.0228599712169195,0.365121063509082),(45.3398711377684,
0.0228599712169195,0.456986507692431),(45.3398711377684,0.12285997121692,
0.365121063509082),(45.3398711377684,0.12285997121692,0.456986507692431),
(45.3406958753173,0.0228599712169195,-0.373602405271436),(45.3406958753173,
0.0228599712169195,-0.294143501005078),(45.3406958753173,0.12285997121692,
-0.373602405271436),(45.3406958753173,0.12285997121692,-0.294143501005078),
(45.3408995801513,0.0228599712169195,-0.124076667508985),(45.3408995801513,
0.0228599712169195,-0.0564086110209475),(45.3408995801513,0.12285997121692,
-0.124076667508985),(45.3408995801513,0.12285997121692,-0.0564086110209475),
(45.3420409375731,0.0228599712169195,0.628470787325),(45.3420409375731,
0.0228599712169195,0.695074829378222),(45.3420409375731,0.12285997121692,
0.628470787325),(45.3420409375731,0.12285997121692,0.695074829378222),(45.3423720532958,
0.0228599712169195,-0.637491813383008),(45.3423720532958,0.0228599712169195,
-0.544507137021924),(45.3423720532958,0.12285997121692,-0.637491813383008),
(45.3423720532958,0.12285997121692,-0.544507137021924),(45.3425734693114,
0.0228599712169195,0.137945350923633),(45.3425734693114,0.0228599712169195,
0.191680511751269),(45.3425734693114,0.12285997121692,0.137945350923633),
(45.3425734693114,0.12285997121692,0.191680511751269),(45.3426329785888,
0.0228599712169195,-0.882978645048047),(45.3426329785888,0.0228599712169195,
-0.790997520170118),(45.3426329785888,0.12285997121692,-0.882978645048047),
(45.3426329785888,0.12285997121692,-0.790997520170118),(45.3444228345458,
0.0228599712169195,0.877585396089648),(45.3444228345458,0.0228599712169195,
0.946657928743457),(45.3444228345458,0.12285997121692,0.877585396089648),
(45.3444228345458,0.12285997121692,0.946657928743457),(45.344704359204,
0.0228599712169195,-0.110810104093457),(45.344704359204,0.0228599712169195,
-0.0696751744364748),(45.344704359204,0.12285997121692,-0.110810104093457),
(45.344704359204,0.12285997121692,-0.0696751744364748),(45.3454230481688,
0.0228599712169195,0.377590832033252),(45.3454230481688,0.0228599712169195,
0.444516739168262),(45.3454230481688,0.12285997121692,0.377590832033252),
(45.3454230481688,0.12285997121692,0.444516739168262),(45.3454642468993,
0.0228599712169195,-0.360817352018262),(45.3454642468993,0.0228599712169195,
-0.306928649625684),(45.3454642468993,0.12285997121692,-0.360817352018262),
(45.3454642468993,0.12285997121692,-0.306928649625684),(45.3454657727782,
0.0228599712169195,0.15124100140581),(45.3454657727782,0.0228599712169195,
0.178384861269092),(45.3454657727782,0.12285997121692,0.15124100140581),
(45.3454657727782,0.12285997121692,0.178384861269092),(45.3457854444091,
0.0228599712169195,0.641528686800097),(45.3457854444091,0.0228599712169195,
0.682016929903125),(45.3457854444091,0.12285997121692,0.641528686800097),
(45.3457854444091,0.12285997121692,0.682016929903125),(45.3464362317626,
0.0228599712169195,0.164812931337451),(45.3464362317626,0.12285997121692,
0.164812931337451),(45.3466246778075,0.0228599712169195,-0.0971432835673343),
(45.3466246778075,0.0228599712169195,-0.0833420903300294),(45.3466246778075,
0.12285997121692,-0.0971432835673343),(45.3466246778075,0.12285997121692,
-0.0833420903300294),(45.3476760083739,0.0228599712169195,0.654980835237597),
(45.3476760083739,0.0228599712169195,0.668564972200488),(45.3476760083739,
0.12285997121692,0.654980835237597),(45.3476760083739,0.12285997121692,
0.668564972200488),(45.3479918653075,0.0228599712169195,-0.624870124540235),
(45.3479918653075,0.0228599712169195,-0.557128921232129),(45.3479918653075,
0.12285997121692,-0.624870124540235),(45.3479918653075,0.12285997121692,
-0.557128921232129),(45.3481917554442,0.0228599712169195,-0.870493140897657),
(45.3481917554442,0.12285997121692,-0.870493140897657),(45.3481917554442,
0.0228599712169195,-0.803482833585645),(45.3481917554442,0.12285997121692,
-0.803482833585645),(45.3483061963622,0.0228599712169195,0.891127380647754),
(45.3483061963622,0.0228599712169195,0.933116134920214),(45.3483061963622,
0.12285997121692,0.891127380647754),(45.3483061963622,0.12285997121692,
0.933116134920214),(45.3483649427001,0.0228599712169195,-0.34748364993086),
(45.3483649427001,0.0228599712169195,-0.320262256345654),(45.3483649427001,
0.12285997121692,-0.34748364993086),(45.3483649427001,0.12285997121692,
-0.320262256345654),(45.3491858655516,0.0228599712169195,0.390711960115527),
(45.3491858655516,0.0228599712169195,0.431395706453418),(45.3491858655516,
0.12285997121692,0.390711960115527),(45.3491858655516,0.12285997121692,
0.431395706453418),(45.3493384534423,0.0228599712169195,-0.333873000821973),
(45.3493384534423,0.12285997121692,-0.333873000821973),(45.3502661878173,
0.0228599712169195,0.905077919283007),(45.3502661878173,0.0228599712169195,
0.919165596284961),(45.3502661878173,0.12285997121692,0.905077919283007),
(45.3502661878173,0.12285997121692,0.919165596284961),(45.3510855847899,
0.0228599712169195,0.404228863039111),(45.3510855847899,0.0228599712169195,
0.417878708162402),(45.3510855847899,0.12285997121692,0.404228863039111),
(45.3510855847899,0.12285997121692,0.417878708162402),(45.351799696118,
0.0228599712169195,-0.611589256009961),(45.351799696118,0.0228599712169195,
-0.570409789762403),(45.351799696118,0.12285997121692,-0.611589256009961),
(45.351799696118,0.12285997121692,-0.570409789762403),(45.3519591504637,
0.0228599712169195,-0.857355514249708),(45.3519591504637,0.0228599712169195,
-0.816620460233594),(45.3519591504637,0.12285997121692,-0.857355514249708),
(45.3519591504637,0.12285997121692,-0.816620460233594),(45.3537230664794,
0.0228599712169195,-0.597907653531934),(45.3537230664794,0.0228599712169195,
-0.58409139224043),(45.3537230664794,0.12285997121692,-0.597907653531934),
(45.3537230664794,0.12285997121692,-0.58409139224043),(45.3538611585204,
0.0228599712169195,-0.84382154055586),(45.3538611585204,0.0228599712169195,
-0.830154433927442),(45.3538611585204,0.12285997121692,-0.84382154055586),
(45.3538611585204,0.12285997121692,-0.830154433927442),(46.2534354383055,
0.0228599712169195,0.77878588131914),(46.2534354383055,0.12285997121692,
0.77878588131914),(46.2544188672606,0.0228599712169195,0.761591324129199),
(46.2544188672606,0.0228599712169195,0.795980438509082),(46.2544188672606,
0.12285997121692,0.761591324129199),(46.2544188672606,0.12285997121692,
0.795980438509082),(46.2573554212157,0.0228599712169195,0.744621071138476),
(46.2573554212157,0.0228599712169195,0.812950882234667),(46.2573554212157,
0.12285997121692,0.744621071138476),(46.2573554212157,0.12285997121692,
0.812950882234667),(46.2622077161376,0.0228599712169195,0.728095993318652),
(46.2622077161376,0.0228599712169195,0.829475769319629),(46.2622077161376,
0.12285997121692,0.728095993318652),(46.2622077161376,0.12285997121692,
0.829475769319629),(46.2633147412841,0.0228599712169195,-0.727296653470899),
(46.2633147412841,0.12285997121692,-0.727296653470899),(46.2642836743895,
0.0228599712169195,-0.743926253995801),(46.2642836743895,0.0228599712169195,
-0.71066724368086),(46.2642836743895,0.12285997121692,-0.743926253995801),
(46.2642836743895,0.12285997121692,-0.71066724368086),(46.2671759778563,
0.0228599712169195,-0.760330978116895),(46.2671759778563,0.0228599712169195,
-0.694262519559766),(46.2671759778563,0.12285997121692,-0.760330978116895),
(46.2671759778563,0.12285997121692,-0.694262519559766),(46.2689124280516,
0.0228599712169195,0.712231811800097),(46.2689124280516,0.0228599712169195,
0.845339950838183),(46.2689124280516,0.12285997121692,0.712231811800097),
(46.2689124280516,0.12285997121692,0.845339950838183),(46.2719535047118,
0.0228599712169195,-0.776289001188184),(46.2719535047118,0.0228599712169195,
-0.678304496488477),(46.2719535047118,0.12285997121692,-0.776289001188184),
(46.2719535047118,0.12285997121692,-0.678304496488477),(46.2773810559813,
0.0228599712169195,0.697235283174609),(46.2773810559813,0.0228599712169195,
0.860336670198535),(46.2773810559813,0.12285997121692,0.697235283174609),
(46.2773810559813,0.12285997121692,0.860336670198535),(46.2785514051024,
0.0228599712169195,-0.791584411344434),(46.2785514051024,0.0228599712169195,
-0.663009086332227),(46.2785514051024,0.12285997121692,-0.791584411344434),
(46.2785514051024,0.12285997121692,-0.663009086332227),(46.2868804151122,
0.0228599712169195,-0.806010451993848),(46.2868804151122,0.0228599712169195,
-0.648583045682813),(46.2868804151122,0.12285997121692,-0.806010451993848),
(46.2868804151122,0.12285997121692,-0.648583045682813),(46.2875044995848,
0.0228599712169195,0.68330191067705),(46.2875044995848,0.0228599712169195,
0.87426985196123),(46.2875044995848,0.12285997121692,0.68330191067705),
(46.2875044995848,0.12285997121692,0.87426985196123),(46.296827619702,0.0228599712169195,
-0.819372001371289),(46.296827619702,0.0228599712169195,-0.635221496305371),
(46.296827619702,0.12285997121692,-0.819372001371289),(46.296827619702,
0.12285997121692,-0.635221496305371),(46.2991500073973,0.0228599712169195,
0.670613273897265),(46.2991500073973,0.0228599712169195,0.886958679475879),
(46.2991500073973,0.12285997121692,0.670613273897265),(46.2991500073973,
0.12285997121692,0.886958679475879),(46.3082587415282,0.0228599712169195,
-0.831488433561231),(46.3082587415282,0.12285997121692,-0.831488433561231),
(46.3082587415282,0.0228599712169195,-0.62310506411543),(46.3082587415282,
0.12285997121692,-0.62310506411543),(46.3121657544676,0.0228599712169195,
0.659334930696582),(46.3121657544676,0.0228599712169195,0.898236831941699),
(46.3121657544676,0.12285997121692,0.659334930696582),(46.3121657544676,
0.12285997121692,0.898236831941699),(46.3210196668212,0.0228599712169195,
-0.842195716581251),(46.3210196668212,0.0228599712169195,-0.612397781095411),
(46.3210196668212,0.12285997121692,-0.842195716581251),(46.3210196668212,
0.12285997121692,-0.612397781095411),(46.3263823682372,0.0228599712169195,
0.649613746919726),(46.3263823682372,0.0228599712169195,0.907958206453418),
(46.3263823682372,0.12285997121692,0.649613746919726),(46.3263823682372,
0.12285997121692,0.907958206453418),(46.3349364453856,0.0228599712169195,
-0.851349273404981),(46.3349364453856,0.0228599712169195,-0.603244033536817),
(46.3349364453856,0.12285997121692,-0.851349273404981),(46.3349364453856,
0.12285997121692,-0.603244033536817),(46.3416144544188,0.0228599712169195,
0.641576370515918),(46.3416144544188,0.0228599712169195,0.915995392122363),
(46.3416144544188,0.12285997121692,0.641576370515918),(46.3416144544188,
0.12285997121692,0.915995392122363),(46.3498221570555,0.0228599712169195,
-0.858825317106153),(46.3498221570555,0.0228599712169195,-0.595768180570508),
(46.3498221570555,0.12285997121692,-0.858825317106153),(46.3498221570555,
0.12285997121692,-0.595768180570508),(46.3576636487548,0.0228599712169195,
0.635327896394824),(46.3576636487548,0.0228599712169195,0.922243866243457),
(46.3576636487548,0.12285997121692,0.635327896394824),(46.3576636487548,
0.12285997121692,0.922243866243457),(46.3654753858153,0.0228599712169195,
-0.864522567472364),(46.3654753858153,0.0228599712169195,-0.590070930204297),
(46.3654753858153,0.12285997121692,-0.864522567472364),(46.3654753858153,
0.12285997121692,-0.590070930204297),(46.3743209058348,0.0228599712169195,
0.630949768343066),(46.3743209058348,0.0228599712169195,0.926622185030078),
(46.3743209058348,0.12285997121692,0.630949768343066),(46.3743209058348,
0.12285997121692,0.926622185030078),(46.3816840344969,0.0228599712169195,
-0.868364158353711),(46.3816840344969,0.0228599712169195,-0.58622933932295),
(46.3816840344969,0.12285997121692,-0.868364158353711),(46.3816840344969,
0.12285997121692,-0.58622933932295),(46.3913680249755,0.0228599712169195,
0.628498634615039),(46.3913680249755,0.0228599712169195,0.929073318758105),
(46.3913680249755,0.12285997121692,0.628498634615039),(46.3913680249755,
0.12285997121692,0.929073318758105),(46.3982291394774,0.0228599712169195,
-0.87029801913252),(46.3982291394774,0.0228599712169195,-0.584295478544141),
(46.3982291394774,0.12285997121692,-0.87029801913252),(46.3982291394774,
0.12285997121692,-0.584295478544141),(46.4085837537352,0.0228599712169195,
0.628006729402636),(46.4085837537352,0.0228599712169195,0.929565033235644),
(46.4085837537352,0.12285997121692,0.628006729402636),(46.4085837537352,
0.12285997121692,0.929565033235644),(46.414887159497,0.0228599712169195,
-0.87029801913252),(46.414887159497,0.0228599712169195,-0.584295478544141),
(46.414887159497,0.12285997121692,-0.87029801913252),(46.414887159497,0.12285997121692,
-0.584295478544141),(46.4257430249755,0.0228599712169195,0.629480728426074),
(46.4257430249755,0.0228599712169195,0.92809122494707),(46.4257430249755,
0.12285997121692,0.629480728426074),(46.4257430249755,0.12285997121692,
0.92809122494707),(46.4314322644774,0.0228599712169195,-0.868364158353711),
(46.4314322644774,0.0228599712169195,-0.58622933932295),(46.4314322644774,
0.12285997121692,-0.868364158353711),(46.4314322644774,0.12285997121692,
-0.58622933932295),(46.4426230603759,0.0228599712169195,0.632900985994433),
(46.4426230603759,0.0228599712169195,0.924670967378711),(46.4426230603759,
0.12285997121692,0.632900985994433),(46.4426230603759,0.12285997121692,
0.924670967378711),(46.4476409131591,0.0228599712169195,-0.864522567472364),
(46.4476409131591,0.0228599712169195,-0.590070930204297),(46.4476409131591,
0.12285997121692,-0.864522567472364),(46.4476409131591,0.12285997121692,
-0.590070930204297),(46.459002607495,0.0228599712169195,0.63822306088457),
(46.459002607495,0.0228599712169195,0.919348892488574),(46.459002607495,
0.12285997121692,0.63822306088457),(46.459002607495,0.12285997121692,0.919348892488574),
(46.4632941419188,0.0228599712169195,-0.858825317106153),(46.4632941419188,
0.0228599712169195,-0.595768180570508),(46.4632941419188,0.12285997121692,
-0.858825317106153),(46.4632941419188,0.12285997121692,-0.595768180570508),
(46.4746688062255,0.0228599712169195,0.64537752560625),(46.4746688062255,
0.0228599712169195,0.912194427766894),(46.4746688062255,0.12285997121692,
0.64537752560625),(46.4746688062255,0.12285997121692,0.912194427766894),
(46.4781806165282,0.0228599712169195,-0.851349273404981),(46.4781806165282,
0.0228599712169195,-0.603244033536817),(46.4781806165282,0.12285997121692,
-0.851349273404981),(46.4781806165282,0.12285997121692,-0.603244033536817),
(46.4894171887938,0.0228599712169195,0.654271301546191),(46.4894171887938,
0.0228599712169195,0.903300651826953),(46.4894171887938,0.12285997121692,
0.654271301546191),(46.4894171887938,0.12285997121692,0.903300651826953),
(46.4920973950926,0.0228599712169195,-0.842195716581251),(46.4920973950926,
0.12285997121692,-0.842195716581251),(46.4920973950927,0.0228599712169195,
-0.612397781095411),(46.4920973950927,0.12285997121692,-0.612397781095411),
(46.5030562573973,0.0228599712169195,0.664788231172656),(46.5030562573973,
0.0228599712169195,0.892783722200488),(46.5030562573973,0.12285997121692,
0.664788231172656),(46.5030562573973,0.12285997121692,0.892783722200488),
(46.5048583203856,0.0228599712169195,-0.831488433561231),(46.5048583203856,
0.0228599712169195,-0.62310506411543),(46.5048583203856,0.12285997121692,
-0.831488433561231),(46.5048583203856,0.12285997121692,-0.62310506411543),
(46.5154067212645,0.0228599712169195,0.676791366853808),(46.5154067212645,
0.0228599712169195,0.880780586519336),(46.5154067212645,0.12285997121692,
0.676791366853808),(46.5154067212645,0.12285997121692,0.880780586519336),
(46.5162894422118,0.0228599712169195,-0.81937200137129),(46.5162894422118,
0.0228599712169195,-0.635221496305371),(46.5162894422118,0.12285997121692,
-0.81937200137129),(46.5162894422118,0.12285997121692,-0.635221496305371),
(46.5262366468016,0.0228599712169195,-0.806010451993848),(46.5262366468016,
0.0228599712169195,-0.648583045682813),(46.5262366468016,0.12285997121692,
-0.806010451993848),(46.5262366468016,0.12285997121692,-0.648583045682813),
(46.5263091260497,0.0228599712169195,0.690124115266894),(46.5263091260497,
0.0228599712169195,0.86744783810625),(46.5263091260497,0.12285997121692,
0.690124115266894),(46.5263091260497,0.12285997121692,0.86744783810625),
(46.5345656568114,0.0228599712169195,-0.791584411344434),(46.5345656568114,
0.0228599712169195,-0.663009086332227),(46.5345656568114,0.12285997121692,
-0.791584411344434),(46.5345656568114,0.12285997121692,-0.663009086332227),
(46.5356200391356,0.0228599712169195,0.704612716951465),(46.5356200391356,
0.0228599712169195,0.852959236421679),(46.5356200391356,0.12285997121692,
0.704612716951465),(46.5356200391356,0.12285997121692,0.852959236421679),
(46.541163557202,0.0228599712169195,-0.776289001188184),(46.541163557202,
0.0228599712169195,-0.678304496488477),(46.541163557202,0.12285997121692,
-0.776289001188184),(46.541163557202,0.12285997121692,-0.678304496488477),
(46.5432189160888,0.0228599712169195,0.720068153658008),(46.5432189160888,
0.0228599712169195,0.837503799715136),(46.5432189160888,0.12285997121692,
0.720068153658008),(46.5432189160888,0.12285997121692,0.837503799715136),
(46.5459410840575,0.0228599712169195,-0.760330978116895),(46.5459410840575,
0.0228599712169195,-0.694262519559766),(46.5459410840575,0.12285997121692,
-0.760330978116895),(46.5459410840575,0.12285997121692,-0.694262519559766),
(46.5488333875243,0.0228599712169195,-0.743926253995801),(46.5488333875243,
0.0228599712169195,-0.71066724368086),(46.5488333875243,0.12285997121692,
-0.743926253995801),(46.5488333875243,0.12285997121692,-0.71066724368086),
(46.5490065747802,0.0228599712169195,0.736289200105761),(46.5490065747802,
0.0228599712169195,0.821282562532519),(46.5490065747802,0.12285997121692,
0.736289200105761),(46.5490065747802,0.12285997121692,0.821282562532519),
(46.5498023206298,0.0228599712169195,-0.727296653470899),(46.5498023206298,
0.12285997121692,-0.727296653470899),(46.552907484204,0.0228599712169195,
0.753064331331347),(46.552907484204,0.0228599712169195,0.804507622041797),
(46.552907484204,0.12285997121692,0.753064331331347),(46.552907484204,0.12285997121692,
0.804507622041797),(46.5548712903563,0.0228599712169195,0.770174583711718),
(46.5548712903563,0.0228599712169195,0.787397369661425),(46.5548712903563,
0.12285997121692,0.770174583711718),(46.5548712903563,0.12285997121692,
0.787397369661425),(46.6701728040282,0.0228599712169195,-0.981971755704785),
(46.6701728040282,0.0228599712169195,1.04420832089434),(46.6701728040282,
0.12285997121692,-0.981971755704785),(46.6701728040282,0.12285997121692,
1.04420832089434)));
#1383=COORDINATES_LIST('',184,((45.1380622083251,0.12285997121692,-0.333873000821973),
(45.1380622083251,0.13285981862903,-0.333873000821973),(45.1390517407958,
0.12285997121692,-0.348966804227735),(45.1390517407958,0.12285997121692,
-0.318779197416211),(45.1390517407958,0.13285981862903,-0.348966804227735),
(45.1390517407958,0.13285981862903,-0.318779197416211),(45.1420027906005,
0.12285997121692,-0.363802257261182),(45.1420027906005,0.12285997121692,
-0.303943649015332),(45.1420027906005,0.13285981862903,-0.363802257261182),
(45.1420027906005,0.13285981862903,-0.303943649015332),(45.1468650037352,
0.12285997121692,-0.378125682554151),(45.1468650037352,0.12285997121692,
-0.289620223722363),(45.1468650037352,0.13285981862903,-0.378125682554151),
(45.1468650037352,0.13285981862903,-0.289620223722363),(45.1535552197997,
0.12285997121692,-0.391691985807324),(45.1535552197997,0.12285997121692,
-0.276054015836621),(45.1535552197997,0.13285981862903,-0.391691985807324),
(45.1535552197997,0.13285981862903,-0.276054015836621),(45.1580626660888,
0.12285997121692,-0.333873000821973),(45.1580626660888,0.13285981862903,
-0.333873000821973),(45.1590361768309,0.12285997121692,-0.34748364993086),
(45.1590361768309,0.12285997121692,-0.320262256345654),(45.1590361768309,
0.13285981862903,-0.34748364993086),(45.1590361768309,0.13285981862903,
-0.320262256345654),(45.1619368726317,0.12285997121692,-0.360817352018262),
(45.1619368726317,0.12285997121692,-0.306928649625684),(45.1619368726317,
0.13285981862903,-0.360817352018262),(45.1619368726317,0.13285981862903,
-0.306928649625684),(45.1619589978759,0.12285997121692,-0.404268947324658),
(45.1619589978759,0.12285997121692,-0.263477054319287),(45.1619589978759,
0.13285981862903,-0.404268947324658),(45.1619589978759,0.13285981862903,
-0.263477054319287),(45.1667052442138,0.12285997121692,-0.373602405271436),
(45.1667052442138,0.12285997121692,-0.294143501005078),(45.1667052442138,
0.13285981862903,-0.373602405271436),(45.1667052442138,0.13285981862903,
-0.294143501005078),(45.1719321424071,0.12285997121692,-0.415641418180371),
(45.1719321424071,0.12285997121692,-0.252104583463574),(45.1719321424071,
0.13285981862903,-0.415641418180371),(45.1719321424071,0.13285981862903,
-0.252104583463574),(45.1732443982665,0.12285997121692,-0.385578742704297),
(45.1732443982665,0.12285997121692,-0.282167163572217),(45.1732443982665,
0.13285981862903,-0.385578742704297),(45.1732443982665,0.13285981862903,
-0.282167163572217),(45.1814223462645,0.12285997121692,-0.396502509794141),
(45.1814223462645,0.12285997121692,-0.271243396482373),(45.1814223462645,
0.13285981862903,-0.396502509794141),(45.1814223462645,0.13285981862903,
-0.271243396482373),(45.1833045178954,0.12285997121692,-0.425614753446485),
(45.1833045178954,0.12285997121692,-0.242131248197461),(45.1833045178954,
0.13285981862903,-0.425614753446485),(45.1833045178954,0.13285981862903,
-0.242131248197461),(45.1910712415282,0.12285997121692,-0.406151309690381),
(45.1910712415282,0.12285997121692,-0.261594596586133),(45.1910712415282,
0.13285981862903,-0.406151309690381),(45.1910712415282,0.13285981862903,
-0.261594596586133),(45.1958815747802,0.12285997121692,-0.434018436155225),
(45.1958815747802,0.12285997121692,-0.233727565488721),(45.1958815747802,
0.13285981862903,-0.434018436155225),(45.1958815747802,0.13285981862903,
-0.233727565488721),(45.201995008618,0.12285997121692,-0.41432878085127),
(45.201995008618,0.12285997121692,-0.253417220792676),(45.201995008618,
0.13285981862903,-0.41432878085127),(45.201995008618,0.13285981862903,-0.253417220792676),
(45.2094481641356,0.12285997121692,-0.440708556852247),(45.2094481641356,
0.12285997121692,-0.227037444791699),(45.2094481641356,0.13285981862903,
-0.440708556852247),(45.2094481641356,0.13285981862903,-0.227037444791699),
(45.2139708692137,0.12285997121692,-0.420868316373731),(45.2139708692137,
0.12285997121692,-0.246877589902783),(45.2139708692137,0.13285981862903,
-0.420868316373731),(45.2139708692137,0.13285981862903,-0.246877589902783),
(45.2237715894286,0.12285997121692,-0.445570674619581),(45.2237715894286,
0.12285997121692,-0.222175231656934),(45.2237715894286,0.13285981862903,
-0.445570674619581),(45.2237715894286,0.13285981862903,-0.222175231656934),
(45.2267562085692,0.12285997121692,-0.425636974058057),(45.2267562085692,
0.12285997121692,-0.242109027585889),(45.2267562085692,0.13285981862903,
-0.425636974058057),(45.2267562085692,0.13285981862903,-0.242109027585889),
(45.2386069470946,0.12285997121692,-0.448521629056836),(45.2386069470946,
0.12285997121692,-0.219224277219678),(45.2386069470946,0.13285981862903,
-0.448521629056836),(45.2386069470946,0.13285981862903,-0.219224277219678),
(45.2400901013915,0.12285997121692,-0.428537479123975),(45.2400901013915,
0.12285997121692,-0.239208427152539),(45.2400901013915,0.13285981862903,
-0.428537479123975),(45.2400901013915,0.13285981862903,-0.239208427152539),
(45.2537009412352,0.12285997121692,-0.449510970792676),(45.2537009412352,
0.12285997121692,-0.429510989866163),(45.2537009412352,0.12285997121692,
-0.238235011777783),(45.2537009412352,0.12285997121692,-0.21823503085127),
(45.2537009412352,0.13285981862903,-0.449510970792676),(45.2537009412352,
0.13285981862903,-0.429510989866163),(45.2537009412352,0.13285981862903,
-0.238235011777783),(45.2537009412352,0.13285981862903,-0.21823503085127),
(45.2673110181395,0.12285997121692,-0.428537479123975),(45.2673110181395,
0.12285997121692,-0.239208427152539),(45.2673110181395,0.13285981862903,
-0.428537479123975),(45.2673110181395,0.13285981862903,-0.239208427152539),
(45.2687941724364,0.12285997121692,-0.448521629056836),(45.2687941724364,
0.12285997121692,-0.219224277219678),(45.2687941724364,0.13285981862903,
-0.448521629056836),(45.2687941724364,0.13285981862903,-0.219224277219678),
(45.2806449109618,0.12285997121692,-0.425636974058057),(45.2806449109618,
0.12285997121692,-0.242109027585889),(45.2806449109618,0.13285981862903,
-0.425636974058057),(45.2806449109618,0.13285981862903,-0.242109027585889),
(45.2836295301024,0.12285997121692,-0.445570674619581),(45.2836295301024,
0.12285997121692,-0.222175231656934),(45.2836295301024,0.13285981862903,
-0.445570674619581),(45.2836295301024,0.13285981862903,-0.222175231656934),
(45.2934302503173,0.13285981862903,-0.420868316373731),(45.2934302503173,
0.13285981862903,-0.246877589902783),(45.2934302503173,0.12285997121692,
-0.420868316373731),(45.2934302503173,0.12285997121692,-0.246877589902783),
(45.2979529553954,0.12285997121692,-0.440708556852247),(45.2979529553954,
0.12285997121692,-0.227037444791699),(45.2979529553954,0.13285981862903,
-0.440708556852247),(45.2979529553954,0.13285981862903,-0.227037444791699),
(45.305406110913,0.12285997121692,-0.41432878085127),(45.305406110913,0.12285997121692,
-0.253417220792676),(45.305406110913,0.13285981862903,-0.41432878085127),
(45.305406110913,0.13285981862903,-0.253417220792676),(45.3115195447509,
0.12285997121692,-0.434018436155225),(45.3115195447509,0.12285997121692,
-0.233727565488721),(45.3115195447509,0.13285981862903,-0.434018436155225),
(45.3115195447509,0.13285981862903,-0.233727565488721),(45.3163298780028,
0.12285997121692,-0.406151309690381),(45.3163298780028,0.12285997121692,
-0.261594596586133),(45.3163298780028,0.13285981862903,-0.406151309690381),
(45.3163298780028,0.13285981862903,-0.261594596586133),(45.3240966016356,
0.12285997121692,-0.425614753446485),(45.3240966016356,0.12285997121692,
-0.242131248197461),(45.3240966016356,0.13285981862903,-0.425614753446485),
(45.3240966016356,0.13285981862903,-0.242131248197461),(45.3259787732665,
0.12285997121692,-0.396502509794141),(45.3259787732665,0.12285997121692,
-0.271243396482373),(45.3259787732665,0.13285981862903,-0.396502509794141),
(45.3259787732665,0.13285981862903,-0.271243396482373),(45.3341567212645,
0.12285997121692,-0.385578742704297),(45.3341567212645,0.12285997121692,
-0.282167163572217),(45.3341567212645,0.13285981862903,-0.385578742704297),
(45.3341567212645,0.13285981862903,-0.282167163572217),(45.3354689771239,
0.12285997121692,-0.415641418180371),(45.3354689771239,0.12285997121692,
-0.252104583463574),(45.3354689771239,0.13285981862903,-0.415641418180371),
(45.3354689771239,0.13285981862903,-0.252104583463574),(45.3406958753173,
0.12285997121692,-0.373602405271436),(45.3406958753173,0.12285997121692,
-0.294143501005078),(45.3406958753173,0.13285981862903,-0.373602405271436),
(45.3406958753173,0.13285981862903,-0.294143501005078),(45.3454421216552,
0.12285997121692,-0.404268947324658),(45.3454421216552,0.12285997121692,
-0.263477054319287),(45.3454421216552,0.13285981862903,-0.404268947324658),
(45.3454421216552,0.13285981862903,-0.263477054319287),(45.3454642468993,
0.12285997121692,-0.360817352018262),(45.3454642468993,0.12285997121692,
-0.306928649625684),(45.3454642468993,0.13285981862903,-0.360817352018262),
(45.3454642468993,0.13285981862903,-0.306928649625684),(45.3483649427001,
0.12285997121692,-0.34748364993086),(45.3483649427001,0.12285997121692,
-0.320262256345654),(45.3483649427001,0.13285981862903,-0.34748364993086),
(45.3483649427001,0.13285981862903,-0.320262256345654),(45.3493384534423,
0.12285997121692,-0.333873000821973),(45.3493384534423,0.13285981862903,
-0.333873000821973),(45.3538458997313,0.12285997121692,-0.391691985807324),
(45.3538458997313,0.12285997121692,-0.276054015836621),(45.3538458997313,
0.13285981862903,-0.391691985807324),(45.3538458997313,0.13285981862903,
-0.276054015836621),(45.3605361157958,0.12285997121692,-0.378125682554151),
(45.3605361157958,0.12285997121692,-0.289620223722363),(45.3605361157958,
0.13285981862903,-0.378125682554151),(45.3605361157958,0.13285981862903,
-0.289620223722363),(45.3653983289305,0.12285997121692,-0.363802257261182),
(45.3653983289305,0.12285997121692,-0.303943649015332),(45.3653983289305,
0.13285981862903,-0.363802257261182),(45.3653983289305,0.13285981862903,
-0.303943649015332),(45.3683493787352,0.12285997121692,-0.348966804227735),
(45.3683493787352,0.12285997121692,-0.318779197416211),(45.3683493787352,
0.13285981862903,-0.348966804227735),(45.3683493787352,0.13285981862903,
-0.318779197416211),(45.3693389112059,0.12285997121692,-0.333873000821973),
(45.3693389112059,0.13285981862903,-0.333873000821973)));
#1384=COORDINATES_LIST('',184,((45.1357047254149,0.12285997121692,0.164812931337451),
(45.1357047254149,0.13285981862903,0.164812931337451),(45.1366919690673,
0.12285997121692,0.149754699983691),(45.1366919690673,0.12285997121692,
0.179871162691211),(45.1366919690673,0.13285981862903,0.149754699983691),
(45.1366919690673,0.13285981862903,0.179871162691211),(45.1396361524169,
0.12285997121692,0.134954151430224),(45.1396361524169,0.12285997121692,
0.194671711244678),(45.1396361524169,0.13285981862903,0.134954151430224),
(45.1396361524169,0.13285981862903,0.194671711244678),(45.1444861585204,
0.12285997121692,0.120664390840625),(45.1444861585204,0.12285997121692,
0.208961471834277),(45.1444861585204,0.13285981862903,0.120664390840625),
(45.1444861585204,0.13285981862903,0.208961471834277),(45.1511611157958,
0.12285997121692,0.107130131044482),(45.1511611157958,0.12285997121692,
0.22249573163042),(45.1511611157958,0.13285981862903,0.107130131044482),
(45.1511611157958,0.13285981862903,0.22249573163042),(45.1557051831786,
0.12285997121692,0.164812931337451),(45.1557051831786,0.13285981862903,
0.164812931337451),(45.156675642163,0.12285997121692,0.15124100140581),
(45.156675642163,0.12285997121692,0.178384861269092),(45.156675642163,0.13285981862903,
0.15124100140581),(45.156675642163,0.13285981862903,0.178384861269092),
(45.1595450574462,0.12285997121692,0.0945828287983884),(45.1595450574462,
0.12285997121692,0.235043033876514),(45.1595450574462,0.13285981862903,
0.0945828287983884),(45.1595450574462,0.13285981862903,0.235043033876514),
(45.1595679456298,0.12285997121692,0.137945350923633),(45.1595679456298,
0.12285997121692,0.191680511751269),(45.1595679456298,0.13285981862903,
0.137945350923633),(45.1595679456298,0.13285981862903,0.191680511751269),
(45.1643225843016,0.12285997121692,0.125196632661914),(45.1643225843016,
0.12285997121692,0.204429230012988),(45.1643225843016,0.13285981862903,
0.125196632661914),(45.1643225843016,0.13285981862903,0.204429230012988),
(45.1694945508544,0.12285997121692,0.0832371561909666),(45.1694945508544,
0.12285997121692,0.246388801851367),(45.1694945508544,0.13285981862903,
0.0832371561909666),(45.1694945508544,0.13285981862903,0.246388801851367),
(45.1708434278075,0.12285997121692,0.113254341402148),(45.1708434278075,
0.12285997121692,0.216371521272754),(45.1708434278075,0.13285981862903,
0.113254341402148),(45.1708434278075,0.13285981862903,0.216371521272754),
(45.1789977246825,0.12285997121692,0.102361759462451),(45.1789977246825,
0.12285997121692,0.227264103212451),(45.1789977246825,0.13285981862903,
0.102361759462451),(45.1789977246825,0.13285981862903,0.227264103212451),
(45.1808402234618,0.12285997121692,0.0732872813130368),(45.1808402234618,
0.12285997121692,0.256338676729297),(45.1808402234618,0.13285981862903,
0.0732872813130368),(45.1808402234618,0.13285981862903,0.256338676729297),
(45.1886191541259,0.12285997121692,0.0927404253865231),(45.1886191541259,
0.12285997121692,0.236885437288379),(45.1886191541259,0.13285981862903,
0.0927404253865231),(45.1886191541259,0.13285981862903,0.236885437288379),
(45.1933875257079,0.12285997121692,0.0649033396626462),(45.1933875257079,
0.12285997121692,0.264722427644824),(45.1933875257079,0.13285981862903,
0.0649033396626462),(45.1933875257079,0.13285981862903,0.264722427644824),
(45.1995116406981,0.12285997121692,0.0845862238789549),(45.1995116406981,
0.12285997121692,0.245039543428515),(45.1995116406981,0.13285981862903,
0.0845862238789549),(45.1995116406981,0.13285981862903,0.245039543428515),
(45.2069220716063,0.12285997121692,0.0582289545918454),(45.2069220716063,
0.12285997121692,0.271396812715625),(45.2069220716063,0.13285981862903,
0.0582289545918454),(45.2069220716063,0.13285981862903,0.271396812715625),
(45.2114539319579,0.12285997121692,0.0780652850056639),(45.2114539319579,
0.12285997121692,0.251560577669238),(45.2114539319579,0.13285981862903,
0.0780652850056639),(45.2114539319579,0.13285981862903,0.251560577669238),
(45.2212119275634,0.12285997121692,0.0533782809163084),(45.2212119275634,
0.12285997121692,0.276247581758594),(45.2212119275634,0.13285981862903,
0.0533782809163084),(45.2212119275634,0.13285981862903,0.276247581758594),
(45.2242026502196,0.12285997121692,0.0733102648640623),(45.2242026502196,
0.12285997121692,0.25631559781084),(45.2242026502196,0.13285981862903,0.0733102648640623),
(45.2242026502196,0.13285981862903,0.25631559781084),(45.2360121900145,
0.12285997121692,0.0504342883015622),(45.2360121900145,0.12285997121692,
0.27919157437334),(45.2360121900145,0.13285981862903,0.0504342883015622),
(45.2360121900145,0.13285981862903,0.27919157437334),(45.2374983960692,
0.12285997121692,0.0704179613972654),(45.2374983960692,0.12285997121692,
0.259207901277637),(45.2374983960692,0.13285981862903,0.0704179613972654),
(45.2374983960692,0.13285981862903,0.259207901277637),(45.2510703260009,
0.12285997121692,0.0494473307515134),(45.2510703260009,0.12285997121692,
0.0694473116780271),(45.2510703260009,0.12285997121692,0.260178550996875),
(45.2510703260009,0.12285997121692,0.280178531923389),(45.2510703260009,
0.13285981862903,0.0494473307515134),(45.2510703260009,0.13285981862903,
0.0694473116780271),(45.2510703260009,0.13285981862903,0.260178550996875),
(45.2510703260009,0.13285981862903,0.280178531923389),(45.2646422559325,
0.12285997121692,0.0704179613972654),(45.2646422559325,0.12285997121692,
0.259207901277637),(45.2646422559325,0.13285981862903,0.0704179613972654),
(45.2646422559325,0.13285981862903,0.259207901277637),(45.2661284619872,
0.12285997121692,0.0504342883015622),(45.2661284619872,0.12285997121692,
0.27919157437334),(45.2661284619872,0.13285981862903,0.0504342883015622),
(45.2661284619872,0.13285981862903,0.27919157437334),(45.2779380017821,
0.12285997121692,0.0733102648640623),(45.2779380017821,0.12285997121692,
0.25631559781084),(45.2779380017821,0.13285981862903,0.0733102648640623),
(45.2779380017821,0.13285981862903,0.25631559781084),(45.2809294873778,
0.12285997121692,0.0533782809163084),(45.2809294873778,0.12285997121692,
0.276247581758594),(45.2809294873778,0.13285981862903,0.0533782809163084),
(45.2809294873778,0.13285981862903,0.276247581758594),(45.2906867200438,
0.12285997121692,0.0780652850056639),(45.2906867200438,0.12285997121692,
0.251560577669238),(45.2906867200438,0.13285981862903,0.0780652850056639),
(45.2906867200438,0.13285981862903,0.251560577669238),(45.2952193433348,
0.12285997121692,0.0582289545918454),(45.2952193433348,0.12285997121692,
0.271396812715625),(45.2952193433348,0.13285981862903,0.0582289545918454),
(45.2952193433348,0.13285981862903,0.271396812715625),(45.3026290113036,
0.12285997121692,0.0845862238789549),(45.3026290113036,0.12285997121692,
0.245039543428515),(45.3026290113036,0.13285981862903,0.0845862238789549),
(45.3026290113036,0.13285981862903,0.245039543428515),(45.3087531262938,
0.12285997121692,0.0649033396626462),(45.3087531262938,0.12285997121692,
0.264722427644824),(45.3087531262938,0.13285981862903,0.0649033396626462),
(45.3087531262938,0.13285981862903,0.264722427644824),(45.3135214978759,
0.12285997121692,0.0927404253865231),(45.3135214978759,0.12285997121692,
0.236885437288379),(45.3135214978759,0.13285981862903,0.0927404253865231),
(45.3135214978759,0.13285981862903,0.236885437288379),(45.3213004285399,
0.12285997121692,0.0732872813130368),(45.3213004285399,0.12285997121692,
0.256338676729297),(45.3213004285399,0.13285981862903,0.0732872813130368),
(45.3213004285399,0.13285981862903,0.256338676729297),(45.3231429273192,
0.12285997121692,0.102361759462451),(45.3231429273192,0.12285997121692,
0.227264103212451),(45.3231429273192,0.13285981862903,0.102361759462451),
(45.3231429273192,0.13285981862903,0.227264103212451),(45.3312972241942,
0.12285997121692,0.113254341402148),(45.3312972241942,0.12285997121692,
0.216371521272754),(45.3312972241942,0.13285981862903,0.113254341402148),
(45.3312972241942,0.13285981862903,0.216371521272754),(45.3326461011473,
0.12285997121692,0.0832371561909666),(45.3326461011473,0.12285997121692,
0.246388801851367),(45.3326461011473,0.13285981862903,0.0832371561909666),
(45.3326461011473,0.13285981862903,0.246388801851367),(45.3378180677001,
0.12285997121692,0.125196632661914),(45.3378180677001,0.12285997121692,
0.204429230012988),(45.3378180677001,0.13285981862903,0.125196632661914),
(45.3378180677001,0.13285981862903,0.204429230012988),(45.3425734693114,
0.13285981862903,0.137945350923633),(45.3425734693114,0.13285981862903,
0.191680511751269),(45.3425734693114,0.12285997121692,0.137945350923633),
(45.3425734693114,0.12285997121692,0.191680511751269),(45.342596357495,
0.12285997121692,0.0945828287983884),(45.342596357495,0.12285997121692,
0.235043033876514),(45.342596357495,0.13285981862903,0.0945828287983884),
(45.342596357495,0.13285981862903,0.235043033876514),(45.3454657727782,
0.12285997121692,0.15124100140581),(45.3454657727782,0.12285997121692,0.178384861269092),
(45.3454657727782,0.13285981862903,0.15124100140581),(45.3454657727782,
0.13285981862903,0.178384861269092),(45.3464362317626,0.12285997121692,
0.164812931337451),(45.3464362317626,0.13285981862903,0.164812931337451),
(45.3509802991454,0.12285997121692,0.107130131044482),(45.3509802991454,
0.12285997121692,0.22249573163042),(45.3509802991454,0.13285981862903,0.107130131044482),
(45.3509802991454,0.13285981862903,0.22249573163042),(45.3576544934813,
0.12285997121692,0.120664390840625),(45.3576544934813,0.12285997121692,
0.208961471834277),(45.3576544934813,0.13285981862903,0.120664390840625),
(45.3576544934813,0.13285981862903,0.208961471834277),(45.3625052625243,
0.12285997121692,0.134954151430224),(45.3625052625243,0.12285997121692,
0.194671711244678),(45.3625052625243,0.13285981862903,0.134954151430224),
(45.3625052625243,0.13285981862903,0.194671711244678),(45.3654494458739,
0.12285997121692,0.149754699983691),(45.3654494458739,0.12285997121692,
0.179871162691211),(45.3654494458739,0.13285981862903,0.149754699983691),
(45.3654494458739,0.13285981862903,0.179871162691211),(45.3664359265868,
0.12285997121692,0.164812931337451),(45.3664359265868,0.13285981862903,
0.164812931337451)));
#1385=TESSELLATED_SHELL('ConvergentBody',(#1267),$);
#1386=TESSELLATED_SHELL('ConvergentBody',(#1268),$);
#1387=TESSELLATED_SHELL('ConvergentBody',(#1278),$);
#1388=TESSELLATED_SHELL('ConvergentBody',(#1279),$);
#1389=TESSELLATED_SHELL('ConvergentBody',(#1280),$);
#1390=TESSELLATED_SHELL('ConvergentBody',(#1281),$);
#1391=TESSELLATED_SHELL('ConvergentBody',(#1282),$);
#1392=TESSELLATED_SHELL('ConvergentBody',(#1283),$);
#1393=TESSELLATED_SHELL('ConvergentBody',(#1284),$);
#1394=TESSELLATED_SHELL('ConvergentBody',(#1285),$);
#1395=TESSELLATED_SHELL('ConvergentBody',(#1286),$);
#1396=TESSELLATED_SHELL('ConvergentBody',(#1287),$);
#1397=TESSELLATED_SHELL('ConvergentBody',(#1288),$);
#1398=TESSELLATED_SHELL('ConvergentBody',(#1289),$);
#1399=TESSELLATED_SHELL('ConvergentBody',(#1290),$);
#1400=TESSELLATED_SHELL('ConvergentBody',(#1291),$);
#1401=TESSELLATED_SHELL('ConvergentBody',(#1292),$);
#1402=TESSELLATED_SHELL('ConvergentBody',(#1293),$);
#1403=TESSELLATED_SHELL('ConvergentBody',(#1294),$);
#1404=TESSELLATED_SHELL('ConvergentBody',(#1295),$);
#1405=TESSELLATED_SHELL('ConvergentBody',(#1296),$);
#1406=TESSELLATED_SHELL('ConvergentBody',(#1297),$);
#1407=TESSELLATED_SHELL('ConvergentBody',(#1298),$);
#1408=TESSELLATED_SHELL('ConvergentBody',(#1299),$);
#1409=TESSELLATED_SHELL('ConvergentBody',(#1300),$);
#1410=TESSELLATED_SHELL('ConvergentBody',(#1301),$);
#1411=TESSELLATED_SHELL('ConvergentBody',(#1302),$);
#1412=TESSELLATED_SHELL('ConvergentBody',(#1303),$);
#1413=TESSELLATED_SHELL('ConvergentBody',(#1304),$);
#1414=TESSELLATED_SHELL('ConvergentBody',(#1305),$);
#1415=TESSELLATED_SHELL('ConvergentBody',(#1306),$);
#1416=TESSELLATED_SHELL('ConvergentBody',(#1307),$);
#1417=TESSELLATED_SHELL('ConvergentBody',(#1308),$);
#1418=TESSELLATED_SHELL('ConvergentBody',(#1309),$);
#1419=TESSELLATED_SHELL('ConvergentBody',(#1310),$);
#1420=TESSELLATED_SHELL('ConvergentBody',(#1311),$);
#1421=TESSELLATED_SHELL('ConvergentBody',(#1312),$);
#1422=TESSELLATED_SHELL('ConvergentBody',(#1313),$);
#1423=TESSELLATED_SHELL('ConvergentBody',(#1314),$);
#1424=TESSELLATED_SHELL('ConvergentBody',(#1315),$);
#1425=TESSELLATED_SHELL('ConvergentBody',(#1316),$);
#1426=TESSELLATED_SHELL('ConvergentBody',(#1317),$);
#1427=TESSELLATED_SHELL('ConvergentBody',(#1318),$);
#1428=TESSELLATED_SHELL('ConvergentBody',(#1319),$);
#1429=TESSELLATED_SHELL('ConvergentBody',(#1320),$);
#1430=TESSELLATED_SHELL('ConvergentBody',(#1321),$);
#1431=TESSELLATED_SHELL('ConvergentBody',(#1322),$);
#1432=TESSELLATED_SHELL('ConvergentBody',(#1323),$);
#1433=TESSELLATED_SHELL('ConvergentBody',(#1324),$);
#1434=TESSELLATED_SHELL('ConvergentBody',(#1325),$);
#1435=TESSELLATED_SHELL('ConvergentBody',(#1326),$);
#1436=TESSELLATED_SHELL('ConvergentBody',(#1327),$);
#1437=TESSELLATED_SHELL('ConvergentBody',(#1328),$);
#1438=TESSELLATED_SHELL('ConvergentBody',(#1329),$);
#1439=SHAPE_DEFINITION_REPRESENTATION(#2797,#1497);
#1440=SHAPE_DEFINITION_REPRESENTATION(#2798,#1498);
#1441=SHAPE_DEFINITION_REPRESENTATION(#2799,#1499);
#1442=SHAPE_DEFINITION_REPRESENTATION(#2800,#1500);
#1443=SHAPE_DEFINITION_REPRESENTATION(#2801,#1501);
#1444=SHAPE_DEFINITION_REPRESENTATION(#2802,#1502);
#1445=SHAPE_DEFINITION_REPRESENTATION(#2803,#1503);
#1446=SHAPE_DEFINITION_REPRESENTATION(#2804,#1504);
#1447=SHAPE_DEFINITION_REPRESENTATION(#2805,#1505);
#1448=SHAPE_DEFINITION_REPRESENTATION(#2806,#1506);
#1449=SHAPE_DEFINITION_REPRESENTATION(#2807,#1507);
#1450=SHAPE_DEFINITION_REPRESENTATION(#2808,#1508);
#1451=SHAPE_DEFINITION_REPRESENTATION(#2809,#1509);
#1452=SHAPE_DEFINITION_REPRESENTATION(#2810,#1510);
#1453=SHAPE_DEFINITION_REPRESENTATION(#2811,#1511);
#1454=SHAPE_DEFINITION_REPRESENTATION(#2812,#1512);
#1455=SHAPE_DEFINITION_REPRESENTATION(#2813,#1513);
#1456=SHAPE_DEFINITION_REPRESENTATION(#2814,#1514);
#1457=SHAPE_DEFINITION_REPRESENTATION(#2815,#1515);
#1458=SHAPE_DEFINITION_REPRESENTATION(#2816,#1516);
#1459=SHAPE_DEFINITION_REPRESENTATION(#2817,#1517);
#1460=SHAPE_DEFINITION_REPRESENTATION(#2818,#1518);
#1461=SHAPE_DEFINITION_REPRESENTATION(#2819,#1519);
#1462=SHAPE_DEFINITION_REPRESENTATION(#2820,#1520);
#1463=SHAPE_DEFINITION_REPRESENTATION(#2821,#1521);
#1464=SHAPE_DEFINITION_REPRESENTATION(#2822,#1522);
#1465=SHAPE_DEFINITION_REPRESENTATION(#2823,#1523);
#1466=SHAPE_DEFINITION_REPRESENTATION(#2824,#1524);
#1467=SHAPE_DEFINITION_REPRESENTATION(#2825,#1525);
#1468=SHAPE_DEFINITION_REPRESENTATION(#2826,#1526);
#1469=SHAPE_DEFINITION_REPRESENTATION(#2827,#1527);
#1470=SHAPE_DEFINITION_REPRESENTATION(#2828,#1528);
#1471=SHAPE_DEFINITION_REPRESENTATION(#2829,#1529);
#1472=SHAPE_DEFINITION_REPRESENTATION(#2830,#1530);
#1473=SHAPE_DEFINITION_REPRESENTATION(#2831,#1531);
#1474=SHAPE_DEFINITION_REPRESENTATION(#2832,#1532);
#1475=SHAPE_DEFINITION_REPRESENTATION(#2833,#1533);
#1476=SHAPE_DEFINITION_REPRESENTATION(#2834,#1534);
#1477=SHAPE_DEFINITION_REPRESENTATION(#2835,#1535);
#1478=SHAPE_DEFINITION_REPRESENTATION(#2836,#1536);
#1479=SHAPE_DEFINITION_REPRESENTATION(#2837,#1537);
#1480=SHAPE_DEFINITION_REPRESENTATION(#2838,#1538);
#1481=SHAPE_DEFINITION_REPRESENTATION(#2839,#1539);
#1482=SHAPE_DEFINITION_REPRESENTATION(#2840,#1540);
#1483=SHAPE_DEFINITION_REPRESENTATION(#2841,#1541);
#1484=SHAPE_DEFINITION_REPRESENTATION(#2842,#1542);
#1485=SHAPE_DEFINITION_REPRESENTATION(#2843,#1543);
#1486=SHAPE_DEFINITION_REPRESENTATION(#2844,#1544);
#1487=SHAPE_DEFINITION_REPRESENTATION(#2845,#1545);
#1488=SHAPE_DEFINITION_REPRESENTATION(#2846,#1546);
#1489=SHAPE_DEFINITION_REPRESENTATION(#2847,#1547);
#1490=SHAPE_DEFINITION_REPRESENTATION(#2848,#1548);
#1491=SHAPE_DEFINITION_REPRESENTATION(#2849,#1549);
#1492=SHAPE_DEFINITION_REPRESENTATION(#2850,#1550);
#1493=SHAPE_DEFINITION_REPRESENTATION(#2851,#1551);
#1494=SHAPE_DEFINITION_REPRESENTATION(#2852,#1552);
#1495=SHAPE_DEFINITION_REPRESENTATION(#2853,#1553);
#1496=SHAPE_DEFINITION_REPRESENTATION(#2854,#1554);
#1497=SHAPE_REPRESENTATION('id2',(#1555),#2507);
#1498=SHAPE_REPRESENTATION('id5',(#1556),#2508);
#1499=SHAPE_REPRESENTATION('id8',(#1557),#2509);
#1500=SHAPE_REPRESENTATION('Part 3',(#1558),#2510);
#1501=SHAPE_REPRESENTATION('Part 2',(#1595),#2511);
#1502=SHAPE_REPRESENTATION('id17',(#1632),#2512);
#1503=SHAPE_REPRESENTATION('id20',(#1633),#2513);
#1504=SHAPE_REPRESENTATION('id23',(#1634),#2514);
#1505=SHAPE_REPRESENTATION('id26',(#1635),#2515);
#1506=SHAPE_REPRESENTATION('id29',(#1636),#2516);
#1507=SHAPE_REPRESENTATION('id32',(#1637),#2517);
#1508=SHAPE_REPRESENTATION('id35',(#1638),#2518);
#1509=SHAPE_REPRESENTATION('id38',(#1639),#2519);
#1510=SHAPE_REPRESENTATION('id41',(#1640),#2520);
#1511=SHAPE_REPRESENTATION('id44',(#1641),#2521);
#1512=SHAPE_REPRESENTATION('id47',(#1642),#2522);
#1513=SHAPE_REPRESENTATION('id50',(#1643),#2523);
#1514=SHAPE_REPRESENTATION('id53',(#1644),#2524);
#1515=SHAPE_REPRESENTATION('id56',(#1645),#2525);
#1516=SHAPE_REPRESENTATION('id59',(#1646),#2526);
#1517=SHAPE_REPRESENTATION('id62',(#1647),#2527);
#1518=SHAPE_REPRESENTATION('id65',(#1648),#2528);
#1519=SHAPE_REPRESENTATION('id68',(#1649),#2529);
#1520=SHAPE_REPRESENTATION('id71',(#1650),#2530);
#1521=SHAPE_REPRESENTATION('id74',(#1651),#2531);
#1522=SHAPE_REPRESENTATION('id77',(#1652),#2532);
#1523=SHAPE_REPRESENTATION('id80',(#1653),#2533);
#1524=SHAPE_REPRESENTATION('id83',(#1654),#2534);
#1525=SHAPE_REPRESENTATION('id86',(#1655),#2535);
#1526=SHAPE_REPRESENTATION('id89',(#1656),#2536);
#1527=SHAPE_REPRESENTATION('id92',(#1657),#2537);
#1528=SHAPE_REPRESENTATION('id95',(#1658),#2538);
#1529=SHAPE_REPRESENTATION('id98',(#1659),#2539);
#1530=SHAPE_REPRESENTATION('id101',(#1660),#2540);
#1531=SHAPE_REPRESENTATION('id104',(#1661),#2541);
#1532=SHAPE_REPRESENTATION('id107',(#1662),#2542);
#1533=SHAPE_REPRESENTATION('id110',(#1663),#2543);
#1534=SHAPE_REPRESENTATION('id113',(#1664),#2544);
#1535=SHAPE_REPRESENTATION('id116',(#1665),#2545);
#1536=SHAPE_REPRESENTATION('id119',(#1666),#2546);
#1537=SHAPE_REPRESENTATION('id122',(#1667),#2547);
#1538=SHAPE_REPRESENTATION('id125',(#1668),#2548);
#1539=SHAPE_REPRESENTATION('id128',(#1669),#2549);
#1540=SHAPE_REPRESENTATION('id131',(#1670),#2550);
#1541=SHAPE_REPRESENTATION('id134',(#1671),#2551);
#1542=SHAPE_REPRESENTATION('id137',(#1672),#2552);
#1543=SHAPE_REPRESENTATION('id140',(#1673),#2553);
#1544=SHAPE_REPRESENTATION('id143',(#1674),#2554);
#1545=SHAPE_REPRESENTATION('id146',(#1675),#2555);
#1546=SHAPE_REPRESENTATION('id149',(#1676),#2556);
#1547=SHAPE_REPRESENTATION('id152',(#1677),#2557);
#1548=SHAPE_REPRESENTATION('id155',(#1678),#2558);
#1549=SHAPE_REPRESENTATION('id158',(#1679),#2559);
#1550=SHAPE_REPRESENTATION('id161',(#1680),#2560);
#1551=SHAPE_REPRESENTATION('id164',(#1681),#2561);
#1552=SHAPE_REPRESENTATION('id167',(#1682),#2562);
#1553=SHAPE_REPRESENTATION('id170',(#1683),#2563);
#1554=SHAPE_REPRESENTATION('Part 1',(#1684),#2564);
#1555=AXIS2_PLACEMENT_3D('',#2089,#1691,#1692);
#1556=AXIS2_PLACEMENT_3D('',#2090,#1693,#1694);
#1557=AXIS2_PLACEMENT_3D('',#2091,#1695,#1696);
#1558=AXIS2_PLACEMENT_3D('',#2092,#1697,#1698);
#1559=AXIS2_PLACEMENT_3D('',#2093,#1699,#1700);
#1560=AXIS2_PLACEMENT_3D('',#2102,#1705,#1706);
#1561=AXIS2_PLACEMENT_3D('',#2103,#1707,#1708);
#1562=AXIS2_PLACEMENT_3D('',#2105,#1709,#1710);
#1563=AXIS2_PLACEMENT_3D('',#2112,#1714,#1715);
#1564=AXIS2_PLACEMENT_3D('',#2124,#1722,#1723);
#1565=AXIS2_PLACEMENT_3D('',#2125,#1724,#1725);
#1566=AXIS2_PLACEMENT_3D('',#2127,#1726,#1727);
#1567=AXIS2_PLACEMENT_3D('',#2128,#1728,#1729);
#1568=AXIS2_PLACEMENT_3D('',#2130,#1730,#1731);
#1569=AXIS2_PLACEMENT_3D('',#2131,#1732,#1733);
#1570=AXIS2_PLACEMENT_3D('',#2133,#1734,#1735);
#1571=AXIS2_PLACEMENT_3D('',#2134,#1736,#1737);
#1572=AXIS2_PLACEMENT_3D('',#2136,#1738,#1739);
#1573=AXIS2_PLACEMENT_3D('',#2137,#1740,#1741);
#1574=AXIS2_PLACEMENT_3D('',#2139,#1742,#1743);
#1575=AXIS2_PLACEMENT_3D('',#2140,#1744,#1745);
#1576=AXIS2_PLACEMENT_3D('',#2142,#1746,#1747);
#1577=AXIS2_PLACEMENT_3D('',#2146,#1750,#1751);
#1578=AXIS2_PLACEMENT_3D('',#2152,#1755,#1756);
#1579=AXIS2_PLACEMENT_3D('',#2154,#1758,#1759);
#1580=AXIS2_PLACEMENT_3D('',#2168,#1767,#1768);
#1581=AXIS2_PLACEMENT_3D('',#2174,#1772,#1773);
#1582=AXIS2_PLACEMENT_3D('',#2178,#1776,#1777);
#1583=AXIS2_PLACEMENT_3D('',#2182,#1780,#1781);
#1584=AXIS2_PLACEMENT_3D('',#2184,#1783,#1784);
#1585=AXIS2_PLACEMENT_3D('',#2188,#1787,#1788);
#1586=AXIS2_PLACEMENT_3D('',#2192,#1791,#1792);
#1587=AXIS2_PLACEMENT_3D('',#2194,#1794,#1795);
#1588=AXIS2_PLACEMENT_3D('',#2200,#1799,#1800);
#1589=AXIS2_PLACEMENT_3D('',#2210,#1806,#1807);
#1590=AXIS2_PLACEMENT_3D('',#2218,#1812,#1813);
#1591=AXIS2_PLACEMENT_3D('',#2223,#1817,#1818);
#1592=AXIS2_PLACEMENT_3D('',#2227,#1821,#1822);
#1593=AXIS2_PLACEMENT_3D('',#2229,#1824,#1825);
#1594=AXIS2_PLACEMENT_3D('',#2230,#1826,#1827);
#1595=AXIS2_PLACEMENT_3D('',#2231,#1828,#1829);
#1596=AXIS2_PLACEMENT_3D('',#2232,#1830,#1831);
#1597=AXIS2_PLACEMENT_3D('',#2241,#1836,#1837);
#1598=AXIS2_PLACEMENT_3D('',#2242,#1838,#1839);
#1599=AXIS2_PLACEMENT_3D('',#2244,#1840,#1841);
#1600=AXIS2_PLACEMENT_3D('',#2251,#1845,#1846);
#1601=AXIS2_PLACEMENT_3D('',#2263,#1853,#1854);
#1602=AXIS2_PLACEMENT_3D('',#2264,#1855,#1856);
#1603=AXIS2_PLACEMENT_3D('',#2266,#1857,#1858);
#1604=AXIS2_PLACEMENT_3D('',#2267,#1859,#1860);
#1605=AXIS2_PLACEMENT_3D('',#2269,#1861,#1862);
#1606=AXIS2_PLACEMENT_3D('',#2270,#1863,#1864);
#1607=AXIS2_PLACEMENT_3D('',#2272,#1865,#1866);
#1608=AXIS2_PLACEMENT_3D('',#2273,#1867,#1868);
#1609=AXIS2_PLACEMENT_3D('',#2275,#1869,#1870);
#1610=AXIS2_PLACEMENT_3D('',#2276,#1871,#1872);
#1611=AXIS2_PLACEMENT_3D('',#2278,#1873,#1874);
#1612=AXIS2_PLACEMENT_3D('',#2279,#1875,#1876);
#1613=AXIS2_PLACEMENT_3D('',#2281,#1877,#1878);
#1614=AXIS2_PLACEMENT_3D('',#2285,#1881,#1882);
#1615=AXIS2_PLACEMENT_3D('',#2291,#1886,#1887);
#1616=AXIS2_PLACEMENT_3D('',#2293,#1889,#1890);
#1617=AXIS2_PLACEMENT_3D('',#2307,#1898,#1899);
#1618=AXIS2_PLACEMENT_3D('',#2313,#1903,#1904);
#1619=AXIS2_PLACEMENT_3D('',#2317,#1907,#1908);
#1620=AXIS2_PLACEMENT_3D('',#2321,#1911,#1912);
#1621=AXIS2_PLACEMENT_3D('',#2323,#1914,#1915);
#1622=AXIS2_PLACEMENT_3D('',#2327,#1918,#1919);
#1623=AXIS2_PLACEMENT_3D('',#2331,#1922,#1923);
#1624=AXIS2_PLACEMENT_3D('',#2333,#1925,#1926);
#1625=AXIS2_PLACEMENT_3D('',#2339,#1930,#1931);
#1626=AXIS2_PLACEMENT_3D('',#2349,#1937,#1938);
#1627=AXIS2_PLACEMENT_3D('',#2357,#1943,#1944);
#1628=AXIS2_PLACEMENT_3D('',#2362,#1948,#1949);
#1629=AXIS2_PLACEMENT_3D('',#2366,#1952,#1953);
#1630=AXIS2_PLACEMENT_3D('',#2368,#1955,#1956);
#1631=AXIS2_PLACEMENT_3D('',#2369,#1957,#1958);
#1632=AXIS2_PLACEMENT_3D('',#2370,#1959,#1960);
#1633=AXIS2_PLACEMENT_3D('',#2371,#1961,#1962);
#1634=AXIS2_PLACEMENT_3D('',#2372,#1963,#1964);
#1635=AXIS2_PLACEMENT_3D('',#2373,#1965,#1966);
#1636=AXIS2_PLACEMENT_3D('',#2374,#1967,#1968);
#1637=AXIS2_PLACEMENT_3D('',#2375,#1969,#1970);
#1638=AXIS2_PLACEMENT_3D('',#2376,#1971,#1972);
#1639=AXIS2_PLACEMENT_3D('',#2377,#1973,#1974);
#1640=AXIS2_PLACEMENT_3D('',#2378,#1975,#1976);
#1641=AXIS2_PLACEMENT_3D('',#2379,#1977,#1978);
#1642=AXIS2_PLACEMENT_3D('',#2380,#1979,#1980);
#1643=AXIS2_PLACEMENT_3D('',#2381,#1981,#1982);
#1644=AXIS2_PLACEMENT_3D('',#2382,#1983,#1984);
#1645=AXIS2_PLACEMENT_3D('',#2383,#1985,#1986);
#1646=AXIS2_PLACEMENT_3D('',#2384,#1987,#1988);
#1647=AXIS2_PLACEMENT_3D('',#2385,#1989,#1990);
#1648=AXIS2_PLACEMENT_3D('',#2386,#1991,#1992);
#1649=AXIS2_PLACEMENT_3D('',#2387,#1993,#1994);
#1650=AXIS2_PLACEMENT_3D('',#2388,#1995,#1996);
#1651=AXIS2_PLACEMENT_3D('',#2389,#1997,#1998);
#1652=AXIS2_PLACEMENT_3D('',#2390,#1999,#2000);
#1653=AXIS2_PLACEMENT_3D('',#2391,#2001,#2002);
#1654=AXIS2_PLACEMENT_3D('',#2392,#2003,#2004);
#1655=AXIS2_PLACEMENT_3D('',#2393,#2005,#2006);
#1656=AXIS2_PLACEMENT_3D('',#2394,#2007,#2008);
#1657=AXIS2_PLACEMENT_3D('',#2395,#2009,#2010);
#1658=AXIS2_PLACEMENT_3D('',#2396,#2011,#2012);
#1659=AXIS2_PLACEMENT_3D('',#2397,#2013,#2014);
#1660=AXIS2_PLACEMENT_3D('',#2398,#2015,#2016);
#1661=AXIS2_PLACEMENT_3D('',#2399,#2017,#2018);
#1662=AXIS2_PLACEMENT_3D('',#2400,#2019,#2020);
#1663=AXIS2_PLACEMENT_3D('',#2401,#2021,#2022);
#1664=AXIS2_PLACEMENT_3D('',#2402,#2023,#2024);
#1665=AXIS2_PLACEMENT_3D('',#2403,#2025,#2026);
#1666=AXIS2_PLACEMENT_3D('',#2404,#2027,#2028);
#1667=AXIS2_PLACEMENT_3D('',#2405,#2029,#2030);
#1668=AXIS2_PLACEMENT_3D('',#2406,#2031,#2032);
#1669=AXIS2_PLACEMENT_3D('',#2407,#2033,#2034);
#1670=AXIS2_PLACEMENT_3D('',#2408,#2035,#2036);
#1671=AXIS2_PLACEMENT_3D('',#2409,#2037,#2038);
#1672=AXIS2_PLACEMENT_3D('',#2410,#2039,#2040);
#1673=AXIS2_PLACEMENT_3D('',#2411,#2041,#2042);
#1674=AXIS2_PLACEMENT_3D('',#2412,#2043,#2044);
#1675=AXIS2_PLACEMENT_3D('',#2413,#2045,#2046);
#1676=AXIS2_PLACEMENT_3D('',#2414,#2047,#2048);
#1677=AXIS2_PLACEMENT_3D('',#2415,#2049,#2050);
#1678=AXIS2_PLACEMENT_3D('',#2416,#2051,#2052);
#1679=AXIS2_PLACEMENT_3D('',#2417,#2053,#2054);
#1680=AXIS2_PLACEMENT_3D('',#2418,#2055,#2056);
#1681=AXIS2_PLACEMENT_3D('',#2419,#2057,#2058);
#1682=AXIS2_PLACEMENT_3D('',#2420,#2059,#2060);
#1683=AXIS2_PLACEMENT_3D('',#2421,#2061,#2062);
#1684=AXIS2_PLACEMENT_3D('',#2422,#2063,#2064);
#1685=AXIS2_PLACEMENT_3D('',#2423,#2065,#2066);
#1686=AXIS2_PLACEMENT_3D('',#2432,#2071,#2072);
#1687=AXIS2_PLACEMENT_3D('',#2438,#2076,#2077);
#1688=AXIS2_PLACEMENT_3D('',#2442,#2080,#2081);
#1689=AXIS2_PLACEMENT_3D('',#2446,#2084,#2085);
#1690=AXIS2_PLACEMENT_3D('',#2448,#2087,#2088);
#1691=DIRECTION('',(0.,0.,1.));
#1692=DIRECTION('',(1.,0.,0.));
#1693=DIRECTION('',(0.,0.,1.));
#1694=DIRECTION('',(1.,0.,0.));
#1695=DIRECTION('',(0.,0.,1.));
#1696=DIRECTION('',(1.,0.,0.));
#1697=DIRECTION('',(0.,0.,1.));
#1698=DIRECTION('',(1.,0.,0.));
#1699=DIRECTION('',(0.,0.,1.));
#1700=DIRECTION('',(0.,-1.,0.));
#1701=DIRECTION('',(-1.,0.,0.));
#1702=DIRECTION('',(0.,1.,0.));
#1703=DIRECTION('',(-1.,0.,0.));
#1704=DIRECTION('',(0.,-1.,0.));
#1705=DIRECTION('',(0.,1.,0.));
#1706=DIRECTION('',(1.,0.,0.));
#1707=DIRECTION('',(0.,1.,0.));
#1708=DIRECTION('',(1.,0.,0.));
#1709=DIRECTION('',(0.,1.,0.));
#1710=DIRECTION('',(1.,0.,0.));
#1711=DIRECTION('',(0.,0.,-1.));
#1712=DIRECTION('',(-1.,0.,0.));
#1713=DIRECTION('',(0.,0.,1.));
#1714=DIRECTION('',(1.,0.,0.));
#1715=DIRECTION('',(0.,-1.,0.));
#1716=DIRECTION('',(0.,0.,-1.));
#1717=DIRECTION('',(0.,-1.,0.));
#1718=DIRECTION('',(0.,0.,1.));
#1719=DIRECTION('',(0.,-1.,0.));
#1720=DIRECTION('',(0.,0.,-1.));
#1721=DIRECTION('',(0.,-1.,0.));
#1722=DIRECTION('',(0.,-1.,0.));
#1723=DIRECTION('',(-1.,0.,0.));
#1724=DIRECTION('',(0.,1.,0.));
#1725=DIRECTION('',(1.,0.,0.));
#1726=DIRECTION('',(0.,1.,0.));
#1727=DIRECTION('',(1.,0.,0.));
#1728=DIRECTION('',(0.,1.,0.));
#1729=DIRECTION('',(1.,0.,0.));
#1730=DIRECTION('',(0.,-1.,0.));
#1731=DIRECTION('',(-1.,0.,0.));
#1732=DIRECTION('',(0.,1.,0.));
#1733=DIRECTION('',(1.,0.,0.));
#1734=DIRECTION('',(0.,1.,0.));
#1735=DIRECTION('',(1.,0.,0.));
#1736=DIRECTION('',(0.,1.,0.));
#1737=DIRECTION('',(1.,0.,0.));
#1738=DIRECTION('',(0.,1.,0.));
#1739=DIRECTION('',(1.,0.,0.));
#1740=DIRECTION('',(0.,1.,0.));
#1741=DIRECTION('',(1.,0.,0.));
#1742=DIRECTION('',(0.,1.,0.));
#1743=DIRECTION('',(1.,0.,0.));
#1744=DIRECTION('',(0.,1.,0.));
#1745=DIRECTION('',(1.,0.,0.));
#1746=DIRECTION('',(0.,0.,1.));
#1747=DIRECTION('',(0.,-1.,0.));
#1748=DIRECTION('',(0.,-1.,0.));
#1749=DIRECTION('',(-1.,0.,0.));
#1750=DIRECTION('',(-1.,0.,0.));
#1751=DIRECTION('',(0.,1.,0.));
#1752=DIRECTION('',(0.,0.,-1.));
#1753=DIRECTION('',(0.,-1.,0.));
#1754=DIRECTION('',(0.,0.,-1.));
#1755=DIRECTION('',(0.,1.,0.));
#1756=DIRECTION('',(1.,0.,0.));
#1757=DIRECTION('',(1.,0.,0.));
#1758=DIRECTION('',(0.,1.,0.));
#1759=DIRECTION('',(1.,0.,0.));
#1760=DIRECTION('',(-1.,0.,0.));
#1761=DIRECTION('',(0.,0.,1.));
#1762=DIRECTION('',(-1.,0.,0.));
#1763=DIRECTION('',(0.,0.,1.));
#1764=DIRECTION('',(-1.,0.,0.));
#1765=DIRECTION('',(0.,0.,1.));
#1766=DIRECTION('',(-1.,0.,0.));
#1767=DIRECTION('',(0.,0.,-1.));
#1768=DIRECTION('',(-1.,0.,0.));
#1769=DIRECTION('',(0.,1.,0.));
#1770=DIRECTION('',(0.,1.,0.));
#1771=DIRECTION('',(-1.,0.,0.));
#1772=DIRECTION('',(0.,0.,1.));
#1773=DIRECTION('',(0.,-1.,0.));
#1774=DIRECTION('',(0.,-1.,0.));
#1775=DIRECTION('',(1.,0.,0.));
#1776=DIRECTION('',(0.,0.,1.));
#1777=DIRECTION('',(0.,-1.,0.));
#1778=DIRECTION('',(0.,-1.,0.));
#1779=DIRECTION('',(1.,0.,0.));
#1780=DIRECTION('',(1.,0.,0.));
#1781=DIRECTION('',(0.,-1.,0.));
#1782=DIRECTION('',(0.,0.,-1.));
#1783=DIRECTION('',(-1.,0.,0.));
#1784=DIRECTION('',(0.,0.,1.));
#1785=DIRECTION('',(0.,1.,0.));
#1786=DIRECTION('',(0.,0.,1.));
#1787=DIRECTION('',(0.,0.,1.));
#1788=DIRECTION('',(1.,0.,0.));
#1789=DIRECTION('',(0.,1.,0.));
#1790=DIRECTION('',(0.999999951078628,-0.000312798244076786,0.));
#1791=DIRECTION('',(1.,0.,0.));
#1792=DIRECTION('',(0.,0.,-1.));
#1793=DIRECTION('',(0.,0.,-1.));
#1794=DIRECTION('',(-0.000312798244076786,-0.999999951078628,0.));
#1795=DIRECTION('',(-0.999999951078628,0.000312798244076786,0.));
#1796=DIRECTION('',(0.,0.,1.));
#1797=DIRECTION('',(0.999999951078628,-0.000312798244076786,0.));
#1798=DIRECTION('',(0.,0.,1.));
#1799=DIRECTION('',(0.,0.,-1.));
#1800=DIRECTION('',(-1.,0.,0.));
#1801=DIRECTION('',(-1.,0.,0.));
#1802=DIRECTION('',(0.,-1.,0.));
#1803=DIRECTION('',(-1.,0.,0.));
#1804=DIRECTION('',(1.,0.,0.));
#1805=DIRECTION('',(0.,-1.,0.));
#1806=DIRECTION('',(0.,-1.,0.));
#1807=DIRECTION('',(-1.,0.,0.));
#1808=DIRECTION('',(-1.,0.,0.));
#1809=DIRECTION('',(0.,0.,1.));
#1810=DIRECTION('',(-1.,0.,0.));
#1811=DIRECTION('',(0.,0.,-1.));
#1812=DIRECTION('',(1.,0.,0.));
#1813=DIRECTION('',(0.,0.,-1.));
#1814=DIRECTION('',(0.,0.,-1.));
#1815=DIRECTION('',(0.,-1.,0.));
#1816=DIRECTION('',(0.,0.,1.));
#1817=DIRECTION('',(0.,0.,1.));
#1818=DIRECTION('',(1.,0.,0.));
#1819=DIRECTION('',(1.,0.,0.));
#1820=DIRECTION('',(0.,-1.,0.));
#1821=DIRECTION('',(-1.,0.,0.));
#1822=DIRECTION('',(0.,0.,1.));
#1823=DIRECTION('',(0.,0.,1.));
#1824=DIRECTION('',(0.,-1.,0.));
#1825=DIRECTION('',(-1.,0.,0.));
#1826=DIRECTION('',(0.,1.,0.));
#1827=DIRECTION('',(1.,0.,0.));
#1828=DIRECTION('',(0.,0.,1.));
#1829=DIRECTION('',(1.,0.,0.));
#1830=DIRECTION('',(0.,0.,1.));
#1831=DIRECTION('',(0.,-1.,0.));
#1832=DIRECTION('',(-1.,0.,0.));
#1833=DIRECTION('',(0.,1.,0.));
#1834=DIRECTION('',(-1.,0.,0.));
#1835=DIRECTION('',(0.,-1.,0.));
#1836=DIRECTION('',(0.,1.,0.));
#1837=DIRECTION('',(1.,0.,0.));
#1838=DIRECTION('',(0.,1.,0.));
#1839=DIRECTION('',(1.,0.,0.));
#1840=DIRECTION('',(0.,1.,0.));
#1841=DIRECTION('',(1.,0.,0.));
#1842=DIRECTION('',(0.,0.,-1.));
#1843=DIRECTION('',(-1.,0.,0.));
#1844=DIRECTION('',(0.,0.,1.));
#1845=DIRECTION('',(1.,0.,0.));
#1846=DIRECTION('',(0.,-1.,0.));
#1847=DIRECTION('',(0.,0.,-1.));
#1848=DIRECTION('',(0.,-1.,0.));
#1849=DIRECTION('',(0.,0.,1.));
#1850=DIRECTION('',(0.,-1.,0.));
#1851=DIRECTION('',(0.,0.,-1.));
#1852=DIRECTION('',(0.,-1.,0.));
#1853=DIRECTION('',(0.,-1.,0.));
#1854=DIRECTION('',(-1.,0.,0.));
#1855=DIRECTION('',(0.,1.,0.));
#1856=DIRECTION('',(1.,0.,0.));
#1857=DIRECTION('',(0.,1.,0.));
#1858=DIRECTION('',(1.,0.,0.));
#1859=DIRECTION('',(0.,1.,0.));
#1860=DIRECTION('',(1.,0.,0.));
#1861=DIRECTION('',(0.,-1.,0.));
#1862=DIRECTION('',(-1.,0.,0.));
#1863=DIRECTION('',(0.,1.,0.));
#1864=DIRECTION('',(1.,0.,0.));
#1865=DIRECTION('',(0.,1.,0.));
#1866=DIRECTION('',(1.,0.,0.));
#1867=DIRECTION('',(0.,1.,0.));
#1868=DIRECTION('',(1.,0.,0.));
#1869=DIRECTION('',(0.,1.,0.));
#1870=DIRECTION('',(1.,0.,0.));
#1871=DIRECTION('',(0.,1.,0.));
#1872=DIRECTION('',(1.,0.,0.));
#1873=DIRECTION('',(0.,1.,0.));
#1874=DIRECTION('',(1.,0.,0.));
#1875=DIRECTION('',(0.,1.,0.));
#1876=DIRECTION('',(1.,0.,0.));
#1877=DIRECTION('',(0.,0.,1.));
#1878=DIRECTION('',(0.,-1.,0.));
#1879=DIRECTION('',(0.,-1.,0.));
#1880=DIRECTION('',(-1.,0.,0.));
#1881=DIRECTION('',(-1.,0.,0.));
#1882=DIRECTION('',(0.,1.,0.));
#1883=DIRECTION('',(0.,0.,-1.));
#1884=DIRECTION('',(0.,-1.,0.));
#1885=DIRECTION('',(0.,0.,-1.));
#1886=DIRECTION('',(0.,1.,0.));
#1887=DIRECTION('',(1.,0.,0.));
#1888=DIRECTION('',(1.,0.,0.));
#1889=DIRECTION('',(0.,1.,0.));
#1890=DIRECTION('',(1.,0.,0.));
#1891=DIRECTION('',(-1.,0.,0.));
#1892=DIRECTION('',(0.,0.,1.));
#1893=DIRECTION('',(-1.,0.,0.));
#1894=DIRECTION('',(0.,0.,1.));
#1895=DIRECTION('',(-1.,0.,0.));
#1896=DIRECTION('',(0.,0.,1.));
#1897=DIRECTION('',(-1.,0.,0.));
#1898=DIRECTION('',(0.,0.,-1.));
#1899=DIRECTION('',(-1.,0.,0.));
#1900=DIRECTION('',(0.,1.,0.));
#1901=DIRECTION('',(0.,1.,0.));
#1902=DIRECTION('',(-1.,0.,0.));
#1903=DIRECTION('',(0.,0.,1.));
#1904=DIRECTION('',(0.,-1.,0.));
#1905=DIRECTION('',(0.,-1.,0.));
#1906=DIRECTION('',(1.,0.,0.));
#1907=DIRECTION('',(0.,0.,1.));
#1908=DIRECTION('',(0.,-1.,0.));
#1909=DIRECTION('',(0.,-1.,0.));
#1910=DIRECTION('',(1.,0.,0.));
#1911=DIRECTION('',(1.,0.,0.));
#1912=DIRECTION('',(0.,-1.,0.));
#1913=DIRECTION('',(0.,0.,-1.));
#1914=DIRECTION('',(-1.,0.,0.));
#1915=DIRECTION('',(0.,0.,1.));
#1916=DIRECTION('',(0.,1.,0.));
#1917=DIRECTION('',(0.,0.,1.));
#1918=DIRECTION('',(0.,0.,1.));
#1919=DIRECTION('',(1.,0.,0.));
#1920=DIRECTION('',(0.,1.,0.));
#1921=DIRECTION('',(0.999999951078628,-0.000312798244076786,0.));
#1922=DIRECTION('',(1.,0.,0.));
#1923=DIRECTION('',(0.,0.,-1.));
#1924=DIRECTION('',(0.,0.,-1.));
#1925=DIRECTION('',(-0.000312798244076786,-0.999999951078628,0.));
#1926=DIRECTION('',(-0.999999951078628,0.000312798244076786,0.));
#1927=DIRECTION('',(0.,0.,1.));
#1928=DIRECTION('',(0.999999951078628,-0.000312798244076786,0.));
#1929=DIRECTION('',(0.,0.,1.));
#1930=DIRECTION('',(0.,0.,-1.));
#1931=DIRECTION('',(-1.,0.,0.));
#1932=DIRECTION('',(-1.,0.,0.));
#1933=DIRECTION('',(0.,-1.,0.));
#1934=DIRECTION('',(-1.,0.,0.));
#1935=DIRECTION('',(1.,0.,0.));
#1936=DIRECTION('',(0.,-1.,0.));
#1937=DIRECTION('',(0.,-1.,0.));
#1938=DIRECTION('',(-1.,0.,0.));
#1939=DIRECTION('',(-1.,0.,0.));
#1940=DIRECTION('',(0.,0.,1.));
#1941=DIRECTION('',(-1.,0.,0.));
#1942=DIRECTION('',(0.,0.,-1.));
#1943=DIRECTION('',(1.,0.,0.));
#1944=DIRECTION('',(0.,0.,-1.));
#1945=DIRECTION('',(0.,0.,-1.));
#1946=DIRECTION('',(0.,-1.,0.));
#1947=DIRECTION('',(0.,0.,1.));
#1948=DIRECTION('',(0.,0.,1.));
#1949=DIRECTION('',(1.,0.,0.));
#1950=DIRECTION('',(1.,0.,0.));
#1951=DIRECTION('',(0.,-1.,0.));
#1952=DIRECTION('',(-1.,0.,0.));
#1953=DIRECTION('',(0.,0.,1.));
#1954=DIRECTION('',(0.,0.,1.));
#1955=DIRECTION('',(0.,-1.,0.));
#1956=DIRECTION('',(-1.,0.,0.));
#1957=DIRECTION('',(0.,1.,0.));
#1958=DIRECTION('',(1.,0.,0.));
#1959=DIRECTION('',(0.,0.,1.));
#1960=DIRECTION('',(1.,0.,0.));
#1961=DIRECTION('',(0.,0.,1.));
#1962=DIRECTION('',(1.,0.,0.));
#1963=DIRECTION('',(0.,0.,1.));
#1964=DIRECTION('',(1.,0.,0.));
#1965=DIRECTION('',(0.,0.,1.));
#1966=DIRECTION('',(1.,0.,0.));
#1967=DIRECTION('',(0.,0.,1.));
#1968=DIRECTION('',(1.,0.,0.));
#1969=DIRECTION('',(0.,0.,1.));
#1970=DIRECTION('',(1.,0.,0.));
#1971=DIRECTION('',(0.,0.,1.));
#1972=DIRECTION('',(1.,0.,0.));
#1973=DIRECTION('',(0.,0.,1.));
#1974=DIRECTION('',(1.,0.,0.));
#1975=DIRECTION('',(0.,0.,1.));
#1976=DIRECTION('',(1.,0.,0.));
#1977=DIRECTION('',(0.,0.,1.));
#1978=DIRECTION('',(1.,0.,0.));
#1979=DIRECTION('',(0.,0.,1.));
#1980=DIRECTION('',(1.,0.,0.));
#1981=DIRECTION('',(0.,0.,1.));
#1982=DIRECTION('',(1.,0.,0.));
#1983=DIRECTION('',(0.,0.,1.));
#1984=DIRECTION('',(1.,0.,0.));
#1985=DIRECTION('',(0.,0.,1.));
#1986=DIRECTION('',(1.,0.,0.));
#1987=DIRECTION('',(0.,0.,1.));
#1988=DIRECTION('',(1.,0.,0.));
#1989=DIRECTION('',(0.,0.,1.));
#1990=DIRECTION('',(1.,0.,0.));
#1991=DIRECTION('',(0.,0.,1.));
#1992=DIRECTION('',(1.,0.,0.));
#1993=DIRECTION('',(0.,0.,1.));
#1994=DIRECTION('',(1.,0.,0.));
#1995=DIRECTION('',(0.,0.,1.));
#1996=DIRECTION('',(1.,0.,0.));
#1997=DIRECTION('',(0.,0.,1.));
#1998=DIRECTION('',(1.,0.,0.));
#1999=DIRECTION('',(0.,0.,1.));
#2000=DIRECTION('',(1.,0.,0.));
#2001=DIRECTION('',(0.,0.,1.));
#2002=DIRECTION('',(1.,0.,0.));
#2003=DIRECTION('',(0.,0.,1.));
#2004=DIRECTION('',(1.,0.,0.));
#2005=DIRECTION('',(0.,0.,1.));
#2006=DIRECTION('',(1.,0.,0.));
#2007=DIRECTION('',(0.,0.,1.));
#2008=DIRECTION('',(1.,0.,0.));
#2009=DIRECTION('',(0.,0.,1.));
#2010=DIRECTION('',(1.,0.,0.));
#2011=DIRECTION('',(0.,0.,1.));
#2012=DIRECTION('',(1.,0.,0.));
#2013=DIRECTION('',(0.,0.,1.));
#2014=DIRECTION('',(1.,0.,0.));
#2015=DIRECTION('',(0.,0.,1.));
#2016=DIRECTION('',(1.,0.,0.));
#2017=DIRECTION('',(0.,0.,1.));
#2018=DIRECTION('',(1.,0.,0.));
#2019=DIRECTION('',(0.,0.,1.));
#2020=DIRECTION('',(1.,0.,0.));
#2021=DIRECTION('',(0.,0.,1.));
#2022=DIRECTION('',(1.,0.,0.));
#2023=DIRECTION('',(0.,0.,1.));
#2024=DIRECTION('',(1.,0.,0.));
#2025=DIRECTION('',(0.,0.,1.));
#2026=DIRECTION('',(1.,0.,0.));
#2027=DIRECTION('',(0.,0.,1.));
#2028=DIRECTION('',(1.,0.,0.));
#2029=DIRECTION('',(0.,0.,1.));
#2030=DIRECTION('',(1.,0.,0.));
#2031=DIRECTION('',(0.,0.,1.));
#2032=DIRECTION('',(1.,0.,0.));
#2033=DIRECTION('',(0.,0.,1.));
#2034=DIRECTION('',(1.,0.,0.));
#2035=DIRECTION('',(0.,0.,1.));
#2036=DIRECTION('',(1.,0.,0.));
#2037=DIRECTION('',(0.,0.,1.));
#2038=DIRECTION('',(1.,0.,0.));
#2039=DIRECTION('',(0.,0.,1.));
#2040=DIRECTION('',(1.,0.,0.));
#2041=DIRECTION('',(0.,0.,1.));
#2042=DIRECTION('',(1.,0.,0.));
#2043=DIRECTION('',(0.,0.,1.));
#2044=DIRECTION('',(1.,0.,0.));
#2045=DIRECTION('',(0.,0.,1.));
#2046=DIRECTION('',(1.,0.,0.));
#2047=DIRECTION('',(0.,0.,1.));
#2048=DIRECTION('',(1.,0.,0.));
#2049=DIRECTION('',(0.,0.,1.));
#2050=DIRECTION('',(1.,0.,0.));
#2051=DIRECTION('',(0.,0.,1.));
#2052=DIRECTION('',(1.,0.,0.));
#2053=DIRECTION('',(0.,0.,1.));
#2054=DIRECTION('',(1.,0.,0.));
#2055=DIRECTION('',(0.,0.,1.));
#2056=DIRECTION('',(1.,0.,0.));
#2057=DIRECTION('',(0.,0.,1.));
#2058=DIRECTION('',(1.,0.,0.));
#2059=DIRECTION('',(0.,0.,1.));
#2060=DIRECTION('',(1.,0.,0.));
#2061=DIRECTION('',(0.,0.,1.));
#2062=DIRECTION('',(1.,0.,0.));
#2063=DIRECTION('',(0.,0.,1.));
#2064=DIRECTION('',(1.,0.,0.));
#2065=DIRECTION('',(1.,0.,0.));
#2066=DIRECTION('',(0.,-1.,0.));
#2067=DIRECTION('',(0.,0.,1.));
#2068=DIRECTION('',(0.,-1.,0.));
#2069=DIRECTION('',(0.,0.,1.));
#2070=DIRECTION('',(0.,-1.,0.));
#2071=DIRECTION('',(0.,1.,0.));
#2072=DIRECTION('',(1.,0.,0.));
#2073=DIRECTION('',(0.,0.,-1.));
#2074=DIRECTION('',(-1.,0.,0.));
#2075=DIRECTION('',(-1.,0.,0.));
#2076=DIRECTION('',(0.,0.,1.));
#2077=DIRECTION('',(0.,-1.,0.));
#2078=DIRECTION('',(0.,1.,0.));
#2079=DIRECTION('',(-1.,0.,0.));
#2080=DIRECTION('',(0.,1.,0.));
#2081=DIRECTION('',(1.,0.,0.));
#2082=DIRECTION('',(-1.,0.,0.));
#2083=DIRECTION('',(0.,0.,-1.));
#2084=DIRECTION('',(0.,0.,1.));
#2085=DIRECTION('',(0.,-1.,0.));
#2086=DIRECTION('',(0.,-1.,0.));
#2087=DIRECTION('',(1.,0.,0.));
#2088=DIRECTION('',(0.,-1.,0.));
#2089=CARTESIAN_POINT('',(0.,0.,0.));
#2090=CARTESIAN_POINT('',(0.,0.,0.));
#2091=CARTESIAN_POINT('',(0.,0.,0.));
#2092=CARTESIAN_POINT('',(0.,0.,0.));
#2093=CARTESIAN_POINT('',(45.8827028802469,0.0230599717956968,-1.01405454355904));
#2094=CARTESIAN_POINT('',(45.8827028802469,0.,-1.01405454355904));
#2095=CARTESIAN_POINT('',(46.7221469995777,0.,-1.01405454355904));
#2096=CARTESIAN_POINT('',(45.4098428447122,0.,-1.01405454355904));
#2097=CARTESIAN_POINT('',(45.4098428447122,0.0230599717956968,-1.01405454355904));
#2098=CARTESIAN_POINT('',(45.4098428447122,0.0228599717956967,-1.01405454355904));
#2099=CARTESIAN_POINT('',(45.8827028802469,0.0228599717956967,-1.01405454355904));
#2100=CARTESIAN_POINT('',(46.7221469995777,0.0228599717956967,-1.01405454355904));
#2101=CARTESIAN_POINT('',(46.7221469995777,0.0230599717956968,-1.01405454355904));
#2102=CARTESIAN_POINT('',(46.6701728144571,0.0228599717956967,-0.981971714645624));
#2103=CARTESIAN_POINT('',(46.3995269033045,0.0228599717956967,-0.720240968487629));
#2104=CARTESIAN_POINT('',(46.5287380909017,0.0228599717956967,-0.720240968487629));
#2105=CARTESIAN_POINT('',(46.3995269033045,0.0228599717956967,0.779342156477482));
#2106=CARTESIAN_POINT('',(46.528117916768,0.0228599717956967,0.779342156477482));
#2107=CARTESIAN_POINT('',(45.4098428447122,0.0228599717956967,-0.981971714645624));
#2108=CARTESIAN_POINT('',(45.4098428447122,0.0228599717956967,1.06884984647035));
#2109=CARTESIAN_POINT('',(45.8827028802469,0.0228599717956967,1.06884984647035));
#2110=CARTESIAN_POINT('',(46.7221469995777,0.0228599717956967,1.06884984647035));
#2111=CARTESIAN_POINT('',(46.7221469995777,0.0228599717956967,0.0273976514556554));
#2112=CARTESIAN_POINT('',(45.4098428447122,0.05,0.025015113002796));
#2113=CARTESIAN_POINT('',(45.4098428447122,0.,0.0401815020066194));
#2114=CARTESIAN_POINT('',(45.4098428447122,0.,-1.01928043177361));
#2115=CARTESIAN_POINT('',(45.4098428447122,0.05,-1.01928043177361));
#2116=CARTESIAN_POINT('',(45.4098428447122,-0.15,-1.01928043177361));
#2117=CARTESIAN_POINT('',(45.4098428447122,-0.15,0.025015113002796));
#2118=CARTESIAN_POINT('',(45.4098428447122,-0.15,1.0693106577792));
#2119=CARTESIAN_POINT('',(45.4098428447122,0.05,1.0693106577792));
#2120=CARTESIAN_POINT('',(45.4098428447122,0.33,1.0693106577792));
#2121=CARTESIAN_POINT('',(45.4098428447122,0.33,0.0401815020066194));
#2122=CARTESIAN_POINT('',(45.4098428447122,0.33,1.06884984647035));
#2123=CARTESIAN_POINT('',(45.4098428447122,0.35,1.06884984647035));
#2124=CARTESIAN_POINT('',(46.3995269033045,0.222859971795697,0.779342156477482));
#2125=CARTESIAN_POINT('',(46.3995269033045,0.222859971795697,0.779342156477482));
#2126=CARTESIAN_POINT('',(46.528117916768,0.222859971795697,0.779342156477482));
#2127=CARTESIAN_POINT('',(46.065994922145,0.222859971795697,0.0273976514556554));
#2128=CARTESIAN_POINT('',(46.3995269033045,0.222859971795697,0.779342156477482));
#2129=CARTESIAN_POINT('',(46.4553764749206,0.222859971795697,0.779342156477482));
#2130=CARTESIAN_POINT('',(46.3995269033045,0.222859971795697,-0.720240968487629));
#2131=CARTESIAN_POINT('',(46.3995269033045,0.222859971795697,-0.720240968487629));
#2132=CARTESIAN_POINT('',(46.5287380909017,0.222859971795697,-0.720240968487629));
#2133=CARTESIAN_POINT('',(46.065994922145,0.222859971795697,0.0273976514556554));
#2134=CARTESIAN_POINT('',(46.3995269033045,0.222859971795697,-0.720240968487629));
#2135=CARTESIAN_POINT('',(46.454930844015,0.222859971795697,-0.720240968487629));
#2136=CARTESIAN_POINT('',(46.3995269033045,-2.3171400282043,-0.720240968487629));
#2137=CARTESIAN_POINT('',(46.3995269033045,-0.15,-0.720240968487629));
#2138=CARTESIAN_POINT('',(46.454930844015,-0.15,-0.720240968487629));
#2139=CARTESIAN_POINT('',(46.3995269033045,-2.3171400282043,0.779342156477482));
#2140=CARTESIAN_POINT('',(46.3995269033045,-0.15,0.779342156477482));
#2141=CARTESIAN_POINT('',(46.4553764749206,-0.15,0.779342156477482));
#2142=CARTESIAN_POINT('',(45.8827028802469,0.35,1.06884984647035));
#2143=CARTESIAN_POINT('',(46.7221469995777,0.35,1.06884984647035));
#2144=CARTESIAN_POINT('',(46.7221469995777,0.33,1.06884984647035));
#2145=CARTESIAN_POINT('',(45.8827028802469,0.33,1.06884984647035));
#2146=CARTESIAN_POINT('',(46.7221469995777,0.35,-1.01666748766632));
#2147=CARTESIAN_POINT('',(46.7221469995777,0.33,-1.01666748766632));
#2148=CARTESIAN_POINT('',(46.7221469995777,0.33,-1.01928043177361));
#2149=CARTESIAN_POINT('',(46.7221469995777,0.35,-1.01928043177361));
#2150=CARTESIAN_POINT('',(46.7221469995777,0.,-1.01928043177361));
#2151=CARTESIAN_POINT('',(46.7221469995777,0.,-1.01666748766632));
#2152=CARTESIAN_POINT('',(45.8774678816066,0.,0.0401815020066194));
#2153=CARTESIAN_POINT('',(45.8774678816066,0.,-1.01928043177361));
#2154=CARTESIAN_POINT('',(45.8774678816066,-0.15,0.0401815020066194));
#2155=CARTESIAN_POINT('',(45.2417776219417,-0.15,-1.01928043177361));
#2156=CARTESIAN_POINT('',(45.0737123991712,-0.15,-1.01928043177361));
#2157=CARTESIAN_POINT('',(45.0737123991712,-0.15,0.025015113002796));
#2158=CARTESIAN_POINT('',(45.0737123991712,-0.15,1.0693106577792));
#2159=CARTESIAN_POINT('',(45.2417776219417,-0.15,1.0693106577792));
#2160=CARTESIAN_POINT('',(44.9219189957126,-0.15,0.0401815020066194));
#2161=CARTESIAN_POINT('',(44.9219189957126,-0.15,-1.16625834216199));
#2162=CARTESIAN_POINT('',(44.9219189957126,-0.15,1.23909904498538));
#2163=CARTESIAN_POINT('',(45.8774678816066,-0.15,-1.16625834216199));
#2164=CARTESIAN_POINT('',(46.8578474854657,-0.15,-1.16625834216199));
#2165=CARTESIAN_POINT('',(46.8578474854657,-0.15,0.0401815020066194));
#2166=CARTESIAN_POINT('',(46.8578474854657,-0.15,1.23909904498538));
#2167=CARTESIAN_POINT('',(45.8774678816066,-0.15,1.23909904498538));
#2168=CARTESIAN_POINT('',(46.8578474854657,0.35,1.23909904498538));
#2169=CARTESIAN_POINT('',(44.9219189957126,-0.15,1.23909904498538));
#2170=CARTESIAN_POINT('',(44.9219189957126,0.2992,1.23909904498538));
#2171=CARTESIAN_POINT('',(46.8578474854657,-0.15,1.23909904498538));
#2172=CARTESIAN_POINT('',(46.8578474854657,0.2992,1.23909904498538));
#2173=CARTESIAN_POINT('',(45.8898832405891,0.2992,1.23909904498538));
#2174=CARTESIAN_POINT('',(45.2417776219417,0.05,-1.01928043177361));
#2175=CARTESIAN_POINT('',(45.0737123991712,0.05,-1.01928043177361));
#2176=CARTESIAN_POINT('',(45.0737123991712,0.33,-1.01928043177361));
#2177=CARTESIAN_POINT('',(45.8774678816066,0.33,-1.01928043177361));
#2178=CARTESIAN_POINT('',(45.2417776219417,0.05,1.0693106577792));
#2179=CARTESIAN_POINT('',(45.0737123991712,0.05,1.0693106577792));
#2180=CARTESIAN_POINT('',(45.0737123991712,0.33,1.0693106577792));
#2181=CARTESIAN_POINT('',(45.8774678816066,0.33,1.0693106577792));
#2182=CARTESIAN_POINT('',(45.0737123991712,0.05,0.025015113002796));
#2183=CARTESIAN_POINT('',(45.0737123991712,0.33,0.0401815020066194));
#2184=CARTESIAN_POINT('',(46.8578474854657,0.35,1.23909904498538));
#2185=CARTESIAN_POINT('',(46.8578474854657,-0.15,-1.16625834216199));
#2186=CARTESIAN_POINT('',(46.8578474854657,0.29888040149512,-1.16625834216199));
#2187=CARTESIAN_POINT('',(46.8578474854657,0.2992,0.0364203514116949));
#2188=CARTESIAN_POINT('',(46.8578474854657,0.35,-1.16625834216199));
#2189=CARTESIAN_POINT('',(44.9219189957126,-0.15,-1.16625834216199));
#2190=CARTESIAN_POINT('',(44.9219189957126,0.2992,-1.16625834216199));
#2191=CARTESIAN_POINT('',(45.8898832405891,0.298897222469061,-1.16625834216199));
#2192=CARTESIAN_POINT('',(44.9219189957126,0.35,-1.16625834216199));
#2193=CARTESIAN_POINT('',(44.9219189957126,0.2992,0.0364203514116949));
#2194=CARTESIAN_POINT('',(45.8898832405891,0.298897222469061,-1.66625834216199));
#2195=CARTESIAN_POINT('',(44.9219189957126,0.2992,-1.66625834216199));
#2196=CARTESIAN_POINT('',(44.9219189957126,0.2992,-1.66625834216199));
#2197=CARTESIAN_POINT('',(45.8898832405891,0.298897222469061,-1.66625834216199));
#2198=CARTESIAN_POINT('',(46.8578474854657,0.298594444938122,-1.66625834216199));
#2199=CARTESIAN_POINT('',(46.8578474854657,0.298594444938122,-1.66625834216199));
#2200=CARTESIAN_POINT('',(45.8898832405891,0.175,-1.66625834216199));
#2201=CARTESIAN_POINT('',(46.7899972425217,0.33,-1.66625834216199));
#2202=CARTESIAN_POINT('',(47.3578474854657,0.33,-1.66625834216199));
#2203=CARTESIAN_POINT('',(44.4219189957126,0.33,-1.66625834216199));
#2204=CARTESIAN_POINT('',(47.3578474854657,0.35,-1.66625834216199));
#2205=CARTESIAN_POINT('',(47.3578474854657,0.298594444938122,-1.66625834216199));
#2206=CARTESIAN_POINT('',(47.3578474854657,0.298594444938122,-1.66625834216199));
#2207=CARTESIAN_POINT('',(44.4219189957126,0.2992,-1.66625834216199));
#2208=CARTESIAN_POINT('',(44.4219189957126,0.2992,-1.66625834216199));
#2209=CARTESIAN_POINT('',(44.4219189957126,0.35,-1.66625834216199));
#2210=CARTESIAN_POINT('',(47.3578474854657,0.2992,0.0364203514116949));
#2211=CARTESIAN_POINT('',(47.3578474854657,0.2992,-1.16625834216199));
#2212=CARTESIAN_POINT('',(47.3578474854657,0.298897222469061,-1.16625834216199));
#2213=CARTESIAN_POINT('',(47.3578474854657,0.2992,0.0364203514116949));
#2214=CARTESIAN_POINT('',(47.3578474854657,0.2992,1.73909904498538));
#2215=CARTESIAN_POINT('',(45.8898832405891,0.2992,1.73909904498538));
#2216=CARTESIAN_POINT('',(44.4219189957126,0.2992,1.73909904498538));
#2217=CARTESIAN_POINT('',(44.4219189957126,0.2992,0.0364203514116949));
#2218=CARTESIAN_POINT('',(47.3578474854657,0.175,0.0364203514116949));
#2219=CARTESIAN_POINT('',(47.3578474854657,0.33,0.0364203514116949));
#2220=CARTESIAN_POINT('',(47.3578474854657,0.33,1.73909904498538));
#2221=CARTESIAN_POINT('',(47.3578474854657,0.35,1.73909904498538));
#2222=CARTESIAN_POINT('',(47.3578474854657,0.298594444938122,-1.66625834216199));
#2223=CARTESIAN_POINT('',(45.8898832405891,0.175,1.73909904498538));
#2224=CARTESIAN_POINT('',(45.8898832405891,0.33,1.73909904498538));
#2225=CARTESIAN_POINT('',(44.4219189957126,0.33,1.73909904498538));
#2226=CARTESIAN_POINT('',(44.4219189957126,0.35,1.73909904498538));
#2227=CARTESIAN_POINT('',(44.4219189957126,0.175,0.0364203514116949));
#2228=CARTESIAN_POINT('',(44.4219189957126,0.33,0.0364203514116949));
#2229=CARTESIAN_POINT('',(47.3578474854657,0.298594444938122,-1.66625834216199));
#2230=CARTESIAN_POINT('',(45.8774678816066,0.33,0.0401815020066194));
#2231=CARTESIAN_POINT('',(0.,0.,0.));
#2232=CARTESIAN_POINT('',(34.6813028802469,0.0230599717956968,-1.01405454355904));
#2233=CARTESIAN_POINT('',(34.6813028802469,0.,-1.01405454355904));
#2234=CARTESIAN_POINT('',(35.5207469995778,0.,-1.01405454355904));
#2235=CARTESIAN_POINT('',(34.2084428447122,0.,-1.01405454355904));
#2236=CARTESIAN_POINT('',(34.2084428447122,0.0230599717956968,-1.01405454355904));
#2237=CARTESIAN_POINT('',(34.2084428447122,0.0228599717956967,-1.01405454355904));
#2238=CARTESIAN_POINT('',(34.6813028802469,0.0228599717956967,-1.01405454355904));
#2239=CARTESIAN_POINT('',(35.5207469995778,0.0228599717956967,-1.01405454355904));
#2240=CARTESIAN_POINT('',(35.5207469995778,0.0230599717956968,-1.01405454355904));
#2241=CARTESIAN_POINT('',(35.4687728144571,0.0228599717956967,-0.981971714645624));
#2242=CARTESIAN_POINT('',(35.1981269033045,0.0228599717956967,-0.720240968487629));
#2243=CARTESIAN_POINT('',(35.3273380909017,0.0228599717956967,-0.720240968487629));
#2244=CARTESIAN_POINT('',(35.1981269033045,0.0228599717956967,0.779342156477482));
#2245=CARTESIAN_POINT('',(35.3267179167681,0.0228599717956967,0.779342156477482));
#2246=CARTESIAN_POINT('',(34.2084428447122,0.0228599717956967,-0.981971714645624));
#2247=CARTESIAN_POINT('',(34.2084428447122,0.0228599717956967,1.06884984647035));
#2248=CARTESIAN_POINT('',(34.6813028802469,0.0228599717956967,1.06884984647035));
#2249=CARTESIAN_POINT('',(35.5207469995778,0.0228599717956967,1.06884984647035));
#2250=CARTESIAN_POINT('',(35.5207469995778,0.0228599717956967,0.0273976514556553));
#2251=CARTESIAN_POINT('',(34.2084428447122,0.05,0.0250151130027958));
#2252=CARTESIAN_POINT('',(34.2084428447122,0.,0.0401815020066192));
#2253=CARTESIAN_POINT('',(34.2084428447122,0.,-1.01928043177361));
#2254=CARTESIAN_POINT('',(34.2084428447122,0.05,-1.01928043177361));
#2255=CARTESIAN_POINT('',(34.2084428447122,-0.15,-1.01928043177361));
#2256=CARTESIAN_POINT('',(34.2084428447122,-0.15,0.0250151130027958));
#2257=CARTESIAN_POINT('',(34.2084428447122,-0.15,1.0693106577792));
#2258=CARTESIAN_POINT('',(34.2084428447122,0.05,1.0693106577792));
#2259=CARTESIAN_POINT('',(34.2084428447122,0.33,1.0693106577792));
#2260=CARTESIAN_POINT('',(34.2084428447122,0.33,0.0401815020066192));
#2261=CARTESIAN_POINT('',(34.2084428447122,0.33,1.06884984647035));
#2262=CARTESIAN_POINT('',(34.2084428447122,0.35,1.06884984647035));
#2263=CARTESIAN_POINT('',(35.1981269033045,0.222859971795697,0.779342156477482));
#2264=CARTESIAN_POINT('',(35.1981269033045,0.222859971795697,0.779342156477482));
#2265=CARTESIAN_POINT('',(35.3267179167681,0.222859971795697,0.779342156477482));
#2266=CARTESIAN_POINT('',(34.864594922145,0.222859971795697,0.0273976514556553));
#2267=CARTESIAN_POINT('',(35.1981269033045,0.222859971795697,0.779342156477482));
#2268=CARTESIAN_POINT('',(35.2539764749207,0.222859971795697,0.779342156477482));
#2269=CARTESIAN_POINT('',(35.1981269033045,0.222859971795697,-0.720240968487629));
#2270=CARTESIAN_POINT('',(35.1981269033045,0.222859971795697,-0.720240968487629));
#2271=CARTESIAN_POINT('',(35.3273380909017,0.222859971795697,-0.720240968487629));
#2272=CARTESIAN_POINT('',(34.864594922145,0.222859971795697,0.0273976514556553));
#2273=CARTESIAN_POINT('',(35.1981269033045,0.222859971795697,-0.720240968487629));
#2274=CARTESIAN_POINT('',(35.2535308440151,0.222859971795697,-0.720240968487629));
#2275=CARTESIAN_POINT('',(35.1981269033045,-2.3171400282043,-0.720240968487629));
#2276=CARTESIAN_POINT('',(35.1981269033045,-0.15,-0.720240968487629));
#2277=CARTESIAN_POINT('',(35.2535308440151,-0.15,-0.720240968487629));
#2278=CARTESIAN_POINT('',(35.1981269033045,-2.3171400282043,0.779342156477482));
#2279=CARTESIAN_POINT('',(35.1981269033045,-0.15,0.779342156477482));
#2280=CARTESIAN_POINT('',(35.2539764749207,-0.15,0.779342156477482));
#2281=CARTESIAN_POINT('',(34.6813028802469,0.35,1.06884984647035));
#2282=CARTESIAN_POINT('',(35.5207469995778,0.35,1.06884984647035));
#2283=CARTESIAN_POINT('',(35.5207469995778,0.33,1.06884984647035));
#2284=CARTESIAN_POINT('',(34.6813028802469,0.33,1.06884984647035));
#2285=CARTESIAN_POINT('',(35.5207469995778,0.35,-1.01666748766632));
#2286=CARTESIAN_POINT('',(35.5207469995778,0.33,-1.01666748766632));
#2287=CARTESIAN_POINT('',(35.5207469995778,0.33,-1.01928043177361));
#2288=CARTESIAN_POINT('',(35.5207469995778,0.35,-1.01928043177361));
#2289=CARTESIAN_POINT('',(35.5207469995778,0.,-1.01928043177361));
#2290=CARTESIAN_POINT('',(35.5207469995778,0.,-1.01666748766632));
#2291=CARTESIAN_POINT('',(34.6760678816065,0.,0.0401815020066192));
#2292=CARTESIAN_POINT('',(34.6760678816065,0.,-1.01928043177361));
#2293=CARTESIAN_POINT('',(34.6760678816065,-0.15,0.0401815020066192));
#2294=CARTESIAN_POINT('',(34.0403776219417,-0.15,-1.01928043177361));
#2295=CARTESIAN_POINT('',(33.8723123991712,-0.15,-1.01928043177361));
#2296=CARTESIAN_POINT('',(33.8723123991712,-0.15,0.0250151130027958));
#2297=CARTESIAN_POINT('',(33.8723123991712,-0.15,1.0693106577792));
#2298=CARTESIAN_POINT('',(34.0403776219417,-0.15,1.0693106577792));
#2299=CARTESIAN_POINT('',(33.7205189957126,-0.15,0.0401815020066192));
#2300=CARTESIAN_POINT('',(33.7205189957126,-0.15,-1.16625834216199));
#2301=CARTESIAN_POINT('',(33.7205189957126,-0.15,1.23909904498538));
#2302=CARTESIAN_POINT('',(34.6760678816065,-0.15,-1.16625834216199));
#2303=CARTESIAN_POINT('',(35.6564474854657,-0.15,-1.16625834216199));
#2304=CARTESIAN_POINT('',(35.6564474854657,-0.15,0.0401815020066192));
#2305=CARTESIAN_POINT('',(35.6564474854657,-0.15,1.23909904498538));
#2306=CARTESIAN_POINT('',(34.6760678816065,-0.15,1.23909904498538));
#2307=CARTESIAN_POINT('',(35.6564474854657,0.35,1.23909904498538));
#2308=CARTESIAN_POINT('',(33.7205189957126,-0.15,1.23909904498538));
#2309=CARTESIAN_POINT('',(33.7205189957126,0.2992,1.23909904498538));
#2310=CARTESIAN_POINT('',(35.6564474854657,-0.15,1.23909904498538));
#2311=CARTESIAN_POINT('',(35.6564474854657,0.2992,1.23909904498538));
#2312=CARTESIAN_POINT('',(34.6884832405891,0.2992,1.23909904498538));
#2313=CARTESIAN_POINT('',(34.0403776219417,0.05,-1.01928043177361));
#2314=CARTESIAN_POINT('',(33.8723123991712,0.05,-1.01928043177361));
#2315=CARTESIAN_POINT('',(33.8723123991712,0.33,-1.01928043177361));
#2316=CARTESIAN_POINT('',(34.6760678816065,0.33,-1.01928043177361));
#2317=CARTESIAN_POINT('',(34.0403776219417,0.05,1.0693106577792));
#2318=CARTESIAN_POINT('',(33.8723123991712,0.05,1.0693106577792));
#2319=CARTESIAN_POINT('',(33.8723123991712,0.33,1.0693106577792));
#2320=CARTESIAN_POINT('',(34.6760678816065,0.33,1.0693106577792));
#2321=CARTESIAN_POINT('',(33.8723123991712,0.05,0.0250151130027958));
#2322=CARTESIAN_POINT('',(33.8723123991712,0.33,0.0401815020066192));
#2323=CARTESIAN_POINT('',(35.6564474854657,0.35,1.23909904498538));
#2324=CARTESIAN_POINT('',(35.6564474854657,-0.15,-1.16625834216199));
#2325=CARTESIAN_POINT('',(35.6564474854657,0.29888040149512,-1.16625834216199));
#2326=CARTESIAN_POINT('',(35.6564474854657,0.2992,0.0364203514116948));
#2327=CARTESIAN_POINT('',(35.6564474854657,0.35,-1.16625834216199));
#2328=CARTESIAN_POINT('',(33.7205189957126,-0.15,-1.16625834216199));
#2329=CARTESIAN_POINT('',(33.7205189957126,0.2992,-1.16625834216199));
#2330=CARTESIAN_POINT('',(34.6884832405891,0.298897222469061,-1.16625834216199));
#2331=CARTESIAN_POINT('',(33.7205189957126,0.35,-1.16625834216199));
#2332=CARTESIAN_POINT('',(33.7205189957126,0.2992,0.0364203514116948));
#2333=CARTESIAN_POINT('',(34.6884832405891,0.298897222469061,-1.666258342162));
#2334=CARTESIAN_POINT('',(33.7205189957126,0.2992,-1.666258342162));
#2335=CARTESIAN_POINT('',(33.7205189957126,0.2992,-1.666258342162));
#2336=CARTESIAN_POINT('',(34.6884832405891,0.298897222469061,-1.666258342162));
#2337=CARTESIAN_POINT('',(35.6564474854657,0.298594444938122,-1.666258342162));
#2338=CARTESIAN_POINT('',(35.6564474854657,0.298594444938122,-1.666258342162));
#2339=CARTESIAN_POINT('',(34.6884832405891,0.175,-1.666258342162));
#2340=CARTESIAN_POINT('',(35.5885972425217,0.33,-1.666258342162));
#2341=CARTESIAN_POINT('',(36.1564474854657,0.33,-1.666258342162));
#2342=CARTESIAN_POINT('',(33.2205189957126,0.33,-1.666258342162));
#2343=CARTESIAN_POINT('',(36.1564474854657,0.35,-1.666258342162));
#2344=CARTESIAN_POINT('',(36.1564474854657,0.298594444938122,-1.666258342162));
#2345=CARTESIAN_POINT('',(36.1564474854657,0.298594444938122,-1.666258342162));
#2346=CARTESIAN_POINT('',(33.2205189957126,0.2992,-1.666258342162));
#2347=CARTESIAN_POINT('',(33.2205189957126,0.2992,-1.666258342162));
#2348=CARTESIAN_POINT('',(33.2205189957126,0.35,-1.666258342162));
#2349=CARTESIAN_POINT('',(36.1564474854657,0.2992,0.0364203514116948));
#2350=CARTESIAN_POINT('',(36.1564474854657,0.2992,-1.16625834216199));
#2351=CARTESIAN_POINT('',(36.1564474854657,0.298897222469061,-1.16625834216199));
#2352=CARTESIAN_POINT('',(36.1564474854657,0.2992,0.0364203514116948));
#2353=CARTESIAN_POINT('',(36.1564474854657,0.2992,1.73909904498538));
#2354=CARTESIAN_POINT('',(34.6884832405891,0.2992,1.73909904498538));
#2355=CARTESIAN_POINT('',(33.2205189957126,0.2992,1.73909904498538));
#2356=CARTESIAN_POINT('',(33.2205189957126,0.2992,0.0364203514116948));
#2357=CARTESIAN_POINT('',(36.1564474854657,0.175,0.0364203514116948));
#2358=CARTESIAN_POINT('',(36.1564474854657,0.33,0.0364203514116948));
#2359=CARTESIAN_POINT('',(36.1564474854657,0.33,1.73909904498538));
#2360=CARTESIAN_POINT('',(36.1564474854657,0.35,1.73909904498538));
#2361=CARTESIAN_POINT('',(36.1564474854657,0.298594444938122,-1.666258342162));
#2362=CARTESIAN_POINT('',(34.6884832405891,0.175,1.73909904498538));
#2363=CARTESIAN_POINT('',(34.6884832405891,0.33,1.73909904498538));
#2364=CARTESIAN_POINT('',(33.2205189957126,0.33,1.73909904498538));
#2365=CARTESIAN_POINT('',(33.2205189957126,0.35,1.73909904498538));
#2366=CARTESIAN_POINT('',(33.2205189957126,0.175,0.0364203514116948));
#2367=CARTESIAN_POINT('',(33.2205189957126,0.33,0.0364203514116948));
#2368=CARTESIAN_POINT('',(36.1564474854657,0.298594444938122,-1.666258342162));
#2369=CARTESIAN_POINT('',(34.6760678816065,0.33,0.0401815020066192));
#2370=CARTESIAN_POINT('',(0.,0.,0.));
#2371=CARTESIAN_POINT('',(0.,0.,0.));
#2372=CARTESIAN_POINT('',(0.,0.,0.));
#2373=CARTESIAN_POINT('',(0.,0.,0.));
#2374=CARTESIAN_POINT('',(0.,0.,0.));
#2375=CARTESIAN_POINT('',(0.,0.,0.));
#2376=CARTESIAN_POINT('',(0.,0.,0.));
#2377=CARTESIAN_POINT('',(0.,0.,0.));
#2378=CARTESIAN_POINT('',(0.,0.,0.));
#2379=CARTESIAN_POINT('',(0.,0.,0.));
#2380=CARTESIAN_POINT('',(0.,0.,0.));
#2381=CARTESIAN_POINT('',(0.,0.,0.));
#2382=CARTESIAN_POINT('',(0.,0.,0.));
#2383=CARTESIAN_POINT('',(0.,0.,0.));
#2384=CARTESIAN_POINT('',(0.,0.,0.));
#2385=CARTESIAN_POINT('',(0.,0.,0.));
#2386=CARTESIAN_POINT('',(0.,0.,0.));
#2387=CARTESIAN_POINT('',(0.,0.,0.));
#2388=CARTESIAN_POINT('',(0.,0.,0.));
#2389=CARTESIAN_POINT('',(0.,0.,0.));
#2390=CARTESIAN_POINT('',(0.,0.,0.));
#2391=CARTESIAN_POINT('',(0.,0.,0.));
#2392=CARTESIAN_POINT('',(0.,0.,0.));
#2393=CARTESIAN_POINT('',(0.,0.,0.));
#2394=CARTESIAN_POINT('',(0.,0.,0.));
#2395=CARTESIAN_POINT('',(0.,0.,0.));
#2396=CARTESIAN_POINT('',(0.,0.,0.));
#2397=CARTESIAN_POINT('',(0.,0.,0.));
#2398=CARTESIAN_POINT('',(0.,0.,0.));
#2399=CARTESIAN_POINT('',(0.,0.,0.));
#2400=CARTESIAN_POINT('',(0.,0.,0.));
#2401=CARTESIAN_POINT('',(0.,0.,0.));
#2402=CARTESIAN_POINT('',(0.,0.,0.));
#2403=CARTESIAN_POINT('',(0.,0.,0.));
#2404=CARTESIAN_POINT('',(0.,0.,0.));
#2405=CARTESIAN_POINT('',(0.,0.,0.));
#2406=CARTESIAN_POINT('',(0.,0.,0.));
#2407=CARTESIAN_POINT('',(0.,0.,0.));
#2408=CARTESIAN_POINT('',(0.,0.,0.));
#2409=CARTESIAN_POINT('',(0.,0.,0.));
#2410=CARTESIAN_POINT('',(0.,0.,0.));
#2411=CARTESIAN_POINT('',(0.,0.,0.));
#2412=CARTESIAN_POINT('',(0.,0.,0.));
#2413=CARTESIAN_POINT('',(0.,0.,0.));
#2414=CARTESIAN_POINT('',(0.,0.,0.));
#2415=CARTESIAN_POINT('',(0.,0.,0.));
#2416=CARTESIAN_POINT('',(0.,0.,0.));
#2417=CARTESIAN_POINT('',(0.,0.,0.));
#2418=CARTESIAN_POINT('',(0.,0.,0.));
#2419=CARTESIAN_POINT('',(0.,0.,0.));
#2420=CARTESIAN_POINT('',(0.,0.,0.));
#2421=CARTESIAN_POINT('',(0.,0.,0.));
#2422=CARTESIAN_POINT('',(0.,0.,0.));
#2423=CARTESIAN_POINT('',(45.043258760916,0.0230599717956968,0.0273976514556553));
#2424=CARTESIAN_POINT('',(45.043258760916,0.0228599717956967,0.0273976514556553));
#2425=CARTESIAN_POINT('',(45.043258760916,0.0228599717956967,-1.01405454355904));
#2426=CARTESIAN_POINT('',(45.043258760916,0.0228599717956967,1.06884984647035));
#2427=CARTESIAN_POINT('',(45.043258760916,0.0230599717956968,-1.01405454355904));
#2428=CARTESIAN_POINT('',(45.043258760916,0.,-1.01405454355904));
#2429=CARTESIAN_POINT('',(45.043258760916,0.,0.0273976514556553));
#2430=CARTESIAN_POINT('',(45.043258760916,0.,1.06884984647035));
#2431=CARTESIAN_POINT('',(45.043258760916,0.0230599717956968,1.06884984647035));
#2432=CARTESIAN_POINT('',(45.8774678816066,0.,0.0401815020066192));
#2433=CARTESIAN_POINT('',(45.0737123991712,0.,0.0401815020066192));
#2434=CARTESIAN_POINT('',(45.0737123991712,0.,1.06884984647035));
#2435=CARTESIAN_POINT('',(45.0737123991712,0.,-1.01405454355904));
#2436=CARTESIAN_POINT('',(45.8827028802469,0.,1.06884984647035));
#2437=CARTESIAN_POINT('',(45.8827028802469,0.,-1.01405454355904));
#2438=CARTESIAN_POINT('',(45.8827028802469,0.0230599717956968,-1.01405454355904));
#2439=CARTESIAN_POINT('',(45.0737123991712,0.0230599717956968,-1.01405454355904));
#2440=CARTESIAN_POINT('',(45.0737123991712,0.0228599717956967,-1.01405454355904));
#2441=CARTESIAN_POINT('',(45.8827028802469,0.0228599717956967,-1.01405454355904));
#2442=CARTESIAN_POINT('',(46.6701728144571,0.0228599717956967,-0.981971714645624));
#2443=CARTESIAN_POINT('',(45.8827028802469,0.0228599717956967,1.06884984647035));
#2444=CARTESIAN_POINT('',(45.0737123991712,0.0228599717956967,1.06884984647035));
#2445=CARTESIAN_POINT('',(45.0737123991712,0.0228599717956967,-0.981971714645624));
#2446=CARTESIAN_POINT('',(45.8827028802469,0.0230599717956968,1.06884984647035));
#2447=CARTESIAN_POINT('',(45.0737123991712,0.05,1.06884984647035));
#2448=CARTESIAN_POINT('',(45.0737123991712,0.05,0.0250151130027958));
#2449=MECHANICAL_DESIGN_GEOMETRIC_PRESENTATION_REPRESENTATION('',(),#2507);
#2450=MECHANICAL_DESIGN_GEOMETRIC_PRESENTATION_REPRESENTATION('',(),#2508);
#2451=MECHANICAL_DESIGN_GEOMETRIC_PRESENTATION_REPRESENTATION('',(),#2509);
#2452=MECHANICAL_DESIGN_GEOMETRIC_PRESENTATION_REPRESENTATION('',(#1104),
#2510);
#2453=MECHANICAL_DESIGN_GEOMETRIC_PRESENTATION_REPRESENTATION('',(#1105),
#2511);
#2454=MECHANICAL_DESIGN_GEOMETRIC_PRESENTATION_REPRESENTATION('',(),#2512);
#2455=MECHANICAL_DESIGN_GEOMETRIC_PRESENTATION_REPRESENTATION('',(),#2513);
#2456=MECHANICAL_DESIGN_GEOMETRIC_PRESENTATION_REPRESENTATION('',(),#2514);
#2457=MECHANICAL_DESIGN_GEOMETRIC_PRESENTATION_REPRESENTATION('',(),#2515);
#2458=MECHANICAL_DESIGN_GEOMETRIC_PRESENTATION_REPRESENTATION('',(),#2516);
#2459=MECHANICAL_DESIGN_GEOMETRIC_PRESENTATION_REPRESENTATION('',(),#2517);
#2460=MECHANICAL_DESIGN_GEOMETRIC_PRESENTATION_REPRESENTATION('',(),#2518);
#2461=MECHANICAL_DESIGN_GEOMETRIC_PRESENTATION_REPRESENTATION('',(),#2519);
#2462=MECHANICAL_DESIGN_GEOMETRIC_PRESENTATION_REPRESENTATION('',(),#2520);
#2463=MECHANICAL_DESIGN_GEOMETRIC_PRESENTATION_REPRESENTATION('',(),#2521);
#2464=MECHANICAL_DESIGN_GEOMETRIC_PRESENTATION_REPRESENTATION('',(),#2522);
#2465=MECHANICAL_DESIGN_GEOMETRIC_PRESENTATION_REPRESENTATION('',(),#2523);
#2466=MECHANICAL_DESIGN_GEOMETRIC_PRESENTATION_REPRESENTATION('',(),#2524);
#2467=MECHANICAL_DESIGN_GEOMETRIC_PRESENTATION_REPRESENTATION('',(),#2525);
#2468=MECHANICAL_DESIGN_GEOMETRIC_PRESENTATION_REPRESENTATION('',(),#2526);
#2469=MECHANICAL_DESIGN_GEOMETRIC_PRESENTATION_REPRESENTATION('',(),#2527);
#2470=MECHANICAL_DESIGN_GEOMETRIC_PRESENTATION_REPRESENTATION('',(),#2528);
#2471=MECHANICAL_DESIGN_GEOMETRIC_PRESENTATION_REPRESENTATION('',(),#2529);
#2472=MECHANICAL_DESIGN_GEOMETRIC_PRESENTATION_REPRESENTATION('',(),#2530);
#2473=MECHANICAL_DESIGN_GEOMETRIC_PRESENTATION_REPRESENTATION('',(),#2531);
#2474=MECHANICAL_DESIGN_GEOMETRIC_PRESENTATION_REPRESENTATION('',(),#2532);
#2475=MECHANICAL_DESIGN_GEOMETRIC_PRESENTATION_REPRESENTATION('',(),#2533);
#2476=MECHANICAL_DESIGN_GEOMETRIC_PRESENTATION_REPRESENTATION('',(),#2534);
#2477=MECHANICAL_DESIGN_GEOMETRIC_PRESENTATION_REPRESENTATION('',(),#2535);
#2478=MECHANICAL_DESIGN_GEOMETRIC_PRESENTATION_REPRESENTATION('',(),#2536);
#2479=MECHANICAL_DESIGN_GEOMETRIC_PRESENTATION_REPRESENTATION('',(),#2537);
#2480=MECHANICAL_DESIGN_GEOMETRIC_PRESENTATION_REPRESENTATION('',(),#2538);
#2481=MECHANICAL_DESIGN_GEOMETRIC_PRESENTATION_REPRESENTATION('',(),#2539);
#2482=MECHANICAL_DESIGN_GEOMETRIC_PRESENTATION_REPRESENTATION('',(),#2540);
#2483=MECHANICAL_DESIGN_GEOMETRIC_PRESENTATION_REPRESENTATION('',(),#2541);
#2484=MECHANICAL_DESIGN_GEOMETRIC_PRESENTATION_REPRESENTATION('',(),#2542);
#2485=MECHANICAL_DESIGN_GEOMETRIC_PRESENTATION_REPRESENTATION('',(),#2543);
#2486=MECHANICAL_DESIGN_GEOMETRIC_PRESENTATION_REPRESENTATION('',(),#2544);
#2487=MECHANICAL_DESIGN_GEOMETRIC_PRESENTATION_REPRESENTATION('',(),#2545);
#2488=MECHANICAL_DESIGN_GEOMETRIC_PRESENTATION_REPRESENTATION('',(),#2546);
#2489=MECHANICAL_DESIGN_GEOMETRIC_PRESENTATION_REPRESENTATION('',(),#2547);
#2490=MECHANICAL_DESIGN_GEOMETRIC_PRESENTATION_REPRESENTATION('',(),#2548);
#2491=MECHANICAL_DESIGN_GEOMETRIC_PRESENTATION_REPRESENTATION('',(),#2549);
#2492=MECHANICAL_DESIGN_GEOMETRIC_PRESENTATION_REPRESENTATION('',(),#2550);
#2493=MECHANICAL_DESIGN_GEOMETRIC_PRESENTATION_REPRESENTATION('',(),#2551);
#2494=MECHANICAL_DESIGN_GEOMETRIC_PRESENTATION_REPRESENTATION('',(),#2552);
#2495=MECHANICAL_DESIGN_GEOMETRIC_PRESENTATION_REPRESENTATION('',(),#2553);
#2496=MECHANICAL_DESIGN_GEOMETRIC_PRESENTATION_REPRESENTATION('',(),#2554);
#2497=MECHANICAL_DESIGN_GEOMETRIC_PRESENTATION_REPRESENTATION('',(),#2555);
#2498=MECHANICAL_DESIGN_GEOMETRIC_PRESENTATION_REPRESENTATION('',(),#2556);
#2499=MECHANICAL_DESIGN_GEOMETRIC_PRESENTATION_REPRESENTATION('',(),#2557);
#2500=MECHANICAL_DESIGN_GEOMETRIC_PRESENTATION_REPRESENTATION('',(),#2558);
#2501=MECHANICAL_DESIGN_GEOMETRIC_PRESENTATION_REPRESENTATION('',(),#2559);
#2502=MECHANICAL_DESIGN_GEOMETRIC_PRESENTATION_REPRESENTATION('',(),#2560);
#2503=MECHANICAL_DESIGN_GEOMETRIC_PRESENTATION_REPRESENTATION('',(),#2561);
#2504=MECHANICAL_DESIGN_GEOMETRIC_PRESENTATION_REPRESENTATION('',(),#2562);
#2505=MECHANICAL_DESIGN_GEOMETRIC_PRESENTATION_REPRESENTATION('',(),#2563);
#2506=MECHANICAL_DESIGN_GEOMETRIC_PRESENTATION_REPRESENTATION('',(#1106),
#2564);
#2507=(
GEOMETRIC_REPRESENTATION_CONTEXT(3)
GLOBAL_UNCERTAINTY_ASSIGNED_CONTEXT((#2565))
GLOBAL_UNIT_ASSIGNED_CONTEXT((#2739,#2681,#2623))
REPRESENTATION_CONTEXT('id2','TOP_LEVEL_ASSEMBLY_PART')
);
#2508=(
GEOMETRIC_REPRESENTATION_CONTEXT(3)
GLOBAL_UNCERTAINTY_ASSIGNED_CONTEXT((#2566))
GLOBAL_UNIT_ASSIGNED_CONTEXT((#2740,#2682,#2624))
REPRESENTATION_CONTEXT('id5','TOP_LEVEL_ASSEMBLY_PART')
);
#2509=(
GEOMETRIC_REPRESENTATION_CONTEXT(3)
GLOBAL_UNCERTAINTY_ASSIGNED_CONTEXT((#2567))
GLOBAL_UNIT_ASSIGNED_CONTEXT((#2741,#2683,#2625))
REPRESENTATION_CONTEXT('id8','TOP_LEVEL_ASSEMBLY_PART')
);
#2510=(
GEOMETRIC_REPRESENTATION_CONTEXT(3)
GLOBAL_UNCERTAINTY_ASSIGNED_CONTEXT((#2568))
GLOBAL_UNIT_ASSIGNED_CONTEXT((#2742,#2684,#2626))
REPRESENTATION_CONTEXT('Part 3','TOP_LEVEL_ASSEMBLY_PART')
);
#2511=(
GEOMETRIC_REPRESENTATION_CONTEXT(3)
GLOBAL_UNCERTAINTY_ASSIGNED_CONTEXT((#2569))
GLOBAL_UNIT_ASSIGNED_CONTEXT((#2743,#2685,#2627))
REPRESENTATION_CONTEXT('Part 2','TOP_LEVEL_ASSEMBLY_PART')
);
#2512=(
GEOMETRIC_REPRESENTATION_CONTEXT(3)
GLOBAL_UNCERTAINTY_ASSIGNED_CONTEXT((#2570))
GLOBAL_UNIT_ASSIGNED_CONTEXT((#2744,#2686,#2628))
REPRESENTATION_CONTEXT('id17','TOP_LEVEL_ASSEMBLY_PART')
);
#2513=(
GEOMETRIC_REPRESENTATION_CONTEXT(3)
GLOBAL_UNCERTAINTY_ASSIGNED_CONTEXT((#2571))
GLOBAL_UNIT_ASSIGNED_CONTEXT((#2745,#2687,#2629))
REPRESENTATION_CONTEXT('id20','TOP_LEVEL_ASSEMBLY_PART')
);
#2514=(
GEOMETRIC_REPRESENTATION_CONTEXT(3)
GLOBAL_UNCERTAINTY_ASSIGNED_CONTEXT((#2572))
GLOBAL_UNIT_ASSIGNED_CONTEXT((#2746,#2688,#2630))
REPRESENTATION_CONTEXT('id23','TOP_LEVEL_ASSEMBLY_PART')
);
#2515=(
GEOMETRIC_REPRESENTATION_CONTEXT(3)
GLOBAL_UNCERTAINTY_ASSIGNED_CONTEXT((#2573))
GLOBAL_UNIT_ASSIGNED_CONTEXT((#2747,#2689,#2631))
REPRESENTATION_CONTEXT('id26','TOP_LEVEL_ASSEMBLY_PART')
);
#2516=(
GEOMETRIC_REPRESENTATION_CONTEXT(3)
GLOBAL_UNCERTAINTY_ASSIGNED_CONTEXT((#2574))
GLOBAL_UNIT_ASSIGNED_CONTEXT((#2748,#2690,#2632))
REPRESENTATION_CONTEXT('id29','TOP_LEVEL_ASSEMBLY_PART')
);
#2517=(
GEOMETRIC_REPRESENTATION_CONTEXT(3)
GLOBAL_UNCERTAINTY_ASSIGNED_CONTEXT((#2575))
GLOBAL_UNIT_ASSIGNED_CONTEXT((#2749,#2691,#2633))
REPRESENTATION_CONTEXT('id32','TOP_LEVEL_ASSEMBLY_PART')
);
#2518=(
GEOMETRIC_REPRESENTATION_CONTEXT(3)
GLOBAL_UNCERTAINTY_ASSIGNED_CONTEXT((#2576))
GLOBAL_UNIT_ASSIGNED_CONTEXT((#2750,#2692,#2634))
REPRESENTATION_CONTEXT('id35','TOP_LEVEL_ASSEMBLY_PART')
);
#2519=(
GEOMETRIC_REPRESENTATION_CONTEXT(3)
GLOBAL_UNCERTAINTY_ASSIGNED_CONTEXT((#2577))
GLOBAL_UNIT_ASSIGNED_CONTEXT((#2751,#2693,#2635))
REPRESENTATION_CONTEXT('id38','TOP_LEVEL_ASSEMBLY_PART')
);
#2520=(
GEOMETRIC_REPRESENTATION_CONTEXT(3)
GLOBAL_UNCERTAINTY_ASSIGNED_CONTEXT((#2578))
GLOBAL_UNIT_ASSIGNED_CONTEXT((#2752,#2694,#2636))
REPRESENTATION_CONTEXT('id41','TOP_LEVEL_ASSEMBLY_PART')
);
#2521=(
GEOMETRIC_REPRESENTATION_CONTEXT(3)
GLOBAL_UNCERTAINTY_ASSIGNED_CONTEXT((#2579))
GLOBAL_UNIT_ASSIGNED_CONTEXT((#2753,#2695,#2637))
REPRESENTATION_CONTEXT('id44','TOP_LEVEL_ASSEMBLY_PART')
);
#2522=(
GEOMETRIC_REPRESENTATION_CONTEXT(3)
GLOBAL_UNCERTAINTY_ASSIGNED_CONTEXT((#2580))
GLOBAL_UNIT_ASSIGNED_CONTEXT((#2754,#2696,#2638))
REPRESENTATION_CONTEXT('id47','TOP_LEVEL_ASSEMBLY_PART')
);
#2523=(
GEOMETRIC_REPRESENTATION_CONTEXT(3)
GLOBAL_UNCERTAINTY_ASSIGNED_CONTEXT((#2581))
GLOBAL_UNIT_ASSIGNED_CONTEXT((#2755,#2697,#2639))
REPRESENTATION_CONTEXT('id50','TOP_LEVEL_ASSEMBLY_PART')
);
#2524=(
GEOMETRIC_REPRESENTATION_CONTEXT(3)
GLOBAL_UNCERTAINTY_ASSIGNED_CONTEXT((#2582))
GLOBAL_UNIT_ASSIGNED_CONTEXT((#2756,#2698,#2640))
REPRESENTATION_CONTEXT('id53','TOP_LEVEL_ASSEMBLY_PART')
);
#2525=(
GEOMETRIC_REPRESENTATION_CONTEXT(3)
GLOBAL_UNCERTAINTY_ASSIGNED_CONTEXT((#2583))
GLOBAL_UNIT_ASSIGNED_CONTEXT((#2757,#2699,#2641))
REPRESENTATION_CONTEXT('id56','TOP_LEVEL_ASSEMBLY_PART')
);
#2526=(
GEOMETRIC_REPRESENTATION_CONTEXT(3)
GLOBAL_UNCERTAINTY_ASSIGNED_CONTEXT((#2584))
GLOBAL_UNIT_ASSIGNED_CONTEXT((#2758,#2700,#2642))
REPRESENTATION_CONTEXT('id59','TOP_LEVEL_ASSEMBLY_PART')
);
#2527=(
GEOMETRIC_REPRESENTATION_CONTEXT(3)
GLOBAL_UNCERTAINTY_ASSIGNED_CONTEXT((#2585))
GLOBAL_UNIT_ASSIGNED_CONTEXT((#2759,#2701,#2643))
REPRESENTATION_CONTEXT('id62','TOP_LEVEL_ASSEMBLY_PART')
);
#2528=(
GEOMETRIC_REPRESENTATION_CONTEXT(3)
GLOBAL_UNCERTAINTY_ASSIGNED_CONTEXT((#2586))
GLOBAL_UNIT_ASSIGNED_CONTEXT((#2760,#2702,#2644))
REPRESENTATION_CONTEXT('id65','TOP_LEVEL_ASSEMBLY_PART')
);
#2529=(
GEOMETRIC_REPRESENTATION_CONTEXT(3)
GLOBAL_UNCERTAINTY_ASSIGNED_CONTEXT((#2587))
GLOBAL_UNIT_ASSIGNED_CONTEXT((#2761,#2703,#2645))
REPRESENTATION_CONTEXT('id68','TOP_LEVEL_ASSEMBLY_PART')
);
#2530=(
GEOMETRIC_REPRESENTATION_CONTEXT(3)
GLOBAL_UNCERTAINTY_ASSIGNED_CONTEXT((#2588))
GLOBAL_UNIT_ASSIGNED_CONTEXT((#2762,#2704,#2646))
REPRESENTATION_CONTEXT('id71','TOP_LEVEL_ASSEMBLY_PART')
);
#2531=(
GEOMETRIC_REPRESENTATION_CONTEXT(3)
GLOBAL_UNCERTAINTY_ASSIGNED_CONTEXT((#2589))
GLOBAL_UNIT_ASSIGNED_CONTEXT((#2763,#2705,#2647))
REPRESENTATION_CONTEXT('id74','TOP_LEVEL_ASSEMBLY_PART')
);
#2532=(
GEOMETRIC_REPRESENTATION_CONTEXT(3)
GLOBAL_UNCERTAINTY_ASSIGNED_CONTEXT((#2590))
GLOBAL_UNIT_ASSIGNED_CONTEXT((#2764,#2706,#2648))
REPRESENTATION_CONTEXT('id77','TOP_LEVEL_ASSEMBLY_PART')
);
#2533=(
GEOMETRIC_REPRESENTATION_CONTEXT(3)
GLOBAL_UNCERTAINTY_ASSIGNED_CONTEXT((#2591))
GLOBAL_UNIT_ASSIGNED_CONTEXT((#2765,#2707,#2649))
REPRESENTATION_CONTEXT('id80','TOP_LEVEL_ASSEMBLY_PART')
);
#2534=(
GEOMETRIC_REPRESENTATION_CONTEXT(3)
GLOBAL_UNCERTAINTY_ASSIGNED_CONTEXT((#2592))
GLOBAL_UNIT_ASSIGNED_CONTEXT((#2766,#2708,#2650))
REPRESENTATION_CONTEXT('id83','TOP_LEVEL_ASSEMBLY_PART')
);
#2535=(
GEOMETRIC_REPRESENTATION_CONTEXT(3)
GLOBAL_UNCERTAINTY_ASSIGNED_CONTEXT((#2593))
GLOBAL_UNIT_ASSIGNED_CONTEXT((#2767,#2709,#2651))
REPRESENTATION_CONTEXT('id86','TOP_LEVEL_ASSEMBLY_PART')
);
#2536=(
GEOMETRIC_REPRESENTATION_CONTEXT(3)
GLOBAL_UNCERTAINTY_ASSIGNED_CONTEXT((#2594))
GLOBAL_UNIT_ASSIGNED_CONTEXT((#2768,#2710,#2652))
REPRESENTATION_CONTEXT('id89','TOP_LEVEL_ASSEMBLY_PART')
);
#2537=(
GEOMETRIC_REPRESENTATION_CONTEXT(3)
GLOBAL_UNCERTAINTY_ASSIGNED_CONTEXT((#2595))
GLOBAL_UNIT_ASSIGNED_CONTEXT((#2769,#2711,#2653))
REPRESENTATION_CONTEXT('id92','TOP_LEVEL_ASSEMBLY_PART')
);
#2538=(
GEOMETRIC_REPRESENTATION_CONTEXT(3)
GLOBAL_UNCERTAINTY_ASSIGNED_CONTEXT((#2596))
GLOBAL_UNIT_ASSIGNED_CONTEXT((#2770,#2712,#2654))
REPRESENTATION_CONTEXT('id95','TOP_LEVEL_ASSEMBLY_PART')
);
#2539=(
GEOMETRIC_REPRESENTATION_CONTEXT(3)
GLOBAL_UNCERTAINTY_ASSIGNED_CONTEXT((#2597))
GLOBAL_UNIT_ASSIGNED_CONTEXT((#2771,#2713,#2655))
REPRESENTATION_CONTEXT('id98','TOP_LEVEL_ASSEMBLY_PART')
);
#2540=(
GEOMETRIC_REPRESENTATION_CONTEXT(3)
GLOBAL_UNCERTAINTY_ASSIGNED_CONTEXT((#2598))
GLOBAL_UNIT_ASSIGNED_CONTEXT((#2772,#2714,#2656))
REPRESENTATION_CONTEXT('id101','TOP_LEVEL_ASSEMBLY_PART')
);
#2541=(
GEOMETRIC_REPRESENTATION_CONTEXT(3)
GLOBAL_UNCERTAINTY_ASSIGNED_CONTEXT((#2599))
GLOBAL_UNIT_ASSIGNED_CONTEXT((#2773,#2715,#2657))
REPRESENTATION_CONTEXT('id104','TOP_LEVEL_ASSEMBLY_PART')
);
#2542=(
GEOMETRIC_REPRESENTATION_CONTEXT(3)
GLOBAL_UNCERTAINTY_ASSIGNED_CONTEXT((#2600))
GLOBAL_UNIT_ASSIGNED_CONTEXT((#2774,#2716,#2658))
REPRESENTATION_CONTEXT('id107','TOP_LEVEL_ASSEMBLY_PART')
);
#2543=(
GEOMETRIC_REPRESENTATION_CONTEXT(3)
GLOBAL_UNCERTAINTY_ASSIGNED_CONTEXT((#2601))
GLOBAL_UNIT_ASSIGNED_CONTEXT((#2775,#2717,#2659))
REPRESENTATION_CONTEXT('id110','TOP_LEVEL_ASSEMBLY_PART')
);
#2544=(
GEOMETRIC_REPRESENTATION_CONTEXT(3)
GLOBAL_UNCERTAINTY_ASSIGNED_CONTEXT((#2602))
GLOBAL_UNIT_ASSIGNED_CONTEXT((#2776,#2718,#2660))
REPRESENTATION_CONTEXT('id113','TOP_LEVEL_ASSEMBLY_PART')
);
#2545=(
GEOMETRIC_REPRESENTATION_CONTEXT(3)
GLOBAL_UNCERTAINTY_ASSIGNED_CONTEXT((#2603))
GLOBAL_UNIT_ASSIGNED_CONTEXT((#2777,#2719,#2661))
REPRESENTATION_CONTEXT('id116','TOP_LEVEL_ASSEMBLY_PART')
);
#2546=(
GEOMETRIC_REPRESENTATION_CONTEXT(3)
GLOBAL_UNCERTAINTY_ASSIGNED_CONTEXT((#2604))
GLOBAL_UNIT_ASSIGNED_CONTEXT((#2778,#2720,#2662))
REPRESENTATION_CONTEXT('id119','TOP_LEVEL_ASSEMBLY_PART')
);
#2547=(
GEOMETRIC_REPRESENTATION_CONTEXT(3)
GLOBAL_UNCERTAINTY_ASSIGNED_CONTEXT((#2605))
GLOBAL_UNIT_ASSIGNED_CONTEXT((#2779,#2721,#2663))
REPRESENTATION_CONTEXT('id122','TOP_LEVEL_ASSEMBLY_PART')
);
#2548=(
GEOMETRIC_REPRESENTATION_CONTEXT(3)
GLOBAL_UNCERTAINTY_ASSIGNED_CONTEXT((#2606))
GLOBAL_UNIT_ASSIGNED_CONTEXT((#2780,#2722,#2664))
REPRESENTATION_CONTEXT('id125','TOP_LEVEL_ASSEMBLY_PART')
);
#2549=(
GEOMETRIC_REPRESENTATION_CONTEXT(3)
GLOBAL_UNCERTAINTY_ASSIGNED_CONTEXT((#2607))
GLOBAL_UNIT_ASSIGNED_CONTEXT((#2781,#2723,#2665))
REPRESENTATION_CONTEXT('id128','TOP_LEVEL_ASSEMBLY_PART')
);
#2550=(
GEOMETRIC_REPRESENTATION_CONTEXT(3)
GLOBAL_UNCERTAINTY_ASSIGNED_CONTEXT((#2608))
GLOBAL_UNIT_ASSIGNED_CONTEXT((#2782,#2724,#2666))
REPRESENTATION_CONTEXT('id131','TOP_LEVEL_ASSEMBLY_PART')
);
#2551=(
GEOMETRIC_REPRESENTATION_CONTEXT(3)
GLOBAL_UNCERTAINTY_ASSIGNED_CONTEXT((#2609))
GLOBAL_UNIT_ASSIGNED_CONTEXT((#2783,#2725,#2667))
REPRESENTATION_CONTEXT('id134','TOP_LEVEL_ASSEMBLY_PART')
);
#2552=(
GEOMETRIC_REPRESENTATION_CONTEXT(3)
GLOBAL_UNCERTAINTY_ASSIGNED_CONTEXT((#2610))
GLOBAL_UNIT_ASSIGNED_CONTEXT((#2784,#2726,#2668))
REPRESENTATION_CONTEXT('id137','TOP_LEVEL_ASSEMBLY_PART')
);
#2553=(
GEOMETRIC_REPRESENTATION_CONTEXT(3)
GLOBAL_UNCERTAINTY_ASSIGNED_CONTEXT((#2611))
GLOBAL_UNIT_ASSIGNED_CONTEXT((#2785,#2727,#2669))
REPRESENTATION_CONTEXT('id140','TOP_LEVEL_ASSEMBLY_PART')
);
#2554=(
GEOMETRIC_REPRESENTATION_CONTEXT(3)
GLOBAL_UNCERTAINTY_ASSIGNED_CONTEXT((#2612))
GLOBAL_UNIT_ASSIGNED_CONTEXT((#2786,#2728,#2670))
REPRESENTATION_CONTEXT('id143','TOP_LEVEL_ASSEMBLY_PART')
);
#2555=(
GEOMETRIC_REPRESENTATION_CONTEXT(3)
GLOBAL_UNCERTAINTY_ASSIGNED_CONTEXT((#2613))
GLOBAL_UNIT_ASSIGNED_CONTEXT((#2787,#2729,#2671))
REPRESENTATION_CONTEXT('id146','TOP_LEVEL_ASSEMBLY_PART')
);
#2556=(
GEOMETRIC_REPRESENTATION_CONTEXT(3)
GLOBAL_UNCERTAINTY_ASSIGNED_CONTEXT((#2614))
GLOBAL_UNIT_ASSIGNED_CONTEXT((#2788,#2730,#2672))
REPRESENTATION_CONTEXT('id149','TOP_LEVEL_ASSEMBLY_PART')
);
#2557=(
GEOMETRIC_REPRESENTATION_CONTEXT(3)
GLOBAL_UNCERTAINTY_ASSIGNED_CONTEXT((#2615))
GLOBAL_UNIT_ASSIGNED_CONTEXT((#2789,#2731,#2673))
REPRESENTATION_CONTEXT('id152','TOP_LEVEL_ASSEMBLY_PART')
);
#2558=(
GEOMETRIC_REPRESENTATION_CONTEXT(3)
GLOBAL_UNCERTAINTY_ASSIGNED_CONTEXT((#2616))
GLOBAL_UNIT_ASSIGNED_CONTEXT((#2790,#2732,#2674))
REPRESENTATION_CONTEXT('id155','TOP_LEVEL_ASSEMBLY_PART')
);
#2559=(
GEOMETRIC_REPRESENTATION_CONTEXT(3)
GLOBAL_UNCERTAINTY_ASSIGNED_CONTEXT((#2617))
GLOBAL_UNIT_ASSIGNED_CONTEXT((#2791,#2733,#2675))
REPRESENTATION_CONTEXT('id158','TOP_LEVEL_ASSEMBLY_PART')
);
#2560=(
GEOMETRIC_REPRESENTATION_CONTEXT(3)
GLOBAL_UNCERTAINTY_ASSIGNED_CONTEXT((#2618))
GLOBAL_UNIT_ASSIGNED_CONTEXT((#2792,#2734,#2676))
REPRESENTATION_CONTEXT('id161','TOP_LEVEL_ASSEMBLY_PART')
);
#2561=(
GEOMETRIC_REPRESENTATION_CONTEXT(3)
GLOBAL_UNCERTAINTY_ASSIGNED_CONTEXT((#2619))
GLOBAL_UNIT_ASSIGNED_CONTEXT((#2793,#2735,#2677))
REPRESENTATION_CONTEXT('id164','TOP_LEVEL_ASSEMBLY_PART')
);
#2562=(
GEOMETRIC_REPRESENTATION_CONTEXT(3)
GLOBAL_UNCERTAINTY_ASSIGNED_CONTEXT((#2620))
GLOBAL_UNIT_ASSIGNED_CONTEXT((#2794,#2736,#2678))
REPRESENTATION_CONTEXT('id167','TOP_LEVEL_ASSEMBLY_PART')
);
#2563=(
GEOMETRIC_REPRESENTATION_CONTEXT(3)
GLOBAL_UNCERTAINTY_ASSIGNED_CONTEXT((#2621))
GLOBAL_UNIT_ASSIGNED_CONTEXT((#2795,#2737,#2679))
REPRESENTATION_CONTEXT('id170','TOP_LEVEL_ASSEMBLY_PART')
);
#2564=(
GEOMETRIC_REPRESENTATION_CONTEXT(3)
GLOBAL_UNCERTAINTY_ASSIGNED_CONTEXT((#2622))
GLOBAL_UNIT_ASSIGNED_CONTEXT((#2796,#2738,#2680))
REPRESENTATION_CONTEXT('Part 1','TOP_LEVEL_ASSEMBLY_PART')
);
#2565=UNCERTAINTY_MEASURE_WITH_UNIT(LENGTH_MEASURE(1.E-6),#2739,
'DISTANCE_ACCURACY_VALUE','Maximum Tolerance applied to model');
#2566=UNCERTAINTY_MEASURE_WITH_UNIT(LENGTH_MEASURE(1.E-6),#2740,
'DISTANCE_ACCURACY_VALUE','Maximum Tolerance applied to model');
#2567=UNCERTAINTY_MEASURE_WITH_UNIT(LENGTH_MEASURE(1.E-6),#2741,
'DISTANCE_ACCURACY_VALUE','Maximum Tolerance applied to model');
#2568=UNCERTAINTY_MEASURE_WITH_UNIT(LENGTH_MEASURE(0.00260555506187759),
#2742,'DISTANCE_ACCURACY_VALUE','Maximum Tolerance applied to model');
#2569=UNCERTAINTY_MEASURE_WITH_UNIT(LENGTH_MEASURE(0.00260555506187759),
#2743,'DISTANCE_ACCURACY_VALUE','Maximum Tolerance applied to model');
#2570=UNCERTAINTY_MEASURE_WITH_UNIT(LENGTH_MEASURE(1.E-6),#2744,
'DISTANCE_ACCURACY_VALUE','Maximum Tolerance applied to model');
#2571=UNCERTAINTY_MEASURE_WITH_UNIT(LENGTH_MEASURE(1.E-6),#2745,
'DISTANCE_ACCURACY_VALUE','Maximum Tolerance applied to model');
#2572=UNCERTAINTY_MEASURE_WITH_UNIT(LENGTH_MEASURE(1.E-6),#2746,
'DISTANCE_ACCURACY_VALUE','Maximum Tolerance applied to model');
#2573=UNCERTAINTY_MEASURE_WITH_UNIT(LENGTH_MEASURE(1.E-6),#2747,
'DISTANCE_ACCURACY_VALUE','Maximum Tolerance applied to model');
#2574=UNCERTAINTY_MEASURE_WITH_UNIT(LENGTH_MEASURE(1.E-6),#2748,
'DISTANCE_ACCURACY_VALUE','Maximum Tolerance applied to model');
#2575=UNCERTAINTY_MEASURE_WITH_UNIT(LENGTH_MEASURE(1.E-6),#2749,
'DISTANCE_ACCURACY_VALUE','Maximum Tolerance applied to model');
#2576=UNCERTAINTY_MEASURE_WITH_UNIT(LENGTH_MEASURE(1.E-6),#2750,
'DISTANCE_ACCURACY_VALUE','Maximum Tolerance applied to model');
#2577=UNCERTAINTY_MEASURE_WITH_UNIT(LENGTH_MEASURE(1.E-6),#2751,
'DISTANCE_ACCURACY_VALUE','Maximum Tolerance applied to model');
#2578=UNCERTAINTY_MEASURE_WITH_UNIT(LENGTH_MEASURE(1.E-6),#2752,
'DISTANCE_ACCURACY_VALUE','Maximum Tolerance applied to model');
#2579=UNCERTAINTY_MEASURE_WITH_UNIT(LENGTH_MEASURE(1.E-6),#2753,
'DISTANCE_ACCURACY_VALUE','Maximum Tolerance applied to model');
#2580=UNCERTAINTY_MEASURE_WITH_UNIT(LENGTH_MEASURE(1.E-6),#2754,
'DISTANCE_ACCURACY_VALUE','Maximum Tolerance applied to model');
#2581=UNCERTAINTY_MEASURE_WITH_UNIT(LENGTH_MEASURE(1.E-6),#2755,
'DISTANCE_ACCURACY_VALUE','Maximum Tolerance applied to model');
#2582=UNCERTAINTY_MEASURE_WITH_UNIT(LENGTH_MEASURE(1.E-6),#2756,
'DISTANCE_ACCURACY_VALUE','Maximum Tolerance applied to model');
#2583=UNCERTAINTY_MEASURE_WITH_UNIT(LENGTH_MEASURE(1.E-6),#2757,
'DISTANCE_ACCURACY_VALUE','Maximum Tolerance applied to model');
#2584=UNCERTAINTY_MEASURE_WITH_UNIT(LENGTH_MEASURE(1.E-6),#2758,
'DISTANCE_ACCURACY_VALUE','Maximum Tolerance applied to model');
#2585=UNCERTAINTY_MEASURE_WITH_UNIT(LENGTH_MEASURE(1.E-6),#2759,
'DISTANCE_ACCURACY_VALUE','Maximum Tolerance applied to model');
#2586=UNCERTAINTY_MEASURE_WITH_UNIT(LENGTH_MEASURE(1.E-6),#2760,
'DISTANCE_ACCURACY_VALUE','Maximum Tolerance applied to model');
#2587=UNCERTAINTY_MEASURE_WITH_UNIT(LENGTH_MEASURE(1.E-6),#2761,
'DISTANCE_ACCURACY_VALUE','Maximum Tolerance applied to model');
#2588=UNCERTAINTY_MEASURE_WITH_UNIT(LENGTH_MEASURE(1.E-6),#2762,
'DISTANCE_ACCURACY_VALUE','Maximum Tolerance applied to model');
#2589=UNCERTAINTY_MEASURE_WITH_UNIT(LENGTH_MEASURE(1.E-6),#2763,
'DISTANCE_ACCURACY_VALUE','Maximum Tolerance applied to model');
#2590=UNCERTAINTY_MEASURE_WITH_UNIT(LENGTH_MEASURE(1.E-6),#2764,
'DISTANCE_ACCURACY_VALUE','Maximum Tolerance applied to model');
#2591=UNCERTAINTY_MEASURE_WITH_UNIT(LENGTH_MEASURE(1.E-6),#2765,
'DISTANCE_ACCURACY_VALUE','Maximum Tolerance applied to model');
#2592=UNCERTAINTY_MEASURE_WITH_UNIT(LENGTH_MEASURE(1.E-6),#2766,
'DISTANCE_ACCURACY_VALUE','Maximum Tolerance applied to model');
#2593=UNCERTAINTY_MEASURE_WITH_UNIT(LENGTH_MEASURE(1.E-6),#2767,
'DISTANCE_ACCURACY_VALUE','Maximum Tolerance applied to model');
#2594=UNCERTAINTY_MEASURE_WITH_UNIT(LENGTH_MEASURE(1.E-6),#2768,
'DISTANCE_ACCURACY_VALUE','Maximum Tolerance applied to model');
#2595=UNCERTAINTY_MEASURE_WITH_UNIT(LENGTH_MEASURE(1.E-6),#2769,
'DISTANCE_ACCURACY_VALUE','Maximum Tolerance applied to model');
#2596=UNCERTAINTY_MEASURE_WITH_UNIT(LENGTH_MEASURE(1.E-6),#2770,
'DISTANCE_ACCURACY_VALUE','Maximum Tolerance applied to model');
#2597=UNCERTAINTY_MEASURE_WITH_UNIT(LENGTH_MEASURE(1.E-6),#2771,
'DISTANCE_ACCURACY_VALUE','Maximum Tolerance applied to model');
#2598=UNCERTAINTY_MEASURE_WITH_UNIT(LENGTH_MEASURE(1.E-6),#2772,
'DISTANCE_ACCURACY_VALUE','Maximum Tolerance applied to model');
#2599=UNCERTAINTY_MEASURE_WITH_UNIT(LENGTH_MEASURE(1.E-6),#2773,
'DISTANCE_ACCURACY_VALUE','Maximum Tolerance applied to model');
#2600=UNCERTAINTY_MEASURE_WITH_UNIT(LENGTH_MEASURE(1.E-6),#2774,
'DISTANCE_ACCURACY_VALUE','Maximum Tolerance applied to model');
#2601=UNCERTAINTY_MEASURE_WITH_UNIT(LENGTH_MEASURE(1.E-6),#2775,
'DISTANCE_ACCURACY_VALUE','Maximum Tolerance applied to model');
#2602=UNCERTAINTY_MEASURE_WITH_UNIT(LENGTH_MEASURE(1.E-6),#2776,
'DISTANCE_ACCURACY_VALUE','Maximum Tolerance applied to model');
#2603=UNCERTAINTY_MEASURE_WITH_UNIT(LENGTH_MEASURE(1.E-6),#2777,
'DISTANCE_ACCURACY_VALUE','Maximum Tolerance applied to model');
#2604=UNCERTAINTY_MEASURE_WITH_UNIT(LENGTH_MEASURE(1.E-6),#2778,
'DISTANCE_ACCURACY_VALUE','Maximum Tolerance applied to model');
#2605=UNCERTAINTY_MEASURE_WITH_UNIT(LENGTH_MEASURE(1.E-6),#2779,
'DISTANCE_ACCURACY_VALUE','Maximum Tolerance applied to model');
#2606=UNCERTAINTY_MEASURE_WITH_UNIT(LENGTH_MEASURE(1.E-6),#2780,
'DISTANCE_ACCURACY_VALUE','Maximum Tolerance applied to model');
#2607=UNCERTAINTY_MEASURE_WITH_UNIT(LENGTH_MEASURE(1.E-6),#2781,
'DISTANCE_ACCURACY_VALUE','Maximum Tolerance applied to model');
#2608=UNCERTAINTY_MEASURE_WITH_UNIT(LENGTH_MEASURE(1.E-6),#2782,
'DISTANCE_ACCURACY_VALUE','Maximum Tolerance applied to model');
#2609=UNCERTAINTY_MEASURE_WITH_UNIT(LENGTH_MEASURE(1.E-6),#2783,
'DISTANCE_ACCURACY_VALUE','Maximum Tolerance applied to model');
#2610=UNCERTAINTY_MEASURE_WITH_UNIT(LENGTH_MEASURE(1.E-6),#2784,
'DISTANCE_ACCURACY_VALUE','Maximum Tolerance applied to model');
#2611=UNCERTAINTY_MEASURE_WITH_UNIT(LENGTH_MEASURE(1.E-6),#2785,
'DISTANCE_ACCURACY_VALUE','Maximum Tolerance applied to model');
#2612=UNCERTAINTY_MEASURE_WITH_UNIT(LENGTH_MEASURE(1.E-6),#2786,
'DISTANCE_ACCURACY_VALUE','Maximum Tolerance applied to model');
#2613=UNCERTAINTY_MEASURE_WITH_UNIT(LENGTH_MEASURE(1.E-6),#2787,
'DISTANCE_ACCURACY_VALUE','Maximum Tolerance applied to model');
#2614=UNCERTAINTY_MEASURE_WITH_UNIT(LENGTH_MEASURE(1.E-6),#2788,
'DISTANCE_ACCURACY_VALUE','Maximum Tolerance applied to model');
#2615=UNCERTAINTY_MEASURE_WITH_UNIT(LENGTH_MEASURE(1.E-6),#2789,
'DISTANCE_ACCURACY_VALUE','Maximum Tolerance applied to model');
#2616=UNCERTAINTY_MEASURE_WITH_UNIT(LENGTH_MEASURE(1.E-6),#2790,
'DISTANCE_ACCURACY_VALUE','Maximum Tolerance applied to model');
#2617=UNCERTAINTY_MEASURE_WITH_UNIT(LENGTH_MEASURE(1.E-6),#2791,
'DISTANCE_ACCURACY_VALUE','Maximum Tolerance applied to model');
#2618=UNCERTAINTY_MEASURE_WITH_UNIT(LENGTH_MEASURE(1.E-6),#2792,
'DISTANCE_ACCURACY_VALUE','Maximum Tolerance applied to model');
#2619=UNCERTAINTY_MEASURE_WITH_UNIT(LENGTH_MEASURE(1.E-6),#2793,
'DISTANCE_ACCURACY_VALUE','Maximum Tolerance applied to model');
#2620=UNCERTAINTY_MEASURE_WITH_UNIT(LENGTH_MEASURE(1.E-6),#2794,
'DISTANCE_ACCURACY_VALUE','Maximum Tolerance applied to model');
#2621=UNCERTAINTY_MEASURE_WITH_UNIT(LENGTH_MEASURE(1.E-6),#2795,
'DISTANCE_ACCURACY_VALUE','Maximum Tolerance applied to model');
#2622=UNCERTAINTY_MEASURE_WITH_UNIT(LENGTH_MEASURE(1.E-6),#2796,
'DISTANCE_ACCURACY_VALUE','Maximum Tolerance applied to model');
#2623=(
NAMED_UNIT(*)
SI_UNIT($,.STERADIAN.)
SOLID_ANGLE_UNIT()
);
#2624=(
NAMED_UNIT(*)
SI_UNIT($,.STERADIAN.)
SOLID_ANGLE_UNIT()
);
#2625=(
NAMED_UNIT(*)
SI_UNIT($,.STERADIAN.)
SOLID_ANGLE_UNIT()
);
#2626=(
NAMED_UNIT(*)
SI_UNIT($,.STERADIAN.)
SOLID_ANGLE_UNIT()
);
#2627=(
NAMED_UNIT(*)
SI_UNIT($,.STERADIAN.)
SOLID_ANGLE_UNIT()
);
#2628=(
NAMED_UNIT(*)
SI_UNIT($,.STERADIAN.)
SOLID_ANGLE_UNIT()
);
#2629=(
NAMED_UNIT(*)
SI_UNIT($,.STERADIAN.)
SOLID_ANGLE_UNIT()
);
#2630=(
NAMED_UNIT(*)
SI_UNIT($,.STERADIAN.)
SOLID_ANGLE_UNIT()
);
#2631=(
NAMED_UNIT(*)
SI_UNIT($,.STERADIAN.)
SOLID_ANGLE_UNIT()
);
#2632=(
NAMED_UNIT(*)
SI_UNIT($,.STERADIAN.)
SOLID_ANGLE_UNIT()
);
#2633=(
NAMED_UNIT(*)
SI_UNIT($,.STERADIAN.)
SOLID_ANGLE_UNIT()
);
#2634=(
NAMED_UNIT(*)
SI_UNIT($,.STERADIAN.)
SOLID_ANGLE_UNIT()
);
#2635=(
NAMED_UNIT(*)
SI_UNIT($,.STERADIAN.)
SOLID_ANGLE_UNIT()
);
#2636=(
NAMED_UNIT(*)
SI_UNIT($,.STERADIAN.)
SOLID_ANGLE_UNIT()
);
#2637=(
NAMED_UNIT(*)
SI_UNIT($,.STERADIAN.)
SOLID_ANGLE_UNIT()
);
#2638=(
NAMED_UNIT(*)
SI_UNIT($,.STERADIAN.)
SOLID_ANGLE_UNIT()
);
#2639=(
NAMED_UNIT(*)
SI_UNIT($,.STERADIAN.)
SOLID_ANGLE_UNIT()
);
#2640=(
NAMED_UNIT(*)
SI_UNIT($,.STERADIAN.)
SOLID_ANGLE_UNIT()
);
#2641=(
NAMED_UNIT(*)
SI_UNIT($,.STERADIAN.)
SOLID_ANGLE_UNIT()
);
#2642=(
NAMED_UNIT(*)
SI_UNIT($,.STERADIAN.)
SOLID_ANGLE_UNIT()
);
#2643=(
NAMED_UNIT(*)
SI_UNIT($,.STERADIAN.)
SOLID_ANGLE_UNIT()
);
#2644=(
NAMED_UNIT(*)
SI_UNIT($,.STERADIAN.)
SOLID_ANGLE_UNIT()
);
#2645=(
NAMED_UNIT(*)
SI_UNIT($,.STERADIAN.)
SOLID_ANGLE_UNIT()
);
#2646=(
NAMED_UNIT(*)
SI_UNIT($,.STERADIAN.)
SOLID_ANGLE_UNIT()
);
#2647=(
NAMED_UNIT(*)
SI_UNIT($,.STERADIAN.)
SOLID_ANGLE_UNIT()
);
#2648=(
NAMED_UNIT(*)
SI_UNIT($,.STERADIAN.)
SOLID_ANGLE_UNIT()
);
#2649=(
NAMED_UNIT(*)
SI_UNIT($,.STERADIAN.)
SOLID_ANGLE_UNIT()
);
#2650=(
NAMED_UNIT(*)
SI_UNIT($,.STERADIAN.)
SOLID_ANGLE_UNIT()
);
#2651=(
NAMED_UNIT(*)
SI_UNIT($,.STERADIAN.)
SOLID_ANGLE_UNIT()
);
#2652=(
NAMED_UNIT(*)
SI_UNIT($,.STERADIAN.)
SOLID_ANGLE_UNIT()
);
#2653=(
NAMED_UNIT(*)
SI_UNIT($,.STERADIAN.)
SOLID_ANGLE_UNIT()
);
#2654=(
NAMED_UNIT(*)
SI_UNIT($,.STERADIAN.)
SOLID_ANGLE_UNIT()
);
#2655=(
NAMED_UNIT(*)
SI_UNIT($,.STERADIAN.)
SOLID_ANGLE_UNIT()
);
#2656=(
NAMED_UNIT(*)
SI_UNIT($,.STERADIAN.)
SOLID_ANGLE_UNIT()
);
#2657=(
NAMED_UNIT(*)
SI_UNIT($,.STERADIAN.)
SOLID_ANGLE_UNIT()
);
#2658=(
NAMED_UNIT(*)
SI_UNIT($,.STERADIAN.)
SOLID_ANGLE_UNIT()
);
#2659=(
NAMED_UNIT(*)
SI_UNIT($,.STERADIAN.)
SOLID_ANGLE_UNIT()
);
#2660=(
NAMED_UNIT(*)
SI_UNIT($,.STERADIAN.)
SOLID_ANGLE_UNIT()
);
#2661=(
NAMED_UNIT(*)
SI_UNIT($,.STERADIAN.)
SOLID_ANGLE_UNIT()
);
#2662=(
NAMED_UNIT(*)
SI_UNIT($,.STERADIAN.)
SOLID_ANGLE_UNIT()
);
#2663=(
NAMED_UNIT(*)
SI_UNIT($,.STERADIAN.)
SOLID_ANGLE_UNIT()
);
#2664=(
NAMED_UNIT(*)
SI_UNIT($,.STERADIAN.)
SOLID_ANGLE_UNIT()
);
#2665=(
NAMED_UNIT(*)
SI_UNIT($,.STERADIAN.)
SOLID_ANGLE_UNIT()
);
#2666=(
NAMED_UNIT(*)
SI_UNIT($,.STERADIAN.)
SOLID_ANGLE_UNIT()
);
#2667=(
NAMED_UNIT(*)
SI_UNIT($,.STERADIAN.)
SOLID_ANGLE_UNIT()
);
#2668=(
NAMED_UNIT(*)
SI_UNIT($,.STERADIAN.)
SOLID_ANGLE_UNIT()
);
#2669=(
NAMED_UNIT(*)
SI_UNIT($,.STERADIAN.)
SOLID_ANGLE_UNIT()
);
#2670=(
NAMED_UNIT(*)
SI_UNIT($,.STERADIAN.)
SOLID_ANGLE_UNIT()
);
#2671=(
NAMED_UNIT(*)
SI_UNIT($,.STERADIAN.)
SOLID_ANGLE_UNIT()
);
#2672=(
NAMED_UNIT(*)
SI_UNIT($,.STERADIAN.)
SOLID_ANGLE_UNIT()
);
#2673=(
NAMED_UNIT(*)
SI_UNIT($,.STERADIAN.)
SOLID_ANGLE_UNIT()
);
#2674=(
NAMED_UNIT(*)
SI_UNIT($,.STERADIAN.)
SOLID_ANGLE_UNIT()
);
#2675=(
NAMED_UNIT(*)
SI_UNIT($,.STERADIAN.)
SOLID_ANGLE_UNIT()
);
#2676=(
NAMED_UNIT(*)
SI_UNIT($,.STERADIAN.)
SOLID_ANGLE_UNIT()
);
#2677=(
NAMED_UNIT(*)
SI_UNIT($,.STERADIAN.)
SOLID_ANGLE_UNIT()
);
#2678=(
NAMED_UNIT(*)
SI_UNIT($,.STERADIAN.)
SOLID_ANGLE_UNIT()
);
#2679=(
NAMED_UNIT(*)
SI_UNIT($,.STERADIAN.)
SOLID_ANGLE_UNIT()
);
#2680=(
NAMED_UNIT(*)
SI_UNIT($,.STERADIAN.)
SOLID_ANGLE_UNIT()
);
#2681=(
NAMED_UNIT(*)
PLANE_ANGLE_UNIT()
SI_UNIT($,.RADIAN.)
);
#2682=(
NAMED_UNIT(*)
PLANE_ANGLE_UNIT()
SI_UNIT($,.RADIAN.)
);
#2683=(
NAMED_UNIT(*)
PLANE_ANGLE_UNIT()
SI_UNIT($,.RADIAN.)
);
#2684=(
NAMED_UNIT(*)
PLANE_ANGLE_UNIT()
SI_UNIT($,.RADIAN.)
);
#2685=(
NAMED_UNIT(*)
PLANE_ANGLE_UNIT()
SI_UNIT($,.RADIAN.)
);
#2686=(
NAMED_UNIT(*)
PLANE_ANGLE_UNIT()
SI_UNIT($,.RADIAN.)
);
#2687=(
NAMED_UNIT(*)
PLANE_ANGLE_UNIT()
SI_UNIT($,.RADIAN.)
);
#2688=(
NAMED_UNIT(*)
PLANE_ANGLE_UNIT()
SI_UNIT($,.RADIAN.)
);
#2689=(
NAMED_UNIT(*)
PLANE_ANGLE_UNIT()
SI_UNIT($,.RADIAN.)
);
#2690=(
NAMED_UNIT(*)
PLANE_ANGLE_UNIT()
SI_UNIT($,.RADIAN.)
);
#2691=(
NAMED_UNIT(*)
PLANE_ANGLE_UNIT()
SI_UNIT($,.RADIAN.)
);
#2692=(
NAMED_UNIT(*)
PLANE_ANGLE_UNIT()
SI_UNIT($,.RADIAN.)
);
#2693=(
NAMED_UNIT(*)
PLANE_ANGLE_UNIT()
SI_UNIT($,.RADIAN.)
);
#2694=(
NAMED_UNIT(*)
PLANE_ANGLE_UNIT()
SI_UNIT($,.RADIAN.)
);
#2695=(
NAMED_UNIT(*)
PLANE_ANGLE_UNIT()
SI_UNIT($,.RADIAN.)
);
#2696=(
NAMED_UNIT(*)
PLANE_ANGLE_UNIT()
SI_UNIT($,.RADIAN.)
);
#2697=(
NAMED_UNIT(*)
PLANE_ANGLE_UNIT()
SI_UNIT($,.RADIAN.)
);
#2698=(
NAMED_UNIT(*)
PLANE_ANGLE_UNIT()
SI_UNIT($,.RADIAN.)
);
#2699=(
NAMED_UNIT(*)
PLANE_ANGLE_UNIT()
SI_UNIT($,.RADIAN.)
);
#2700=(
NAMED_UNIT(*)
PLANE_ANGLE_UNIT()
SI_UNIT($,.RADIAN.)
);
#2701=(
NAMED_UNIT(*)
PLANE_ANGLE_UNIT()
SI_UNIT($,.RADIAN.)
);
#2702=(
NAMED_UNIT(*)
PLANE_ANGLE_UNIT()
SI_UNIT($,.RADIAN.)
);
#2703=(
NAMED_UNIT(*)
PLANE_ANGLE_UNIT()
SI_UNIT($,.RADIAN.)
);
#2704=(
NAMED_UNIT(*)
PLANE_ANGLE_UNIT()
SI_UNIT($,.RADIAN.)
);
#2705=(
NAMED_UNIT(*)
PLANE_ANGLE_UNIT()
SI_UNIT($,.RADIAN.)
);
#2706=(
NAMED_UNIT(*)
PLANE_ANGLE_UNIT()
SI_UNIT($,.RADIAN.)
);
#2707=(
NAMED_UNIT(*)
PLANE_ANGLE_UNIT()
SI_UNIT($,.RADIAN.)
);
#2708=(
NAMED_UNIT(*)
PLANE_ANGLE_UNIT()
SI_UNIT($,.RADIAN.)
);
#2709=(
NAMED_UNIT(*)
PLANE_ANGLE_UNIT()
SI_UNIT($,.RADIAN.)
);
#2710=(
NAMED_UNIT(*)
PLANE_ANGLE_UNIT()
SI_UNIT($,.RADIAN.)
);
#2711=(
NAMED_UNIT(*)
PLANE_ANGLE_UNIT()
SI_UNIT($,.RADIAN.)
);
#2712=(
NAMED_UNIT(*)
PLANE_ANGLE_UNIT()
SI_UNIT($,.RADIAN.)
);
#2713=(
NAMED_UNIT(*)
PLANE_ANGLE_UNIT()
SI_UNIT($,.RADIAN.)
);
#2714=(
NAMED_UNIT(*)
PLANE_ANGLE_UNIT()
SI_UNIT($,.RADIAN.)
);
#2715=(
NAMED_UNIT(*)
PLANE_ANGLE_UNIT()
SI_UNIT($,.RADIAN.)
);
#2716=(
NAMED_UNIT(*)
PLANE_ANGLE_UNIT()
SI_UNIT($,.RADIAN.)
);
#2717=(
NAMED_UNIT(*)
PLANE_ANGLE_UNIT()
SI_UNIT($,.RADIAN.)
);
#2718=(
NAMED_UNIT(*)
PLANE_ANGLE_UNIT()
SI_UNIT($,.RADIAN.)
);
#2719=(
NAMED_UNIT(*)
PLANE_ANGLE_UNIT()
SI_UNIT($,.RADIAN.)
);
#2720=(
NAMED_UNIT(*)
PLANE_ANGLE_UNIT()
SI_UNIT($,.RADIAN.)
);
#2721=(
NAMED_UNIT(*)
PLANE_ANGLE_UNIT()
SI_UNIT($,.RADIAN.)
);
#2722=(
NAMED_UNIT(*)
PLANE_ANGLE_UNIT()
SI_UNIT($,.RADIAN.)
);
#2723=(
NAMED_UNIT(*)
PLANE_ANGLE_UNIT()
SI_UNIT($,.RADIAN.)
);
#2724=(
NAMED_UNIT(*)
PLANE_ANGLE_UNIT()
SI_UNIT($,.RADIAN.)
);
#2725=(
NAMED_UNIT(*)
PLANE_ANGLE_UNIT()
SI_UNIT($,.RADIAN.)
);
#2726=(
NAMED_UNIT(*)
PLANE_ANGLE_UNIT()
SI_UNIT($,.RADIAN.)
);
#2727=(
NAMED_UNIT(*)
PLANE_ANGLE_UNIT()
SI_UNIT($,.RADIAN.)
);
#2728=(
NAMED_UNIT(*)
PLANE_ANGLE_UNIT()
SI_UNIT($,.RADIAN.)
);
#2729=(
NAMED_UNIT(*)
PLANE_ANGLE_UNIT()
SI_UNIT($,.RADIAN.)
);
#2730=(
NAMED_UNIT(*)
PLANE_ANGLE_UNIT()
SI_UNIT($,.RADIAN.)
);
#2731=(
NAMED_UNIT(*)
PLANE_ANGLE_UNIT()
SI_UNIT($,.RADIAN.)
);
#2732=(
NAMED_UNIT(*)
PLANE_ANGLE_UNIT()
SI_UNIT($,.RADIAN.)
);
#2733=(
NAMED_UNIT(*)
PLANE_ANGLE_UNIT()
SI_UNIT($,.RADIAN.)
);
#2734=(
NAMED_UNIT(*)
PLANE_ANGLE_UNIT()
SI_UNIT($,.RADIAN.)
);
#2735=(
NAMED_UNIT(*)
PLANE_ANGLE_UNIT()
SI_UNIT($,.RADIAN.)
);
#2736=(
NAMED_UNIT(*)
PLANE_ANGLE_UNIT()
SI_UNIT($,.RADIAN.)
);
#2737=(
NAMED_UNIT(*)
PLANE_ANGLE_UNIT()
SI_UNIT($,.RADIAN.)
);
#2738=(
NAMED_UNIT(*)
PLANE_ANGLE_UNIT()
SI_UNIT($,.RADIAN.)
);
#2739=(
LENGTH_UNIT()
NAMED_UNIT(*)
SI_UNIT(.CENTI.,.METRE.)
);
#2740=(
LENGTH_UNIT()
NAMED_UNIT(*)
SI_UNIT(.CENTI.,.METRE.)
);
#2741=(
LENGTH_UNIT()
NAMED_UNIT(*)
SI_UNIT(.CENTI.,.METRE.)
);
#2742=(
LENGTH_UNIT()
NAMED_UNIT(*)
SI_UNIT(.CENTI.,.METRE.)
);
#2743=(
LENGTH_UNIT()
NAMED_UNIT(*)
SI_UNIT(.CENTI.,.METRE.)
);
#2744=(
LENGTH_UNIT()
NAMED_UNIT(*)
SI_UNIT(.CENTI.,.METRE.)
);
#2745=(
LENGTH_UNIT()
NAMED_UNIT(*)
SI_UNIT(.CENTI.,.METRE.)
);
#2746=(
LENGTH_UNIT()
NAMED_UNIT(*)
SI_UNIT(.CENTI.,.METRE.)
);
#2747=(
LENGTH_UNIT()
NAMED_UNIT(*)
SI_UNIT(.CENTI.,.METRE.)
);
#2748=(
LENGTH_UNIT()
NAMED_UNIT(*)
SI_UNIT(.CENTI.,.METRE.)
);
#2749=(
LENGTH_UNIT()
NAMED_UNIT(*)
SI_UNIT(.CENTI.,.METRE.)
);
#2750=(
LENGTH_UNIT()
NAMED_UNIT(*)
SI_UNIT(.CENTI.,.METRE.)
);
#2751=(
LENGTH_UNIT()
NAMED_UNIT(*)
SI_UNIT(.CENTI.,.METRE.)
);
#2752=(
LENGTH_UNIT()
NAMED_UNIT(*)
SI_UNIT(.CENTI.,.METRE.)
);
#2753=(
LENGTH_UNIT()
NAMED_UNIT(*)
SI_UNIT(.CENTI.,.METRE.)
);
#2754=(
LENGTH_UNIT()
NAMED_UNIT(*)
SI_UNIT(.CENTI.,.METRE.)
);
#2755=(
LENGTH_UNIT()
NAMED_UNIT(*)
SI_UNIT(.CENTI.,.METRE.)
);
#2756=(
LENGTH_UNIT()
NAMED_UNIT(*)
SI_UNIT(.CENTI.,.METRE.)
);
#2757=(
LENGTH_UNIT()
NAMED_UNIT(*)
SI_UNIT(.CENTI.,.METRE.)
);
#2758=(
LENGTH_UNIT()
NAMED_UNIT(*)
SI_UNIT(.CENTI.,.METRE.)
);
#2759=(
LENGTH_UNIT()
NAMED_UNIT(*)
SI_UNIT(.CENTI.,.METRE.)
);
#2760=(
LENGTH_UNIT()
NAMED_UNIT(*)
SI_UNIT(.CENTI.,.METRE.)
);
#2761=(
LENGTH_UNIT()
NAMED_UNIT(*)
SI_UNIT(.CENTI.,.METRE.)
);
#2762=(
LENGTH_UNIT()
NAMED_UNIT(*)
SI_UNIT(.CENTI.,.METRE.)
);
#2763=(
LENGTH_UNIT()
NAMED_UNIT(*)
SI_UNIT(.CENTI.,.METRE.)
);
#2764=(
LENGTH_UNIT()
NAMED_UNIT(*)
SI_UNIT(.CENTI.,.METRE.)
);
#2765=(
LENGTH_UNIT()
NAMED_UNIT(*)
SI_UNIT(.CENTI.,.METRE.)
);
#2766=(
LENGTH_UNIT()
NAMED_UNIT(*)
SI_UNIT(.CENTI.,.METRE.)
);
#2767=(
LENGTH_UNIT()
NAMED_UNIT(*)
SI_UNIT(.CENTI.,.METRE.)
);
#2768=(
LENGTH_UNIT()
NAMED_UNIT(*)
SI_UNIT(.CENTI.,.METRE.)
);
#2769=(
LENGTH_UNIT()
NAMED_UNIT(*)
SI_UNIT(.CENTI.,.METRE.)
);
#2770=(
LENGTH_UNIT()
NAMED_UNIT(*)
SI_UNIT(.CENTI.,.METRE.)
);
#2771=(
LENGTH_UNIT()
NAMED_UNIT(*)
SI_UNIT(.CENTI.,.METRE.)
);
#2772=(
LENGTH_UNIT()
NAMED_UNIT(*)
SI_UNIT(.CENTI.,.METRE.)
);
#2773=(
LENGTH_UNIT()
NAMED_UNIT(*)
SI_UNIT(.CENTI.,.METRE.)
);
#2774=(
LENGTH_UNIT()
NAMED_UNIT(*)
SI_UNIT(.CENTI.,.METRE.)
);
#2775=(
LENGTH_UNIT()
NAMED_UNIT(*)
SI_UNIT(.CENTI.,.METRE.)
);
#2776=(
LENGTH_UNIT()
NAMED_UNIT(*)
SI_UNIT(.CENTI.,.METRE.)
);
#2777=(
LENGTH_UNIT()
NAMED_UNIT(*)
SI_UNIT(.CENTI.,.METRE.)
);
#2778=(
LENGTH_UNIT()
NAMED_UNIT(*)
SI_UNIT(.CENTI.,.METRE.)
);
#2779=(
LENGTH_UNIT()
NAMED_UNIT(*)
SI_UNIT(.CENTI.,.METRE.)
);
#2780=(
LENGTH_UNIT()
NAMED_UNIT(*)
SI_UNIT(.CENTI.,.METRE.)
);
#2781=(
LENGTH_UNIT()
NAMED_UNIT(*)
SI_UNIT(.CENTI.,.METRE.)
);
#2782=(
LENGTH_UNIT()
NAMED_UNIT(*)
SI_UNIT(.CENTI.,.METRE.)
);
#2783=(
LENGTH_UNIT()
NAMED_UNIT(*)
SI_UNIT(.CENTI.,.METRE.)
);
#2784=(
LENGTH_UNIT()
NAMED_UNIT(*)
SI_UNIT(.CENTI.,.METRE.)
);
#2785=(
LENGTH_UNIT()
NAMED_UNIT(*)
SI_UNIT(.CENTI.,.METRE.)
);
#2786=(
LENGTH_UNIT()
NAMED_UNIT(*)
SI_UNIT(.CENTI.,.METRE.)
);
#2787=(
LENGTH_UNIT()
NAMED_UNIT(*)
SI_UNIT(.CENTI.,.METRE.)
);
#2788=(
LENGTH_UNIT()
NAMED_UNIT(*)
SI_UNIT(.CENTI.,.METRE.)
);
#2789=(
LENGTH_UNIT()
NAMED_UNIT(*)
SI_UNIT(.CENTI.,.METRE.)
);
#2790=(
LENGTH_UNIT()
NAMED_UNIT(*)
SI_UNIT(.CENTI.,.METRE.)
);
#2791=(
LENGTH_UNIT()
NAMED_UNIT(*)
SI_UNIT(.CENTI.,.METRE.)
);
#2792=(
LENGTH_UNIT()
NAMED_UNIT(*)
SI_UNIT(.CENTI.,.METRE.)
);
#2793=(
LENGTH_UNIT()
NAMED_UNIT(*)
SI_UNIT(.CENTI.,.METRE.)
);
#2794=(
LENGTH_UNIT()
NAMED_UNIT(*)
SI_UNIT(.CENTI.,.METRE.)
);
#2795=(
LENGTH_UNIT()
NAMED_UNIT(*)
SI_UNIT(.CENTI.,.METRE.)
);
#2796=(
LENGTH_UNIT()
NAMED_UNIT(*)
SI_UNIT(.CENTI.,.METRE.)
);
#2797=PRODUCT_DEFINITION_SHAPE('','',#2855);
#2798=PRODUCT_DEFINITION_SHAPE('','',#2856);
#2799=PRODUCT_DEFINITION_SHAPE('','',#2857);
#2800=PRODUCT_DEFINITION_SHAPE('','',#2858);
#2801=PRODUCT_DEFINITION_SHAPE('','',#2859);
#2802=PRODUCT_DEFINITION_SHAPE('','',#2860);
#2803=PRODUCT_DEFINITION_SHAPE('','',#2861);
#2804=PRODUCT_DEFINITION_SHAPE('','',#2862);
#2805=PRODUCT_DEFINITION_SHAPE('','',#2863);
#2806=PRODUCT_DEFINITION_SHAPE('','',#2864);
#2807=PRODUCT_DEFINITION_SHAPE('','',#2865);
#2808=PRODUCT_DEFINITION_SHAPE('','',#2866);
#2809=PRODUCT_DEFINITION_SHAPE('','',#2867);
#2810=PRODUCT_DEFINITION_SHAPE('','',#2868);
#2811=PRODUCT_DEFINITION_SHAPE('','',#2869);
#2812=PRODUCT_DEFINITION_SHAPE('','',#2870);
#2813=PRODUCT_DEFINITION_SHAPE('','',#2871);
#2814=PRODUCT_DEFINITION_SHAPE('','',#2872);
#2815=PRODUCT_DEFINITION_SHAPE('','',#2873);
#2816=PRODUCT_DEFINITION_SHAPE('','',#2874);
#2817=PRODUCT_DEFINITION_SHAPE('','',#2875);
#2818=PRODUCT_DEFINITION_SHAPE('','',#2876);
#2819=PRODUCT_DEFINITION_SHAPE('','',#2877);
#2820=PRODUCT_DEFINITION_SHAPE('','',#2878);
#2821=PRODUCT_DEFINITION_SHAPE('','',#2879);
#2822=PRODUCT_DEFINITION_SHAPE('','',#2880);
#2823=PRODUCT_DEFINITION_SHAPE('','',#2881);
#2824=PRODUCT_DEFINITION_SHAPE('','',#2882);
#2825=PRODUCT_DEFINITION_SHAPE('','',#2883);
#2826=PRODUCT_DEFINITION_SHAPE('','',#2884);
#2827=PRODUCT_DEFINITION_SHAPE('','',#2885);
#2828=PRODUCT_DEFINITION_SHAPE('','',#2886);
#2829=PRODUCT_DEFINITION_SHAPE('','',#2887);
#2830=PRODUCT_DEFINITION_SHAPE('','',#2888);
#2831=PRODUCT_DEFINITION_SHAPE('','',#2889);
#2832=PRODUCT_DEFINITION_SHAPE('','',#2890);
#2833=PRODUCT_DEFINITION_SHAPE('','',#2891);
#2834=PRODUCT_DEFINITION_SHAPE('','',#2892);
#2835=PRODUCT_DEFINITION_SHAPE('','',#2893);
#2836=PRODUCT_DEFINITION_SHAPE('','',#2894);
#2837=PRODUCT_DEFINITION_SHAPE('','',#2895);
#2838=PRODUCT_DEFINITION_SHAPE('','',#2896);
#2839=PRODUCT_DEFINITION_SHAPE('','',#2897);
#2840=PRODUCT_DEFINITION_SHAPE('','',#2898);
#2841=PRODUCT_DEFINITION_SHAPE('','',#2899);
#2842=PRODUCT_DEFINITION_SHAPE('','',#2900);
#2843=PRODUCT_DEFINITION_SHAPE('','',#2901);
#2844=PRODUCT_DEFINITION_SHAPE('','',#2902);
#2845=PRODUCT_DEFINITION_SHAPE('','',#2903);
#2846=PRODUCT_DEFINITION_SHAPE('','',#2904);
#2847=PRODUCT_DEFINITION_SHAPE('','',#2905);
#2848=PRODUCT_DEFINITION_SHAPE('','',#2906);
#2849=PRODUCT_DEFINITION_SHAPE('','',#2907);
#2850=PRODUCT_DEFINITION_SHAPE('','',#2908);
#2851=PRODUCT_DEFINITION_SHAPE('','',#2909);
#2852=PRODUCT_DEFINITION_SHAPE('','',#2910);
#2853=PRODUCT_DEFINITION_SHAPE('','',#2911);
#2854=PRODUCT_DEFINITION_SHAPE('','',#2912);
#2855=PRODUCT_DEFINITION('','',#2971,#2913);
#2856=PRODUCT_DEFINITION('','',#2972,#2914);
#2857=PRODUCT_DEFINITION('','',#2973,#2915);
#2858=PRODUCT_DEFINITION('','',#2974,#2916);
#2859=PRODUCT_DEFINITION('','',#2975,#2917);
#2860=PRODUCT_DEFINITION('','',#2976,#2918);
#2861=PRODUCT_DEFINITION('','',#2977,#2919);
#2862=PRODUCT_DEFINITION('','',#2978,#2920);
#2863=PRODUCT_DEFINITION('','',#2979,#2921);
#2864=PRODUCT_DEFINITION('','',#2980,#2922);
#2865=PRODUCT_DEFINITION('','',#2981,#2923);
#2866=PRODUCT_DEFINITION('','',#2982,#2924);
#2867=PRODUCT_DEFINITION('','',#2983,#2925);
#2868=PRODUCT_DEFINITION('','',#2984,#2926);
#2869=PRODUCT_DEFINITION('','',#2985,#2927);
#2870=PRODUCT_DEFINITION('','',#2986,#2928);
#2871=PRODUCT_DEFINITION('','',#2987,#2929);
#2872=PRODUCT_DEFINITION('','',#2988,#2930);
#2873=PRODUCT_DEFINITION('','',#2989,#2931);
#2874=PRODUCT_DEFINITION('','',#2990,#2932);
#2875=PRODUCT_DEFINITION('','',#2991,#2933);
#2876=PRODUCT_DEFINITION('','',#2992,#2934);
#2877=PRODUCT_DEFINITION('','',#2993,#2935);
#2878=PRODUCT_DEFINITION('','',#2994,#2936);
#2879=PRODUCT_DEFINITION('','',#2995,#2937);
#2880=PRODUCT_DEFINITION('','',#2996,#2938);
#2881=PRODUCT_DEFINITION('','',#2997,#2939);
#2882=PRODUCT_DEFINITION('','',#2998,#2940);
#2883=PRODUCT_DEFINITION('','',#2999,#2941);
#2884=PRODUCT_DEFINITION('','',#3000,#2942);
#2885=PRODUCT_DEFINITION('','',#3001,#2943);
#2886=PRODUCT_DEFINITION('','',#3002,#2944);
#2887=PRODUCT_DEFINITION('','',#3003,#2945);
#2888=PRODUCT_DEFINITION('','',#3004,#2946);
#2889=PRODUCT_DEFINITION('','',#3005,#2947);
#2890=PRODUCT_DEFINITION('','',#3006,#2948);
#2891=PRODUCT_DEFINITION('','',#3007,#2949);
#2892=PRODUCT_DEFINITION('','',#3008,#2950);
#2893=PRODUCT_DEFINITION('','',#3009,#2951);
#2894=PRODUCT_DEFINITION('','',#3010,#2952);
#2895=PRODUCT_DEFINITION('','',#3011,#2953);
#2896=PRODUCT_DEFINITION('','',#3012,#2954);
#2897=PRODUCT_DEFINITION('','',#3013,#2955);
#2898=PRODUCT_DEFINITION('','',#3014,#2956);
#2899=PRODUCT_DEFINITION('','',#3015,#2957);
#2900=PRODUCT_DEFINITION('','',#3016,#2958);
#2901=PRODUCT_DEFINITION('','',#3017,#2959);
#2902=PRODUCT_DEFINITION('','',#3018,#2960);
#2903=PRODUCT_DEFINITION('','',#3019,#2961);
#2904=PRODUCT_DEFINITION('','',#3020,#2962);
#2905=PRODUCT_DEFINITION('','',#3021,#2963);
#2906=PRODUCT_DEFINITION('','',#3022,#2964);
#2907=PRODUCT_DEFINITION('','',#3023,#2965);
#2908=PRODUCT_DEFINITION('','',#3024,#2966);
#2909=PRODUCT_DEFINITION('','',#3025,#2967);
#2910=PRODUCT_DEFINITION('','',#3026,#2968);
#2911=PRODUCT_DEFINITION('','',#3027,#2969);
#2912=PRODUCT_DEFINITION('','',#3028,#2970);
#2913=PRODUCT_DEFINITION_CONTEXT('',#3319,'design');
#2914=PRODUCT_DEFINITION_CONTEXT('',#3320,'design');
#2915=PRODUCT_DEFINITION_CONTEXT('',#3321,'design');
#2916=PRODUCT_DEFINITION_CONTEXT('',#3322,'design');
#2917=PRODUCT_DEFINITION_CONTEXT('',#3323,'design');
#2918=PRODUCT_DEFINITION_CONTEXT('',#3324,'design');
#2919=PRODUCT_DEFINITION_CONTEXT('',#3325,'design');
#2920=PRODUCT_DEFINITION_CONTEXT('',#3326,'design');
#2921=PRODUCT_DEFINITION_CONTEXT('',#3327,'design');
#2922=PRODUCT_DEFINITION_CONTEXT('',#3328,'design');
#2923=PRODUCT_DEFINITION_CONTEXT('',#3329,'design');
#2924=PRODUCT_DEFINITION_CONTEXT('',#3330,'design');
#2925=PRODUCT_DEFINITION_CONTEXT('',#3331,'design');
#2926=PRODUCT_DEFINITION_CONTEXT('',#3332,'design');
#2927=PRODUCT_DEFINITION_CONTEXT('',#3333,'design');
#2928=PRODUCT_DEFINITION_CONTEXT('',#3334,'design');
#2929=PRODUCT_DEFINITION_CONTEXT('',#3335,'design');
#2930=PRODUCT_DEFINITION_CONTEXT('',#3336,'design');
#2931=PRODUCT_DEFINITION_CONTEXT('',#3337,'design');
#2932=PRODUCT_DEFINITION_CONTEXT('',#3338,'design');
#2933=PRODUCT_DEFINITION_CONTEXT('',#3339,'design');
#2934=PRODUCT_DEFINITION_CONTEXT('',#3340,'design');
#2935=PRODUCT_DEFINITION_CONTEXT('',#3341,'design');
#2936=PRODUCT_DEFINITION_CONTEXT('',#3342,'design');
#2937=PRODUCT_DEFINITION_CONTEXT('',#3343,'design');
#2938=PRODUCT_DEFINITION_CONTEXT('',#3344,'design');
#2939=PRODUCT_DEFINITION_CONTEXT('',#3345,'design');
#2940=PRODUCT_DEFINITION_CONTEXT('',#3346,'design');
#2941=PRODUCT_DEFINITION_CONTEXT('',#3347,'design');
#2942=PRODUCT_DEFINITION_CONTEXT('',#3348,'design');
#2943=PRODUCT_DEFINITION_CONTEXT('',#3349,'design');
#2944=PRODUCT_DEFINITION_CONTEXT('',#3350,'design');
#2945=PRODUCT_DEFINITION_CONTEXT('',#3351,'design');
#2946=PRODUCT_DEFINITION_CONTEXT('',#3352,'design');
#2947=PRODUCT_DEFINITION_CONTEXT('',#3353,'design');
#2948=PRODUCT_DEFINITION_CONTEXT('',#3354,'design');
#2949=PRODUCT_DEFINITION_CONTEXT('',#3355,'design');
#2950=PRODUCT_DEFINITION_CONTEXT('',#3356,'design');
#2951=PRODUCT_DEFINITION_CONTEXT('',#3357,'design');
#2952=PRODUCT_DEFINITION_CONTEXT('',#3358,'design');
#2953=PRODUCT_DEFINITION_CONTEXT('',#3359,'design');
#2954=PRODUCT_DEFINITION_CONTEXT('',#3360,'design');
#2955=PRODUCT_DEFINITION_CONTEXT('',#3361,'design');
#2956=PRODUCT_DEFINITION_CONTEXT('',#3362,'design');
#2957=PRODUCT_DEFINITION_CONTEXT('',#3363,'design');
#2958=PRODUCT_DEFINITION_CONTEXT('',#3364,'design');
#2959=PRODUCT_DEFINITION_CONTEXT('',#3365,'design');
#2960=PRODUCT_DEFINITION_CONTEXT('',#3366,'design');
#2961=PRODUCT_DEFINITION_CONTEXT('',#3367,'design');
#2962=PRODUCT_DEFINITION_CONTEXT('',#3368,'design');
#2963=PRODUCT_DEFINITION_CONTEXT('',#3369,'design');
#2964=PRODUCT_DEFINITION_CONTEXT('',#3370,'design');
#2965=PRODUCT_DEFINITION_CONTEXT('',#3371,'design');
#2966=PRODUCT_DEFINITION_CONTEXT('',#3372,'design');
#2967=PRODUCT_DEFINITION_CONTEXT('',#3373,'design');
#2968=PRODUCT_DEFINITION_CONTEXT('',#3374,'design');
#2969=PRODUCT_DEFINITION_CONTEXT('',#3375,'design');
#2970=PRODUCT_DEFINITION_CONTEXT('',#3376,'design');
#2971=PRODUCT_DEFINITION_FORMATION_WITH_SPECIFIED_SOURCE('','',#3087,
 .NOT_KNOWN.);
#2972=PRODUCT_DEFINITION_FORMATION_WITH_SPECIFIED_SOURCE('','',#3088,
 .NOT_KNOWN.);
#2973=PRODUCT_DEFINITION_FORMATION_WITH_SPECIFIED_SOURCE('','',#3089,
 .NOT_KNOWN.);
#2974=PRODUCT_DEFINITION_FORMATION_WITH_SPECIFIED_SOURCE('','',#3090,
 .NOT_KNOWN.);
#2975=PRODUCT_DEFINITION_FORMATION_WITH_SPECIFIED_SOURCE('','',#3091,
 .NOT_KNOWN.);
#2976=PRODUCT_DEFINITION_FORMATION_WITH_SPECIFIED_SOURCE('','',#3092,
 .NOT_KNOWN.);
#2977=PRODUCT_DEFINITION_FORMATION_WITH_SPECIFIED_SOURCE('','',#3093,
 .NOT_KNOWN.);
#2978=PRODUCT_DEFINITION_FORMATION_WITH_SPECIFIED_SOURCE('','',#3094,
 .NOT_KNOWN.);
#2979=PRODUCT_DEFINITION_FORMATION_WITH_SPECIFIED_SOURCE('','',#3095,
 .NOT_KNOWN.);
#2980=PRODUCT_DEFINITION_FORMATION_WITH_SPECIFIED_SOURCE('','',#3096,
 .NOT_KNOWN.);
#2981=PRODUCT_DEFINITION_FORMATION_WITH_SPECIFIED_SOURCE('','',#3097,
 .NOT_KNOWN.);
#2982=PRODUCT_DEFINITION_FORMATION_WITH_SPECIFIED_SOURCE('','',#3098,
 .NOT_KNOWN.);
#2983=PRODUCT_DEFINITION_FORMATION_WITH_SPECIFIED_SOURCE('','',#3099,
 .NOT_KNOWN.);
#2984=PRODUCT_DEFINITION_FORMATION_WITH_SPECIFIED_SOURCE('','',#3100,
 .NOT_KNOWN.);
#2985=PRODUCT_DEFINITION_FORMATION_WITH_SPECIFIED_SOURCE('','',#3101,
 .NOT_KNOWN.);
#2986=PRODUCT_DEFINITION_FORMATION_WITH_SPECIFIED_SOURCE('','',#3102,
 .NOT_KNOWN.);
#2987=PRODUCT_DEFINITION_FORMATION_WITH_SPECIFIED_SOURCE('','',#3103,
 .NOT_KNOWN.);
#2988=PRODUCT_DEFINITION_FORMATION_WITH_SPECIFIED_SOURCE('','',#3104,
 .NOT_KNOWN.);
#2989=PRODUCT_DEFINITION_FORMATION_WITH_SPECIFIED_SOURCE('','',#3105,
 .NOT_KNOWN.);
#2990=PRODUCT_DEFINITION_FORMATION_WITH_SPECIFIED_SOURCE('','',#3106,
 .NOT_KNOWN.);
#2991=PRODUCT_DEFINITION_FORMATION_WITH_SPECIFIED_SOURCE('','',#3107,
 .NOT_KNOWN.);
#2992=PRODUCT_DEFINITION_FORMATION_WITH_SPECIFIED_SOURCE('','',#3108,
 .NOT_KNOWN.);
#2993=PRODUCT_DEFINITION_FORMATION_WITH_SPECIFIED_SOURCE('','',#3109,
 .NOT_KNOWN.);
#2994=PRODUCT_DEFINITION_FORMATION_WITH_SPECIFIED_SOURCE('','',#3110,
 .NOT_KNOWN.);
#2995=PRODUCT_DEFINITION_FORMATION_WITH_SPECIFIED_SOURCE('','',#3111,
 .NOT_KNOWN.);
#2996=PRODUCT_DEFINITION_FORMATION_WITH_SPECIFIED_SOURCE('','',#3112,
 .NOT_KNOWN.);
#2997=PRODUCT_DEFINITION_FORMATION_WITH_SPECIFIED_SOURCE('','',#3113,
 .NOT_KNOWN.);
#2998=PRODUCT_DEFINITION_FORMATION_WITH_SPECIFIED_SOURCE('','',#3114,
 .NOT_KNOWN.);
#2999=PRODUCT_DEFINITION_FORMATION_WITH_SPECIFIED_SOURCE('','',#3115,
 .NOT_KNOWN.);
#3000=PRODUCT_DEFINITION_FORMATION_WITH_SPECIFIED_SOURCE('','',#3116,
 .NOT_KNOWN.);
#3001=PRODUCT_DEFINITION_FORMATION_WITH_SPECIFIED_SOURCE('','',#3117,
 .NOT_KNOWN.);
#3002=PRODUCT_DEFINITION_FORMATION_WITH_SPECIFIED_SOURCE('','',#3118,
 .NOT_KNOWN.);
#3003=PRODUCT_DEFINITION_FORMATION_WITH_SPECIFIED_SOURCE('','',#3119,
 .NOT_KNOWN.);
#3004=PRODUCT_DEFINITION_FORMATION_WITH_SPECIFIED_SOURCE('','',#3120,
 .NOT_KNOWN.);
#3005=PRODUCT_DEFINITION_FORMATION_WITH_SPECIFIED_SOURCE('','',#3121,
 .NOT_KNOWN.);
#3006=PRODUCT_DEFINITION_FORMATION_WITH_SPECIFIED_SOURCE('','',#3122,
 .NOT_KNOWN.);
#3007=PRODUCT_DEFINITION_FORMATION_WITH_SPECIFIED_SOURCE('','',#3123,
 .NOT_KNOWN.);
#3008=PRODUCT_DEFINITION_FORMATION_WITH_SPECIFIED_SOURCE('','',#3124,
 .NOT_KNOWN.);
#3009=PRODUCT_DEFINITION_FORMATION_WITH_SPECIFIED_SOURCE('','',#3125,
 .NOT_KNOWN.);
#3010=PRODUCT_DEFINITION_FORMATION_WITH_SPECIFIED_SOURCE('','',#3126,
 .NOT_KNOWN.);
#3011=PRODUCT_DEFINITION_FORMATION_WITH_SPECIFIED_SOURCE('','',#3127,
 .NOT_KNOWN.);
#3012=PRODUCT_DEFINITION_FORMATION_WITH_SPECIFIED_SOURCE('','',#3128,
 .NOT_KNOWN.);
#3013=PRODUCT_DEFINITION_FORMATION_WITH_SPECIFIED_SOURCE('','',#3129,
 .NOT_KNOWN.);
#3014=PRODUCT_DEFINITION_FORMATION_WITH_SPECIFIED_SOURCE('','',#3130,
 .NOT_KNOWN.);
#3015=PRODUCT_DEFINITION_FORMATION_WITH_SPECIFIED_SOURCE('','',#3131,
 .NOT_KNOWN.);
#3016=PRODUCT_DEFINITION_FORMATION_WITH_SPECIFIED_SOURCE('','',#3132,
 .NOT_KNOWN.);
#3017=PRODUCT_DEFINITION_FORMATION_WITH_SPECIFIED_SOURCE('','',#3133,
 .NOT_KNOWN.);
#3018=PRODUCT_DEFINITION_FORMATION_WITH_SPECIFIED_SOURCE('','',#3134,
 .NOT_KNOWN.);
#3019=PRODUCT_DEFINITION_FORMATION_WITH_SPECIFIED_SOURCE('','',#3135,
 .NOT_KNOWN.);
#3020=PRODUCT_DEFINITION_FORMATION_WITH_SPECIFIED_SOURCE('','',#3136,
 .NOT_KNOWN.);
#3021=PRODUCT_DEFINITION_FORMATION_WITH_SPECIFIED_SOURCE('','',#3137,
 .NOT_KNOWN.);
#3022=PRODUCT_DEFINITION_FORMATION_WITH_SPECIFIED_SOURCE('','',#3138,
 .NOT_KNOWN.);
#3023=PRODUCT_DEFINITION_FORMATION_WITH_SPECIFIED_SOURCE('','',#3139,
 .NOT_KNOWN.);
#3024=PRODUCT_DEFINITION_FORMATION_WITH_SPECIFIED_SOURCE('','',#3140,
 .NOT_KNOWN.);
#3025=PRODUCT_DEFINITION_FORMATION_WITH_SPECIFIED_SOURCE('','',#3141,
 .NOT_KNOWN.);
#3026=PRODUCT_DEFINITION_FORMATION_WITH_SPECIFIED_SOURCE('','',#3142,
 .NOT_KNOWN.);
#3027=PRODUCT_DEFINITION_FORMATION_WITH_SPECIFIED_SOURCE('','',#3143,
 .NOT_KNOWN.);
#3028=PRODUCT_DEFINITION_FORMATION_WITH_SPECIFIED_SOURCE('','',#3144,
 .NOT_KNOWN.);
#3029=PRODUCT_RELATED_PRODUCT_CATEGORY('','',(#3087));
#3030=PRODUCT_RELATED_PRODUCT_CATEGORY('','',(#3088));
#3031=PRODUCT_RELATED_PRODUCT_CATEGORY('','',(#3089));
#3032=PRODUCT_RELATED_PRODUCT_CATEGORY('','',(#3090));
#3033=PRODUCT_RELATED_PRODUCT_CATEGORY('','',(#3091));
#3034=PRODUCT_RELATED_PRODUCT_CATEGORY('','',(#3092));
#3035=PRODUCT_RELATED_PRODUCT_CATEGORY('','',(#3093));
#3036=PRODUCT_RELATED_PRODUCT_CATEGORY('','',(#3094));
#3037=PRODUCT_RELATED_PRODUCT_CATEGORY('','',(#3095));
#3038=PRODUCT_RELATED_PRODUCT_CATEGORY('','',(#3096));
#3039=PRODUCT_RELATED_PRODUCT_CATEGORY('','',(#3097));
#3040=PRODUCT_RELATED_PRODUCT_CATEGORY('','',(#3098));
#3041=PRODUCT_RELATED_PRODUCT_CATEGORY('','',(#3099));
#3042=PRODUCT_RELATED_PRODUCT_CATEGORY('','',(#3100));
#3043=PRODUCT_RELATED_PRODUCT_CATEGORY('','',(#3101));
#3044=PRODUCT_RELATED_PRODUCT_CATEGORY('','',(#3102));
#3045=PRODUCT_RELATED_PRODUCT_CATEGORY('','',(#3103));
#3046=PRODUCT_RELATED_PRODUCT_CATEGORY('','',(#3104));
#3047=PRODUCT_RELATED_PRODUCT_CATEGORY('','',(#3105));
#3048=PRODUCT_RELATED_PRODUCT_CATEGORY('','',(#3106));
#3049=PRODUCT_RELATED_PRODUCT_CATEGORY('','',(#3107));
#3050=PRODUCT_RELATED_PRODUCT_CATEGORY('','',(#3108));
#3051=PRODUCT_RELATED_PRODUCT_CATEGORY('','',(#3109));
#3052=PRODUCT_RELATED_PRODUCT_CATEGORY('','',(#3110));
#3053=PRODUCT_RELATED_PRODUCT_CATEGORY('','',(#3111));
#3054=PRODUCT_RELATED_PRODUCT_CATEGORY('','',(#3112));
#3055=PRODUCT_RELATED_PRODUCT_CATEGORY('','',(#3113));
#3056=PRODUCT_RELATED_PRODUCT_CATEGORY('','',(#3114));
#3057=PRODUCT_RELATED_PRODUCT_CATEGORY('','',(#3115));
#3058=PRODUCT_RELATED_PRODUCT_CATEGORY('','',(#3116));
#3059=PRODUCT_RELATED_PRODUCT_CATEGORY('','',(#3117));
#3060=PRODUCT_RELATED_PRODUCT_CATEGORY('','',(#3118));
#3061=PRODUCT_RELATED_PRODUCT_CATEGORY('','',(#3119));
#3062=PRODUCT_RELATED_PRODUCT_CATEGORY('','',(#3120));
#3063=PRODUCT_RELATED_PRODUCT_CATEGORY('','',(#3121));
#3064=PRODUCT_RELATED_PRODUCT_CATEGORY('','',(#3122));
#3065=PRODUCT_RELATED_PRODUCT_CATEGORY('','',(#3123));
#3066=PRODUCT_RELATED_PRODUCT_CATEGORY('','',(#3124));
#3067=PRODUCT_RELATED_PRODUCT_CATEGORY('','',(#3125));
#3068=PRODUCT_RELATED_PRODUCT_CATEGORY('','',(#3126));
#3069=PRODUCT_RELATED_PRODUCT_CATEGORY('','',(#3127));
#3070=PRODUCT_RELATED_PRODUCT_CATEGORY('','',(#3128));
#3071=PRODUCT_RELATED_PRODUCT_CATEGORY('','',(#3129));
#3072=PRODUCT_RELATED_PRODUCT_CATEGORY('','',(#3130));
#3073=PRODUCT_RELATED_PRODUCT_CATEGORY('','',(#3131));
#3074=PRODUCT_RELATED_PRODUCT_CATEGORY('','',(#3132));
#3075=PRODUCT_RELATED_PRODUCT_CATEGORY('','',(#3133));
#3076=PRODUCT_RELATED_PRODUCT_CATEGORY('','',(#3134));
#3077=PRODUCT_RELATED_PRODUCT_CATEGORY('','',(#3135));
#3078=PRODUCT_RELATED_PRODUCT_CATEGORY('','',(#3136));
#3079=PRODUCT_RELATED_PRODUCT_CATEGORY('','',(#3137));
#3080=PRODUCT_RELATED_PRODUCT_CATEGORY('','',(#3138));
#3081=PRODUCT_RELATED_PRODUCT_CATEGORY('','',(#3139));
#3082=PRODUCT_RELATED_PRODUCT_CATEGORY('','',(#3140));
#3083=PRODUCT_RELATED_PRODUCT_CATEGORY('','',(#3141));
#3084=PRODUCT_RELATED_PRODUCT_CATEGORY('','',(#3142));
#3085=PRODUCT_RELATED_PRODUCT_CATEGORY('','',(#3143));
#3086=PRODUCT_RELATED_PRODUCT_CATEGORY('','',(#3144));
#3087=PRODUCT('id2','id2','id2',(#3203));
#3088=PRODUCT('id5','id5','id5',(#3204));
#3089=PRODUCT('id8','id8','id8',(#3205));
#3090=PRODUCT('Part 3','Part 3','Part 3',(#3206));
#3091=PRODUCT('Part 2','Part 2','Part 2',(#3207));
#3092=PRODUCT('id17','id17','id17',(#3208));
#3093=PRODUCT('id20','id20','id20',(#3209));
#3094=PRODUCT('id23','id23','id23',(#3210));
#3095=PRODUCT('id26','id26','id26',(#3211));
#3096=PRODUCT('id29','id29','id29',(#3212));
#3097=PRODUCT('id32','id32','id32',(#3213));
#3098=PRODUCT('id35','id35','id35',(#3214));
#3099=PRODUCT('id38','id38','id38',(#3215));
#3100=PRODUCT('id41','id41','id41',(#3216));
#3101=PRODUCT('id44','id44','id44',(#3217));
#3102=PRODUCT('id47','id47','id47',(#3218));
#3103=PRODUCT('id50','id50','id50',(#3219));
#3104=PRODUCT('id53','id53','id53',(#3220));
#3105=PRODUCT('id56','id56','id56',(#3221));
#3106=PRODUCT('id59','id59','id59',(#3222));
#3107=PRODUCT('id62','id62','id62',(#3223));
#3108=PRODUCT('id65','id65','id65',(#3224));
#3109=PRODUCT('id68','id68','id68',(#3225));
#3110=PRODUCT('id71','id71','id71',(#3226));
#3111=PRODUCT('id74','id74','id74',(#3227));
#3112=PRODUCT('id77','id77','id77',(#3228));
#3113=PRODUCT('id80','id80','id80',(#3229));
#3114=PRODUCT('id83','id83','id83',(#3230));
#3115=PRODUCT('id86','id86','id86',(#3231));
#3116=PRODUCT('id89','id89','id89',(#3232));
#3117=PRODUCT('id92','id92','id92',(#3233));
#3118=PRODUCT('id95','id95','id95',(#3234));
#3119=PRODUCT('id98','id98','id98',(#3235));
#3120=PRODUCT('id101','id101','id101',(#3236));
#3121=PRODUCT('id104','id104','id104',(#3237));
#3122=PRODUCT('id107','id107','id107',(#3238));
#3123=PRODUCT('id110','id110','id110',(#3239));
#3124=PRODUCT('id113','id113','id113',(#3240));
#3125=PRODUCT('id116','id116','id116',(#3241));
#3126=PRODUCT('id119','id119','id119',(#3242));
#3127=PRODUCT('id122','id122','id122',(#3243));
#3128=PRODUCT('id125','id125','id125',(#3244));
#3129=PRODUCT('id128','id128','id128',(#3245));
#3130=PRODUCT('id131','id131','id131',(#3246));
#3131=PRODUCT('id134','id134','id134',(#3247));
#3132=PRODUCT('id137','id137','id137',(#3248));
#3133=PRODUCT('id140','id140','id140',(#3249));
#3134=PRODUCT('id143','id143','id143',(#3250));
#3135=PRODUCT('id146','id146','id146',(#3251));
#3136=PRODUCT('id149','id149','id149',(#3252));
#3137=PRODUCT('id152','id152','id152',(#3253));
#3138=PRODUCT('id155','id155','id155',(#3254));
#3139=PRODUCT('id158','id158','id158',(#3255));
#3140=PRODUCT('id161','id161','id161',(#3256));
#3141=PRODUCT('id164','id164','id164',(#3257));
#3142=PRODUCT('id167','id167','id167',(#3258));
#3143=PRODUCT('id170','id170','id170',(#3259));
#3144=PRODUCT('Part 1','Part 1','Part 1',(#3260));
#3145=PRODUCT_CATEGORY('','');
#3146=PRODUCT_CATEGORY('','');
#3147=PRODUCT_CATEGORY('','');
#3148=PRODUCT_CATEGORY('','');
#3149=PRODUCT_CATEGORY('','');
#3150=PRODUCT_CATEGORY('','');
#3151=PRODUCT_CATEGORY('','');
#3152=PRODUCT_CATEGORY('','');
#3153=PRODUCT_CATEGORY('','');
#3154=PRODUCT_CATEGORY('','');
#3155=PRODUCT_CATEGORY('','');
#3156=PRODUCT_CATEGORY('','');
#3157=PRODUCT_CATEGORY('','');
#3158=PRODUCT_CATEGORY('','');
#3159=PRODUCT_CATEGORY('','');
#3160=PRODUCT_CATEGORY('','');
#3161=PRODUCT_CATEGORY('','');
#3162=PRODUCT_CATEGORY('','');
#3163=PRODUCT_CATEGORY('','');
#3164=PRODUCT_CATEGORY('','');
#3165=PRODUCT_CATEGORY('','');
#3166=PRODUCT_CATEGORY('','');
#3167=PRODUCT_CATEGORY('','');
#3168=PRODUCT_CATEGORY('','');
#3169=PRODUCT_CATEGORY('','');
#3170=PRODUCT_CATEGORY('','');
#3171=PRODUCT_CATEGORY('','');
#3172=PRODUCT_CATEGORY('','');
#3173=PRODUCT_CATEGORY('','');
#3174=PRODUCT_CATEGORY('','');
#3175=PRODUCT_CATEGORY('','');
#3176=PRODUCT_CATEGORY('','');
#3177=PRODUCT_CATEGORY('','');
#3178=PRODUCT_CATEGORY('','');
#3179=PRODUCT_CATEGORY('','');
#3180=PRODUCT_CATEGORY('','');
#3181=PRODUCT_CATEGORY('','');
#3182=PRODUCT_CATEGORY('','');
#3183=PRODUCT_CATEGORY('','');
#3184=PRODUCT_CATEGORY('','');
#3185=PRODUCT_CATEGORY('','');
#3186=PRODUCT_CATEGORY('','');
#3187=PRODUCT_CATEGORY('','');
#3188=PRODUCT_CATEGORY('','');
#3189=PRODUCT_CATEGORY('','');
#3190=PRODUCT_CATEGORY('','');
#3191=PRODUCT_CATEGORY('','');
#3192=PRODUCT_CATEGORY('','');
#3193=PRODUCT_CATEGORY('','');
#3194=PRODUCT_CATEGORY('','');
#3195=PRODUCT_CATEGORY('','');
#3196=PRODUCT_CATEGORY('','');
#3197=PRODUCT_CATEGORY('','');
#3198=PRODUCT_CATEGORY('','');
#3199=PRODUCT_CATEGORY('','');
#3200=PRODUCT_CATEGORY('','');
#3201=PRODUCT_CATEGORY('','');
#3202=PRODUCT_CATEGORY('','');
#3203=PRODUCT_CONTEXT('',#3319,'mechanical');
#3204=PRODUCT_CONTEXT('',#3320,'mechanical');
#3205=PRODUCT_CONTEXT('',#3321,'mechanical');
#3206=PRODUCT_CONTEXT('',#3322,'mechanical');
#3207=PRODUCT_CONTEXT('',#3323,'mechanical');
#3208=PRODUCT_CONTEXT('',#3324,'mechanical');
#3209=PRODUCT_CONTEXT('',#3325,'mechanical');
#3210=PRODUCT_CONTEXT('',#3326,'mechanical');
#3211=PRODUCT_CONTEXT('',#3327,'mechanical');
#3212=PRODUCT_CONTEXT('',#3328,'mechanical');
#3213=PRODUCT_CONTEXT('',#3329,'mechanical');
#3214=PRODUCT_CONTEXT('',#3330,'mechanical');
#3215=PRODUCT_CONTEXT('',#3331,'mechanical');
#3216=PRODUCT_CONTEXT('',#3332,'mechanical');
#3217=PRODUCT_CONTEXT('',#3333,'mechanical');
#3218=PRODUCT_CONTEXT('',#3334,'mechanical');
#3219=PRODUCT_CONTEXT('',#3335,'mechanical');
#3220=PRODUCT_CONTEXT('',#3336,'mechanical');
#3221=PRODUCT_CONTEXT('',#3337,'mechanical');
#3222=PRODUCT_CONTEXT('',#3338,'mechanical');
#3223=PRODUCT_CONTEXT('',#3339,'mechanical');
#3224=PRODUCT_CONTEXT('',#3340,'mechanical');
#3225=PRODUCT_CONTEXT('',#3341,'mechanical');
#3226=PRODUCT_CONTEXT('',#3342,'mechanical');
#3227=PRODUCT_CONTEXT('',#3343,'mechanical');
#3228=PRODUCT_CONTEXT('',#3344,'mechanical');
#3229=PRODUCT_CONTEXT('',#3345,'mechanical');
#3230=PRODUCT_CONTEXT('',#3346,'mechanical');
#3231=PRODUCT_CONTEXT('',#3347,'mechanical');
#3232=PRODUCT_CONTEXT('',#3348,'mechanical');
#3233=PRODUCT_CONTEXT('',#3349,'mechanical');
#3234=PRODUCT_CONTEXT('',#3350,'mechanical');
#3235=PRODUCT_CONTEXT('',#3351,'mechanical');
#3236=PRODUCT_CONTEXT('',#3352,'mechanical');
#3237=PRODUCT_CONTEXT('',#3353,'mechanical');
#3238=PRODUCT_CONTEXT('',#3354,'mechanical');
#3239=PRODUCT_CONTEXT('',#3355,'mechanical');
#3240=PRODUCT_CONTEXT('',#3356,'mechanical');
#3241=PRODUCT_CONTEXT('',#3357,'mechanical');
#3242=PRODUCT_CONTEXT('',#3358,'mechanical');
#3243=PRODUCT_CONTEXT('',#3359,'mechanical');
#3244=PRODUCT_CONTEXT('',#3360,'mechanical');
#3245=PRODUCT_CONTEXT('',#3361,'mechanical');
#3246=PRODUCT_CONTEXT('',#3362,'mechanical');
#3247=PRODUCT_CONTEXT('',#3363,'mechanical');
#3248=PRODUCT_CONTEXT('',#3364,'mechanical');
#3249=PRODUCT_CONTEXT('',#3365,'mechanical');
#3250=PRODUCT_CONTEXT('',#3366,'mechanical');
#3251=PRODUCT_CONTEXT('',#3367,'mechanical');
#3252=PRODUCT_CONTEXT('',#3368,'mechanical');
#3253=PRODUCT_CONTEXT('',#3369,'mechanical');
#3254=PRODUCT_CONTEXT('',#3370,'mechanical');
#3255=PRODUCT_CONTEXT('',#3371,'mechanical');
#3256=PRODUCT_CONTEXT('',#3372,'mechanical');
#3257=PRODUCT_CONTEXT('',#3373,'mechanical');
#3258=PRODUCT_CONTEXT('',#3374,'mechanical');
#3259=PRODUCT_CONTEXT('',#3375,'mechanical');
#3260=PRODUCT_CONTEXT('',#3376,'mechanical');
#3261=APPLICATION_PROTOCOL_DEFINITION('international standard',
'ap242_managed_model_based_3d_engineering',2020,#3319);
#3262=APPLICATION_PROTOCOL_DEFINITION('international standard',
'ap242_managed_model_based_3d_engineering',2020,#3320);
#3263=APPLICATION_PROTOCOL_DEFINITION('international standard',
'ap242_managed_model_based_3d_engineering',2020,#3321);
#3264=APPLICATION_PROTOCOL_DEFINITION('international standard',
'ap242_managed_model_based_3d_engineering',2020,#3322);
#3265=APPLICATION_PROTOCOL_DEFINITION('international standard',
'ap242_managed_model_based_3d_engineering',2020,#3323);
#3266=APPLICATION_PROTOCOL_DEFINITION('international standard',
'ap242_managed_model_based_3d_engineering',2020,#3324);
#3267=APPLICATION_PROTOCOL_DEFINITION('international standard',
'ap242_managed_model_based_3d_engineering',2020,#3325);
#3268=APPLICATION_PROTOCOL_DEFINITION('international standard',
'ap242_managed_model_based_3d_engineering',2020,#3326);
#3269=APPLICATION_PROTOCOL_DEFINITION('international standard',
'ap242_managed_model_based_3d_engineering',2020,#3327);
#3270=APPLICATION_PROTOCOL_DEFINITION('international standard',
'ap242_managed_model_based_3d_engineering',2020,#3328);
#3271=APPLICATION_PROTOCOL_DEFINITION('international standard',
'ap242_managed_model_based_3d_engineering',2020,#3329);
#3272=APPLICATION_PROTOCOL_DEFINITION('international standard',
'ap242_managed_model_based_3d_engineering',2020,#3330);
#3273=APPLICATION_PROTOCOL_DEFINITION('international standard',
'ap242_managed_model_based_3d_engineering',2020,#3331);
#3274=APPLICATION_PROTOCOL_DEFINITION('international standard',
'ap242_managed_model_based_3d_engineering',2020,#3332);
#3275=APPLICATION_PROTOCOL_DEFINITION('international standard',
'ap242_managed_model_based_3d_engineering',2020,#3333);
#3276=APPLICATION_PROTOCOL_DEFINITION('international standard',
'ap242_managed_model_based_3d_engineering',2020,#3334);
#3277=APPLICATION_PROTOCOL_DEFINITION('international standard',
'ap242_managed_model_based_3d_engineering',2020,#3335);
#3278=APPLICATION_PROTOCOL_DEFINITION('international standard',
'ap242_managed_model_based_3d_engineering',2020,#3336);
#3279=APPLICATION_PROTOCOL_DEFINITION('international standard',
'ap242_managed_model_based_3d_engineering',2020,#3337);
#3280=APPLICATION_PROTOCOL_DEFINITION('international standard',
'ap242_managed_model_based_3d_engineering',2020,#3338);
#3281=APPLICATION_PROTOCOL_DEFINITION('international standard',
'ap242_managed_model_based_3d_engineering',2020,#3339);
#3282=APPLICATION_PROTOCOL_DEFINITION('international standard',
'ap242_managed_model_based_3d_engineering',2020,#3340);
#3283=APPLICATION_PROTOCOL_DEFINITION('international standard',
'ap242_managed_model_based_3d_engineering',2020,#3341);
#3284=APPLICATION_PROTOCOL_DEFINITION('international standard',
'ap242_managed_model_based_3d_engineering',2020,#3342);
#3285=APPLICATION_PROTOCOL_DEFINITION('international standard',
'ap242_managed_model_based_3d_engineering',2020,#3343);
#3286=APPLICATION_PROTOCOL_DEFINITION('international standard',
'ap242_managed_model_based_3d_engineering',2020,#3344);
#3287=APPLICATION_PROTOCOL_DEFINITION('international standard',
'ap242_managed_model_based_3d_engineering',2020,#3345);
#3288=APPLICATION_PROTOCOL_DEFINITION('international standard',
'ap242_managed_model_based_3d_engineering',2020,#3346);
#3289=APPLICATION_PROTOCOL_DEFINITION('international standard',
'ap242_managed_model_based_3d_engineering',2020,#3347);
#3290=APPLICATION_PROTOCOL_DEFINITION('international standard',
'ap242_managed_model_based_3d_engineering',2020,#3348);
#3291=APPLICATION_PROTOCOL_DEFINITION('international standard',
'ap242_managed_model_based_3d_engineering',2020,#3349);
#3292=APPLICATION_PROTOCOL_DEFINITION('international standard',
'ap242_managed_model_based_3d_engineering',2020,#3350);
#3293=APPLICATION_PROTOCOL_DEFINITION('international standard',
'ap242_managed_model_based_3d_engineering',2020,#3351);
#3294=APPLICATION_PROTOCOL_DEFINITION('international standard',
'ap242_managed_model_based_3d_engineering',2020,#3352);
#3295=APPLICATION_PROTOCOL_DEFINITION('international standard',
'ap242_managed_model_based_3d_engineering',2020,#3353);
#3296=APPLICATION_PROTOCOL_DEFINITION('international standard',
'ap242_managed_model_based_3d_engineering',2020,#3354);
#3297=APPLICATION_PROTOCOL_DEFINITION('international standard',
'ap242_managed_model_based_3d_engineering',2020,#3355);
#3298=APPLICATION_PROTOCOL_DEFINITION('international standard',
'ap242_managed_model_based_3d_engineering',2020,#3356);
#3299=APPLICATION_PROTOCOL_DEFINITION('international standard',
'ap242_managed_model_based_3d_engineering',2020,#3357);
#3300=APPLICATION_PROTOCOL_DEFINITION('international standard',
'ap242_managed_model_based_3d_engineering',2020,#3358);
#3301=APPLICATION_PROTOCOL_DEFINITION('international standard',
'ap242_managed_model_based_3d_engineering',2020,#3359);
#3302=APPLICATION_PROTOCOL_DEFINITION('international standard',
'ap242_managed_model_based_3d_engineering',2020,#3360);
#3303=APPLICATION_PROTOCOL_DEFINITION('international standard',
'ap242_managed_model_based_3d_engineering',2020,#3361);
#3304=APPLICATION_PROTOCOL_DEFINITION('international standard',
'ap242_managed_model_based_3d_engineering',2020,#3362);
#3305=APPLICATION_PROTOCOL_DEFINITION('international standard',
'ap242_managed_model_based_3d_engineering',2020,#3363);
#3306=APPLICATION_PROTOCOL_DEFINITION('international standard',
'ap242_managed_model_based_3d_engineering',2020,#3364);
#3307=APPLICATION_PROTOCOL_DEFINITION('international standard',
'ap242_managed_model_based_3d_engineering',2020,#3365);
#3308=APPLICATION_PROTOCOL_DEFINITION('international standard',
'ap242_managed_model_based_3d_engineering',2020,#3366);
#3309=APPLICATION_PROTOCOL_DEFINITION('international standard',
'ap242_managed_model_based_3d_engineering',2020,#3367);
#3310=APPLICATION_PROTOCOL_DEFINITION('international standard',
'ap242_managed_model_based_3d_engineering',2020,#3368);
#3311=APPLICATION_PROTOCOL_DEFINITION('international standard',
'ap242_managed_model_based_3d_engineering',2020,#3369);
#3312=APPLICATION_PROTOCOL_DEFINITION('international standard',
'ap242_managed_model_based_3d_engineering',2020,#3370);
#3313=APPLICATION_PROTOCOL_DEFINITION('international standard',
'ap242_managed_model_based_3d_engineering',2020,#3371);
#3314=APPLICATION_PROTOCOL_DEFINITION('international standard',
'ap242_managed_model_based_3d_engineering',2020,#3372);
#3315=APPLICATION_PROTOCOL_DEFINITION('international standard',
'ap242_managed_model_based_3d_engineering',2020,#3373);
#3316=APPLICATION_PROTOCOL_DEFINITION('international standard',
'ap242_managed_model_based_3d_engineering',2020,#3374);
#3317=APPLICATION_PROTOCOL_DEFINITION('international standard',
'ap242_managed_model_based_3d_engineering',2020,#3375);
#3318=APPLICATION_PROTOCOL_DEFINITION('international standard',
'ap242_managed_model_based_3d_engineering',2020,#3376);
#3319=APPLICATION_CONTEXT('managed model based 3d engineering');
#3320=APPLICATION_CONTEXT('managed model based 3d engineering');
#3321=APPLICATION_CONTEXT('managed model based 3d engineering');
#3322=APPLICATION_CONTEXT('managed model based 3d engineering');
#3323=APPLICATION_CONTEXT('managed model based 3d engineering');
#3324=APPLICATION_CONTEXT('managed model based 3d engineering');
#3325=APPLICATION_CONTEXT('managed model based 3d engineering');
#3326=APPLICATION_CONTEXT('managed model based 3d engineering');
#3327=APPLICATION_CONTEXT('managed model based 3d engineering');
#3328=APPLICATION_CONTEXT('managed model based 3d engineering');
#3329=APPLICATION_CONTEXT('managed model based 3d engineering');
#3330=APPLICATION_CONTEXT('managed model based 3d engineering');
#3331=APPLICATION_CONTEXT('managed model based 3d engineering');
#3332=APPLICATION_CONTEXT('managed model based 3d engineering');
#3333=APPLICATION_CONTEXT('managed model based 3d engineering');
#3334=APPLICATION_CONTEXT('managed model based 3d engineering');
#3335=APPLICATION_CONTEXT('managed model based 3d engineering');
#3336=APPLICATION_CONTEXT('managed model based 3d engineering');
#3337=APPLICATION_CONTEXT('managed model based 3d engineering');
#3338=APPLICATION_CONTEXT('managed model based 3d engineering');
#3339=APPLICATION_CONTEXT('managed model based 3d engineering');
#3340=APPLICATION_CONTEXT('managed model based 3d engineering');
#3341=APPLICATION_CONTEXT('managed model based 3d engineering');
#3342=APPLICATION_CONTEXT('managed model based 3d engineering');
#3343=APPLICATION_CONTEXT('managed model based 3d engineering');
#3344=APPLICATION_CONTEXT('managed model based 3d engineering');
#3345=APPLICATION_CONTEXT('managed model based 3d engineering');
#3346=APPLICATION_CONTEXT('managed model based 3d engineering');
#3347=APPLICATION_CONTEXT('managed model based 3d engineering');
#3348=APPLICATION_CONTEXT('managed model based 3d engineering');
#3349=APPLICATION_CONTEXT('managed model based 3d engineering');
#3350=APPLICATION_CONTEXT('managed model based 3d engineering');
#3351=APPLICATION_CONTEXT('managed model based 3d engineering');
#3352=APPLICATION_CONTEXT('managed model based 3d engineering');
#3353=APPLICATION_CONTEXT('managed model based 3d engineering');
#3354=APPLICATION_CONTEXT('managed model based 3d engineering');
#3355=APPLICATION_CONTEXT('managed model based 3d engineering');
#3356=APPLICATION_CONTEXT('managed model based 3d engineering');
#3357=APPLICATION_CONTEXT('managed model based 3d engineering');
#3358=APPLICATION_CONTEXT('managed model based 3d engineering');
#3359=APPLICATION_CONTEXT('managed model based 3d engineering');
#3360=APPLICATION_CONTEXT('managed model based 3d engineering');
#3361=APPLICATION_CONTEXT('managed model based 3d engineering');
#3362=APPLICATION_CONTEXT('managed model based 3d engineering');
#3363=APPLICATION_CONTEXT('managed model based 3d engineering');
#3364=APPLICATION_CONTEXT('managed model based 3d engineering');
#3365=APPLICATION_CONTEXT('managed model based 3d engineering');
#3366=APPLICATION_CONTEXT('managed model based 3d engineering');
#3367=APPLICATION_CONTEXT('managed model based 3d engineering');
#3368=APPLICATION_CONTEXT('managed model based 3d engineering');
#3369=APPLICATION_CONTEXT('managed model based 3d engineering');
#3370=APPLICATION_CONTEXT('managed model based 3d engineering');
#3371=APPLICATION_CONTEXT('managed model based 3d engineering');
#3372=APPLICATION_CONTEXT('managed model based 3d engineering');
#3373=APPLICATION_CONTEXT('managed model based 3d engineering');
#3374=APPLICATION_CONTEXT('managed model based 3d engineering');
#3375=APPLICATION_CONTEXT('managed model based 3d engineering');
#3376=APPLICATION_CONTEXT('managed model based 3d engineering');
ENDSEC;
END-ISO-10303-21;
