ISO-10303-21;
HEADER;
/* Generated by software containing ST-Developer
 * from STEP Tools, Inc. (www.steptools.com) 
 */
/* OPTION: using custom renumber hook */

FILE_DESCRIPTION(
/* description */ ('STEP AP242 Edition 2',
'CAx-IF Rec.Pracs.---Representation and Presentation of Product Manufa
cturing Information (PMI)---4.0---2014-10-13',
'CAx-IF Rec.Pracs.---3D Tessellated Geometry---0.4---2014-09-14','2;1',
'CAx-IF Rec.Pracs.---User Defined Attributes---1.5---2016-08-15'),
/* implementation_level */ '2;1');

FILE_NAME(
/* name */ 'thermosensor + mount',
/* time_stamp */ '2026-02-01T16:55:36Z',
/* author */ (''),
/* organization */ (''),
/* preprocessor_version */ 'ST-DEVELOPER v20',
/* originating_system */ 'ONSHAPE BY PTC INC, 1.210',
/* authorisation */ '  ');

FILE_SCHEMA (('AP242_MANAGED_MODEL_BASED_3D_ENGINEERING_MIM_LF { 1 0 10303 442 3 1 4 }'));
ENDSEC;

DATA;
#10=ADVANCED_BREP_SHAPE_REPRESENTATION('',(#889),#1570);
#11=ADVANCED_BREP_SHAPE_REPRESENTATION('',(#890),#1571);
#12=LINE('',#1318,#108);
#13=LINE('',#1321,#109);
#14=LINE('',#1323,#110);
#15=LINE('',#1325,#111);
#16=LINE('',#1327,#112);
#17=LINE('',#1330,#113);
#18=LINE('',#1332,#114);
#19=LINE('',#1334,#115);
#20=LINE('',#1335,#116);
#21=LINE('',#1338,#117);
#22=LINE('',#1340,#118);
#23=LINE('',#1342,#119);
#24=LINE('',#1343,#120);
#25=LINE('',#1345,#121);
#26=LINE('',#1347,#122);
#27=LINE('',#1349,#123);
#28=LINE('',#1351,#124);
#29=LINE('',#1353,#125);
#30=LINE('',#1354,#126);
#31=LINE('',#1357,#127);
#32=LINE('',#1359,#128);
#33=LINE('',#1361,#129);
#34=LINE('',#1363,#130);
#35=LINE('',#1364,#131);
#36=LINE('',#1366,#132);
#37=LINE('',#1367,#133);
#38=LINE('',#1369,#134);
#39=LINE('',#1371,#135);
#40=LINE('',#1373,#136);
#41=LINE('',#1375,#137);
#42=LINE('',#1376,#138);
#43=LINE('',#1378,#139);
#44=LINE('',#1380,#140);
#45=LINE('',#1382,#141);
#46=LINE('',#1384,#142);
#47=LINE('',#1386,#143);
#48=LINE('',#1388,#144);
#49=LINE('',#1390,#145);
#50=LINE('',#1391,#146);
#51=LINE('',#1392,#147);
#52=LINE('',#1394,#148);
#53=LINE('',#1396,#149);
#54=LINE('',#1398,#150);
#55=LINE('',#1401,#151);
#56=LINE('',#1403,#152);
#57=LINE('',#1410,#153);
#58=LINE('',#1412,#154);
#59=LINE('',#1424,#155);
#60=LINE('',#1438,#156);
#61=LINE('',#1441,#157);
#62=LINE('',#1443,#158);
#63=LINE('',#1445,#159);
#64=LINE('',#1447,#160);
#65=LINE('',#1450,#161);
#66=LINE('',#1452,#162);
#67=LINE('',#1454,#163);
#68=LINE('',#1455,#164);
#69=LINE('',#1458,#165);
#70=LINE('',#1460,#166);
#71=LINE('',#1462,#167);
#72=LINE('',#1463,#168);
#73=LINE('',#1465,#169);
#74=LINE('',#1467,#170);
#75=LINE('',#1469,#171);
#76=LINE('',#1471,#172);
#77=LINE('',#1473,#173);
#78=LINE('',#1474,#174);
#79=LINE('',#1477,#175);
#80=LINE('',#1479,#176);
#81=LINE('',#1481,#177);
#82=LINE('',#1483,#178);
#83=LINE('',#1484,#179);
#84=LINE('',#1486,#180);
#85=LINE('',#1487,#181);
#86=LINE('',#1489,#182);
#87=LINE('',#1491,#183);
#88=LINE('',#1493,#184);
#89=LINE('',#1495,#185);
#90=LINE('',#1496,#186);
#91=LINE('',#1498,#187);
#92=LINE('',#1500,#188);
#93=LINE('',#1502,#189);
#94=LINE('',#1504,#190);
#95=LINE('',#1506,#191);
#96=LINE('',#1508,#192);
#97=LINE('',#1510,#193);
#98=LINE('',#1511,#194);
#99=LINE('',#1512,#195);
#100=LINE('',#1514,#196);
#101=LINE('',#1516,#197);
#102=LINE('',#1518,#198);
#103=LINE('',#1521,#199);
#104=LINE('',#1523,#200);
#105=LINE('',#1530,#201);
#106=LINE('',#1532,#202);
#107=LINE('',#1544,#203);
#108=VECTOR('',#1087,100.);
#109=VECTOR('',#1088,100.);
#110=VECTOR('',#1089,100.);
#111=VECTOR('',#1090,100.);
#112=VECTOR('',#1093,100.);
#113=VECTOR('',#1094,100.);
#114=VECTOR('',#1095,100.);
#115=VECTOR('',#1096,100.);
#116=VECTOR('',#1097,100.);
#117=VECTOR('',#1098,100.);
#118=VECTOR('',#1099,100.);
#119=VECTOR('',#1100,100.);
#120=VECTOR('',#1101,100.);
#121=VECTOR('',#1102,100.);
#122=VECTOR('',#1103,100.);
#123=VECTOR('',#1106,100.);
#124=VECTOR('',#1107,100.);
#125=VECTOR('',#1108,100.);
#126=VECTOR('',#1109,100.);
#127=VECTOR('',#1110,100.);
#128=VECTOR('',#1111,100.);
#129=VECTOR('',#1112,100.);
#130=VECTOR('',#1115,100.);
#131=VECTOR('',#1116,100.);
#132=VECTOR('',#1119,100.);
#133=VECTOR('',#1120,100.);
#134=VECTOR('',#1121,100.);
#135=VECTOR('',#1122,100.);
#136=VECTOR('',#1123,100.);
#137=VECTOR('',#1124,100.);
#138=VECTOR('',#1125,100.);
#139=VECTOR('',#1126,100.);
#140=VECTOR('',#1127,100.);
#141=VECTOR('',#1130,100.);
#142=VECTOR('',#1131,100.);
#143=VECTOR('',#1132,100.);
#144=VECTOR('',#1133,100.);
#145=VECTOR('',#1134,100.);
#146=VECTOR('',#1135,100.);
#147=VECTOR('',#1136,100.);
#148=VECTOR('',#1137,100.);
#149=VECTOR('',#1138,100.);
#150=VECTOR('',#1141,100.);
#151=VECTOR('',#1146,100.);
#152=VECTOR('',#1149,100.);
#153=VECTOR('',#1158,100.);
#154=VECTOR('',#1161,100.);
#155=VECTOR('',#1180,100.);
#156=VECTOR('',#1199,100.);
#157=VECTOR('',#1200,100.);
#158=VECTOR('',#1201,100.);
#159=VECTOR('',#1202,100.);
#160=VECTOR('',#1205,100.);
#161=VECTOR('',#1206,100.);
#162=VECTOR('',#1207,100.);
#163=VECTOR('',#1208,100.);
#164=VECTOR('',#1209,100.);
#165=VECTOR('',#1210,100.);
#166=VECTOR('',#1211,100.);
#167=VECTOR('',#1212,100.);
#168=VECTOR('',#1213,100.);
#169=VECTOR('',#1214,100.);
#170=VECTOR('',#1215,100.);
#171=VECTOR('',#1218,100.);
#172=VECTOR('',#1219,100.);
#173=VECTOR('',#1220,100.);
#174=VECTOR('',#1221,100.);
#175=VECTOR('',#1222,100.);
#176=VECTOR('',#1223,100.);
#177=VECTOR('',#1224,100.);
#178=VECTOR('',#1227,100.);
#179=VECTOR('',#1228,100.);
#180=VECTOR('',#1231,100.);
#181=VECTOR('',#1232,100.);
#182=VECTOR('',#1233,100.);
#183=VECTOR('',#1234,100.);
#184=VECTOR('',#1235,100.);
#185=VECTOR('',#1236,100.);
#186=VECTOR('',#1237,100.);
#187=VECTOR('',#1238,100.);
#188=VECTOR('',#1239,100.);
#189=VECTOR('',#1242,100.);
#190=VECTOR('',#1243,100.);
#191=VECTOR('',#1244,100.);
#192=VECTOR('',#1245,100.);
#193=VECTOR('',#1246,100.);
#194=VECTOR('',#1247,100.);
#195=VECTOR('',#1248,100.);
#196=VECTOR('',#1249,100.);
#197=VECTOR('',#1250,100.);
#198=VECTOR('',#1253,100.);
#199=VECTOR('',#1258,100.);
#200=VECTOR('',#1261,100.);
#201=VECTOR('',#1270,100.);
#202=VECTOR('',#1273,100.);
#203=VECTOR('',#1292,100.);
#204=PLANE('',#992);
#205=PLANE('',#993);
#206=PLANE('',#994);
#207=PLANE('',#995);
#208=PLANE('',#996);
#209=PLANE('',#997);
#210=PLANE('',#998);
#211=PLANE('',#999);
#212=PLANE('',#1000);
#213=PLANE('',#1001);
#214=PLANE('',#1002);
#215=PLANE('',#1003);
#216=PLANE('',#1006);
#217=PLANE('',#1009);
#218=PLANE('',#1012);
#219=PLANE('',#1013);
#220=PLANE('',#1014);
#221=PLANE('',#1015);
#222=PLANE('',#1016);
#223=PLANE('',#1024);
#224=PLANE('',#1025);
#225=PLANE('',#1026);
#226=PLANE('',#1027);
#227=PLANE('',#1028);
#228=PLANE('',#1029);
#229=PLANE('',#1030);
#230=PLANE('',#1031);
#231=PLANE('',#1032);
#232=PLANE('',#1033);
#233=PLANE('',#1034);
#234=PLANE('',#1035);
#235=PLANE('',#1038);
#236=PLANE('',#1041);
#237=PLANE('',#1044);
#238=PLANE('',#1045);
#239=PLANE('',#1046);
#240=PLANE('',#1047);
#241=PLANE('',#1048);
#242=ORIENTED_EDGE('',*,*,#466,.T.);
#243=ORIENTED_EDGE('',*,*,#467,.F.);
#244=ORIENTED_EDGE('',*,*,#468,.T.);
#245=ORIENTED_EDGE('',*,*,#469,.F.);
#246=ORIENTED_EDGE('',*,*,#470,.F.);
#247=ORIENTED_EDGE('',*,*,#471,.T.);
#248=ORIENTED_EDGE('',*,*,#472,.T.);
#249=ORIENTED_EDGE('',*,*,#473,.F.);
#250=ORIENTED_EDGE('',*,*,#474,.F.);
#251=ORIENTED_EDGE('',*,*,#475,.T.);
#252=ORIENTED_EDGE('',*,*,#476,.T.);
#253=ORIENTED_EDGE('',*,*,#477,.F.);
#254=ORIENTED_EDGE('',*,*,#478,.T.);
#255=ORIENTED_EDGE('',*,*,#479,.T.);
#256=ORIENTED_EDGE('',*,*,#480,.T.);
#257=ORIENTED_EDGE('',*,*,#481,.F.);
#258=ORIENTED_EDGE('',*,*,#471,.F.);
#259=ORIENTED_EDGE('',*,*,#482,.T.);
#260=ORIENTED_EDGE('',*,*,#483,.T.);
#261=ORIENTED_EDGE('',*,*,#484,.F.);
#262=ORIENTED_EDGE('',*,*,#485,.F.);
#263=ORIENTED_EDGE('',*,*,#473,.T.);
#264=ORIENTED_EDGE('',*,*,#486,.T.);
#265=ORIENTED_EDGE('',*,*,#487,.F.);
#266=ORIENTED_EDGE('',*,*,#488,.T.);
#267=ORIENTED_EDGE('',*,*,#489,.T.);
#268=ORIENTED_EDGE('',*,*,#490,.F.);
#269=ORIENTED_EDGE('',*,*,#491,.F.);
#270=ORIENTED_EDGE('',*,*,#483,.F.);
#271=ORIENTED_EDGE('',*,*,#492,.T.);
#272=ORIENTED_EDGE('',*,*,#487,.T.);
#273=ORIENTED_EDGE('',*,*,#493,.F.);
#274=ORIENTED_EDGE('',*,*,#494,.T.);
#275=ORIENTED_EDGE('',*,*,#489,.F.);
#276=ORIENTED_EDGE('',*,*,#495,.F.);
#277=ORIENTED_EDGE('',*,*,#496,.F.);
#278=ORIENTED_EDGE('',*,*,#497,.F.);
#279=ORIENTED_EDGE('',*,*,#498,.T.);
#280=ORIENTED_EDGE('',*,*,#499,.T.);
#281=ORIENTED_EDGE('',*,*,#474,.T.);
#282=ORIENTED_EDGE('',*,*,#500,.T.);
#283=ORIENTED_EDGE('',*,*,#501,.F.);
#284=ORIENTED_EDGE('',*,*,#502,.F.);
#285=ORIENTED_EDGE('',*,*,#481,.T.);
#286=ORIENTED_EDGE('',*,*,#476,.F.);
#287=ORIENTED_EDGE('',*,*,#503,.F.);
#288=ORIENTED_EDGE('',*,*,#504,.T.);
#289=ORIENTED_EDGE('',*,*,#505,.T.);
#290=ORIENTED_EDGE('',*,*,#506,.T.);
#291=ORIENTED_EDGE('',*,*,#507,.T.);
#292=ORIENTED_EDGE('',*,*,#491,.T.);
#293=ORIENTED_EDGE('',*,*,#508,.F.);
#294=ORIENTED_EDGE('',*,*,#479,.F.);
#295=ORIENTED_EDGE('',*,*,#509,.T.);
#296=ORIENTED_EDGE('',*,*,#510,.T.);
#297=ORIENTED_EDGE('',*,*,#511,.F.);
#298=ORIENTED_EDGE('',*,*,#512,.F.);
#299=ORIENTED_EDGE('',*,*,#495,.T.);
#300=ORIENTED_EDGE('',*,*,#488,.F.);
#301=ORIENTED_EDGE('',*,*,#507,.F.);
#302=ORIENTED_EDGE('',*,*,#508,.T.);
#303=ORIENTED_EDGE('',*,*,#490,.T.);
#304=ORIENTED_EDGE('',*,*,#494,.F.);
#305=ORIENTED_EDGE('',*,*,#480,.F.);
#306=ORIENTED_EDGE('',*,*,#500,.F.);
#307=ORIENTED_EDGE('',*,*,#477,.T.);
#308=ORIENTED_EDGE('',*,*,#511,.T.);
#309=ORIENTED_EDGE('',*,*,#513,.F.);
#310=ORIENTED_EDGE('',*,*,#478,.F.);
#311=ORIENTED_EDGE('',*,*,#502,.T.);
#312=ORIENTED_EDGE('',*,*,#514,.T.);
#313=ORIENTED_EDGE('',*,*,#509,.F.);
#314=ORIENTED_EDGE('',*,*,#514,.F.);
#315=ORIENTED_EDGE('',*,*,#501,.T.);
#316=ORIENTED_EDGE('',*,*,#513,.T.);
#317=ORIENTED_EDGE('',*,*,#510,.F.);
#318=ORIENTED_EDGE('',*,*,#515,.F.);
#319=ORIENTED_EDGE('',*,*,#516,.F.);
#320=ORIENTED_EDGE('',*,*,#517,.F.);
#321=ORIENTED_EDGE('',*,*,#496,.T.);
#322=ORIENTED_EDGE('',*,*,#512,.T.);
#323=ORIENTED_EDGE('',*,*,#506,.F.);
#324=ORIENTED_EDGE('',*,*,#518,.F.);
#325=ORIENTED_EDGE('',*,*,#497,.T.);
#326=ORIENTED_EDGE('',*,*,#517,.T.);
#327=ORIENTED_EDGE('',*,*,#505,.F.);
#328=ORIENTED_EDGE('',*,*,#519,.F.);
#329=ORIENTED_EDGE('',*,*,#516,.T.);
#330=ORIENTED_EDGE('',*,*,#468,.F.);
#331=ORIENTED_EDGE('',*,*,#519,.T.);
#332=ORIENTED_EDGE('',*,*,#520,.F.);
#333=ORIENTED_EDGE('',*,*,#515,.T.);
#334=ORIENTED_EDGE('',*,*,#466,.F.);
#335=ORIENTED_EDGE('',*,*,#520,.T.);
#336=ORIENTED_EDGE('',*,*,#484,.T.);
#337=ORIENTED_EDGE('',*,*,#493,.T.);
#338=ORIENTED_EDGE('',*,*,#486,.F.);
#339=ORIENTED_EDGE('',*,*,#472,.F.);
#340=ORIENTED_EDGE('',*,*,#492,.F.);
#341=ORIENTED_EDGE('',*,*,#482,.F.);
#342=ORIENTED_EDGE('',*,*,#470,.T.);
#343=ORIENTED_EDGE('',*,*,#485,.T.);
#344=ORIENTED_EDGE('',*,*,#475,.F.);
#345=ORIENTED_EDGE('',*,*,#499,.F.);
#346=ORIENTED_EDGE('',*,*,#521,.T.);
#347=ORIENTED_EDGE('',*,*,#503,.T.);
#348=ORIENTED_EDGE('',*,*,#498,.F.);
#349=ORIENTED_EDGE('',*,*,#518,.T.);
#350=ORIENTED_EDGE('',*,*,#504,.F.);
#351=ORIENTED_EDGE('',*,*,#521,.F.);
#352=ORIENTED_EDGE('',*,*,#467,.T.);
#353=ORIENTED_EDGE('',*,*,#469,.T.);
#354=ORIENTED_EDGE('',*,*,#522,.T.);
#355=ORIENTED_EDGE('',*,*,#523,.F.);
#356=ORIENTED_EDGE('',*,*,#524,.T.);
#357=ORIENTED_EDGE('',*,*,#525,.F.);
#358=ORIENTED_EDGE('',*,*,#526,.F.);
#359=ORIENTED_EDGE('',*,*,#527,.T.);
#360=ORIENTED_EDGE('',*,*,#528,.T.);
#361=ORIENTED_EDGE('',*,*,#529,.F.);
#362=ORIENTED_EDGE('',*,*,#530,.F.);
#363=ORIENTED_EDGE('',*,*,#531,.T.);
#364=ORIENTED_EDGE('',*,*,#532,.T.);
#365=ORIENTED_EDGE('',*,*,#533,.F.);
#366=ORIENTED_EDGE('',*,*,#534,.T.);
#367=ORIENTED_EDGE('',*,*,#535,.T.);
#368=ORIENTED_EDGE('',*,*,#536,.T.);
#369=ORIENTED_EDGE('',*,*,#537,.F.);
#370=ORIENTED_EDGE('',*,*,#527,.F.);
#371=ORIENTED_EDGE('',*,*,#538,.T.);
#372=ORIENTED_EDGE('',*,*,#539,.T.);
#373=ORIENTED_EDGE('',*,*,#540,.F.);
#374=ORIENTED_EDGE('',*,*,#541,.F.);
#375=ORIENTED_EDGE('',*,*,#529,.T.);
#376=ORIENTED_EDGE('',*,*,#542,.T.);
#377=ORIENTED_EDGE('',*,*,#543,.F.);
#378=ORIENTED_EDGE('',*,*,#544,.T.);
#379=ORIENTED_EDGE('',*,*,#545,.T.);
#380=ORIENTED_EDGE('',*,*,#546,.F.);
#381=ORIENTED_EDGE('',*,*,#547,.F.);
#382=ORIENTED_EDGE('',*,*,#539,.F.);
#383=ORIENTED_EDGE('',*,*,#548,.T.);
#384=ORIENTED_EDGE('',*,*,#543,.T.);
#385=ORIENTED_EDGE('',*,*,#549,.F.);
#386=ORIENTED_EDGE('',*,*,#550,.T.);
#387=ORIENTED_EDGE('',*,*,#545,.F.);
#388=ORIENTED_EDGE('',*,*,#551,.F.);
#389=ORIENTED_EDGE('',*,*,#552,.F.);
#390=ORIENTED_EDGE('',*,*,#553,.F.);
#391=ORIENTED_EDGE('',*,*,#554,.T.);
#392=ORIENTED_EDGE('',*,*,#555,.T.);
#393=ORIENTED_EDGE('',*,*,#530,.T.);
#394=ORIENTED_EDGE('',*,*,#556,.T.);
#395=ORIENTED_EDGE('',*,*,#557,.F.);
#396=ORIENTED_EDGE('',*,*,#558,.F.);
#397=ORIENTED_EDGE('',*,*,#537,.T.);
#398=ORIENTED_EDGE('',*,*,#532,.F.);
#399=ORIENTED_EDGE('',*,*,#559,.F.);
#400=ORIENTED_EDGE('',*,*,#560,.T.);
#401=ORIENTED_EDGE('',*,*,#561,.T.);
#402=ORIENTED_EDGE('',*,*,#562,.T.);
#403=ORIENTED_EDGE('',*,*,#563,.T.);
#404=ORIENTED_EDGE('',*,*,#547,.T.);
#405=ORIENTED_EDGE('',*,*,#564,.F.);
#406=ORIENTED_EDGE('',*,*,#535,.F.);
#407=ORIENTED_EDGE('',*,*,#565,.T.);
#408=ORIENTED_EDGE('',*,*,#566,.T.);
#409=ORIENTED_EDGE('',*,*,#567,.F.);
#410=ORIENTED_EDGE('',*,*,#568,.F.);
#411=ORIENTED_EDGE('',*,*,#551,.T.);
#412=ORIENTED_EDGE('',*,*,#544,.F.);
#413=ORIENTED_EDGE('',*,*,#563,.F.);
#414=ORIENTED_EDGE('',*,*,#564,.T.);
#415=ORIENTED_EDGE('',*,*,#546,.T.);
#416=ORIENTED_EDGE('',*,*,#550,.F.);
#417=ORIENTED_EDGE('',*,*,#536,.F.);
#418=ORIENTED_EDGE('',*,*,#556,.F.);
#419=ORIENTED_EDGE('',*,*,#533,.T.);
#420=ORIENTED_EDGE('',*,*,#567,.T.);
#421=ORIENTED_EDGE('',*,*,#569,.F.);
#422=ORIENTED_EDGE('',*,*,#534,.F.);
#423=ORIENTED_EDGE('',*,*,#558,.T.);
#424=ORIENTED_EDGE('',*,*,#570,.T.);
#425=ORIENTED_EDGE('',*,*,#565,.F.);
#426=ORIENTED_EDGE('',*,*,#570,.F.);
#427=ORIENTED_EDGE('',*,*,#557,.T.);
#428=ORIENTED_EDGE('',*,*,#569,.T.);
#429=ORIENTED_EDGE('',*,*,#566,.F.);
#430=ORIENTED_EDGE('',*,*,#571,.F.);
#431=ORIENTED_EDGE('',*,*,#572,.F.);
#432=ORIENTED_EDGE('',*,*,#573,.F.);
#433=ORIENTED_EDGE('',*,*,#552,.T.);
#434=ORIENTED_EDGE('',*,*,#568,.T.);
#435=ORIENTED_EDGE('',*,*,#562,.F.);
#436=ORIENTED_EDGE('',*,*,#574,.F.);
#437=ORIENTED_EDGE('',*,*,#553,.T.);
#438=ORIENTED_EDGE('',*,*,#573,.T.);
#439=ORIENTED_EDGE('',*,*,#561,.F.);
#440=ORIENTED_EDGE('',*,*,#575,.F.);
#441=ORIENTED_EDGE('',*,*,#572,.T.);
#442=ORIENTED_EDGE('',*,*,#524,.F.);
#443=ORIENTED_EDGE('',*,*,#575,.T.);
#444=ORIENTED_EDGE('',*,*,#576,.F.);
#445=ORIENTED_EDGE('',*,*,#571,.T.);
#446=ORIENTED_EDGE('',*,*,#522,.F.);
#447=ORIENTED_EDGE('',*,*,#576,.T.);
#448=ORIENTED_EDGE('',*,*,#540,.T.);
#449=ORIENTED_EDGE('',*,*,#549,.T.);
#450=ORIENTED_EDGE('',*,*,#542,.F.);
#451=ORIENTED_EDGE('',*,*,#528,.F.);
#452=ORIENTED_EDGE('',*,*,#548,.F.);
#453=ORIENTED_EDGE('',*,*,#538,.F.);
#454=ORIENTED_EDGE('',*,*,#526,.T.);
#455=ORIENTED_EDGE('',*,*,#541,.T.);
#456=ORIENTED_EDGE('',*,*,#531,.F.);
#457=ORIENTED_EDGE('',*,*,#555,.F.);
#458=ORIENTED_EDGE('',*,*,#577,.T.);
#459=ORIENTED_EDGE('',*,*,#559,.T.);
#460=ORIENTED_EDGE('',*,*,#554,.F.);
#461=ORIENTED_EDGE('',*,*,#574,.T.);
#462=ORIENTED_EDGE('',*,*,#560,.F.);
#463=ORIENTED_EDGE('',*,*,#577,.F.);
#464=ORIENTED_EDGE('',*,*,#523,.T.);
#465=ORIENTED_EDGE('',*,*,#525,.T.);
#466=EDGE_CURVE('',#578,#578,#658,.T.);
#467=EDGE_CURVE('',#579,#579,#659,.T.);
#468=EDGE_CURVE('',#580,#580,#660,.T.);
#469=EDGE_CURVE('',#581,#581,#661,.T.);
#470=EDGE_CURVE('',#582,#583,#12,.T.);
#471=EDGE_CURVE('',#582,#584,#13,.T.);
#472=EDGE_CURVE('',#584,#585,#14,.T.);
#473=EDGE_CURVE('',#583,#585,#15,.T.);
#474=EDGE_CURVE('',#586,#587,#16,.T.);
#475=EDGE_CURVE('',#586,#588,#17,.T.);
#476=EDGE_CURVE('',#588,#589,#18,.T.);
#477=EDGE_CURVE('',#587,#589,#19,.T.);
#478=EDGE_CURVE('',#590,#591,#20,.T.);
#479=EDGE_CURVE('',#591,#592,#21,.T.);
#480=EDGE_CURVE('',#592,#593,#22,.T.);
#481=EDGE_CURVE('',#590,#593,#23,.T.);
#482=EDGE_CURVE('',#582,#594,#24,.T.);
#483=EDGE_CURVE('',#594,#595,#25,.T.);
#484=EDGE_CURVE('',#584,#595,#26,.T.);
#485=EDGE_CURVE('',#583,#596,#27,.T.);
#486=EDGE_CURVE('',#585,#597,#28,.T.);
#487=EDGE_CURVE('',#596,#597,#29,.T.);
#488=EDGE_CURVE('',#598,#599,#30,.T.);
#489=EDGE_CURVE('',#599,#600,#31,.T.);
#490=EDGE_CURVE('',#601,#600,#32,.T.);
#491=EDGE_CURVE('',#598,#601,#33,.T.);
#492=EDGE_CURVE('',#594,#596,#34,.T.);
#493=EDGE_CURVE('',#595,#597,#35,.T.);
#494=EDGE_CURVE('',#593,#600,#36,.T.);
#495=EDGE_CURVE('',#602,#599,#37,.T.);
#496=EDGE_CURVE('',#603,#602,#38,.T.);
#497=EDGE_CURVE('',#604,#603,#39,.T.);
#498=EDGE_CURVE('',#604,#605,#40,.T.);
#499=EDGE_CURVE('',#605,#586,#41,.T.);
#500=EDGE_CURVE('',#587,#606,#42,.T.);
#501=EDGE_CURVE('',#607,#606,#43,.T.);
#502=EDGE_CURVE('',#590,#607,#44,.T.);
#503=EDGE_CURVE('',#608,#588,#45,.T.);
#504=EDGE_CURVE('',#608,#609,#46,.T.);
#505=EDGE_CURVE('',#609,#610,#47,.T.);
#506=EDGE_CURVE('',#610,#611,#48,.T.);
#507=EDGE_CURVE('',#611,#598,#49,.T.);
#508=EDGE_CURVE('',#592,#601,#50,.T.);
#509=EDGE_CURVE('',#591,#612,#51,.T.);
#510=EDGE_CURVE('',#612,#613,#52,.T.);
#511=EDGE_CURVE('',#589,#613,#53,.T.);
#512=EDGE_CURVE('',#602,#611,#54,.T.);
#513=EDGE_CURVE('',#606,#613,#55,.T.);
#514=EDGE_CURVE('',#607,#612,#56,.T.);
#515=EDGE_CURVE('',#614,#614,#662,.T.);
#516=EDGE_CURVE('',#615,#615,#663,.T.);
#517=EDGE_CURVE('',#603,#610,#57,.T.);
#518=EDGE_CURVE('',#604,#609,#58,.T.);
#519=EDGE_CURVE('',#616,#616,#664,.T.);
#520=EDGE_CURVE('',#617,#617,#665,.T.);
#521=EDGE_CURVE('',#605,#608,#59,.T.);
#522=EDGE_CURVE('',#618,#618,#666,.T.);
#523=EDGE_CURVE('',#619,#619,#667,.T.);
#524=EDGE_CURVE('',#620,#620,#668,.T.);
#525=EDGE_CURVE('',#621,#621,#669,.T.);
#526=EDGE_CURVE('',#622,#623,#60,.T.);
#527=EDGE_CURVE('',#622,#624,#61,.T.);
#528=EDGE_CURVE('',#624,#625,#62,.T.);
#529=EDGE_CURVE('',#623,#625,#63,.T.);
#530=EDGE_CURVE('',#626,#627,#64,.T.);
#531=EDGE_CURVE('',#626,#628,#65,.T.);
#532=EDGE_CURVE('',#628,#629,#66,.T.);
#533=EDGE_CURVE('',#627,#629,#67,.T.);
#534=EDGE_CURVE('',#630,#631,#68,.T.);
#535=EDGE_CURVE('',#631,#632,#69,.T.);
#536=EDGE_CURVE('',#632,#633,#70,.T.);
#537=EDGE_CURVE('',#630,#633,#71,.T.);
#538=EDGE_CURVE('',#622,#634,#72,.T.);
#539=EDGE_CURVE('',#634,#635,#73,.T.);
#540=EDGE_CURVE('',#624,#635,#74,.T.);
#541=EDGE_CURVE('',#623,#636,#75,.T.);
#542=EDGE_CURVE('',#625,#637,#76,.T.);
#543=EDGE_CURVE('',#636,#637,#77,.T.);
#544=EDGE_CURVE('',#638,#639,#78,.T.);
#545=EDGE_CURVE('',#639,#640,#79,.T.);
#546=EDGE_CURVE('',#641,#640,#80,.T.);
#547=EDGE_CURVE('',#638,#641,#81,.T.);
#548=EDGE_CURVE('',#634,#636,#82,.T.);
#549=EDGE_CURVE('',#635,#637,#83,.T.);
#550=EDGE_CURVE('',#633,#640,#84,.T.);
#551=EDGE_CURVE('',#642,#639,#85,.T.);
#552=EDGE_CURVE('',#643,#642,#86,.T.);
#553=EDGE_CURVE('',#644,#643,#87,.T.);
#554=EDGE_CURVE('',#644,#645,#88,.T.);
#555=EDGE_CURVE('',#645,#626,#89,.T.);
#556=EDGE_CURVE('',#627,#646,#90,.T.);
#557=EDGE_CURVE('',#647,#646,#91,.T.);
#558=EDGE_CURVE('',#630,#647,#92,.T.);
#559=EDGE_CURVE('',#648,#628,#93,.T.);
#560=EDGE_CURVE('',#648,#649,#94,.T.);
#561=EDGE_CURVE('',#649,#650,#95,.T.);
#562=EDGE_CURVE('',#650,#651,#96,.T.);
#563=EDGE_CURVE('',#651,#638,#97,.T.);
#564=EDGE_CURVE('',#632,#641,#98,.T.);
#565=EDGE_CURVE('',#631,#652,#99,.T.);
#566=EDGE_CURVE('',#652,#653,#100,.T.);
#567=EDGE_CURVE('',#629,#653,#101,.T.);
#568=EDGE_CURVE('',#642,#651,#102,.T.);
#569=EDGE_CURVE('',#646,#653,#103,.T.);
#570=EDGE_CURVE('',#647,#652,#104,.T.);
#571=EDGE_CURVE('',#654,#654,#670,.T.);
#572=EDGE_CURVE('',#655,#655,#671,.T.);
#573=EDGE_CURVE('',#643,#650,#105,.T.);
#574=EDGE_CURVE('',#644,#649,#106,.T.);
#575=EDGE_CURVE('',#656,#656,#672,.T.);
#576=EDGE_CURVE('',#657,#657,#673,.T.);
#577=EDGE_CURVE('',#645,#648,#107,.T.);
#578=VERTEX_POINT('',#1309);
#579=VERTEX_POINT('',#1311);
#580=VERTEX_POINT('',#1314);
#581=VERTEX_POINT('',#1316);
#582=VERTEX_POINT('',#1319);
#583=VERTEX_POINT('',#1320);
#584=VERTEX_POINT('',#1322);
#585=VERTEX_POINT('',#1324);
#586=VERTEX_POINT('',#1328);
#587=VERTEX_POINT('',#1329);
#588=VERTEX_POINT('',#1331);
#589=VERTEX_POINT('',#1333);
#590=VERTEX_POINT('',#1336);
#591=VERTEX_POINT('',#1337);
#592=VERTEX_POINT('',#1339);
#593=VERTEX_POINT('',#1341);
#594=VERTEX_POINT('',#1344);
#595=VERTEX_POINT('',#1346);
#596=VERTEX_POINT('',#1350);
#597=VERTEX_POINT('',#1352);
#598=VERTEX_POINT('',#1355);
#599=VERTEX_POINT('',#1356);
#600=VERTEX_POINT('',#1358);
#601=VERTEX_POINT('',#1360);
#602=VERTEX_POINT('',#1368);
#603=VERTEX_POINT('',#1370);
#604=VERTEX_POINT('',#1372);
#605=VERTEX_POINT('',#1374);
#606=VERTEX_POINT('',#1377);
#607=VERTEX_POINT('',#1379);
#608=VERTEX_POINT('',#1383);
#609=VERTEX_POINT('',#1385);
#610=VERTEX_POINT('',#1387);
#611=VERTEX_POINT('',#1389);
#612=VERTEX_POINT('',#1393);
#613=VERTEX_POINT('',#1395);
#614=VERTEX_POINT('',#1407);
#615=VERTEX_POINT('',#1409);
#616=VERTEX_POINT('',#1415);
#617=VERTEX_POINT('',#1419);
#618=VERTEX_POINT('',#1429);
#619=VERTEX_POINT('',#1431);
#620=VERTEX_POINT('',#1434);
#621=VERTEX_POINT('',#1436);
#622=VERTEX_POINT('',#1439);
#623=VERTEX_POINT('',#1440);
#624=VERTEX_POINT('',#1442);
#625=VERTEX_POINT('',#1444);
#626=VERTEX_POINT('',#1448);
#627=VERTEX_POINT('',#1449);
#628=VERTEX_POINT('',#1451);
#629=VERTEX_POINT('',#1453);
#630=VERTEX_POINT('',#1456);
#631=VERTEX_POINT('',#1457);
#632=VERTEX_POINT('',#1459);
#633=VERTEX_POINT('',#1461);
#634=VERTEX_POINT('',#1464);
#635=VERTEX_POINT('',#1466);
#636=VERTEX_POINT('',#1470);
#637=VERTEX_POINT('',#1472);
#638=VERTEX_POINT('',#1475);
#639=VERTEX_POINT('',#1476);
#640=VERTEX_POINT('',#1478);
#641=VERTEX_POINT('',#1480);
#642=VERTEX_POINT('',#1488);
#643=VERTEX_POINT('',#1490);
#644=VERTEX_POINT('',#1492);
#645=VERTEX_POINT('',#1494);
#646=VERTEX_POINT('',#1497);
#647=VERTEX_POINT('',#1499);
#648=VERTEX_POINT('',#1503);
#649=VERTEX_POINT('',#1505);
#650=VERTEX_POINT('',#1507);
#651=VERTEX_POINT('',#1509);
#652=VERTEX_POINT('',#1513);
#653=VERTEX_POINT('',#1515);
#654=VERTEX_POINT('',#1527);
#655=VERTEX_POINT('',#1529);
#656=VERTEX_POINT('',#1535);
#657=VERTEX_POINT('',#1539);
#658=CIRCLE('',#987,0.0570873517330921);
#659=CIRCLE('',#988,0.0570873517330921);
#660=CIRCLE('',#990,0.0560468005667607);
#661=CIRCLE('',#991,0.0560468005667607);
#662=CIRCLE('',#1004,0.135076388188229);
#663=CIRCLE('',#1005,0.13557335772452);
#664=CIRCLE('',#1008,0.13557335772452);
#665=CIRCLE('',#1011,0.135076388188229);
#666=CIRCLE('',#1019,0.0570873517330921);
#667=CIRCLE('',#1020,0.0570873517330921);
#668=CIRCLE('',#1022,0.0560468005667607);
#669=CIRCLE('',#1023,0.0560468005667607);
#670=CIRCLE('',#1036,0.135076388188229);
#671=CIRCLE('',#1037,0.13557335772452);
#672=CIRCLE('',#1040,0.13557335772452);
#673=CIRCLE('',#1043,0.135076388188229);
#674=EDGE_LOOP('',(#242));
#675=EDGE_LOOP('',(#243));
#676=EDGE_LOOP('',(#244));
#677=EDGE_LOOP('',(#245));
#678=EDGE_LOOP('',(#246,#247,#248,#249));
#679=EDGE_LOOP('',(#250,#251,#252,#253));
#680=EDGE_LOOP('',(#254,#255,#256,#257));
#681=EDGE_LOOP('',(#258,#259,#260,#261));
#682=EDGE_LOOP('',(#262,#263,#264,#265));
#683=EDGE_LOOP('',(#266,#267,#268,#269));
#684=EDGE_LOOP('',(#270,#271,#272,#273));
#685=EDGE_LOOP('',(#274,#275,#276,#277,#278,#279,#280,#281,#282,#283,#284,
#285));
#686=EDGE_LOOP('',(#286,#287,#288,#289,#290,#291,#292,#293,#294,#295,#296,
#297));
#687=EDGE_LOOP('',(#298,#299,#300,#301));
#688=EDGE_LOOP('',(#302,#303,#304,#305));
#689=EDGE_LOOP('',(#306,#307,#308,#309));
#690=EDGE_LOOP('',(#310,#311,#312,#313));
#691=EDGE_LOOP('',(#314,#315,#316,#317));
#692=EDGE_LOOP('',(#318));
#693=EDGE_LOOP('',(#319));
#694=EDGE_LOOP('',(#320,#321,#322,#323));
#695=EDGE_LOOP('',(#324,#325,#326,#327));
#696=EDGE_LOOP('',(#328));
#697=EDGE_LOOP('',(#329));
#698=EDGE_LOOP('',(#330));
#699=EDGE_LOOP('',(#331));
#700=EDGE_LOOP('',(#332));
#701=EDGE_LOOP('',(#333));
#702=EDGE_LOOP('',(#334));
#703=EDGE_LOOP('',(#335));
#704=EDGE_LOOP('',(#336,#337,#338,#339));
#705=EDGE_LOOP('',(#340,#341,#342,#343));
#706=EDGE_LOOP('',(#344,#345,#346,#347));
#707=EDGE_LOOP('',(#348,#349,#350,#351));
#708=EDGE_LOOP('',(#352));
#709=EDGE_LOOP('',(#353));
#710=EDGE_LOOP('',(#354));
#711=EDGE_LOOP('',(#355));
#712=EDGE_LOOP('',(#356));
#713=EDGE_LOOP('',(#357));
#714=EDGE_LOOP('',(#358,#359,#360,#361));
#715=EDGE_LOOP('',(#362,#363,#364,#365));
#716=EDGE_LOOP('',(#366,#367,#368,#369));
#717=EDGE_LOOP('',(#370,#371,#372,#373));
#718=EDGE_LOOP('',(#374,#375,#376,#377));
#719=EDGE_LOOP('',(#378,#379,#380,#381));
#720=EDGE_LOOP('',(#382,#383,#384,#385));
#721=EDGE_LOOP('',(#386,#387,#388,#389,#390,#391,#392,#393,#394,#395,#396,
#397));
#722=EDGE_LOOP('',(#398,#399,#400,#401,#402,#403,#404,#405,#406,#407,#408,
#409));
#723=EDGE_LOOP('',(#410,#411,#412,#413));
#724=EDGE_LOOP('',(#414,#415,#416,#417));
#725=EDGE_LOOP('',(#418,#419,#420,#421));
#726=EDGE_LOOP('',(#422,#423,#424,#425));
#727=EDGE_LOOP('',(#426,#427,#428,#429));
#728=EDGE_LOOP('',(#430));
#729=EDGE_LOOP('',(#431));
#730=EDGE_LOOP('',(#432,#433,#434,#435));
#731=EDGE_LOOP('',(#436,#437,#438,#439));
#732=EDGE_LOOP('',(#440));
#733=EDGE_LOOP('',(#441));
#734=EDGE_LOOP('',(#442));
#735=EDGE_LOOP('',(#443));
#736=EDGE_LOOP('',(#444));
#737=EDGE_LOOP('',(#445));
#738=EDGE_LOOP('',(#446));
#739=EDGE_LOOP('',(#447));
#740=EDGE_LOOP('',(#448,#449,#450,#451));
#741=EDGE_LOOP('',(#452,#453,#454,#455));
#742=EDGE_LOOP('',(#456,#457,#458,#459));
#743=EDGE_LOOP('',(#460,#461,#462,#463));
#744=EDGE_LOOP('',(#464));
#745=EDGE_LOOP('',(#465));
#746=FACE_BOUND('',#674,.T.);
#747=FACE_BOUND('',#675,.T.);
#748=FACE_BOUND('',#676,.T.);
#749=FACE_BOUND('',#677,.T.);
#750=FACE_BOUND('',#678,.T.);
#751=FACE_BOUND('',#679,.T.);
#752=FACE_BOUND('',#680,.T.);
#753=FACE_BOUND('',#681,.T.);
#754=FACE_BOUND('',#682,.T.);
#755=FACE_BOUND('',#683,.T.);
#756=FACE_BOUND('',#684,.T.);
#757=FACE_BOUND('',#685,.T.);
#758=FACE_BOUND('',#686,.T.);
#759=FACE_BOUND('',#687,.T.);
#760=FACE_BOUND('',#688,.T.);
#761=FACE_BOUND('',#689,.T.);
#762=FACE_BOUND('',#690,.T.);
#763=FACE_BOUND('',#691,.T.);
#764=FACE_BOUND('',#692,.T.);
#765=FACE_BOUND('',#693,.T.);
#766=FACE_BOUND('',#694,.T.);
#767=FACE_BOUND('',#695,.T.);
#768=FACE_BOUND('',#696,.T.);
#769=FACE_BOUND('',#697,.T.);
#770=FACE_BOUND('',#698,.T.);
#771=FACE_BOUND('',#699,.T.);
#772=FACE_BOUND('',#700,.T.);
#773=FACE_BOUND('',#701,.T.);
#774=FACE_BOUND('',#702,.T.);
#775=FACE_BOUND('',#703,.T.);
#776=FACE_BOUND('',#704,.T.);
#777=FACE_BOUND('',#705,.T.);
#778=FACE_BOUND('',#706,.T.);
#779=FACE_BOUND('',#707,.T.);
#780=FACE_BOUND('',#708,.T.);
#781=FACE_BOUND('',#709,.T.);
#782=FACE_BOUND('',#710,.T.);
#783=FACE_BOUND('',#711,.T.);
#784=FACE_BOUND('',#712,.T.);
#785=FACE_BOUND('',#713,.T.);
#786=FACE_BOUND('',#714,.T.);
#787=FACE_BOUND('',#715,.T.);
#788=FACE_BOUND('',#716,.T.);
#789=FACE_BOUND('',#717,.T.);
#790=FACE_BOUND('',#718,.T.);
#791=FACE_BOUND('',#719,.T.);
#792=FACE_BOUND('',#720,.T.);
#793=FACE_BOUND('',#721,.T.);
#794=FACE_BOUND('',#722,.T.);
#795=FACE_BOUND('',#723,.T.);
#796=FACE_BOUND('',#724,.T.);
#797=FACE_BOUND('',#725,.T.);
#798=FACE_BOUND('',#726,.T.);
#799=FACE_BOUND('',#727,.T.);
#800=FACE_BOUND('',#728,.T.);
#801=FACE_BOUND('',#729,.T.);
#802=FACE_BOUND('',#730,.T.);
#803=FACE_BOUND('',#731,.T.);
#804=FACE_BOUND('',#732,.T.);
#805=FACE_BOUND('',#733,.T.);
#806=FACE_BOUND('',#734,.T.);
#807=FACE_BOUND('',#735,.T.);
#808=FACE_BOUND('',#736,.T.);
#809=FACE_BOUND('',#737,.T.);
#810=FACE_BOUND('',#738,.T.);
#811=FACE_BOUND('',#739,.T.);
#812=FACE_BOUND('',#740,.T.);
#813=FACE_BOUND('',#741,.T.);
#814=FACE_BOUND('',#742,.T.);
#815=FACE_BOUND('',#743,.T.);
#816=FACE_BOUND('',#744,.T.);
#817=FACE_BOUND('',#745,.T.);
#818=CYLINDRICAL_SURFACE('',#986,0.0570873517330921);
#819=CYLINDRICAL_SURFACE('',#989,0.0560468005667607);
#820=CYLINDRICAL_SURFACE('',#1007,0.13557335772452);
#821=CYLINDRICAL_SURFACE('',#1010,0.135076388188229);
#822=CYLINDRICAL_SURFACE('',#1018,0.0570873517330921);
#823=CYLINDRICAL_SURFACE('',#1021,0.0560468005667607);
#824=CYLINDRICAL_SURFACE('',#1039,0.13557335772452);
#825=CYLINDRICAL_SURFACE('',#1042,0.135076388188229);
#826=ADVANCED_FACE('',(#746,#747),#818,.F.);
#827=ADVANCED_FACE('',(#748,#749),#819,.F.);
#828=ADVANCED_FACE('',(#750),#204,.T.);
#829=ADVANCED_FACE('',(#751,#752,#753),#205,.F.);
#830=ADVANCED_FACE('',(#754,#755),#206,.T.);
#831=ADVANCED_FACE('',(#756),#207,.F.);
#832=ADVANCED_FACE('',(#757),#208,.T.);
#833=ADVANCED_FACE('',(#758),#209,.F.);
#834=ADVANCED_FACE('',(#759),#210,.T.);
#835=ADVANCED_FACE('',(#760),#211,.F.);
#836=ADVANCED_FACE('',(#761),#212,.F.);
#837=ADVANCED_FACE('',(#762),#213,.T.);
#838=ADVANCED_FACE('',(#763),#214,.T.);
#839=ADVANCED_FACE('',(#764,#765,#766),#215,.T.);
#840=ADVANCED_FACE('',(#767),#216,.T.);
#841=ADVANCED_FACE('',(#768,#769),#820,.T.);
#842=ADVANCED_FACE('',(#770,#771),#217,.T.);
#843=ADVANCED_FACE('',(#772,#773),#821,.T.);
#844=ADVANCED_FACE('',(#774,#775),#218,.T.);
#845=ADVANCED_FACE('',(#776),#219,.T.);
#846=ADVANCED_FACE('',(#777),#220,.F.);
#847=ADVANCED_FACE('',(#778),#221,.T.);
#848=ADVANCED_FACE('',(#779,#780,#781),#222,.T.);
#849=ADVANCED_FACE('',(#782,#783),#822,.F.);
#850=ADVANCED_FACE('',(#784,#785),#823,.F.);
#851=ADVANCED_FACE('',(#786),#223,.T.);
#852=ADVANCED_FACE('',(#787,#788,#789),#224,.F.);
#853=ADVANCED_FACE('',(#790,#791),#225,.T.);
#854=ADVANCED_FACE('',(#792),#226,.F.);
#855=ADVANCED_FACE('',(#793),#227,.T.);
#856=ADVANCED_FACE('',(#794),#228,.F.);
#857=ADVANCED_FACE('',(#795),#229,.T.);
#858=ADVANCED_FACE('',(#796),#230,.F.);
#859=ADVANCED_FACE('',(#797),#231,.F.);
#860=ADVANCED_FACE('',(#798),#232,.T.);
#861=ADVANCED_FACE('',(#799),#233,.T.);
#862=ADVANCED_FACE('',(#800,#801,#802),#234,.T.);
#863=ADVANCED_FACE('',(#803),#235,.T.);
#864=ADVANCED_FACE('',(#804,#805),#824,.T.);
#865=ADVANCED_FACE('',(#806,#807),#236,.T.);
#866=ADVANCED_FACE('',(#808,#809),#825,.T.);
#867=ADVANCED_FACE('',(#810,#811),#237,.T.);
#868=ADVANCED_FACE('',(#812),#238,.T.);
#869=ADVANCED_FACE('',(#813),#239,.F.);
#870=ADVANCED_FACE('',(#814),#240,.T.);
#871=ADVANCED_FACE('',(#815,#816,#817),#241,.T.);
#872=CLOSED_SHELL('',(#826,#827,#828,#829,#830,#831,#832,#833,#834,#835,
#836,#837,#838,#839,#840,#841,#842,#843,#844,#845,#846,#847,#848));
#873=CLOSED_SHELL('',(#849,#850,#851,#852,#853,#854,#855,#856,#857,#858,
#859,#860,#861,#862,#863,#864,#865,#866,#867,#868,#869,#870,#871));
#874=STYLED_ITEM('',(#876),#889);
#875=STYLED_ITEM('',(#877),#890);
#876=PRESENTATION_STYLE_ASSIGNMENT((#878));
#877=PRESENTATION_STYLE_ASSIGNMENT((#879));
#878=SURFACE_STYLE_USAGE(.BOTH.,#880);
#879=SURFACE_STYLE_USAGE(.BOTH.,#881);
#880=SURFACE_SIDE_STYLE('',(#882));
#881=SURFACE_SIDE_STYLE('',(#883));
#882=SURFACE_STYLE_FILL_AREA(#884);
#883=SURFACE_STYLE_FILL_AREA(#885);
#884=FILL_AREA_STYLE('',(#886));
#885=FILL_AREA_STYLE('',(#887));
#886=FILL_AREA_STYLE_COLOUR('',#888);
#887=FILL_AREA_STYLE_COLOUR('',#888);
#888=COLOUR_RGB('',0.768627450980392,0.886274509803922,0.952941176470588);
#889=MANIFOLD_SOLID_BREP('Part 2',#872);
#890=MANIFOLD_SOLID_BREP('Part 1',#873);
#891=SHAPE_REPRESENTATION_RELATIONSHIP('','',#961,#904);
#892=SHAPE_REPRESENTATION_RELATIONSHIP('','',#962,#905);
#893=SHAPE_REPRESENTATION_RELATIONSHIP('','',#963,#906);
#894=SHAPE_REPRESENTATION_RELATIONSHIP('','',#964,#907);
#895=SHAPE_REPRESENTATION_RELATIONSHIP('','',#965,#908);
#896=SHAPE_REPRESENTATION_RELATIONSHIP('','',#966,#909);
#897=SHAPE_REPRESENTATION_RELATIONSHIP('','',#967,#910);
#898=SHAPE_REPRESENTATION_RELATIONSHIP('','',#968,#911);
#899=SHAPE_REPRESENTATION_RELATIONSHIP('','',#969,#912);
#900=SHAPE_REPRESENTATION_RELATIONSHIP('','',#970,#913);
#901=SHAPE_REPRESENTATION_RELATIONSHIP('','',#971,#914);
#902=SHAPE_REPRESENTATION_RELATIONSHIP('','',#972,#10);
#903=SHAPE_REPRESENTATION_RELATIONSHIP('','',#973,#11);
#904=TESSELLATED_SHAPE_REPRESENTATION('',(#937),#1559);
#905=TESSELLATED_SHAPE_REPRESENTATION('',(#938),#1560);
#906=TESSELLATED_SHAPE_REPRESENTATION('',(#939),#1561);
#907=TESSELLATED_SHAPE_REPRESENTATION('',(#940),#1562);
#908=TESSELLATED_SHAPE_REPRESENTATION('',(#941),#1563);
#909=TESSELLATED_SHAPE_REPRESENTATION('',(#942),#1564);
#910=TESSELLATED_SHAPE_REPRESENTATION('',(#943),#1565);
#911=TESSELLATED_SHAPE_REPRESENTATION('',(#944),#1566);
#912=TESSELLATED_SHAPE_REPRESENTATION('',(#945),#1567);
#913=TESSELLATED_SHAPE_REPRESENTATION('',(#946),#1568);
#914=TESSELLATED_SHAPE_REPRESENTATION('',(#947),#1569);
#915=COMPLEX_TRIANGULATED_FACE('ConvergentBody',#926,362,((-1.,0.,0.),(0.,
-1.,0.),(0.,0.,1.),(0.,0.,1.),(-1.,0.,0.),(0.,-1.,0.),(-1.,0.,0.),(0.,-1.,
0.),(0.,0.,-1.),(0.,-1.,0.),(0.,0.,-1.),(1.,0.,0.),(-1.,0.,0.),(0.,1.,0.),
(0.,0.,-1.),(0.,1.,0.),(0.,0.,-1.),(1.,0.,0.),(0.,0.,1.),(0.,-1.,0.),(1.,
0.,0.),(-1.,0.,0.),(0.,-1.,0.),(0.,0.,1.),(-1.,0.,0.),(0.,-1.,0.),(0.,0.,
-1.),(0.,0.,-1.),(-1.,0.,0.),(0.,-1.,0.),(0.,-1.,0.),(1.,0.,0.),(0.,0.,
1.),(0.,0.,-1.),(0.,-1.,0.),(1.,0.,0.),(0.,-1.,0.),(1.,0.,0.),(0.,0.,-1.),
(-1.,0.,0.),(0.,0.,1.),(0.,1.,0.),(0.,-1.,0.),(-1.,0.,0.),(0.149206238543061,
0.,0.988806097462911),(0.,-1.,0.),(0.,0.,-1.),(-1.,0.,0.),(0.,-1.,0.),(1.,
0.,0.),(0.,0.,-1.),(0.,-1.,0.),(-0.196216184672527,0.,-0.980560660475708),
(-0.571499703857833,0.,-0.820602271804319),(0.,-1.,0.),(-0.0500759073828498,
0.,-0.998745414757827),(0.,-1.,0.),(0.,0.,1.),(1.,0.,0.),(0.,-1.,0.),(-0.160745224270119,
0.,-0.986995933565255),(-1.,0.,0.),(-1.,0.,0.),(0.,-1.,0.),(0.176395069917919,
0.,0.98431944982747),(0.,-1.,0.),(0.,0.,-1.),(-1.,0.,0.),(-1.,0.,0.),(0.,
-1.,0.),(0.,0.,1.),(0.,-1.,0.),(0.,0.,1.),(-1.,0.,0.),(0.,-1.,0.),(0.,0.,
1.),(0.610505293938404,0.,0.792012175457665),(0.,0.,1.),(1.,0.,0.),(0.,
1.,0.),(-1.,0.,0.),(0.,0.,-1.),(0.,-1.,0.),(0.,-1.,0.),(-1.,0.,0.),(0.149206238543061,
0.,0.988806097462911),(0.,-1.,0.),(1.,0.,0.),(-0.731325713804501,0.,-0.682028372084576),
(0.,0.,-1.),(1.,0.,0.),(0.,-1.,0.),(0.,-1.,0.),(0.303909006410108,0.,0.952701063200215),
(0.,-1.,0.),(0.303909006410108,0.,0.952701063200215),(-1.,0.,0.),(-0.160745224270119,
0.,-0.986995933565255),(0.,-1.,0.),(0.,-1.,0.),(-1.,0.,0.),(0.176395069917919,
0.,0.98431944982747),(0.,-1.,0.),(0.284302047174253,0.,0.958734763097974),
(-0.263970530750971,0.,-0.964530745437931),(0.,-1.,0.),(0.,-1.,0.),(0.284302047174253,
0.,0.958734763097974),(-1.,0.,0.),(0.,0.,-1.),(0.,-1.,0.),(0.,-1.,0.),(-1.,
0.,0.),(0.,0.,1.),(0.,-1.,0.),(-1.,0.,0.),(0.,0.,1.),(0.,0.,-1.),(-1.,0.,
0.),(0.,-1.,0.),(0.,0.,1.),(-1.,0.,0.),(0.,-1.,0.),(0.,-1.,0.),(-0.263970530750971,
0.,-0.964530745437931),(0.,-1.,0.),(0.,0.,-1.),(-1.,0.,0.),(0.,0.,-1.),
(-1.,0.,0.),(0.,-1.,0.),(0.,-1.,0.),(0.556769709596671,0.,0.83066689501607),
(0.,-1.,0.),(0.556769709596671,0.,0.83066689501607),(1.,0.,0.),(0.,-1.,
0.),(-0.731325713804501,0.,-0.682028372084576),(-0.734674964695255,0.,-0.678419262882493),
(0.,-1.,0.),(0.,-1.,0.),(0.707333085317071,0.,0.706880404605922),(0.,-1.,
0.),(-0.734674964695255,0.,-0.678419262882493),(0.,-1.,0.),(-0.658799359849207,
0.,-0.752318684775458),(0.707333085317071,0.,0.706880404605922),(0.,-1.,
0.),(0.,-1.,0.),(-0.458067452569107,0.,-0.888917436490504),(-1.,0.,0.),
(0.,0.,-1.),(0.,-1.,0.),(0.,-1.,0.),(1.,0.,0.),(0.,0.,-1.),(1.,0.,0.),(0.,
0.,-1.),(0.,-1.,0.),(0.,-1.,0.),(0.,0.,1.),(1.,0.,0.),(-1.,0.,0.),(0.,-1.,
0.),(0.,0.,1.),(0.,-1.,0.),(1.,0.,0.),(-0.610510052718411,0.,-0.792008507233201),
(0.,-1.,0.),(0.610505293938404,0.,0.792012175457665),(0.,0.,1.),(0.,-1.,
0.),(1.,0.,0.),(0.,0.,-1.),(-0.458067452569107,0.,-0.888917436490504),(0.,
-1.,0.),(0.,-1.,0.),(0.483816957795702,0.,0.875169212980731),(0.722321948670593,
0.,0.691556940872345),(0.,-1.,0.),(0.722321948670593,0.,0.691556940872345),
(0.,-1.,0.),(0.,-1.,0.),(-0.0943060807177303,0.,-0.995543250260711),(-0.995039571685298,
0.,0.0994799013888632),(-0.995039571685298,0.,0.0994799013888632),(0.,-1.,
0.),(0.269651050090954,0.,0.962958104584434),(0.483816957795702,0.,0.875169212980731),
(0.,-1.,0.),(0.,-1.,0.),(-0.658799359849207,0.,-0.752318684775458),(0.,
-1.,0.),(-0.610510052718411,0.,-0.792008507233201),(0.,0.,1.),(1.,0.,0.),
(0.,-1.,0.),(0.,0.,-1.),(0.,0.,-1.),(1.,0.,0.),(0.,-1.,0.),(1.,0.,0.),(0.,
-1.,0.),(0.,0.,1.),(0.,0.,1.),(-0.610510052718411,0.,-0.792008507233201),
(0.,-1.,0.),(0.,-1.,0.),(1.,0.,0.),(-0.610510052718411,0.,-0.792008507233201),
(0.610505293938404,0.,0.792012175457665),(1.,0.,0.),(0.,-1.,0.),(1.,0.,
0.),(0.,-1.,0.),(0.610505293938404,0.,0.792012175457665),(0.,-1.,0.),(-1.,
0.,0.),(0.,0.,1.),(0.,-1.,0.),(1.,0.,0.),(0.,0.,-1.),(0.686041862260447,
0.,0.727562068298106),(0.339845880387228,0.,0.940481141535454),(0.,-1.,
0.),(0.339845880387228,0.,0.940481141535454),(0.,-1.,0.),(0.686041862260447,
0.,0.727562068298106),(-0.571499703857833,0.,-0.820602271804319),(-0.196216184672527,
0.,-0.980560660475708),(0.,-1.,0.),(-0.547030362883364,0.,-0.837112765452597),
(0.,0.,-1.),(0.,-1.,0.),(0.,-1.,0.),(-1.,0.,0.),(0.573513099930961,0.,0.819196389278895),
(0.,-1.,0.),(0.,0.,-1.),(-0.547030362883364,0.,-0.837112765452597),(0.573513099930961,
0.,0.819196389278895),(-1.,0.,0.),(0.,-1.,0.),(0.,-1.,0.),(-0.0500759073828498,
0.,-0.998745414757827),(0.,-1.,0.),(0.23361596344403,0.,0.972328947231397),
(0.23361596344403,0.,0.972328947231397),(0.,-1.,0.),(0.,-1.,0.),(-0.978965771962242,
0.,0.204024550793213),(0.,-1.,0.),(-0.999156759118657,0.,-0.0410581381397473),
(-0.0281086430107503,0.,0.999604874031782),(0.,-1.,0.),(-0.0281086430107503,
0.,0.999604874031782),(0.,-1.,0.),(0.,-1.,0.),(-0.890539049488719,0.,0.454906805110375),
(-0.995039571685298,0.,0.0994799013888632),(-0.0943060807177303,0.,-0.995543250260711),
(0.,-1.,0.),(0.,-1.,0.),(-0.20508314199737,0.,-0.978744555473228),(-0.995039571685298,
0.,0.0994799013888632),(0.,-1.,0.),(0.269651050090954,0.,0.962958104584434),
(-0.20508314199737,0.,-0.978744555473228),(0.,-1.,0.),(0.,-1.,0.),(-0.984496010616672,
0.,-0.175406969872514),(-0.838917246298281,0.,-0.54425899520661),(0.269651050090954,
0.,0.962958104584434),(0.622029323525246,0.,0.782993946767614),(0.,-1.,
0.),(0.622029323525246,0.,0.782993946767614),(0.,-1.,0.),(0.269651050090954,
0.,0.962958104584434),(-0.180073794731383,0.,0.983653103716468),(-0.547138934497465,
0.,0.837041806815513),(0.,-1.,0.),(0.,-1.,0.),(0.204300212016287,0.,-0.978908281388047),
(-0.180073794731383,0.,0.983653103716468),(0.,-1.,0.),(-0.547138934497465,
0.,0.837041806815513),(0.,-1.,0.),(-0.547138934497465,0.,0.837041806815513),
(-0.809333125109755,0.,0.587349889418631),(0.204300212016287,0.,-0.978908281388047),
(0.,-1.,0.),(0.,-1.,0.),(-0.453077633999472,0.,-0.891471063786952),(0.,
-1.,0.),(-0.453077633999472,0.,-0.891471063786952),(0.,-1.,0.),(0.456438204676259,
0.,-0.889755115361476),(-0.547138934497465,0.,0.837041806815513),(0.,-1.,
0.),(-0.809333125109755,0.,0.587349889418631),(0.456438204676259,0.,-0.889755115361476),
(0.,-1.,0.),(-0.582481631192114,0.,-0.812843865280273),(-0.838917246298281,
0.,-0.54425899520661),(0.,-1.,0.),(0.,-1.,0.),(-0.582481631192114,0.,-0.812843865280273),
(-0.838917246298281,0.,-0.54425899520661),(0.,-1.,0.),(0.592196656267299,
0.,-0.805793472488968),(0.847866911427565,0.,-0.530209110169075),(-0.890539049488719,
0.,0.454906805110375),(0.,-1.,0.),(-0.838917246298281,0.,-0.54425899520661),
(-0.984496010616672,0.,-0.175406969872514),(0.,-1.,0.),(0.,-1.,0.),(0.87194901664797,
0.,0.489596683369729),(0.622029323525246,0.,0.782993946767614),(0.592196656267299,
0.,-0.805793472488968),(0.,-1.,0.),(0.847866911427565,0.,-0.530209110169075),
(0.,-1.,0.),(1.,0.,0.),(0.,0.,-1.),(0.622029323525246,0.,0.782993946767614),
(0.87194901664797,0.,0.489596683369729),(0.,-1.,0.),(0.,-1.,0.),(-1.,0.,
0.),(0.,0.,1.),(0.,-1.,0.),(1.,0.,0.),(0.,0.,1.),(0.,-1.,0.),(0.,0.,-1.),
(1.,0.,0.),(1.,0.,0.),(0.,0.,1.),(0.,-1.,0.),(0.,-1.,0.),(-0.978965771962242,
0.,0.204024550793213),(0.,-1.,0.),(0.847866911427565,0.,-0.530209110169075),
(0.985734753592732,0.,-0.168306255259498),(-0.999156759118657,0.,-0.0410581381397473),
(0.,-1.,0.),(0.,-1.,0.),(0.989078842711204,0.,0.147387390576895),(0.,-1.,
0.),(0.932450647860565,0.,0.361297369633952),(0.,-1.,0.),(0.998726428404845,
0.,-0.0504531585304849),(0.847866911427565,0.,-0.530209110169075),(0.,-1.,
0.),(0.985734753592732,0.,-0.168306255259498),(0.932450647860565,0.,0.361297369633952),
(0.,-1.,0.),(0.,-1.,0.),(0.998726428404845,0.,-0.0504531585304849),(0.,
-1.,0.),(0.989078842711204,0.,0.147387390576895)),$,(2,2,2,5,5,5,1,1,1,
129,129,129,7,7,7,135,135,135,130,130,130,4,4,4,6,6,6,3,3,3,132,132,132,
134,134,134,131,131,131,8,8,8,16,16,16,15,15,15,25,25,25,64,64,64,76,76,
133,133,133,17,17,17,18,18,18,19,19,19,20,20,20,36,36,36,54,54,54,136,136,
136,9,9,9,10,10,10,24,24,24,23,23,23,22,22,21,21,11,11,11,12,12,12,41,41,
37,37,42,42,13,13,13,14,14,14,31,31,31,30,30,30,35,35,35,38,38,33,33,33,
34,34,34,28,28,27,27,26,26,26,43,43,39,39,44,44,58,58,40,40,59,59,29,29,
29,46,46,46,45,45,45,47,47,47,32,32,32,48,48,48,49,49,49,50,50,50,60,60,
61,61,56,56,55,55,70,70,70,72,72,72,62,62,57,57,77,77,77,51,51,51,119,119,
119,52,52,52,78,78,78,53,53,53,124,124,124,120,120,120,98,98,98,123,123,
123,66,66,66,65,65,65,63,63,63,105,105,105,95,95,95,106,106,106,97,97,97,
75,75,67,67,68,68,104,104,108,108,74,74,73,73,100,100,69,69,69,79,79,71,
71,71,80,80,102,102,102,94,94,94,93,93,93,82,82,82,83,83,81,81,81,88,88,
88,84,84,85,85,86,86,91,91,87,87,87,92,92,89,89,89,90,90,90,109,109,109,
99,99,101,101,101,111,111,111,110,110,110,121,121,121,112,112,112,96,96,
96,118,118,118,117,117,117,122,122,122,103,103,113,113,113,107,107,125,
125,115,115,127,127,114,114,114,116,116,128,128,126,126),((1,5,7),(2,8,
10),(5,13,7),(9,15,17),(9,17,11),(19,4,3),(2,10,20),(22,25,29),(30,31,23),
(28,27,34),(30,37,31),(28,34,39),(22,40,25),(33,41,24),(25,40,5),(26,6,
43),(40,13,5),(43,6,46),(46,6,49),(6,52,49),(6,55,52),(6,57,55),(19,58,
4),(26,43,60),(26,60,64),(26,64,66),(26,66,70),(26,70,72),(26,72,75),(26,
75,35),(42,16,14),(33,78,41),(42,80,16),(81,85,44),(84,83,87),(81,44,48),
(90,82,47),(87,83,92),(94,45,86),(94,86,96),(84,87,95),(97,101,63),(99,
103,100),(97,63,62),(61,105,98),(99,106,103),(108,65,102),(108,102,104),
(109,113,69),(111,115,112),(109,69,68),(118,110,67),(111,120,115),(114,
121,71),(114,117,121),(90,47,51),(60,43,93),(60,93,124),(61,125,105),(66,
64,126),(126,64,107),(118,67,129),(66,126,131),(72,70,123),(133,94,96),
(95,87,134),(133,96,135),(124,93,132),(88,91,50),(88,50,136),(138,139,89),
(134,87,141),(87,140,141),(137,49,143),(143,49,145),(49,52,145),(138,144,
139),(147,133,135),(147,135,142),(124,132,149),(132,148,149),(151,119,130),
(153,154,120),(151,130,128),(158,152,127),(153,159,154),(120,160,115),(120,
154,160),(116,163,74),(115,166,164),(116,74,122),(115,160,166),(165,76,
73),(166,169,164),(165,171,76),(126,107,172),(158,127,174),(125,175,105),
(106,177,103),(106,176,177),(125,150,175),(179,147,142),(141,140,182),(179,
142,181),(148,180,183),(149,148,187),(148,183,187),(189,108,104),(189,104,
178),(172,107,190),(144,192,139),(182,140,191),(144,146,192),(155,157,173),
(154,193,160),(155,173,196),(199,156,198),(201,193,154),(167,162,202),(161,
205,204),(161,195,205),(166,193,169),(167,202,209),(194,168,210),(170,211,
77),(193,215,169),(170,216,211),(197,172,217),(172,190,217),(197,217,220),
(199,198,222),(208,203,207),(194,210,206),(75,213,35),(223,179,181),(182,
191,227),(223,181,228),(180,225,183),(146,229,192),(191,231,227),(146,54,
229),(150,232,175),(176,235,177),(176,234,235),(238,149,187),(150,240,232),
(241,189,178),(241,178,237),(217,190,243),(53,245,230),(227,231,246),(246,
231,244),(53,56,245),(248,224,226),(248,226,247),(225,249,250),(183,225,
252),(225,250,252),(254,248,247),(254,247,256),(246,244,257),(249,255,258),
(249,258,250),(260,186,185),(184,264,261),(260,265,186),(266,262,263),(184,
268,264),(183,270,269),(183,252,270),(273,188,267),(266,263,277),(273,267,
278),(187,275,238),(279,254,256),(257,244,282),(279,256,284),(257,282,285),
(255,281,287),(255,287,258),(56,283,245),(56,290,283),(55,57,291),(193,
201,215),(268,293,264),(263,292,277),(268,295,293),(269,270,294),(288,280,
286),(285,282,296),(288,286,298),(285,296,299),(290,297,283),(290,301,297),
(291,57,302),(295,303,293),(277,292,305),(295,307,303),(294,270,306),(259,
289,300),(299,296,309),(259,300,312),(313,299,309),(308,314,304),(277,305,
317),(305,316,317),(308,272,314),(301,310,297),(301,320,310),(302,57,321),
(319,274,276),(238,275,323),(326,274,319),(323,275,328),(236,330,218),(235,
332,329),(236,218,242),(234,335,235),(235,335,332),(331,339,219),(331,334,
339),(220,217,340),(251,259,312),(251,312,342),(341,313,343),(313,309,343),
(271,346,315),(316,347,348),(317,316,350),(316,348,350),(271,253,346),(253,
251,342),(253,342,346),(347,341,352),(341,343,352),(336,233,239),(336,239,
325),(347,352,348),(322,344,311),(322,354,344),(355,321,57),(351,327,318),
(357,327,351),(323,328,358),(356,353,345),(356,360,353),(359,355,57),(349,
357,351),(323,358,361),(362,357,349),(333,337,324),(333,324,338),(214,200,
221),(214,221,212),(35,340,323),(323,361,57),(35,323,57),(35,220,340),(35,
213,220),(360,362,349),(360,349,353),(361,359,57),(12,59,21),(12,18,59),
(38,36,32),(36,79,32),(59,79,36),(59,18,79)),());
#916=COMPLEX_TRIANGULATED_FACE('ConvergentBody',#927,362,((-1.,0.,0.),(0.,
-1.,0.),(0.,0.,1.),(0.,0.,1.),(-1.,0.,0.),(0.,-1.,0.),(-1.,0.,0.),(0.,-1.,
0.),(0.,0.,-1.),(0.,-1.,0.),(0.,0.,-1.),(1.,0.,0.),(-1.,0.,0.),(0.,1.,0.),
(0.,0.,-1.),(0.,1.,0.),(0.,0.,-1.),(1.,0.,0.),(0.,0.,1.),(0.,-1.,0.),(1.,
0.,0.),(-1.,0.,0.),(0.,-1.,0.),(0.,0.,1.),(-1.,0.,0.),(0.,-1.,0.),(0.,0.,
-1.),(0.,0.,-1.),(-1.,0.,0.),(0.,-1.,0.),(0.,-1.,0.),(1.,0.,0.),(0.,0.,
1.),(0.,0.,-1.),(0.,-1.,0.),(1.,0.,0.),(0.,-1.,0.),(1.,0.,0.),(0.,0.,-1.),
(-1.,0.,0.),(0.,0.,1.),(0.,1.,0.),(0.,-1.,0.),(-1.,0.,0.),(0.149206238543175,
0.,0.988806097462893),(0.,-1.,0.),(0.,0.,-1.),(-1.,0.,0.),(0.,-1.,0.),(1.,
0.,0.),(0.,0.,-1.),(0.,-1.,0.),(-0.196216184672959,0.,-0.980560660475622),
(-0.571499703857158,0.,-0.820602271804789),(0.,-1.,0.),(-0.0500759073830979,
0.,-0.998745414757815),(0.,-1.,0.),(0.,0.,1.),(1.,0.,0.),(0.,-1.,0.),(-0.160745224270139,
0.,-0.986995933565252),(-1.,0.,0.),(-1.,0.,0.),(0.,-1.,0.),(0.176395069917938,
0.,0.984319449827466),(0.,-1.,0.),(0.,0.,-1.),(-1.,0.,0.),(-1.,0.,0.),(0.,
-1.,0.),(0.,0.,1.),(0.,-1.,0.),(0.,0.,1.),(-1.,0.,0.),(0.,-1.,0.),(0.,0.,
1.),(0.610505293938361,0.,0.792012175457698),(0.,0.,1.),(1.,0.,0.),(0.,
1.,0.),(-1.,0.,0.),(0.,0.,-1.),(0.,-1.,0.),(0.,-1.,0.),(-1.,0.,0.),(0.149206238543175,
0.,0.988806097462893),(0.,-1.,0.),(1.,0.,0.),(-0.731325713804946,0.,-0.682028372084099),
(0.,0.,-1.),(1.,0.,0.),(0.,-1.,0.),(0.,-1.,0.),(0.303909006410103,0.,0.952701063200217),
(0.,-1.,0.),(0.303909006410103,0.,0.952701063200217),(-1.,0.,0.),(-0.160745224270139,
0.,-0.986995933565252),(0.,-1.,0.),(0.,-1.,0.),(-1.,0.,0.),(0.176395069917938,
0.,0.984319449827466),(0.,-1.,0.),(0.28431331673357,0.,0.958731421164424),
(-0.263980168764017,0.,-0.96452810767718),(0.,-1.,0.),(0.,-1.,0.),(0.28431331673357,
0.,0.958731421164424),(-1.,0.,0.),(0.,0.,-1.),(0.,-1.,0.),(0.,-1.,0.),(-1.,
0.,0.),(0.,0.,1.),(0.,-1.,0.),(-1.,0.,0.),(0.,0.,1.),(0.,0.,-1.),(-1.,0.,
0.),(0.,-1.,0.),(0.,0.,1.),(-1.,0.,0.),(0.,-1.,0.),(0.,-1.,0.),(-0.263980168764017,
0.,-0.96452810767718),(0.,-1.,0.),(0.,0.,-1.),(-1.,0.,0.),(0.,0.,-1.),(-1.,
0.,0.),(0.,-1.,0.),(0.,-1.,0.),(0.556769709596619,0.,0.830666895016105),
(0.,-1.,0.),(0.556769709596619,0.,0.830666895016105),(1.,0.,0.),(0.,-1.,
0.),(-0.731325713804946,0.,-0.682028372084099),(-0.7346749646953,0.,-0.678419262882445),
(0.,-1.,0.),(0.,-1.,0.),(0.707333085317146,0.,0.706880404605848),(0.,-1.,
0.),(-0.7346749646953,0.,-0.678419262882445),(0.,-1.,0.),(-0.658799359848947,
0.,-0.752318684775685),(0.707333085317146,0.,0.706880404605848),(0.,-1.,
0.),(0.,-1.,0.),(-0.458062847069347,0.,-0.888919809732421),(-1.,0.,0.),
(0.,0.,-1.),(0.,-1.,0.),(0.,-1.,0.),(1.,0.,0.),(0.,0.,-1.),(1.,0.,0.),(0.,
0.,-1.),(0.,-1.,0.),(0.,-1.,0.),(0.,0.,1.),(1.,0.,0.),(-1.,0.,0.),(0.,-1.,
0.),(0.,0.,1.),(0.,-1.,0.),(1.,0.,0.),(-0.610510052718374,0.,-0.792008507233229),
(0.,-1.,0.),(0.610505293938361,0.,0.792012175457698),(0.,0.,1.),(0.,-1.,
0.),(1.,0.,0.),(0.,0.,-1.),(-0.458062847069347,0.,-0.888919809732421),(0.,
-1.,0.),(0.,-1.,0.),(0.483812062237363,0.,0.875171919358494),(0.722321948670644,
0.,0.691556940872293),(0.,-1.,0.),(0.722321948670644,0.,0.691556940872293),
(0.,-1.,0.),(0.,-1.,0.),(-0.0943060807176563,0.,-0.995543250260718),(-0.995039571685298,
0.,0.0994799013888632),(-0.995039571685298,0.,0.0994799013888632),(0.,-1.,
0.),(0.269651050090511,0.,0.962958104584558),(0.483812062237363,0.,0.875171919358494),
(0.,-1.,0.),(0.,-1.,0.),(-0.658799359848947,0.,-0.752318684775685),(0.,
-1.,0.),(-0.610510052718374,0.,-0.792008507233229),(0.,0.,1.),(1.,0.,0.),
(0.,-1.,0.),(0.,0.,-1.),(0.,0.,-1.),(1.,0.,0.),(0.,-1.,0.),(1.,0.,0.),(0.,
-1.,0.),(0.,0.,1.),(0.,0.,1.),(-0.610510052718374,0.,-0.792008507233229),
(0.,-1.,0.),(0.,-1.,0.),(1.,0.,0.),(-0.610510052718374,0.,-0.792008507233229),
(0.610505293938361,0.,0.792012175457698),(1.,0.,0.),(0.,-1.,0.),(1.,0.,
0.),(0.,-1.,0.),(0.610505293938361,0.,0.792012175457698),(0.,-1.,0.),(-1.,
0.,0.),(0.,0.,1.),(0.,-1.,0.),(1.,0.,0.),(0.,0.,-1.),(0.686041862260399,
0.,0.727562068298152),(0.339845880387228,0.,0.940481141535454),(0.,-1.,
0.),(0.339845880387228,0.,0.940481141535454),(0.,-1.,0.),(0.686041862260399,
0.,0.727562068298152),(-0.571499703857158,0.,-0.820602271804789),(-0.196216184672959,
0.,-0.980560660475622),(0.,-1.,0.),(-0.547004958828676,0.,-0.837129365759462),
(0.,0.,-1.),(0.,-1.,0.),(0.,-1.,0.),(-1.,0.,0.),(0.573484675977423,0.,0.819216287935652),
(0.,-1.,0.),(0.,0.,-1.),(-0.547004958828676,0.,-0.837129365759462),(0.573484675977423,
0.,0.819216287935652),(-1.,0.,0.),(0.,-1.,0.),(0.,-1.,0.),(-0.0500759073830979,
0.,-0.998745414757815),(0.,-1.,0.),(0.233615963444078,0.,0.972328947231386),
(0.233615963444078,0.,0.972328947231386),(0.,-1.,0.),(0.,-1.,0.),(-0.978963954674579,
0.,0.204033270443596),(0.,-1.,0.),(-0.999165058676677,0.,-0.0408556669218796),
(-0.0281086430105393,0.,0.999604874031788),(0.,-1.,0.),(-0.0281086430105393,
0.,0.999604874031788),(0.,-1.,0.),(0.,-1.,0.),(-0.89062716380186,0.,0.454734268664958),
(-0.995039571685298,0.,0.0994799013888632),(-0.0943060807176563,0.,-0.995543250260718),
(0.,-1.,0.),(0.,-1.,0.),(-0.205149590101654,0.,-0.97873062978591),(-0.995039571685298,
0.,0.0994799013888632),(0.,-1.,0.),(0.269651050090511,0.,0.962958104584558),
(-0.205149590101654,0.,-0.97873062978591),(0.,-1.,0.),(0.,-1.,0.),(-0.984496010615651,
0.,-0.175406969878248),(-0.838917246300257,0.,-0.544258995203564),(0.269651050090511,
0.,0.962958104584558),(0.622029323526512,0.,0.782993946766608),(0.,-1.,
0.),(0.622029323526512,0.,0.782993946766608),(0.,-1.,0.),(0.269651050090511,
0.,0.962958104584558),(-0.180073794731494,0.,0.983653103716447),(-0.547138934497465,
0.,0.837041806815513),(0.,-1.,0.),(0.,-1.,0.),(0.204348828173427,0.,-0.978898133834235),
(-0.180073794731494,0.,0.983653103716447),(0.,-1.,0.),(-0.547138934497465,
0.,0.837041806815513),(0.,-1.,0.),(-0.547138934497465,0.,0.837041806815513),
(-0.809333125109755,0.,0.587349889418631),(0.204348828173427,0.,-0.978898133834235),
(0.,-1.,0.),(0.,-1.,0.),(-0.453045581570721,0.,-0.891487353258165),(0.,
-1.,0.),(-0.453045581570721,0.,-0.891487353258165),(0.,-1.,0.),(0.456433998744543,
0.,-0.889757272962726),(-0.547138934497465,0.,0.837041806815513),(0.,-1.,
0.),(-0.809333125109755,0.,0.587349889418631),(0.456433998744543,0.,-0.889757272962726),
(0.,-1.,0.),(-0.582312797703059,0.,-0.812964824350498),(-0.838917246300257,
0.,-0.544258995203564),(0.,-1.,0.),(0.,-1.,0.),(-0.582312797703059,0.,-0.812964824350498),
(-0.838917246300257,0.,-0.544258995203564),(0.,-1.,0.),(0.592108996990962,
0.,-0.805857888018946),(0.847866911427565,0.,-0.530209110169075),(-0.89062716380186,
0.,0.454734268664958),(0.,-1.,0.),(-0.838917246300257,0.,-0.544258995203564),
(-0.984496010615651,0.,-0.175406969878248),(0.,-1.,0.),(0.,-1.,0.),(0.87202523829283,
0.,0.489460911391639),(0.622029323526512,0.,0.782993946766608),(0.592108996990962,
0.,-0.805857888018946),(0.,-1.,0.),(0.847866911427565,0.,-0.530209110169075),
(0.,-1.,0.),(1.,0.,0.),(0.,0.,-1.),(0.622029323526512,0.,0.782993946766608),
(0.87202523829283,0.,0.489460911391639),(0.,-1.,0.),(0.,-1.,0.),(-1.,0.,
0.),(0.,0.,1.),(0.,-1.,0.),(1.,0.,0.),(0.,0.,1.),(0.,-1.,0.),(0.,0.,-1.),
(1.,0.,0.),(1.,0.,0.),(0.,0.,1.),(0.,-1.,0.),(0.,-1.,0.),(-0.978963954674579,
0.,0.204033270443596),(0.,-1.,0.),(0.847866911427565,0.,-0.530209110169075),
(0.985757595203998,0.,-0.168172421929492),(-0.999165058676677,0.,-0.0408556669218796),
(0.,-1.,0.),(0.,-1.,0.),(0.989079329580353,0.,0.147384123286325),(0.,-1.,
0.),(0.93242817189983,0.,0.361355371134209),(0.,-1.,0.),(0.998722617598658,
0.,-0.0505285374504746),(0.847866911427565,0.,-0.530209110169075),(0.,-1.,
0.),(0.985757595203998,0.,-0.168172421929492),(0.93242817189983,0.,0.361355371134209),
(0.,-1.,0.),(0.,-1.,0.),(0.998722617598658,0.,-0.0505285374504746),(0.,
-1.,0.),(0.989079329580353,0.,0.147384123286325)),$,(2,2,2,5,5,5,1,1,1,
129,129,129,7,7,7,135,135,135,130,130,130,4,4,4,6,6,6,3,3,3,132,132,132,
134,134,134,131,131,131,8,8,8,16,16,16,15,15,15,26,26,26,64,64,64,76,76,
133,133,133,17,17,17,18,18,18,19,19,19,20,20,20,36,36,36,54,54,54,136,136,
136,9,9,9,10,10,10,25,25,25,23,23,23,22,22,21,21,11,11,11,12,12,12,41,41,
37,37,42,42,13,13,13,14,14,14,31,31,31,30,30,30,35,35,35,38,38,33,33,33,
34,34,34,28,28,27,27,24,24,24,43,43,39,39,44,44,58,58,40,40,60,60,29,29,
29,46,46,46,45,45,45,47,47,47,32,32,32,48,48,48,49,49,49,50,50,50,59,59,
61,61,56,56,55,55,70,70,70,72,72,72,62,62,57,57,77,77,77,51,51,51,119,119,
119,52,52,52,78,78,78,53,53,53,124,124,124,120,120,120,98,98,98,123,123,
123,66,66,66,65,65,65,63,63,63,105,105,105,95,95,95,106,106,106,97,97,97,
75,75,67,67,68,68,104,104,108,108,74,74,73,73,100,100,69,69,69,79,79,71,
71,71,80,80,102,102,102,94,94,94,93,93,93,82,82,82,83,83,81,81,81,88,88,
88,84,84,85,85,86,86,91,91,87,87,87,92,92,89,89,89,90,90,90,109,109,109,
99,99,101,101,101,111,111,111,110,110,110,121,121,121,112,112,112,96,96,
96,118,118,118,117,117,117,122,122,122,103,103,113,113,113,107,107,125,
125,115,115,127,127,114,114,114,116,116,128,128,126,126),((1,5,7),(2,8,
10),(5,13,7),(9,15,17),(9,17,11),(19,4,3),(2,10,20),(22,25,29),(30,31,23),
(28,27,34),(30,37,31),(28,34,39),(22,40,25),(33,41,24),(25,40,5),(26,6,
43),(40,13,5),(43,6,46),(46,6,49),(6,52,49),(6,55,52),(6,57,55),(19,58,
4),(26,43,60),(26,60,64),(26,64,66),(26,66,70),(26,70,72),(26,72,75),(26,
75,35),(42,16,14),(33,78,41),(42,80,16),(81,85,44),(84,83,87),(81,44,48),
(90,82,47),(87,83,92),(94,45,86),(94,86,96),(84,87,95),(97,101,63),(99,
103,100),(97,63,62),(61,105,98),(99,106,103),(108,65,102),(108,102,104),
(109,113,69),(111,115,112),(109,69,68),(118,110,67),(111,120,115),(114,
121,71),(114,117,121),(90,47,51),(60,43,93),(60,93,124),(61,125,105),(66,
64,126),(126,64,107),(118,67,129),(66,126,131),(72,70,123),(133,94,96),
(95,87,134),(133,96,135),(124,93,132),(88,91,50),(88,50,136),(138,139,89),
(134,87,141),(87,140,141),(137,49,143),(143,49,145),(49,52,145),(138,144,
139),(147,133,135),(147,135,142),(124,132,149),(132,148,149),(151,119,130),
(153,154,120),(151,130,128),(158,152,127),(153,159,154),(120,160,115),(120,
154,160),(116,163,74),(115,166,164),(116,74,122),(115,160,166),(165,76,
73),(166,169,164),(165,171,76),(126,107,172),(158,127,174),(125,175,105),
(106,177,103),(106,176,177),(125,150,175),(179,147,142),(141,140,182),(179,
142,181),(148,180,183),(149,148,187),(148,183,187),(189,108,104),(189,104,
178),(172,107,190),(144,192,139),(182,140,191),(144,146,192),(155,157,173),
(154,193,160),(155,173,196),(199,156,198),(201,193,154),(167,162,202),(161,
205,204),(161,195,205),(166,193,169),(167,202,209),(194,168,210),(170,211,
77),(193,215,169),(170,216,211),(197,172,217),(172,190,217),(197,217,220),
(199,198,222),(208,203,207),(194,210,206),(75,213,35),(223,179,181),(182,
191,227),(223,181,228),(180,225,183),(146,229,192),(191,231,227),(146,54,
229),(150,232,175),(176,235,177),(176,234,235),(238,149,187),(150,240,232),
(241,189,178),(241,178,237),(217,190,243),(53,245,230),(227,231,246),(246,
231,244),(53,56,245),(248,224,226),(248,226,247),(225,249,250),(183,225,
252),(225,250,252),(254,248,247),(254,247,256),(246,244,257),(249,255,258),
(249,258,250),(260,186,185),(184,264,261),(260,265,186),(266,262,263),(184,
268,264),(183,270,269),(183,252,270),(273,188,267),(266,263,277),(273,267,
278),(187,275,238),(279,254,256),(257,244,282),(279,256,284),(257,282,285),
(255,281,287),(255,287,258),(56,283,245),(56,290,283),(55,57,291),(193,
201,215),(268,293,264),(263,292,277),(268,295,293),(269,270,294),(288,280,
286),(285,282,296),(288,286,298),(285,296,299),(290,297,283),(290,301,297),
(291,57,302),(295,303,293),(277,292,305),(295,307,303),(294,270,306),(259,
289,300),(299,296,309),(259,300,312),(313,299,309),(308,314,304),(277,305,
317),(305,316,317),(308,272,314),(301,310,297),(301,320,310),(302,57,321),
(319,274,276),(238,275,323),(326,274,319),(323,275,328),(236,330,218),(235,
332,329),(236,218,242),(234,335,235),(235,335,332),(331,339,219),(331,334,
339),(220,217,340),(251,259,312),(251,312,342),(341,313,343),(313,309,343),
(271,346,315),(316,347,348),(317,316,350),(316,348,350),(271,253,346),(253,
251,342),(253,342,346),(347,341,352),(341,343,352),(336,233,239),(336,239,
325),(347,352,348),(322,344,311),(322,354,344),(355,321,57),(351,327,318),
(357,327,351),(323,328,358),(356,353,345),(356,360,353),(359,355,57),(349,
357,351),(323,358,361),(362,357,349),(333,337,324),(333,324,338),(214,200,
221),(214,221,212),(35,340,323),(323,361,57),(35,323,57),(35,220,340),(35,
213,220),(360,362,349),(360,349,353),(361,359,57),(12,59,21),(12,18,59),
(38,36,32),(36,79,32),(59,79,36),(59,18,79)),());
#917=COMPLEX_TRIANGULATED_FACE('ConvergentBody',#928,128,((-1.,0.,0.),(0.,
-1.,0.),(-0.707102285525584,0.,0.707111276818928),(-1.,0.,0.),(0.,1.,0.),
(-0.707103409448861,0.,-0.707110152908157),(-0.707103409448861,0.,-0.707110152908157),
(-1.,0.,0.),(0.,-1.,0.),(-1.,0.,0.),(0.,-1.,0.),(0.,0.,1.),(-0.707103409448861,
0.,-0.707110152908157),(0.,1.,0.),(0.,0.,-1.),(0.,0.,-1.),(-0.707103409448861,
0.,-0.707110152908157),(0.,-1.,0.),(0.,-1.,0.),(0.,0.,-1.),(-1.,0.,0.),
(-1.,0.,0.),(-0.707102285525584,0.,0.707111276818928),(0.,1.,0.),(-0.707102285525584,
0.,0.707111276818928),(0.,-1.,0.),(0.,0.,1.),(0.,1.,0.),(-1.,0.,0.),(0.,
0.,-1.),(-0.707102285525584,0.,0.707111276818928),(0.,0.,1.),(0.,1.,0.),
(0.,0.,1.),(0.,1.,0.),(-1.,0.,0.),(0.,0.,-1.),(0.,1.,0.),(0.707103409448861,
0.,-0.707110152908157),(0.,-1.,0.),(1.,0.,0.),(0.,0.,-1.),(0.,0.,-1.),(0.,
-1.,0.),(0.707103409448861,0.,-0.707110152908157),(0.,0.,1.),(0.,-1.,0.),
(0.707102285525584,0.,0.707111276818928),(0.,-1.,0.),(0.,0.,1.),(1.,0.,
0.),(0.,1.,0.),(0.,0.,-1.),(1.,0.,0.),(0.,1.,0.),(0.,0.,1.),(0.707102285525584,
0.,0.707111276818928),(-1.,0.,0.),(-0.707093294117925,-0.707120267997928,
0.),(0.,-0.707108467080147,0.707105095288929),(0.,0.,1.),(-1.,0.,0.),(0.,
0.,-1.),(0.,-0.7071101529617,-0.707103409395317),(-0.707093294117925,-0.707120267997928,
0.),(-0.707093294117925,-0.707120267997928,0.),(0.,-1.,0.),(0.,-0.707108467080147,
0.707105095288929),(-0.707093294117925,-0.707120267997928,0.),(0.,-0.7071101529617,
-0.707103409395317),(0.,-1.,0.),(0.,-0.7071101529617,-0.707103409395317),
(0.,-1.,0.),(0.707093294117925,-0.707120267997928,0.),(0.,-0.7071101529617,
-0.707103409395317),(0.,0.,-1.),(1.,0.,0.),(0.707093294117925,-0.707120267997928,
0.),(0.,0.,1.),(0.,-0.707108467080147,0.707105095288929),(0.707093294117925,
-0.707120267997928,0.),(1.,0.,0.),(-1.,0.,0.),(-0.707093294117925,0.707120267997928,
0.),(0.,0.7071101529617,-0.707103409395317),(0.,0.,-1.),(0.,0.7071101529617,
-0.707103409395317),(0.,0.,-1.),(0.707093294117925,0.707120267997928,0.),
(1.,0.,0.),(-1.,0.,0.),(0.,0.,1.),(0.,0.707108467080147,0.707105095288929),
(-0.707093294117925,0.707120267997928,0.),(0.,0.,1.),(0.,1.,0.),(1.,0.,
0.),(-0.707093294117925,0.707120267997928,0.),(0.,0.707108467080147,0.707105095288929),
(0.,1.,0.),(0.,1.,0.),(-0.707093294117925,0.707120267997928,0.),(0.,0.7071101529617,
-0.707103409395317),(0.,0.707108467080147,0.707105095288929),(0.,0.,1.),
(1.,0.,0.),(0.707093294117925,0.707120267997928,0.),(0.,-1.,0.),(0.707093294117925,
-0.707120267997928,0.),(0.,-0.707108467080147,0.707105095288929),(0.,1.,
0.),(0.,0.707108467080147,0.707105095288929),(0.707093294117925,0.707120267997928,
0.),(0.707093294117925,0.707120267997928,0.),(0.,1.,0.),(0.,0.7071101529617,
-0.707103409395317),(0.,-1.,0.),(1.,0.,0.),(0.707102285525584,0.,0.707111276818928),
(0.,-1.,0.),(0.707103409448861,0.,-0.707110152908157),(1.,0.,0.),(0.,1.,
0.),(0.707102285525584,0.,0.707111276818928),(1.,0.,0.),(1.,0.,0.),(0.,
1.,0.),(0.707103409448861,0.,-0.707110152908157)),$,(2,2,2,3,3,3,1,1,1,
12,12,12,7,7,7,5,5,5,11,11,11,4,4,4,6,6,6,13,13,13,8,8,8,14,14,14,35,35,
35,27,27,27,33,33,33,34,34,34,28,28,28,29,29,29,36,36,36,10,10,10,10,9,
9,9,9,18,18,18,17,17,17,21,21,21,25,25,25,25,26,26,26,26,15,15,15,15,31,
31,31,31,16,16,16,16,30,30,30,20,20,20,19,19,19,32,32,32,32,22,22,22,24,
24,24,23,23,23,38,38,38,37,37,37,40,40,40,39,39,39),((1,4,8),(9,11,2),(7,
6,13),(7,13,17),(18,19,9),(9,19,11),(1,22,4),(25,23,3),(2,11,26),(5,24,
28),(5,28,14),(25,31,23),(24,33,35),(28,24,35),(16,15,37),(18,40,19),(18,
44,40),(16,37,43),(46,32,27),(11,49,26),(26,49,47),(14,28,52),(14,52,38),
(35,33,55),(46,56,32),(58,21,62),(59,65,66),(63,20,42),(66,65,69),(64,72,
70),(64,75,72),(63,42,76),(58,10,21),(79,12,61),(80,60,68),(79,50,12),(36,
83,29),(30,86,88),(30,88,53),(36,91,83),(95,92,34),(35,55,96),(94,98,84),
(98,102,84),(85,103,87),(104,99,93),(95,105,92),(67,71,73),(67,73,108),
(80,68,110),(100,111,101),(101,111,115),(103,116,87),(104,112,99),(74,81,
109),(78,81,74),(114,113,107),(89,114,107),(77,51,82),(77,41,51),(40,117,
49),(44,120,40),(40,120,117),(49,117,47),(54,106,97),(52,96,123),(54,90,
106),(38,52,127),(52,123,127),(96,55,123),(45,39,128),(45,128,121),(119,
57,48),(119,124,57),(122,125,118),(122,126,125)),());
#918=COMPLEX_TRIANGULATED_FACE('ConvergentBody',#929,48,((-1.,0.,0.),(0.,
-1.,0.),(0.,0.,1.),(0.,0.,1.),(-1.,0.,0.),(0.,-1.,0.),(-1.,0.,0.),(0.,-1.,
0.),(0.,0.,-1.),(0.,-1.,0.),(0.,0.,-1.),(1.,0.,0.),(-1.,0.,0.),(0.,1.,0.),
(0.,0.,-1.),(0.,1.,0.),(0.,0.,-1.),(1.,0.,0.),(0.,0.,1.),(0.,-1.,0.),(1.,
0.,0.),(-1.,0.,0.),(0.,-1.,0.),(0.,0.,1.),(-1.,0.,0.),(0.,-1.,0.),(0.,0.,
-1.),(0.,0.,-1.),(-1.,0.,0.),(0.,-1.,0.),(0.,-1.,0.),(1.,0.,0.),(0.,0.,
1.),(0.,0.,-1.),(0.,-1.,0.),(1.,0.,0.),(0.,-1.,0.),(1.,0.,0.),(0.,0.,-1.),
(-1.,0.,0.),(0.,0.,1.),(0.,1.,0.),(0.,0.,1.),(1.,0.,0.),(0.,-1.,0.),(0.,
0.,1.),(1.,0.,0.),(0.,1.,0.)),$,(2,2,2,5,5,5,1,1,1,9,9,9,7,7,7,15,15,15,
10,10,10,4,4,4,6,6,6,3,3,3,12,12,12,14,14,14,11,11,11,8,8,8,13,13,13,16,
16,16),((1,5,7),(10,2,8),(5,13,7),(9,15,17),(9,17,11),(19,4,3),(10,20,2),
(22,25,29),(30,31,23),(28,27,34),(30,37,31),(28,34,39),(22,40,25),(33,41,
24),(25,13,5),(6,35,26),(19,43,4),(6,45,35),(25,40,13),(14,42,16),(33,46,
41),(16,42,48),(12,44,21),(12,18,44),(38,36,32),(36,47,32),(44,18,36),(18,
47,36)),());
#919=COMPLEX_TRIANGULATED_FACE('ConvergentBody',#930,128,((-1.,0.,0.),(0.,
-1.,0.),(-0.707102285525572,0.,0.70711127681894),(-1.,0.,0.),(0.,1.,0.),
(-0.707103409448849,0.,-0.707110152908168),(-0.707103409448849,0.,-0.707110152908168),
(-1.,0.,0.),(0.,-1.,0.),(-1.,0.,0.),(0.,-1.,0.),(0.,0.,1.),(-0.707103409448849,
0.,-0.707110152908168),(0.,1.,0.),(0.,0.,-1.),(0.,0.,-1.),(-0.707103409448849,
0.,-0.707110152908168),(0.,-1.,0.),(0.,-1.,0.),(0.,0.,-1.),(-1.,0.,0.),
(-1.,0.,0.),(-0.707102285525572,0.,0.70711127681894),(0.,1.,0.),(-0.707102285525572,
0.,0.70711127681894),(0.,-1.,0.),(0.,0.,1.),(0.,1.,0.),(-1.,0.,0.),(0.,
0.,-1.),(-0.707102285525572,0.,0.70711127681894),(0.,0.,1.),(0.,1.,0.),
(0.,0.,1.),(0.,1.,0.),(-1.,0.,0.),(0.,0.,-1.),(0.,1.,0.),(0.70711240078507,
0.,-0.707101161543364),(0.,-1.,0.),(0.,0.,-1.),(0.70711240078507,0.,-0.707101161543364),
(0.,0.,1.),(0.,-1.,0.),(0.707111276876085,0.,0.707102285468426),(0.,-1.,
0.),(0.,0.,1.),(1.,0.,0.),(0.,1.,0.),(0.,0.,-1.),(1.,0.,0.),(0.,1.,0.),
(0.,0.,1.),(0.707111276876085,0.,0.707102285468426),(-1.,0.,0.),(-0.707106781186442,
-0.707106781186653,0.),(0.,-0.707108467080147,0.707105095288929),(0.,0.,
1.),(-1.,0.,0.),(0.,0.,-1.),(0.,-0.7071101529617,-0.707103409395317),(-0.707106781186442,
-0.707106781186653,0.),(-0.707106781186442,-0.707106781186653,0.),(0.,-1.,
0.),(0.,-0.707108467080147,0.707105095288929),(0.,0.,-1.),(0.,-1.,0.),(1.,
0.,0.),(-0.707106781186442,-0.707106781186653,0.),(0.,-0.7071101529617,
-0.707103409395317),(0.,-1.,0.),(0.,-0.7071101529617,-0.707103409395317),
(0.,-1.,0.),(0.707106781186653,-0.707106781186442,0.),(0.,-0.7071101529617,
-0.707103409395317),(0.,0.,-1.),(1.,0.,0.),(0.707106781186653,-0.707106781186442,
0.),(0.,0.,1.),(0.,-0.707108467080147,0.707105095288929),(0.707106781186653,
-0.707106781186442,0.),(1.,0.,0.),(-1.,0.,0.),(-0.707106781186547,0.707106781186547,
0.),(0.,0.7071101529617,-0.707103409395317),(0.,0.,-1.),(0.,0.7071101529617,
-0.707103409395317),(0.,0.,-1.),(0.707106781186653,0.707106781186442,0.),
(1.,0.,0.),(-1.,0.,0.),(0.,0.,1.),(0.,0.707108467080147,0.707105095288929),
(-0.707106781186547,0.707106781186547,0.),(0.,0.,1.),(0.,1.,0.),(1.,0.,
0.),(-0.707106781186547,0.707106781186547,0.),(0.,0.707108467080147,0.707105095288929),
(0.,1.,0.),(0.,1.,0.),(-0.707106781186547,0.707106781186547,0.),(0.,0.7071101529617,
-0.707103409395317),(0.,0.707108467080147,0.707105095288929),(0.,0.,1.),
(1.,0.,0.),(0.707106781186653,0.707106781186442,0.),(0.,-1.,0.),(0.707106781186653,
-0.707106781186442,0.),(0.,-0.707108467080147,0.707105095288929),(0.,1.,
0.),(0.,0.707108467080147,0.707105095288929),(0.707106781186653,0.707106781186442,
0.),(0.707106781186653,0.707106781186442,0.),(0.,1.,0.),(0.,0.7071101529617,
-0.707103409395317),(0.,-1.,0.),(1.,0.,0.),(0.707111276876085,0.,0.707102285468426),
(0.,-1.,0.),(0.70711240078507,0.,-0.707101161543364),(1.,0.,0.),(0.,1.,
0.),(0.707111276876085,0.,0.707102285468426),(1.,0.,0.),(1.,0.,0.),(0.,
1.,0.),(0.70711240078507,0.,-0.707101161543364)),$,(3,3,3,4,4,4,1,1,1,11,
11,11,7,7,7,5,5,5,10,10,10,2,2,2,6,6,6,12,12,12,8,8,8,13,13,13,35,35,35,
33,33,33,34,34,34,27,27,27,28,28,28,36,36,36,14,14,14,14,9,9,9,9,18,18,
18,26,26,26,17,17,17,21,21,21,30,30,30,30,25,25,25,25,15,15,15,15,32,32,
32,32,16,16,16,16,31,31,31,20,20,20,19,19,19,29,29,29,29,22,22,22,24,24,
24,23,23,23,38,38,38,37,37,37,40,40,40,39,39,39),((1,4,8),(9,11,2),(7,6,
13),(7,13,17),(18,19,9),(9,19,11),(1,22,4),(25,23,3),(2,11,26),(5,24,28),
(5,28,14),(25,31,23),(24,33,35),(28,24,35),(16,15,37),(18,40,19),(16,37,
41),(43,32,27),(11,46,26),(26,46,44),(14,28,49),(14,49,38),(35,33,52),(43,
53,32),(55,21,59),(56,62,63),(60,20,66),(63,62,69),(61,72,70),(61,75,72),
(60,66,76),(55,10,21),(79,12,58),(80,57,65),(19,40,67),(79,47,12),(36,83,
29),(30,86,88),(30,88,50),(36,91,83),(95,92,34),(35,52,96),(94,98,84),(98,
102,84),(85,103,87),(104,99,93),(95,105,92),(64,71,73),(64,73,108),(80,
65,110),(100,111,101),(101,111,115),(103,116,87),(104,112,99),(74,81,109),
(78,81,74),(114,113,107),(89,114,107),(77,48,82),(77,68,48),(67,117,46),
(40,120,67),(67,120,117),(46,117,44),(51,106,97),(49,96,123),(51,90,106),
(38,49,127),(49,123,127),(96,52,123),(42,39,128),(42,128,121),(119,54,45),
(119,124,54),(122,125,118),(122,126,125)),());
#920=COMPLEX_TRIANGULATED_FACE('ConvergentBody',#931,128,((-1.,0.,0.),(0.,
-1.,0.),(-0.707102285525568,0.,0.707111276818945),(-1.,0.,0.),(0.,1.,0.),
(-0.707103409448845,0.,-0.707110152908173),(-0.707103409448845,0.,-0.707110152908173),
(-1.,0.,0.),(0.,-1.,0.),(-1.,0.,0.),(0.,-1.,0.),(0.,0.,1.),(-0.707103409448845,
0.,-0.707110152908173),(0.,1.,0.),(0.,0.,-1.),(0.,0.,-1.),(-0.707103409448845,
0.,-0.707110152908173),(0.,-1.,0.),(0.,-1.,0.),(0.,0.,-1.),(-1.,0.,0.),
(-1.,0.,0.),(-0.707102285525568,0.,0.707111276818945),(0.,1.,0.),(-0.707102285525568,
0.,0.707111276818945),(0.,1.,0.),(0.,0.,1.),(-0.707102285525568,0.,0.707111276818945),
(0.,-1.,0.),(0.,0.,1.),(0.,1.,0.),(-1.,0.,0.),(0.,0.,-1.),(0.,1.,0.),(0.,
0.,1.),(-1.,0.,0.),(0.,0.,-1.),(0.,1.,0.),(0.707112400785103,0.,-0.707101161543331),
(0.,-1.,0.),(1.,0.,0.),(0.,0.,-1.),(0.,0.,-1.),(0.,-1.,0.),(0.707112400785103,
0.,-0.707101161543331),(0.,0.,1.),(0.,-1.,0.),(0.707111276876118,0.,0.707102285468394),
(0.,-1.,0.),(0.,0.,1.),(1.,0.,0.),(0.,1.,0.),(0.,0.,-1.),(1.,0.,0.),(0.,
1.,0.),(0.,0.,1.),(0.707111276876118,0.,0.707102285468394),(-1.,0.,0.),
(-0.707106781186547,-0.707106781186547,0.),(0.,-0.707108467080147,0.707105095288929),
(0.,0.,1.),(-1.,0.,0.),(0.,0.,-1.),(0.,-0.7071101529617,-0.707103409395317),
(-0.707106781186547,-0.707106781186547,0.),(-0.707106781186547,-0.707106781186547,
0.),(0.,-1.,0.),(0.,-0.707108467080147,0.707105095288929),(-0.707106781186547,
-0.707106781186547,0.),(0.,-0.7071101529617,-0.707103409395317),(0.,-1.,
0.),(0.,-0.7071101529617,-0.707103409395317),(0.,-1.,0.),(0.707106781186547,
-0.707106781186547,0.),(0.,-0.7071101529617,-0.707103409395317),(0.,0.,
-1.),(1.,0.,0.),(0.707106781186547,-0.707106781186547,0.),(0.,0.,1.),(0.,
-0.707108467080147,0.707105095288929),(0.707106781186547,-0.707106781186547,
0.),(1.,0.,0.),(-1.,0.,0.),(-0.707106781186547,0.707106781186547,0.),(0.,
0.7071101529617,-0.707103409395317),(0.,0.,-1.),(0.,0.7071101529617,-0.707103409395317),
(0.,0.,-1.),(0.707106781186547,0.707106781186547,0.),(1.,0.,0.),(-1.,0.,
0.),(0.,0.,1.),(0.,0.707108467080147,0.707105095288929),(-0.707106781186547,
0.707106781186547,0.),(0.,0.,1.),(0.,1.,0.),(1.,0.,0.),(-0.707106781186547,
0.707106781186547,0.),(0.,0.707108467080147,0.707105095288929),(0.,1.,0.),
(0.,1.,0.),(-0.707106781186547,0.707106781186547,0.),(0.,0.7071101529617,
-0.707103409395317),(0.,0.707108467080147,0.707105095288929),(0.,0.,1.),
(1.,0.,0.),(0.707106781186547,0.707106781186547,0.),(0.,-1.,0.),(0.707106781186547,
-0.707106781186547,0.),(0.,-0.707108467080147,0.707105095288929),(0.,1.,
0.),(0.,0.707108467080147,0.707105095288929),(0.707106781186547,0.707106781186547,
0.),(0.707106781186547,0.707106781186547,0.),(0.,1.,0.),(0.,0.7071101529617,
-0.707103409395317),(0.,-1.,0.),(1.,0.,0.),(0.707111276876118,0.,0.707102285468394),
(0.,-1.,0.),(0.707112400785103,0.,-0.707101161543331),(1.,0.,0.),(0.,1.,
0.),(0.707111276876118,0.,0.707102285468394),(1.,0.,0.),(1.,0.,0.),(0.,
1.,0.),(0.707112400785103,0.,-0.707101161543331)),$,(2,2,2,3,3,3,1,1,1,
12,12,12,7,7,7,5,5,5,11,11,11,4,4,4,8,8,8,6,6,6,13,13,13,14,14,14,35,35,
35,27,27,27,33,33,33,34,34,34,28,28,28,29,29,29,36,36,36,10,10,10,10,9,
9,9,9,18,18,18,17,17,17,21,21,21,25,25,25,25,26,26,26,26,15,15,15,15,31,
31,31,31,16,16,16,16,30,30,30,20,20,20,19,19,19,32,32,32,32,22,22,22,24,
24,24,23,23,23,38,38,38,37,37,37,40,40,40,39,39,39),((1,4,8),(9,11,2),(7,
6,13),(7,13,17),(18,19,9),(9,19,11),(1,22,4),(3,25,23),(28,25,3),(2,11,
29),(5,24,31),(5,31,14),(24,26,34),(31,24,34),(16,15,37),(18,40,19),(18,
44,40),(16,37,43),(46,27,30),(11,49,29),(29,49,47),(14,31,52),(14,52,38),
(34,26,55),(46,56,27),(58,21,62),(59,65,66),(63,20,42),(66,65,69),(64,72,
70),(64,75,72),(63,42,76),(58,10,21),(79,12,61),(80,60,68),(79,50,12),(36,
83,32),(33,86,88),(33,88,53),(36,91,83),(95,92,35),(34,55,96),(94,98,84),
(98,102,84),(85,103,87),(104,99,93),(95,105,92),(67,71,73),(67,73,108),
(80,68,110),(100,111,101),(101,111,115),(103,116,87),(104,112,99),(74,81,
109),(78,81,74),(114,113,107),(89,114,107),(77,51,82),(77,41,51),(40,117,
49),(44,120,40),(40,120,117),(49,117,47),(54,106,97),(52,96,123),(54,90,
106),(38,52,127),(52,123,127),(96,55,123),(45,39,128),(45,128,121),(119,
57,48),(119,124,57),(122,125,118),(122,126,125)),());
#921=COMPLEX_TRIANGULATED_FACE('ConvergentBody',#932,96,((-1.,0.,0.),(0.,
-1.,0.),(0.,0.,1.),(-1.,0.,0.),(0.,1.,0.),(0.,0.,-1.),(0.,0.,-1.),(-1.,
0.,0.),(0.,-1.,0.),(-1.,0.,0.),(0.,-1.,0.),(0.,0.,1.),(0.,0.,-1.),(0.,1.,
0.),(-1.,0.,0.),(0.,-1.,0.),(0.,0.,-1.),(-1.,0.,0.),(-1.,0.,0.),(0.,0.,
1.),(0.,1.,0.),(0.,0.,1.),(0.,1.,0.),(-1.,0.,0.),(-1.,0.,0.),(0.,-1.,0.),
(0.,0.,1.),(-1.,0.,0.),(0.,0.,-1.),(0.,-1.,0.),(0.,0.,-1.),(0.,-1.,0.),
(1.,0.,0.),(-1.,0.,0.),(0.,1.,0.),(0.,0.,-1.),(0.,1.,0.),(0.,0.,-1.),(1.,
0.,0.),(-1.,0.,0.),(0.,0.,1.),(0.,1.,0.),(0.,0.,1.),(0.,-1.,0.),(1.,0.,
0.),(1.,0.,0.),(0.,1.,0.),(0.,0.,1.),(0.,1.,0.),(0.,0.,-1.),(1.,0.,0.),
(0.,1.,0.),(0.,0.,-1.),(1.,0.,0.),(1.,0.,0.),(0.,0.,1.),(0.,1.,0.),(0.,
1.,0.),(1.,0.,0.),(0.,0.,1.),(1.,0.,0.),(0.,0.,-1.),(0.,-1.,0.),(1.,0.,
0.),(0.,0.,-1.),(0.,-1.,0.),(0.,-1.,0.),(1.,0.,0.),(0.,0.,1.),(1.,0.,0.),
(0.,0.,1.),(0.,-1.,0.),(0.,-1.,0.),(0.,0.,-1.),(1.,0.,0.),(0.,0.,-1.),(1.,
0.,0.),(0.,1.,0.),(0.,0.,1.),(0.,-1.,0.),(1.,0.,0.),(0.,-1.,0.),(1.,0.,
0.),(0.,0.,-1.),(0.,0.,-1.),(0.,1.,0.),(1.,0.,0.),(0.,0.,1.),(0.,-1.,0.),
(1.,0.,0.),(1.,0.,0.),(0.,0.,1.),(0.,1.,0.),(0.,0.,1.),(0.,1.,0.),(1.,0.,
0.)),$,(2,2,2,3,3,3,1,1,1,8,8,8,10,10,10,7,7,7,4,4,4,11,11,11,6,6,6,5,5,
5,13,13,13,9,9,9,19,19,19,12,12,12,14,14,14,21,21,21,20,20,20,22,22,22,
24,24,24,23,23,23,17,17,17,15,15,15,16,16,16,18,18,18,25,25,25,29,29,29,
26,26,26,27,27,27,31,31,31,28,28,28,30,30,30,32,32,32),((1,4,8),(9,11,2),
(7,6,13),(9,16,11),(7,13,17),(1,19,4),(12,20,3),(5,21,23),(5,23,14),(12,
22,20),(25,18,28),(30,32,26),(18,34,28),(29,36,38),(29,38,31),(25,10,18),
(25,40,10),(43,41,27),(32,44,26),(18,15,34),(40,24,10),(35,14,47),(35,49,
37),(35,47,49),(14,23,52),(14,52,47),(23,42,52),(43,56,41),(42,58,52),(42,
57,58),(33,61,45),(33,64,68),(39,64,33),(33,68,61),(45,61,70),(45,70,55),
(66,73,67),(64,39,51),(65,50,76),(65,76,74),(68,46,61),(79,48,69),(67,73,
80),(82,72,63),(46,54,61),(62,53,85),(62,85,84),(70,59,55),(88,60,71),(82,
89,72),(49,47,78),(79,92,48),(47,93,78),(52,58,95),(52,95,86),(88,94,60),
(75,91,81),(75,77,91),(83,96,90),(83,87,96)),());
#922=COMPLEX_TRIANGULATED_FACE('ConvergentBody',#933,1467,((-0.965925438445138,
0.,-0.258820492551436),(0.00556476394598787,-0.999983361944959,0.00151961688653314),
(-1.,0.,0.),(0.00578786513268868,-0.999983250168325,0.),(-0.961340675754588,
0.0973135674924986,-0.257593040902884),(0.0055101744455449,-0.999984269365051,
0.0010483320200171),(-0.965925438445138,0.,0.258820492551436),(0.00556476335627768,
-0.999983361947923,-0.00151961709589419),(-0.9613413090718,0.097312248382598,
0.257591175677353),(0.00550981997044097,-0.999984271017863,-0.00104861850403999),
(-0.995258466677968,0.0972655360640117,0.),(-0.831298025744069,0.555826944645337,
0.),(-0.555241272666468,0.831689322480288,0.),(-0.802981756731246,0.555812529431511,
-0.215157455096838),(-0.947333018052332,0.195253246215261,-0.253843106564395),
(-0.831298025316296,0.555826945285155,0.),(-0.980771086870357,0.195161664163685,
0.),(-0.802979925521798,0.555814668384598,0.215158763747907),(-0.536320451078086,
0.831690135786763,0.143707660861883),(-0.802979898933937,0.555814682224274,
0.215158827222991),(-0.94733355717085,0.195255932920674,0.253839027963197),
(-0.555241274912826,0.831689320980605,0.),(-0.194368086810341,0.980928665515331,
0.),(-0.53632073055248,0.83169011746946,-0.143706723862488),(-0.187744109694667,
0.980928866703236,-0.0503061402143083),(-0.802981370342333,0.555812541095552,
-0.215158866989151),(-0.536320800534792,0.831689977906132,-0.143707270394425),
(-0.536320791834765,0.831689977906241,0.143707302862615),(-0.187744618215145,
0.980928762929341,0.0503062659035901),(-0.101770214865972,0.994434116424494,
-0.0272692401281982),(-0.105361265556511,0.994434011747552,0.),(-0.866024022540994,
0.,-0.500002392376193),(0.00498551624790948,-0.999983429564937,0.00287840638018808),
(0.00479856225321249,-0.999985168880055,0.00257600858486871),(-0.866024022540994,
0.,0.500002392376193),(0.00498551458267251,-0.999983429575243,-0.00287840568406238),
(-0.861917703603643,0.0972533034058671,0.497634069564443),(0.00479622405252018,
-0.999985185117115,-0.00257405927047012),(-0.719926633717336,0.555825340216437,
-0.415648689686023),(-0.849380788842625,0.195127191948799,-0.490385210326797),
(-0.861919314096671,0.0972514346384875,-0.497631645344104),(-0.719925972125727,
0.555825531609559,0.415649579657887),(-0.480842447669811,0.831697756428504,
0.27761372889448),(-0.719926812976361,0.555825561499091,0.41564808328912),
(-0.849377287878676,0.195135068842122,0.490388139889053),(-0.480842006380217,
0.831697744672577,-0.277614528450506),(-0.719925484521725,0.555825774463045,
-0.415650099457122),(-0.480842389315928,0.831697764787716,0.277613804923433),
(-0.168329867453947,0.980928166505795,0.0971853274857694),(-0.480841907289318,
0.831697729846992,-0.277614744496273),(-0.168329883606927,0.980928151398769,
-0.0971854519888283),(-0.0912466545530776,0.994433878820765,-0.0526811986040618),
(-0.101770509140632,0.994434077833253,0.027269549192897),(0.000737878197006488,
0.999999727767846,0.),(-1.,0.,0.),(0.000712748314509793,0.999999727758353,
0.000190979216121224),(-0.965926110614164,0.,-0.258817983984486),(-0.996854156688417,
0.0792577459496851,0.),(0.000712748145177125,0.999999727758577,-0.000190978673555837),
(-0.965926110614164,0.,0.258817983984486),(-0.961837131574459,0.0793178319063479,
0.261874041986398),(-0.823672062317865,0.555583216279746,-0.113541285642218),
(-0.991099314275781,0.0122094645644991,-0.132563487496089),(-0.831469422889048,
0.555570516488516,3.03935518294185E-6),(-0.980785072189324,0.195091368775206,
0.),(-0.831469460803735,0.555570459743973,3.25835397837668E-6),(-0.555127253186938,
0.830817146184384,0.0397064525632902),(-0.317277889514501,0.948332610862467,
0.),(-0.555127253186935,0.830817146184386,-0.03970645256329),(-0.823672450992012,
0.555583685483748,0.113536170012498),(-0.991099307705349,0.012209586735781,
0.132563525366968),(-0.823704437246159,0.555582619782865,0.113309102265425),
(-0.550363051254762,0.831468384905186,0.0759001759992005),(-0.82370337035564,
0.55558310454397,-0.113314481025347),(-0.550363066573364,0.831468384615532,
-0.0759000680948325),(-0.800596659803385,0.555552574460676,-0.224513530375739),
(-0.944251544436463,0.195076469860142,-0.265205942120948),(-0.961837243305214,
0.0793170892645656,-0.261873856544758),(-0.800462963142384,0.555549770303021,
0.224996660760945),(-0.52406593481449,0.83057917156406,0.188396220054899),
(-0.303493693070257,0.948122330156396,0.0946341657404094),(-0.544903255893574,
0.831017738916858,0.11175848657751),(-0.800597477362548,0.555550596537691,
0.224515509324726),(-0.944251258968201,0.195078059393738,0.265205789303591),
(0.00409842377684147,-0.999983361817192,0.0040594348538227),(-0.707106952116045,
0.,-0.707106610257009),(-0.707106952116045,0.,0.707106610257009),(0.00409842356278828,
-0.999983361822268,-0.004059433819628),(-0.550496884966013,0.83146547123868,
-0.0749556520921272),(-0.191496779930342,0.98072136786434,-0.0389176295604973),
(-0.550496870136183,0.831465471604137,0.0749557569528643),(-0.191496755088512,
0.980721365964237,0.0389177996784441),(-0.245588125426357,0.968583488944173,
-0.0391471275357568),(0.,1.,0.),(0.,1.,0.),(-0.245588172450548,0.968583472329823,
0.0391472436054282),(-0.587819605092625,0.555818998316659,-0.587820851092419),
(-0.392614236550211,0.831689591895663,-0.392614930931721),(-0.587820449430919,
0.555819016074212,-0.587819989963873),(-0.693510400762773,0.195161668860264,
-0.693509370550632),(-0.703753248832703,0.0972673965190214,-0.703754515674199),
(-0.587821934295685,0.555813243096301,0.587823963750757),(-0.392610372465947,
0.831692295608294,0.392613067609773),(-0.58782368070241,0.555813147084369,
0.587822308128605),(-0.693510967572475,0.195169651860067,0.693506557178453),
(0.000639028563254105,0.999999727762158,0.00036894187199536),(-0.866025638111359,
0.,-0.499999594133648),(-0.866025502506477,0.,0.499999829008375),(0.000639028768491032,
0.999999727761437,-0.000368943472393924),(-0.091246717556893,0.994433875059195,
0.0526811604830933),(-0.800464667845107,0.55554786945693,-0.224995289447333),
(-0.544903292034223,0.831017745112156,-0.111758264298322),(-0.303493631863339,
0.948122364696917,-0.0946340159769596),(-0.52406593481448,0.830579171564067,
-0.188396220054895),(-0.392612707752852,0.831692184573343,0.392610967537325),
(-0.137439082849644,0.980928658641921,0.137438950666873),(-0.76227795193437,
0.555512315230114,-0.33217223186537),(-0.921012422694247,0.0269081668374728,
-0.388602712034181),(-0.762556895173479,0.555506607644648,0.331540933349894),
(-0.50932204125164,0.83143395493348,0.222055481533187),(-0.762279935326937,
0.555510171504401,0.332171265393489),(-0.921012373079362,0.0269105523153456,
0.388602664438634),(-0.392615895841045,0.831689692704698,-0.39261305808862),
(-0.137439086984706,0.980928653132054,-0.1374389858568),(-0.0745014647892599,
0.994434029065463,-0.0745016347531088),(-0.0745014691450714,0.994434029781349,
0.0745016208417867),(-0.762557264086941,0.555504783749944,-0.331543140811519),
(-0.509321912946516,0.831433957426128,-0.222055766489476),(-0.114106191099693,
0.993043622781448,-0.0290540944759703),(-0.508452858642662,0.831448454621472,
-0.223984726813395),(-0.198724347785311,0.979469794211635,-0.0338755933427115),
(-0.223940499649836,0.967791475555424,0.115023095328011),(0.,1.,0.),(-0.510558359134218,
0.831406106993003,0.219303550297102),(-0.162154485901347,0.980127275845375,
0.114264805806491),(-0.710292630623661,0.555457689891039,-0.432378461099336),
(-0.837370396772754,0.19506201174372,-0.510648245060269),(-0.859390859394283,
0.0795429447786502,-0.505094318643059),(-0.739304226372503,0.555125125005482,
0.381136926124199),(-0.531981052526047,0.528774305419803,0.661357614064497),
(-0.266728808664612,0.94397942079192,0.194315711535911),(-0.494195582999281,
0.831181304310501,0.254771201490073),(-0.739305420942843,0.555121886676668,
0.381139325571454),(-0.828005994217591,0.194951027101483,0.525737739345213),
(-0.465050177502166,0.810180329329617,0.356841934716979),(-0.531981052526047,
0.528774305419803,0.661357614064497),(-0.855172320995973,0.0849626531662889,
0.511333207379792),(0.,1.,0.),(-0.261278466914669,0.96526346803695,0.),
(-0.0976896797660635,0.993994964264468,-0.0493025099166641),(-0.0976896527915052,
0.99399496604076,0.0493025275528886),(-0.709779902730148,0.555445780042534,
-0.433234896001375),(-0.474725422411694,0.831401755431797,-0.28880251796161),
(0.000521764659034746,0.999999727760856,0.000521766090914144),(-0.70710575550775,
0.,-0.707107806863857),(0.000521765147104505,0.999999727760637,-0.000521766023059684),
(-0.707105688695701,0.,0.707107873675706),(-0.703756324030334,0.097230773184483,
0.703756501307987),(-0.562220396762331,0.552973689229739,-0.614921396996445),
(-0.794581126525756,0.030061680942831,-0.606413331571752),(-0.531981052526047,
0.528774305419803,0.661357614064497),(-0.465050177502166,0.810180329329617,
0.356841934716979),(-0.882734400008962,0.460716678237667,0.0923045038688155),
(-0.231275402562574,0.935559729559387,0.266907625586616),(0.,1.,0.),(-0.292449490613706,
0.937629740891032,0.187946174306372),(-0.465050177502166,0.810180329329617,
0.356841934716979),(-0.69352154570334,0.195087168408083,0.693519186733695),
(-0.352568665453053,0.81521493547808,0.459477904924844),(-0.355569141722409,
0.531319215902534,0.768941139663827),(-0.882734400008962,0.460716678237667,
0.0923045038688155),(-0.474218433016624,0.83139075982964,-0.28966581133636),
(-0.142540421632237,0.98574492804928,-0.0893821292318735),(-0.45396555205662,
0.830308655381818,-0.323268950479267),(-0.0223326774988646,0.712554091330493,
-0.701261661895121),(-0.61383200861137,0.555434889053745,-0.560983376960481),
(-0.0718938749162901,0.995820331600518,0.0563306126413983),(-0.453963924967028,
0.830309792395453,-0.323268314996615),(-0.144604054423621,0.980775053779595,
-0.131034199077502),(-0.524885786340282,0.597966673330955,-0.605748106793124),
(-0.0223326774988646,0.712554091330493,-0.701261661895121),(-0.0780477135736364,
0.994432384095907,-0.0708010442525981),(-0.500000745304984,0.,-0.866024973481978),
(0.00289394384216434,-0.999983250060134,0.00501245331246704),(0.00364580563076501,
-0.999983297845295,0.00448465514293605),(-0.500000586449725,0.,0.866025065197267),
(0.00289394330682173,-0.999983250058453,-0.00501245395693448),(-0.703753278671545,
0.0972716130257238,0.703753903050225),(0.00364662844688112,-0.999983278261373,
-0.00448835143532473),(-0.415655321392861,0.555811838447868,-0.719933228875428),
(-0.490391038772948,0.195158750254125,-0.849370173299273),(-0.497628168419153,
0.0972660085536766,-0.861919676986107),(-0.41565316072106,0.555815282319504,
0.719931817551276),(-0.277611491758841,0.831703561032435,0.480833699119973),
(-0.415654310727919,0.555815134717726,0.719931267547128),(-0.490389886751517,
0.195158739441368,0.849370840911961),(-0.277609677812727,0.831704841492419,
-0.480832531577039),(-0.415653890837683,0.555811655497716,-0.719934196051544),
(-0.277609299042362,0.83170334184413,0.480835344219323),(-0.0971843550018304,
0.980928540451451,0.168328249770099),(-0.277607233987476,0.83170512258121,
-0.480833456313095),(-0.0971848722167163,0.980928339196967,-0.168329123958095),
(-0.0526808622809036,0.994433946658026,-0.0912461094155947),(-0.462723738531224,
0.540969974009819,-0.702309211828738),(-0.0223326774988646,0.712554091330493,
-0.701261661895121),(-0.524885786340282,0.597966673330955,-0.605748106793124),
(-0.498844833874593,0.805701178359471,-0.319373516288983),(-0.575247126724379,
0.548782601634192,-0.606571017556027),(-0.714603736541115,0.00500446621683094,
-0.699511583205997),(-0.524885786340282,0.597966673330955,-0.605748106793124),
(-0.105474241251725,0.980785156457389,-0.164120874069168),(-0.336473081700276,
0.58646799679325,-0.736777547179901),(0.33266326612543,0.622622284068041,
-0.708291354424616),(-0.498844833874593,0.805701178359471,-0.319373516288983),
(-0.39807168333284,0.914908888345795,-0.0669377393883362),(-0.554917209211953,
0.830487897456554,-0.0485462985057568),(-0.820008127838094,0.555610295467166,
-0.13741859353942),(-0.539995348935536,0.830829267446747,-0.134639338537783),
(-0.19508816561692,0.980785709335238,0.),(-0.555572265941493,0.831468253943971,
0.),(-0.398071683332464,0.914908888345963,0.0669377393882687),(-0.539995348935606,
0.830829267446739,0.134639338537547),(-0.820008841727464,0.555608529337823,
0.137421474362067),(-0.554917209211948,0.830487897456546,0.0485462985059539),
(-0.499998928534924,0.,-0.866026022394205),(0.000368940197149525,0.999999727765852,
0.000639023749591838),(0.000368940200404412,0.999999727765762,-0.000639023888584729),
(-0.499999081582121,0.,0.866025934032599),(-0.497629606182917,0.0972254393126282,
0.86192342409329),(-0.575247126724379,0.548782601634192,-0.606571017556027),
(-0.166679216822064,0.528220573925916,-0.832586970809032),(-0.607593966619091,
0.0618231887206509,-0.791838029564436),(-0.575247126724379,0.548782601634192,
-0.606571017556027),(-0.498844833874593,0.805701178359471,-0.319373516288983),
(0.33266326612543,0.622622284068041,-0.708291354424616),(-0.166679216822064,
0.528220573925916,-0.832586970809032),(-0.166679216822064,0.528220573925916,
-0.832586970809032),(-0.514403699659195,0.0152981436967051,-0.857411686750517),
(0.33266326612543,0.622622284068041,-0.708291354424616),(-0.336473081700276,
0.58646799679325,-0.736777547179901),(-0.37814293165735,0.808073359979699,
-0.451691673742947),(-0.383970427701169,0.548492447745943,-0.74278041534268),
(-0.882734400008962,0.460716678237667,0.0923045038688155),(-0.355569141722409,
0.531319215902534,0.768941139663827),(-0.231275402562574,0.935559729559387,
0.266907625586616),(-0.355569141722409,0.531319215902534,0.768941139663827),
(-0.352568665453053,0.81521493547808,0.459477904924844),(-0.904045085685255,
0.395652845341026,0.161744579574989),(-0.549899785845557,0.784170127771123,
0.287554231821463),(-0.0162597483880237,0.999233708687895,0.035603595382958),
(-0.231275402562574,0.935559729559387,0.266907625586616),(-0.352568665453053,
0.81521493547808,0.459477904924844),(-0.490394398245865,0.19507813837076,
0.849386751779703),(-0.319027528940859,0.552279950147577,0.770200163881363),
(-0.904045085685255,0.395652845341026,0.161744579574989),(-0.0518937119371552,
0.996095109254048,0.0714253175110211),(-0.555572265941493,0.831468253943971,
0.),(-0.83144694291509,0.555604158650511,-2.72185662914804E-6),(-0.820077622533221,
0.555605676655283,-0.137021987610329),(-0.967331141890078,0.195036157288144,
-0.161960980732742),(-0.831446986438202,0.555604093518111,-2.95829672989585E-6),
(-0.900972887212269,0.433875392835763,0.),(-0.525224702685113,0.831413199789382,
-0.181359044178434),(-0.786318602630444,0.555555361945764,-0.270298529353409),
(-0.523835365843943,0.831368956480114,-0.185532120378948),(-0.164755013425186,
0.978656873274946,-0.122827154745901),(-0.488679524925187,0.831373440440564,
-0.264595019697864),(-0.730489606500402,0.555474923320874,-0.3972814422504),
(-0.488082094443826,0.831387260206099,-0.265652202419487),(-0.225020904280259,
0.967354090139992,-0.116583261775961),(-0.5238374294219,0.831367984703357,
0.185530648538011),(-0.164754996436632,0.9786568698492,0.122827204829109),
(-0.525224272644185,0.831414003483724,0.181356605163838),(-0.78631790544543,
0.555555971596758,0.270299304473936),(-0.488083675711928,0.8313854208652,
0.265655053549388),(-0.225019984455545,0.967354365777538,0.116582750039462),
(-0.820075991892187,0.555607411375308,0.137024712905649),(-0.967331141890074,
0.195036157288158,0.161960980732749),(-0.960246955243387,0.224017955082324,
-0.16655852048616),(-0.960246483834387,0.224019157261743,0.166559621347536),
(-0.786031679097263,0.555547413922315,-0.271148059811916),(-0.85291922283595,
0.424119798342505,-0.304386589669835),(-0.786031608980711,0.555546961260303,
0.271149190516286),(-0.85291928845263,0.424119613255699,0.304386663698157),
(-0.731075468313908,0.555460449580439,-0.396222599786404),(-0.861828315882457,
0.195015565651274,-0.468210297939848),(-0.730487966882997,0.555478068830538,
0.397280059010569),(-0.488678725568769,0.831373126388528,0.264597482783658),
(-0.818850461762889,0.55555059137953,-0.144386501060725),(-0.965881961542135,
0.195104967334167,-0.170311737966154),(-0.818850410142775,0.555550520327202,
0.14438706719504),(-0.96588180197764,0.195105141527935,0.170312443343966),
(-0.81885102137564,0.555549613253594,0.144387090855979),(-0.547109874532513,
0.831483308429875,0.0964691297334451),(-0.818850280117301,0.555551337180021,
-0.144384661613721),(-0.547108808132617,0.831483884975802,-0.0964702082990125),
(-0.72007485772702,0.555568606282851,-0.415735159665794),(-0.849386925881296,
0.195079927162859,-0.490393385110418),(-0.720073633678719,0.555568605857891,
0.415737280341618),(-0.481138403934567,0.831469365082132,0.277785044934415),
(-0.720073287016214,0.555570765113614,0.415734995251468),(-0.849388169693326,
0.195079105613768,0.490391557572063),(-0.84790815293624,0.223646570657195,
0.48065993760405),(-0.84790756363653,0.223647883331991,-0.480660366380549),
(-0.731074752961597,0.555462524969251,0.396221010216425),(-0.86182897101007,
0.195011824239716,0.468210650385509),(-0.547108717483261,0.831483884971366,
0.096470722433003),(-0.192117303194131,0.980787148993236,0.0338749196771737),
(-0.547109236568518,0.831483350837229,-0.0964723822754874),(-0.192116887026233,
0.980787219489,-0.0338752388387947),(-0.481138014710179,0.831469599232239,
-0.277785018230515),(-0.720072835585362,0.555570640796839,-0.415735943282086),
(-0.481136591659978,0.831470737286648,0.277784076580746),(-0.168949295767089,
0.980786108756704,0.0975435509384759),(-0.437419564386146,0.831286044146294,
-0.342968857915467),(-0.655836286958299,0.555377744727815,-0.511306488683448),
(-0.438493782141103,0.831313042160946,-0.341528664912193),(-0.153575008308837,
0.980762298225546,-0.120499092122252),(-0.0734829562769779,0.995727083333261,
-0.0559270118407277),(-0.49853223992419,0.82835475049636,0.255526932213185),
(-0.67936224647008,0.555563175572111,0.479391798030961),(-0.490328873054359,
0.829330984019064,0.267932295916736),(-0.1513673113808,0.980728889640308,
0.123526442797633),(-0.611630358865615,0.50181447390185,0.611629412223225),
(-0.107120885599306,0.994066573975751,-0.0188881542913195),(-0.481139255508822,
0.83146822602396,-0.277786979394256),(-0.168950062301751,0.980786064223482,
-0.0975426710380993),(-0.0942037970192913,0.994066172866543,0.054388312987368),
(-0.107120781255392,0.994066590987194,0.0188878507600445),(-0.258819612873359,
0.,-0.965925674155152),(0.00140555094351111,-0.99998374781771,0.00552526261740294),
(0.00191236983328671,-0.999983762835863,0.0053681380617039),(-0.258819435693279,
0.,0.965925721630505),(0.00140555048902427,-0.999983747808799,-0.00552526434581654),
(-0.257592063492568,0.0972806253971113,0.961344271709145),(0.00191269070079692,
-0.999983770737975,-0.00536655149451994),(-0.49762752266185,0.0972661109223712,
0.861920038260782),(-0.21515840528629,0.55580822565358,-0.802984481126802),
(-0.253840260662814,0.195187831845578,-0.947347260705417),(-0.257591900539654,
0.0972803853110451,-0.961344339667168),(-0.21516006511016,0.55580441100832,
0.802986676779563),(-0.143702540758207,0.831701864293835,0.536303634809419),
(-0.21515912203496,0.555804079591923,0.802987158872494),(-0.253840836943089,
0.195187241463851,0.947347227931641),(-0.654748127837273,0.55534648229533,
-0.512733043304007),(-0.712153535070412,0.394121777496951,-0.580952121081729),
(-0.69413740919069,0.488871876304449,0.528372544442464),(-0.143703372442735,
0.831700128057379,-0.536306104513015),(-0.215159630041731,0.555808183624668,
-0.802984182046043),(-0.143701797243244,0.831701849598815,0.536303856822764),
(-0.0503066717935083,0.980928325664813,0.187746794064468),(-0.438282898483498,
0.826523486447575,-0.353223763707158),(-0.609471113683832,0.552754266298699,
-0.568337648474545),(-0.852798199632441,0.476159652123759,-0.21449292853856),
(-0.463575446482763,0.822807676148214,-0.328763339637926),(-0.172603814423468,
0.969854124725191,-0.172020056970119),(-0.523862778866167,0.824026778851535,
0.215749059451439),(-0.611630358865615,0.50181447390185,0.611629412223225),
(0.187159685948665,0.686308878389455,0.702816743824025),(-0.593410504686894,
0.278799274402221,0.755072802794565),(-0.611630358865615,0.50181447390185,
0.611629412223225),(-0.114663892415049,0.980787766032001,0.157821258955145),
(-0.254390477103896,0.828261986644971,0.499267029391866),(0.187159685948665,
0.686308878389455,0.702816743824025),(-0.143702544336295,0.831700027623308,
-0.536306482156113),(-0.0503067015531966,0.980928317879084,-0.187746826768785),
(-0.0272697523420953,0.994433933153482,-0.101771868412138),(-0.0526806484695367,
0.994434001511537,0.0912456350439926),(-0.534452890678218,0.555590473981721,
-0.63692961374587),(-0.630437897508185,0.195086247356883,-0.751325105049518),
(-0.534447082836224,0.5555917376886,0.636933384789974),(-0.357125793787716,
0.831454282040881,0.42561125958717),(-0.630437504903344,0.195086782159922,
0.751325295619503),(-0.534453947449838,0.555591595940496,0.63692774831654),
(-0.357129333455412,0.831452900139955,-0.425610989090451),(-0.534444753382176,
0.555592949783612,-0.636934282114733),(-0.35713010611478,0.831454708361038,
0.425606808275792),(-0.125392443113772,0.980788354917679,0.149435397640028),
(-0.609472284821299,0.552750795591127,-0.568339768103625),(-0.610918449659739,
0.194992477879531,-0.767304751344433),(-0.261927830162599,0.851808927004336,
-0.453668781890527),(-0.852798199632441,0.476159652123759,-0.21449292853856),
(-0.620261833727332,0.203120934153813,-0.757639190993767),(-0.970199917551845,
0.00028214552703411,0.242305675493364),(0.00485333774081124,-0.999981614328765,
0.00363539780622993),(-0.999999102689753,0.,-0.00133963411586204),(0.00497830737963185,
-0.99998016999935,0.00385695005215934),(-0.999999031709268,-0.00139152441446115,
-1.55026026787394E-5),(0.,-1.,0.),(-0.96522367859967,0.000440474514459937,
-0.261425049015436),(0.00530763394156867,-0.999976394899801,0.00436333188506667),
(-0.923825335281915,-0.00121927894140091,0.382812308122559),(0.,-1.,0.),
(0.,-1.,0.),(-0.923883001181657,-0.00140662781971033,-0.382672472913524),
(0.,-1.,0.),(0.706862729476518,-0.0008752874569091,0.707350207145566),(-0.970350325427968,
0.000280245005242805,0.241702642527081),(0.00522019721346862,-0.999977372380502,
-0.00424314365060784),(-0.999998077142925,0.,-0.00196104823777473),(0.00500489561675973,
-0.999979839264318,-0.00390795148059919),(-0.999999031724961,-0.00139150254866163,
-1.64255378716426E-5),(0.,-1.,0.),(-0.965055142950441,0.000442103404067657,
-0.262046514209757),(0.00486820563474226,-0.999981491132408,-0.00364937892017344),
(-0.923824875890666,-0.00122011225741956,0.38281341409579),(0.,-1.,0.),
(0.,-1.,0.),(-0.923881951914811,-0.00140662284906955,-0.38267500615828),
(0.,-1.,0.),(0.70686069446011,-0.000875962129310955,0.707352239918499),
(-0.886758466898196,-9.54669968051239E-5,0.462233071372456),(0.0053867197384187,
-0.999975217004428,-0.00453305938701547),(-0.886514355219668,-9.84083242169873E-5,
0.462701078781169),(0.00480806719022486,-0.999982291366544,0.003507056203075),
(-0.859260847174245,0.000529909598179154,-0.511537404017748),(0.00533525214906183,
-0.99997545497863,0.00454142321160654),(-0.858959414654303,0.000527957852390827,
-0.512043401712437),(0.00478524746042267,-0.999982660706397,-0.00343215577989816),
(-0.357134505718295,0.831452400865184,-0.425607624368819),(-0.125392147862709,
0.980788249096632,-0.149436339918839),(-0.0942041299315984,0.994066183127071,
-0.0543875488232991),(-0.0699162027980921,0.994066905900488,0.0833229330960345),
(-0.336473081700276,0.58646799679325,-0.736777547179901),(-0.0549647453635676,
0.980784082297306,-0.187193644869023),(-0.210000393508735,0.830168722518535,
-0.516449152267791),(-0.0577541410557965,0.994277702131568,-0.0898682938242137),
(-0.706847279164195,-0.00088426433319615,-0.707365635308052),(0.,-1.,0.),
(0.,-1.,0.),(-0.707213488610744,-0.0012707596371594,0.706998915626443),
(-0.706848325404379,-0.000884423185203425,-0.707364589634408),(0.,-1.,0.),
(0.,-1.,0.),(-0.70721130289587,-0.00127186777760354,0.707001100005285),
(-0.752454292345149,-0.000171070043436958,0.65864444783692),(0.00481225472512798,
-0.999978615661649,-0.00442836582404317),(-0.75217512513478,-0.000169192327528879,
0.658963240630639),(0.00476331464739886,-0.99998299597322,0.00336431241016937),
(-0.669792357204927,0.000223118325506274,-0.742548414884901),(0.00441179723759517,
-0.999980888612317,0.0043311032376375),(-0.669367920253665,0.000222831709960855,
-0.742931045038039),(0.00473475760936653,-0.999983552441045,-0.0032368067239606),
(-0.283704002457285,0.0350740957673882,-0.958270236830831),(0.307893895448148,
0.471747486509096,-0.826229785300745),(-0.132548326841414,0.425942539848788,
-0.89498820874842),(-0.258819552176238,0.,-0.965925690418933),(0.000190978131045328,
0.999999727765137,0.00071273908595727),(-0.0272697423171066,0.994433932421552,
0.101771878250168),(0.000190978510442387,0.999999727765132,-0.000712738991702899),
(-0.258819552176232,0.,0.965925690418934),(-0.257593208731437,0.0972295668528636,
0.961349130204551),(-0.383970427701169,0.548492447745943,-0.74278041534268),
(0.307893895448148,0.471747486509096,-0.826229785300745),(-0.379863644408658,
0.121197023121973,-0.917068641511062),(-0.383970427701169,0.548492447745943,
-0.74278041534268),(-0.244918775282552,0.82788251798775,-0.504604131893862),
(-0.129535555620924,0.414165211844427,-0.900937132727828),(0.307893895448148,
0.471747486509096,-0.826229785300745),(-0.572548437222681,0.000338792954511629,
0.819870826565502),(0.00414451545563013,-0.999982160861739,-0.00430127305876582),
(-0.572237547925378,0.000338064686482572,0.820087845573032),(0.00473055272391011,
-0.999983749459646,0.00318161712868409),(-0.904045085685255,0.395652845341026,
0.161744579574989),(-0.319027533046999,0.552279904212962,0.77020019511843),
(-0.158524326491743,0.846598786945739,0.508075321042405),(-0.549899785845557,
0.784170127771123,0.287554231821463),(-0.215197537702073,0.555577246600915,
0.80313382622469),(-0.0729469358726758,0.829257942567956,0.554084839383599),
(-0.664443139887832,0.686001381658531,0.296508715248955),(-0.152345680970935,
0.917342774488449,0.367794817232838),(-0.21520060291731,0.555577150282549,
0.803133071531703),(-0.253845822515953,0.195085892568148,0.947366767895142),
(-0.555286193652623,-0.000310248452839134,-0.8316592733113),(-0.195091367472296,
-0.000115574586345338,-0.980785065638902),(0.,-1.,0.),(0.,-1.,0.),(-0.382698382214332,
-0.00152838866687571,0.923872075711035),(-0.555292843178821,-0.000310604322001398,
-0.831654833352958),(-0.195091367473852,-0.000115505559576142,-0.980785065646724),
(0.,-1.,0.),(0.,-1.,0.),(-0.382698512983777,-0.00152913540385617,0.923872020306342),
(-0.539991358209139,0.00023802848089823,-0.841670527226593),(0.00399342617760948,
-0.999982841499918,0.00428593666701064),(-0.191478987228084,-2.32619567369161E-6,
-0.981496712905701),(-0.539985170533454,0.000237879539854849,-0.841674497069551),
(0.00496231849279445,-0.999984102210486,-0.00267782028226673),(-0.191478848128719,
-2.32044975175386E-6,-0.981496740042428),(-0.549899785845557,0.784170127771123,
0.287554231821463),(-0.159518129373645,0.824005620181721,0.543662307236827),
(-0.0718923022069983,0.984911241170772,0.157420913155866),(-0.0106018403034853,
0.99826547689134,0.0579106089510712),(-0.153209048604884,0.910678165757372,
0.383656442456496),(-0.664443139887832,0.686001381658531,0.296508715248955),
(-0.0272822568027226,0.996095069323576,0.0839660129636377),(-0.376066208399668,
6.92983800120353E-5,0.926592791952124),(0.00401216569692351,-0.99998272703737,
-0.00429513135131411),(-0.37585208100494,6.88745722597496E-5,0.926679668742414),
(0.0049980690375337,-0.999984076022129,0.0026204976750422),(-0.000447540422051904,
-0.000825925313157313,-0.999999558777376),(0.,-1.,0.),(-0.187078066268648,
-6.64139507799559E-5,0.982345047684555),(0.00441594290134526,-0.999984007823715,
0.00353320606695963),(0.000456596315712541,-0.000813810839687094,0.999999564615766),
(0.,-1.,0.),(0.,-1.,0.),(-0.000447148872858832,-0.000825240535164152,-0.999999559517875),
(-0.18719338660085,-6.65224461211346E-5,0.982323079026279),(0.00383978909250674,
-0.999983206087299,-0.00434091730995319),(0.000456792060791817,-0.000814477396110868,
0.999999563983697),(0.,-1.,0.),(-0.0485258288596944,0.,-0.998821928039968),
(0.00389473495304347,-0.99998321455753,0.00428971360744856),(-0.0484377312122357,
0.,-0.998826204199215),(0.00437525403851851,-0.999984067675583,-0.00356672778509293),
(0.00526020386447815,-0.999982186379751,-0.00282084712038872),(0.00572742470825727,
-0.999982977188643,-0.00111442323630795),(0.00525951871648523,-0.999982200919936,
0.00281696755241847),(0.00572722145882109,-0.999982978700543,0.00111411110385632),
(0.0493613002366565,0.,0.998780988024375),(0.00377625926492337,-0.999983420171537,
-0.00434732653475464),(0.0493789013925017,0.,0.998780117992579),(0.00427666085839337,
-0.999984271974573,0.00362849492018898),(0.186550505271087,-7.4139899171118E-5,
-0.98244536921214),(0.00376178960529819,-0.99998333538443,0.00437925705975793),
(0.382677915537799,-0.00152798068084121,-0.923880554094892),(0.,-1.,0.),
(0.192303220742646,-1.80285246760632E-6,0.981335554888721),(0.540714551519454,
0.000208367418242241,0.841206116453117),(0.00423836056163778,-0.999984077974527,
0.00372560024499857),(0.195081963507867,-8.92711150126964E-5,0.980786938914147),
(0.,-1.,0.),(0.555273270702649,-0.000312828981718028,0.831667900655791),
(0.186503031217965,-7.39010150741791E-5,-0.982454382597559),(0.00431403184132875,
-0.999984198160783,-0.00360451910918396),(0.382681648865589,-0.00152671901350634,
-0.923879009800833),(0.,-1.,0.),(0.192293832321407,-1.81246079345926E-6,
0.981337394603845),(0.540713817024419,0.000208236753191773,0.841206588607304),
(0.00318593615378123,-0.999982487622799,-0.00498741000352604),(0.195081963501475,
-8.96310425165879E-5,0.980786938882592),(0.,-1.,0.),(0.555273111979595,
-0.000313236805126572,0.831668006475661),(0.374992975862751,7.09451105970327E-5,
-0.92702764954471),(0.00315088567570819,-0.99998248717365,0.0050097171038344),
(0.374842451896498,7.08945519478785E-5,-0.927088523944819),(0.00416700909832287,
-0.99998454660521,-0.00368002526447295),(-0.501785914183296,0.814975336560595,
-0.289872553245695),(-0.852798199632441,0.476159652123759,-0.21449292853856),
(-0.261927830162599,0.851808927004336,-0.453668781890527),(-0.244002964918,
0.555088148579313,-0.795197900159461),(-0.210678712424582,0.831262269964006,
-0.514409874191201),(-0.0213713855700071,0.999471064020578,-0.0245123655405001),
(0.572185577035414,0.000351871257479473,-0.820124101352514),(0.00309649315077562,
-0.999981616797235,0.00521323294658537),(0.57191543178658,0.000351641784932226,
-0.820312510713097),(0.00409511731241051,-0.999984300897399,-0.00382465330952511),
(0.670580422594471,0.000210556395650653,0.741836809884105),(0.00300035581551265,
-0.999982260089877,-0.00514561663180644),(0.670174625555996,0.000210668245917194,
0.742203426884955),(0.00405548498783448,-0.999983653605077,0.00403057863771619),
(0.00363335890613437,-0.999983654491682,0.00441468600454157),(0.707216605878886,
-0.00127580719871165,-0.706995788307922),(0.,-1.,0.),(0.,-1.,0.),(0.707217467054926,
-0.001274786039635,-0.706994928703854),(0.752762546695935,-0.000175294098714472,
-0.658292121754338),(0.00292158817521362,-0.999982801799167,0.00508531497765918),
(0.752449666470003,-0.000172490533410558,-0.658649732161334),(0.00403955598051913,
-0.999983651891564,-0.00404696640600174),(0.00363855717699948,-0.99998363889716,
-0.00441393698012438),(-0.261927830162599,0.851808927004336,-0.453668781890527),
(-0.335451705651066,0.195090060907504,-0.921635514349842),(-0.188138895345812,
0.552762024986924,-0.811823810805283),(-0.210678712424582,0.831262269964006,
-0.514409874191201),(-0.198741096879928,0.55334555601892,-0.808894722473249),
(-0.0632300259117775,0.931349097110087,-0.35859562620788),(-0.547716378895877,
0.763025144599039,-0.343219167586549),(-0.547716378895877,0.763025144599039,
-0.343219167586549),(-0.210678712424582,0.831262269964006,-0.514409874191201),
(-0.101199201658518,0.974839061530303,-0.198614011838031),(-0.0181367207051516,
0.999049511577729,-0.0396375173082863),(-0.547716378895877,0.763025144599039,
-0.343219167586549),(-0.061391796791534,0.925230888320973,-0.374404661540812),
(0.980739070903201,-0.00980034187215665,0.195076467322729),(0.,1.,0.),(0.831428613066957,
-0.00980007348050651,0.555545155620435),(0.980738975368926,-0.00980173704659568,
0.19507687752058),(0.,1.,0.),(0.980739077958789,-0.00980215298800574,-0.195076340854919),
(0.980738946976665,-0.00980215167888406,0.195076999427317),(0.980739048937935,
-0.0098015637026876,-0.195076516365494),(0.,1.,0.),(0.,1.,0.),(0.980738951526669,
-0.00979958576541624,-0.19507710546652),(0.831430167089255,-0.009797430035431,
-0.555542876489866),(0.,1.,0.),(-0.831434649179843,-0.00976573072419876,
-0.555536726640656),(-0.980738948917401,-0.00976915916758244,-0.195078644668116),
(0.980738922576068,-0.00979899793939105,-0.195077280542139),(0.831429973623822,
-0.00979621693944719,-0.555543187424314),(0.,1.,0.),(0.980739099365227,
-0.00979992620925935,0.195076345112822),(0.831428999263779,-0.00979787637767836,
0.555544616391626),(0.,1.,0.),(-0.33544874275779,0.19508939781883,-0.921636733122603),
(0.859017654121397,0.00054590367119464,0.511945672798348),(0.00273715129369888,
-0.999983937890796,-0.00496305986388183),(0.858706546022768,0.000544432685881045,
0.512467336920801),(0.00395261887682843,-0.999983523565729,0.00416285972418333),
(0.,-1.,0.),(0.923835865858292,-0.00123617139112187,-0.382786839943789),
(0.887400944164557,-0.000114245987668748,-0.460998428678132),(0.0029159649198717,
-0.999983388376215,0.00497193324672894),(0.923897086320308,-0.00137952875439145,
0.382638564168931),(0.,-1.,0.),(0.,-1.,0.),(0.999999037423636,-0.00138708677628937,
3.37946046176505E-5),(0.,-1.,0.),(0.923834786956061,-0.00123552056418346,
-0.382789445908303),(0.887141553632981,-0.000117279082442879,-0.461497399844546),
(0.00389283355783239,-0.999983505499568,-0.00422310024574401),(0.923896470192893,
-0.00138021431288915,0.382640049359138),(0.,-1.,0.),(0.,-1.,0.),(0.999999037494203,
-0.00138706569054934,3.25490032677047E-5),(-0.344197105105674,0.267419935109087,
0.900008295041288),(0.179307038178639,0.501038808548545,0.846645792753887),
(0.187159685948665,0.686308878389455,0.702816743824025),(-0.254390320892168,
0.828262162834228,0.499266816695788),(-0.400934637156575,0.523714418644844,
0.751647939152113),(-0.406404229295576,0.490185123185628,0.771073373563217),
(-0.28438236578324,0.555564708091783,-0.781328692135659),(-0.190018917978159,
0.831463780490358,-0.522073550894021),(-0.28437870949919,0.555563666187306,
-0.781330763758919),(-0.335445732038261,0.19509006336563,-0.921637688049545),
(-0.284382447700497,0.55555960162273,0.781332293255992),(-0.190019169136701,
0.831464272595736,0.522072675742986),(-0.335444659742008,0.195097111775871,
0.921636586311156),(-0.284379367709228,0.555558632791967,0.781334103154099),
(-0.171682621549918,0.831464897514082,0.528385466926981),(-0.0602828522173336,
0.98078753804838,0.185531083480748),(0.964738543820127,0.000447352476324649,
0.263209691963618),(0.0029337095493927,-0.999984036690352,-0.00482904884518337),
(0.964552371590221,0.000449791883590606,0.263891114187163),(0.00385945972814751,
-0.999983453454171,0.00426583971539565),(0.970882552643366,0.000270740201488257,
-0.239555829969642),(0.00311673366206347,-0.999984488112469,0.00461622201837389),
(0.00197290242977662,-0.999983425372724,0.00540894036160377),(0.970732340113509,
0.000272572695854896,-0.240163797358963),(0.00386682115633944,-0.999983449504263,
-0.00426009526883847),(-0.190020041094059,0.831463929375228,0.522072904995575),
(-0.0667208590519554,0.980787836421386,0.183312702492831),(0.999993345230256,
0.,0.0036482180301721),(0.00334087090080577,-0.999984441208882,-0.00446720514242189),
(0.00197367643561609,-0.999983419121916,-0.0054098135430516),(0.999990558865604,
0.,0.00434536293921749),(0.0033383180156241,-0.999984493464715,0.00445740540497837),
(-0.428559411971148,0.329998653614908,0.841093169050428),(-0.171683197234678,
0.831464917456912,0.528385248493605),(-0.062895923052917,0.544528069400137,
0.836381064167931),(0.831430298727208,-0.00979048344895812,0.555542801944388),
(0.,1.,0.),(0.555542897602784,-0.00978828237932094,0.831430260726157),(0.,
1.,0.),(-0.980737126308171,-0.00976254037337991,0.19508813876361),(-0.831427066939048,
-0.00977799201414779,0.555547858634431),(0.831429324246281,-0.00979214517605086,
-0.55554423107096),(0.,1.,0.),(0.555543234890634,-0.00979224746730146,-0.831429988668192),
(0.831429131255263,-0.00979093509111775,-0.555544541229738),(0.555542987703351,
-0.00979124031372942,-0.831430165694482),(0.,1.,0.),(0.831430685863959,
-0.00978828088953023,0.555542261363629),(0.555542965911248,-0.00978801587164996,
0.831430218221487),(0.,1.,0.),(-0.190019215199309,0.831464260657439,-0.522072677990735),
(-0.0667207962954243,0.980787859990483,-0.183312599231458),(-0.0699156011693277,
0.994066930085846,-0.0833231493813876),(-0.0372018115464439,0.994066768395687,
0.102211962064221),(0.555543195759076,-0.00978711911171039,0.831430075198922),
(0.,1.,0.),(0.195082274360302,-0.00978872536170343,0.980738031834294),(0.555542158008093,
-0.00978785977560325,-0.831430759881257),(0.,1.,0.),(0.195082455736099,
-0.00978872572086,-0.980737995752553),(0.555541911430454,-0.00978685511683663,
-0.831430936465032),(0.195082422078107,-0.00978861124373267,-0.980738003590183),
(0.,1.,0.),(0.555543264237101,-0.00978685194175394,0.831430032588345),(0.195082048736722,
-0.00978948290922547,0.980738069152541),(0.,1.,0.),(0.,-0.99998403268204,
0.00565105131502667),(0.,0.,-1.),(0.,-0.999984032678366,-0.00565105196503698),
(0.,0.,1.),(0.,0.0972773811233852,0.995257309001936),(0.,0.55581027546046,
-0.831309170942176),(0.,0.195186956798636,-0.9807660536008),(0.,0.0972801925018623,
-0.995257034211163),(0.,0.555810093300525,0.831309292733614),(0.,0.19518108168299,
0.980767222817452),(0.,0.831698763531843,-0.555227130766863),(0.,0.555810334249937,
-0.831309131635743),(0.,0.831700646259791,0.555224310536783),(0.,0.555810334249806,
0.831309131635831),(0.,0.831698722517388,-0.555227192204186),(0.,0.98092819908568,
-0.194370440753025),(0.,0.994433898035604,-0.10536233880146),(0.,0.83170060524575,
0.555224371973938),(0.,0.980928201942024,0.194370426337927),(-0.00308995167659197,
0.831468703957537,-0.555562999611935),(-0.0250633656280555,0.543935705205024,
-0.838752511952428),(-0.00357306218173548,0.831467309588154,-0.555562189419765),
(-0.00107299280948087,0.98078380988324,-0.195094764043907),(-0.000636977460281719,
0.994317062149821,-0.106457381977311),(-0.0300977976985975,0.994277338034293,
-0.102502183611546),(0.,0.,-1.),(0.,0.999999727766023,0.000737880668025092),
(0.,0.994433897320701,0.105362345548881),(0.,0.999999727766111,-0.000737880547896554),
(0.,0.,1.),(0.,0.097229524953674,0.995261985347217),(0.,0.0972295932534044,
-0.995261978674846),(-0.033509488013427,0.555260742408955,-0.831000976023816),
(0.00615643762285532,0.195081793901943,-0.980767654423715),(0.0250634494929962,
0.543935703123866,0.838752510796038),(0.00308946542473173,0.831468657187281,
0.555563072313638),(0.0335096545108327,0.555260739307518,0.831000971382244),
(-0.00615620519933285,0.195081794181059,0.980767655827129),(-0.664443139887832,
0.686001381658531,0.296508715248955),(-0.0729469401383116,0.829257999118837,
0.554084754186469),(-0.0260277790429008,0.982891115291045,0.182339272237279),
(0.000636847404764461,0.994317063635862,0.106457368875712),(0.,0.996095064551436,
0.0882871586147814),(0.00357247109403985,0.831467356484181,0.5555621230353),
(0.00107277560495688,0.980783810111799,0.19509476408936),(-0.00686565328201602,
0.555583495085511,-0.831432404223927),(0.0225447179585156,0.840790577330349,
-0.540890876947161),(-0.00771933687704255,0.555580189032916,-0.831427125725597),
(-0.00838873759755788,0.195076667479251,-0.980752121020755),(-0.00407466246009432,
0.197785079029209,-0.980236940560417),(0.0223817618910302,0.831257434140122,
-0.555436886532965),(0.00120349057382537,0.980786859495549,-0.195078670928673),
(0.,0.99609507037169,-0.0882870929480522),(0.0040737606628581,0.197788897808647,
0.980236173775332),(0.0532347104541898,0.527757497589375,0.847725244015453),
(-0.164654427186655,0.2981274954587,0.940217483383157),(0.,0.555566624326359,
-0.831472023542761),(0.,0.195083531703873,-0.9807866310556),(0.,0.555566474960497,
0.831472123344852),(0.,0.831465739206278,0.555576029474056),(0.,0.555566633438518,
0.831472017454258),(0.,0.195083531703794,0.980786631055615),(-0.0223822806575907,
0.831255019112072,0.55544047990181),(-0.00120347864801454,0.980786859509619,
0.195078670931505),(0.,0.831465684989365,-0.555576110614156),(0.,0.555566937474469,
-0.831471814305746),(0.,0.831465637505121,0.555576181678266),(0.,0.980787259721994,
0.195080371044916),(0.00686528054161143,0.555583529044351,0.831432384609662),
(-0.0225452045518446,0.840788398601463,0.540894243386729),(0.,0.831465692330455,
-0.555576099627599),(0.,0.980787569777045,-0.195078812203782),(0.,0.994066674896541,
-0.108772449913271),(-0.0372017870883384,0.994066769418519,-0.102211961018578),
(0.,0.994066586758612,0.108773255398936),(0.00771883094985596,0.555580191202626,
0.831427128972841),(0.00838816537643591,0.195084505211633,0.980750566916966),
(0.195081289554129,-0.00979203191674881,0.98073819471704),(0.,1.,0.),(-0.195080065871835,
-0.00979279332381407,0.980738430519758),(0.,1.,0.),(-0.831433763660697,
-0.0098199833189352,0.555537095586446),(-0.555547422781858,-0.00980525897513835,
0.831427037049473),(0.195082309104888,-0.00978822700074322,-0.980738029897121),
(0.,1.,0.),(-0.195080253595105,-0.00978811682047424,-0.980738439863748),
(0.195082275530115,-0.00978811280670097,-0.980738037715309),(-0.195080219986259,
-0.00978822966591068,-0.980738445422693),(0.,1.,0.),(0.195081063370567,
-0.00979279134262991,0.980738232125132),(-0.19507984266919,-0.00979203416005386,
0.980738482497334),(0.,1.,0.),(0.258818438630185,0.,-0.965925988792637),
(-0.00140554471414512,-0.9999837477854,0.00552527004978688),(-0.00191303939473111,
-0.999983773154734,0.00536597684460873),(0.,-1.,0.),(-0.0019740447435005,
-0.999983417408787,0.0054099958220708),(0.258818261450914,0.,0.965926036267543),
(-0.00140554425966037,-0.999983747776488,-0.00552527177820034),(-0.00191044839855058,
-0.999983745431434,-0.00537206290346132),(-0.00196810564430454,-0.999983443228891,
-0.00540738645416784),(0.21515949759598,0.555808247196394,-0.802984173531905),
(0.143703216402918,0.831700045737167,-0.536306273985538),(0.215158307404823,
0.55580815658162,-0.802984555164066),(0.253839837883424,0.195188100670351,
-0.947347318600743),(0.215160524596695,0.555804190461793,0.802986706316104),
(0.143702051794583,0.831701606338087,0.536304165865485),(0.215159461610929,
0.555804319220861,0.80298690201941),(0.253840097224025,0.195187711815545,
0.9473473292291),(0.143702360899699,0.831699869098785,-0.536306777146174),
(0.0503064814447594,0.980928317355766,-0.187746888480829),(0.143701087341066,
0.831701846176721,0.536304052346455),(0.0503064512874564,0.980928317879084,
0.187746893827232),(0.258818234733035,0.,-0.965926043426553),(-0.000190977294042896,
0.999999727765043,0.000712739442001893),(0.0272695908339077,0.994433941433733,
-0.101771830780041),(0.258818234733039,0.,0.965926043426552),(-0.000190977294042899,
0.999999727765043,-0.000712739442001887),(0.283701755210615,0.0350694392905634,
0.958271072566767),(-0.307874711582614,0.471753485179892,0.826233508875395),
(0.132547659567315,0.425939929507129,0.894989549880159),(0.0272695700407871,
0.994433942536102,0.10177182558005),(0.215198811095388,0.555568619502996,
-0.803139452851538),(0.253845566598159,0.195088596583851,-0.947366279641303),
(0.0729465859550423,0.829257060341908,-0.554086205811516),(0.664479159296188,
0.685977358748056,-0.296483574833535),(0.152343932790127,0.917344403503345,
-0.367791478290524),(0.215202044702895,0.555568407818805,-0.803138732840953),
(0.210000116013795,0.830167926056365,0.516450545378225),(0.33647448787459,
0.586472338186452,0.736773449271653),(0.0549647358203329,0.98078453674323,
0.187191266627393),(0.129534866931326,0.414162521587498,0.900938468465727),
(-0.307874711582614,0.471753485179892,0.826233508875395),(0.383970427701166,
0.548492447745732,0.742780415342838),(0.244918837238192,0.827881686024979,
0.504605466786012),(0.0729465824335891,0.829257013656134,-0.554086276146026),
(0.0260276213099682,0.982891397750184,-0.182337772163735),(0.664479159296188,
0.685977358748056,-0.296483574833535),(0.171682250160297,0.831465017043288,
-0.52838539950788),(0.0628999270395803,0.544522721548071,-0.836384244768095),
(0.428555679143623,0.330000345910218,-0.841094407051245),(0.171681888795564,
0.831464882403941,-0.528385728789667),(0.0602825497477022,0.980787537569261,
-0.185531184291861),(0.0613919081557196,0.925231265294047,0.374403711700855),
(0.0181361789706997,0.999049548835064,0.0396368261191347),(0.547651583654592,
0.763067914077885,0.343227477666696),(-0.0532247603184741,0.527753508571592,
-0.847728352173865),(0.164654968251512,0.298133009523552,-0.940215640192463),
(0.18813833880773,0.552756661545347,0.811827591664579),(0.261925504931667,
0.851809956086118,0.45366819216125),(0.335449388021359,0.195090078100843,
0.921636354264903),(0.0632301730011463,0.931349578241863,0.358594350667923),
(0.547651583654592,0.763067914077885,0.343227477666696),(0.210674470338293,
0.831269905342497,0.514399272957841),(0.198740266289405,0.553339968021656,
0.808898749130575),(-0.195079091617407,-0.00978947966245532,0.980738657391288),
(0.,1.,0.),(-0.555542905376898,-0.00978685278397421,0.831430272360816),
(-0.195080107176383,-0.00978860843753763,-0.980738464081484),(0.,1.,0.),
(-0.555548583585336,-0.00978683945675913,-0.831426478439179),(-0.195080073650636,
-0.00978872100392077,-0.980738469626623),(-0.555547310383628,-0.00979180685367721,
-0.831427270688217),(0.,1.,0.),(0.284381625057233,0.555578742447016,-0.781318982407825),
(0.335455557230685,0.195069069255861,-0.921638555694532),(0.284382298499684,
0.555573700117396,0.781322322756686),(0.335454484973722,0.195076117774075,
0.921637454092014),(0.190018390209617,0.831464268000917,-0.522072966566786),
(0.284374941946494,0.555578289395385,-0.781321737023504),(0.190018324648392,
0.831464406958329,0.522072769122516),(0.28437503708522,0.55557319129526,
0.781325327502431),(0.190019012734209,0.831464239728225,-0.522072785014389),
(0.0667209888553159,0.980787024699544,-0.18331699819489),(0.190019062964602,
0.831464213781534,0.522072808055266),(0.066721122666835,0.980787019385639,
0.1833169779227),(-0.195078867860766,-0.00978871861623075,0.980738709495049),
(-0.555543940347343,-0.00979106970313181,0.831429531167504),(0.,1.,0.),
(0.0372033093329931,0.994066503967772,-0.102213988592391),(0.037203422798125,
0.994066498199839,0.10221400338903),(-0.555548460297828,-0.00980948645727394,
0.831426293928786),(-0.83143222954736,-0.0098103628890195,0.555539561552453),
(0.,1.,0.),(0.0699191939502136,0.994066434056758,-0.0833260523427885),(-0.555543036793124,
-0.00980847983996783,-0.831429929695764),(0.,1.,0.),(-0.831424642002401,
-0.00982266371765669,-0.555550699710358),(0.069919558876891,0.994066416087301,
0.0833259605033767),(-0.555541766706285,-0.00981343482955922,-0.831430719868893),
(-0.831426511293653,-0.00981203018920725,-0.555548090071087),(0.,1.,0.),
(-0.179290839851625,0.501036794391,-0.846650415113399),(0.344195754136357,
0.267408462159941,-0.900012220583565),(0.357117580323385,0.83146492878411,
-0.425597351995999),(0.534461901321992,0.555562774338775,-0.636946214216149),
(0.357116781386034,0.831465075750813,-0.425597735260862),(0.125396339794943,
0.980786761186431,-0.149442587796992),(0.357115671245461,0.831466769047363,
0.425595358669292),(0.125396435895172,0.980786843070446,0.149441969756479),
(0.254388422837267,0.828262025532229,-0.499268011580571),(0.400926804127628,
0.523728947628997,-0.751641994002084),(-0.187165223786809,0.686305828038819,
-0.702818247774476),(0.53446116245601,0.555564855462145,-0.63694501897848),
(0.630437863601903,0.195085206946615,-0.751325403648556),(0.534461228629069,
0.555564640806445,0.636945150682468),(0.63043558785421,0.195087199257577,
0.751326795910243),(0.357115525358938,0.83146702048937,0.425594989850843),
(0.534461901321826,0.555562774339162,0.636946214215951),(0.254388602454018,
0.828261822943143,-0.499268256147326),(-0.187165223786809,0.686305828038819,
-0.702818247774476),(0.611625191353036,0.501827070388387,-0.611624244718741),
(0.11466355065232,0.980787767793239,-0.157821496314535),(0.0272821926402441,
0.996095055559022,-0.0839661971010358),(0.335445285204168,0.195083685963639,
0.921639200612221),(0.406401551274711,0.490196985523623,-0.771067243828358),
(0.593408294747596,0.278802588553831,-0.755073315871004),(0.523846983944992,
0.824044226254355,-0.215720769951799),(0.611625191353036,0.501827070388387,
-0.611624244718741),(-0.187165223786809,0.686305828038819,-0.702818247774476),
(0.547651583654592,0.763067914077885,0.343227477666696),(0.101200540839054,
0.974838005115888,0.198618514533663),(0.210674470338293,0.831269905342497,
0.514399272957841),(0.0213713560565034,0.999471064469628,0.0245123729625404),
(0.501755353729181,0.814997680954275,0.289862631332944),(0.852845656658718,
0.476092685085557,0.214452887894719),(0.261925504931667,0.851809956086118,
0.45366819216125),(0.24400009242536,0.555082659271711,0.795202613345971),
(0.210674470338293,0.831269905342497,0.514399272957841),(0.057756359488208,
0.994277396424921,0.0898702503454299),(0.0300968113353314,0.994277495176197,
0.102500948939968),(0.261925504931667,0.851809956086118,0.45366819216125),
(0.852845656658718,0.476092685085557,0.214452887894719),(0.60948747664189,
0.552721062860475,0.568352392875308),(0.610922003456738,0.195024115651533,
0.767293881121662),(0.620258232718236,0.203135475485196,0.757638240418641),
(0.664479159296188,0.685977358748056,-0.296483574833535),(0.0106019188226239,
0.998265432449402,-0.0579113606634041),(0.153207272936231,0.910679980027629,
-0.38365284502571),(0.15852229053105,0.846604720329733,-0.50806606944393),
(0.549854122500484,0.784198917972561,-0.287563038340964),(0.904072582173532,
0.395597577169257,-0.161726074273433),(0.319030694590445,0.55226485879134,
-0.77020967382481),(0.31903067267167,0.552265104013563,-0.770209507071647),
(0.904072582173532,0.395597577169257,-0.161726074273433),(0.352571834279155,
0.815211046414491,-0.459482373412542),(0.490388610307741,0.19510038848511,
-0.84938498296909),(0.159516118442682,0.824012122254007,-0.543653042238732),
(0.071893076105751,0.984910658584469,-0.157424204666119),(0.549854122500484,
0.784198917972561,-0.287563038340964),(0.0162595444378273,0.999233715050204,
-0.0356035099623956),(0.231273981001131,0.935561384224803,-0.266903057418344),
(0.355570565439103,0.531303728726835,-0.768951182347929),(0.352571834279155,
0.815211046414491,-0.459482373412542),(0.904072582173532,0.395597577169257,
-0.161726074273433),(0.549854122500484,0.784198917972561,-0.287563038340964),
(0.257592318571805,0.0972313473052119,-0.96134918864792),(-0.000368939553949415,
0.999999727766235,0.000639023521316172),(0.499999626339241,0.,-0.866025619517471),
(0.499999779386722,0.,0.866025531155536),(-0.000368939677573891,0.999999727766235,
-0.000639023449940937),(-0.307874711582614,0.471753485179892,0.826233508875395),
(0.379861932805822,0.121180114031588,0.917071584974868),(0.383970427701166,
0.548492447745732,0.742780415342838),(0.514405309460853,0.0153013222102646,
0.857410664231033),(0.166686123307789,0.528219126802715,0.832586506242083),
(-0.332641908961047,0.622622587396084,0.708301118216649),(0.33647448787459,
0.586472338186452,0.736773449271653),(0.378143058021368,0.808072636346871,
0.451692862526812),(0.383970427701166,0.548492447745732,0.742780415342838),
(0.33647448787459,0.586472338186452,0.736773449271653),(-0.332641908961047,
0.622622587396084,0.708301118216649),(0.498840556688629,0.805712873579159,
0.319350691797268),(0.524885612440443,0.597960565869771,0.605754286421255),
(0.105476468432046,0.980784289420162,0.164124624093068),(0.277616962348001,
0.831690312854865,-0.480853455555895),(0.415652498393396,0.555811719050135,
-0.719934950912832),(0.277621363753524,0.831690551102706,-0.480850502333221),
(0.0971849870635094,0.980928339237697,-0.168329057413864),(0.052681029001056,
0.994433925454674,-0.091246244241605),(0.277624402327233,0.831688730297507,
0.480851897291221),(0.0971845017350376,0.980928534701185,0.168328198563099),
(0.415654097183468,0.555811760810126,-0.719933995613308),(0.490377973316462,
0.195205281487595,-0.849367023945119),(0.415651188261019,0.555815153775377,
0.719933055589793),(0.277619554007613,0.831689077200485,0.480854096476281),
(0.49762832872712,0.0972887326127324,-0.861917019761683),(0.257591078724139,
0.0972806314849996,-0.961344534961121),(0.415652434107728,0.555815265798395,
0.719932249816454),(0.490377747894615,0.195205013024364,0.849367215790652),
(0.257591096766365,0.0972807690865335,0.961344516202508),(-0.0028939403744075,
-0.999983250096111,0.00501244813731002),(0.499999692507514,0.,-0.866025581315235),
(-0.00289393983906782,-0.999983250094429,-0.00501244878177283),(0.499999533652916,
0.,0.866025673029886),(0.497628110105499,0.0972889659172634,0.861917119648739),
(-0.831425528689334,-0.00976834794518785,0.555550330413081),(-0.980737490050188,
-0.00976992065585977,0.195085940704182),(0.,1.,0.),(0.0941983466002533,
0.994066859455424,-0.0543852041479072),(-0.831432784923078,-0.00977633815423877,
-0.555539330171454),(0.,1.,0.),(-0.980739467165713,-0.00976158686055991,
-0.195076418271088),(0.0941981147852194,0.994066854204778,0.0543857016349618),
(0.481139517655404,0.831468846149705,-0.277784669182451),(0.720096873626124,
0.55553139159039,-0.415746756513539),(0.481139006161046,0.831468762774331,
-0.277785804678504),(0.168941337611823,0.98078806857744,-0.0975376285443857),
(0.481136912885245,0.831470121801077,0.277785362485782),(0.168940849511197,
0.980788093810948,0.0975382202273641),(-0.980738713566186,-0.00979475433125927,
0.195078544438218),(0.,1.,0.),(-0.980736691738564,-0.00980212913847946,
-0.195088338303573),(-0.980739077958789,-0.00980215298793772,0.195076340854922),
(-0.980737208967426,-0.00979457562469706,-0.195086117484346),(0.,1.,0.),
(0.107120949363085,0.994066562158559,-0.0188884145924068),(0.107120881396965,
0.994066573217388,0.0188882180360224),(-0.970393835824187,0.000279298498876026,
0.241527897740135),(-0.00309033354359926,-0.999984410969952,-0.00465055433989004),
(-0.999998114773012,0.,-0.00194176470300162),(-0.00329366073175555,-0.999984305956529,
-0.00453206791912581),(-0.999999031314379,-0.00139180478823258,-1.58030399472518E-5),
(0.,-1.,0.),(-0.96509474556117,0.000441033671540406,-0.261900625389708),
(-0.00383682687522079,-0.999983436876687,-0.00429007363798363),(-0.923837340145382,
-0.00121948821024592,0.382783335323797),(0.,-1.,0.),(0.,-1.,0.),(-0.923893973615798,
-0.00140616636119721,-0.382645982877875),(0.,-1.,0.),(0.706860425988557,
-0.000877830507460113,0.707352505887182),(-0.00363401797692908,-0.999983692755859,
-0.00440546656989597),(-0.886895521528072,-9.29451280825364E-5,0.461970048005986),
(-0.00286521765402432,-0.999983601538089,-0.00495854643086378),(-0.859129673870108,
0.000528324964865225,-0.511757681279504),(-0.00391051195909654,-0.999983513923991,
-0.00420473262462985),(-0.706856314682324,-0.000883024926606656,-0.707356607844093),
(0.,-1.,0.),(0.,-1.,0.),(-0.707218808334567,-0.00127103539567503,0.706993593752346),
(-0.970241773081444,0.00028244488488029,0.242138022608309),(-0.00381236071496945,
-0.999983470064497,0.00430412633954485),(-0.999999235126158,2.80037463759243E-6,
-0.00123682628375988),(-0.00330646017021458,-0.999984382283981,0.00450583058573281),
(-0.999999032495031,-0.00139097018868781,-1.45236278267142E-5),(0.,-1.,
0.),(-0.965281162452709,0.000439845593220667,-0.261212717817873),(-0.00293687077458795,
-0.999984004544437,0.0048337816793918),(-0.923823412531027,-0.00121846167710331,
0.382816950788061),(0.,-1.,0.),(0.,-1.,0.),(-0.923880496524429,-0.00140651128253411,
-0.382678520259219),(0.,-1.,0.),(0.706862519931389,-0.000876167234592355,
0.707350415457024),(-0.00363863009738706,-0.999983636596957,0.004414397958973),
(-0.75272414117206,-0.000171667933214631,0.658336037162562),(-0.00286494044024096,
-0.999983020509217,-0.00507452554792438),(-0.886665678337125,-9.7221662114236E-5,
0.462411035126666),(-0.00394050088922547,-0.999983544964409,0.00416920294012266),
(-0.859423472820513,0.000530600170657656,-0.511264132155374),(-0.00273276771921792,
-0.999983979230304,0.00495714265672304),(-0.669856965726817,0.00022297021873528,
-0.742490131753644),(-0.00405155668980874,-0.999983651202049,-0.0040351229235389),
(0.720094422104027,0.555531740308005,-0.415750536698424),(0.849375744445438,
0.195131435341076,-0.490392259002412),(0.720094679937949,0.555532744825079,
0.415748747866036),(0.849377983997164,0.195131921950286,0.490388186375754),
(0.481137438392896,0.831469944666316,0.277784982483424),(0.720098407600854,
0.555530403524131,0.415745419855746),(-0.706854921040299,-0.000883046878674069,
-0.707358000470287),(0.,-1.,0.),(0.,-1.,0.),(-0.70722064415458,-0.00127018425776404,
0.70699175887243),(-0.75242437773796,-0.000170673381411795,0.658678621678463),
(-0.0040393813870439,-0.999983651161007,0.00404732117726844),(-0.572937620057402,
0.000339743875566136,0.81959890684228),(-0.00311070072895329,-0.999981412696175,
-0.00524383477403957),(-0.670246659188188,0.000223755911729801,-0.742138373741963),
(-0.00300389794843571,-0.999982238167286,0.00514780992860587),(0.611625191353036,
0.501827070388387,-0.611624244718741),(0.490313029303596,0.829348133182243,
-0.267908206821402),(0.151368512075254,0.980728911541715,-0.123524797584644),
(0.05189351769209,0.996095119744298,-0.0714253123418656),(-0.555257084933687,
-0.000310017255617906,-0.831678708108032),(-0.195091367474653,-0.000115471220134751,
-0.980785065650608),(0.,-1.,0.),(0.,-1.,0.),(-0.382678839274749,-0.00152871367251836,
0.923880170263351),(-0.539961524956076,0.000237782922284445,-0.841689666698119),
(-0.00420404702499706,-0.999984134668023,-0.00374918669259625),(-0.191479225899959,
-2.3315881960078E-6,-0.981496666343455),(0.847902460726447,0.223670264648975,
0.480658953735279),(-0.57263742466531,0.000338859160524678,0.819808675879409),
(-0.0041018187380356,-0.999984286655258,0.00382119426549042),(0.49852076943975,
0.828368418125425,-0.255505002474671),(0.679357497946552,0.555559865644433,
-0.479402363019771),(0.694136056332829,0.488861642869659,-0.528383789900377),
(0.84790118354687,0.223672238075822,-0.480660288409568),(-0.555250869573331,
-0.000309097483714743,-0.831682858003461),(-0.195106333987586,-0.00011583744469793,
-0.980782088447587),(0.,-1.,0.),(0.,-1.,0.),(-0.382685846233369,-0.00152758278885854,
0.923877269762317),(-0.539990025923683,0.000237711315860703,-0.841671382070384),
(-0.00318779616223674,-0.999982419067572,0.00499995113920929),(-0.191484949907199,
-2.34192115368074E-6,-0.981495549635123),(-0.376518552394775,7.00883938029812E-5,
0.92640907529566),(-0.00314767891128668,-0.999982269555649,-0.00505496704292695),
(0.852845656658718,0.476092685085557,0.214452887894719),(0.438261784758799,
0.826541383009183,0.3532080834201),(0.609487058953639,0.552721723000797,
0.568352198809042),(0.654742166255603,0.555349840498675,0.512737018738667),
(0.712156356840031,0.394098861094561,0.58096420810262),(0.463548751608993,
0.82282749320142,0.328751382223119),(0.172603814423458,0.969854124725195,
0.172020056970106),(0.0734829069953711,0.995727151665346,0.0559258599927269),
(0.0780451667526854,0.994432737403004,0.0707988893113015),(-0.376367989164619,
6.97777851942333E-5,0.926470254170765),(-0.00417347752288296,-0.999984526452445,
0.00367817088318173),(-0.00525870224272694,-0.999982194397438,0.00282080463822496),
(0.438479271705178,0.831329145152683,0.341508097568134),(0.153576418873528,
0.980762315177566,0.120497156371107),(0.655831001038692,0.555378809450003,
0.51131211220788),(0.437407150930122,0.831297708030155,0.342956418425147),
(-0.00043974352295839,-0.000825563053868419,-0.999999562535543),(0.,-1.,
0.),(-0.187644560425228,-6.67182846267946E-5,0.982236995073742),(-0.0037322555471313,
-0.999983366173977,-0.00439745879936545),(0.000464599515783288,-0.000814460897777748,
0.999999560400271),(0.,-1.,0.),(-0.0492328387982879,0.,-0.998787328505854),
(-0.00428045244214799,-0.999984273622178,-0.00362356664277939),(-0.00528590014756862,
-0.999982051362666,-0.00282067583093428),(-0.00366159352996229,-0.999983237687151,
-0.00448520652200745),(-0.00045529588887756,-0.000826388059259218,-0.999999554894116),
(0.,-1.,0.),(-0.187594632090671,-6.6639012836347E-5,0.982246531971484),
(-0.00429862310744225,-0.999984227198005,0.00361485747831324),(0.000448969922791976,
-0.000813841291865082,0.999999568044087),(0.,-1.,0.),(-0.0492305498841945,
0.,-0.998787441329785),(-0.00374359572669387,-0.999983473714305,0.00436323152126568),
(-0.0036424234672904,-0.999983304889509,0.00448583253596884),(0.0486884548802513,
0.,0.998814013899171),(-0.00384181431431229,-0.999983336094309,-0.00430905981289998),
(0.0485913578169636,0.,0.998818742287861),(-0.0043459153969859,-0.999984129751668,
0.00358514492889873),(0.186031056026197,-7.35433580581955E-5,-0.982543862015916),
(-0.00443930063354643,-0.999983944268969,-0.00352190490507657),(0.382688658384837,
-0.00152745627696377,-0.923876105124997),(0.,-1.,0.),(0.192318163379506,
-1.79808525679125E-6,0.981332626600736),(0.540678292695566,0.000208506114223557,
0.841229421937326),(-0.00395774243215534,-0.999982903443888,-0.00430454350332385),
(0.195096929363381,-8.93326738396783E-5,0.980783962028669),(0.,-1.,0.),
(0.555272290959105,-0.000314452174986816,0.831668554180604),(0.186116506717851,
-7.4052883106583E-5,-0.982527679225025),(-0.00384917699479676,-0.999983200091672,
0.00433397864347121),(0.382677695947925,-0.00152902089446708,-0.923880643329587),
(0.,-1.,0.),(0.192302926668477,-1.7940694387271E-6,0.981335612515677),(0.540708647608829,
0.000208416726304558,0.841209911355959),(-0.00495803282961612,-0.999984091074666,
0.00268988996690305),(0.195081963507458,-8.92945656680981E-5,0.980786938912094),
(0.,-1.,0.),(0.555273021799742,-0.00031322734542181,0.831668066688876),
(0.374377813378521,7.00054612618507E-5,-0.927276252229697),(-0.00499736020676498,
-0.999984040708438,-0.00263528354991852),(0.374570827992672,6.94972336589135E-5,
-0.927198301328803),(-0.00400123534218835,-0.999982781752505,0.00429258829355635),
(0.571480216394918,0.000351085318026134,-0.82061576819381),(-0.00471167099749235,
-0.99998388548128,-0.00316684925008766),(-0.00479043769506261,-0.999985208266191,
-0.00257584073899319),(-0.00573003330641291,-0.999982954792301,-0.00112109016856829),
(-0.00550717196084908,-0.999984284184033,-0.00104997235225933),(0.670116148860378,
0.000209830762149951,0.742256224633776),(-0.00420944753651858,-0.999981951242946,
-0.00428692661324645),(0.707216936392937,-0.00127677117816429,-0.706995455950282),
(0.,-1.,0.),(0.571825474746949,0.000351121057058832,-0.82037522094736),
(-0.00413566406729824,-0.999982203840228,0.00429980064221954),(0.66970141427832,
0.000210610696712966,0.742630440634339),(-0.00474338990858038,-0.999983371260249,
0.00327985596665131),(-0.00479706093464796,-0.999985178511008,0.00257506595973051),
(-0.00572716542861918,-0.999982979237333,0.00111391731306915),(-0.00551015487199075,
-0.999984269390359,0.00104841075738136),(0.707216442198492,-0.00127757146705906,
-0.706995948853495),(0.,-1.,0.),(0.752135601695499,-0.000170453061844688,
-0.659008351698143),(-0.00475175659221176,-0.999983012407689,-0.00337575255797525),
(0.752479480950046,-0.00017268744786166,-0.658615670120439),(-0.00482157803364171,
-0.999978562105461,0.00443031768171551),(0.858829630669221,0.000543371780139652,
0.512261037198495),(-0.00516697977016381,-0.999976839254767,-0.00442981648601662),
(0.352571834279155,0.815211046414491,-0.459482373412542),(0.512308052138589,
0.552635369849622,-0.657369460581442),(0.659404258891644,0.194870894001572,
-0.726093215797111),(0.47644880297449,0.549410652868817,-0.686399645001682),
(0.195192816506423,0.942625589933717,-0.270844533979187),(0.406805543535707,
0.831302198249606,-0.378742531192354),(0.0784542323567236,0.991214320122639,
-0.106485233760987),(0.,-1.,0.),(0.923820464974787,-0.00123720527040434,
-0.382824003710434),(0.887023261917111,-0.000119647879325167,-0.461724721562874),
(-0.00478741191796175,-0.999982319222118,-0.00352731204778407),(0.923881817895487,
-0.00138255688784827,0.382675417421322),(0.,-1.,0.),(0.,-1.,0.),(0.999999035878701,
-0.00138824491562748,3.19017672035566E-5),(0.858530186072508,0.000543582089078021,
0.512762736673423),(-0.0047863825198432,-0.999982589912643,0.00345114676244251),
(0.,-1.,0.),(0.923836042102253,-0.00123758153323468,-0.382786410031487),
(0.887265174250589,-0.000116253470104759,-0.461259685044339),(-0.00538562267633168,
-0.999975235176983,0.00453035331142661),(0.923897114129622,-0.00138075186252902,
0.382638492610519),(0.,-1.,0.),(0.,-1.,0.),(0.999999036213867,-0.0013879620401141,
3.36557851476472E-5),(0.497630575625331,0.0972367763446915,-0.861921585487273),
(0.964696019098518,0.000448626436385596,0.263365505466815),(-0.0051653967555624,
-0.999977728084564,-0.00422634726350518),(0.970719154506787,0.00027324630543642,
-0.240217086007812),(-0.00484886783765983,-0.999981516944632,-0.0036680035177186),
(-0.000521756022182413,0.999999727770178,0.000521756862288629),(0.707107289698188,
0.,-0.707106272674541),(0.714605035958327,0.00500560208280196,0.699510247623854),
(0.462723738531143,0.540969974009766,0.702309211828832),(0.0223390682060371,
0.7125527638303,0.70126280721958),(0.524885612440443,0.597960565869771,
0.605754286421255),(0.498840556688629,0.805712873579159,0.319350691797268),
(0.575253018939769,0.548762466297953,0.606583646155474),(0.707107222886575,
0.,0.707106339486245),(-0.000521755966051747,0.999999727770174,-0.000521756925890998),
(0.0526808194228343,0.994433981777202,0.0912457514171442),(-0.332641908961047,
0.622622587396084,0.708301118216649),(0.166686123307789,0.528219126802715,
0.832586506242083),(0.575253018939769,0.548762466297953,0.606583646155474),
(0.498840556688629,0.805712873579159,0.319350691797268),(0.166686123307789,
0.528219126802715,0.832586506242083),(0.607596863436025,0.0618449074208173,
0.791834110763621),(0.575253018939769,0.548762466297953,0.606583646155474),
(0.964513597731884,0.0004502454546386,0.264032795442776),(-0.00485860301341844,
-0.99998158589594,0.00363618561117492),(0.999993427608134,3.11758327689134E-6,
0.00362556627530429),(-0.00496597618085456,-0.999980039224075,-0.00390643494622989),
(0.970854609077405,0.000270892371355716,-0.239669052341936),(-0.00521016906396983,
-0.999977480356003,0.00423000226779806),(0.524885612440443,0.597960565869771,
0.605754286421255),(0.0223390682060371,0.7125527638303,0.70126280721958),
(0.453983318068306,0.830296072348498,0.323276320132403),(0.144599401283286,
0.980776436602605,0.131028983639543),(0.547137797779664,0.831464326723835,
-0.0964743677175391),(0.818851151884599,0.555550591343335,-0.144382587299632),
(0.54713807738688,0.831464073831987,-0.0964749615190622),(0.19211660206109,
0.980787267077083,-0.0338754771474426),(0.547137819414412,0.831464328113623,
0.0964742330418009),(0.192116881055331,0.980787219489014,0.0338752727012066),
(0.999990705666109,0.,0.00431144764900275),(-0.00499654958543895,-0.999979924810671,
0.00389672527715754),(0.730483870351877,0.555477856130658,0.397287888695629),
(0.488698358453164,0.83135584935866,0.264615506314964),(0.731070046788679,
0.55546306262797,0.396228939811763),(0.861823540128931,0.195011880571075,
0.468220623334523),(0.48809626483996,0.831373937184957,-0.265667861847954),
(0.225012662153532,0.967356779207172,-0.116576857019339),(0.731071570749152,
0.555460076783415,-0.396230313759726),(0.86182288496809,0.195015622062474,
-0.468220270916226),(0.730485211144634,0.555475636242006,-0.397288527194679),
(0.488697053736336,0.831356979785807,-0.264614364369825),(0.488097688771863,
0.831372903030073,0.265668481990083),(0.225011742430642,0.967357054801532,
0.116576345345155),(0.818851467594272,0.555549502064118,-0.144384988052838),
(0.965882052390034,0.195106303522914,-0.170309692021444),(0.818851945986768,
0.555548702152343,0.144385352756193),(0.547138265500109,0.83146407383402,
0.0964738946496237),(0.818851247703216,0.55554961325179,0.144385807303462),
(0.965881882664585,0.195106328213356,0.170310626302116),(0.960239742310343,
0.224049714376275,0.166557385833459),(0.392594163808579,0.83171020767149,
-0.392591330773477),(0.58782041215515,0.555817932981016,-0.587821051367217),
(0.392591166352081,0.831710388334734,-0.392593945493813),(0.137447332698891,
0.980926217437607,-0.137448123586714),(0.392587264151294,0.831712835735438,
0.392592662818753),(0.137447204054376,0.98092609804341,0.137449104307612),
(0.0718938403489386,0.995820390580615,-0.0563296140919934),(0.587822826521734,
0.555812269772147,0.587823991846822),(0.392589592925923,0.831712960667493,
0.392590069390417),(0.786031716537099,0.555546810503014,-0.271149187602819),
(0.852909239339802,0.424147001976492,-0.30437665837438),(0.786034948368247,
0.555544129070971,0.271145312698752),(0.852909304961057,0.424146816894869,
0.30437673240377),(0.587820780319435,0.555819016078121,-0.587819659071215),
(0.693510778645657,0.195163792118966,-0.693508395153252),(0.587824175251383,
0.555813047113003,0.58782190810567),(0.693511339549804,0.195170964633692,
0.693505815750518),(-0.00409841221376328,-0.999983361884283,0.00405943000088999),
(0.707106952116045,0.,-0.707106610257009),(-0.00409841199970801,-0.999983361889359,
-0.00405942896669263),(0.707106952116045,0.,0.707106610257009),(0.70375348919554,
0.0972723265671495,0.703753593901528),(0.523838550970573,0.831367678227849,
-0.185528855208797),(0.164765447890432,0.978654862625553,-0.122829178295811),
(0.786321147514179,0.555551684288573,-0.270298684895274),(0.525226494282687,
0.831413247968592,-0.181353634663977),(0.523838646518126,0.831367603961769,
0.185528918222807),(0.164765430899242,0.978654859199765,0.122829228383454),
(0.78632067799235,0.555554699484388,0.270293853504777),(0.525226494282723,
0.831413247968584,0.181353634663907),(0.0976935908359525,0.993994536581904,
-0.0493033827937126),(0.0976935638587283,0.993994538358485,0.0493034004312472),
(0.82010377513443,0.555567088675201,-0.13702192522081),(0.967319098384613,
0.195097993034323,-0.161958436070366),(0.960240248758604,0.224048436867865,
-0.166556184517657),(0.82003488994973,0.555568836570552,0.137426515260985),
(0.539998521461874,0.83082891212715,0.134628806696805),(0.398066049706426,
0.914911320811733,0.0669379946043379),(0.554946967777308,0.830467330005275,
0.0485579730701485),(0.820103239909486,0.555565970515028,0.137029662101532),
(0.967319098384609,0.195097993034337,0.161958436070373),(0.820036872411249,
0.555567622037487,-0.137419595508024),(0.554946967777308,0.830467330005275,
-0.0485579730701485),(0.398066049706426,0.914911320811733,-0.0669379946043379),
(0.539998521461864,0.830828912127156,-0.134628806696806),(0.831449286818589,
0.555600651043577,-2.96872484865828E-6),(0.900950044646553,0.433922823842413,
0.),(0.831449330500308,0.555600585675654,-2.73143126355441E-6),(0.555602375308986,
0.831448134612745,0.),(0.555602375308986,0.831448134612745,0.),(0.195075694594866,
0.98078818986483,0.),(0.261268321466079,0.965266214159751,0.),(0.,1.,0.),
(0.644037356572137,0.555405593770267,-0.526061317479505),(0.784527600747701,
0.0559021278890229,-0.617568940088906),(0.430293589261627,0.831359045389883,
-0.351695272485669),(0.644769575820265,0.555391863316514,-0.525178133834956),
(0.435472941728804,0.831226051936104,-0.345581491988183),(0.0711584663570679,
0.974278836301187,-0.213815859564521),(0.693357628045034,0.0836778056593664,
-0.715718676905806),(0.866025638111359,0.,-0.499999594133648),(-0.000639027879127733,
0.999999727763067,0.000368940592484614),(0.0745073359288802,0.994433249089502,
-0.074506174227898),(0.859390729979805,0.0795253286514598,0.505097312730581),
(0.866025502506477,0.,0.499999829008375),(-0.000639026955305938,0.999999727763058,
-0.000368942217861124),(0.0745067590351371,0.994433281368439,0.0745063203015687),
(0.0223390682060371,0.7125527638303,0.70126280721958),(0.613831722365127,
0.555434883825803,0.560983695349231),(0.453982238477411,0.830296826806136,
0.323275898487191),(0.562219345015812,0.552975079835409,0.614921108087057),
(0.794580508565481,0.0300599413097521,0.606414227518019),(0.,1.,0.),(0.245582290897418,
0.968584983943426,-0.0391467403098886),(0.,1.,0.),(0.24558233792411,0.968584967328717,
0.03914685638153),(0.47472378957307,0.831400909318998,-0.288807637705319),
(0.709762054330762,0.555471773914328,-0.433230809865418),(0.474215919462864,
0.831390597180354,-0.289670393116184),(0.142539066241659,0.985745161725827,
-0.0893817136168236),(0.474217108027492,0.831389829417323,0.28967065090457),
(0.142538908005604,0.985745203359105,0.0893815068069824),(0.710276480758607,
0.555483841080249,-0.432371394960283),(0.837375736894764,0.195021851227656,
-0.510654827455581),(0.709759759649604,0.555470738747767,0.433235896454976),
(0.47472303997378,0.831401650431259,0.288806736379594),(0.859390969450824,
0.0795238714773727,-0.505097134709378),(0.710275726103569,0.555480733100544,
0.43237662756228),(0.837375339805998,0.195024912717243,0.510654309395722),
(0.480841165501543,0.831698247914313,-0.277614477243857),(0.719959681686684,
0.555768230138099,-0.415667813421696),(0.480841615030693,0.831697764785901,
-0.277615146029195),(0.168316186346374,0.980931275998626,-0.0971776372501386),
(0.0912384932023381,0.994434816971458,-0.052677624786148),(0.480841268935078,
0.831698254520948,0.277614278299428),(0.168317069286409,0.980931212857383,
0.0971767453096569),(0.719957197714909,0.555768354098293,-0.415671950029551),
(0.849364998510338,0.195207121718663,-0.49038074894499),(0.719957562546472,
0.55576933526708,0.415670006265704),(0.849362919910159,0.19521293916305,
0.490382033383169),(0.480842070087565,0.831697744672782,0.277614418105605),
(0.719961265882578,0.555767287786233,0.415666329470513),(0.861917789587507,
0.0972902184586853,-0.497626704855003),(0.703753545568985,0.0972676979138054,
-0.703754177281834),(-0.00498552406967694,-0.999983429564937,0.00287839283250402),
(0.866025489980034,0.,-0.49999985070482),(-0.00498552240444255,-0.999983429575243,
-0.00287839213639071),(0.866025489980034,0.,0.49999985070482),(0.509322088776634,
0.831433525760672,-0.222056979456588),(0.762556106726376,0.555506179677158,
-0.331543463869823),(0.508451521637604,0.831448980842239,-0.223985808480821),
(0.198716284277655,0.979471613968816,-0.0338702788917505),(0.114102736348293,
0.993044058963729,-0.0290527539946526),(0.508451854916161,0.831448524231685,
0.223986746896481),(0.19871631990275,0.979471609512539,0.0338701987479367),
(0.114102723906324,0.993044062135099,0.0290526944598711),(0.762276858332851,
0.555514726083913,-0.332170709657119),(0.921013801635288,0.0268655151396524,
-0.388602394863434),(0.509321234615781,0.831433970602986,0.222057273010385),
(0.762556339128611,0.555508219973993,0.331539510761684),(0.524068302617052,
0.830578938572503,-0.188390660574926),(0.303490892578766,0.948123269758966,
-0.0946337332208264),(0.544901882323146,0.831017503429278,-0.111766934443346),
(0.800466125432548,0.555545973229233,-0.224994785859113),(0.524068302617062,
0.830578938572495,0.188390660574929),(0.800466081517573,0.555545970462217,
0.224994948927959),(0.544901846178707,0.83101749723187,0.111767156738981),
(0.303490953781782,0.948123235219685,0.0946338829869258),(0.762279685060609,
0.555512330677756,0.332168228777024),(0.921013752114637,0.026867900621344,
0.388602347306239),(0.965926110614151,0.,-0.258817983984535),(-0.000712731219777887,
0.999999727771017,0.000190976702015241),(0.965926110614151,0.,0.258817983984535),
(-0.000712730678256505,0.999999727771734,-0.000190974966922617),(0.101770883122947,
0.994434039388413,0.0272695554422836),(0.0912387565056071,0.994434833027133,
0.0526768656395691),(0.317275083298156,0.948333549716632,0.),(0.555128151871985,
0.830816899709151,0.0396990447853471),(0.831450636756909,0.555598630845829,
6.22652088562524E-6),(0.555128151871983,0.830816899709152,-0.0396990447853469),
(0.191487756466085,0.980723198999052,-0.0389158845287103),(0.550496812327984,
0.831465473028646,-0.074956165710224),(0.191487731625269,0.980723197098773,
0.0389160546480568),(0.550496797497025,0.831465473394083,0.0749562705787337),
(0.800598172577519,0.555551079108944,-0.224511836138821),(0.944252962690653,
0.195076481946338,-0.265200883560679),(0.961837944298576,0.0793154794836079,
-0.261871769424991),(0.800598129598895,0.555551078244064,0.224511991538558),
(0.944252677222094,0.195078071449494,0.265200730765307),(0.961837832572601,
0.0793162221113608,0.261871954859666),(0.550362973215166,0.831468386380671,
-0.0759007257098778),(0.823721481081691,0.555554801082258,-0.113321598113679),
(0.550362957895516,0.831468386670283,0.0759008336213441),(0.823724765215452,
0.555551085733706,0.11331594023282),(0.823690911889065,0.55555363677867,
-0.113549277115069),(0.991099221769313,0.0122053822254293,-0.132564555040153),
(0.823689182581313,0.555557414380823,0.113543338972489),(0.991099215199335,
0.0122055043967155,0.132564592911093),(0.536320879595724,0.831690145640907,
-0.143706004583927),(0.802981801812922,0.555812518677394,-0.215157314629935),
(0.536321300975319,0.83168997789888,-0.143705402761002),(0.187744134066152,
0.980928885929441,-0.0503056743616038),(0.101770530391892,0.994434089738611,
-0.02726903572723),(0.536321204229624,0.831690125886413,0.143704907350891),
(0.187744340071364,0.980928828863613,0.0503060182823896),(0.802982963441925,
0.555811209777645,-0.215156360602085),(0.947351655089704,0.195165135585958,
-0.253841311552144),(0.802981070269271,0.555813411414467,0.215157738603631),
(0.53632122314384,0.831689977900213,0.143705693226954),(0.831450709220542,
0.555598522408875,5.80800191789889E-6),(0.980794424523742,0.195044345786136,
0.),(1.,0.,0.),(-0.000737875308540096,0.999999727769977,0.),(0.9968557288943,
0.0792379692484218,0.),(0.961345513264275,0.0972696769043861,-0.257591564461191),
(0.802980163359449,0.555814703950212,0.215157784251396),(0.947351899272266,
0.195165993643845,0.25383974052587),(0.861916604260577,0.0972931339986177,
0.497628187883929),(-0.0055647873219122,-0.999983361821583,0.0015196124727022),
(0.965926198045863,0.,-0.258817657683289),(-0.00556478673220204,-0.999983361824546,
-0.00151961268206294),(0.965926198045863,0.,0.258817657683289),(0.961345747618857,
0.0972692876595236,0.257590836819458),(0.105360863370863,0.994434054359436,
0.),(0.555241287954888,0.831689312273637,0.),(0.194368094184152,0.980928664054232,
0.),(0.555241286956755,0.831689312939998,0.),(0.831298019414234,0.555826954112206,
0.),(0.831298050813061,0.555826907151988,0.),(0.980771875264329,0.195157702103852,
0.),(0.99525846065987,0.0972655976434479,0.),(-0.00578789383285941,-0.999983250002209,
0.),(1.,0.,0.)),$,(6,6,1,1,8,81,7,7,9,82,2,4,4,10,10,3,3,14,14,11,11,5,
5,15,15,13,13,16,16,17,12,24,24,98,25,25,27,99,29,29,26,38,38,30,30,37,
37,42,42,41,41,47,18,19,19,31,31,20,32,32,34,22,22,21,21,28,28,28,28,23,
23,36,36,35,35,39,39,33,44,44,44,44,40,40,68,68,69,69,45,45,46,46,51,51,
52,52,74,74,72,72,70,75,75,73,73,55,55,56,56,48,43,43,43,43,77,77,49,49,
54,54,50,50,76,76,78,79,53,53,65,61,61,66,66,62,62,59,59,57,64,64,64,64,
60,60,60,60,58,85,85,95,96,63,63,86,86,87,87,89,80,80,93,93,93,93,93,93,
90,90,90,90,90,67,67,83,83,83,122,84,84,84,84,92,125,125,194,126,126,71,
195,129,129,127,134,134,130,130,133,133,142,142,141,141,146,88,88,88,88,
88,88,165,165,165,165,165,103,103,103,103,94,94,102,102,102,102,174,174,
175,175,177,145,145,145,152,152,152,152,176,176,176,176,176,176,91,91,91,
188,188,188,188,188,188,180,180,180,180,230,97,97,105,105,104,104,109,109,
100,100,123,123,117,117,101,101,110,110,118,118,106,106,107,108,113,113,
114,114,131,131,124,124,111,111,112,112,116,116,115,115,143,143,149,149,
144,144,140,139,132,132,119,119,120,120,148,148,164,164,151,151,137,137,
121,150,150,138,138,138,135,163,163,192,136,283,283,303,284,284,286,304,
128,287,287,285,290,290,288,288,153,153,154,289,289,292,292,226,226,226,
217,217,241,241,241,241,246,246,246,246,291,291,294,147,245,245,256,256,
244,244,255,255,271,271,233,233,233,233,240,160,160,158,158,155,155,161,
161,167,167,166,166,237,237,159,159,157,157,156,156,162,162,169,169,168,
168,239,239,170,170,171,171,172,172,173,173,270,270,191,276,297,297,297,
187,181,181,182,182,183,183,184,184,178,178,179,179,185,185,186,186,300,
300,300,298,298,295,299,299,301,293,293,293,296,296,296,296,189,189,190,
190,193,193,193,193,307,307,307,307,302,302,196,196,196,197,197,198,198,
198,199,199,200,200,200,201,201,201,204,204,204,306,306,306,315,203,203,
202,202,207,207,206,206,208,208,209,209,205,205,210,210,211,211,214,214,
278,274,277,273,212,212,213,213,215,215,222,222,221,221,221,223,223,223,
216,216,224,224,220,220,220,225,225,225,218,218,219,219,229,229,229,229,
229,229,227,227,228,228,234,234,235,235,309,236,236,238,238,242,242,243,
243,310,313,313,313,312,312,312,312,311,311,311,314,314,314,266,266,266,
232,232,232,231,231,231,269,269,269,450,450,450,267,267,267,268,268,268,
316,247,247,248,248,251,251,249,249,252,252,261,261,253,253,250,250,254,
254,262,262,317,317,265,265,265,272,321,321,318,318,322,322,319,319,320,
320,257,257,258,258,259,259,333,260,260,325,325,264,264,334,263,263,323,
323,323,279,279,279,449,449,449,282,282,282,280,280,280,281,281,281,324,
324,275,328,329,329,329,332,332,332,330,330,330,331,331,331,335,335,343,
343,346,347,347,345,348,348,349,349,350,350,351,351,354,352,352,337,337,
360,360,362,305,336,336,355,353,353,357,356,358,358,338,338,359,359,308,
308,308,365,364,361,361,339,339,368,368,370,366,366,363,371,326,326,374,
374,377,377,375,375,367,367,376,376,379,379,340,340,378,378,380,327,381,
369,369,372,372,372,436,436,436,342,342,342,373,373,373,341,341,341,430,
430,412,344,382,431,431,413,383,426,426,428,428,427,427,429,429,424,424,
425,425,415,415,421,416,416,418,418,418,422,414,414,409,409,409,409,419,
419,419,420,420,420,420,408,408,408,393,393,393,396,396,402,402,402,390,
390,403,403,403,404,404,404,404,386,386,386,385,385,385,387,387,387,397,
397,398,398,394,394,395,395,391,391,392,392,384,384,384,388,389,434,434,
434,440,435,435,435,441,437,437,437,399,399,464,464,445,445,446,446,453,
453,453,475,475,476,476,465,465,471,471,471,471,401,400,444,478,478,478,
478,405,405,405,488,488,488,488,488,488,530,411,484,484,484,484,479,410,
410,410,524,524,524,524,537,537,537,537,516,516,516,529,529,529,529,529,
529,417,541,541,542,542,423,423,423,544,544,544,544,544,544,555,555,555,
555,555,582,582,574,574,569,575,575,586,586,583,583,590,432,587,587,433,
588,588,589,589,591,447,447,447,525,448,448,448,526,567,567,556,556,557,
557,486,486,486,485,485,485,580,581,454,454,452,452,451,451,455,455,457,
457,456,456,532,532,407,460,460,463,463,472,472,473,473,461,461,459,459,
458,458,462,462,467,467,466,466,536,536,406,469,469,468,468,470,470,474,
474,572,572,573,573,568,568,480,480,481,481,477,477,483,483,482,482,578,
578,578,487,491,491,491,492,492,493,493,493,577,489,489,565,565,562,576,
495,495,495,496,496,497,497,497,494,494,490,490,490,563,563,500,500,595,
624,498,498,438,579,579,566,566,502,502,499,499,503,503,505,505,439,523,
506,506,501,501,507,507,508,508,522,504,504,509,509,510,510,514,514,513,
513,513,515,515,515,511,511,519,519,518,518,518,520,520,520,512,512,517,
517,521,521,618,443,637,528,528,531,531,527,527,534,534,617,442,636,535,
535,533,533,539,539,538,538,626,626,626,625,625,625,623,545,545,540,540,
546,546,552,552,547,547,553,553,550,550,554,554,560,560,543,548,548,549,
549,627,627,630,630,630,630,630,630,628,628,570,564,564,564,564,571,571,
571,558,558,551,551,559,559,633,633,633,633,600,600,596,596,597,597,561,
561,593,593,585,585,598,598,584,584,592,592,599,599,604,604,601,601,605,
605,609,644,644,642,642,643,643,594,645,645,602,602,603,603,646,646,647,
647,648,648,649,649,651,615,615,606,606,616,616,607,607,620,621,610,610,
608,614,614,614,614,611,611,613,613,613,613,612,612,619,619,622,622,631,
631,638,638,634,634,632,632,629,662,662,640,665,663,663,641,635,635,635,
639,639,668,668,669,669,656,656,652,652,653,653,660,660,657,657,664,661,
661,682,682,678,678,672,679,679,690,690,691,691,683,683,695,650,693,693,
694,694,666,666,658,658,654,659,659,655,670,670,667,667,676,676,676,676,
677,677,677,677,671,671,686,686,687,687,703,673,692,692,692,692,674,674,
675,675,680,680,688,681,681,689,684,684,685,685,697,697,698,698,706,706,
704,704,702,705,705,710,710,707,707,699,699,700,700,701,713,709,709,696,
711,711,712,712,714,708,715,715,716,716,717,717,719,718,718),((1,3,5),(6,
4,2),(3,7,9),(10,8,4),(3,11,5),(6,10,4),(3,9,11),(12,14,16),(18,12,16),
(17,15,5),(18,16,20),(21,17,9),(17,5,11),(17,11,9),(19,22,13),(22,24,13),
(12,26,14),(13,24,27),(28,22,19),(23,30,25),(29,31,23),(23,31,30),(32,1,
5),(34,2,33),(34,6,2),(7,35,37),(38,36,8),(7,37,9),(10,38,8),(26,39,14),
(15,40,41),(15,41,5),(42,18,20),(42,20,44),(45,21,9),(24,46,27),(26,47,
39),(48,28,19),(48,19,43),(24,50,46),(25,52,51),(25,30,52),(49,53,29),(29,
53,31),(54,56,30),(57,55,58),(53,59,54),(55,60,61),(31,54,30),(53,54,31),
(55,61,58),(62,64,66),(63,58,65),(64,70,72),(65,58,71),(64,72,66),(62,66,
74),(76,62,74),(77,78,63),(63,78,58),(70,79,72),(70,83,79),(71,61,84),(71,
58,61),(34,33,85),(86,32,41),(32,5,41),(35,87,37),(38,88,36),(75,69,89),
(67,73,91),(90,68,93),(68,92,96),(68,96,93),(47,97,39),(39,97,99),(40,100,
101),(40,101,41),(102,42,44),(102,44,104),(105,45,37),(45,9,37),(30,56,
106),(107,57,78),(57,58,78),(60,108,61),(110,109,59),(110,59,53),(76,74,
111),(112,75,89),(73,82,91),(50,98,46),(115,48,43),(115,43,103),(117,76,
111),(118,78,77),(83,119,79),(83,121,119),(84,61,122),(50,123,98),(51,125,
124),(51,52,125),(116,126,49),(49,110,53),(49,126,110),(113,90,93),(117,
111,127),(113,93,129),(128,114,130),(131,113,129),(92,81,96),(81,132,96),
(80,120,134),(81,135,132),(136,117,127),(137,138,118),(118,138,78),(121,
139,119),(121,143,139),(122,147,144),(122,61,147),(148,94,95),(150,94,148),
(129,94,150),(151,95,133),(148,95,151),(136,127,152),(153,128,130),(120,
142,134),(52,106,154),(155,107,138),(30,106,52),(107,78,138),(126,156,109),
(108,157,158),(108,147,61),(126,109,110),(108,158,147),(159,136,152),(160,
138,137),(146,161,140),(145,167,162),(144,158,168),(144,147,158),(153,130,
172),(173,131,129),(135,141,132),(174,153,172),(159,152,176),(141,166,132),
(177,133,165),(151,133,177),(174,172,178),(179,173,182),(173,129,182),(183,
86,101),(185,85,184),(185,34,85),(86,41,101),(87,186,188),(189,187,88),
(87,188,37),(38,189,88),(97,190,99),(100,191,192),(100,192,101),(193,102,
104),(193,104,195),(196,105,188),(105,37,188),(123,197,98),(97,198,190),
(199,115,103),(199,103,194),(123,201,197),(124,203,202),(124,125,203),(200,
126,116),(159,176,204),(160,209,138),(175,181,205),(210,206,180),(211,179,
182),(215,149,219),(219,149,221),(215,150,149),(221,149,151),(225,155,209),
(155,138,209),(125,154,226),(52,154,125),(227,156,126),(157,228,229),(157,
229,158),(230,208,233),(232,238,209),(234,207,214),(225,209,238),(171,243,
163),(170,246,244),(169,252,247),(168,158,253),(245,251,164),(256,165,250),
(256,177,165),(216,220,257),(257,220,224),(259,217,258),(261,258,223),(259,
258,261),(263,265,218),(266,150,215),(267,265,263),(267,269,265),(270,150,
266),(222,271,273),(221,151,272),(273,271,275),(272,151,276),(264,217,259),
(261,223,277),(277,223,274),(260,262,279),(262,278,280),(262,280,279),(281,
264,259),(282,260,279),(277,274,283),(278,284,280),(285,264,281),(285,268,
264),(283,274,287),(273,275,288),(289,291,293),(290,280,292),(289,293,295),
(297,289,295),(298,279,290),(290,279,280),(291,299,293),(291,301,299),(292,
303,302),(292,280,303),(286,282,304),(282,279,304),(283,287,305),(284,306,
303),(284,303,280),(296,294,307),(296,307,309),(311,296,309),(297,295,312),
(294,313,307),(294,300,313),(315,269,267),(315,317,269),(318,319,270),(270,
319,150),(288,275,320),(275,322,320),(276,177,323),(276,151,177),(310,308,
325),(311,309,326),(327,310,325),(308,314,328),(308,329,325),(308,328,329),
(316,268,285),(305,287,321),(330,183,192),(332,184,331),(183,101,192),(332,
185,184),(186,333,335),(336,334,187),(186,337,188),(189,336,187),(186,335,
337),(198,338,190),(191,339,340),(191,340,192),(341,193,195),(341,195,343),
(344,196,337),(196,188,337),(345,316,285),(346,286,304),(305,321,347),(306,
347,303),(201,348,197),(198,349,338),(350,199,194),(350,194,342),(352,317,
315),(352,355,317),(356,319,318),(320,322,357),(324,361,358),(323,256,362),
(323,177,256),(201,365,348),(202,367,366),(202,203,367),(351,368,200),(200,
368,126),(369,297,312),(370,304,298),(298,304,279),(301,371,299),(302,360,
373),(302,303,360),(301,374,371),(231,236,237),(375,311,326),(369,312,376),
(300,377,313),(300,372,377),(379,316,345),(379,353,316),(347,321,360),(235,
213,239),(380,346,383),(346,304,383),(384,386,388),(386,390,388),(384,388,
392),(390,395,388),(396,389,394),(396,393,389),(398,400,402),(400,404,402),
(398,402,406),(404,409,402),(410,403,408),(410,407,403),(34,387,385),(34,
391,387),(38,401,399),(38,405,401),(412,398,406),(38,399,413),(414,384,
392),(34,385,415),(390,416,395),(34,417,391),(404,418,409),(38,419,405),
(375,326,420),(421,327,422),(327,325,422),(314,378,423),(314,423,328),(424,
240,212),(425,211,427),(211,182,427),(416,428,395),(396,394,429),(414,392,
431),(396,430,393),(418,432,409),(410,408,433),(412,406,435),(410,434,407),
(436,412,435),(189,413,437),(38,413,189),(438,414,431),(34,415,439),(416,
440,428),(185,441,417),(185,417,34),(418,442,432),(38,443,419),(225,238,
444),(447,225,444),(203,226,448),(125,226,203),(449,450,227),(228,451,452),
(368,227,126),(228,452,229),(449,227,368),(453,242,456),(455,444,238),(457,
241,426),(460,436,435),(189,437,461),(462,438,431),(34,439,463),(255,464,
248),(254,468,465),(254,472,468),(253,452,473),(253,158,229),(253,229,452),
(440,474,428),(396,429,476),(462,431,478),(396,477,430),(442,479,432),(410,
433,481),(460,435,483),(410,482,434),(440,484,474),(185,485,441),(442,487,
479),(38,488,443),(467,490,249),(492,493,250),(496,250,493),(496,256,250),
(497,460,483),(189,461,498),(499,462,478),(34,463,500),(466,494,491),(466,
471,494),(486,501,475),(396,476,502),(503,499,478),(503,478,505),(396,506,
477),(489,508,480),(410,481,507),(509,497,483),(509,483,511),(410,512,482),
(486,513,501),(185,514,485),(489,515,508),(517,516,488),(10,488,38),(10,
518,488),(518,517,488),(189,498,510),(519,500,504),(34,500,6),(6,500,520),
(519,520,500),(521,509,511),(189,510,522),(523,503,505),(519,504,524),(513,
525,501),(525,527,501),(396,502,528),(529,523,505),(529,505,532),(396,533,
506),(515,535,508),(535,537,508),(410,507,538),(539,521,511),(539,511,542),
(410,543,512),(185,526,514),(189,522,541),(519,524,531),(517,536,516),(525,
545,527),(185,546,526),(535,547,537),(517,548,536),(352,549,355),(356,554,
319),(545,555,527),(332,556,546),(332,546,185),(547,557,537),(517,558,548),
(559,540,544),(336,541,560),(189,541,336),(561,530,534),(563,531,562),(563,
519,531),(555,564,527),(396,528,565),(561,534,397),(557,567,537),(410,538,
566),(559,544,411),(382,550,354),(555,568,564),(332,569,556),(557,570,567),
(572,571,558),(517,572,558),(573,551,381),(576,581,553),(582,583,554),(575,
577,552),(583,427,554),(554,182,319),(427,182,554),(586,589,592),(593,591,
596),(598,587,594),(593,596,601),(598,594,603),(586,604,589),(606,325,590),
(590,329,595),(590,325,329),(574,380,607),(380,383,607),(608,559,411),(336,
560,609),(610,561,397),(563,562,611),(396,565,612),(568,614,564),(614,613,
564),(610,397,616),(396,612,618),(396,618,617),(410,566,620),(570,622,567),
(622,621,567),(608,411,624),(410,620,626),(410,626,625),(373,360,628),(630,
359,364),(633,360,632),(633,628,360),(347,360,303),(332,615,569),(572,623,
571),(634,369,376),(636,369,634),(637,607,370),(370,383,304),(370,607,383),
(374,638,371),(373,628,640),(374,641,638),(631,363,642),(362,496,643),(362,
256,496),(644,608,624),(336,609,645),(646,610,616),(563,611,647),(614,648,
613),(650,649,615),(332,650,615),(622,651,621),(572,652,623),(648,619,613),
(646,616,619),(651,627,621),(644,624,627),(635,375,420),(372,653,377),(372,
639,653),(655,644,627),(657,645,656),(336,645,657),(658,646,619),(563,647,
659),(648,658,619),(650,659,649),(651,655,627),(572,656,652),(650,563,659),
(572,657,656),(632,660,628),(633,632,628),(631,642,661),(663,605,588),(666,
664,587),(666,587,598),(602,597,669),(602,669,672),(598,603,674),(663,675,
605),(677,422,606),(422,325,606),(595,328,670),(595,329,328),(635,420,678),
(679,421,680),(421,422,680),(378,654,681),(378,681,423),(682,676,665),(666,
683,664),(673,671,685),(673,685,688),(598,674,690),(682,691,676),(693,680,
677),(680,422,677),(686,670,423),(670,328,423),(332,331,694),(695,330,340),
(330,192,340),(336,696,334),(333,697,698),(333,698,335),(349,699,338),(339,
700,701),(339,701,340),(341,343,702),(344,698,703),(344,337,335),(344,335,
698),(365,704,348),(349,705,699),(350,342,706),(341,702,707),(365,708,704),
(366,710,709),(366,367,710),(350,706,711),(351,712,449),(351,449,368),(454,
459,445),(457,426,713),(458,714,446),(426,715,713),(425,717,716),(425,427,
718),(425,718,717),(719,447,444),(367,448,720),(203,448,367),(721,722,450),
(451,723,724),(721,450,449),(451,724,452),(719,444,725),(726,446,714),(725,
444,727),(472,728,468),(472,730,728),(473,724,731),(473,452,724),(470,732,
495),(734,735,493),(736,496,493),(736,493,735),(469,737,733),(469,729,737),
(734,738,735),(579,584,580),(575,739,577),(578,740,585),(575,741,739),(574,
743,742),(574,607,743),(740,744,585),(745,746,583),(718,427,583),(746,718,
583),(640,628,747),(748,629,662),(749,747,628),(636,634,750),(637,751,743),
(637,743,607),(641,752,638),(641,754,752),(640,747,755),(661,642,756),(643,
736,757),(643,496,736),(635,678,758),(634,759,750),(639,760,653),(639,753,
760),(748,662,762),(661,756,763),(678,764,758),(679,766,765),(679,680,767),
(679,767,766),(654,761,768),(654,768,681),(748,762,769),(749,770,747),(771,
692,684),(774,772,683),(774,683,666),(689,687,777),(689,777,780),(598,690,
782),(771,783,692),(785,767,693),(767,680,693),(778,686,681),(686,423,681),
(786,695,701),(788,694,787),(332,694,650),(695,340,701),(650,694,789),(694,
790,789),(788,790,694),(697,791,698),(793,792,696),(336,657,696),(696,657,
789),(794,696,789),(793,696,794),(795,699,705),(795,797,699),(798,701,700),
(799,707,702),(799,702,801),(802,703,698),(803,704,708),(803,796,704),(805,
711,706),(805,706,800),(804,709,710),(806,721,712),(721,449,712),(807,719,
725),(720,808,809),(367,720,710),(710,720,809),(723,810,812),(815,811,722),
(723,812,724),(815,722,721),(816,726,714),(817,725,727),(730,814,728),(724,
812,731),(818,713,715),(816,714,821),(822,737,729),(825,728,814),(828,822,
729),(818,715,829),(830,716,717),(824,735,738),(832,744,740),(832,835,744),
(836,746,745),(763,756,837),(757,736,838),(840,739,741),(840,833,739),(842,
769,762),(845,763,837),(842,762,848),(841,742,743),(844,747,770),(849,784,
773),(774,850,772),(781,779,852),(781,852,855),(598,782,857),(858,750,759),
(859,743,751),(860,752,754),(861,755,747),(862,758,764),(858,759,863),(864,
760,753),(860,865,752),(862,764,866),(867,765,766),(864,868,760),(869,768,
761),(849,870,784),(873,785,872),(766,767,785),(873,766,785),(853,778,874),
(778,681,768),(874,778,768),(776,871,851),(776,875,871),(878,872,877),(878,
873,872),(856,854,879),(880,853,882),(882,853,874),(856,879,883),(598,857,
885),(840,886,833),(841,743,887),(888,862,866),(888,866,890),(891,867,873),
(867,766,873),(864,892,868),(869,893,882),(869,874,768),(869,882,874),(894,
835,832),(895,834,887),(897,858,863),(897,863,889),(860,899,865),(864,901,
892),(865,899,902),(894,903,835),(906,907,836),(836,907,746),(898,887,859),
(859,887,743),(861,908,900),(861,747,908),(909,895,887),(898,910,887),(909,
887,910),(846,839,914),(915,838,917),(917,838,923),(838,736,924),(923,838,
924),(842,848,921),(843,920,925),(844,928,929),(844,908,747),(844,929,908),
(847,916,922),(819,831,930),(830,717,931),(933,820,932),(937,816,821),(937,
821,936),(933,932,941),(942,931,944),(944,931,907),(931,717,746),(931,746,
907),(940,950,817),(817,950,725),(809,808,951),(952,807,950),(807,725,950),
(810,953,812),(954,811,815),(955,826,813),(956,812,958),(953,958,812),(828,
962,822),(823,961,964),(824,968,924),(824,924,735),(957,963,827),(803,969,
796),(803,971,969),(804,973,972),(804,710,809),(804,809,973),(974,805,800),
(975,815,806),(806,815,721),(795,976,797),(795,970,976),(978,799,801),(974,
800,979),(798,977,980),(798,981,701),(798,980,981),(978,801,982),(983,802,
984),(802,698,984),(788,787,985),(986,786,981),(786,701,981),(793,987,792),
(791,988,989),(791,984,698),(791,989,984),(668,876,775),(668,990,876),(993,
877,992),(878,877,993),(884,881,994),(995,880,997),(997,880,882),(884,994,
599),(998,888,890),(998,890,1000),(1001,891,878),(891,873,878),(901,1002,
892),(893,1003,997),(893,997,882),(1004,991,667),(1004,1007,991),(1010,
992,1009),(993,992,1010),(600,996,1008),(1011,1009,995),(1011,995,997),
(666,598,1005),(600,1008,1006),(1012,1014,1016),(1014,1018,1016),(1012,
1016,1020),(1018,1023,1016),(1024,1017,1022),(1024,1021,1017),(794,1015,
1013),(1026,1019,1015),(794,1026,1015),(896,913,904),(909,910,895),(1027,
1012,1020),(794,1013,1028),(1018,1029,1023),(1026,1030,1019),(1029,1031,
1023),(1024,1022,1032),(1027,1020,1034),(1024,1033,1021),(1035,1037,1039),
(1037,1041,1039),(1035,1039,1043),(1041,1046,1039),(1047,1040,1045),(1047,
1044,1040),(1049,1038,1036),(790,1042,1038),(1049,790,1038),(1050,1027,
1034),(793,1028,1051),(793,794,1028),(1052,1035,1043),(1049,1036,1053),
(1041,1054,1046),(788,1055,1042),(788,1042,790),(1029,1056,1031),(1026,
1057,1030),(1058,897,889),(1058,889,999),(899,1060,902),(901,1062,1002),
(902,1060,1063),(1054,1064,1046),(1047,1045,1065),(1052,1043,1067),(1047,
1066,1044),(1068,1052,1067),(1049,1053,1069),(1070,1050,1034),(793,1051,
1071),(1054,1072,1064),(788,1073,1055),(1074,905,912),(1076,1077,906),(906,
1077,907),(1056,1078,1031),(1024,1032,1080),(1070,1034,1082),(1024,1081,
1033),(1056,1083,1078),(1026,1084,1057),(1059,910,898),(900,1086,1061),
(900,908,929),(900,929,1086),(1087,1068,1067),(1049,1069,1088),(1089,1075,
911),(1091,1090,910),(1059,1092,910),(1091,910,1092),(1072,1093,1064),(1047,
1065,1095),(1087,1067,1097),(1047,1096,1066),(1072,1098,1093),(788,1099,
1073),(1101,1070,1082),(793,1071,1102),(926,919,1103),(927,1105,1106),(928,
1107,929),(1010,1009,1011),(1104,918,1108),(1109,917,1110),(1111,917,923),
(1110,917,1111),(1112,1087,1097),(1114,1088,1113),(1114,1049,1088),(1104,
1108,1115),(1105,1117,1106),(1104,1115,1118),(1085,1119,1079),(1024,1080,
1120),(1121,1101,1082),(1121,1082,1123),(1024,1124,1081),(1085,1125,1119),
(1127,1126,1084),(1026,1127,1084),(1128,1102,1122),(793,1102,1128),(1100,
1129,1094),(1047,1095,1130),(1131,1112,1097),(1131,1097,1133),(1047,1134,
1096),(1100,1135,1129),(1137,1136,1099),(1137,1099,788),(1114,1113,1132),
(1138,1121,1123),(1128,1122,1139),(1109,1110,1116),(1140,1131,1133),(1114,
1132,1141),(1125,1142,1119),(1142,1144,1119),(1024,1120,1145),(1146,1138,
1123),(1146,1123,1149),(1024,1150,1124),(1128,1139,1148),(1127,1143,1126),
(1135,1152,1129),(1152,1154,1129),(1047,1130,1155),(1156,1140,1133),(1156,
1133,1159),(1047,1160,1134),(1137,1153,1136),(1114,1141,1158),(1142,1162,
1144),(1127,1163,1143),(1152,1164,1154),(1137,1165,1153),(1162,1166,1144),
(1168,1167,1163),(1127,1169,1163),(1170,1163,1169),(1168,1163,1170),(1171,
1147,1151),(1128,1148,1172),(1166,1173,1144),(1024,1145,1174),(1171,1151,
1025),(934,943,949),(1164,1175,1154),(1137,1176,1165),(1177,1157,1161),
(1179,1158,1178),(1180,1114,1158),(1181,1180,1158),(1181,1158,1179),(1175,
1182,1154),(1047,1155,1183),(1177,1161,1048),(1166,1184,1173),(1168,1185,
1167),(938,935,948),(1175,1186,1182),(1137,1187,1176),(1188,1171,1025),
(1128,1172,1189),(1190,939,947),(1191,946,1193),(1194,945,1196),(944,907,
1077),(1196,944,1077),(1024,1174,1197),(1184,1199,1173),(1199,1198,1173),
(1188,1025,1201),(1024,1197,1203),(1024,1203,1202),(1168,1200,1185),(1205,
1177,1048),(1179,1178,1206),(1047,1183,1207),(1186,1209,1182),(1209,1208,
1182),(1205,1048,1211),(1047,1207,1213),(1047,1213,1212),(1192,1215,940),
(940,1215,950),(1216,1188,1201),(1168,1189,1217),(1128,1189,1168),(1137,
1210,1187),(1199,1218,1198),(1168,1219,1200),(973,951,1220),(1221,952,1215),
(809,951,973),(952,950,1215),(953,1222,958),(953,1228,1222),(1229,954,1230),
(1230,954,815),(1231,965,960),(1235,1232,959),(1236,958,1222),(1218,1204,
1198),(1216,1201,1204),(1238,1205,1211),(1179,1206,1239),(1240,1216,1204),
(1168,1217,1241),(1218,1240,1204),(1168,1241,1219),(1209,1242,1208),(1179,
1243,1210),(1179,1210,1137),(1242,1214,1208),(1238,1211,1214),(1234,1226,
966),(967,1225,1244),(968,1247,1111),(968,923,924),(968,1111,923),(1248,
998,1000),(1248,1000,1250),(1251,1001,993),(1001,878,993),(1062,1252,1002),
(1003,1253,1011),(1003,1011,997),(1254,1238,1214),(1179,1239,1255),(1242,
1254,1214),(1179,1255,1243),(1106,1117,1256),(1106,1256,1258),(1107,1259,
1086),(1107,1086,929),(1237,1227,1233),(1260,1075,1089),(1262,1264,1090),
(1262,1090,1091),(1265,1260,1089),(1118,1115,1266),(1118,1266,1257),(1268,
1058,999),(1268,999,1249),(1060,1270,1063),(1062,1271,1252),(1269,1092,
1059),(1060,1272,1270),(1061,1274,1273),(1061,1086,1274),(971,1275,969),
(971,1277,1275),(972,973,1278),(1279,974,979),(1280,1230,975),(975,1230,
815),(1261,1281,1076),(1076,1281,1077),(1116,1110,1267),(970,1276,976),
(1282,978,982),(1279,979,1283),(1284,1264,1262),(1285,1263,1092),(1263,
1091,1092),(1258,1256,1286),(1259,1287,1086),(976,1276,1288),(977,1289,
980),(1282,982,1290),(1291,983,989),(983,984,989),(1137,985,1292),(1293,
986,980),(1137,788,985),(986,981,980),(1128,1294,987),(988,1295,1296),(793,
1128,987),(988,1296,989),(1297,1260,1265),(1284,1299,1264),(1300,1297,1265),
(1257,1266,1301),(1256,1303,1286),(1257,1301,1304),(1271,1250,1252),(1253,
1251,1010),(1271,1248,1250),(1251,993,1010),(1253,1010,1011),(1298,1305,
1261),(1261,1305,1281),(1267,1306,1302),(1267,1110,1306),(1272,1249,1270),
(1272,1268,1249),(1307,1299,1284),(1308,1285,1309),(1285,1092,1309),(1286,
1303,1310),(1286,1310,1314),(1287,1315,1274),(1287,1274,1086),(1273,1309,
1269),(1269,1309,1092),(1273,1274,1309),(1307,1316,1299),(1319,1297,1300),
(1304,1301,1311),(1320,1316,1307),(1321,1308,1309),(1314,1322,1320),(1315,
1321,1274),(1314,1310,1322),(1320,1322,1316),(1321,1309,1274),(1318,1305,
1298),(1323,1324,1317),(1325,1326,1318),(1318,1326,1305),(1302,1306,1312),
(1313,1324,1323),(1312,1326,1325),(1312,1306,1326),(1328,1191,1193),(1330,
1195,1332),(1333,1194,1196),(1328,1193,1331),(1329,1334,1192),(1192,1334,
1215),(1335,1221,1334),(1337,1220,1336),(973,1220,1337),(1221,1215,1334),
(1228,1338,1222),(1228,1339,1338),(1340,1229,1341),(1341,1229,1230),(1342,
1245,1224),(1345,1343,1223),(1346,1222,1338),(1347,1327,1349),(1347,1305,
1327),(1349,1327,1306),(1351,1330,1332),(1351,1332,1353),(1354,1333,1196),
(1344,1355,1246),(1247,1356,1111),(1357,1328,1331),(1357,1331,1352),(1345,
1359,1343),(1344,1360,1355),(1358,1361,1329),(1329,1361,1334),(1345,1362,
1359),(1346,1338,1363),(1277,1364,1275),(1277,1366,1364),(1278,1368,1367),
(1278,973,1337),(1278,1337,1368),(1369,1279,1283),(1370,1341,1280),(1280,
1341,1230),(1276,1371,1288),(1276,1365,1371),(1373,1282,1290),(1369,1283,
1375),(1376,1282,1373),(1289,1372,1377),(1289,1378,980),(1289,1377,1378),
(1374,1291,1296),(1291,989,1296),(1179,1292,1379),(1380,1293,1378),(1179,
1137,1292),(1293,980,1378),(1168,1381,1294),(1295,1382,1296),(1128,1168,
1294),(1383,1351,1353),(1383,1353,1385),(1386,1354,1387),(1354,1196,1387),
(1360,1388,1355),(1356,1389,1390),(1356,1390,1111),(1391,1357,1352),(1391,
1352,1384),(1360,1393,1388),(1362,1394,1359),(1395,1383,1385),(1396,1386,
1387),(1393,1399,1388),(1389,1402,1390),(1392,1361,1358),(1362,1403,1394),
(1363,1338,1404),(1405,1335,1361),(1368,1336,1406),(1335,1334,1361),(1337,
1336,1368),(1339,1407,1338),(1409,1408,1340),(1410,1340,1341),(1409,1340,
1410),(1398,1391,1384),(1403,1400,1394),(1411,1348,1350),(1415,1396,1348),
(1411,1415,1348),(1396,1387,1348),(1387,1305,1347),(1402,1417,1350),(1417,
1411,1350),(1402,1350,1390),(1349,1306,1390),(1419,1391,1398),(1420,1421,
1392),(1392,1421,1361),(1403,1422,1400),(1404,1424,1423),(1404,1338,1424),
(1425,1397,1416),(1414,1425,1416),(1401,1427,1418),(1427,1412,1418),(1429,
1419,1398),(1429,1398,1426),(1422,1431,1400),(1400,1431,1428),(1366,1433,
1364),(1366,1435,1433),(1367,1437,1436),(1367,1368,1437),(1438,1369,1375),
(1439,1410,1370),(1370,1410,1341),(1430,1421,1420),(1423,1424,1432),(1365,
1440,1371),(1365,1434,1440),(1442,1376,1373),(1438,1375,1443),(1444,1426,
1413),(1444,1429,1426),(1431,1413,1428),(1446,1405,1421),(1437,1406,1447),
(1405,1361,1421),(1368,1406,1437),(1447,1408,1409),(1407,1446,1448),(1407,
1424,1338),(1407,1448,1424),(1372,1441,1449),(1372,1449,1377),(1442,1373,
1450),(1451,1374,1452),(1374,1296,1452),(1431,1444,1413),(1179,1379,1453),
(1454,1380,1377),(1380,1378,1377),(1168,1455,1381),(1382,1456,1457),(1382,
1452,1296),(1382,1457,1452),(1445,1448,1430),(1430,1448,1421),(1432,1448,
1445),(1432,1424,1448),(1458,1447,1409),(1446,1421,1448),(1437,1447,1458),
(1435,1459,1433),(1436,1437,1460),(1461,1438,1443),(1459,1438,1461),(1460,
1458,1439),(1439,1409,1410),(1439,1458,1409),(1434,1463,1440),(1433,1459,
1461),(1434,1462,1463),(1462,1442,1450),(1441,1464,1449),(1462,1450,1463),
(1464,1451,1465),(1451,1452,1457),(1451,1457,1465),(1181,1453,1466),(1467,
1454,1449),(1181,1179,1453),(1454,1377,1449),(1170,1466,1455),(1456,1467,
1465),(1168,1170,1455),(1456,1465,1457),(1460,1437,1458),(1464,1465,1449),
(1170,1181,1466),(1467,1449,1465),(6,518,10),(6,520,518),(319,129,150),
(182,129,319),(518,789,517),(517,789,572),(520,789,518),(519,789,520),(563,
789,519),(650,789,563),(572,789,657),(717,718,746),(1049,789,790),(794,
789,1026),(1114,789,1049),(1026,789,1127),(1180,789,1114),(1127,789,1169),
(1169,789,1180),(924,736,735),(1170,1169,1180),(1170,1180,1181),(1196,1077,
1281),(1390,1110,1111),(1306,1110,1390),(1196,1281,1387),(1387,1281,1305)),
());
#923=COMPLEX_TRIANGULATED_FACE('ConvergentBody',#934,48,((-1.,0.,0.),(0.,
-1.,0.),(0.,0.,1.),(0.,0.,1.),(-1.,0.,0.),(0.,-1.,0.),(-1.,0.,0.),(0.,-1.,
0.),(0.,0.,-1.),(0.,-1.,0.),(0.,0.,-1.),(1.,0.,0.),(-1.,0.,0.),(0.,1.,0.),
(0.,0.,-1.),(0.,1.,0.),(0.,0.,-1.),(1.,0.,0.),(0.,0.,1.),(0.,-1.,0.),(1.,
0.,0.),(-1.,0.,0.),(0.,-1.,0.),(0.,0.,1.),(-1.,0.,0.),(0.,-1.,0.),(0.,0.,
-1.),(0.,0.,-1.),(-1.,0.,0.),(0.,-1.,0.),(0.,-1.,0.),(1.,0.,0.),(0.,0.,
1.),(0.,0.,-1.),(0.,-1.,0.),(1.,0.,0.),(0.,-1.,0.),(1.,0.,0.),(0.,0.,-1.),
(-1.,0.,0.),(0.,0.,1.),(0.,1.,0.),(0.,0.,1.),(1.,0.,0.),(0.,-1.,0.),(0.,
0.,1.),(1.,0.,0.),(0.,1.,0.)),$,(2,2,2,5,5,5,1,1,1,9,9,9,7,7,7,15,15,15,
10,10,10,4,4,4,6,6,6,3,3,3,12,12,12,14,14,14,11,11,11,8,8,8,13,13,13,16,
16,16),((1,5,7),(10,2,8),(5,13,7),(9,15,17),(9,17,11),(19,4,3),(10,20,2),
(22,25,29),(30,31,23),(28,27,34),(30,37,31),(28,34,39),(22,40,25),(33,41,
24),(25,13,5),(6,35,26),(19,43,4),(6,45,35),(25,40,13),(14,42,16),(33,46,
41),(16,42,48),(12,44,21),(12,18,44),(38,36,32),(36,47,32),(44,18,36),(18,
47,36)),());
#924=COMPLEX_TRIANGULATED_FACE('ConvergentBody',#935,128,((-1.,0.,0.),(0.,
-1.,0.),(-0.707102285525584,0.,0.707111276818928),(-1.,0.,0.),(0.,1.,0.),
(-0.707103409448861,0.,-0.707110152908157),(-0.707103409448861,0.,-0.707110152908157),
(-1.,0.,0.),(0.,-1.,0.),(-1.,0.,0.),(0.,-1.,0.),(0.,0.,1.),(-0.707103409448861,
0.,-0.707110152908157),(0.,1.,0.),(0.,0.,-1.),(0.,0.,-1.),(-0.707103409448861,
0.,-0.707110152908157),(0.,-1.,0.),(0.,-1.,0.),(0.,0.,-1.),(-1.,0.,0.),
(-1.,0.,0.),(-0.707102285525584,0.,0.707111276818928),(0.,1.,0.),(-0.707102285525584,
0.,0.707111276818928),(0.,1.,0.),(0.,0.,1.),(-0.707102285525584,0.,0.707111276818928),
(0.,-1.,0.),(0.,0.,1.),(0.,0.,1.),(0.,1.,0.),(-1.,0.,0.),(0.,1.,0.),(-1.,
0.,0.),(0.,0.,-1.),(0.,0.,-1.),(0.,1.,0.),(0.70711240078507,0.,-0.707101161543364),
(0.,-1.,0.),(1.,0.,0.),(0.,0.,-1.),(0.,0.,-1.),(0.,-1.,0.),(0.70711240078507,
0.,-0.707101161543364),(0.,0.,1.),(0.,-1.,0.),(0.707111276876085,0.,0.707102285468426),
(0.,-1.,0.),(0.,0.,1.),(1.,0.,0.),(0.,1.,0.),(0.,0.,-1.),(1.,0.,0.),(0.,
1.,0.),(0.,0.,1.),(0.707111276876085,0.,0.707102285468426),(-1.,0.,0.),
(-0.707106781186547,-0.707106781186547,0.),(0.,-0.707108467080147,0.707105095288929),
(0.,0.,1.),(-1.,0.,0.),(0.,0.,-1.),(0.,-0.7071101529617,-0.707103409395317),
(-0.707106781186547,-0.707106781186547,0.),(0.,-0.7071101529617,-0.707103409395317),
(-0.707106781186547,-0.707106781186547,0.),(0.,-1.,0.),(0.,-0.7071101529617,
-0.707103409395317),(0.707106781186547,-0.707106781186547,0.),(0.,-1.,0.),
(0.,-0.7071101529617,-0.707103409395317),(0.,0.,-1.),(1.,0.,0.),(0.707106781186547,
-0.707106781186547,0.),(0.,0.,1.),(0.,-0.707108467080147,0.707105095288929),
(0.707106781186547,-0.707106781186547,0.),(1.,0.,0.),(-0.707106781186547,
-0.707106781186547,0.),(0.,-1.,0.),(0.,-0.707108467080147,0.707105095288929),
(-1.,0.,0.),(-0.707106781186547,0.707106781186547,0.),(0.,0.7071101529617,
-0.707103409395317),(0.,0.,-1.),(0.,0.7071101529617,-0.707103409395317),
(0.,0.,-1.),(0.707106781186547,0.707106781186547,0.),(1.,0.,0.),(-1.,0.,
0.),(0.,0.,1.),(0.,0.707108467080147,0.707105095288929),(-0.707106781186547,
0.707106781186547,0.),(0.,0.,1.),(0.,1.,0.),(1.,0.,0.),(-0.707106781186547,
0.707106781186547,0.),(0.,0.707108467080147,0.707105095288929),(0.,1.,0.),
(0.,1.,0.),(-0.707106781186547,0.707106781186547,0.),(0.,0.7071101529617,
-0.707103409395317),(0.,0.707108467080147,0.707105095288929),(0.,0.,1.),
(1.,0.,0.),(0.707106781186547,0.707106781186547,0.),(0.,-1.,0.),(0.707106781186547,
-0.707106781186547,0.),(0.,-0.707108467080147,0.707105095288929),(0.,1.,
0.),(0.,0.707108467080147,0.707105095288929),(0.707106781186547,0.707106781186547,
0.),(0.707106781186547,0.707106781186547,0.),(0.,1.,0.),(0.,0.7071101529617,
-0.707103409395317),(0.,-1.,0.),(1.,0.,0.),(0.707111276876085,0.,0.707102285468426),
(0.,-1.,0.),(0.70711240078507,0.,-0.707101161543364),(1.,0.,0.),(0.,1.,
0.),(0.707111276876085,0.,0.707102285468426),(1.,0.,0.),(1.,0.,0.),(0.,
1.,0.),(0.70711240078507,0.,-0.707101161543364)),$,(2,2,2,3,3,3,1,1,1,12,
12,12,7,7,7,5,5,5,11,11,11,4,4,4,8,8,8,6,6,6,14,14,14,13,13,13,35,35,35,
27,27,27,33,33,33,34,34,34,28,28,28,29,29,29,36,36,36,10,10,10,10,9,9,9,
9,17,17,17,21,21,21,25,25,25,25,26,26,26,26,18,18,18,15,15,15,15,31,31,
31,31,16,16,16,16,30,30,30,20,20,20,19,19,19,32,32,32,32,22,22,22,24,24,
24,23,23,23,38,38,38,37,37,37,40,40,40,39,39,39),((1,4,8),(9,11,2),(7,6,
13),(7,13,17),(18,19,9),(9,19,11),(1,22,4),(3,25,23),(28,25,3),(2,11,29),
(5,24,32),(5,34,14),(5,32,34),(24,26,32),(16,15,37),(18,40,19),(18,44,40),
(16,37,43),(46,27,30),(11,49,29),(29,49,47),(14,34,52),(14,52,38),(32,26,
55),(46,56,27),(58,21,62),(59,65,67),(63,20,42),(64,69,66),(64,72,69),(63,
42,73),(58,10,21),(76,12,61),(59,67,80),(77,60,82),(76,50,12),(33,83,35),
(36,86,88),(36,88,53),(33,91,83),(95,92,31),(32,55,96),(94,98,84),(98,102,
84),(85,103,87),(104,99,93),(95,105,92),(81,68,71),(81,71,108),(77,82,110),
(100,111,101),(101,111,115),(103,116,87),(104,112,99),(70,78,109),(75,78,
70),(114,113,107),(89,114,107),(74,51,79),(74,41,51),(40,117,49),(44,120,
40),(40,120,117),(49,117,47),(54,106,97),(52,96,123),(54,90,106),(38,52,
127),(52,123,127),(96,55,123),(45,39,128),(45,128,121),(48,124,57),(119,
124,48),(122,125,118),(122,126,125)),());
#925=COMPLEX_TRIANGULATED_FACE('ConvergentBody',#936,3514,((-1.,0.,0.),
(0.,0.,-1.),(0.,-1.,0.),(0.,-1.,0.),(-1.,0.,0.),(0.,0.,1.),(-1.,0.,0.),
(0.,0.,1.),(0.,1.,0.),(0.,-1.,0.),(0.980785013558679,0.,-0.195091663529488),
(0.831471006472292,0.,-0.555568146491457),(-1.,0.,0.),(0.,1.,0.),(0.,0.,
-1.),(0.,1.,0.),(0.,0.,-1.),(1.,0.,0.),(0.,-1.,0.),(0.980785013558683,0.,
0.195091663529465),(0.980785013558679,0.,-0.195091663529488),(0.,-1.,0.),
(0.831471257943537,0.,0.555567770135914),(0.980785013558683,0.,0.195091663529465),
(0.,-1.,0.),(0.555571528591784,0.,0.831468746627429),(0.831471257943537,
0.,0.555567770135914),(0.,-1.,0.),(0.195089160745467,0.,0.980785511393612),
(0.555571528591784,0.,0.831468746627429),(0.,-1.,0.),(-0.195089160745467,
0.,0.980785511393612),(0.195089160745467,0.,0.980785511393612),(0.,-1.,
0.),(-0.555571528591774,0.,0.831468746627436),(-0.195089160745467,0.,0.980785511393612),
(0.,-1.,0.),(0.,0.,-1.),(1.,0.,0.),(0.,0.,1.),(0.,-1.,0.),(1.,0.,0.),(0.,
-1.,0.),(0.831471006472292,0.,-0.555568146491457),(0.555572091847697,0.,
-0.831468370270316),(0.,-1.,0.),(0.980782457176793,0.,0.195104514797205),
(0.980782643254926,0.,-0.195103579387668),(0.,-1.,0.),(0.980782829330411,
0.,0.195102643986786),(0.980782457176808,0.,-0.195104514797126),(0.,-1.,
0.),(0.831475267890323,0.,0.555561768741078),(0.980782829330411,0.,0.195102643986786),
(0.,-1.,0.),(0.980782457176808,0.,-0.195104514797126),(0.831475267890323,
0.,-0.555561768741078),(0.,-1.,0.),(0.55557980337771,0.,0.831463217514031),
(0.831475267890323,0.,0.555561768741078),(0.,-1.,0.),(0.831475267890323,
0.,-0.555561768741078),(0.555579803377704,0.,-0.831463217514035),(0.555579803377704,
0.,-0.831463217514035),(0.,-1.,0.),(0.195091368775202,0.,-0.980785072189324),
(0.,-1.,0.),(0.195091368775202,0.,-0.980785072189324),(-0.195098851754527,
0.,-0.980783583694214),(0.,-1.,0.),(0.195091368775202,0.,-0.980785072189324),
(-0.195098851754527,0.,-0.980783583694214),(0.,-1.,0.),(0.195091368775202,
0.,-0.980785072189324),(-0.195098851754527,0.,-0.980783583694214),(0.,1.,
0.),(0.,0.,1.),(-1.,0.,0.),(0.,1.,0.),(-0.220252152287195,0.,0.975442970866497),
(-1.,0.,0.),(-1.,0.,0.),(0.,1.,0.),(0.244363250461421,0.,-0.969683763824026),
(0.,1.,0.),(0.980785013558679,0.,-0.195091663529488),(0.980785013558683,
0.,0.195091663529465),(0.,1.,0.),(-1.,0.,0.),(-0.274164425370465,0.,-0.961682831218943),
(0.,1.,0.),(-0.277996912157688,0.,0.960581967783484),(-1.,0.,0.),(-1.,0.,
0.),(0.,1.,0.),(-0.220170795382445,0.,-0.975461337450471),(0.,1.,0.),(0.2441809235783,
0.,0.969729692522843),(-1.,0.,0.),(-1.,0.,0.),(0.,1.,0.),(0.,0.,-1.),(0.,
1.,0.),(0.,0.,1.),(-1.,0.,0.),(-1.,0.,0.),(0.,1.,0.),(0.,0.,-1.),(0.,1.,
0.),(0.980785013558683,0.,0.195091663529465),(0.831471257943537,0.,0.555567770135914),
(0.831471257943537,0.,0.555567770135914),(0.,1.,0.),(0.555571528591784,
0.,0.831468746627429),(0.,1.,0.),(0.555571528591784,0.,0.831468746627429),
(0.195089160745467,0.,0.980785511393612),(0.195089160745467,0.,0.980785511393612),
(0.,1.,0.),(-0.195089160745467,0.,0.980785511393612),(0.,1.,0.),(-0.195089160745467,
0.,0.980785511393612),(-0.555571528591774,0.,0.831468746627436),(0.,1.,
0.),(-0.927436103548942,0.,0.373981649060426),(0.,0.,-1.),(0.,1.,0.),(0.,
0.,1.),(-0.927436103548942,0.,0.373981649060426),(0.,1.,0.),(0.980782829330411,
0.,0.195102643986786),(0.831475267890323,0.,0.555561768741078),(0.,1.,0.),
(0.980782457176808,0.,-0.195104514797126),(0.980782829330411,0.,0.195102643986786),
(0.,1.,0.),(0.831475267890323,0.,-0.555561768741078),(0.980782457176808,
0.,-0.195104514797126),(0.,1.,0.),(0.555579803377704,0.,-0.831463217514035),
(0.831475267890323,0.,-0.555561768741078),(0.,1.,0.),(0.195091368775202,
0.,-0.980785072189324),(0.555579803377704,0.,-0.831463217514035),(0.,1.,
0.),(-0.195098851754527,0.,-0.980783583694214),(0.195091368775202,0.,-0.980785072189324),
(0.,1.,0.),(-0.195098851754527,0.,-0.980783583694214),(0.195091368775202,
0.,-0.980785072189324),(0.,1.,0.),(-0.195098851754527,0.,-0.980783583694214),
(0.195091368775202,0.,-0.980785072189324),(0.,1.,0.),(0.,0.,1.),(1.,0.,
0.),(-1.,0.,0.),(-0.220252152287195,0.,0.975442970866497),(0.,1.,0.),(0.,
1.,0.),(-1.,0.,0.),(0.244363250461421,0.,-0.969683763824026),(0.244363250461421,
0.,-0.969683763824026),(1.,0.,0.),(0.,1.,0.),(0.,1.,0.),(0.831471006472292,
0.,-0.555568146491457),(0.980785013558679,0.,-0.195091663529488),(0.,1.,
0.),(0.555572091847697,0.,-0.831468370270316),(0.831471006472292,0.,-0.555568146491457),
(0.,1.,0.),(0.195089160745467,0.,-0.980785511393612),(0.555572091847697,
0.,-0.831468370270316),(0.,1.,0.),(-0.245281758078749,0.,-0.969451834365069),
(-0.219995483263297,0.,0.975500890488445),(0.,1.,0.),(-0.219995483263297,
0.,0.975500890488445),(0.,1.,0.),(-1.,0.,0.),(-0.277996912157688,0.,0.960581967783484),
(0.,1.,0.),(0.,1.,0.),(-1.,0.,0.),(-0.274164425370465,0.,-0.961682831218943),
(0.,1.,0.),(-0.220082100634298,0.,-0.975481352451391),(-0.278146743444816,
0.,0.960538593243938),(0.,1.,0.),(-0.278146743444816,0.,0.960538593243938),
(0.,1.,0.),(-1.,0.,0.),(0.2441809235783,0.,0.969729692522843),(0.,1.,0.),
(0.,1.,0.),(-1.,0.,0.),(-0.220170795382445,0.,-0.975461337450471),(0.,1.,
0.),(0.,0.,-1.),(1.,0.,0.),(1.,0.,0.),(0.2441809235783,0.,0.969729692522843),
(0.,1.,0.),(0.,1.,0.),(1.,0.,0.),(0.2441809235783,0.,0.969729692522843),
(-1.,0.,0.),(0.,0.,1.),(0.,1.,0.),(0.,1.,0.),(-1.,0.,0.),(0.,0.,-1.),(0.,
0.,-1.),(0.,1.,0.),(-1.,0.,0.),(-1.,0.,0.),(0.,0.,1.),(0.,1.,0.),(0.,1.,
0.),(-1.,0.,0.),(0.,0.,1.),(-1.,0.,0.),(0.,0.,1.),(0.,1.,0.),(0.,1.,0.),
(-1.,0.,0.),(0.,0.,-1.),(0.,0.,1.),(1.,0.,0.),(0.,1.,0.),(0.,1.,0.),(0.831476776693627,
0.,-0.555559510600958),(0.980782643254926,0.,-0.195103579387668),(0.,0.,
1.),(0.,1.,0.),(1.,0.,0.),(0.,1.,0.),(0.980782643254926,0.,-0.195103579387668),
(0.980782457176793,0.,0.195104514797205),(0.,1.,0.),(1.,0.,0.),(0.244363250461421,
0.,-0.969683763824026),(0.,1.,0.),(0.277625281014052,0.,-0.960689441672942),
(0.263825400224755,0.,0.964570452686712),(0.,1.,0.),(0.263770436306354,
0.,0.964585484511744),(0.,1.,0.),(-0.245281758078749,0.,-0.969451834365069),
(0.,1.,0.),(0.277819367526952,0.,-0.960633332248535),(0.,1.,0.),(-0.220082100634298,
0.,-0.975481352451391),(0.,1.,0.),(1.,0.,0.),(0.,0.,1.),(0.,1.,0.),(1.,
0.,0.),(0.,0.,-1.),(0.,1.,0.),(-1.,0.,0.),(0.,0.,-1.),(0.,0.,-1.),(0.,1.,
0.),(1.,0.,0.),(0.263825400224755,0.,0.964570452686712),(0.277625281014052,
0.,-0.960689441672942),(0.,1.,0.),(0.,1.,0.),(0.277819367526952,0.,-0.960633332248535),
(0.263770436306354,0.,0.964585484511744),(0.,1.,0.),(0.263715471531494,
0.,0.964600513204778),(1.,0.,0.),(0.,1.,0.),(1.,0.,0.),(0.,1.,0.),(0.263715471531494,
0.,0.964600513204778),(0.,1.,0.),(-0.219738799008363,0.,0.975558742572871),
(-0.216179670095289,0.,-0.976353598978102),(0.278013442699866,0.,-0.960577183613149),
(1.,0.,0.),(0.,1.,0.),(1.,0.,0.),(0.,1.,0.),(0.278013442699866,0.,-0.960577183613149),
(-0.216179670095289,0.,-0.976353598978102),(-0.219738799008363,0.,0.975558742572871),
(0.,1.,0.),(1.,0.,0.),(0.,0.,-1.),(0.,1.,0.),(0.,1.,0.),(1.,0.,0.),(0.,
0.,1.),(0.,1.,0.),(0.,0.,-1.),(1.,0.,0.),(1.,0.,0.),(0.,0.,1.),(0.,1.,0.),
(0.,1.,0.),(1.,0.,0.),(0.,0.,1.),(0.,0.,-1.),(0.,1.,0.),(1.,0.,0.),(-0.219993404066654,
0.,-0.975501359387657),(-0.278296567964422,0.,0.960495195333753),(0.,1.,
0.),(0.,1.,0.),(-0.219993404066654,0.,-0.975501359387657),(-0.278296567964422,
0.,0.960495195333753),(0.,0.,-1.),(-0.927436103548942,0.,0.373981649060426),
(0.,1.,0.),(0.,0.,-1.),(0.934925496755875,0.,-0.354844072115881),(0.,1.,
0.),(-0.927436103548942,0.,0.373981649060426),(0.,0.,1.),(0.,1.,0.),(0.,
1.,0.),(0.,0.,-1.),(0.934925496755875,0.,-0.354844072115881),(0.,1.,0.),
(0.940995451525566,0.,-0.338419207800319),(0.555572091847697,0.,-0.831468370270316),
(0.195089160745467,0.,-0.980785511393612),(0.,-1.,0.),(0.,-1.,0.),(0.980782457176808,
0.,-0.195104514797126),(0.831477531088307,0.,-0.555558381536354),(0.,-1.,
0.),(0.831476776693597,0.,0.555559510601003),(0.980782457176793,0.,0.195104514797205),
(0.940995451525566,0.,-0.338419207800319),(0.,1.,0.),(0.,1.,0.),(-0.941444708750504,
0.,-0.337167407033478),(0.,1.,0.),(-0.9346653220823,0.,-0.355528811345566),
(0.,0.,-1.),(0.,0.,1.),(0.927371671690435,0.,0.374141393788616),(0.,1.,
0.),(0.,1.,0.),(0.831475267890323,0.,0.555561768741078),(0.55557980337771,
0.,0.831463217514031),(0.,0.,1.),(0.,1.,0.),(0.927371671690435,0.,0.374141393788616),
(0.,1.,0.),(-0.947863426772182,0.,-0.318676833465653),(0.946776877781825,
0.,-0.321890577211727),(-0.947863426772182,0.,-0.318676833465653),(0.946776877781825,
0.,-0.321890577211727),(0.,1.,0.),(0.,1.,0.),(-0.941444708750504,0.,-0.337167407033478),
(0.,1.,0.),(0.927371671690435,0.,0.374141393788616),(0.,0.,-1.),(-0.9346653220823,
0.,-0.355528811345566),(0.,1.,0.),(0.,0.,-1.),(0.,1.,0.),(0.55557980337771,
0.,0.831463217514031),(0.195086666536889,0.,0.980786007516178),(0.,1.,0.),
(0.,0.,1.),(-1.,0.,0.),(0.927371671690435,0.,0.374141393788616),(0.,1.,
0.),(0.,0.,-1.),(0.,1.,0.),(-0.195089160745467,0.,-0.980785511393612),(0.195089160745467,
0.,-0.980785511393612),(0.,1.,0.),(0.831477531088341,0.,0.555558381536303),
(0.555558358855922,0.,0.831477546242419),(0.,1.,0.),(0.980782550216208,
0.,0.195104047091266),(0.831477531088341,0.,0.555558381536303),(0.,1.,0.),
(0.980782457176808,0.,-0.195104514797126),(0.980782550216208,0.,0.195104047091266),
(0.,1.,0.),(0.831477531088307,0.,-0.555558381536354),(0.980782457176808,
0.,-0.195104514797126),(0.,1.,0.),(0.555560048622041,0.,-0.831476417209217),
(0.831477531088307,0.,-0.555558381536354),(0.,1.,0.),(0.980782457176793,
0.,0.195104514797205),(0.831476776693597,0.,0.555559510601003),(0.831476776693597,
0.,0.555559510601003),(0.,1.,0.),(0.555558358855922,0.,0.831477546242419),
(0.,1.,0.),(0.19509414935014,0.,-0.980784519091398),(0.555560048622041,
0.,-0.831476417209217),(0.,1.,0.),(0.555558358855922,0.,0.831477546242419),
(0.19509885175463,0.,0.980783583694194),(0.55557980337771,0.,0.831463217514031),
(0.,-1.,0.),(0.195086666536889,0.,0.980786007516178),(0.,-1.,0.),(0.980782643254926,
0.,-0.195103579387668),(0.831476776693627,0.,-0.555559510600958),(0.195089160745467,
0.,-0.980785511393612),(-0.195089160745467,0.,-0.980785511393612),(0.,-1.,
0.),(0.,-1.,0.),(0.980782550216208,0.,0.195104047091266),(0.980782457176808,
0.,-0.195104514797126),(0.,1.,0.),(0.555558358855885,0.,-0.831477546242444),
(0.831476776693627,0.,-0.555559510600958),(0.195086666536889,0.,0.980786007516178),
(-0.195094149350126,0.,0.980784519091401),(0.,1.,0.),(0.195086666536889,
0.,0.980786007516178),(0.,-1.,0.),(-0.195094149350126,0.,0.980784519091401),
(0.,-1.,0.),(0.831476776693627,0.,-0.555559510600958),(0.555558358855885,
0.,-0.831477546242444),(0.,1.,0.),(-1.,0.,0.),(0.,0.,-1.),(-0.195094149350126,
0.,0.980784519091401),(0.,-1.,0.),(-0.555561738381272,0.,0.831475288175649),
(0.,-1.,0.),(0.555558358855885,0.,-0.831477546242444),(0.19509414935014,
0.,-0.980784519091398),(-0.195098851754527,0.,-0.980783583694214),(0.,1.,
0.),(-0.555561738381463,0.,-0.831475288175522),(-0.555561738381463,0.,-0.831475288175522),
(-0.195098851754527,0.,-0.980783583694214),(0.,-1.,0.),(0.,1.,0.),(1.,0.,
0.),(0.,0.,1.),(0.,1.,0.),(-0.195094149350126,0.,0.980784519091401),(-0.555561738381272,
0.,0.831475288175649),(-1.,0.,0.),(0.,0.,1.),(0.,1.,0.),(0.,1.,0.),(-1.,
0.,0.),(0.,0.,-1.),(0.,0.,-1.),(1.,0.,0.),(0.,1.,0.),(0.,0.,1.),(1.,0.,
0.),(0.,1.,0.),(1.,0.,0.),(0.,1.,0.),(0.,0.,-1.),(0.,1.,0.),(0.,0.,1.),
(-1.,0.,0.),(-1.,0.,0.),(0.,1.,0.),(0.,0.,-1.),(-0.555561738381272,0.,0.831475288175649),
(0.,-1.,0.),(-0.831475267890323,0.,0.555561768741078),(0.,-1.,0.),(0.195086666536889,
0.,0.980786007516178),(0.55557980337771,0.,0.831463217514031),(-0.555561738381463,
0.,-0.831475288175522),(0.,1.,0.),(-0.831475267890126,0.,-0.555561768741373),
(-0.831475267890126,0.,-0.555561768741373),(-0.555561738381463,0.,-0.831475288175522),
(0.,-1.,0.),(0.,-1.,0.),(0.831457202665785,0.,-0.555588804904479),(0.555579803377704,
0.,-0.831463217514035),(0.555579803377704,0.,-0.831463217514035),(0.,-1.,
0.),(0.195091368775202,0.,-0.980785072189324),(0.,1.,0.),(1.,0.,0.),(0.,
0.,1.),(-0.555561738381272,0.,0.831475288175649),(-0.831475267890323,0.,
0.555561768741078),(0.,1.,0.),(0.,1.,0.),(0.555579803377704,0.,-0.831463217514035),
(0.831457202665785,0.,-0.555588804904479),(0.,1.,0.),(0.195091368775202,
0.,-0.980785072189324),(0.555579803377704,0.,-0.831463217514035),(-1.,0.,
0.),(0.,0.,1.),(0.,1.,0.),(0.,1.,0.),(-1.,0.,0.),(0.,0.,-1.),(0.,0.,-1.),
(0.84145091157175,0.,-0.540333566803943),(0.,1.,0.),(0.,0.,1.),(1.,0.,0.),
(0.,1.,0.),(1.,0.,0.),(0.,1.,0.),(-0.841450911571672,0.,0.540333566804064),
(0.,1.,0.),(0.84145091157175,0.,-0.540333566803943),(0.,0.,-1.),(-0.195089160745467,
0.,-0.980785511393612),(-0.555572091847686,0.,-0.831468370270323),(0.,-1.,
0.),(0.,-1.,0.),(0.555558358855922,0.,0.831477546242419),(0.831477531088341,
0.,0.555558381536303),(0.831477531088341,0.,0.555558381536303),(0.,-1.,
0.),(0.980782550216208,0.,0.195104047091266),(-0.195089160745467,0.,-0.980785511393612),
(0.,1.,0.),(-0.555572091847686,0.,-0.831468370270323),(-0.831475267890323,
0.,0.555561768741078),(0.,-1.,0.),(-0.980782829330397,0.,0.195102643986855),
(0.,-1.,0.),(0.831457202665786,0.,0.555588804904479),(0.980790311836952,
0.,0.195065025585762),(0.,-1.,0.),(0.55557980337771,0.,0.831463217514031),
(0.831457202665786,0.,0.555588804904479),(-0.831475267890126,0.,-0.555561768741373),
(0.,1.,0.),(-0.98078245717681,0.,-0.195104514797117),(-0.98078245717681,
0.,-0.195104514797117),(-0.831475267890126,0.,-0.555561768741373),(0.,-1.,
0.),(0.,1.,0.),(0.,0.,1.),(-0.841450911571672,0.,0.540333566804064),(-0.831475267890323,
0.,0.555561768741078),(-0.980782829330397,0.,0.195102643986855),(0.,1.,
0.),(0.,1.,0.),(1.,0.,0.),(-0.841450911571672,0.,0.540333566804064),(-0.841450911571672,
0.,0.540333566804064),(0.,0.,1.),(0.,1.,0.),(0.,1.,0.),(-1.,0.,0.),(0.84145091157175,
0.,-0.540333566803943),(-1.,0.,0.),(0.84145091157175,0.,-0.540333566803943),
(0.,1.,0.),(0.,1.,0.),(-1.,0.,0.),(0.,0.,-1.),(0.,1.,0.),(0.19509414935014,
0.,-0.980784519091398),(0.555558358855885,0.,-0.831477546242444),(-0.980782829330397,
0.,0.195102643986855),(0.,-1.,0.),(-0.98078245717681,0.,-0.195104514797117),
(0.,-1.,0.),(0.980790311836952,0.,0.195065025585762),(0.980789939824026,
0.,-0.195066896063847),(-0.98078245717681,0.,-0.195104514797117),(0.,1.,
0.),(-0.980782829330397,0.,0.195102643986855),(0.,-1.,0.),(0.980789939824026,
0.,-0.195066896063847),(0.831457202665785,0.,-0.555588804904479),(0.,1.,
0.),(0.980789939824026,0.,-0.195066896063847),(0.980790311836952,0.,0.195065025585762),
(0.,1.,0.),(1.,0.,0.),(0.,0.,1.),(0.,1.,0.),(0.980790311836952,0.,0.195065025585762),
(0.831457202665786,0.,0.555588804904479),(0.,1.,0.),(0.831457202665785,
0.,-0.555588804904479),(0.980789939824026,0.,-0.195066896063847),(0.,0.,
1.),(1.,0.,0.),(0.,1.,0.),(0.,1.,0.),(-1.,0.,0.),(0.,0.,-1.),(0.,0.,-1.),
(1.,0.,0.),(0.,1.,0.),(1.,0.,0.),(0.,1.,0.),(0.,0.,-1.),(-0.555571528591774,
0.,0.831468746627436),(0.,-1.,0.),(-0.831471257943549,0.,0.555567770135897),
(0.,-1.,0.),(0.195089160745467,0.,0.980785511393612),(0.555571528591784,
0.,0.831468746627429),(-0.555572091847686,0.,-0.831468370270323),(-0.831471006472303,
0.,-0.555568146491441),(0.,-1.,0.),(0.,-1.,0.),(-0.195086666536954,0.,0.980786007516165),
(0.195094149350178,0.,0.980784519091391),(0.195094149350178,0.,0.980784519091391),
(0.,-1.,0.),(0.555558358855922,0.,0.831477546242419),(-0.555571528591774,
0.,0.831468746627436),(-0.831471257943549,0.,0.555567770135897),(0.,1.,
0.),(0.,1.,0.),(0.555571528591784,0.,0.831468746627429),(0.195089160745467,
0.,0.980785511393612),(-0.555572091847686,0.,-0.831468370270323),(0.,1.,
0.),(-0.831471006472303,0.,-0.555568146491441),(0.,1.,0.),(0.195094149350178,
0.,0.980784519091391),(-0.195086666536954,0.,0.980786007516165),(0.,1.,
0.),(0.555558358855922,0.,0.831477546242419),(0.195094149350178,0.,0.980784519091391),
(0.,1.,0.),(-0.998901244628134,0.,-0.0468647360001552),(0.,1.,0.),(-0.981704331521943,
0.,-0.190411673673267),(-0.841751984891366,0.,-0.539864423657872),(-0.841751984891366,
0.,-0.539864423657872),(0.,1.,0.),(-0.568227018052796,0.,-0.822871834464412),
(0.,1.,0.),(-0.439985080370897,0.,-0.898005082976157),(0.,1.,0.),(-0.198005120106557,
0.,-0.980200985722616),(0.,1.,0.),(-0.978780943232882,0.,0.204909407212433),
(0.,1.,0.),(-0.893587108292439,0.,0.448889830463509),(0.,1.,0.),(-0.525535181022034,
0.,0.850771869250587),(-0.816126444327915,0.,0.577873365772012),(0.,1.,
0.),(-0.177279777846756,0.,0.984160495227585),(-0.525535181022034,0.,0.850771869250587),
(-0.978780943232882,0.,0.204909407212433),(0.,1.,0.),(0.,1.,0.),(-0.998901244628134,
0.,-0.0468647360001552),(0.,1.,0.),(0.985688662944224,0.,-0.168575976174628),
(0.983005639628881,0.,0.183575359070367),(-0.981704331521943,0.,-0.190411673673267),
(0.,1.,0.),(-0.841751984891366,0.,-0.539864423657872),(-0.831471257943549,
0.,0.555567770135897),(0.,-1.,0.),(-0.980785013558679,0.,0.195091663529488),
(0.,-1.,0.),(0.831471257943537,0.,0.555567770135914),(0.980785013558683,
0.,0.195091663529465),(0.,-1.,0.),(0.555571528591784,0.,0.831468746627429),
(0.831471257943537,0.,0.555567770135914),(-0.831471006472303,0.,-0.555568146491441),
(0.,1.,0.),(-0.980785013558679,0.,-0.195091663529488),(-0.980785013558679,
0.,-0.195091663529488),(-0.831471006472303,0.,-0.555568146491441),(0.,-1.,
0.),(0.,-1.,0.),(-0.555576423840556,0.,0.831465475694895),(-0.195086666536954,
0.,0.980786007516165),(-0.831471257943549,0.,0.555567770135897),(-0.980785013558679,
0.,0.195091663529488),(0.,1.,0.),(0.,1.,0.),(0.980785013558683,0.,0.195091663529465),
(0.831471257943537,0.,0.555567770135914),(0.831471257943537,0.,0.555567770135914),
(0.,1.,0.),(0.555571528591784,0.,0.831468746627429),(0.,1.,0.),(-0.195086666536954,
0.,0.980786007516165),(-0.555576423840556,0.,0.831465475694895),(-0.893587108292439,
0.,0.448889830463509),(0.,1.,0.),(0.,1.,0.),(0.857372697663489,0.,-0.514696082461515),
(0.985688662944224,0.,-0.168575976174628),(0.,1.,0.),(0.942513745662738,
0.,0.334167382065927),(-0.841751984891366,0.,-0.539864423657872),(0.,1.,
0.),(-0.568227018052796,0.,-0.822871834464412),(0.,1.,0.),(0.82170872474472,
0.,0.569907686979573),(-0.816126444327915,0.,0.577873365772012),(-0.525535181022034,
0.,0.850771869250587),(0.,1.,0.),(0.,1.,0.),(0.623553085669277,0.,-0.781781011122886),
(0.857372697663489,0.,-0.514696082461515),(0.857372697663489,0.,-0.514696082461515),
(0.985688662944224,0.,-0.168575976174628),(0.,1.,0.),(0.985688662944224,
0.,-0.168575976174628),(0.,1.,0.),(0.983005639628881,0.,0.183575359070367),
(0.,1.,0.),(0.,0.,1.),(-1.,0.,0.),(0.942513745662738,0.,0.334167382065927),
(0.,1.,0.),(0.,1.,0.),(-1.,0.,0.),(0.,0.,-1.),(0.,1.,0.),(0.632769124025158,
0.,0.774340516620714),(0.,1.,0.),(-0.439985080370897,0.,-0.898005082976157),
(-0.525535181022034,0.,0.850771869250587),(-0.177279777846756,0.,0.984160495227585),
(0.,1.,0.),(0.,1.,0.),(0.493845667879539,0.,-0.869549570936937),(0.857372697663489,
0.,-0.514696082461515),(0.623553085669277,0.,-0.781781011122886),(0.,1.,
0.),(0.,1.,0.),(0.82170872474472,0.,0.569907686979573),(0.,-1.,0.),(0.831477531088307,
0.,-0.555558381536354),(0.555560048622041,0.,-0.831476417209217),(0.831476776693597,
0.,0.555559510601003),(0.,-1.,0.),(0.555558358855922,0.,0.831477546242419),
(0.632769124025158,0.,0.774340516620714),(0.,1.,0.),(0.,1.,0.),(0.493845667879539,
0.,-0.869549570936937),(0.492898531923531,0.,0.870086798674493),(0.145136582087618,
0.,0.989411629474772),(0.,1.,0.),(0.,1.,0.),(0.492898531923531,0.,0.870086798674493),
(0.145136582087618,0.,0.989411629474772),(0.,1.,0.),(-0.198005120106557,
0.,-0.980200985722616),(-0.0363378378953898,0.,0.999339562679817),(0.,1.,
0.),(-0.0363378378953898,0.,0.999339562679817),(0.,1.,0.),(0.,1.,0.),(0.236444252518884,
0.,-0.971645056309549),(0.,1.,0.),(0.236444252518884,0.,-0.971645056309549),
(0.,-1.,0.),(0.19509885175463,0.,0.980783583694194),(0.555558358855922,
0.,0.831477546242419),(0.,-1.,0.),(0.555560048622041,0.,-0.831476417209217),
(0.19509414935014,0.,-0.980784519091398),(0.0134374806056222,0.,0.999909712981614),
(0.,1.,0.),(0.0134374806056222,0.,0.999909712981614),(0.,1.,0.),(0.,1.,
0.),(0.0339905208990613,0.,-0.999422155292252),(0.,1.,0.),(-0.195086666536903,
0.,-0.980786007516175),(0.19509414935014,0.,-0.980784519091398),(0.,1.,
0.),(0.0339905208990613,0.,-0.999422155292252),(-0.00412864984971777,0.,
-0.999991477088889),(0.,1.,0.),(-0.00412864984971777,0.,-0.999991477088889),
(0.,1.,0.),(-0.980785013558679,0.,0.195091663529488),(0.,-1.,0.),(-0.980785013558679,
0.,-0.195091663529488),(-0.980785013558679,0.,-0.195091663529488),(0.,1.,
0.),(-0.980785013558679,0.,0.195091663529488),(0.,-1.,0.),(0.980785013558679,
0.,-0.195091663529488),(0.831471006472292,0.,-0.555568146491457),(0.,-1.,
0.),(-0.831477531088095,0.,0.555558381536672),(-0.555576423840556,0.,0.831465475694895),
(0.,1.,0.),(0.831471006472292,0.,-0.555568146491457),(0.980785013558679,
0.,-0.195091663529488),(0.,1.,0.),(-0.555576423840556,0.,0.831465475694895),
(-0.831477531088095,0.,0.555558381536672),(-0.254380469628503,0.,0.967104222238525),
(0.,1.,0.),(-0.254380469628503,0.,0.967104222238525),(0.,1.,0.),(0.,1.,
0.),(-0.241735356216763,0.,-0.970342216722923),(0.,1.,0.),(-0.241735356216763,
0.,-0.970342216722923),(0.159144743326814,0.,-0.987255261151564),(0.491000316087501,
0.,-0.871159393912488),(0.,1.,0.),(0.,1.,0.),(-1.,0.,0.),(0.,0.,-1.),(0.,
1.,0.),(0.491000316087501,0.,-0.871159393912488),(0.159144743326814,0.,
-0.987255261151564),(0.207551341019232,0.,0.978224126078026),(0.,1.,0.),
(0.207551341019232,0.,0.978224126078026),(0.,1.,0.),(0.,1.,0.),(0.831457202665786,
0.,0.555588804904479),(0.55557980337771,0.,0.831463217514031),(-1.,0.,0.),
(0.,0.,1.),(0.,1.,0.),(0.,1.,0.),(-1.,0.,0.),(0.,0.,-1.),(0.,0.,-1.),(1.,
0.,0.),(0.,1.,0.),(0.,1.,0.),(-0.535465828973848,0.,0.844556893288634),
(0.,1.,0.),(-0.909248886168376,0.,0.416252883475378),(-0.670201006651014,
0.,0.742179635050684),(0.,1.,0.),(0.243943819224481,0.,0.969789365306804),
(-0.909248886168376,0.,0.416252883475378),(0.,0.,1.),(-1.,0.,0.),(0.,1.,
0.),(0.,1.,0.),(-0.452760767358915,0.,-0.891632035954612),(0.,1.,0.),(-1.,
0.,0.),(0.,0.,1.),(0.,1.,0.),(1.,0.,0.),(0.,0.,-1.),(0.,-1.,0.),(-0.19509136877531,
0.,0.980785072189303),(0.19509885175463,0.,0.980783583694194),(0.19509414935014,
0.,-0.980784519091398),(0.,1.,0.),(-0.195086666536903,0.,-0.980786007516175),
(0.,-1.,0.),(0.19509414935014,0.,-0.980784519091398),(-0.195086666536903,
0.,-0.980786007516175),(0.19509885175463,0.,0.980783583694194),(-0.19509136877531,
0.,0.980785072189303),(0.,1.,0.),(0.19509414935014,0.,-0.980784519091398),
(-0.195086666536903,0.,-0.980786007516175),(0.,-1.,0.),(0.,-1.,0.),(0.980785013558683,
0.,0.195091663529465),(0.980785013558679,0.,-0.195091663529488),(0.980785013558679,
0.,-0.195091663529488),(0.,1.,0.),(0.980785013558683,0.,0.195091663529465),
(-0.535465828973848,0.,0.844556893288634),(0.,1.,0.),(0.,1.,0.),(-0.452760767358915,
0.,-0.891632035954612),(0.417465546776831,0.,0.908692751844275),(0.,1.,
0.),(0.417465546776831,0.,0.908692751844275),(0.,1.,0.),(-0.670201006651014,
0.,0.742179635050684),(-0.909248886168376,0.,0.416252883475378),(0.,1.,
0.),(0.,1.,0.),(0.789372162832364,0.,-0.613914968497557),(0.491000316087501,
0.,-0.871159393912488),(0.789372162832364,0.,-0.613914968497557),(0.491000316087501,
0.,-0.871159393912488),(0.,1.,0.),(-0.545799680660641,0.,-0.837915693008994),
(-1.,0.,0.),(0.,1.,0.),(-1.,0.,0.),(0.,1.,0.),(-0.545799680660641,0.,-0.837915693008994),
(-0.909248886168376,0.,0.416252883475378),(0.243943819224481,0.,0.969789365306804),
(0.,1.,0.),(0.,1.,0.),(0.872924905780391,0.,-0.487854598080509),(0.521575641337749,
0.,0.853205045908143),(1.,0.,0.),(0.,1.,0.),(0.,1.,0.),(0.521575641337749,
0.,0.853205045908143),(1.,0.,0.),(0.,1.,0.),(0.,0.,1.),(-1.,0.,0.),(0.,
1.,0.),(0.55557980337771,0.,0.831463217514031),(0.195086666536889,0.,0.980786007516178),
(0.,-1.,0.),(-0.555576423840556,0.,0.831465475694895),(-0.19509136877531,
0.,0.980785072189303),(-0.195086666536903,0.,-0.980786007516175),(0.,1.,
0.),(-0.555578113612398,0.,-0.831464346604765),(0.,-1.,0.),(-0.195086666536903,
0.,-0.980786007516175),(-0.555578113612398,0.,-0.831464346604765),(-0.195086666536903,
0.,-0.980786007516175),(0.,1.,0.),(-0.555576423840556,0.,-0.831465475694895),
(-0.555576423840556,0.,-0.831465475694895),(-0.195086666536903,0.,-0.980786007516175),
(0.,-1.,0.),(0.,-1.,0.),(-0.195094149350126,0.,0.980784519091401),(0.195086666536889,
0.,0.980786007516178),(0.,1.,0.),(-0.19509136877531,0.,0.980785072189303),
(-0.555576423840556,0.,0.831465475694895),(0.,1.,0.),(0.,0.,-1.),(0.84145091157175,
0.,-0.540333566803943),(0.243943819224481,0.,0.969789365306804),(0.,1.,
0.),(0.936511867746617,0.,-0.350635881748778),(0.,1.,0.),(0.936511867746617,
0.,-0.350635881748778),(0.243943819224481,0.,0.969789365306804),(0.872924905780391,
0.,-0.487854598080509),(0.,1.,0.),(0.,-1.,0.),(-0.831476776693367,0.,0.555559510601348),
(-0.555576423840556,0.,0.831465475694895),(-0.555578113612398,0.,-0.831464346604765),
(0.,1.,0.),(-0.831477531088077,0.,-0.555558381536698),(0.,-1.,0.),(-0.555578113612398,
0.,-0.831464346604765),(-0.831477531088077,0.,-0.555558381536698),(-0.555576423840556,
0.,-0.831465475694895),(0.,1.,0.),(-0.831476776693364,0.,-0.555559510601352),
(-0.831476776693364,0.,-0.555559510601352),(-0.555576423840556,0.,-0.831465475694895),
(0.,-1.,0.),(0.,-1.,0.),(0.195086666536889,0.,0.980786007516178),(0.55557980337771,
0.,0.831463217514031),(0.,-1.,0.),(-0.555561738381272,0.,0.831475288175649),
(-0.195094149350126,0.,0.980784519091401),(0.,1.,0.),(-0.555576423840556,
0.,0.831465475694895),(-0.831476776693367,0.,0.555559510601348),(0.,1.,
0.),(0.04071271487777,0.,-0.999170893715025),(0.,1.,0.),(-1.,0.,0.),(0.,
0.,-1.),(0.,0.,-1.),(0.,1.,0.),(1.,0.,0.),(0.,1.,0.),(-1.,0.,0.),(0.,0.,
-1.),(-1.,0.,0.),(0.,0.,1.),(0.,1.,0.),(0.,1.,0.),(-1.,0.,0.),(0.,0.,-1.),
(0.,0.,1.),(1.,0.,0.),(0.,1.,0.),(1.,0.,0.),(0.,1.,0.),(0.,0.,1.),(0.,1.,
0.),(1.,0.,0.),(-0.841450911571672,0.,0.540333566804064),(0.,1.,0.),(0.84145091157175,
0.,-0.540333566803943),(0.,0.,-1.),(-0.831477531088095,0.,0.555558381536672),
(0.,-1.,0.),(-0.980782550216208,0.,0.195104047091266),(0.,-1.,0.),(0.555558358855922,
0.,0.831477546242419),(0.831477531088341,0.,0.555558381536303),(0.,-1.,
0.),(0.831477531088307,0.,-0.555558381536354),(0.555560048622041,0.,-0.831476417209217),
(-0.831477531088077,0.,-0.555558381536698),(0.,1.,0.),(-0.98078245717681,
0.,-0.195104514797117),(-0.98078245717681,0.,-0.195104514797117),(-0.831477531088077,
0.,-0.555558381536698),(0.,-1.,0.),(0.,-1.,0.),(0.980782457176808,0.,-0.195104514797126),
(0.831477531088307,0.,-0.555558381536354),(-0.831476776693367,0.,0.555559510601348),
(0.,-1.,0.),(-0.980782457176806,0.,0.195104514797137),(0.,-1.,0.),(0.555558358855922,
0.,0.831477546242419),(0.831476776693597,0.,0.555559510601003),(-0.831476776693364,
0.,-0.555559510601352),(0.,1.,0.),(-0.98078264325494,0.,-0.1951035793876),
(-0.98078264325494,0.,-0.1951035793876),(-0.831476776693364,0.,-0.555559510601352),
(0.,-1.,0.),(0.,-1.,0.),(0.980782643254926,0.,-0.195103579387668),(0.831476776693627,
0.,-0.555559510600958),(0.831476776693627,0.,-0.555559510600958),(0.,-1.,
0.),(0.555558358855885,0.,-0.831477546242444),(-0.831477531088095,0.,0.555558381536672),
(-0.980782550216208,0.,0.195104047091266),(0.,1.,0.),(0.,1.,0.),(0.831477531088341,
0.,0.555558381536303),(0.555558358855922,0.,0.831477546242419),(0.,1.,0.),
(0.555560048622041,0.,-0.831476417209217),(0.831477531088307,0.,-0.555558381536354),
(0.831477531088307,0.,-0.555558381536354),(0.,1.,0.),(0.980782457176808,
0.,-0.195104514797126),(-0.831476776693367,0.,0.555559510601348),(-0.980782457176806,
0.,0.195104514797137),(0.,1.,0.),(0.,1.,0.),(0.831476776693597,0.,0.555559510601003),
(0.555558358855922,0.,0.831477546242419),(0.,1.,0.),(0.831476776693627,
0.,-0.555559510600958),(0.980782643254926,0.,-0.195103579387668),(0.,1.,
0.),(0.205741081643486,0.,-0.978606461926432),(0.,1.,0.),(0.555558358855885,
0.,-0.831477546242444),(0.831476776693627,0.,-0.555559510600958),(0.195086666536889,
0.,0.980786007516178),(-0.195094149350126,0.,0.980784519091401),(0.,1.,
0.),(0.,1.,0.),(1.,0.,0.),(-0.841450911571672,0.,0.540333566804064),(0.,
1.,0.),(0.,0.,1.),(-0.841450911571672,0.,0.540333566804064),(0.,0.,1.),
(-0.841450911571672,0.,0.540333566804064),(0.,1.,0.),(0.,1.,0.),(-1.,0.,
0.),(0.84145091157175,0.,-0.540333566803943),(-1.,0.,0.),(0.84145091157175,
0.,-0.540333566803943),(0.,1.,0.),(-0.980782550216208,0.,0.195104047091266),
(0.,-1.,0.),(-0.98078245717681,0.,-0.195104514797117),(0.,-1.,0.),(0.831477531088341,
0.,0.555558381536303),(0.980782550216208,0.,0.195104047091266),(-0.98078245717681,
0.,-0.195104514797117),(0.,1.,0.),(-0.980782550216208,0.,0.195104047091266),
(0.,-1.,0.),(0.980782550216208,0.,0.195104047091266),(0.980782457176808,
0.,-0.195104514797126),(-0.980782457176806,0.,0.195104514797137),(0.,-1.,
0.),(-0.98078264325494,0.,-0.1951035793876),(0.,-1.,0.),(0.831476776693597,
0.,0.555559510601003),(0.980782457176793,0.,0.195104514797205),(-0.98078264325494,
0.,-0.1951035793876),(0.,1.,0.),(-0.980782457176806,0.,0.195104514797137),
(0.,-1.,0.),(0.980782457176793,0.,0.195104514797205),(0.980782643254926,
0.,-0.195103579387668),(0.,1.,0.),(0.980782550216208,0.,0.195104047091266),
(0.831477531088341,0.,0.555558381536303),(0.,1.,0.),(0.980782457176808,
0.,-0.195104514797126),(0.980782550216208,0.,0.195104047091266),(0.,1.,
0.),(0.980782457176793,0.,0.195104514797205),(0.831476776693597,0.,0.555559510601003),
(0.,1.,0.),(0.980782643254926,0.,-0.195103579387668),(0.980782457176793,
0.,0.195104514797205),(-0.195098851754527,0.,-0.980783583694214),(0.,1.,
0.),(-0.555561738381463,0.,-0.831475288175522),(-0.555561738381463,0.,-0.831475288175522),
(-0.195098851754527,0.,-0.980783583694214),(0.,-1.,0.),(-0.195094149350126,
0.,0.980784519091401),(-0.555561738381272,0.,0.831475288175649),(0.,1.,
0.),(-0.555561738381272,0.,0.831475288175649),(0.,-1.,0.),(-0.831475267890323,
0.,0.555561768741078),(-0.555561738381463,0.,-0.831475288175522),(0.,1.,
0.),(-0.831475267890126,0.,-0.555561768741373),(-0.831475267890126,0.,-0.555561768741373),
(-0.555561738381463,0.,-0.831475288175522),(0.,-1.,0.),(0.,-1.,0.),(0.831457202665785,
0.,-0.555588804904479),(0.555579803377704,0.,-0.831463217514035),(0.555579803377704,
0.,-0.831463217514035),(0.,-1.,0.),(0.195091368775202,0.,-0.980785072189324),
(0.,1.,0.),(1.,0.,0.),(0.,0.,1.),(0.,0.,1.),(0.,1.,0.),(-1.,0.,0.),(-0.555561738381272,
0.,0.831475288175649),(-0.831475267890323,0.,0.555561768741078),(0.,1.,
0.),(0.,1.,0.),(0.555579803377704,0.,-0.831463217514035),(0.831457202665785,
0.,-0.555588804904479),(0.,1.,0.),(0.195091368775202,0.,-0.980785072189324),
(0.555579803377704,0.,-0.831463217514035),(0.,0.,1.),(1.,0.,0.),(0.,1.,
0.),(0.,1.,0.),(-1.,0.,0.),(0.,0.,-1.),(0.,1.,0.),(1.,0.,0.),(0.,0.,-1.),
(-0.831475267890323,0.,0.555561768741078),(0.,-1.,0.),(-0.980782829330397,
0.,0.195102643986855),(0.,-1.,0.),(0.831457202665786,0.,0.555588804904479),
(0.980790311836952,0.,0.195065025585762),(0.,-1.,0.),(0.55557980337771,
0.,0.831463217514031),(0.831457202665786,0.,0.555588804904479),(-0.831475267890126,
0.,-0.555561768741373),(0.,1.,0.),(-0.98078245717681,0.,-0.195104514797117),
(-0.98078245717681,0.,-0.195104514797117),(-0.831475267890126,0.,-0.555561768741373),
(0.,-1.,0.),(-0.831475267890323,0.,0.555561768741078),(-0.980782829330397,
0.,0.195102643986855),(0.,1.,0.),(0.,1.,0.),(0.0417932324867668,0.,0.999126281166854),
(-0.980782829330397,0.,0.195102643986855),(0.,-1.,0.),(-0.98078245717681,
0.,-0.195104514797117),(0.,-1.,0.),(0.980790311836952,0.,0.195065025585762),
(0.980789939824026,0.,-0.195066896063847),(-0.98078245717681,0.,-0.195104514797117),
(0.,1.,0.),(-0.980782829330397,0.,0.195102643986855),(0.,-1.,0.),(0.980789939824026,
0.,-0.195066896063847),(0.831457202665785,0.,-0.555588804904479),(0.,1.,
0.),(0.980789939824026,0.,-0.195066896063847),(0.980790311836952,0.,0.195065025585762),
(0.,1.,0.),(0.205078231869933,0.,0.978745584313463),(0.,1.,0.),(0.65157966970036,
0.,0.758580209360335),(0.323547690645931,0.,0.946211864160287),(0.,1.,0.),
(0.980790311836952,0.,0.195065025585762),(0.831457202665786,0.,0.555588804904479),
(0.,1.,0.),(0.831457202665785,0.,-0.555588804904479),(0.980789939824026,
0.,-0.195066896063847),(-1.,0.,0.),(0.,0.,1.),(0.,1.,0.),(0.,1.,0.),(-1.,
0.,0.),(0.,0.,-1.),(0.0417932324867668,0.,0.999126281166854),(0.,1.,0.),
(0.,1.,0.),(1.,0.,0.),(0.,0.,1.),(0.,1.,0.),(0.04071271487777,0.,-0.999170893715025),
(0.,1.,0.),(0.,0.,-1.),(1.,0.,0.),(0.,0.,-1.),(1.,0.,0.),(0.,1.,0.),(1.,
0.,0.),(0.,1.,0.),(0.,0.,1.),(0.,1.,0.),(-0.0208363908357339,0.,0.999782898842014),
(-0.0208363908357339,0.,0.999782898842014),(0.,1.,0.),(0.,1.,0.),(-0.0465162620284261,
0.,-0.998917532815849),(0.,1.,0.),(-0.0465162620284261,0.,-0.998917532815849),
(0.,1.,0.),(-0.123989483855674,0.,0.992283532007462),(0.,1.,0.),(0.205741081643486,
0.,-0.978606461926432),(0.,1.,0.),(-0.999502633406761,0.,0.0315354691252687),
(-0.123989483855674,0.,0.992283532007462),(0.,1.,0.),(0.,1.,0.),(-0.991648885902216,
0.,0.128966999999587),(-0.874367680361163,0.,0.485264010142766),(-0.222859071310879,
0.,-0.974850672838898),(0.,1.,0.),(0.,1.,0.),(-0.919522082370024,0.,-0.393038344228519),
(0.,1.,0.),(-0.987205488395042,0.,-0.159453202171378),(0.,1.,0.),(-0.222859071310879,
0.,-0.974850672838898),(0.205078231869933,0.,0.978745584313463),(0.,1.,
0.),(0.,1.,0.),(-0.356512848184786,0.,0.934290420093866),(0.,1.,0.),(-0.356512848184786,
0.,0.934290420093866),(0.,1.,0.),(-0.601719469993593,0.,0.798707505555463),
(0.,1.,0.),(-0.793571604872863,0.,0.608476875435302),(-0.477506559370448,
0.,-0.878628184022227),(0.,1.,0.),(0.,1.,0.),(-0.596555770882126,0.,-0.802571624359616),
(-0.850511442442027,0.,-0.525956544093885),(0.,1.,0.),(-0.477506559370448,
0.,-0.878628184022227),(0.323547690645931,0.,0.946211864160287),(0.65157966970036,
0.,0.758580209360335),(0.,1.,0.),(0.,1.,0.),(-0.601719469993593,0.,0.798707505555463),
(0.,1.,0.),(0.441288312116432,0.,-0.897365380204424),(0.441288312116432,
0.,-0.897365380204424),(0.,1.,0.),(0.,1.,0.),(-0.348054498675307,0.,-0.937474301488782),
(0.,1.,0.),(-0.161200037338131,0.,-0.986921753718188),(-0.596555770882126,
0.,-0.802571624359616),(0.,1.,0.),(-0.850511442442027,0.,-0.525956544093885),
(-0.793571604872863,0.,0.608476875435302),(0.,1.,0.),(0.,1.,0.),(0.673706981395276,
0.,-0.738998581337789),(0.,1.,0.),(0.770266252473969,0.,0.637722432018592),
(-0.919522082370024,0.,-0.393038344228519),(0.,1.,0.),(0.,1.,0.),(0.673706981395276,
0.,-0.738998581337789),(0.,1.,0.),(-0.573802437459954,0.,-0.818993750137946),
(-0.874367680361163,0.,0.485264010142766),(-0.991648885902216,0.,0.128966999999587),
(0.,1.,0.),(0.,1.,0.),(0.876064508918663,0.,-0.482193919718097),(0.770266252473969,
0.,0.637722432018592),(0.,1.,0.),(0.,1.,0.),(-0.501673526072142,0.,0.865057034673636),
(-0.770612274461617,0.,0.63730426206726),(0.,1.,0.),(-0.161364706265236,
0.,0.986894843218838),(-0.501673526072142,0.,0.865057034673636),(-0.987205488395042,
0.,-0.159453202171378),(0.,1.,0.),(0.,1.,0.),(0.939910781134903,0.,0.341420156854245),
(-0.999502633406761,0.,0.0315354691252687),(0.,1.,0.),(0.,1.,0.),(0.977383170051143,
0.,-0.211476095341242),(0.876064508918663,0.,-0.482193919718097),(0.,1.,
0.),(0.,1.,0.),(-0.79736278485381,0.,-0.603500281135127),(0.,1.,0.),(0.999167541474062,
0.,0.0407949024349661),(0.939910781134903,0.,0.341420156854245),(0.,1.,
0.),(0.,1.,0.),(-0.861057526973654,0.,0.50850755672066),(0.977383170051143,
0.,-0.211476095341242),(0.,1.,0.),(0.,1.,0.),(-0.999591619474757,0.,-0.0285761137286392),
(0.,1.,0.),(-0.948146798435189,0.,-0.317832736855568),(0.999167541474062,
0.,0.0407949024349661),(0.,1.,0.),(0.,1.,0.),(-0.991060956992599,0.,0.133409817947985),
(0.,0.,-1.),(0.,1.,0.),(-0.967699227825621,0.,0.252107525603059),(0.,1.,
0.),(-0.976203444955538,0.,0.216856713193157),(0.,1.,0.),(-0.883930446718758,
0.,0.467618397161165),(-0.967699227825621,0.,0.252107525603059),(0.,1.,
0.),(0.,1.,0.),(-0.991060956992599,0.,0.133409817947985),(0.,0.,-1.),(0.,
0.,-1.),(0.966845211845167,0.,-0.255363145994236),(0.,1.,0.),(0.,1.,0.),
(-0.690109589383762,0.,0.723704880901445),(0.,1.,0.),(0.966845211845167,
0.,-0.255363145994236),(0.,0.,-1.),(-0.861057526973654,0.,0.50850755672066),
(0.,1.,0.),(0.,1.,0.),(0.795809234638252,0.,-0.605547406950505),(0.966845211845167,
0.,-0.255363145994236),(-0.976203444955538,0.,0.216856713193157),(0.,1.,
0.),(0.,1.,0.),(-0.999591619474757,0.,-0.0285761137286392),(0.,1.,0.),(0.999999920189898,
0.,-0.000399524964239782),(-0.948146798435189,0.,-0.317832736855568),(0.,
1.,0.),(0.,1.,0.),(-0.883930446718758,0.,0.467618397161165),(0.,1.,0.),
(0.95475232859187,0.,-0.297402069677402),(-0.770612274461617,0.,0.63730426206726),
(-0.501673526072142,0.,0.865057034673636),(0.,1.,0.),(0.,1.,0.),(-0.79736278485381,
0.,-0.603500281135127),(0.,1.,0.),(0.947883169069587,0.,0.318618106507772),
(-0.690109589383762,0.,0.723704880901445),(0.,1.,0.),(0.,1.,0.),(0.842211018875781,
0.,-0.539148031327408),(-0.573802437459954,0.,-0.818993750137946),(0.,1.,
0.),(0.,1.,0.),(0.785972840648741,0.,0.618261023971711),(-0.435662629758521,
0.,0.900110033846912),(0.,1.,0.),(-0.435662629758521,0.,0.900110033846912),
(0.,1.,0.),(0.,1.,0.),(0.480658687069861,0.,-0.876907763989051),(0.7707566758885,
0.,-0.637129615206599),(-0.501673526072142,0.,0.865057034673636),(-0.161364706265236,
0.,0.986894843218838),(0.,1.,0.),(0.,1.,0.),(0.517969591485387,0.,-0.855399031035494),
(0.795809234638252,0.,-0.605547406950505),(0.795809234638252,0.,-0.605547406950505),
(0.966845211845167,0.,-0.255363145994236),(0.,1.,0.),(0.,1.,0.),(-0.372592722407153,
0.,0.927994969387888),(0.,1.,0.),(0.53039927232795,0.,0.84774796485393),
(-0.348054498675307,0.,-0.937474301488782),(0.,1.,0.),(0.795809234638252,
0.,-0.605547406950505),(0.517969591485387,0.,-0.855399031035494),(0.,1.,
0.),(0.,1.,0.),(0.999999920189898,0.,-0.000399524964239782),(0.95475232859187,
0.,-0.297402069677402),(0.,1.,0.),(0.,1.,0.),(0.947883169069587,0.,0.318618106507772),
(0.,1.,0.),(0.785972840648741,0.,0.618261023971711),(0.,1.,0.),(0.7707566758885,
0.,-0.637129615206599),(0.480658687069861,0.,-0.876907763989051),(0.,1.,
0.),(0.383576704064455,0.,-0.923509021124888),(-0.372592722407153,0.,0.927994969387888),
(0.,1.,0.),(0.,1.,0.),(0.383576704064455,0.,-0.923509021124888),(0.,1.,
0.),(0.286660958060394,0.,-0.95803209503852),(0.842211018875781,0.,-0.539148031327408),
(0.,1.,0.),(0.,1.,0.),(0.53039927232795,0.,0.84774796485393),(-0.0392197231867398,
0.,0.999230610676612),(0.,1.,0.),(-0.0392197231867398,0.,0.999230610676612),
(0.,1.,0.),(0.,1.,0.),(0.831457202665786,0.,0.555588804904479),(0.55557980337771,
0.,0.831463217514031),(0.,1.,0.),(0.397472779731127,0.,-0.917613965332269),
(0.,1.,0.),(0.176932384049854,0.,-0.984223009014946),(0.397472779731127,
0.,-0.917613965332269),(0.,1.,0.),(0.,1.,0.),(0.248716120073721,0.,0.968576425283764),
(0.,1.,0.),(-0.161200037338131,0.,-0.986921753718188),(0.,1.,0.),(0.248716120073721,
0.,0.968576425283764),(0.286660958060394,0.,-0.95803209503852),(0.,1.,0.),
(0.,1.,0.),(0.0276474046061319,0.,0.999617737446943),(0.176932384049854,
0.,-0.984223009014946),(0.,1.,0.),(0.,1.,0.),(0.0276474046061319,0.,0.999617737446943),
(0.0413991001018396,0.,-0.999142689764959),(0.,1.,0.),(0.0413991001018396,
0.,-0.999142689764959),(0.,1.,0.),(0.,1.,0.),(-0.036399195869478,0.,-0.999337329704067),
(0.,1.,0.),(-0.036399195869478,0.,-0.999337329704067),(0.15768637201672,
0.,-0.987489244539),(0.493183976410487,0.,-0.869925034363272),(0.,1.,0.),
(0.,1.,0.),(0.19509414935014,0.,-0.980784519091398),(0.555558358855885,
0.,-0.831477546242444),(0.,1.,0.),(-0.14276707416528,0.,0.989756314723117),
(0.,1.,0.),(0.493183976410487,0.,-0.869925034363272),(0.15768637201672,
0.,-0.987489244539),(0.,1.,0.),(-0.14276707416528,0.,0.989756314723117),
(0.41168786821442,0.,-0.911324914157989),(0.,1.,0.),(0.,1.,0.),(-0.357912166679897,
0.,0.933755257517997),(0.,1.,0.),(-0.785333492290201,0.,0.619072940684114),
(-0.484713412669721,0.,0.874673028953147),(0.,1.,0.),(-0.963050521129564,
0.,0.26932080081582),(-0.785333492290201,0.,0.619072940684114),(0.,1.,0.),
(0.,0.,1.),(-0.963050521129564,0.,0.26932080081582),(0.,1.,0.),(0.41168786821442,
0.,-0.911324914157989),(-0.154879510326386,0.,-0.987933366822408),(-0.4918881889634,
0.,-0.870658377067783),(0.,1.,0.),(0.,1.,0.),(0.177839182225778,0.,0.984059563880798),
(0.,1.,0.),(-0.4918881889634,0.,-0.870658377067783),(-0.154879510326386,
0.,-0.987933366822408),(0.177839182225778,0.,0.984059563880798),(0.,1.,
0.),(0.,1.,0.),(-0.357912166679897,0.,0.933755257517997),(-0.484713412669721,
0.,0.874673028953147),(-0.785333492290201,0.,0.619072940684114),(0.,1.,
0.),(0.,1.,0.),(0.377299510886047,0.,0.926091290902333),(0.,1.,0.),(0.377299510886047,
0.,0.926091290902333),(0.,1.,0.),(0.55557980337771,0.,0.831463217514031),
(0.195086666536889,0.,0.980786007516178),(-0.4918881889634,0.,-0.870658377067783),
(-0.783276871365342,0.,-0.621673019186229),(0.,1.,0.),(0.,1.,0.),(-0.4918881889634,
0.,-0.870658377067783),(-0.783276871365342,0.,-0.621673019186229),(-0.52928719334684,
0.,0.848442730512216),(0.,1.,0.),(-0.52928719334684,0.,0.848442730512216),
(0.,1.,0.),(-0.785333492290201,0.,0.619072940684114),(-0.963050521129564,
0.,0.26932080081582),(0.,1.,0.),(0.,1.,0.),(0.791683106476316,0.,-0.610931959321176),
(0.493183976410487,0.,-0.869925034363272),(0.791683106476316,0.,-0.610931959321176),
(0.493183976410487,0.,-0.869925034363272),(0.,1.,0.),(0.,1.,0.),(-0.457383970176896,
0.,-0.889269308941459),(0.,1.,0.),(-0.212451532611997,0.,-0.977171605344125),
(-0.738540946180683,0.,0.674208625585984),(0.,1.,0.),(0.,1.,0.),(-0.864327304681744,
0.,-0.502929727080823),(-0.738540946180683,0.,0.674208625585984),(0.,1.,
0.),(0.,1.,0.),(-0.999758119137192,0.,0.0219932539489582),(0.,1.,0.),(-0.967510839392,
0.,-0.252829538739024),(0.,1.,0.),(0.785066193150608,0.,-0.619411876195486),
(0.525291780050578,0.,-0.850922173768727),(0.,1.,0.),(0.597739828553191,
0.,0.801690150470368),(-0.864327304681744,0.,-0.502929727080823),(0.,1.,
0.),(0.,1.,0.),(0.80507919604228,0.,0.593167335665001),(0.597739828553191,
0.,0.801690150470368),(0.,1.,0.),(-0.963050521129564,0.,0.26932080081582),
(0.,0.,1.),(0.,1.,0.),(0.,1.,0.),(0.970560198860861,0.,-0.240858673057803),
(0.,1.,0.),(0.87550695387406,0.,-0.483205519130488),(-0.842551370069261,
0.,0.538615993816012),(-0.98522659667344,0.,0.171255812185371),(0.,1.,0.),
(0.,1.,0.),(-0.842551370069261,0.,0.538615993816012),(-0.98522659667344,
0.,0.171255812185371),(0.,1.,0.),(0.875990379002627,0.,-0.482328576693143),
(0.525291780050578,0.,-0.850922173768727),(0.785066193150608,0.,-0.619411876195486),
(0.,1.,0.),(0.,1.,0.),(0.990886052224185,0.,-0.134702752412746),(0.,0.,
1.),(0.990886052224185,0.,-0.134702752412746),(0.,0.,1.),(0.,1.,0.),(0.,
1.,0.),(-0.967510839392,0.,-0.252829538739024),(0.,1.,0.),(0.948612503371946,
0.,0.316440070860832),(-0.999758119137192,0.,0.0219932539489582),(0.,1.,
0.),(0.,1.,0.),(0.975394240027974,0.,-0.220467858247527),(0.,1.,0.),(0.999590426125642,
0.,0.0286178265764051),(0.87550695387406,0.,-0.483205519130488),(0.,1.,
0.),(0.,1.,0.),(-0.852228311668776,0.,-0.523170053414937),(-0.584670457171329,
0.,-0.811270889722458),(0.80507919604228,0.,0.593167335665001),(0.,1.,0.),
(0.,1.,0.),(-0.571141795619371,0.,0.820851417308079),(-0.837053785643086,
0.,0.547120608221422),(0.,1.,0.),(-0.178677528355255,0.,0.983907689196937),
(-0.571141795619371,0.,0.820851417308079),(0.,1.,0.),(-0.999287553825402,
0.,-0.0377410223714867),(0.875990379002627,0.,-0.482328576693143),(0.,1.,
0.),(0.,1.,0.),(0.970560198860861,0.,-0.240858673057803),(0.,1.,0.),(-0.985568522123425,
0.,-0.169276957083495),(-0.852228311668776,0.,-0.523170053414937),(0.948612503371946,
0.,0.316440070860832),(0.,1.,0.),(0.,1.,0.),(0.975394240027974,0.,-0.220467858247527),
(0.,1.,0.),(-0.980719883175009,0.,0.195418808575829),(0.999590426125642,
0.,0.0286178265764051),(0.,1.,0.),(0.,1.,0.),(-0.905242303000355,0.,0.42489571998152),
(-0.980719883175009,0.,0.195418808575829),(0.,1.,0.),(0.,1.,0.),(-0.999287553825402,
0.,-0.0377410223714867),(0.,1.,0.),(0.999949945617976,0.,-0.0100053115197569),
(-0.985568522123425,0.,-0.169276957083495),(0.,1.,0.),(-0.852228311668776,
0.,-0.523170053414937),(0.,1.,0.),(0.968764770964129,0.,0.247981488298661),
(0.195086666536889,0.,0.980786007516178),(-0.195094149350126,0.,0.980784519091401),
(0.,1.,0.),(0.195086666536889,0.,0.980786007516178),(0.,-1.,0.),(-0.195094149350126,
0.,0.980784519091401),(0.,-1.,0.),(0.555558358855885,0.,-0.831477546242444),
(0.19509414935014,0.,-0.980784519091398),(-0.905242303000355,0.,0.42489571998152),
(0.,1.,0.),(0.,1.,0.),(0.962240661078801,0.,-0.272200128887977),(-0.852228311668776,
0.,-0.523170053414937),(0.,1.,0.),(-0.584670457171329,0.,-0.811270889722458),
(0.,1.,0.),(0.925879854285891,0.,0.377818071864672),(0.713497705156141,
0.,0.700657565959949),(-0.837053785643086,0.,0.547120608221422),(-0.571141795619371,
0.,0.820851417308079),(0.,1.,0.),(0.,1.,0.),(0.830629023837432,0.,-0.556826206961269),
(0.,1.,0.),(0.713497705156141,0.,0.700657565959949),(0.429201957024719,
0.,0.903208547394316),(-0.457383970176896,0.,-0.889269308941459),(0.,1.,
0.),(-0.571141795619371,0.,0.820851417308079),(-0.178677528355255,0.,0.983907689196937),
(0.,1.,0.),(0.,1.,0.),(0.430209315983509,0.,-0.902729164501182),(0.722401713033664,
0.,-0.691473618445438),(0.999949945617976,0.,-0.0100053115197569),(0.,1.,
0.),(0.,1.,0.),(0.962240661078801,0.,-0.272200128887977),(0.968764770964129,
0.,0.247981488298661),(0.,1.,0.),(0.,1.,0.),(0.209733419894662,0.,0.977758606497171),
(-0.90842652587595,0.,0.418044551555156),(0.,1.,0.),(-0.965946026590472,
0.,-0.258743644780079),(0.226876189469437,0.,-0.97392360822183),(0.925879854285891,
0.,0.377818071864672),(0.,1.,0.),(0.713497705156141,0.,0.700657565959949),
(0.830629023837432,0.,-0.556826206961269),(0.,1.,0.),(0.,1.,0.),(0.291229438341518,
0.,-0.956653236153667),(0.,1.,0.),(-0.946369145233963,0.,-0.323087358076943),
(0.722401713033664,0.,-0.691473618445438),(0.430209315983509,0.,-0.902729164501182),
(0.,1.,0.),(0.,1.,0.),(0.713497705156141,0.,0.700657565959949),(0.429201957024719,
0.,0.903208547394316),(0.,1.,0.),(0.280880846925535,0.,0.959742647708434),
(-0.195094149350126,0.,0.980784519091401),(0.,-1.,0.),(-0.555561738381272,
0.,0.831475288175649),(0.,-1.,0.),(0.19509414935014,0.,-0.980784519091398),
(-0.195086666536903,0.,-0.980786007516175),(-0.195098851754527,0.,-0.980783583694214),
(0.,1.,0.),(-0.555561738381463,0.,-0.831475288175522),(-0.555561738381463,
0.,-0.831475288175522),(-0.195098851754527,0.,-0.980783583694214),(0.,-1.,
0.),(0.,-1.,0.),(0.195091368775202,0.,-0.980785072189324),(-0.195098851754527,
0.,-0.980783583694214),(0.,1.,0.),(-0.0284699368800773,0.,0.999594649192383),
(0.,1.,0.),(-0.195094149350126,0.,0.980784519091401),(-0.555561738381272,
0.,0.831475288175649),(0.,1.,0.),(-0.195098851754527,0.,-0.980783583694214),
(0.195091368775202,0.,-0.980785072189324),(0.,1.,0.),(0.280880846925535,
0.,0.959742647708434),(-0.212451532611997,0.,-0.977171605344125),(0.,1.,
0.),(0.,1.,0.),(-0.0284699368800773,0.,0.999594649192383),(0.,1.,0.),(0.291229438341518,
0.,-0.956653236153667),(0.0417670595309729,0.,-0.999127375632425),(0.,1.,
0.),(0.,1.,0.),(0.00426879098307551,0.,0.999990888670263),(0.,1.,0.),(0.0417670595309729,
0.,-0.999127375632425),(-0.0164290921459498,0.,-0.999865033357633),(0.,
1.,0.),(-0.0164290921459498,0.,-0.999865033357633),(0.,1.,0.),(0.,1.,0.),
(0.00426879098307551,0.,0.999990888670263),(-0.178201598165844,0.,-0.983993999174354),
(-0.544652672977873,0.,-0.838661711191144),(0.,1.,0.),(0.,1.,0.),(-0.871083645388236,
0.,-0.491134688997979),(0.,1.,0.),(-0.544652672977873,0.,-0.838661711191144),
(-0.178201598165844,0.,-0.983993999174354),(-0.263943109048434,0.,0.9645382497267),
(0.,1.,0.),(0.,1.,0.),(-0.90842652587595,0.,0.418044551555156),(-0.707617345073998,
0.,0.706595848381822),(0.,1.,0.),(-0.263943109048434,0.,0.9645382497267),
(0.185023723738643,0.,-0.982734054388005),(0.564813408750908,0.,-0.825218645751039),
(0.,1.,0.),(0.,1.,0.),(-1.,0.,0.),(0.,0.,-1.),(0.,1.,0.),(-0.195086666536903,
0.,-0.980786007516175),(0.19509414935014,0.,-0.980784519091398),(0.,1.,
0.),(0.564813408750908,0.,-0.825218645751039),(0.185023723738643,0.,-0.982734054388005),
(0.265678020033203,0.,0.964061818386786),(0.,1.,0.),(0.265678020033203,
0.,0.964061818386786),(0.,1.,0.),(-0.555561738381272,0.,0.831475288175649),
(0.,-1.,0.),(-0.831475267890323,0.,0.555561768741078),(0.,-1.,0.),(0.195086666536889,
0.,0.980786007516178),(0.55557980337771,0.,0.831463217514031),(0.,-1.,0.),
(-0.195086666536903,0.,-0.980786007516175),(-0.555576423840556,0.,-0.831465475694895),
(-0.555561738381463,0.,-0.831475288175522),(0.,1.,0.),(-0.831475267890126,
0.,-0.555561768741373),(-0.831475267890126,0.,-0.555561768741373),(-0.555561738381463,
0.,-0.831475288175522),(0.,-1.,0.),(0.,-1.,0.),(0.831457202665785,0.,-0.555588804904479),
(0.555579803377704,0.,-0.831463217514035),(0.555579803377704,0.,-0.831463217514035),
(0.,-1.,0.),(0.195091368775202,0.,-0.980785072189324),(0.,1.,0.),(0.,0.,
1.),(-1.,0.,0.),(-0.555561738381272,0.,0.831475288175649),(-0.831475267890323,
0.,0.555561768741078),(0.,1.,0.),(0.,1.,0.),(0.555579803377704,0.,-0.831463217514035),
(0.831457202665785,0.,-0.555588804904479),(0.,1.,0.),(0.195091368775202,
0.,-0.980785072189324),(0.555579803377704,0.,-0.831463217514035),(-0.404963665979996,
0.,0.914332778169985),(0.,1.,0.),(-0.707617345073998,0.,0.706595848381822),
(-0.707617345073998,0.,0.706595848381822),(-0.404963665979996,0.,0.914332778169985),
(0.,1.,0.),(0.555558358855922,0.,0.831477546242419),(0.,-1.,0.),(0.195094149350178,
0.,0.980784519091391),(0.,-1.,0.),(0.19509885175463,0.,0.980783583694194),
(0.555558358855922,0.,0.831477546242419),(0.555560048622041,0.,-0.831476417209217),
(0.,1.,0.),(0.19509414935014,0.,-0.980784519091398),(0.,-1.,0.),(0.555560048622041,
0.,-0.831476417209217),(0.19509414935014,0.,-0.980784519091398),(0.555558358855922,
0.,0.831477546242419),(0.195094149350178,0.,0.980784519091391),(0.,1.,0.),
(0.,1.,0.),(0.555558358855922,0.,0.831477546242419),(0.19509885175463,0.,
0.980783583694194),(-0.544652672977873,0.,-0.838661711191144),(-0.807718025420872,
0.,-0.58956898782942),(0.,1.,0.),(0.,1.,0.),(0.556035889157983,0.,0.831158282139023),
(-0.544652672977873,0.,-0.838661711191144),(0.,1.,0.),(-0.807718025420872,
0.,-0.58956898782942),(0.556035889157983,0.,0.831158282139023),(0.,1.,0.),
(0.,1.,0.),(0.6961068233221,0.,-0.717938221941425),(-0.707617345073998,
0.,0.706595848381822),(-0.90842652587595,0.,0.418044551555156),(0.,1.,0.),
(0.,1.,0.),(0.6961068233221,0.,-0.717938221941425),(0.,1.,0.),(0.691885923606917,
0.,0.722006834257546),(0.913299488753496,0.,0.407288649292615),(-0.871083645388236,
0.,-0.491134688997979),(0.,1.,0.),(-0.90842652587595,0.,0.418044551555156),
(0.209733419894662,0.,0.977758606497171),(0.,1.,0.),(0.,1.,0.),(0.874308370415001,
0.,-0.485370861735917),(-0.831475267890323,0.,0.555561768741078),(0.,-1.,
0.),(-0.980782829330397,0.,0.195102643986855),(0.,-1.,0.),(0.55557980337771,
0.,0.831463217514031),(0.831457202665786,0.,0.555588804904479),(-0.831475267890126,
0.,-0.555561768741373),(0.,1.,0.),(-0.98078245717681,0.,-0.195104514797117),
(-0.98078245717681,0.,-0.195104514797117),(-0.831475267890126,0.,-0.555561768741373),
(0.,-1.,0.),(-0.831475267890323,0.,0.555561768741078),(-0.980782829330397,
0.,0.195102643986855),(0.,1.,0.),(0.,1.,0.),(0.691885923606917,0.,0.722006834257546),
(0.913299488753496,0.,0.407288649292615),(-0.946369145233963,0.,-0.323087358076943),
(0.,1.,0.),(0.209733419894662,0.,0.977758606497171),(0.92773742707716,0.,
-0.373233527969086),(0.,1.,0.),(0.92773742707716,0.,-0.373233527969086),
(0.,1.,0.),(0.209733419894662,0.,0.977758606497171),(-0.965946026590472,
0.,-0.258743644780079),(0.,1.,0.),(0.226876189469437,0.,-0.97392360822183),
(0.,1.,0.),(0.226876189469437,0.,-0.97392360822183),(0.913299488753496,
0.,0.407288649292615),(0.226876189469437,0.,-0.97392360822183),(0.913299488753496,
0.,0.407288649292615),(0.,1.,0.),(0.,1.,0.),(0.874308370415001,0.,-0.485370861735917),
(0.195094149350178,0.,0.980784519091391),(-0.195086666536954,0.,0.980786007516165),
(0.,1.,0.),(0.195094149350178,0.,0.980784519091391),(0.,-1.,0.),(-0.195086666536954,
0.,0.980786007516165),(0.,-1.,0.),(0.831471006472292,0.,-0.555568146491457),
(0.555572091847697,0.,-0.831468370270316),(0.,-1.,0.),(-0.19509136877531,
0.,0.980785072189303),(0.19509885175463,0.,0.980783583694194),(0.19509414935014,
0.,-0.980784519091398),(0.,1.,0.),(-0.195086666536903,0.,-0.980786007516175),
(0.,-1.,0.),(0.19509414935014,0.,-0.980784519091398),(-0.195086666536903,
0.,-0.980786007516175),(0.19509885175463,0.,0.980783583694194),(-0.19509136877531,
0.,0.980785072189303),(0.,1.,0.),(0.,1.,0.),(0.555572091847697,0.,-0.831468370270316),
(0.831471006472292,0.,-0.555568146491457),(-0.980782829330397,0.,0.195102643986855),
(0.,-1.,0.),(-0.98078245717681,0.,-0.195104514797117),(0.,-1.,0.),(0.980790311836952,
0.,0.195065025585762),(0.980789939824026,0.,-0.195066896063847),(0.,-1.,
0.),(0.831457202665786,0.,0.555588804904479),(0.980790311836952,0.,0.195065025585762),
(-0.98078245717681,0.,-0.195104514797117),(0.,1.,0.),(-0.980782829330397,
0.,0.195102643986855),(0.,-1.,0.),(0.980789939824026,0.,-0.195066896063847),
(0.831457202665785,0.,-0.555588804904479),(0.,1.,0.),(1.,0.,0.),(0.,0.,
1.),(0.,1.,0.),(0.831457202665785,0.,-0.555588804904479),(0.980789939824026,
0.,-0.195066896063847),(0.980789939824026,0.,-0.195066896063847),(0.,1.,
0.),(0.980790311836952,0.,0.195065025585762),(-0.195086666536954,0.,0.980786007516165),
(0.,-1.,0.),(-0.555576423840556,0.,0.831465475694895),(0.,-1.,0.),(0.555572091847697,
0.,-0.831468370270316),(0.195089160745467,0.,-0.980785511393612),(0.,-1.,
0.),(-0.555576423840556,0.,0.831465475694895),(-0.19509136877531,0.,0.980785072189303),
(-0.195086666536903,0.,-0.980786007516175),(0.,1.,0.),(-0.555578113612398,
0.,-0.831464346604765),(0.,-1.,0.),(-0.195086666536903,0.,-0.980786007516175),
(-0.555578113612398,0.,-0.831464346604765),(-0.195086666536903,0.,-0.980786007516175),
(0.,1.,0.),(-0.555576423840556,0.,-0.831465475694895),(-0.195086666536954,
0.,0.980786007516165),(-0.555576423840556,0.,0.831465475694895),(0.,1.,
0.),(0.,1.,0.),(0.195089160745467,0.,-0.980785511393612),(0.555572091847697,
0.,-0.831468370270316),(0.,1.,0.),(-0.19509136877531,0.,0.980785072189303),
(-0.555576423840556,0.,0.831465475694895),(0.,1.,0.),(0.,0.,-1.),(1.,0.,
0.),(-1.,0.,0.),(0.,0.,1.),(0.,1.,0.),(0.,1.,0.),(-1.,0.,0.),(0.,0.,-1.),
(0.,0.,1.),(1.,0.,0.),(0.,1.,0.),(0.,1.,0.),(0.,0.,-1.),(1.,0.,0.),(0.,
0.,-1.),(1.,0.,0.),(0.,1.,0.),(1.,0.,0.),(0.,1.,0.),(0.,0.,-1.),(0.,1.,
0.),(0.,0.,-1.),(1.,0.,0.),(0.,1.,0.),(-0.348054498675307,0.,-0.937474301488782),
(0.,1.,0.),(-0.999591619474757,0.,-0.0285761137286392),(0.,1.,0.),(-0.948146798435189,
0.,-0.317832736855568),(0.,1.,0.),(-0.79736278485381,0.,-0.603500281135127),
(0.,1.,0.),(-0.573802437459954,0.,-0.818993750137946),(0.,0.,-1.),(0.,1.,
0.),(1.,0.,0.),(-0.555576423840556,0.,0.831465475694895),(0.,-1.,0.),(-0.831459466035072,
0.,0.555585417681811),(0.,-1.,0.),(-0.999486626040388,0.,0.0320387947089331),
(-0.555578113612398,0.,-0.831464346604765),(0.,1.,0.),(-0.831459466035071,
0.,-0.555585417681813),(-0.831459466035071,0.,-0.555585417681813),(-0.555578113612398,
0.,-0.831464346604765),(0.,-1.,0.),(0.,-1.,0.),(-0.555576423840556,0.,0.831465475694895),
(-0.831458711583326,0.,0.555586546752345),(-0.555576423840556,0.,-0.831465475694895),
(0.,1.,0.),(-0.831458711583324,0.,-0.555586546752349),(-0.831458711583324,
0.,-0.555586546752349),(-0.555576423840556,0.,-0.831465475694895),(0.,-1.,
0.),(0.,-1.,0.),(-0.195094149350126,0.,0.980784519091401),(0.195086666536889,
0.,0.980786007516178),(-0.555576423840556,0.,0.831465475694895),(-0.831459466035072,
0.,0.555585417681811),(0.,1.,0.),(0.,1.,0.),(-0.555576423840556,0.,0.831465475694895),
(-0.831458711583326,0.,0.555586546752345),(0.,1.,0.),(0.0413991001018396,
0.,-0.999142689764959),(0.,1.,0.),(-0.161200037338131,0.,-0.986921753718188),
(-0.831459466035072,0.,0.555585417681811),(0.,-1.,0.),(-0.98079003282817,
0.,0.195066428441484),(0.,-1.,0.),(0.195089160745467,0.,-0.980785511393612),
(-0.195089160745467,0.,-0.980785511393612),(-0.831459466035071,0.,-0.555585417681813),
(0.,1.,0.),(-0.980789939823936,0.,-0.195066896064299),(-0.980789939823936,
0.,-0.195066896064299),(-0.831459466035071,0.,-0.555585417681813),(0.,-1.,
0.),(0.,-1.,0.),(-1.,0.,0.),(0.244363395385045,0.,0.969683727302821),(0.,
-1.,0.),(-0.965530789621825,0.,-0.260288867015581),(-0.831458711583326,
0.,0.555586546752345),(0.,-1.,0.),(-0.980789939823934,0.,0.19506689606431),
(0.,-1.,0.),(-0.999188880756295,0.,0.0402688536338316),(0.,-1.,0.),(-0.983250851784092,
0.,0.182257407163214),(-0.837816907769463,0.,0.54595130648769),(0.,-1.,
0.),(-0.980445383038707,0.,-0.196791389237647),(-0.831458711583324,0.,-0.555586546752349),
(0.,1.,0.),(-0.980790125831737,0.,-0.195065960820862),(-0.980790125831737,
0.,-0.195065960820862),(-0.831458711583324,0.,-0.555586546752349),(0.,-1.,
0.),(0.,-1.,0.),(-1.,0.,0.),(0.,0.,1.),(-0.831459466035072,0.,0.555585417681811),
(-0.98079003282817,0.,0.195066428441484),(0.,1.,0.),(0.,1.,0.),(-0.195089160745467,
0.,-0.980785511393612),(0.195089160745467,0.,-0.980785511393612),(0.,1.,
0.),(-0.831458711583326,0.,0.555586546752345),(-0.980789939823934,0.,0.19506689606431),
(0.,1.,0.),(-0.929424203933154,0.,-0.369013074488186),(0.,0.,-1.),(0.,1.,
0.),(-1.,0.,0.),(0.,0.,-1.),(0.,1.,0.),(0.04071271487777,0.,-0.999170893715025),
(0.,1.,0.),(0.205741081643486,0.,-0.978606461926432),(-0.98079003282817,
0.,0.195066428441484),(0.,-1.,0.),(-0.980789939823936,0.,-0.195066896064299),
(0.,-1.,0.),(0.244180778634059,0.,-0.969729729020238),(-1.,0.,0.),(-1.,
0.,0.),(0.,-1.,0.),(0.,0.,1.),(0.,-1.,0.),(0.,0.,-1.),(-1.,0.,0.),(-1.,
0.,0.),(0.,-1.,0.),(0.,0.,1.),(-0.980789939823936,0.,-0.195066896064299),
(0.,1.,0.),(-0.98079003282817,0.,0.195066428441484),(0.,-1.,0.),(-0.277995206928008,
0.,-0.960582461283285),(-1.,0.,0.),(-1.,0.,0.),(0.,-1.,0.),(-0.274163420455097,
0.,0.961683117707887),(0.,-1.,0.),(-0.220251111555257,0.,-0.975443205860123),
(-1.,0.,0.),(-0.980789939823934,0.,0.19506689606431),(0.,-1.,0.),(-0.980790125831737,
0.,-0.195065960820862),(0.,-1.,0.),(-0.563058746718899,0.,-0.826416872857363),
(-1.,0.,0.),(0.,-1.,0.),(-0.98529737037151,0.,0.170848154625643),(-0.864762893792852,
0.,0.502180383447037),(-0.980790125831737,0.,-0.195065960820862),(0.,1.,
0.),(-0.980789939823934,0.,0.19506689606431),(0.,1.,0.),(-0.831471006472303,
0.,-0.555568146491441),(-0.555572091847686,0.,-0.831468370270323),(-0.555572091847686,
0.,-0.831468370270323),(0.,1.,0.),(-0.195089160745467,0.,-0.980785511393612),
(0.,1.,0.),(0.,0.,-1.),(0.929424203933157,0.,-0.369013074488178),(0.,-1.,
0.),(-1.,0.,0.),(-0.220169175134207,0.,0.975461703154318),(0.,1.,0.),(-0.861057526973654,
0.,0.50850755672066),(0.,1.,0.),(-0.967699227825621,0.,0.252107525603059),
(0.,1.,0.),(-0.991060956992599,0.,0.133409817947985),(0.,0.,-1.),(0.,1.,
0.),(-0.976203444955538,0.,0.216856713193157),(0.,1.,0.),(-0.501673526072142,
0.,0.865057034673636),(-0.770612274461617,0.,0.63730426206726),(0.,1.,0.),
(-0.161372071311012,0.,0.986893638950416),(-0.501673526072142,0.,0.865057034673636),
(0.,1.,0.),(0.980790311836952,0.,0.195065025585762),(0.831457202665786,
0.,0.555588804904479),(-0.967699227825621,0.,0.252107525603059),(0.,1.,
0.),(0.,1.,0.),(-0.991060956992599,0.,0.133409817947985),(0.,0.,-1.),(0.,
0.,-1.),(0.966825869489685,0.,-0.255436367977456),(0.,1.,0.),(0.,1.,0.),
(-0.883930446718758,0.,0.467618397161165),(0.,1.,0.),(-0.690130556245076,
0.,0.72368488676831),(0.,1.,0.),(0.966825869489685,0.,-0.255436367977456),
(0.,0.,-1.),(-0.861057526973654,0.,0.50850755672066),(0.,1.,0.),(0.,1.,
0.),(0.795873173425603,0.,-0.605463369512524),(0.966825869489685,0.,-0.255436367977456),
(-0.976203444955538,0.,0.216856713193157),(0.,1.,0.),(0.,1.,0.),(-0.999591619474757,
0.,-0.0285761137286392),(0.,1.,0.),(0.999999920406854,0.,-0.000398981560965139),
(-0.948146798435189,0.,-0.317832736855568),(0.,1.,0.),(0.,1.,0.),(-0.883930446718758,
0.,0.467618397161165),(0.,1.,0.),(0.954720025389981,0.,-0.297505753086144),
(-0.770612274461617,0.,0.63730426206726),(-0.501673526072142,0.,0.865057034673636),
(0.,1.,0.),(0.,1.,0.),(-0.79736278485381,0.,-0.603500281135127),(0.,1.,
0.),(0.947848388674021,0.,0.318721558869277),(-0.690130556245076,0.,0.72368488676831),
(0.,1.,0.),(0.,1.,0.),(0.842211018875781,0.,-0.539148031327408),(-0.573802437459954,
0.,-0.818993750137946),(0.,1.,0.),(0.,1.,0.),(0.785972840648741,0.,0.618261023971711),
(-0.43568870752956,0.,0.900097411467904),(0.,1.,0.),(-0.43568870752956,
0.,0.900097411467904),(0.,1.,0.),(0.,1.,0.),(0.480658687069861,0.,-0.876907763989051),
(0.7707566758885,0.,-0.637129615206599),(-0.501673526072142,0.,0.865057034673636),
(-0.161372071311012,0.,0.986893638950416),(0.,1.,0.),(0.,1.,0.),(0.517969591485387,
0.,-0.855399031035494),(0.795873173425603,0.,-0.605463369512524),(0.795873173425603,
0.,-0.605463369512524),(0.966825869489685,0.,-0.255436367977456),(0.,1.,
0.),(0.,1.,0.),(-0.372546739896906,0.,0.928013430178781),(0.,1.,0.),(0.53039927232795,
0.,0.84774796485393),(-0.348054498675307,0.,-0.937474301488782),(0.,1.,
0.),(0.795873173425603,0.,-0.605463369512524),(0.517969591485387,0.,-0.855399031035494),
(0.,1.,0.),(0.195089160745467,0.,0.980785511393612),(0.,-1.,0.),(-0.195089160745467,
0.,0.980785511393612),(-0.195089160745467,0.,0.980785511393612),(0.195089160745467,
0.,0.980785511393612),(0.,1.,0.),(0.,1.,0.),(0.999999920406854,0.,-0.000398981560965139),
(0.954720025389981,0.,-0.297505753086144),(0.,1.,0.),(0.,1.,0.),(0.947848388674021,
0.,0.318721558869277),(0.,1.,0.),(0.785972840648741,0.,0.618261023971711),
(0.,1.,0.),(0.7707566758885,0.,-0.637129615206599),(0.480658687069861,0.,
-0.876907763989051),(0.,1.,0.),(0.383576704064455,0.,-0.923509021124888),
(-0.372546739896906,0.,0.928013430178781),(0.,1.,0.),(0.,1.,0.),(0.383576704064455,
0.,-0.923509021124888),(0.,1.,0.),(0.286667337880158,0.,-0.958030186055065),
(0.842211018875781,0.,-0.539148031327408),(0.,1.,0.),(0.,1.,0.),(0.53039927232795,
0.,0.84774796485393),(-0.039228016992037,0.,0.999230285110931),(0.,1.,0.),
(-0.039228016992037,0.,0.999230285110931),(0.,1.,0.),(0.,1.,0.),(0.397453330948236,
0.,-0.917622389503521),(0.,1.,0.),(0.176917911820526,0.,-0.984225610557389),
(0.397453330948236,0.,-0.917622389503521),(0.,1.,0.),(0.,1.,0.),(0.248716120073721,
0.,0.968576425283764),(0.,1.,0.),(-0.161200037338131,0.,-0.986921753718188),
(0.,1.,0.),(0.248716120073721,0.,0.968576425283764),(0.286667337880158,
0.,-0.958030186055065),(0.,1.,0.),(0.,1.,0.),(0.0276474046061319,0.,0.999617737446943),
(0.176917911820526,0.,-0.984225610557389),(0.,1.,0.),(0.,1.,0.),(0.0276474046061319,
0.,0.999617737446943),(0.0413991001018396,0.,-0.999142689764959),(0.,1.,
0.),(0.,1.,0.),(-0.0363857798657024,0.,-0.99933781826946),(0.,1.,0.),(-0.0363857798657024,
0.,-0.99933781826946),(0.15768637201672,0.,-0.987489244539),(0.493183976410487,
0.,-0.869925034363272),(0.,1.,0.),(0.,1.,0.),(-0.14276707416528,0.,0.989756314723117),
(0.,1.,0.),(0.493183976410487,0.,-0.869925034363272),(0.15768637201672,
0.,-0.987489244539),(0.,1.,0.),(-0.14276707416528,0.,0.989756314723117),
(0.411672252806908,0.,-0.911331968203072),(0.,1.,0.),(0.,1.,0.),(-0.357945415623021,
0.,0.933742512384684),(0.,1.,0.),(-0.785259976273584,0.,0.619166189050088),
(-0.484775702178514,0.,0.874638507371662),(0.,1.,0.),(-0.963079098227787,
0.,0.269218592516846),(-0.785259976273584,0.,0.619166189050088),(0.,1.,
0.),(0.,0.,1.),(-0.963079098227787,0.,0.269218592516846),(0.,1.,0.),(0.411672252806908,
0.,-0.911331968203072),(-0.154865809174636,0.,-0.987935514671218),(-0.4918881889634,
0.,-0.870658377067783),(0.,1.,0.),(0.,1.,0.),(0.177834686285386,0.,0.984060376376256),
(0.,1.,0.),(-0.4918881889634,0.,-0.870658377067783),(-0.154865809174636,
0.,-0.987935514671218),(0.177834686285386,0.,0.984060376376256),(0.,1.,
0.),(0.,1.,0.),(0.831457202665786,0.,0.555588804904479),(0.55557980337771,
0.,0.831463217514031),(-0.357945415623021,0.,0.933742512384684),(0.,1.,
0.),(-0.484775702178514,0.,0.874638507371662),(-0.785259976273584,0.,0.619166189050088),
(0.,1.,0.),(0.,1.,0.),(0.377299510886047,0.,0.926091290902333),(0.,1.,0.),
(0.377299510886047,0.,0.926091290902333),(-0.4918881889634,0.,-0.870658377067783),
(-0.783356661856191,0.,-0.621572473912355),(0.,1.,0.),(0.,1.,0.),(-0.4918881889634,
0.,-0.870658377067783),(-0.783356661856191,0.,-0.621572473912355),(-0.529245152449519,
0.,0.848468955595127),(0.,1.,0.),(-0.529245152449519,0.,0.848468955595127),
(0.,1.,0.),(-0.785259976273584,0.,0.619166189050088),(-0.963079098227787,
0.,0.269218592516846),(0.,1.,0.),(0.,1.,0.),(0.791683106476316,0.,-0.610931959321176),
(0.493183976410487,0.,-0.869925034363272),(0.791683106476316,0.,-0.610931959321176),
(0.493183976410487,0.,-0.869925034363272),(0.,1.,0.),(0.,1.,0.),(-0.738540946180683,
0.,0.674208625585984),(0.,1.,0.),(-0.864302078654717,0.,-0.502973077642467),
(-0.738540946180683,0.,0.674208625585984),(0.,1.,0.),(0.,1.,0.),(-0.999758119137192,
0.,0.0219932539489582),(0.,1.,0.),(-0.967481925755808,0.,-0.252940157618026),
(0.,1.,0.),(0.785066193150608,0.,-0.619411876195486),(0.525251285638605,
0.,-0.850947170472406),(0.,1.,0.),(0.597739828553191,0.,0.801690150470368),
(-0.864302078654717,0.,-0.502973077642467),(0.,1.,0.),(0.,1.,0.),(0.80507919604228,
0.,0.593167335665001),(0.597739828553191,0.,0.801690150470368),(0.,1.,0.),
(0.,1.,0.),(0.,0.,1.),(-1.,0.,0.),(0.,1.,0.),(0.55557980337771,0.,0.831463217514031),
(0.195086666536889,0.,0.980786007516178),(-0.963079098227787,0.,0.269218592516846),
(0.,0.,1.),(0.,1.,0.),(0.,1.,0.),(0.970559277269965,0.,-0.240862386655125),
(0.,1.,0.),(0.875540192505278,0.,-0.483145290060682),(-0.842551370069261,
0.,0.538615993816012),(-0.98522659667344,0.,0.171255812185371),(0.,1.,0.),
(0.,1.,0.),(-0.842551370069261,0.,0.538615993816012),(-0.98522659667344,
0.,0.171255812185371),(0.,1.,0.),(0.875990379002627,0.,-0.482328576693143),
(0.525251285638605,0.,-0.850947170472406),(0.785066193150608,0.,-0.619411876195486),
(0.,1.,0.),(0.,1.,0.),(0.990866478002979,0.,-0.134846663918587),(0.,0.,
1.),(0.,0.,1.),(0.,1.,0.),(0.990866478002979,0.,-0.134846663918587),(-0.967481925755808,
0.,-0.252940157618026),(0.,1.,0.),(0.,1.,0.),(0.948612503371946,0.,0.316440070860832),
(-0.999758119137192,0.,0.0219932539489582),(0.,1.,0.),(0.,1.,0.),(0.975394240027974,
0.,-0.220467858247527),(0.,1.,0.),(0.999590426125642,0.,0.0286178265764051),
(0.875540192505278,0.,-0.483145290060682),(0.,1.,0.),(0.,1.,0.),(0.80507919604228,
0.,0.593167335665001),(0.875990379002627,0.,-0.482328576693143),(0.,1.,
0.),(0.,1.,0.),(0.970559277269965,0.,-0.240862386655125),(0.948612503371946,
0.,0.316440070860832),(0.,1.,0.),(0.,1.,0.),(0.975394240027974,0.,-0.220467858247527),
(0.999590426125642,0.,0.0286178265764051),(0.,1.,0.),(-0.195089160745467,
0.,0.980785511393612),(0.,-1.,0.),(-0.555571528591774,0.,0.831468746627436),
(-0.195089160745467,0.,-0.980785511393612),(-0.555572091847686,0.,-0.831468370270323),
(0.,-1.,0.),(0.,-1.,0.),(0.,0.,-1.),(-1.,0.,0.),(-0.195089160745467,0.,
0.980785511393612),(-0.555571528591774,0.,0.831468746627436),(0.,1.,0.),
(-1.,0.,0.),(0.,0.,1.),(0.,1.,0.),(0.,1.,0.),(-1.,0.,0.),(0.,0.,-1.),(0.0417932324867668,
0.,0.999126281166854),(0.,1.,0.),(0.,1.,0.),(0.195086666536889,0.,0.980786007516178),
(-0.195094149350126,0.,0.980784519091401),(0.,1.,0.),(0.0417932324867668,
0.,0.999126281166854),(0.,1.,0.),(0.,0.,-1.),(1.,0.,0.),(1.,0.,0.),(0.,
1.,0.),(0.,0.,1.),(0.,1.,0.),(0.04071271487777,0.,-0.999170893715025),(1.,
0.,0.),(0.,0.,-1.),(0.,1.,0.),(0.,1.,0.),(1.,0.,0.),(0.,0.,1.),(0.,1.,0.),
(-0.0208340169748469,0.,0.999782948312628),(0.,1.,0.),(-0.0208340169748469,
0.,0.999782948312628),(-0.0465162620284261,0.,-0.998917532815849),(0.,1.,
0.),(-0.0465162620284261,0.,-0.998917532815849),(0.,1.,0.),(-0.195094149350126,
0.,0.980784519091401),(0.,-1.,0.),(-0.55557980337771,0.,0.831463217514031),
(-0.195098851754527,0.,-0.980783583694214),(0.,1.,0.),(-0.555579803377704,
0.,-0.831463217514035),(-0.555579803377704,0.,-0.831463217514035),(-0.195098851754527,
0.,-0.980783583694214),(0.,-1.,0.),(0.,1.,0.),(0.205078231869933,0.,0.978745584313463),
(0.,1.,0.),(-0.195094149350126,0.,0.980784519091401),(-0.55557980337771,
0.,0.831463217514031),(0.,1.,0.),(-0.123987127800815,0.,0.992283826402358),
(0.,1.,0.),(0.205741081643486,0.,-0.978606461926432),(-0.123987127800815,
0.,0.992283826402358),(0.,1.,0.),(0.,1.,0.),(-0.999503944239022,0.,0.0314938954503605),
(0.,1.,0.),(-0.991648885902216,0.,0.128966999999587),(-0.874334389819537,
0.,0.485323989494542),(-0.222859071310879,0.,-0.974850672838898),(0.,1.,
0.),(0.,1.,0.),(-0.91953796276286,0.,-0.393001189613885),(0.,1.,0.),(-0.987205298925219,
0.,-0.159454375211117),(0.,1.,0.),(-0.222859071310879,0.,-0.974850672838898),
(0.205078231869933,0.,0.978745584313463),(0.,1.,0.),(0.,1.,0.),(-0.356512848184786,
0.,0.934290420093866),(0.,1.,0.),(-0.601767414288989,0.,0.798671383674127),
(0.,1.,0.),(-0.793587260326922,0.,0.608456457149408),(-0.356512848184786,
0.,0.934290420093866),(0.,1.,0.),(0.,1.,0.),(-0.477506559370448,0.,-0.878628184022227),
(0.,1.,0.),(-0.596555770882126,0.,-0.802571624359616),(-0.850511442442027,
0.,-0.525956544093885),(0.,1.,0.),(-0.477506559370448,0.,-0.878628184022227),
(0.323547690645931,0.,0.946211864160287),(0.65157966970036,0.,0.758580209360335),
(0.,1.,0.),(0.,1.,0.),(0.,0.,1.),(-0.929424203933154,0.,-0.369013074488186),
(0.323547690645931,0.,0.946211864160287),(0.,1.,0.),(0.65157966970036,0.,
0.758580209360335),(0.,1.,0.),(0.441288312116432,0.,-0.897365380204424),
(-0.601767414288989,0.,0.798671383674127),(0.,1.,0.),(0.,1.,0.),(0.441288312116432,
0.,-0.897365380204424),(-0.55557980337771,0.,0.831463217514031),(0.,-1.,
0.),(-0.831457202665786,0.,0.555588804904479),(0.,-1.,0.),(0.,0.,1.),(1.,
0.,0.),(-0.555579803377704,0.,-0.831463217514035),(0.,1.,0.),(-0.831457202665786,
0.,-0.555588804904479),(-0.831457202665786,0.,-0.555588804904479),(-0.555579803377704,
0.,-0.831463217514035),(0.,-1.,0.),(-0.55557980337771,0.,0.831463217514031),
(-0.831457202665786,0.,0.555588804904479),(0.,1.,0.),(0.,1.,0.),(-0.596555770882126,
0.,-0.802571624359616),(-0.850511442442027,0.,-0.525956544093885),(-0.793587260326922,
0.,0.608456457149408),(0.,1.,0.),(0.,1.,0.),(0.673706981395276,0.,-0.738998581337789),
(0.,1.,0.),(0.770266252473969,0.,0.637722432018592),(-0.91953796276286,
0.,-0.393001189613885),(0.,1.,0.),(0.,1.,0.),(0.673706981395276,0.,-0.738998581337789),
(-0.874334389819537,0.,0.485323989494542),(-0.991648885902216,0.,0.128966999999587),
(0.,1.,0.),(0.,1.,0.),(0.876064508918663,0.,-0.482193919718097),(0.770266252473969,
0.,0.637722432018592),(0.,1.,0.),(-0.555571528591774,0.,0.831468746627436),
(0.,-1.,0.),(-0.831471257943549,0.,0.555567770135897),(-0.555572091847686,
0.,-0.831468370270323),(-0.831471006472303,0.,-0.555568146491441),(0.,-1.,
0.),(-0.555571528591774,0.,0.831468746627436),(-0.831471257943549,0.,0.555567770135897),
(0.,1.,0.),(0.,1.,0.),(-0.987205298925219,0.,-0.159454375211117),(0.,1.,
0.),(0.939910781134903,0.,0.341420156854245),(-0.999503944239022,0.,0.0314938954503605),
(0.,1.,0.),(0.,1.,0.),(0.977383170051143,0.,-0.211476095341242),(0.876064508918663,
0.,-0.482193919718097),(0.,1.,0.),(0.,1.,0.),(0.999167541474062,0.,0.0407949024349661),
(0.939910781134903,0.,0.341420156854245),(0.,1.,0.),(-0.831457202665786,
0.,0.555588804904479),(0.,-1.,0.),(-0.980782829330397,0.,0.195102643986855),
(-0.831457202665786,0.,-0.555588804904479),(0.,1.,0.),(-0.98078245717681,
0.,-0.195104514797117),(-0.98078245717681,0.,-0.195104514797117),(-0.831457202665786,
0.,-0.555588804904479),(0.,-1.,0.),(0.,1.,0.),(0.937934044975785,0.,0.34681367803961),
(0.,0.,1.),(-0.831457202665786,0.,0.555588804904479),(-0.980782829330397,
0.,0.195102643986855),(0.,1.,0.),(0.,1.,0.),(0.,0.,1.),(-0.93793404497577,
0.,0.34681367803965),(0.977383170051143,0.,-0.211476095341242),(0.,1.,0.),
(0.,1.,0.),(0.999167541474062,0.,0.0407949024349661),(0.,0.,1.),(0.937934044975785,
0.,0.34681367803961),(0.,1.,0.),(0.,1.,0.),(0.,0.,1.),(-0.929424203933154,
0.,-0.369013074488186),(0.,1.,0.),(0.937934044975785,0.,0.34681367803961),
(0.,0.,1.),(0.,1.,0.),(0.,0.,-1.),(0.937943586350506,0.,0.346787872948221),
(0.,1.,0.),(0.,0.,-1.),(-0.929424203933154,0.,-0.369013074488186),(-0.980782829330397,
0.,0.195102643986855),(0.,-1.,0.),(-0.98078245717681,0.,-0.195104514797117),
(-0.98078245717681,0.,-0.195104514797117),(0.,1.,0.),(-0.980782829330397,
0.,0.195102643986855),(0.,1.,0.),(0.929424203933157,0.,-0.369013074488178),
(0.,0.,1.),(0.937934044975785,0.,0.34681367803961),(0.,1.,0.),(0.,0.,1.),
(0.,1.,0.),(0.,0.,1.),(-0.93793404497577,0.,0.34681367803965),(0.,0.,1.),
(-0.93793404497577,0.,0.34681367803965),(0.,1.,0.),(0.,1.,0.),(-0.937969656330381,
0.,0.346717354344238),(0.,0.,-1.),(0.937923970022607,0.,0.34684092384987),
(0.,1.,0.),(0.937943586350506,0.,0.346787872948221),(0.,0.,-1.),(0.,1.,
0.),(0.,0.,-1.),(0.,1.,0.),(-0.937969656330381,0.,0.346717354344238),(0.937923970022607,
0.,0.34684092384987),(0.,1.,0.),(0.,1.,0.),(-0.937921150838553,0.,0.346848547365682),
(-0.831471257943549,0.,0.555567770135897),(0.,-1.,0.),(-0.980785013558679,
0.,0.195091663529488),(-0.831471006472303,0.,-0.555568146491441),(0.,1.,
0.),(-0.980785013558679,0.,-0.195091663529488),(0.,-1.,0.),(1.,0.,0.),(0.,
0.,-1.),(-0.831471006472303,0.,-0.555568146491441),(-0.980785013558679,
0.,-0.195091663529488),(0.,-1.,0.),(-0.831471257943549,0.,0.555567770135897),
(-0.980785013558679,0.,0.195091663529488),(0.,1.,0.),(0.,1.,0.),(0.937904350694104,
0.,0.346893973641907),(-0.93787262699687,0.,0.346979733601245),(0.,1.,0.),
(0.929424203933157,0.,-0.369013074488178),(0.,0.,-1.),(0.937904350694104,
0.,0.346893973641907),(0.,1.,0.),(-0.93787262699687,0.,0.346979733601245),
(-1.,0.,0.),(0.,0.,-1.),(0.,-1.,0.),(0.,-1.,0.),(-1.,0.,0.),(0.,0.,1.),
(0.,-1.,0.),(-1.,0.,0.),(0.,0.,1.),(0.,0.,-1.),(1.,0.,0.),(0.,-1.,0.),(0.,
-1.,0.),(0.,0.,1.),(1.,0.,0.),(0.,0.,1.),(-1.,0.,0.),(0.,-1.,0.),(-1.,0.,
0.),(0.,-1.,0.),(0.,0.,-1.),(-1.,0.,0.),(0.,-1.,0.),(0.,0.,1.),(0.,-1.,
0.),(0.,0.,-1.),(-1.,0.,0.),(0.,0.,1.),(1.,0.,0.),(0.,-1.,0.),(1.,0.,0.),
(0.,-1.,0.),(0.,0.,-1.),(0.,-1.,0.),(1.,0.,0.),(0.,0.,1.),(-1.,0.,0.),(0.244180778634059,
0.,-0.969729729020238),(0.,-1.,0.),(0.,-1.,0.),(-1.,0.,0.),(-0.220169175134207,
0.,0.975461703154318),(0.,-1.,0.),(-0.220083333412012,0.,0.97548107431885),
(0.244180778634059,0.,-0.969729729020238),(1.,0.,0.),(0.,-1.,0.),(0.,-1.,
0.),(-0.220083333412012,0.,0.97548107431885),(-1.,0.,0.),(-0.277995206928008,
0.,-0.960582461283285),(0.,-1.,0.),(0.,-1.,0.),(-1.,0.,0.),(-0.274163420455097,
0.,0.961683117707887),(0.,-1.,0.),(0.277624205324163,0.,0.960689752531028),
(0.263830829229234,0.,-0.964568967750992),(-0.278146935611225,0.,-0.960538537597573),
(0.,-1.,0.),(0.,-1.,0.),(0.277820231849079,0.,0.960633082282369),(0.,-1.,
0.),(-0.278146935611225,0.,-0.960538537597573),(-0.245281456042186,0.,0.969451910783524),
(0.,-1.,0.),(0.,-1.,0.),(0.263773874050657,0.,-0.964584544437816),(0.,-1.,
0.),(-0.245281456042186,0.,0.969451910783524),(-1.,0.,0.),(-0.220251111555257,
0.,-0.975443205860123),(0.,-1.,0.),(0.,-1.,0.),(-1.,0.,0.),(0.244363395385045,
0.,0.969683727302821),(0.,-1.,0.),(-0.219994962866522,0.,-0.975501007848458),
(0.244363395385045,0.,0.969683727302821),(1.,0.,0.),(0.,-1.,0.),(1.,0.,
0.),(0.,-1.,0.),(0.244363395385045,0.,0.969683727302821),(-0.965530789621825,
0.,-0.260288867015581),(0.,-1.,0.),(0.,-1.,0.),(-0.999486626040388,0.,0.0320387947089331),
(0.,-1.,0.),(0.977530651210857,0.,0.21079332518673),(-0.983250851784092,
0.,0.182257407163214),(0.,-1.,0.),(-0.837816907769463,0.,0.54595130648769),
(0.,-1.,0.),(0.96719225130691,0.,-0.254045564834089),(0.,-1.,0.),(0.999997038008464,
0.,-0.00243392158824859),(-0.980445383038707,0.,-0.196791389237647),(0.,
-1.,0.),(0.,-1.,0.),(-0.999188880756295,0.,0.0402688536338316),(0.,-1.,
0.),(0.85072101297024,0.,0.525617501697659),(0.984380068392981,0.,0.176056470913821),
(-0.98529737037151,0.,0.170848154625643),(0.,-1.,0.),(-0.864762893792852,
0.,0.502180383447037),(0.,-1.,0.),(0.981672569219206,0.,-0.190575357385374),
(0.,-1.,0.),(0.999012350824138,0.,0.0444333534726997),(-1.,0.,0.),(-0.563058746718899,
0.,-0.826416872857363),(0.,-1.,0.),(0.,-1.,0.),(-1.,0.,0.),(0.,0.,1.),(0.,
-1.,0.),(-0.645323434155742,0.,-0.763909461473963),(0.,-1.,0.),(0.842705257090809,
0.,0.538375194145787),(0.,0.,-1.),(0.,-1.,0.),(1.,0.,0.),(0.,0.,1.),(0.,
0.,-1.),(0.,-1.,0.),(-1.,0.,0.),(0.244180778634059,0.,-0.969729729020238),
(0.,-1.,0.),(1.,0.,0.),(0.,-1.,0.),(-0.219994962866522,0.,-0.975501007848458),
(0.,-1.,0.),(-0.843655656539555,0.,-0.536884655385877),(0.,-1.,0.),(-0.641313180242831,
0.,-0.767279222217587),(0.,-1.,0.),(-0.413618403787843,0.,-0.910450336947599),
(0.,-1.,0.),(-0.197470752873894,0.,-0.980308778783204),(0.,-1.,0.),(0.,
0.,-1.),(-1.,0.,0.),(0.,-1.,0.),(-0.864762893792852,0.,0.502180383447037),
(-0.636470849791638,0.,0.771300756751548),(0.,-1.,0.),(-0.645323434155742,
0.,-0.763909461473963),(-0.895661022122947,0.,-0.444737375818222),(0.,-1.,
0.),(-0.895661022122947,0.,-0.444737375818222),(0.,-1.,0.),(0.,-1.,0.),
(-0.843655656539555,0.,-0.536884655385877),(0.,-1.,0.),(0.926811566430753,
0.,0.375526723856205),(-0.864762893792852,0.,0.502180383447037),(0.,-1.,
0.),(-0.636470849791638,0.,0.771300756751548),(0.,-1.,0.),(0.899498117908791,
0.,-0.436924634094419),(-0.837816907769463,0.,0.54595130648769),(-0.585722132809799,
0.,0.810511926585131),(0.,-1.,0.),(0.,-1.,0.),(-0.837816907769463,0.,0.54595130648769),
(-0.585722132809799,0.,0.810511926585131),(0.,-1.,0.),(0.860689234780696,
0.,-0.509130671962139),(-0.815777267654784,0.,-0.578366189863909),(-0.546962726611661,
0.,-0.8371569600126),(0.,-1.,0.),(0.,-1.,0.),(0.753002465459776,0.,0.658017695059562),
(0.,-1.,0.),(-0.546962726611661,0.,-0.8371569600126),(-0.815777267654784,
0.,-0.578366189863909),(-0.937921150838553,0.,0.346848547365682),(0.,1.,
0.),(-0.641313180242831,0.,-0.767279222217587),(0.,-1.,0.),(0.,-1.,0.),
(0.659364878302901,0.,0.751823089071226),(0.895809510076802,0.,0.444438209041437),
(-0.636470849791638,0.,0.771300756751548),(-0.309501528626209,0.,0.950898945092506),
(0.,-1.,0.),(0.,-1.,0.),(0.820254689817301,0.,-0.571998464886684),(0.552304560587108,
0.,-0.83364241276142),(-0.636470849791638,0.,0.771300756751548),(0.,-1.,
0.),(-0.309501528626209,0.,0.950898945092506),(0.,-1.,0.),(-0.785619673756504,
0.,-0.618709728553483),(-0.471368664805594,0.,0.881936268581461),(0.,-1.,
0.),(0.,-1.,0.),(0.780778749593043,0.,-0.624807605734697),(0.518731869524163,
0.,-0.854936984543286),(-0.471368664805594,0.,0.881936268581461),(0.,-1.,
0.),(0.,-1.,0.),(-0.785619673756504,0.,-0.618709728553483),(-0.546962726611661,
0.,-0.8371569600126),(-0.180004283404126,0.,-0.983665826363897),(0.,-1.,
0.),(0.,-1.,0.),(0.52011095155475,0.,0.854098705111308),(0.,-1.,0.),(-0.180004283404126,
0.,-0.983665826363897),(-0.546962726611661,0.,-0.8371569600126),(0.,1.,
0.),(0.,0.,1.),(0.929424203933157,0.,-0.369013074488178),(-0.413618403787843,
0.,-0.910450336947599),(0.,-1.,0.),(0.,-1.,0.),(0.550572170158878,0.,0.834787569053675),
(0.999997038008464,0.,-0.00243392158824859),(0.,-1.,0.),(0.,-1.,0.),(0.977530651210857,
0.,0.21079332518673),(0.999012350824138,0.,0.0444333534726997),(0.,-1.,
0.),(0.984380068392981,0.,0.176056470913821),(0.85072101297024,0.,0.525617501697659),
(0.,-1.,0.),(0.,-1.,0.),(0.96719225130691,0.,-0.254045564834089),(0.,-1.,
0.),(-0.999967153122813,0.,0.00810510181655414),(0.981672569219206,0.,-0.190575357385374),
(0.,-1.,0.),(0.,-1.,0.),(0.423218286158031,0.,-0.906027749167463),(0.,-1.,
0.),(0.753002465459776,0.,0.658017695059562),(0.,-1.,0.),(0.185819715964996,
0.,-0.982583855535337),(0.899498117908791,0.,-0.436924634094419),(0.,-1.,
0.),(0.,-1.,0.),(0.552304560587108,0.,-0.83364241276142),(0.820254689817301,
0.,-0.571998464886684),(0.263830829229234,0.,-0.964568967750992),(0.277624205324163,
0.,0.960689752531028),(0.,-1.,0.),(0.,-1.,0.),(0.277820231849079,0.,0.960633082282369),
(0.263773874050657,0.,-0.964584544437816),(0.,-1.,0.),(0.,-1.,0.),(0.860689234780696,
0.,-0.509130671962139),(0.926811566430753,0.,0.375526723856205),(0.,-1.,
0.),(0.895809510076802,0.,0.444438209041437),(0.659364878302901,0.,0.751823089071226),
(0.,-1.,0.),(0.,-1.,0.),(0.780778749593043,0.,-0.624807605734697),(0.518731869524163,
0.,-0.854936984543286),(0.550572170158878,0.,0.834787569053675),(0.,-1.,
0.),(0.,-1.,0.),(-0.946778093139703,0.,-0.321887002456991),(-0.271273927098289,
0.,0.962502185180206),(0.,-1.,0.),(0.,-1.,0.),(0.411392764201868,0.,-0.911458168849425),
(-0.271273927098289,0.,0.962502185180206),(0.,-1.,0.),(0.,-1.,0.),(-0.188868228905994,
0.,0.982002439971466),(0.,-1.,0.),(0.423218286158031,0.,-0.906027749167463),
(0.,-1.,0.),(0.185819715964996,0.,-0.982583855535337),(0.,-1.,0.),(-0.188868228905994,
0.,0.982002439971466),(0.,-1.,0.),(0.,0.,-1.),(-0.842863919864537,0.,-0.538126762566765),
(0.,0.,-1.),(-0.842863919864537,0.,-0.538126762566765),(0.,-1.,0.),(0.,
-1.,0.),(0.52011095155475,0.,0.854098705111308),(0.411392764201868,0.,-0.911458168849425),
(0.,-1.,0.),(0.,-1.,0.),(-0.0447134769397545,0.,-0.99899985234231),(0.,
-1.,0.),(0.297189789227388,0.,0.954818427335261),(0.,-1.,0.),(-0.192313756248756,
0.,0.981333490286301),(0.995033745254855,0.,0.0995381625513358),(0.,-1.,
0.),(-0.0447134769397545,0.,-0.99899985234231),(-0.197470752873894,0.,-0.980308778783204),
(0.,-1.,0.),(0.,-1.,0.),(0.336469538796872,0.,0.941694350339759),(0.,-1.,
0.),(0.29799946810425,0.,-0.954566035960627),(0.995033745254855,0.,0.0995381625513358),
(-0.192313756248756,0.,0.981333490286301),(0.,-1.,0.),(0.995033745254855,
0.,0.0995381625513358),(-0.93793404497577,0.,0.34681367803965),(0.,0.,1.),
(0.,1.,0.),(0.297189789227388,0.,0.954818427335261),(0.,-1.,0.),(0.,-1.,
0.),(0.29799946810425,0.,-0.954566035960627),(0.995033745254855,0.,0.0995381625513358),
(0.336469538796872,0.,0.941694350339759),(0.,-1.,0.),(0.842705257090809,
0.,0.538375194145787),(0.,0.,-1.),(0.,-1.,0.),(0.,-1.,0.),(0.842705257090809,
0.,0.538375194145787),(0.,0.,-1.),(0.,0.,-1.),(1.,0.,0.),(0.,-1.,0.),(0.,
-1.,0.),(0.,0.,-1.),(0.842705257090809,0.,0.538375194145787),(0.,-1.,0.),
(1.,0.,0.),(0.,0.,-1.),(0.263716917952344,0.,-0.964600117761612),(1.,0.,
0.),(0.,-1.,0.),(0.,-1.,0.),(-0.219738799008427,0.,-0.975558742572857),
(-0.216180081967164,0.,0.976353507783257),(0.,-1.,0.),(1.,0.,0.),(0.263716917952344,
0.,-0.964600117761612),(0.278016246806139,0.,0.960576372034951),(1.,0.,
0.),(0.,-1.,0.),(1.,0.,0.),(0.,-1.,0.),(0.278016246806139,0.,0.960576372034951),
(0.,-1.,0.),(-0.842708995406213,0.,0.53836934260919),(-0.60644266487764,
0.,0.795127218887711),(0.126438290088173,0.,0.991974474873007),(0.,-1.,
0.),(0.126438290088173,0.,0.991974474873007),(0.,-1.,0.),(0.,-1.,0.),(-0.00100856706778489,
0.,-0.999999491396105),(0.,-1.,0.),(-0.98395877178932,0.,0.178396007295152),
(-0.842708995406213,0.,0.53836934260919),(-0.00100856706778489,0.,-0.999999491396105),
(0.,-1.,0.),(0.,-1.,0.),(0.157411848241136,0.,0.987533042502027),(0.,-1.,
0.),(0.157411848241136,0.,0.987533042502027),(-0.980785013558679,0.,0.195091663529488),
(0.,-1.,0.),(-0.980785013558679,0.,-0.195091663529488),(-0.980785013558679,
0.,-0.195091663529488),(0.,1.,0.),(-0.980785013558679,0.,0.195091663529488),
(-0.056562358633984,0.,0.998399068301729),(0.,-1.,0.),(-0.056562358633984,
0.,0.998399068301729),(0.,-1.,0.),(0.,-1.,0.),(-0.00734102228782308,0.,
-0.99997305433285),(0.,-1.,0.),(-0.670572974585458,0.,-0.741843572295137),
(0.0758602704494177,0.,0.997118458041642),(-0.00734102228782308,0.,-0.99997305433285),
(0.,-1.,0.),(0.,-1.,0.),(-1.,0.,0.),(0.,0.,1.),(0.0393897375598847,0.,0.999223923139835),
(0.,-1.,0.),(0.,-1.,0.),(-0.192113580105819,0.,-0.981372697979175),(0.,
-1.,0.),(0.0393897375598847,0.,0.999223923139835),(0.,-1.,0.),(-0.192113580105819,
0.,-0.981372697979175),(0.201066940965355,0.,-0.979577503442599),(0.,-1.,
0.),(0.201066940965355,0.,-0.979577503442599),(0.,-1.,0.),(-0.168526989046965,
0.,0.985697039643908),(-0.543679690853821,0.,0.839292793816969),(0.,-1.,
0.),(-0.543679690853821,0.,0.839292793816969),(0.,-1.,0.),(-0.168526989046965,
0.,0.985697039643908),(0.,-1.,0.),(-0.998703556567493,0.,-0.0509038908084706),
(0.0758602704494177,0.,0.997118458041642),(-0.670572974585458,0.,-0.741843572295137),
(0.,-1.,0.),(0.,-1.,0.),(-0.787498463673699,0.,-0.616316614826798),(-0.946778093139703,
0.,-0.321887002456991),(0.,-1.,0.),(0.,-1.,0.),(-0.999967153122813,0.,0.00810510181655414),
(0.,-1.,0.),(0.998567913484754,0.,0.0534988052081953),(-0.98395877178932,
0.,0.178396007295152),(0.,-1.,0.),(-0.842708995406213,0.,0.53836934260919),
(0.,-1.,0.),(0.983086973415484,0.,-0.183139298624802),(-0.787498463673699,
0.,-0.616316614826798),(0.,-1.,0.),(0.,-1.,0.),(0.826426691574131,0.,0.563044335247089),
(0.981709446345795,0.,0.1903853013114),(-0.842708995406213,0.,0.53836934260919),
(0.,-1.,0.),(-0.60644266487764,0.,0.795127218887711),(0.,-1.,0.),(0.90426967192354,
0.,-0.426961778663258),(0.,-1.,0.),(0.143651390666993,0.,0.989628353453679),
(0.525749728767146,0.,0.850639302349281),(-0.440358293175633,0.,-0.897822128058472),
(0.,-1.,0.),(-0.440358293175633,0.,-0.897822128058472),(0.,-1.,0.),(0.,
-1.,0.),(0.557271415829569,0.,0.830330397552268),(0.826426691574131,0.,
0.563044335247089),(0.451667482209077,0.,-0.892186351338617),(0.,-1.,0.),
(0.,-1.,0.),(-0.473243334110153,0.,0.880931749183957),(0.451667482209077,
0.,-0.892186351338617),(0.,-1.,0.),(-0.543679690853821,0.,0.839292793816969),
(-0.830918646687062,0.,0.55639392752594),(0.,-1.,0.),(0.,-1.,0.),(-0.543679690853821,
0.,0.839292793816969),(-0.830918646687062,0.,0.55639392752594),(0.,-1.,
0.),(-0.98419886154906,0.,0.177066656729983),(0.,-1.,0.),(0.826233059886214,
0.,-0.563328439501383),(0.546569128647305,0.,-0.837413988186086),(-0.473243334110153,
0.,0.880931749183957),(0.,-1.,0.),(-0.574776554967479,0.,-0.818310400679178),
(-0.832033344117862,0.,-0.554725620713563),(0.,-1.,0.),(0.,-1.,0.),(0.655958485858654,
0.,0.754796969277184),(0.0245788976256301,0.,-0.999697893261514),(-0.574776554967479,
0.,-0.818310400679178),(0.,-1.,0.),(-0.832033344117862,0.,-0.554725620713563),
(0.,-1.,0.),(-0.832033344117862,0.,-0.554725620713563),(-0.983582292936638,
0.,-0.180460170180307),(0.998567913484754,0.,0.0534988052081953),(0.,-1.,
0.),(0.981709446345795,0.,0.1903853013114),(0.826426691574131,0.,0.563044335247089),
(0.,-1.,0.),(0.,-1.,0.),(0.983086973415484,0.,-0.183139298624802),(0.,-1.,
0.),(0.171799006009374,0.,-0.98513202238796),(0.546569128647305,0.,-0.837413988186086),
(0.,-1.,0.),(-0.0506301353082234,0.,0.998717472260635),(0.,-1.,0.),(0.0390056026290253,
0.,-0.999238991915121),(0.90426967192354,0.,-0.426961778663258),(0.,-1.,
0.),(0.,-1.,0.),(0.422703899383768,0.,0.906267848621895),(0.826426691574131,
0.,0.563044335247089),(0.557271415829569,0.,0.830330397552268),(0.,-1.,
0.),(0.,-1.,0.),(0.182629704005718,0.,0.983181769163151),(0.826233059886214,
0.,-0.563328439501383),(0.,-1.,0.),(0.546569128647305,0.,-0.837413988186086),
(0.,-1.,0.),(-0.0499051995029265,0.,-0.998753959222477),(0.,-1.,0.),(0.525749728767146,
0.,0.850639302349281),(0.143651390666993,0.,0.989628353453679),(-0.907617133683356,
0.,0.41979892644504),(0.,-1.,0.),(0.,-1.,0.),(0.584210492509295,0.,-0.811602181146679),
(0.834480769768744,0.,-0.551037063078487),(-0.907617133683356,0.,0.41979892644504),
(0.,-1.,0.),(0.,-1.,0.),(0.834480769768744,0.,-0.551037063078487),(0.983253536137899,
0.,-0.182242924889605),(-0.832033344117862,0.,-0.554725620713563),(-0.983582292936638,
0.,-0.180460170180307),(0.,-1.,0.),(0.,-1.,0.),(0.77145558745203,0.,0.636283173271966),
(0.,-1.,0.),(-0.215062257942695,0.,0.976600340573661),(0.584210492509295,
0.,-0.811602181146679),(0.,-1.,0.),(0.834480769768744,0.,-0.551037063078487),
(-0.216180081967164,0.,0.976353507783257),(-0.219738799008427,0.,-0.975558742572857),
(0.,-1.,0.),(0.,-1.,0.),(0.546569128647305,0.,-0.837413988186086),(0.171799006009374,
0.,-0.98513202238796),(0.,-1.,0.),(-0.215062257942695,0.,0.976600340573661),
(0.422703899383768,0.,0.906267848621895),(0.,-1.,0.),(0.0245788976256301,
0.,-0.999697893261514),(0.655958485858654,0.,0.754796969277184),(0.,-1.,
0.),(0.,-1.,0.),(0.77145558745203,0.,0.636283173271966),(-0.0499051995029265,
0.,-0.998753959222477),(0.,-1.,0.),(0.,-1.,0.),(-0.98419886154906,0.,0.177066656729983),
(0.,-1.,0.),(0.983253536138077,0.,-0.18224292488864),(0.984677174009636,
0.,0.174387106703443),(-0.998703556567493,0.,-0.0509038908084706),(0.,-1.,
0.),(0.,-1.,0.),(0.93949606978573,0.,0.34255968072318),(1.,0.,0.),(0.,0.,
1.),(0.,-1.,0.),(0.,0.,1.),(0.,-1.,0.),(1.,0.,0.),(0.,-1.,0.),(1.,0.,0.),
(0.,0.,1.),(1.,0.,0.),(0.,-1.,0.),(0.,0.,-1.),(0.,0.,-1.),(1.,0.,0.),(0.,
-1.,0.),(1.,0.,0.),(0.,-1.,0.),(0.,0.,-1.),(0.202510692477716,0.,-0.979280051584936),
(0.,-1.,0.),(0.,-1.,0.),(0.182629704005718,0.,0.983181769163151),(0.,-1.,
0.),(0.202510692477716,0.,-0.979280051584936),(-0.223911542668008,0.,-0.974609471049832),
(0.,-1.,0.),(-0.223911542668008,0.,-0.974609471049832),(0.,-1.,0.),(0.,
-1.,0.),(0.0390056026290253,0.,-0.999238991915121),(0.,-1.,0.),(0.0385709099608006,
0.,0.999255865584384),(0.834480769768744,0.,-0.551037063078487),(0.,-1.,
0.),(0.98325353613791,0.,-0.182242924889543),(0.,-1.,0.),(-0.995039535060159,
0.,-0.0994802677281443),(-0.295151655079994,0.,0.955450417606032),(0.,-1.,
0.),(0.19562119211521,0.,-0.980679534402255),(-0.995039535060159,0.,-0.0994802677281443),
(0.0385709099608006,0.,0.999255865584384),(0.,-1.,0.),(-1.,0.,0.),(0.,0.,
-1.),(0.,-1.,0.),(0.,-1.,0.),(-1.,0.,0.),(0.,0.,1.),(0.,-1.,0.),(1.,0.,
0.),(0.,0.,1.),(0.,0.,-1.),(1.,0.,0.),(0.,-1.,0.),(0.,0.,1.),(1.,0.,0.),
(0.,-1.,0.),(0.,-1.,0.),(0.,0.,-1.),(1.,0.,0.),(0.93949606978573,0.,0.34255968072318),
(0.,-1.,0.),(0.,-1.,0.),(-0.0506301353082234,0.,0.998717472260635),(0.983253536138089,
0.,-0.182242924888578),(0.,-1.,0.),(0.984677174009636,0.,0.174387106703443),
(0.,-1.,0.),(-0.834209237792307,0.,-0.551448046131255),(-0.562809618499417,
0.,-0.82658655525271),(0.,-1.,0.),(-0.446186782592116,0.,-0.894939861130398),
(0.,-1.,0.),(-0.452000553985897,0.,0.892017656325502),(0.,-1.,0.),(-0.595910804918001,
0.,0.803050628903296),(-0.853815299245069,0.,0.520576060508984),(0.,-1.,
0.),(-0.981672756466936,0.,-0.190574392851209),(-0.834209237792307,0.,-0.551448046131255),
(0.,-1.,0.),(-0.919946457363482,0.,0.392044022508162),(0.,-1.,0.),(-0.998297573084154,
0.,-0.0583262854490796),(0.,-1.,0.),(-0.986153643415012,0.,0.16583422921489),
(-0.219997489985482,0.,0.975500437929214),(-0.278298657354431,0.,-0.960494589945576),
(0.,-1.,0.),(0.,-1.,0.),(-0.219997489985482,0.,0.975500437929214),(-0.278298657354431,
0.,-0.960494589945576),(-0.185781301075839,0.,0.982591119525598),(-0.530825517668351,
0.,0.847481132410703),(0.,-1.,0.),(-0.530825517668351,0.,0.847481132410703),
(0.,-1.,0.),(-0.185781301075839,0.,0.982591119525598),(0.175401319996786,
0.,0.984497017234377),(0.512271937124021,0.,0.858823301055114),(0.,-1.,
0.),(0.,-1.,0.),(-0.213282184334235,0.,-0.97699063958956),(0.,-1.,0.),(0.512271937124021,
0.,0.858823301055114),(0.175401319996786,0.,0.984497017234377),(-0.213282184334235,
0.,-0.97699063958956),(0.,-1.,0.),(0.324202041982751,0.,-0.945987862487788),
(0.65890978425158,0.,-0.752221972703229),(0.,-1.,0.),(0.65890978425158,
0.,-0.752221972703229),(0.,-1.,0.),(0.324202041982751,0.,-0.945987862487788),
(-0.446186782592116,0.,-0.894939861130398),(0.,-1.,0.),(0.,-1.,0.),(-0.47049119952855,
0.,-0.882404686731766),(0.,-1.,0.),(-0.530825517668351,0.,0.847481132410703),
(-0.819276456981667,0.,0.573398715585906),(-0.47049119952855,0.,-0.882404686731766),
(0.,-1.,0.),(0.,-1.,0.),(-0.998888873572002,0.,-0.0471276803381771),(0.,
-1.,0.),(-0.979092700835041,0.,0.203414559880912),(-0.995039535060159,0.,
-0.0994802677281443),(0.19562119211521,0.,-0.980679534402255),(0.,-1.,0.),
(0.,-1.,0.),(-0.995039535060159,0.,-0.0994802677281443),(-0.295151655079994,
0.,0.955450417606032),(-0.452000553985897,0.,0.892017656325502),(0.,-1.,
0.),(0.,-1.,0.),(0.286776674176736,0.,-0.957997463017586),(0.,-1.,0.),(0.286776674176736,
0.,-0.957997463017586),(-0.530825517668351,0.,0.847481132410703),(0.,-1.,
0.),(-0.819276456981667,0.,0.573398715585906),(-0.562809618499417,0.,-0.82658655525271),
(-0.834209237792307,0.,-0.551448046131255),(0.,-1.,0.),(0.,-1.,0.),(0.818108540538097,
0.,0.575063836368299),(0.525749728767146,0.,0.850639302349281),(0.818108540538097,
0.,0.575063836368299),(0.525749728767146,0.,0.850639302349281),(0.,-1.,
0.),(0.,-1.,0.),(-0.727582255165057,0.,-0.686020453025221),(0.,-1.,0.),
(0.805603038424613,0.,0.592455689888308),(0.512271937124021,0.,0.858823301055114),
(-0.727582255165057,0.,-0.686020453025221),(0.,-1.,0.),(0.512271937124021,
0.,0.858823301055114),(0.805603038424613,0.,0.592455689888308),(0.,-1.,
0.),(0.,-1.,0.),(0.497992997106816,0.,-0.867181050780384),(0.,-1.,0.),(0.497992997106816,
0.,-0.867181050780384),(-0.595910804918001,0.,0.803050628903296),(0.,-1.,
0.),(-0.853815299245069,0.,0.520576060508984),(0.,-1.,0.),(0.611326374458006,
0.,-0.791378584428483),(0.85048619963163,0.,-0.525997361434586),(-0.8943483839922,
0.,0.447371174809622),(0.,-1.,0.),(0.,-1.,0.),(0.65890978425158,0.,-0.752221972703229),
(0.879752368610998,0.,-0.475432192771312),(-0.8943483839922,0.,0.447371174809622),
(0.,-1.,0.),(-0.834209237792307,0.,-0.551448046131255),(-0.981672756466936,
0.,-0.190574392851209),(0.,-1.,0.),(0.,-1.,0.),(0.897401346793579,0.,0.441215166073278),
(-0.833343538580868,0.,-0.552755413094723),(-0.982570245697002,0.,-0.1858916681052),
(0.,-1.,0.),(0.,-1.,0.),(0.887994940890879,0.,0.459853221095823),(-0.833343538580868,
0.,-0.552755413094723),(0.,-1.,0.),(-0.982570245697002,0.,-0.1858916681052),
(0.65890978425158,0.,-0.752221972703229),(0.,-1.,0.),(0.879752368610998,
0.,-0.475432192771312),(-0.919946457363482,0.,0.392044022508162),(0.,-1.,
0.),(0.,-1.,0.),(0.85048619963163,0.,-0.525997361434586),(0.985606725780578,
0.,-0.169054376151844),(-0.979092700835041,0.,0.203414559880912),(0.,-1.,
0.),(0.,-1.,0.),(0.948474857099845,0.,-0.316852403256515),(0.,-1.,0.),(0.85048619963163,
0.,-0.525997361434586),(0.611326374458006,0.,-0.791378584428483),(-0.998888873572002,
0.,-0.0471276803381771),(0.,-1.,0.),(0.,-1.,0.),(0.978081864146357,0.,0.208220717096034),
(-0.998297573084154,0.,-0.0583262854490796),(0.,-1.,0.),(0.,-1.,0.),(0.980834249894429,
0.,0.194843974076779),(-0.986153643415012,0.,0.16583422921489),(0.,-1.,
0.),(0.,-1.,0.),(0.999669669505407,0.,-0.0257012036867987),(0.,-1.,0.),
(0.999222031082651,0.,-0.0394377052966172),(0.887994940890879,0.,0.459853221095823),
(0.,-1.,0.),(0.,-1.,0.),(0.897401346793579,0.,0.441215166073278),(0.948474857099845,
0.,-0.316852403256515),(0.,-1.,0.),(0.,-1.,0.),(0.985606725780578,0.,-0.169054376151844),
(0.85048619963163,0.,-0.525997361434586),(0.978081864146357,0.,0.208220717096034),
(0.,-1.,0.),(0.,-1.,0.),(0.980834249894429,0.,0.194843974076779),(0.,-1.,
0.),(0.999222031082651,0.,-0.0394377052966172),(0.,-1.,0.),(0.999669669505407,
0.,-0.0257012036867987)),$,(1,1,1,2,2,2,4,4,4,44,44,44,3,3,3,1355,1355,
1355,35,35,35,43,43,43,55,55,55,101,101,101,133,133,133,159,159,159,1353,
1353,1353,1354,1354,1354,56,56,56,180,180,180,69,69,69,71,71,71,72,72,72,
97,97,97,98,98,98,108,108,108,114,114,114,346,346,346,593,593,593,14,14,
14,6,6,6,5,5,5,36,36,36,7,7,7,8,8,8,9,9,9,10,10,10,11,11,11,12,12,12,13,
13,13,45,45,45,57,57,57,103,103,103,135,135,135,161,161,161,53,53,53,65,
65,65,73,73,73,70,70,70,74,74,74,100,100,100,110,110,110,116,116,116,348,
348,348,595,595,595,1356,1356,1356,16,16,16,15,15,15,81,81,81,46,46,46,
58,58,58,104,104,104,37,37,48,48,47,47,18,18,18,17,17,17,49,49,52,52,51,
51,20,20,20,19,19,19,85,85,85,92,92,92,84,84,84,22,22,22,21,21,21,32,32,
32,33,33,33,31,31,31,24,24,24,23,23,23,96,96,96,200,200,200,88,88,88,182,
182,182,89,89,89,26,26,26,28,28,38,38,30,30,50,50,41,41,41,93,93,93,34,
34,34,42,42,42,25,25,25,29,29,27,27,90,90,90,82,82,82,64,64,64,83,83,83,
91,91,91,61,61,61,40,40,40,39,39,39,87,87,87,94,94,94,86,86,86,95,95,95,
62,62,62,63,63,63,54,54,54,59,59,59,66,66,66,60,60,60,68,68,102,102,102,
194,194,194,195,195,195,67,67,77,77,105,105,105,80,80,80,99,99,99,79,79,
79,76,76,76,75,75,75,78,78,112,112,112,106,106,106,109,109,109,120,120,
120,111,111,111,136,136,136,217,217,217,197,197,197,181,181,181,198,198,
198,218,218,218,199,199,199,219,219,219,248,248,248,249,249,249,107,107,
107,196,196,196,134,134,134,179,179,179,220,220,220,115,115,115,113,113,
113,216,216,216,117,117,117,125,125,125,246,246,246,128,128,128,126,126,
126,122,122,122,127,127,127,119,119,119,118,118,118,121,121,121,124,124,
124,123,123,123,130,130,130,129,129,129,139,139,139,323,323,323,138,138,
138,137,137,137,308,308,308,324,324,324,142,142,142,140,140,140,310,310,
310,326,326,326,132,132,132,131,131,131,145,145,145,144,144,144,143,143,
143,146,146,146,160,160,160,213,213,213,193,193,193,162,162,162,147,147,
147,289,289,289,307,307,307,150,150,150,148,148,148,153,153,153,149,149,
149,141,141,141,154,154,154,158,158,158,156,156,156,155,155,155,250,250,
250,151,151,151,286,286,286,152,152,152,290,290,290,285,285,285,164,164,
164,291,291,291,292,292,292,166,166,166,157,157,157,163,163,163,165,165,
165,169,169,169,779,779,779,170,170,170,269,269,269,243,243,243,171,171,
171,781,781,781,172,172,172,273,273,273,247,247,247,167,167,175,175,175,
185,185,185,207,207,223,223,173,173,177,177,187,187,187,209,209,209,174,
174,168,168,184,184,184,176,176,176,227,227,227,721,721,721,749,749,749,
230,230,230,228,228,228,299,299,299,229,229,229,723,723,723,751,751,751,
303,303,303,178,178,190,190,190,192,192,186,186,186,202,202,188,188,188,
204,204,204,189,189,189,183,183,183,240,240,240,191,191,239,239,239,206,
206,208,208,210,210,210,212,212,203,203,203,201,201,214,214,214,215,215,
215,205,205,211,211,222,222,222,221,221,221,224,224,238,238,237,237,226,
226,225,225,245,245,245,244,244,244,232,232,231,231,235,235,276,276,276,
236,236,233,233,234,234,251,251,251,252,252,252,722,722,722,315,315,315,
724,724,724,319,319,319,254,254,253,253,255,255,256,256,261,261,261,311,
311,311,262,262,262,258,258,257,257,309,309,309,242,242,242,241,241,241,
295,295,295,259,259,265,265,265,277,277,277,281,281,281,263,263,279,279,
279,297,297,297,271,271,271,274,274,274,270,270,270,275,275,275,272,272,
272,707,707,707,708,708,708,260,260,264,264,268,268,267,267,266,266,266,
284,284,284,283,283,283,280,280,280,282,282,282,278,278,278,288,288,298,
298,298,296,296,296,312,312,312,325,325,325,301,301,301,304,304,304,300,
300,300,306,306,306,302,302,302,345,345,345,305,305,305,331,331,331,293,
293,293,294,294,294,287,287,317,317,317,320,320,320,316,316,316,322,322,
322,318,318,318,572,572,572,349,349,349,321,321,321,381,381,355,355,355,
359,359,359,373,373,373,314,314,314,313,313,313,330,330,330,328,328,328,
329,329,329,332,332,332,333,333,333,637,637,637,638,638,638,338,338,338,
334,334,334,616,616,616,335,335,335,639,639,639,340,340,340,336,336,336,
618,618,618,640,640,640,337,337,337,641,641,641,642,642,642,620,620,620,
339,339,339,643,643,643,622,622,622,397,397,644,644,644,347,347,347,327,
327,327,353,353,353,354,354,354,358,358,358,356,356,356,341,341,341,615,
615,615,343,343,343,611,611,611,342,342,342,617,617,617,344,344,344,612,
612,612,619,619,619,613,613,613,621,621,621,614,614,614,352,352,352,350,
350,350,351,351,351,363,363,363,366,366,366,364,364,364,552,552,552,569,
569,569,360,360,360,374,374,374,365,365,365,554,554,554,571,571,571,362,
362,362,357,357,357,361,361,361,367,367,367,523,523,523,551,551,551,370,
370,370,368,368,368,369,369,369,387,387,371,371,371,509,509,509,372,372,
372,524,524,524,510,510,510,393,393,409,409,409,525,525,525,526,526,526,
376,376,376,375,375,375,388,388,379,379,379,382,382,380,380,380,378,378,
378,377,377,377,383,383,384,384,385,385,386,386,390,390,398,398,419,419,
389,389,413,413,413,391,391,411,411,417,417,392,392,394,394,396,396,395,
395,401,401,407,407,399,399,403,403,403,400,400,410,410,410,402,402,406,
406,405,405,475,475,485,485,404,404,404,408,408,416,416,422,422,412,412,
415,415,453,453,414,414,414,424,424,421,421,449,449,449,471,471,471,418,
418,426,426,420,420,428,428,423,423,445,445,430,430,425,425,439,439,427,
427,435,435,442,442,429,429,431,431,431,433,433,437,437,443,443,434,434,
432,432,432,451,451,451,447,447,452,452,452,440,440,455,455,455,438,438,
436,436,458,458,441,441,444,444,464,464,450,450,450,446,446,462,462,448,
448,466,466,454,454,468,468,460,460,459,459,470,470,470,472,472,472,474,
474,474,456,456,456,507,507,478,478,476,476,473,473,473,457,457,463,463,
461,461,467,467,469,469,469,480,480,508,508,479,479,493,493,465,465,477,
477,498,498,497,497,553,553,553,482,482,488,488,481,481,484,484,486,486,
483,483,494,494,491,491,487,487,492,492,489,489,490,490,495,495,496,496,
513,513,513,680,680,680,500,500,514,514,514,499,499,529,529,501,501,511,
511,511,521,521,521,531,531,531,530,530,505,505,505,504,504,506,506,506,
503,503,502,502,512,512,512,520,520,519,519,570,570,570,517,517,517,518,
518,518,516,516,515,515,522,522,522,542,542,542,541,541,541,597,597,605,
605,527,527,533,533,528,528,539,539,537,537,545,545,545,544,544,534,534,
550,550,543,543,532,532,532,556,556,548,548,536,536,536,535,535,535,560,
560,546,546,546,558,558,558,557,557,557,538,538,562,562,540,540,564,564,
566,566,547,547,579,579,579,549,549,581,581,581,599,599,599,567,567,559,
559,555,555,575,575,575,561,561,563,563,573,573,565,565,577,577,574,574,
568,568,584,584,576,576,576,586,586,594,594,594,596,596,596,676,676,676,
578,578,588,588,580,580,580,592,592,592,582,582,582,590,590,602,602,602,
598,598,600,600,600,604,604,604,583,583,587,587,585,585,665,665,665,669,
669,669,591,591,591,589,589,608,608,667,667,603,603,603,601,601,601,609,
609,631,631,631,698,698,698,634,634,634,632,632,632,910,910,910,629,629,
633,633,633,912,912,912,610,610,606,606,630,630,607,607,627,627,626,626,
628,628,623,623,624,624,625,625,646,646,646,663,663,645,645,645,635,635,
655,655,655,636,636,652,652,652,703,703,703,702,702,702,651,651,651,648,
648,647,647,657,657,657,901,901,901,719,719,719,660,660,660,658,658,658,
890,890,890,902,902,902,704,704,704,659,659,659,892,892,892,904,904,904,
649,649,649,650,650,650,673,673,673,675,675,675,678,678,678,674,674,674,
677,677,677,679,679,679,653,653,653,662,662,654,654,654,661,661,672,672,
656,656,656,671,671,681,681,681,664,664,666,666,666,684,684,685,685,685,
889,889,889,688,688,688,686,686,686,687,687,687,682,682,682,668,668,690,
690,690,689,689,689,670,670,670,692,692,692,691,691,691,683,683,699,699,
699,695,695,695,750,750,750,697,697,697,700,700,700,696,696,696,701,701,
701,752,752,752,693,693,693,861,861,861,867,867,867,694,694,694,868,868,
868,746,746,746,870,870,870,862,862,862,713,713,713,780,780,780,718,718,
718,716,716,716,714,714,714,720,720,720,715,715,715,782,782,782,717,717,
717,709,709,709,706,706,706,705,705,705,748,748,748,712,712,712,711,711,
711,710,710,710,745,745,745,801,801,757,757,763,763,767,767,775,775,747,
747,747,725,725,725,1021,1021,730,730,730,726,726,726,727,727,727,732,732,
732,728,728,728,909,909,909,729,729,729,731,731,731,815,815,811,811,733,
733,733,894,894,894,738,738,738,734,734,734,1011,1011,1011,1028,1028,735,
735,735,1022,1022,1031,1031,1031,1026,1026,740,740,740,736,736,736,1024,
1024,1024,737,737,737,896,896,896,739,739,739,993,993,993,897,897,897,913,
913,929,929,741,741,741,1016,1016,1016,1013,1013,1013,1014,1014,1014,1015,
1015,1015,743,743,743,1018,1018,1018,1019,1019,1019,1020,1020,1020,742,
742,742,1023,1023,1023,1030,1030,1030,744,744,744,992,992,992,950,950,950,
1049,1049,1049,1017,1017,1017,761,761,755,755,753,753,753,759,759,771,771,
771,797,797,797,869,869,869,756,756,754,754,754,774,774,774,765,765,769,
769,773,773,773,762,762,778,778,778,760,760,758,758,784,784,764,764,766,
766,790,790,772,772,772,768,768,788,788,770,770,792,792,776,776,794,794,
786,786,785,785,796,796,796,798,798,798,800,800,800,777,777,777,833,833,
804,804,802,802,799,799,799,893,893,893,895,895,895,783,783,789,789,787,
787,793,793,795,795,795,805,805,834,834,806,806,820,820,791,791,803,803,
824,824,823,823,808,808,814,814,807,807,810,810,812,812,809,809,819,819,
817,817,813,813,818,818,816,816,821,821,822,822,837,837,837,826,826,838,
838,838,825,825,849,849,827,827,835,835,835,845,845,845,851,851,851,850,
850,831,831,831,830,830,832,832,832,829,829,891,891,891,828,828,836,836,
836,844,844,843,843,841,841,841,842,842,842,839,839,840,840,846,846,846,
864,864,864,863,863,863,848,848,853,853,847,847,859,859,857,857,872,872,
872,866,866,854,854,876,876,865,865,898,898,898,903,903,903,852,852,852,
878,878,874,874,856,856,856,855,855,855,882,882,871,871,871,879,879,879,
880,880,880,858,858,884,884,860,860,886,886,888,888,873,873,875,875,881,
881,877,877,883,883,885,885,887,887,947,947,947,948,948,948,1012,1012,1012,
949,949,949,900,900,900,899,899,899,920,920,911,911,911,919,919,908,908,
908,907,907,907,914,914,906,906,906,905,905,905,915,915,916,916,917,917,
918,918,931,931,931,934,934,934,932,932,932,925,925,933,933,933,922,922,
930,930,921,921,959,959,953,953,953,923,923,951,951,957,957,924,924,926,
926,927,927,937,937,943,943,928,928,935,935,939,939,939,936,936,946,946,
946,975,975,975,945,945,945,942,942,938,938,941,941,963,963,963,1344,1344,
1344,966,966,966,964,964,964,965,965,965,940,940,940,944,944,956,956,962,
962,952,952,955,955,954,954,954,968,968,961,961,989,989,989,990,990,990,
991,991,991,958,958,970,970,960,960,972,972,967,967,974,974,969,969,977,
977,977,980,980,980,978,978,978,983,983,983,979,979,979,1128,1128,1128,
971,971,973,973,984,984,984,976,976,976,986,986,986,988,988,988,994,994,
994,981,981,981,982,982,982,1163,1163,1163,985,985,985,1095,1095,1095,1096,
1096,1096,1088,1088,1088,996,996,987,987,987,1087,1087,1087,995,995,1047,
1047,1123,1123,1123,1126,1126,1126,1337,1337,1337,1124,1124,1124,1125,1125,
1125,1036,1036,1036,1050,1050,1050,1035,1035,1035,997,997,997,998,998,998,
1158,1158,1158,1325,1325,1325,1203,1203,1203,1159,1159,1159,999,999,999,
1000,1000,1000,1157,1157,1157,1340,1340,1340,1204,1204,1204,1328,1328,1328,
1001,1001,1001,1002,1002,1002,1239,1239,1329,1329,1329,1240,1240,1008,1008,
1008,1003,1003,1003,1059,1059,1059,1248,1248,1111,1111,1247,1247,1190,1190,
1107,1107,1189,1189,1004,1004,1004,1005,1005,1005,1236,1236,1335,1335,1335,
1332,1332,1332,1027,1027,1009,1009,1063,1063,1032,1032,1032,1061,1061,1053,
1053,1025,1025,1010,1010,1065,1065,1065,1029,1029,1029,1057,1057,1054,1054,
1006,1006,1006,1007,1007,1007,1043,1043,1103,1103,1103,1334,1334,1334,1160,
1160,1160,1341,1341,1341,1238,1238,1038,1038,1052,1052,1092,1092,1132,1132,
1225,1225,1225,1040,1040,1040,1044,1044,1033,1033,1034,1034,1037,1037,1069,
1069,1039,1039,1039,1067,1067,1042,1042,1042,1041,1041,1041,1071,1071,1045,
1045,1045,1081,1081,1046,1046,1046,1048,1048,1051,1051,1073,1073,1073,1078,
1078,1078,1085,1085,1085,1077,1077,1077,1080,1080,1076,1076,1083,1083,1083,
1075,1075,1079,1079,1089,1089,1089,1097,1097,1090,1090,1090,1164,1164,1164,
1091,1091,1101,1101,1055,1055,1064,1064,1056,1056,1066,1066,1066,1062,1062,
1144,1144,1058,1058,1106,1106,1082,1082,1120,1120,1068,1068,1086,1086,1086,
1060,1060,1060,1112,1112,1108,1108,1072,1072,1070,1070,1074,1074,1074,1084,
1084,1084,1102,1102,1146,1146,1094,1094,1099,1099,1093,1093,1134,1134,1105,
1105,1119,1119,1133,1133,1110,1110,1110,1109,1109,1109,1098,1098,1100,1100,
1137,1137,1115,1115,1114,1114,1114,1138,1138,1131,1131,1121,1121,1117,1117,
1117,1113,1113,1113,1127,1127,1127,1116,1116,1118,1118,1118,1122,1122,1150,
1150,1150,1104,1104,1104,1333,1333,1333,1149,1149,1149,1336,1336,1336,1331,
1331,1331,1286,1286,1286,1343,1343,1343,1342,1342,1342,1330,1330,1330,1168,
1168,1168,1130,1130,1129,1129,1136,1136,1148,1148,1148,1135,1135,1142,1142,
1141,1141,1153,1153,1153,1154,1154,1154,1140,1140,1139,1139,1207,1207,1175,
1175,1175,1208,1208,1226,1226,1226,1182,1182,1151,1151,1181,1181,1152,1152,
1161,1161,1162,1162,1166,1166,1166,1165,1165,1165,1212,1212,1176,1176,1176,
1155,1155,1145,1145,1143,1143,1171,1171,1147,1147,1147,1173,1173,1156,1156,
1177,1177,1177,1167,1167,1167,1179,1179,1268,1268,1268,1169,1169,1170,1170,
1195,1195,1195,1187,1187,1192,1192,1188,1188,1184,1184,1184,1183,1183,1183,
1210,1210,1193,1193,1193,1191,1191,1185,1185,1185,1197,1197,1197,1186,1186,
1186,1202,1202,1202,1172,1172,1178,1178,1178,1174,1174,1216,1216,1216,1242,
1242,1246,1246,1180,1180,1219,1219,1196,1196,1196,1230,1230,1194,1194,1194,
1213,1213,1267,1267,1267,1200,1200,1217,1217,1217,1199,1199,1231,1231,1231,
1201,1201,1201,1227,1227,1222,1222,1218,1218,1218,1288,1288,1288,1215,1215,
1215,1221,1221,1220,1220,1198,1198,1198,1228,1228,1214,1214,1209,1209,1237,
1237,1237,1211,1211,1233,1233,1205,1205,1205,1338,1338,1338,1326,1326,1326,
1206,1206,1206,1327,1327,1327,1339,1339,1339,1249,1249,1229,1229,1250,1250,
1251,1251,1252,1252,1245,1245,1244,1244,1232,1232,1232,1260,1260,1260,1262,
1262,1262,1243,1243,1223,1223,1223,1224,1224,1224,1254,1254,1254,1253,1253,
1253,1256,1256,1256,1255,1255,1255,1234,1234,1241,1241,1235,1235,1235,1280,
1280,1280,1266,1266,1276,1276,1290,1290,1290,1298,1298,1298,1300,1300,1308,
1308,1304,1304,1287,1287,1287,1285,1285,1285,1264,1264,1264,1263,1263,1263,
1272,1272,1272,1258,1258,1271,1271,1271,1257,1257,1283,1283,1283,1284,1284,
1284,1265,1265,1269,1269,1278,1278,1278,1270,1270,1307,1307,1302,1302,1261,
1261,1261,1259,1259,1259,1275,1275,1273,1273,1274,1274,1277,1277,1277,1279,
1279,1279,1311,1311,1311,1312,1312,1312,1281,1281,1309,1309,1309,1282,1282,
1310,1310,1310,1294,1294,1293,1293,1289,1289,1289,1315,1315,1315,1292,1292,
1313,1313,1313,1291,1291,1297,1297,1297,1319,1319,1295,1295,1295,1317,1317,
1296,1296,1296,1314,1314,1314,1299,1299,1321,1321,1321,1301,1301,1323,1323,
1316,1316,1316,1305,1305,1345,1345,1306,1306,1347,1347,1303,1303,1349,1349,
1350,1350,1318,1318,1320,1320,1324,1324,1322,1322,1322,1346,1346,1348,1348,
1352,1352,1351,1351),((1,5,7),(4,3,10),(13,1,7),(17,2,15),(19,3,22),(10,
3,19),(22,3,25),(28,25,3),(31,28,3),(34,31,3),(37,34,3),(17,38,2),(8,6,
40),(4,10,43),(4,43,46),(49,4,52),(55,4,49),(52,4,58),(61,4,55),(58,4,46),
(65,4,61),(67,4,65),(70,4,67),(4,70,73),(4,73,41),(14,9,76),(79,83,14),
(83,85,14),(88,79,14),(91,88,14),(95,91,14),(14,97,95),(14,101,97),(14,
103,101),(14,107,103),(14,76,107),(85,109,14),(109,113,14),(115,14,113),
(119,14,115),(121,14,119),(16,14,121),(9,124,76),(9,127,124),(130,127,9),
(133,130,9),(136,133,9),(139,136,9),(142,139,9),(145,142,9),(148,145,9),
(9,151,148),(9,154,151),(8,40,155),(157,82,81),(157,161,82),(162,163,84),
(83,166,85),(169,166,83),(83,172,169),(83,165,172),(88,175,79),(177,158,
80),(180,79,175),(177,80,179),(181,89,93),(181,185,89),(186,176,90),(187,
91,95),(189,182,92),(192,91,187),(189,92,191),(193,94,99),(193,197,94),
(198,188,96),(101,199,97),(203,194,98),(205,97,199),(203,98,207),(208,100,
105),(208,212,100),(213,200,102),(215,103,107),(218,209,104),(215,220,103),
(218,104,222),(223,106,78),(223,227,106),(228,214,108),(229,224,77),(124,
232,76),(229,77,235),(238,236,76),(232,238,76),(178,160,159),(241,160,178),
(162,243,163),(244,184,183),(247,184,244),(249,184,247),(186,250,176),(251,
244,183),(183,190,251),(253,196,195),(198,254,188),(204,253,195),(219,211,
210),(255,211,219),(258,211,255),(213,260,200),(261,226,225),(228,263,214),
(265,261,225),(231,265,225),(267,248,246),(271,268,245),(267,272,248),(270,
273,269),(271,245,252),(274,248,272),(278,273,270),(274,272,279),(247,280,
249),(247,276,280),(252,283,271),(278,270,285),(287,251,190),(252,288,283),
(262,221,216),(262,217,221),(255,219,261),(255,261,265),(24,87,20),(21,
86,168),(21,168,11),(24,110,87),(289,176,250),(291,180,175),(289,250,282),
(256,292,296),(298,295,294),(302,257,297),(298,304,295),(302,297,306),(256,
266,292),(264,299,293),(258,255,303),(264,307,299),(308,265,231),(27,111,
23),(12,167,171),(12,171,44),(27,112,111),(179,281,177),(179,290,281),(241,
178,280),(310,188,254),(312,192,187),(310,254,314),(204,313,253),(191,315,
189),(191,311,315),(287,190,313),(316,319,126),(322,317,125),(321,232,124),
(322,125,129),(316,326,319),(328,325,318),(324,328,318),(26,116,114),(30,
116,26),(45,170,174),(45,174,330),(333,43,332),(46,43,336),(336,43,333),
(327,339,320),(341,321,340),(341,343,321),(343,232,321),(327,329,339),(276,
241,280),(204,287,313),(346,323,128),(130,349,127),(346,128,352),(349,353,
127),(324,355,328),(324,348,355),(359,339,329),(360,341,340),(359,329,357),
(50,131,135),(51,134,138),(54,131,50),(51,138,56),(60,132,53),(57,137,141),
(57,141,62),(60,350,132),(342,358,356),(342,356,362),(348,361,355),(362,
344,342),(348,363,361),(362,366,344),(361,363,367),(364,347,354),(369,353,
349),(369,372,353),(364,354,375),(376,353,372),(242,277,164),(278,378,165),
(378,172,165),(381,278,285),(242,275,277),(381,378,278),(286,206,284),(384,
285,205),(384,381,285),(387,205,199),(286,202,206),(387,384,205),(259,305,
201),(390,199,304),(390,387,199),(390,304,298),(259,301,305),(309,237,300),
(393,298,236),(393,390,298),(309,230,237),(238,396,236),(396,400,236),(402,
393,236),(405,236,400),(405,402,236),(408,351,59),(409,58,411),(58,46,411),
(63,140,144),(63,144,64),(408,370,351),(33,117,29),(331,173,380),(331,380,
414),(417,332,416),(333,332,417),(33,118,117),(368,377,345),(376,420,343),
(343,420,232),(368,365,377),(410,423,371),(426,423,410),(427,409,429),(409,
411,429),(66,143,147),(66,147,68),(425,372,369),(372,432,376),(432,420,
376),(435,424,428),(436,427,438),(427,429,438),(69,146,441),(69,441,445),
(70,67,446),(425,447,372),(450,447,425),(435,451,424),(148,442,145),(453,
433,374),(453,457,433),(458,459,434),(461,420,432),(462,454,373),(462,373,
449),(466,456,455),(458,467,459),(466,455,464),(465,448,460),(468,461,447),
(468,472,461),(472,420,461),(465,463,448),(450,468,447),(474,452,437),(477,
475,436),(477,436,438),(444,443,480),(444,480,484),(486,446,485),(490,446,
486),(70,446,490),(450,492,468),(474,495,452),(497,492,450),(498,481,442),
(501,498,442),(148,501,442),(504,471,470),(504,508,471),(509,510,473),(512,
420,472),(513,505,469),(513,469,494),(507,506,517),(519,507,517),(509,521,
510),(517,506,515),(36,120,32),(415,379,522),(525,416,524),(417,416,529),
(529,416,525),(36,122,120),(522,379,531),(381,532,378),(534,496,476),(537,
535,475),(537,475,540),(477,540,475),(483,482,543),(483,543,547),(486,485,
548),(497,549,492),(534,552,496),(554,549,497),(498,544,481),(516,493,556),
(549,555,492),(558,518,557),(558,557,551),(516,514,493),(519,517,561),(560,
561,517),(520,565,511),(512,566,567),(567,570,512),(512,570,420),(520,563,
565),(573,553,536),(576,574,535),(576,535,537),(546,545,579),(546,579,575),
(582,548,574),(486,548,582),(573,581,553),(585,554,580),(554,588,549),(591,
588,554),(585,591,554),(594,580,544),(498,594,544),(582,574,576),(594,585,
580),(597,559,550),(597,550,590),(561,560,599),(562,568,564),(562,601,568),
(602,603,569),(605,570,567),(607,600,561),(602,608,603),(607,561,599),(609,
123,35),(612,610,34),(37,612,34),(523,533,615),(618,524,617),(622,525,524),
(618,622,524),(609,624,123),(627,121,626),(16,121,627),(615,533,630),(633,
631,532),(636,532,381),(633,532,636),(606,589,604),(605,588,639),(639,641,
605),(641,645,605),(647,605,645),(649,605,647),(649,570,605),(606,598,589),
(639,588,651),(653,651,588),(655,653,588),(658,655,588),(591,658,588),(640,
661,664),(642,640,664),(640,652,661),(662,665,663),(642,664,668),(665,669,
663),(671,625,611),(674,672,610),(674,610,677),(612,677,610),(616,632,680),
(616,680,684),(686,617,685),(686,618,617),(671,689,625),(692,626,691),(692,
696,626),(627,626,696),(698,681,631),(698,631,633),(652,701,661),(652,654,
701),(703,662,702),(703,665,662),(644,643,670),(665,706,669),(644,670,708),
(711,709,669),(706,711,669),(654,713,701),(654,657,713),(715,716,702),(716,
703,702),(418,385,389),(419,388,392),(530,385,418),(419,392,334),(47,397,
240),(48,239,234),(338,397,47),(48,234,412),(720,722,666),(724,707,667),
(725,723,721),(724,728,707),(730,729,723),(725,730,723),(720,666,705),(648,
646,710),(711,733,709),(733,735,709),(648,710,736),(656,737,714),(656,660,
737),(740,716,715),(739,740,715),(742,719,704),(725,721,744),(742,704,718),
(728,712,707),(728,746,712),(730,745,729),(527,386,528),(336,333,747),(335,
391,395),(335,395,748),(750,398,337),(336,747,751),(413,233,422),(413,422,
430),(527,382,386),(750,399,398),(746,734,712),(746,753,734),(730,754,745),
(756,743,717),(755,725,744),(756,717,741),(753,757,734),(753,761,757),(730,
760,754),(759,735,733),(650,648,736),(759,763,735),(650,736,764),(659,765,
738),(659,767,765),(591,768,658),(769,740,739),(766,769,739),(772,756,741),
(771,725,755),(772,741,770),(623,383,526),(773,751,747),(749,394,404),(773,
747,776),(749,404,777),(775,401,752),(431,421,572),(431,572,439),(623,637,
383),(775,406,401),(762,779,758),(762,781,779),(730,782,760),(780,763,759),
(784,650,764),(783,785,649),(649,785,570),(780,788,763),(784,764,789),(790,
772,770),(791,725,771),(790,770,792),(766,793,769),(794,690,673),(674,795,
672),(683,682,797),(683,797,796),(800,685,795),(803,686,685),(800,803,685),
(794,799,690),(692,691,798),(806,798,681),(809,681,698),(806,681,809),(781,
812,779),(730,815,782),(781,814,812),(813,788,780),(817,790,792),(816,725,
791),(766,818,793),(817,792,819),(820,784,789),(823,783,822),(823,785,783),
(813,826,788),(820,789,828),(767,829,765),(767,831,829),(833,832,768),(591,
833,768),(830,818,766),(836,731,727),(836,840,731),(841,842,732),(730,845,
815),(730,847,845),(850,847,730),(730,844,850),(853,837,726),(856,725,816),
(856,858,725),(853,726,860),(855,839,838),(861,839,855),(841,863,842),(621,
634,638),(620,634,621),(864,773,776),(778,403,867),(864,776,870),(778,867,
871),(774,873,407),(866,873,774),(440,571,787),(440,787,876),(477,438,878),
(875,402,405),(875,868,402),(879,795,674),(800,795,879),(883,692,798),(806,
883,798),(814,885,812),(814,846,885),(886,826,813),(857,817,819),(830,887,
818),(857,819,888),(831,889,829),(831,891,889),(833,892,832),(890,887,830),
(846,893,885),(846,849,893),(896,826,886),(895,896,886),(900,821,827),(823,
822,901),(900,827,898),(902,857,888),(904,858,856),(890,906,887),(902,888,
907),(848,908,894),(848,852,908),(910,911,895),(911,896,895),(891,913,889),
(891,917,913),(919,916,892),(922,892,833),(922,919,892),(915,906,890),(688,
635,619),(925,864,870),(872,869,928),(925,870,931),(872,928,932),(927,874,
865),(877,786,934),(877,934,938),(940,878,939),(940,477,878),(688,699,635),
(943,868,875),(943,929,868),(927,944,874),(946,935,785),(946,785,823),(949,
909,851),(844,950,850),(952,911,910),(954,909,949),(905,859,903),(905,854,
859),(915,855,906),(915,861,855),(955,899,897),(823,901,956),(955,897,912),
(577,592,587),(578,586,596),(539,592,577),(578,596,583),(951,955,912),(950,
823,956),(951,912,953),(542,593,538),(584,595,500),(584,500,487),(542,834,
593),(844,823,950),(862,918,843),(919,844,916),(919,823,844),(862,914,918),
(805,700,687),(957,925,931),(933,930,960),(957,931,963),(933,960,964),(959,
945,926),(937,936,966),(937,966,970),(972,939,971),(975,940,939),(972,975,
939),(805,810,700),(978,929,943),(978,961,929),(959,979,945),(981,967,935),
(983,935,946),(987,935,983),(989,935,987),(981,935,989),(479,835,541),(488,
499,503),(488,503,489),(479,923,835),(992,824,921),(992,996,824),(997,947,
825),(998,993,920),(922,1002,919),(998,920,1003),(995,994,1004),(1007,995,
1004),(997,1009,947),(1004,994,1000),(1010,811,804),(1013,1011,803),(1013,
803,800),(957,963,1016),(965,962,1019),(965,1019,1023),(1025,963,1024),
(1016,963,1025),(1028,980,958),(1031,1029,957),(1031,957,1016),(969,968,
1034),(969,1034,1038),(1040,971,1039),(972,971,1044),(1044,971,1040),(1010,
1046,811),(1049,809,1048),(1049,806,809),(978,1052,961),(1056,1020,961),
(1052,1056,961),(1028,1058,980),(1061,978,1060),(1061,1052,978),(1064,1035,
967),(1067,967,981),(1067,1069,967),(1069,1064,967),(478,1072,924),(942,
1072,478),(491,502,150),(491,150,71),(1074,1002,922),(1005,1001,1076),(1078,
1075,1002),(1082,1006,1077),(1082,1077,1080),(1005,999,1001),(1074,1078,
1002),(1007,1004,1084),(1083,1084,1004),(1008,1088,948),(946,1089,983),
(1008,1086,1088),(1090,1047,1012),(1093,1091,1011),(1093,1011,1013),(1022,
1021,1096),(1022,1096,1092),(1099,1024,1091),(1025,1024,1099),(1102,1059,
1030),(1105,1103,1029),(1105,1029,1031),(1037,1036,1108),(1037,1108,1104),
(1111,1039,1103),(1040,1039,1111),(1090,1098,1047),(1114,1048,1097),(1114,
1049,1048),(1117,1097,1020),(1056,1117,1020),(1102,1110,1059),(1120,1060,
1109),(1120,1061,1060),(1123,1109,1035),(1064,1123,1035),(1099,1091,1093),
(1111,1103,1105),(1117,1114,1097),(1123,1120,1109),(977,1073,941),(72,149,
1126),(72,1126,1130),(73,70,1131),(977,1132,1073),(1134,1078,1074),(151,
1127,148),(1135,1133,976),(972,1136,975),(1129,1128,1138),(1129,1138,1142),
(1144,1131,1143),(1148,1131,1144),(73,1131,1148),(1134,1150,1078),(1134,
1154,1150),(1135,1156,1133),(1158,1154,1134),(1159,1139,1127),(1162,1159,
1127),(151,1162,1127),(1165,1081,1079),(1165,1079,1152),(1084,1083,1167),
(1085,984,1087),(1085,1169,984),(1170,986,985),(1171,1168,1084),(1170,1173,
986),(1171,1084,1167),(1172,1151,988),(987,1150,1154),(987,1154,989),(1172,
1166,1151),(1174,1157,1137),(1177,1175,1136),(1177,1136,1180),(972,1180,
1136),(1141,1140,1183),(1141,1183,1187),(1144,1143,1188),(1174,1189,1157),
(1191,1192,1158),(1158,1192,1154),(1159,1184,1139),(1194,1190,1176),(1197,
1195,1175),(1197,1175,1177),(1186,1185,1200),(1186,1200,1196),(1203,1188,
1195),(1144,1188,1203),(1194,1202,1190),(1206,1191,1201),(1191,1209,1192),
(1191,1211,1209),(1214,1211,1191),(1206,1214,1191),(1217,1201,1184),(1159,
1217,1184),(1203,1195,1197),(1217,1206,1201),(1220,990,1155),(1220,1224,
990),(1225,982,991),(1226,1221,1153),(1226,1153,1193),(1222,1228,1223),
(1231,1223,1228),(1225,1232,982),(1233,1228,1222),(1227,1233,1222),(1229,
1237,1239),(1238,1242,1240),(1244,1230,1241),(1244,1241,1243),(1229,1235,
1237),(1234,1247,1236),(1246,1242,1238),(1245,1231,1228),(1234,1249,1247),
(1227,1248,1233),(1068,982,1232),(1250,1231,1245),(1250,1252,1231),(1068,
1232,1253),(1243,1251,1244),(1246,1254,1242),(1243,1256,1251),(1258,1257,
1242),(1254,1258,1242),(1261,1247,1249),(1263,1246,1262),(1263,1265,1246),
(1265,1254,1246),(1227,1267,1248),(1261,1249,1268),(1193,1269,1226),(1193,
1210,1269),(1270,1267,1227),(1256,1272,1251),(1256,1274,1272),(1275,1273,
1257),(1277,1275,1257),(1258,1277,1257),(1271,1252,1250),(1279,1261,1268),
(1281,1262,1280),(1281,1263,1262),(1270,1284,1267),(1279,1268,1285),(1210,
1286,1269),(1210,1213,1286),(1288,1284,1270),(1274,1290,1272),(1274,1276,
1290),(1271,1291,1252),(1289,1291,1271),(1293,1068,1253),(1295,1067,1294),
(1297,1067,1295),(1297,1069,1067),(1293,1253,1292),(1282,1279,1285),(1282,
1285,1299),(1288,1300,1284),(1276,1302,1290),(1276,1278,1302),(1304,1291,
1289),(1303,1304,1289),(1264,1283,1301),(1306,1300,1288),(1264,1301,1308),
(1306,1309,1300),(1311,1293,1292),(1312,1294,1310),(1295,1294,1312),(1311,
1292,1305),(1278,1314,1302),(1278,1260,1314),(1316,1317,1303),(1317,1304,
1303),(1212,1307,1287),(1212,1319,1307),(1321,1320,1211),(1324,1321,1211),
(1214,1324,1211),(1266,1264,1308),(1266,1308,1327),(1329,1328,1309),(1306,
1329,1309),(1259,1331,1315),(1259,1255,1331),(1332,1333,1316),(1333,1317,
1316),(1335,1311,1305),(1337,1310,1336),(1312,1310,1337),(1335,1305,1318),
(1255,1266,1327),(1255,1327,1331),(1339,1332,1328),(1329,1339,1328),(1339,
1333,1332),(1319,1330,1307),(1319,1341,1330),(1343,1342,1320),(1321,1343,
1320),(1345,1335,1318),(1347,1336,1346),(1347,1349,1336),(1349,1337,1336),
(1345,1318,1334),(1341,1340,1330),(1341,1351,1340),(1353,1352,1342),(1356,
1353,1342),(1343,1356,1342),(1340,1345,1334),(1351,1345,1340),(1358,1346,
1352),(1358,1347,1346),(1353,1360,1352),(1360,1358,1352),(1354,1362,1365),
(1366,1367,1355),(1354,1357,1362),(1353,1370,1360),(1369,1370,1353),(1372,
1364,1363),(1366,1374,1367),(1357,1375,1362),(1357,1344,1375),(1377,1363,
1376),(1377,1372,1363),(1348,1380,1383),(1350,1348,1383),(1348,1359,1380),
(1384,1382,1381),(1350,1383,1386),(1384,1387,1382),(1359,1389,1380),(1359,
1361,1389),(1390,1381,1388),(1390,1384,1381),(1344,1392,1375),(1344,1323,
1392),(1394,1377,1376),(1338,1350,1386),(1338,1386,1396),(1397,1395,1387),
(1384,1397,1387),(1361,1399,1389),(1361,1371,1399),(1400,1401,1388),(1401,
1390,1388),(1313,1338,1396),(1313,1396,1403),(1405,1404,1395),(1397,1405,
1395),(1371,1407,1399),(1369,1410,1370),(1371,1409,1407),(1408,1411,1400),
(1411,1401,1400),(1322,1414,1393),(1322,1326,1414),(1394,1417,1377),(1416,
1417,1394),(1421,1368,1373),(1423,1369,1422),(1423,1410,1369),(1421,1373,
1379),(1296,1313,1403),(1425,1404,1405),(1296,1403,1427),(1425,1428,1404),
(1429,1420,1378),(1423,1422,1431),(1429,1378,1419),(1433,1398,1385),(1434,
1433,1385),(1433,1437,1398),(1432,1438,1436),(1440,1432,1435),(1443,1438,
1432),(1443,1432,1440),(1434,1385,1391),(1409,1445,1407),(1409,1424,1445),
(1408,1447,1411),(1449,1447,1408),(1446,1449,1408),(1437,1406,1398),(1437,
1439,1406),(1451,1434,1391),(1440,1435,1452),(1451,1391,1402),(1441,1451,
1402),(1441,1402,1413),(1439,1426,1406),(1439,1454,1426),(1443,1453,1438),
(1444,1442,1412),(1444,1412,1448),(1325,1455,1415),(1325,1457,1455),(1459,
1458,1324),(1214,1459,1324),(1416,1462,1417),(1464,1462,1416),(1456,1464,
1416),(1466,1430,1418),(1467,1423,1431),(1466,1418,1463),(1298,1296,1427),
(1468,1428,1425),(1468,1470,1428),(1298,1427,1471),(1454,1469,1426),(1443,
1472,1453),(1454,1473,1469),(1474,1444,1448),(1443,1476,1472),(1475,1476,
1443),(1474,1448,1450),(1478,1466,1463),(1479,1423,1467),(1478,1463,1465),
(1473,1481,1469),(1473,1477,1481),(1480,1470,1468),(1482,1298,1471),(1483,
1069,1297),(1482,1471,1484),(1480,1485,1470),(1487,1478,1465),(1486,1423,
1479),(1487,1465,1489),(1456,1488,1464),(1490,1482,1484),(1492,1493,1483),
(1483,1493,1069),(1496,1485,1480),(1498,1485,1496),(1490,1484,1500),(1477,
1497,1481),(1475,1501,1476),(1477,1502,1497),(1503,1474,1450),(1475,1505,
1501),(1475,1507,1505),(1475,1510,1507),(1513,1510,1475),(1504,1513,1475),
(1446,1516,1449),(1503,1450,1517),(1518,1487,1489),(1520,1423,1486),(1521,
1488,1456),(1521,1523,1488),(1518,1489,1525),(1457,1522,1455),(1457,1526,
1522),(1459,1527,1458),(1502,1529,1497),(1502,1506,1529),(1528,1498,1496),
(1506,1530,1529),(1506,1509,1530),(1532,1498,1528),(1526,1534,1522),(1526,
1536,1534),(1537,1535,1527),(1537,1527,1459),(1533,1523,1521),(1540,1519,
1524),(1542,1423,1520),(1540,1524,1544),(1533,1543,1523),(1424,1546,1445),
(1424,1548,1546),(1542,1549,1423),(1547,1516,1446),(1198,1215,1208),(1199,
1207,1219),(1179,1215,1198),(1199,1219,1204),(1508,1550,1531),(1508,1512,
1550),(1553,1498,1532),(1552,1553,1532),(1557,1491,1499),(1559,1492,1558),
(1561,1492,1559),(1561,1493,1492),(1557,1499,1555),(1548,1563,1546),(1542,
1565,1549),(1548,1567,1563),(1569,1568,1549),(1565,1571,1549),(1571,1569,
1549),(1564,1573,1547),(1573,1516,1547),(1566,1541,1545),(1576,1543,1533),
(1566,1545,1578),(1580,1579,1543),(1580,1543,1576),(1536,1577,1534),(1536,
1582,1577),(1537,1583,1535),(1511,1584,1551),(1511,1515,1584),(1587,1552,
1586),(1589,1553,1552),(1587,1589,1552),(1182,1216,1178),(1205,1218,1161),
(1205,1161,1145),(1182,1460,1216),(1567,1591,1563),(1567,1595,1591),(1569,
1594,1568),(1597,1564,1593),(1597,1573,1564),(1599,1503,1517),(1504,1602,
1513),(1601,1602,1504),(1599,1517,1575),(1606,1585,1514),(1606,1514,1604),
(1607,1587,1586),(1572,1566,1578),(1572,1578,1609),(1610,1608,1579),(1580,
1610,1579),(1596,1612,1592),(1596,1570,1612),(1614,1593,1613),(1614,1597,
1593),(1570,1572,1609),(1570,1609,1612),(1610,1613,1608),(1610,1616,1613),
(1616,1614,1613),(1618,1556,1554),(1620,1558,1619),(1559,1558,1620),(1618,
1554,1590),(1582,1581,1577),(1582,1623,1581),(1625,1624,1583),(1537,1628,
1583),(1628,1625,1583),(1598,1600,1574),(1631,1602,1601),(1633,1600,1598),
(1631,1601,1634),(1636,1618,1590),(1637,1619,1635),(1637,1620,1619),(1636,
1590,1588),(1623,1611,1581),(1623,1640,1611),(1625,1641,1624),(974,1461,
1181),(1146,1160,1164),(1146,1164,1147),(974,1538,1461),(1603,1636,1588),
(1637,1635,1602),(1603,1588,1605),(1631,1637,1602),(1643,1633,1598),(1644,
1634,1642),(1644,1631,1634),(1643,1598,1615),(1640,1617,1611),(1640,1646,
1617),(1648,1647,1641),(1625,1648,1641),(1646,1643,1615),(1644,1642,1647),
(1646,1615,1617),(1648,1644,1647),(1632,1650,1653),(1638,1632,1653),(1632,
1645,1650),(1654,1652,1651),(1638,1653,1656),(1659,1657,1652),(1659,1652,
1654),(973,1661,1539),(1664,1661,973),(1665,972,1667),(972,1044,1667),(1149,
1163,153),(1149,153,74),(1663,1628,1537),(1645,1670,1650),(1645,1649,1670),
(1672,1651,1671),(1654,1651,1672),(1621,1639,1658),(1621,1658,1674),(1675,
1657,1677),(1677,1657,1659),(1649,1680,1670),(1649,1627,1680),(1683,1671,
1682),(1672,1671,1683),(1560,1622,1676),(1685,1675,1677),(1560,1676,1688),
(1689,1675,1685),(1626,1690,1681),(1626,1630,1690),(1683,1682,1693),(1693,
1682,1692),(1696,1660,1655),(1699,1696,1655),(1696,1700,1660),(1702,1701,
1697),(1705,1697,1698),(1705,1702,1697),(1699,1655,1673),(1700,1678,1660),
(1700,1708,1678),(1702,1709,1701),(1711,1699,1673),(1713,1698,1712),(1715,
1698,1713),(1715,1705,1698),(1711,1673,1684),(1717,1711,1684),(1713,1712,
1719),(1717,1684,1695),(1710,1686,1679),(1710,1721,1686),(1723,1720,1709),
(1702,1723,1709),(1725,1662,1666),(1726,1665,1728),(1665,1667,1728),(75,
152,1731),(75,1731,1735),(1737,73,1736),(41,73,1737),(1663,1740,1628),(1742,
1740,1663),(1725,1743,1662),(1745,1732,151),(154,1745,151),(1562,1560,1688),
(1748,1689,1685),(1562,1688,1750),(1751,1689,1748),(1629,1753,1691),(1629,
1741,1753),(1754,1693,1692),(1754,1692,1752),(1722,1749,1687),(1722,1724,
1749),(1714,1718,1694),(1714,1694,1755),(1756,1562,1750),(1757,1493,1561),
(1751,1748,1758),(1760,1751,1758),(1756,1750,1761),(1762,1714,1755),(1715,
1713,1763),(1762,1755,1764),(1765,1754,1752),(1724,1759,1749),(1724,1767,
1759),(1702,1766,1723),(1100,1115,1119),(1101,1118,1057),(1095,1115,1100),
(1101,1057,1026),(1112,1121,1125),(1113,1124,1066),(1107,1121,1112),(1113,
1066,1041),(1015,1116,1094),(1027,1055,1054),(1027,1054,1017),(1033,1122,
1106),(1042,1065,1071),(1042,1071,1043),(1015,1050,1116),(1033,1062,1122),
(1768,1762,1764),(1771,1763,1770),(1771,1715,1763),(1773,1765,1752),(1768,
1764,1775),(1767,1776,1759),(1778,1777,1766),(1702,1778,1766),(1760,1758,
1781),(1759,1776,1782),(1783,1756,1761),(1786,1757,1785),(1757,1789,1493),
(1786,1789,1757),(1792,1760,1781),(1783,1761,1794),(1741,1795,1753),(1742,
1798,1740),(1741,1797,1795),(1773,1752,1796),(1799,1744,1727),(1802,1800,
1726),(1726,1728,1805),(1802,1726,1805),(1734,1733,1808),(1734,1808,1812),
(1814,1736,1813),(1818,1736,1814),(1737,1736,1818),(1742,1820,1798),(1799,
1823,1744),(1825,1820,1742),(1826,1809,1732),(1829,1826,1732),(1745,1829,
1732),(1776,1832,1782),(1778,1833,1777),(1782,1832,1836),(1792,1781,1837),
(1838,1051,1014),(1839,1013,800),(1841,1031,1016),(1018,1053,1844),(1841,
1016,1847),(1018,1844,1848),(1843,1063,1032),(1045,1070,1495),(1045,1495,
1668),(1838,1850,1051),(1852,806,1049),(1853,1052,1061),(1853,1845,1052),
(1843,1854,1063),(1856,1769,1774),(1858,1771,1770),(1859,1773,1796),(1856,
1774,1861),(1862,1773,1859),(1797,1860,1795),(1797,1864,1860),(1820,1865,
1798),(1834,1780,1835),(1866,1792,1837),(1835,1780,1868),(1866,1837,1870),
(1872,1784,1793),(1786,1785,1871),(1872,1793,1867),(1772,1857,1863),(1873,
1862,1859),(1772,1863,1876),(1877,1862,1873),(1779,1704,1869),(1869,1704,
1878),(1881,1870,1880),(1866,1870,1881),(1883,1824,1801),(1886,1884,1800),
(1802,1886,1800),(1811,1810,1889),(1811,1889,1893),(1814,1813,1894),(1883,
1895,1824),(1897,1820,1825),(1826,1890,1809),(1864,1874,1860),(1864,1899,
1874),(1820,1898,1865),(1716,1772,1876),(1716,1876,1901),(1902,1877,1873),
(1903,1879,1703),(1705,1907,1702),(1903,1703,1908),(1881,1880,1905),(1706,
1716,1901),(1706,1901,1909),(1912,1910,1902),(1912,1902,1873),(1911,1915,
1707),(1917,1907,1705),(1911,1913,1915),(1919,1872,1867),(1786,1871,1918),
(1919,1867,1882),(1840,1920,1851),(1923,1920,1840),(1924,1839,1926),(1839,
800,1926),(1929,1841,1847),(1849,1846,1932),(1929,1847,1935),(1849,1932,
1936),(1842,1938,1855),(1931,1938,1842),(1669,1494,1791),(1669,1791,1729),
(1922,1941,1852),(1852,1941,806),(1940,1845,1853),(1940,1933,1845),(1900,
1914,1875),(1900,1916,1914),(1820,1917,1898),(1906,1919,1882),(1907,1786,
1918),(1906,1882,1904),(1944,1896,1885),(1947,1945,1884),(1947,1884,1950),
(1950,1884,1886),(1892,1891,1953),(1892,1953,1946),(1956,1894,1945),(1814,
1894,1956),(1944,1955,1896),(1954,1959,1897),(1897,1959,1820),(1962,1954,
1890),(1826,1962,1890),(1917,1786,1907),(1820,1786,1917),(1956,1945,1947),
(1966,1959,1954),(1962,1966,1954),(1968,1921,1925),(1969,1924,1971),(1924,
1926,1971),(1974,1929,1935),(1937,1934,1977),(1974,1935,1980),(1937,1977,
1981),(1976,1939,1930),(1730,1790,1983),(1730,1983,1806),(1968,1986,1921),
(1988,1989,1922),(1922,1989,1941),(1992,1933,1940),(1992,1978,1933),(1976,
1993,1939),(1995,1789,1786),(1995,1984,1789),(1998,1787,1822),(1998,2002,
1787),(2003,1996,1788),(2004,1999,1821),(2004,1821,1961),(2001,2000,2007),
(2003,2010,1996),(2012,2001,2007),(2006,2007,2000),(676,884,880),(881,882,
808),(881,808,801),(676,693,884),(2011,2013,1997),(2016,1995,2014),(2019,
1984,1995),(2016,2021,1995),(2021,2023,1995),(2023,2025,1995),(2027,1995,
2025),(2019,1995,2027),(2011,2009,2013),(2008,2017,2015),(2008,2029,2017),
(2030,2007,2006),(2032,1987,1970),(2033,1969,1971),(2035,1974,1980),(1982,
1979,2037),(1982,2037,2041),(2035,1980,2042),(2044,1994,1975),(2035,2043,
1974),(1807,1985,2046),(1807,2046,2050),(2052,1805,2051),(2052,1802,1805),
(2032,2055,1987),(2057,1989,1988),(2058,1978,1992),(2058,2038,1978),(2044,
2059,1994),(2061,2047,1984),(2063,1984,2019),(2061,1984,2063),(679,694,
675),(802,807,1943),(802,1943,1927),(679,695,694),(2065,2056,2034),(2066,
2033,2068),(2033,1971,2068),(2040,2039,2071),(2040,2071,2075),(2077,2042,
2076),(2080,2042,2077),(2035,2042,2080),(2082,2060,2045),(2085,2083,2043),
(2087,2043,2035),(2085,2043,2090),(2090,2043,2087),(2049,2048,2092),(2049,
2092,2096),(2098,2051,2097),(2052,2051,2098),(2065,2101,2056),(2103,2104,
2057),(2057,2104,1989),(2107,2038,2058),(2107,2072,2038),(2082,2108,2060),
(2110,2093,2047),(2113,2047,2061),(2116,2047,2113),(2118,2047,2116),(2110,
2047,2118),(2120,2102,2067),(2123,2121,2066),(2127,2066,2068),(2129,2066,
2127),(2133,2066,2129),(2123,2066,2133),(2074,2073,2135),(2074,2135,2122),
(2138,2076,2121),(2142,2076,2138),(2144,2076,2142),(2077,2076,2144),(2147,
2109,2084),(2150,2148,2083),(2153,2083,2085),(2150,2083,2153),(2095,2094,
2156),(2095,2156,2149),(2098,2097,2148),(2120,2137,2102),(2136,2104,2103),
(2107,2159,2072),(2072,2163,2136),(2072,2159,2163),(2147,2158,2109),(2157,
2159,2107),(2165,2157,2093),(2165,2093,2110),(2168,2121,2123),(2138,2121,
2168),(2098,2148,2150),(2136,2163,2104),(2165,2159,2157),(2031,1960,2018),
(2171,2016,1959),(2173,2175,2016),(2175,2178,2016),(2171,2173,2016),(2016,
2178,2021),(2031,2005,1960),(2180,2171,1959),(2183,2180,1959),(2186,2183,
1959),(1966,2186,1959),(678,628,697),(614,628,678),(1928,1942,1991),(1928,
1991,1972),(2176,2189,2192),(2193,2194,2177),(2176,2174,2189),(2175,2197,
2178),(2175,2199,2197),(2196,2199,2175),(2201,2191,2190),(2193,2203,2194),
(2174,2204,2189),(2174,2172,2204),(2206,2190,2205),(2206,2201,2190),(2022,
2209,2212),(2024,2022,2212),(2022,2179,2209),(2213,2211,2210),(2024,2212,
2215),(2213,2216,2211),(2179,2218,2209),(2179,2198,2218),(2219,2210,2217),
(2219,2213,2210),(2172,2221,2204),(2172,2182,2221),(2223,2206,2205),(2026,
2024,2215),(2026,2215,2225),(2226,2224,2216),(2213,2226,2216),(2198,2228,
2218),(2198,2200,2228),(2229,2230,2217),(2230,2219,2217),(2028,2026,2225),
(2028,2225,2232),(2234,2233,2224),(2226,2234,2224),(2200,2236,2228),(2196,
2239,2199),(2200,2238,2236),(2237,2240,2229),(2240,2230,2229),(2181,2243,
2222),(2181,2185,2243),(2223,2246,2206),(2245,2246,2223),(2250,2195,2202),
(2252,2196,2251),(2252,2239,2196),(2250,2202,2208),(2020,2028,2232),(2254,
2233,2234),(2020,2232,2256),(2254,2257,2233),(2258,2249,2207),(2252,2251,
2260),(2258,2207,2248),(2261,629,613),(37,2262,612),(1973,1990,2106),(1973,
2106,2069),(2261,2265,629),(16,627,2266),(2268,2227,2214),(2269,2268,2214),
(2268,2272,2227),(2267,2273,2271),(2275,2267,2270),(2278,2273,2267),(2278,
2267,2275),(2269,2214,2220),(2238,2280,2236),(2238,2253,2280),(2237,2282,
2240),(2284,2282,2237),(2281,2284,2237),(2272,2235,2227),(2272,2274,2235),
(2286,2269,2220),(2275,2270,2287),(2286,2220,2231),(2276,2286,2231),(2276,
2231,2242),(2274,2255,2235),(2274,2289,2255),(2278,2288,2273),(2279,2277,
2241),(2279,2241,2283),(2184,2290,2244),(2184,2292,2290),(2186,2293,2183),
(2245,2294,2246),(2296,2294,2245),(2291,2296,2245),(2298,2259,2247),(2299,
2252,2260),(2298,2247,2295),(2064,2020,2256),(2300,2257,2254),(2300,2302,
2257),(2064,2256,2303),(2289,2301,2255),(2278,2304,2288),(2289,2305,2301),
(2306,2279,2283),(2278,2308,2304),(2307,2308,2278),(2306,2283,2285),(2310,
2298,2295),(2311,2252,2299),(2310,2295,2297),(2305,2313,2301),(2305,2309,
2313),(2312,2302,2300),(2062,2064,2303),(2062,2303,2314),(2312,2315,2302),
(2317,2310,2297),(2316,2252,2311),(2317,2297,2319),(2291,2318,2296),(2320,
2062,2314),(2113,2061,2322),(2323,2315,2312),(2325,2315,2323),(2320,2314,
2327),(2309,2324,2313),(2307,2328,2308),(2309,2329,2324),(2330,2306,2285),
(2307,2332,2328),(2307,2334,2332),(2307,2337,2334),(2340,2337,2307),(2331,
2340,2307),(2281,2343,2284),(2330,2285,2344),(2345,2317,2319),(2347,2252,
2316),(2348,2318,2291),(2348,2350,2318),(2345,2319,2352),(2292,2349,2290),
(2292,2353,2349),(2355,2354,2293),(2186,2355,2293),(2329,2358,2324),(2329,
2333,2358),(2359,2325,2323),(2333,2360,2358),(2333,2336,2360),(2362,2325,
2359),(2353,2364,2349),(2353,2366,2364),(2355,2365,2354),(2363,2350,2348),
(2367,2346,2351),(2369,2252,2347),(2367,2351,2371),(2363,2370,2350),(2253,
2373,2280),(2253,2375,2373),(2369,2376,2252),(2374,2343,2281),(2335,2377,
2361),(2335,2339,2377),(2380,2325,2362),(2379,2380,2362),(2384,2321,2326),
(2113,2322,2385),(2384,2326,2382),(2375,2387,2373),(2369,2388,2376),(2375,
2390,2387),(2392,2391,2376),(2388,2394,2376),(2394,2392,2376),(2386,2396,
2374),(2396,2343,2374),(2389,2368,2372),(2399,2370,2363),(2389,2372,2401),
(2403,2402,2370),(2403,2370,2399),(2366,2400,2364),(2366,2405,2400),(2407,
2406,2365),(2410,2365,2355),(2410,2407,2365),(2338,2413,2378),(2338,2342,
2413),(2416,2379,2415),(2418,2380,2379),(2416,2418,2379),(2390,2420,2387),
(2390,2424,2420),(2392,2423,2391),(2426,2386,2422),(2426,2396,2386),(2428,
2330,2344),(2331,2431,2340),(2430,2431,2331),(2428,2344,2398),(2433,2414,
2341),(2435,2416,2415),(2434,2414,2433),(2395,2389,2401),(2395,2401,2437),
(2439,2438,2402),(2403,2439,2402),(2425,2441,2421),(2425,2393,2441),(2443,
2422,2442),(2443,2426,2422),(2393,2395,2437),(2393,2437,2441),(2439,2442,
2438),(2439,2445,2442),(2445,2443,2442),(1948,2187,1967),(1949,1965,1964),
(1952,2187,1948),(1949,1964,1957),(2447,2383,2381),(2113,2385,2448),(2447,
2381,2419),(2405,2404,2400),(2405,2450,2404),(2407,2449,2406),(1888,2188,
1951),(1958,1963,1828),(1958,1828,1815),(1888,2356,2188),(2451,2429,2397),
(2452,2431,2430),(2451,2397,2427),(2454,2447,2419),(2113,2448,2453),(2454,
2419,2417),(2450,2440,2404),(2450,2455,2440),(2407,2456,2449),(2432,2454,
2417),(2431,2113,2453),(2432,2417,2436),(2452,2113,2431),(2458,2451,2427),
(2457,2113,2452),(2458,2427,2444),(2455,2446,2440),(2455,2459,2446),(2407,
2460,2456),(2459,2458,2444),(2460,2113,2457),(2459,2444,2446),(2407,2113,
2460),(1804,2357,1887),(1816,1827,1831),(1816,1831,1817),(1804,2411,2357),
(2461,2264,2263),(37,2462,2262),(2070,2105,2464),(2467,2068,2466),(2127,
2068,2467),(2461,2470,2264),(16,2266,2472),(2464,2105,2164),(2473,2114,
2409),(2473,2477,2114),(2478,2117,2115),(2479,2474,2408),(2481,2407,2410),
(2481,2484,2407),(2479,2408,2485),(2486,2476,2475),(2486,2490,2476),(2492,
2476,2490),(2478,2493,2117),(2480,2486,2475),(1803,2482,2412),(2054,2482,
1803),(1819,1830,1747),(1819,1747,1738),(2489,2494,2498),(2496,2500,2497),
(2503,2491,2499),(2503,2499,2501),(2489,2488,2494),(2487,2504,2495),(2505,
2500,2496),(2502,2492,2490),(2487,2506,2504),(2480,2507,2486),(2508,2483,
2053),(2509,2052,2098),(1739,1746,2511),(1739,2511,2515),(41,1737,2516),
(2481,2517,2484),(2519,2517,2481),(2508,2520,2483),(154,2512,1745),(2119,
2117,2493),(2522,2492,2502),(2522,2524,2492),(2119,2493,2525),(2501,2526,
2503),(2505,2528,2500),(2530,2527,2500),(2528,2530,2500),(2503,2526,2523),
(2533,2504,2506),(2535,2505,2534),(2535,2537,2505),(2537,2528,2505),(2480,
2539,2507),(2533,2506,2540),(2485,2541,2479),(2485,2518,2541),(2542,2539,
2480),(2526,2544,2523),(2545,2543,2527),(2547,2545,2527),(2530,2547,2527),
(2523,2544,2549),(2550,2524,2522),(2552,2533,2540),(2553,2534,2551),(2553,
2535,2534),(2542,2556,2539),(2552,2540,2557),(2518,2558,2541),(2519,2561,
2517),(2518,2564,2558),(2561,2565,2517),(2560,2556,2542),(2544,2546,2549),
(2550,2567,2524),(2546,2569,2549),(2570,2567,2550),(2572,2119,2525),(2110,
2118,2571),(2572,2525,2568),(2573,2521,2510),(2574,2509,2576),(2509,2098,
2576),(2514,2513,2579),(2514,2579,2583),(41,2516,2584),(2573,2585,2521),
(2587,2561,2519),(154,2580,2512),(2554,2552,2557),(2554,2557,2589),(2560,
2588,2556),(2546,2591,2569),(2546,2548,2591),(2593,2567,2570),(2592,2593,
2570),(2536,2555,2590),(2595,2588,2560),(2536,2590,2597),(2595,2598,2588),
(2600,2572,2568),(2110,2571,2599),(2600,2568,2594),(2548,2601,2591),(2548,
2532,2601),(2603,2604,2592),(2604,2593,2592),(2566,2596,2559),(2566,2606,
2596),(2561,2607,2565),(2608,2471,2463),(2609,2462,37),(2465,2162,2611),
(2467,2466,2613),(2608,2614,2471),(2616,16,2472),(2611,2162,2161),(2538,
2536,2597),(2538,2597,2618),(2619,2617,2598),(2595,2619,2598),(2531,2621,
2602),(2531,2529,2621),(2622,2623,2603),(2623,2604,2603),(2605,2600,2594),
(2625,2600,2605),(2110,2599,2626),(2529,2538,2618),(2529,2618,2621),(2627,
2622,2617),(2619,2627,2617),(2627,2623,2622),(2606,2620,2596),(2606,2629,
2620),(2561,2630,2607),(2631,2586,2575),(2632,2574,2576),(2582,2581,2634),
(2582,2634,2638),(41,2584,2639),(2587,2640,2561),(2631,2643,2586),(2645,
2646,2587),(2646,2640,2587),(154,2635,2580),(2624,2625,2605),(2649,2625,
2624),(2110,2626,2650),(2629,2628,2620),(2629,2652,2628),(2630,2110,2651),
(2561,2110,2630),(2652,2649,2624),(2651,2110,2650),(2652,2624,2628),(2653,
2657,2562),(2658,2111,2563),(2653,2562,2642),(2659,2656,2655),(2662,2656,
2659),(2665,2656,2662),(2658,2667,2111),(2668,2644,2633),(41,2669,2632),
(41,2632,2576),(2637,2636,2671),(2637,2671,2670),(41,2639,2669),(2668,2673,
2644),(2672,2674,2645),(2645,2674,2646),(154,2672,2635),(154,2674,2672),
(2660,2654,2641),(2660,2641,2677),(2680,2678,2640),(2646,2680,2640),(2683,
2661,2679),(2683,2679,2681),(2686,2662,2659),(2686,2659,2685),(2689,2664,
2691),(2663,2694,2692),(2689,2691,2697),(2693,2699,2698),(2695,2699,2693),
(2665,2662,2690),(2663,2688,2694),(2701,2615,2610),(2702,2609,37),(2612,
2160,2704),(2467,2613,2707),(2612,2704,2710),(2707,2613,2712),(2701,2713,
2615),(2715,16,2616),(2165,2705,2159),(2666,2166,2112),(2665,2690,2716),
(2719,2665,2716),(2666,2721,2166),(2697,2717,2689),(2697,2722,2717),(2699,
2723,2698),(2126,2725,2729),(2731,2728,2727),(2126,2469,2725),(2468,2734,
2726),(2737,2731,2727),(2736,2737,2727),(2740,2128,2730),(2740,2730,2733),
(2132,2743,2746),(2749,2747,2744),(2132,2131,2743),(2130,2750,2745),(2752,
2134,2748),(2756,2747,2749),(2758,2747,2756),(2752,2748,2760),(2169,2761,
2765),(2767,2764,2763),(2169,2125,2761),(2124,2769,2762),(2771,2767,2763),
(2773,2170,2766),(2773,2766,2768),(2141,2774,2778),(2780,2777,2776),(2141,
2140,2774),(2139,2783,2775),(2785,2780,2776),(2776,2787,2785),(2775,2783,
2788),(2789,2143,2779),(2791,2777,2780),(2793,2777,2791),(2789,2779,2794),
(2078,2795,2799),(2801,2798,2797),(2078,2146,2795),(2145,2802,2796),(2803,
2079,2800),(2807,2798,2801),(2803,2800,2808),(2036,2809,2812),(2088,2036,
2812),(2813,2811,2810),(2088,2812,2815),(2818,2816,2811),(2820,2818,2811),
(2813,2820,2811),(2086,2822,2825),(2154,2086,2825),(2826,2824,2823),(2154,
2825,2829),(2832,2830,2824),(2834,2832,2824),(2826,2834,2824),(2099,2836,
2840),(2842,2839,2838),(2099,2152,2836),(2151,2843,2837),(2577,2100,2841),
(2844,2839,2842),(2847,2839,2844),(2577,2841,2849),(2468,2709,2734),(2129,
2127,2742),(2130,2850,2750),(2851,2129,2742),(2754,2123,2133),(2124,2853,
2769),(2754,2854,2123),(2138,2168,2772),(2138,2772,2784),(2790,2144,2142),
(2144,2790,2856),(2145,2857,2802),(2080,2077,2858),(2858,2077,2860),(2862,
2860,2077),(2864,2862,2077),(2864,2077,2866),(2805,2866,2077),(2036,2081,
2809),(2086,2091,2822),(2150,2153,2869),(2872,2150,2869),(2151,2873,2843),
(2091,2874,2822),(2826,2823,2875),(2090,2087,2877),(2091,2876,2874),(2081,
2879,2809),(2878,2880,2810),(2880,2813,2810),(2081,2859,2879),(2870,2155,
2831),(2870,2831,2882),(2885,2883,2830),(2832,2885,2830),(2887,2089,2817),
(2887,2817,2891),(2893,2890,2816),(2818,2893,2816),(2877,2087,2889),(2876,
2895,2874),(2897,2898,2875),(2898,2826,2875),(2877,2889,2900),(2876,2902,
2895),(2724,2903,2718),(2724,2700,2903),(2719,2716,2904),(2859,2905,2879),
(2906,2907,2878),(2907,2880,2878),(2859,2861,2905),(2910,2871,2884),(2885,
2913,2883),(2910,2884,2916),(2913,2917,2883),(2872,2869,2919),(2919,2869,
2912),(2921,2888,2892),(2893,2923,2890),(2921,2892,2926),(2923,2927,2890),
(2900,2889,2922),(2873,2929,2843),(2928,2844,2842),(2873,2920,2929),(2901,
2930,2896),(2933,2898,2897),(2932,2933,2897),(2935,2900,2922),(2901,2937,
2930),(2687,2903,2700),(2687,2700,2696),(2719,2904,2938),(2904,2686,2938),
(2720,2675,2167),(2165,16,2705),(2674,16,2165),(2720,2940,2675),(2861,2941,
2905),(2943,2907,2906),(2942,2943,2906),(2861,2863,2941),(2945,2819,2821),
(2948,2945,2821),(2948,2821,2814),(2949,2833,2835),(2951,2949,2835),(2951,
2835,2828),(2945,2955,2819),(2956,2954,2946),(2956,2946,2947),(2949,2958,
2833),(2960,2959,2950),(2950,2953,2962),(2964,2950,2962),(2964,2960,2950),
(2958,2886,2833),(2958,2966,2886),(2968,2967,2959),(2960,2968,2959),(2971,
2792,2782),(2975,2972,2781),(2975,2781,2786),(2971,2976,2792),(2977,2973,
2974),(2955,2979,2819),(2819,2979,2894),(2956,2978,2954),(2980,2948,2814),
(2980,2814,2881),(2956,2947,2981),(2963,2952,2827),(2963,2827,2899),(2966,
2914,2886),(2966,2970,2914),(2982,2980,2881),(2982,2881,2909),(2956,2981,
2984),(2979,2924,2894),(2979,2986,2924),(2956,2985,2978),(2988,2983,2908),
(2988,2908,2944),(2990,2984,2989),(2956,2984,2990),(2992,2921,2926),(2994,
2927,2923),(2992,2926,2996),(2994,2997,2927),(2935,2922,2993),(2999,2911,
2918),(3000,2917,2913),(3002,2917,3000),(3002,3004,2917),(2999,2918,3005),
(2919,2912,3006),(3006,2912,2998),(2920,3010,2929),(3011,2844,2928),(2920,
3008,3010),(3013,2963,2899),(3013,2899,2934),(2964,2962,3012),(2987,2995,
2925),(2987,3014,2995),(3015,2985,2956),(2969,3001,2915),(2969,2961,3001),
(2686,2685,2938),(2936,3017,2931),(2932,3018,2933),(3016,3018,2932),(2935,
2993,3020),(3023,2935,3020),(2936,3024,3017),(2863,3025,2941),(2942,3027,
2943),(3026,3027,2942),(2863,2865,3025),(3021,2992,2996),(3029,2997,2994),
(3021,2996,3032),(3029,3033,2997),(3035,2684,2682),(3035,2682,2648),(2685,
3037,2938),(3038,3013,2934),(3038,2934,3019),(2964,3012,3039),(3014,3030,
2995),(3014,3041,3030),(3040,3015,2956),(3043,2988,2944),(3043,2944,3028),
(2990,2989,3044),(3045,3049,2845),(3050,3051,2846),(3054,2844,3011),(3045,
2845,3056),(2844,3053,2847),(3048,3047,3057),(3050,3059,3051),(2961,3003,
3001),(2961,2965,3003),(2976,3060,2792),(2791,3063,2793),(2791,3062,3063),
(2977,2974,3066),(2976,3068,3060),(3007,3055,3009),(3047,3006,2998),(3007,
3046,3055),(3069,2975,2786),(3073,2785,2787),(3069,2786,3074),(3071,3066,
2974),(3042,3022,3034),(3042,3034,3031),(3075,3020,3040),(3023,3020,3075),
(3078,3038,3019),(3078,3019,3080),(3016,3081,3018),(3082,2964,3039),(3082,
3039,3079),(3084,3040,2956),(3075,3040,3084),(2965,3087,3003),(3088,3004,
3002),(2965,3083,3087),(3090,3043,3028),(3026,3091,3027),(3090,3028,3092),
(2990,3044,3089),(3093,2714,2703),(3094,2702,37),(2711,2706,3096),(2711,
3096,3095),(2707,2712,3094),(3093,3098,2714),(3097,16,2715),(2705,16,3097),
(2939,3036,2647),(2939,2647,2676),(3099,3078,3080),(3016,3102,3081),(3099,
3080,3101),(3082,3079,3100),(2865,3104,3025),(3105,3091,3026),(3103,3105,
3026),(2865,3108,3104),(3109,2864,3110),(3110,2864,2866),(3113,2999,3005),
(3115,3004,3088),(3115,3117,3004),(3113,3005,3118),(3047,2998,3114),(3083,
3116,3087),(3119,3082,3100),(3083,3120,3116),(3024,3121,3017),(3122,3102,
3016),(3024,3123,3121),(3124,3023,3075),(3125,3099,3101),(3122,3129,3102),
(3125,3101,3130),(3119,3100,3131),(3131,3100,3127),(3133,3090,3092),(3133,
3092,3107),(2990,3089,3136),(3135,3136,3089),(2957,3138,3141),(3085,2957,
3141),(3142,3140,3139),(3085,3141,3144),(3147,3145,3140),(3142,3147,3140),
(2957,2991,3138),(2991,3149,3138),(3151,3139,3150),(3151,3142,3139),(2991,
3137,3149),(3076,3086,3146),(3076,3146,3154),(3157,3155,3145),(3147,3157,
3145),(3159,3047,3114),(3057,3047,3159),(3120,3162,3116),(3163,3117,3115),
(3120,3164,3162),(3165,3119,3131),(2707,3094,37),(3137,3106,3149),(3105,
3166,3150),(3166,3151,3150),(3137,3134,3106),(2852,2732,2751),(2756,2749,
2731),(2852,2741,2732),(2756,2731,2737),(3123,3169,3121),(3170,3129,3122),
(3124,3075,3171),(3123,3173,3169),(3174,3124,3171),(154,16,2674),(3175,
3126,3128),(3175,3128,3179),(3170,3178,3129),(3181,3127,3177),(3131,3127,
3181),(3172,3077,3156),(3157,3183,3155),(3172,3156,3186),(3183,3187,3155),
(3164,3188,3162),(3191,3117,3163),(3190,3191,3163),(3164,3194,3188),(3195,
3165,3197),(3165,3131,3197),(3200,3148,3143),(3202,3200,3143),(3202,3143,
3153),(3200,3206,3148),(3207,3205,3201),(3201,3204,3210),(3212,3207,3201),
(3212,3201,3210),(3206,3158,3148),(3206,3214,3158),(3207,3215,3205),(3216,
3166,3105),(3103,3216,3105),(3218,3203,3152),(3218,3152,3168),(3221,3204,
3220),(3210,3204,3221),(3214,3184,3158),(3214,3223,3184),(3207,3224,3215),
(3160,3113,3118),(3226,3117,3191),(3228,3117,3226),(3160,3118,3230),(3231,
3176,3180),(3233,3178,3170),(3231,3180,3236),(3238,3237,3178),(3233,3238,
3178),(3181,3177,3232),(3196,3241,3189),(3244,3191,3190),(3244,3190,3243),
(3196,3198,3241),(3173,3234,3169),(3174,3171,3246),(3173,3248,3234),(3249,
3174,3246),(3251,2789,2794),(3251,2794,3065),(3253,2856,2790),(3247,3172,
3186),(3254,3187,3183),(3254,3257,3187),(3247,3186,3258),(3225,3255,3185),
(3225,3209,3255),(3259,3219,3167),(3259,3167,3217),(3221,3220,3260),(3261,
3227,3193),(3265,3262,3192),(3265,3192,3245),(3261,3266,3227),(3267,3263,
3264),(3182,3231,3236),(3182,3236,3269),(3270,3268,3237),(3238,3270,3237),
(3199,3273,3242),(3275,3243,3274),(3275,3244,3243),(3199,3132,3273),(3277,
2755,2739),(3280,3278,2738),(3283,2737,2736),(3280,2738,3285),(3277,3286,
2755),(3288,3289,2757),(2758,2756,3291),(3293,3287,3279),(3293,3279,3281),
(3288,3294,3289),(3108,3295,3104),(3103,3297,3216),(3296,3297,3103),(3299,
3109,3110),(3108,3300,3295),(3132,3182,3269),(3132,3269,3273),(3270,3274,
3268),(3270,3275,3274),(3266,3301,3227),(3302,3228,3226),(3304,3267,3264),
(3266,3303,3301),(3208,3306,3256),(3305,3257,3254),(3208,3213,3306),(3250,
3239,3235),(3249,3246,3307),(3250,3309,3239),(3312,3310,3249),(3315,3249,
3307),(3312,3249,3315),(3222,3259,3217),(3222,3217,3298),(3308,3247,3258),
(3308,3258,3318),(3305,3319,3257),(3111,3320,3324),(3326,3323,3322),(3111,
2868,3320),(2867,3329,3321),(3326,3322,3331),(3332,3112,3325),(3332,3325,
3328),(2867,3336,3329),(2805,3335,2866),(3299,3110,3334),(3338,3265,3245),
(3338,3245,3276),(3304,3264,3339),(3211,3222,3298),(3211,3298,3341),(3296,
3340,3297),(3311,3271,3240),(3311,3342,3271),(3343,3310,3312),(3344,3338,
3276),(3344,3276,3272),(3345,3339,3343),(3348,3304,3339),(3345,3348,3339),
(2857,3064,2802),(2807,2801,3063),(2857,3252,3064),(3350,3343,3312),(3352,
3343,3350),(3345,3343,3355),(3358,3343,3352),(3355,3343,3360),(3362,3343,
3358),(3360,3343,3362),(3364,2773,2768),(3364,2768,3368),(2771,3367,2767),
(3366,2784,2772),(3370,3211,3341),(3296,3374,3340),(3370,3341,3375),(3212,
3210,3372),(3376,3308,3318),(3379,3319,3305),(3379,3381,3319),(3376,3318,
3383),(3315,3307,3378),(3213,3380,3306),(3213,3384,3380),(3385,3212,3372),
(2783,3369,2788),(3073,2787,3367),(2783,3365,3369),(3300,3386,3295),(3388,
3374,3296),(3390,3299,3334),(3300,3391,3386),(3303,3392,3301),(3393,3228,
3302),(3303,3349,3392),(3337,3327,3330),(3337,3333,3327),(3390,3334,3335),
(3390,3335,2805),(3384,3395,3380),(3394,3381,3379),(3385,3372,3396),(3384,
3399,3395),(3400,3385,3401),(3385,3396,3403),(3385,3403,3401),(3313,3405,
3409),(3411,3314,3410),(3413,3408,3407),(3413,3412,3408),(3313,3317,3405),
(3351,3314,3411),(3316,3414,3406),(3415,3315,3378),(3316,3416,3414),(3397,
3371,3373),(3397,3373,3417),(3388,3418,3374),(3349,3420,3392),(3423,3228,
3393),(3422,3423,3393),(3349,3347,3420),(3427,3161,3229),(3427,3229,3425),
(3057,3159,3428),(3399,3430,3395),(3431,3381,3394),(3429,3431,3394),(3399,
3434,3430),(3435,3400,3401),(3436,3377,3382),(3436,3382,3433),(3439,3415,
3378),(3439,3378,3438),(3416,3442,3414),(3441,3412,3413),(3416,3440,3442),
(3443,3351,3411),(3446,3444,3412),(3446,3412,3441),(3353,3351,3443),(3449,
3398,3419),(3451,3418,3388),(3449,3419,3454),(3451,3455,3418),(3403,3396,
3450),(3346,3456,3421),(3459,3422,3458),(3459,3423,3422),(3346,3357,3456),
(3434,3461,3430),(3464,3429,3463),(3464,3431,3429),(3434,3466,3461),(3435,
3401,3467),(3389,3452,3387),(3389,3469,3452),(3470,3390,2805),(2771,3073,
3367),(3062,2807,3063),(3472,3354,3445),(3474,3473,3444),(3446,3474,3444),
(3359,3354,3472),(3404,3449,3454),(3404,3454,3477),(3479,3478,3455),(3451,
3479,3455),(3440,3447,3442),(3481,3439,3438),(3440,3483,3447),(3468,3484,
3462),(3486,3463,3485),(3486,3464,3463),(3468,3402,3484),(3356,3488,3457),
(3490,3458,3489),(3490,3459,3458),(3356,3361,3488),(3492,3359,3472),(3474,
3493,3473),(3363,3359,3492),(3402,3404,3477),(3402,3477,3484),(3494,3485,
3478),(3479,3494,3478),(3361,3363,3492),(3361,3492,3488),(3496,3489,3493),
(3474,3496,3493),(3494,3486,3485),(3496,3490,3489),(3498,3437,3432),(3498,
3432,3465),(3481,3438,3499),(3501,3426,3424),(3501,3424,3460),(3057,3428,
3500),(3471,3480,3453),(3471,3502,3480),(3503,3470,2805),(3482,3475,3448),
(3504,3481,3499),(3482,3506,3475),(3507,3498,3465),(3507,3465,3487),(3504,
3499,3508),(3510,3501,3460),(3510,3460,3491),(3057,3500,3509),(3505,3497,
3476),(3511,3504,3508),(3505,3512,3497),(3502,3495,3480),(3513,3503,2805),
(3502,3514,3495),(2708,3284,2735),(2708,3282,3284),(3292,2759,3290),(3292,
2753,2759),(2855,3072,2770),(2855,3070,3072),(3067,2806,3061),(3067,2804,
2806),(3058,2848,3052),(3058,2578,2848),(3281,2707,37),(3293,3281,37),(2754,
3293,37),(2854,2754,37),(3071,2854,37),(3066,3071,37),(2805,3066,37),(3513,
2805,37),(41,2576,3057),(3057,3509,3511),(41,3057,3511),(3514,3507,3487),
(3514,3487,3495),(3511,3508,3513),(3512,3510,3491),(3512,3491,3497),(41,
3511,3513),(41,3513,37),(42,39,18),(156,42,18)),());
#926=COORDINATES_LIST('',136,((1.05000011324882,-0.200999367237091,1.13999996185303),
(1.05000011324882,-0.200999367237091,1.15999994277954),(1.05000011324882,
-0.200999367237091,1.28000001907349),(1.05000011324882,-0.200999367237091,
1.3),(1.05000011324882,-0.1999999165535,1.15999994277954),(1.05000011324882,
-0.1999999165535,1.28000001907349),(1.05000011324882,-0.15999976396561,
1.13999996185303),(1.05000011324882,-0.15999976396561,1.3),(1.06500026583671,
-0.200999367237091,1.17938003540039),(1.06500026583671,-0.200999367237091,
1.20553388595581),(1.06500026583671,-0.200999367237091,1.22399549484253),
(1.06500026583671,-0.200999367237091,1.22912368774414),(1.06500026583671,
-0.200999367237091,1.24553394317627),(1.06500026583671,-0.200999367237091,
1.25066213607788),(1.06500026583671,-0.1999999165535,1.17938003540039),
(1.06500026583671,-0.1999999165535,1.20553388595581),(1.06500026583671,
-0.1999999165535,1.22399549484253),(1.06500026583671,-0.1999999165535,1.22912368774414),
(1.06500026583671,-0.1999999165535,1.24553394317627),(1.06500026583671,
-0.1999999165535,1.25066213607788),(1.06855785250663,-0.200999367237091,
1.20499706268311),(1.06855785250663,-0.1999999165535,1.20499706268311),
(1.07012798190116,-0.200999367237091,1.17938003540039),(1.07012798190116,
-0.200999367237091,1.19894733428955),(1.07012798190116,-0.1999999165535,
1.17938003540039),(1.07012798190116,-0.1999999165535,1.19894733428955),
(1.07297298312187,-0.200999367237091,1.20276641845703),(1.07297298312187,
-0.1999999165535,1.20276641845703),(1.07474376559257,-0.200999367237091,
1.24040575027466),(1.07474376559257,-0.200999367237091,1.24553394317627),
(1.07474376559257,-0.200999367237091,1.25066213607788),(1.07474376559257,
-0.200999367237091,1.26809797286987),(1.07474376559257,-0.1999999165535,
1.24040575027466),(1.07474376559257,-0.1999999165535,1.24553394317627),
(1.07474376559257,-0.1999999165535,1.25066213607788),(1.07474376559257,
-0.1999999165535,1.26809797286987),(1.07587367892265,-0.200999367237091,
1.22222461700439),(1.07587367892265,-0.1999999165535,1.22222461700439),
(1.07671825289726,-0.200999367237091,1.19952659606934),(1.07671825289726,
-0.1999999165535,1.19952659606934),(1.07740566134452,-0.200999367237091,
1.22690057754517),(1.07740566134452,-0.1999999165535,1.22690057754517),
(1.07754833102226,-0.200999367237091,1.19099063873291),(1.07754833102226,
-0.1999999165535,1.19099063873291),(1.07987148165702,-0.200999367237091,
1.24040575027466),(1.07987148165702,-0.200999367237091,1.24553394317627),
(1.07987148165702,-0.200999367237091,1.25066213607788),(1.07987148165702,
-0.200999367237091,1.26176786422729),(1.07987148165702,-0.200999367237091,
1.26809797286987),(1.07987148165702,-0.1999999165535,1.24040575027466),
(1.07987148165702,-0.1999999165535,1.24553394317627),(1.07987148165702,
-0.1999999165535,1.25066213607788),(1.07987148165702,-0.1999999165535,1.26176786422729),
(1.07987148165702,-0.1999999165535,1.26809797286987),(1.07995998263359,
-0.200999367237091,1.195774269104),(1.07995998263359,-0.1999999165535,1.195774269104),
(1.08277904391288,-0.200999367237091,1.18526992797852),(1.08277904391288,
-0.1999999165535,1.18526992797852),(1.08882457613944,-0.1999999165535,1.21715927124023),
(1.08882457613945,-0.200999367237091,1.21715927124023),(1.08902904391288,
-0.200999367237091,1.2219967842102),(1.08902904391288,-0.1999999165535,
1.2219967842102),(1.08910533785819,-0.200999367237091,1.18086404800415),
(1.08910533785819,-0.1999999165535,1.18086404800415),(1.09049312472343,
-0.200999367237091,1.18584222793579),(1.09049312472343,-0.1999999165535,
1.18584222793579),(1.09215633273124,-0.200999367237091,1.18524122238159),
(1.09215633273124,-0.1999999165535,1.18524122238159),(1.09320537447929,
-0.200999367237091,1.19989290237427),(1.09320537447929,-0.1999999165535,
1.19989290237427),(1.09371806979179,-0.200999367237091,1.20502109527588),
(1.09371806979179,-0.1999999165535,1.20502109527588),(1.09391033053398,
-0.200999367237091,1.18502111434936),(1.09391033053398,-0.1999999165535,
1.18502111434936),(1.09395839571952,-0.200999367237091,1.17989292144775),
(1.09395839571952,-0.1999999165535,1.17989292144775),(1.09427883028984,
-0.200999367237091,1.25066213607788),(1.09427883028984,-0.1999999165535,
1.25066213607788),(1.09496013522148,-0.200999367237091,1.19972667694092),
(1.09496013522148,-0.1999999165535,1.19972667694092),(1.09624416232109,
-0.200999367237091,1.18544836044312),(1.09624416232109,-0.1999999165535,
1.18544836044311),(1.09632274508476,-0.200999367237091,1.18012371063232),
(1.09632274508476,-0.1999999165535,1.18012371063232),(1.09663249850273,
-0.200999367237091,1.19917497634888),(1.09663249850273,-0.1999999165535,
1.19917497634888),(1.09823085665702,-0.200999367237091,1.18674697875977),
(1.09823085665702,-0.1999999165535,1.18674697875977),(1.0983712375164,-0.200999367237091,
1.19792900085449),(1.0983712375164,-0.1999999165535,1.19792900085449),(1.09858104586601,
-0.200999367237091,1.1808575630188),(1.09858104586601,-0.1999999165535,
1.1808575630188),(1.09920055270194,-0.200999367237091,1.20348587036133),
(1.09920055270194,-0.1999999165535,1.20348587036133),(1.0993592441082,-0.200999367237091,
1.21476469039917),(1.0993592441082,-0.200999367237091,1.23527746200561),
(1.0993592441082,-0.1999999165535,1.21476469039917),(1.0993592441082,-0.1999999165535,
1.23527746200562),(1.09962550997734,-0.200999367237091,1.18866872787476),
(1.09962550997734,-0.1999999165535,1.18866872787476),(1.09976741671562,
-0.200999367237091,1.19577693939209),(1.09976741671562,-0.1999999165535,
1.19577693939209),(1.10020839571952,-0.200999367237091,1.19044694900513),
(1.10020839571952,-0.1999999165535,1.19044694900513),(1.10033656954765,
-0.200999367237091,1.20963649749756),(1.10033656954765,-0.1999999165535,
1.20963649749756),(1.10038463473319,-0.200999367237091,1.19231271743774),
(1.10038463473319,-0.1999999165535,1.19231271743774),(1.10192729830741,
-0.200999367237091,1.18331680297852),(1.10192729830741,-0.1999999165535,
1.18331680297852),(1.10212871432304,-0.200999367237091,1.20115966796875),
(1.10212871432304,-0.1999999165535,1.20115966796875),(1.10406810641288,
-0.200999367237091,1.18674020767212),(1.10406810641288,-0.1999999165535,
1.18674020767212),(1.10422069430351,-0.200999367237091,1.19743394851685),
(1.10422069430351,-0.1999999165535,1.19743394851685),(1.10448696017265,
-0.200999367237091,1.20963649749756),(1.10448696017265,-0.200999367237091,
1.23527746200561),(1.10448696017265,-0.200999367237091,1.24553394317627),
(1.10448696017265,-0.200999367237091,1.24912366867065),(1.10448696017265,
-0.1999999165535,1.20963649749756),(1.10448696017265,-0.1999999165535,1.23527746200562),
(1.10448696017265,-0.1999999165535,1.24553394317627),(1.10448696017265,
-0.1999999165535,1.24912366867065),(1.10481960177421,-0.200999367237091,
1.19484920501709),(1.10481960177421,-0.1999999165535,1.19484920501709),
(1.1050004184246,-0.200999367237091,1.19220056533813),(1.1050004184246,
-0.1999999165535,1.19220056533813),(1.1300004184246,-0.200999367237091,
1.13999996185303),(1.1300004184246,-0.200999367237091,1.15999994277954),
(1.1300004184246,-0.200999367237091,1.28000001907349),(1.1300004184246,
-0.200999367237091,1.3),(1.1300004184246,-0.1999999165535,1.15999994277954),
(1.1300004184246,-0.1999999165535,1.28000001907349),(1.1300004184246,-0.15999976396561,
1.13999996185303),(1.1300004184246,-0.15999976396561,1.3)));
#927=COORDINATES_LIST('',136,((0.890000265836709,-0.200999367237091,1.13999996185303),
(0.890000265836709,-0.200999367237091,1.15999994277954),(0.890000265836709,
-0.200999367237091,1.28000001907349),(0.890000265836709,-0.200999367237091,
1.3),(0.890000265836709,-0.1999999165535,1.15999994277954),(0.890000265836709,
-0.1999999165535,1.28000001907349),(0.890000265836709,-0.15999976396561,
1.13999996185303),(0.890000265836709,-0.15999976396561,1.3),(0.905000418424601,
-0.200999367237091,1.17938003540039),(0.905000418424601,-0.200999367237091,
1.20553388595581),(0.905000418424601,-0.200999367237091,1.22399549484253),
(0.905000418424601,-0.200999367237091,1.22912368774414),(0.905000418424601,
-0.200999367237091,1.24553394317627),(0.905000418424601,-0.200999367237091,
1.25066213607788),(0.905000418424601,-0.1999999165535,1.17938003540039),
(0.905000418424601,-0.1999999165535,1.20553388595581),(0.905000418424601,
-0.1999999165535,1.22399549484253),(0.905000418424601,-0.1999999165535,
1.22912368774414),(0.905000418424601,-0.1999999165535,1.24553394317627),
(0.905000418424601,-0.1999999165535,1.25066213607788),(0.908558005094519,
-0.200999367237091,1.20499706268311),(0.908558005094519,-0.1999999165535,
1.20499706268311),(0.910128134489049,-0.200999367237091,1.17938003540039),
(0.910128134489049,-0.1999999165535,1.19894733428955),(0.910128134489059,
-0.200999367237091,1.19894733428955),(0.910128134489059,-0.1999999165535,
1.17938003540039),(0.912973135709759,-0.200999367237091,1.20276641845703),
(0.912973135709759,-0.1999999165535,1.20276641845703),(0.914743918180459,
-0.200999367237091,1.24040575027466),(0.914743918180459,-0.200999367237091,
1.24553394317627),(0.914743918180459,-0.200999367237091,1.25066213607788),
(0.914743918180459,-0.200999367237091,1.26809797286987),(0.914743918180459,
-0.1999999165535,1.24040575027466),(0.914743918180459,-0.1999999165535,
1.24553394317627),(0.914743918180459,-0.1999999165535,1.25066213607788),
(0.914743918180459,-0.1999999165535,1.26809797286987),(0.91587383151054,
-0.200999367237091,1.22222461700439),(0.91587383151054,-0.1999999165535,
1.22222461700439),(0.916718405485151,-0.200999367237091,1.19952659606934),
(0.916718405485151,-0.1999999165535,1.19952659606934),(0.917405813932411,
-0.200999367237091,1.22690057754517),(0.917405813932411,-0.1999999165535,
1.22690057754517),(0.917548483610151,-0.200999367237091,1.19099063873291),
(0.917548483610151,-0.1999999165535,1.19099063873291),(0.919871634244909,
-0.200999367237091,1.24040575027466),(0.919871634244909,-0.200999367237091,
1.24553394317627),(0.919871634244909,-0.200999367237091,1.25066213607788),
(0.919871634244909,-0.200999367237091,1.26176786422729),(0.919871634244909,
-0.200999367237091,1.26809797286987),(0.919871634244909,-0.1999999165535,
1.24040575027466),(0.919871634244909,-0.1999999165535,1.24553394317627),
(0.919871634244909,-0.1999999165535,1.25066213607788),(0.919871634244909,
-0.1999999165535,1.26176786422729),(0.919871634244909,-0.1999999165535,
1.26809797286987),(0.919960135221479,-0.200999367237091,1.195774269104),
(0.919960135221479,-0.1999999165535,1.195774269104),(0.92277919650077,-0.200999367237091,
1.18526992797852),(0.92277919650077,-0.1999999165535,1.18526992797852),
(0.92882396578788,-0.200999367237091,1.21715927124023),(0.92882396578788,
-0.1999999165535,1.21715927124023),(0.92902843356132,-0.200999367237091,
1.2219967842102),(0.92902843356132,-0.1999999165535,1.2219967842102),(0.92910549044609,
-0.200999367237091,1.18086404800415),(0.92910549044609,-0.1999999165535,
1.18086404800415),(0.93049327731132,-0.200999367237091,1.18584222793579),
(0.93049327731132,-0.1999999165535,1.18584222793579),(0.93215648531913,
-0.200999367237091,1.18524122238159),(0.93215648531913,-0.1999999165535,
1.18524122238159),(0.93320552706718,-0.200999367237091,1.19989290237427),
(0.93320552706718,-0.1999999165535,1.19989290237427),(0.93371822237968,
-0.200999367237091,1.20502109527588),(0.93371822237968,-0.1999999165535,
1.20502109527588),(0.933910483121869,-0.200999367237091,1.18502111434936),
(0.933910483121869,-0.1999999165535,1.18502111434936),(0.933958548307409,
-0.200999367237091,1.17989292144775),(0.933958548307409,-0.1999999165535,
1.17989292144775),(0.93427898287773,-0.200999367237091,1.25066213607788),
(0.93427898287773,-0.1999999165535,1.25066213607788),(0.934960287809371,
-0.200999367237091,1.19972667694092),(0.934960287809371,-0.1999999165535,
1.19972667694092),(0.936244314908979,-0.200999367237091,1.18544836044312),
(0.936244314908979,-0.1999999165535,1.18544836044311),(0.936322897672649,
-0.200999367237091,1.18012371063232),(0.936322897672649,-0.1999999165535,
1.18012371063232),(0.93663188815116,-0.200999367237091,1.19917497634888),
(0.93663188815116,-0.1999999165535,1.19917497634888),(0.93823100924491,
-0.200999367237091,1.18674697875977),(0.93823100924491,-0.1999999165535,
1.18674697875977),(0.938371390104289,-0.200999367237091,1.19792900085449),
(0.938371390104289,-0.1999999165535,1.19792900085449),(0.938580435514449,
-0.200999367237091,1.1808575630188),(0.938580435514449,-0.1999999165535,
1.1808575630188),(0.93920070528984,-0.200999367237091,1.20348587036133),
(0.93920070528984,-0.1999999165535,1.20348587036133),(0.939359396696089,
-0.200999367237091,1.21476469039917),(0.939359396696089,-0.200999367237091,
1.23527746200561),(0.939359396696089,-0.1999999165535,1.21476469039917),
(0.939359396696089,-0.1999999165535,1.23527746200562),(0.93962566256523,
-0.200999367237091,1.18866872787476),(0.93962566256523,-0.1999999165535,
1.18866872787476),(0.9397675693035,-0.200999367237091,1.19577693939209),
(0.9397675693035,-0.1999999165535,1.19577693939209),(0.940207785367959,
-0.200999367237091,1.19044694900513),(0.940207785367959,-0.1999999165535,
1.19044694900513),(0.94033672213554,-0.200999367237091,1.20963649749756),
(0.94033672213554,-0.1999999165535,1.20963649749756),(0.94038478732109,
-0.200999367237091,1.19231271743774),(0.94038478732109,-0.1999999165535,
1.19231271743774),(0.9419274508953,-0.200999367237091,1.18331680297852),
(0.9419274508953,-0.1999999165535,1.18331680297852),(0.94212886691093,-0.200999367237091,
1.20115966796875),(0.94212886691093,-0.1999999165535,1.20115966796875),
(0.94406825900077,-0.200999367237091,1.18674020767212),(0.94406825900077,
-0.1999999165535,1.18674020767212),(0.944220083951951,-0.200999367237091,
1.19743394851685),(0.944220083951951,-0.1999999165535,1.19743394851685),
(0.944487112760541,-0.200999367237091,1.20963649749756),(0.944487112760541,
-0.200999367237091,1.23527746200561),(0.944487112760541,-0.200999367237091,
1.24553394317627),(0.944487112760541,-0.200999367237091,1.24912366867065),
(0.944487112760541,-0.1999999165535,1.20963649749756),(0.944487112760541,
-0.1999999165535,1.23527746200562),(0.944487112760541,-0.1999999165535,
1.24553394317627),(0.944487112760541,-0.1999999165535,1.24912366867065),
(0.9448197543621,-0.200999367237091,1.19484920501709),(0.9448197543621,
-0.1999999165535,1.19484920501709),(0.94499980807304,-0.200999367237091,
1.19220056533813),(0.94499980807304,-0.1999999165535,1.19220056533813),
(0.96999980807304,-0.200999367237091,1.13999996185303),(0.96999980807304,
-0.200999367237091,1.15999994277954),(0.96999980807304,-0.200999367237091,
1.28000001907349),(0.96999980807304,-0.200999367237091,1.3),(0.96999980807304,
-0.1999999165535,1.15999994277954),(0.96999980807304,-0.1999999165535,1.28000001907349),
(0.96999980807304,-0.15999976396561,1.13999996185303),(0.96999980807304,
-0.15999976396561,1.3)));
#928=COORDINATES_LIST('',40,((0.859999960660929,-0.419999611377721,1.47427806854248),
(0.859999960660929,-0.419999611377721,1.65827827453614),(0.859999960660929,
-0.15999976396561,1.47427806854248),(0.859999960660929,-0.15999976396561,
1.65827827453614),(0.890000265836709,-0.419999611377721,1.44427804946899),
(0.890000265836709,-0.419999611377721,1.68827819824219),(0.890000265836709,
-0.15999976396561,1.44427804946899),(0.890000265836709,-0.15999976396561,
1.68827819824219),(0.94499980807304,-0.9999999165535,1.53127813339234),
(0.94499980807304,-0.9999999165535,1.60127792358398),(0.94499980807304,
-0.419999611377721,1.53127813339234),(0.94499980807304,-0.419999611377721,
1.60127792358398),(0.94499980807304,-0.15999976396561,1.53127813339234),
(0.94499980807304,-0.15999976396561,1.60127792358398),(0.94499980807304,
0.120000541210169,1.53127813339234),(0.94499980807304,0.120000541210169,
1.60127792358398),(0.965000265836709,-1.01999961137772,1.55127801895142),
(0.965000265836709,-1.01999961137772,1.58127813339234),(0.965000265836709,
0.140000236034389,1.55127801895142),(0.965000265836709,0.140000236034389,
1.58127813339234),(0.99499980807304,-1.01999961137772,1.55127801895142),
(0.99499980807304,-1.01999961137772,1.58127813339234),(0.99499980807304,
0.140000236034389,1.55127801895142),(0.99499980807304,0.140000236034389,
1.58127813339234),(1.01500026583671,-0.9999999165535,1.53127813339234),
(1.01500026583671,-0.9999999165535,1.60127792358398),(1.01500026583671,
-0.419999611377721,1.53127813339234),(1.01500026583671,-0.419999611377721,
1.60127792358398),(1.01500026583671,-0.15999976396561,1.53127813339234),
(1.01500026583671,-0.15999976396561,1.60127792358398),(1.01500026583671,
0.120000541210169,1.53127813339234),(1.01500026583671,0.120000541210169,
1.60127792358398),(1.06999980807304,-0.419999611377721,1.44427804946899),
(1.06999980807304,-0.419999611377721,1.68827819824219),(1.06999980807304,
-0.15999976396561,1.44427804946899),(1.06999980807304,-0.15999976396561,
1.68827819824219),(1.10000011324882,-0.419999611377721,1.47427806854248),
(1.10000011324882,-0.419999611377721,1.65827827453614),(1.10000011324882,
-0.15999976396561,1.47427806854248),(1.10000011324882,-0.15999976396561,
1.65827827453614)));
#929=COORDINATES_LIST('',16,((0.730000418424601,-0.24099951982499,1.13999996185303),
(0.730000418424601,-0.24099951982499,1.15999994277954),(0.730000418424601,
-0.24099951982499,1.28000001907349),(0.730000418424601,-0.24099951982499,
1.3),(0.730000418424601,-0.239999306201939,1.15999994277954),(0.730000418424601,
-0.239999306201939,1.28000001907349),(0.730000418424601,-0.15999976396561,
1.13999996185303),(0.730000418424601,-0.15999976396561,1.3),(0.809999960660929,
-0.24099951982499,1.13999996185303),(0.809999960660929,-0.24099951982499,
1.15999994277954),(0.809999960660929,-0.24099951982499,1.28000001907349),
(0.809999960660929,-0.24099951982499,1.3),(0.809999960660929,-0.239999306201939,
1.15999994277954),(0.809999960660929,-0.239999306201939,1.28000001907349),
(0.809999960660929,-0.15999976396561,1.13999996185303),(0.809999960660929,
-0.15999976396561,1.3)));
#930=COORDINATES_LIST('',40,((0.60599986910819,-0.419999611377721,1.47427806854248),
(0.60599986910819,-0.15999976396561,1.65827827453614),(0.605999869108199,
-0.419999611377721,1.65827827453614),(0.605999869108199,-0.15999976396561,
1.47427806854248),(0.636000174283979,-0.419999611377721,1.44427804946899),
(0.636000174283979,-0.419999611377721,1.68827819824219),(0.636000174283979,
-0.15999976396561,1.44427804946899),(0.636000174283979,-0.15999976396561,
1.68827819824219),(0.69100047945975,-0.9999999165535,1.53127813339234),
(0.69100047945975,-0.419999611377721,1.53127813339234),(0.69100047945975,
-0.419999611377721,1.60127792358398),(0.69100047945975,-0.15999976396561,
1.53127813339234),(0.69100047945975,-0.15999976396561,1.60127792358398),
(0.691000479459759,-0.9999999165535,1.60127792358398),(0.691000479459759,
0.120000541210169,1.53127813339234),(0.691000479459759,0.120000541210169,
1.60127792358398),(0.711000174283979,-1.01999961137772,1.55127801895142),
(0.711000174283979,-1.01999961137772,1.58127813339234),(0.711000174283979,
0.140000236034389,1.55127801895142),(0.711000174283979,0.140000236034389,
1.58127813339234),(0.741000479459759,-1.01999961137772,1.55127801895142),
(0.741000479459759,-1.01999961137772,1.58127813339234),(0.741000479459759,
0.140000236034389,1.55127801895142),(0.741000479459759,0.140000236034389,
1.58127813339234),(0.76100017428397,-0.9999999165535,1.60127792358398),
(0.76100017428397,-0.419999611377721,1.53127813339234),(0.76100017428397,
-0.419999611377721,1.60127792358398),(0.76100017428397,-0.15999976396561,
1.53127813339234),(0.76100017428397,0.120000541210169,1.60127792358398),
(0.761000174283979,-0.9999999165535,1.53127813339234),(0.761000174283979,
-0.15999976396561,1.60127792358398),(0.761000174283979,0.120000541210169,
1.53127813339234),(0.81600047945976,-0.419999611377721,1.44427804946899),
(0.81600047945976,-0.419999611377721,1.68827819824219),(0.81600047945976,
-0.15999976396561,1.44427804946899),(0.81600047945976,-0.15999976396561,
1.68827819824219),(0.84600002169609,-0.419999611377721,1.47427806854248),
(0.84600002169609,-0.419999611377721,1.65827827453614),(0.84600002169609,
-0.15999976396561,1.47427806854248),(0.84600002169609,-0.15999976396561,
1.65827827453614)));
#931=COORDINATES_LIST('',40,((0.351999777555459,-0.419999611377721,1.47427806854248),
(0.351999777555459,-0.419999611377721,1.65827827453614),(0.351999777555459,
-0.15999976396561,1.47427806854248),(0.351999777555459,-0.15999976396561,
1.65827827453614),(0.38200008273124,-0.419999611377721,1.44427804946899),
(0.38200008273124,-0.419999611377721,1.68827819824219),(0.38200008273124,
-0.15999976396561,1.44427804946899),(0.38200008273124,-0.15999976396561,
1.68827819824219),(0.43700038790702,-0.9999999165535,1.53127813339234),
(0.43700038790702,-0.9999999165535,1.60127792358398),(0.43700038790702,
-0.419999611377721,1.53127813339234),(0.43700038790702,-0.419999611377721,
1.60127792358398),(0.43700038790702,-0.15999976396561,1.53127813339234),
(0.43700038790702,-0.15999976396561,1.60127792358398),(0.43700038790702,
0.120000541210169,1.53127813339234),(0.43700038790702,0.120000541210169,
1.60127792358398),(0.45700008273124,-1.01999961137772,1.55127801895142),
(0.45700008273124,-1.01999961137772,1.58127813339234),(0.45700008273124,
0.140000236034389,1.55127801895142),(0.45700008273124,0.140000236034389,
1.58127813339234),(0.48700038790702,-1.01999961137772,1.55127801895142),
(0.48700038790702,-1.01999961137772,1.58127813339234),(0.48700038790702,
0.140000236034389,1.55127801895142),(0.48700038790702,0.140000236034389,
1.58127813339234),(0.50700008273124,-0.9999999165535,1.53127813339234),
(0.50700008273124,-0.9999999165535,1.60127792358398),(0.50700008273124,
-0.419999611377721,1.53127813339234),(0.50700008273124,-0.419999611377721,
1.60127792358398),(0.50700008273124,-0.15999976396561,1.53127813339234),
(0.50700008273124,-0.15999976396561,1.60127792358398),(0.50700008273124,
0.120000541210169,1.53127813339234),(0.50700008273124,0.120000541210169,
1.60127792358398),(0.56200038790702,-0.419999611377721,1.44427804946899),
(0.56200038790702,-0.419999611377721,1.68827819824219),(0.56200038790702,
-0.15999976396561,1.44427804946899),(0.56200038790702,-0.15999976396561,
1.68827819824219),(0.591999930143349,-0.419999611377721,1.47427806854248),
(0.591999930143349,-0.419999611377721,1.65827827453614),(0.591999930143349,
-0.15999976396561,1.47427806854248),(0.591999930143349,-0.15999976396561,
1.65827827453614)));
#932=COORDINATES_LIST('',32,((0.3300004184246,-0.239999306201939,1.20153064727783),
(0.3300004184246,-0.239999306201939,1.23153076171875),(0.3300004184246,
-0.15999976396561,1.20153064727783),(0.3300004184246,-0.15999976396561,
1.23153076171875),(0.39000026583671,-0.319999611377721,1.08153076171875),
(0.39000026583671,-0.319999611377721,1.35153064727783),(0.39000026583671,
-0.239999306201939,1.20153064727783),(0.39000026583671,-0.239999306201939,
1.23153076171875),(0.39000026583671,-0.15999976396561,1.08153076171875),
(0.39000026583671,-0.15999976396561,1.20153064727783),(0.39000026583671,
-0.15999976396561,1.23153076171875),(0.39000026583671,-0.15999976396561,
1.35153064727783),(0.519999808073039,-0.319999611377721,1.08153076171875),
(0.519999808073039,-0.319999611377721,1.35153064727783),(0.519999808073039,
-0.239999306201939,1.09153060913086),(0.519999808073039,-0.239999306201939,
1.12153072357178),(0.519999808073039,-0.239999306201939,1.3115306854248),
(0.519999808073039,-0.239999306201939,1.34153060913086),(0.519999808073039,
-0.15999976396561,1.08153076171875),(0.519999808073039,-0.15999976396561,
1.09153060913086),(0.519999808073039,-0.15999976396561,1.12153072357178),
(0.519999808073039,-0.15999976396561,1.3115306854248),(0.519999808073039,
-0.15999976396561,1.34153060913086),(0.519999808073039,-0.15999976396561,
1.35153064727783),(0.5800004184246,-0.239999306201939,1.09153060913086),
(0.5800004184246,-0.239999306201939,1.12153072357178),(0.5800004184246,
-0.239999306201939,1.3115306854248),(0.5800004184246,-0.239999306201939,
1.34153060913086),(0.5800004184246,-0.15999976396561,1.09153060913086),
(0.5800004184246,-0.15999976396561,1.12153072357178),(0.5800004184246,-0.15999976396561,
1.3115306854248),(0.5800004184246,-0.15999976396561,1.34153060913086)));
#933=COORDINATES_LIST('',719,((0.14084407687187,8.34464997101492E-8,0.8),
(0.14084407687187,0.0400231242179805,0.8),(0.14236766695976,0.04767998456955,
0.8),(0.146707266569131,0.0541703104972799,0.8),(0.153200644254681,0.0585053324699394,
0.8),(0.15651790499687,8.34464997101492E-8,0.680943202972412),(0.15651790499687,
8.34464997101492E-8,0.919056797027588),(0.15651790499687,0.0400231242179805,
0.680943202972412),(0.15651790499687,0.0400231242179805,0.919056797027588),
(0.157990378141398,0.04767998456955,0.681337642669678),(0.157990378141398,
0.04767998456955,0.918662357330322),(0.160859030485148,0.0600228190421992,
0.8),(0.16218196749687,0.0541703104972799,0.682460689544678),(0.16218196749687,
0.0541703104972799,0.917539215087891),(0.168454092741011,0.0585053324699394,
0.68414134979248),(0.168454092741011,0.0585053324699394,0.915858554840088),
(0.175851553678509,0.0600228190421992,0.686123561859131),(0.175851553678509,
0.0600228190421992,0.913876438140869),(0.19084407687187,0.060000693798061,
0.8),(0.19084407687187,0.48000038862228,0.8),(0.19388896822929,0.49530800580978,
0.8),(0.19803096652031,0.49530800580978,0.742084217071533),(0.19803096652031,
0.49530800580978,0.857915782928467),(0.2024728000164,8.34464997101492E-8,
0.569999980926514),(0.2024728000164,8.34464997101492E-8,1.03000001907349),
(0.2024728000164,0.0400231242179805,0.569999980926514),(0.2024728000164,
0.0400231242179805,1.03000001907349),(0.20255977511406,0.508284842967981,
0.8),(0.20379192233085,0.04767998456955,0.570761871337891),(0.20379192233085,
0.04767998456955,1.02923803329468),(0.20481426119804,0.060000693798061,
0.693884181976318),(0.20481426119804,0.060000693798061,0.906115818023682),
(0.20481426119804,0.48000038862228,0.693884181976318),(0.20481426119804,
0.48000038862228,0.906115818023682),(0.206614035367959,0.508284842967981,
0.743318271636963),(0.206614035367959,0.508284842967981,0.856681728363037),
(0.20755016207695,0.0541703104972799,0.572931575775147),(0.20755016207695,
0.0541703104972799,1.02706832885742),(0.207755392789839,0.49530800580978,
0.694672203063965),(0.207755392789839,0.49530800580978,0.905327701568604),
(0.213173788785929,0.0585053324699394,0.576178359985352),(0.213173788785929,
0.0585053324699394,1.02382154464722),(0.216130942106249,0.508284842967981,
0.696916389465332),(0.216130942106249,0.508284842967981,0.903083515167236),
(0.21945888400077,0.51695564985275,0.745165061950684),(0.21945888400077,
0.51695564985275,0.854834938049317),(0.219806021451949,0.0600228190421992,
0.580007553100586),(0.219806021451949,0.0600228190421992,1.01999235153198),
(0.23066493868827,0.49530800580978,0.630944633483887),(0.23066493868827,
0.49530800580978,0.969055271148682),(0.23461009860038,0.520000541210169,
0.74734354019165),(0.23461009860038,0.520000541210169,0.85265645980835),
(0.238552206754679,0.508284842967981,0.634546661376953),(0.238552206754679,
0.508284842967981,0.965453243255615),(0.24577342867851,0.060000693798061,
0.594999980926514),(0.24577342867851,0.060000693798061,1.00500001907349),
(0.24577342867851,0.48000038862228,0.594999980926514),(0.24577342867851,
0.48000038862228,1.00500001907349),(0.248410910367959,0.49530800580978,
0.596522331237793),(0.248410910367959,0.49530800580978,1.00347757339477),
(0.250356405973429,0.51695564985275,0.639937496185303),(0.250356405973429,
0.51695564985275,0.960062408447266),(0.255919760465619,0.508284842967981,
0.600857830047607),(0.255919760465619,0.508284842967981,0.999142169952393),
(0.26428005099296,0.520000541210169,0.646296405792236),(0.26428005099296,
0.520000541210169,0.953703498840332),(0.267157858610149,0.51695564985275,
0.607346343994141),(0.27557536959648,8.34464997101492E-8,0.47473087310791),
(0.27557536959648,8.34464997101492E-8,1.12526912689209),(0.27557536959648,
0.0400231242179805,0.47473087310791),(0.27557536959648,0.0400231242179805,
1.12526912689209),(0.27665264010429,0.04767998456955,0.475808334350586),
(0.27665264010429,0.04767998456955,1.12419157028198),(0.27972118258475,
0.0541703104972799,0.478876781463623),(0.279721182584759,0.0541703104972799,
1.12112321853638),(0.28431255221367,0.0585053324699394,0.483468437194824),
(0.28431255221367,0.0585053324699394,1.11653146743774),(0.28972789645195,
0.0600228190421992,0.488883686065674),(0.28972789645195,0.0600228190421992,
1.11111621856689),(0.29328777194023,0.49530800580978,0.533500957489014),
(0.298836630582801,0.000882804393760594,0.746747875213623),(0.298836630582801,
0.000882804393760594,0.853252124786377),(0.299840658903121,0.508284842967981,
0.539179229736328),(0.30964824557304,0.51695564985275,0.547677326202393),
(0.310844534635539,0.520000541210169,0.8),(0.31092998385429,0.060000693798061,
0.510086154937744),(0.31092998385429,0.060000693798061,1.08991374969482),
(0.31092998385429,0.48000038862228,0.510086154937744),(0.31092998385429,
0.48000038862228,1.08991374969482),(0.31308299899101,0.49530800580978,1.0877607345581),
(0.319214743375769,0.508284842967981,1.0816294670105),(0.32121669650078,
0.520000541210169,0.55770149230957),(0.32121669650078,0.520000541210169,
1.04229850769043),(0.322324484586708,0.52228401899337,0.8),(0.32503749728203,
0.520000541210169,0.710385036468506),(0.32503749728203,0.520000541210169,
0.889614963531494),(0.332057303190229,0.528787314891809,0.8),(0.335263174772259,
0.000882804393760594,0.646666622161865),(0.335263174772259,0.000882804393760594,
0.953333282470703),(0.33595668673515,0.52228401899337,0.713932704925537),
(0.33595668673515,0.52228401899337,0.886067295074463),(0.336140555143349,
0.528787314891809,0.846674346923828),(0.336140555143349,0.52878731489182,
0.753325653076172),(0.338560599088659,0.538519370555869,0.8),(0.34254543185234,
0.538519370555869,0.754454898834229),(0.34254543185234,0.538519370555869,
0.845545101165772),(0.344793814420689,0.5500000834465,0.75485143661499),
(0.344793814420689,0.5500000834465,0.84514856338501),(0.34521266818046,
0.528787314891809,0.716940307617188),(0.34521266818046,0.528787314891809,
0.883059692382812),(0.347042959928509,0.56148079633712,0.755247974395752),
(0.347042959928509,0.56148079633712,0.844751930236816),(0.35139781832695,
0.538519370555869,0.718949890136719),(0.35139781832695,0.538519370555869,
0.881050109863281),(0.353447073698039,0.57121361494064,0.75637731552124),
(0.353447073698039,0.57121361494064,0.84362268447876),(0.359639090299599,
0.52228401899337,0.660740184783936),(0.359639090299599,0.52228401899337,
0.939259719848633),(0.3630326449871,0.57771691083907,0.841932678222656),
(0.3630326449871,0.57771691083908,0.758067321777344),(0.366229361295699,
0.520000541210169,0.629542255401611),(0.366229361295699,0.520000541210169,
0.970457744598389),(0.368068045377729,0.528787314891809,0.665606594085693),
(0.368068045377729,0.528787314891809,0.934393405914307),(0.37084438204765,
8.34464997101492E-8,0.401628303527832),(0.37084438204765,8.34464997101492E-8,
1.19837169647217),(0.37084438204765,0.0400231242179805,0.401628303527832),
(0.37084438204765,0.0400231242179805,1.19837169647217),(0.37160579562187,
0.04767998456955,0.402947998046875),(0.37160579562187,0.04767998456955,
1.19705200195312),(0.3737000644207,0.538519370555869,0.668858146667481),
(0.3737000644207,0.538519370555869,0.931141757965088),(0.373775595426559,
0.0541703104972799,0.40670599937439),(0.373775595426559,0.0541703104972799,
1.19329395294189),(0.374338644742959,0.58000038862228,0.760060882568359),
(0.374338644742959,0.58000038862228,0.839939117431641),(0.375517386198039,
0.52228401899337,0.63629035949707),(0.375517386198039,0.52228401899337,
0.96370964050293),(0.3756776034832,0.5500000834465,0.669999980926514),(0.3756776034832,
0.5500000834465,0.930000019073486),(0.377022665739049,0.0585053324699394,
0.41232967376709),(0.377022665739049,0.0585053324699394,1.18767032623291),
(0.377655142545699,0.56148079633712,0.671141815185547),(0.377655142545699,
0.56148079633712,0.928858184814453),(0.38082744479179,0.49530800580978,
0.457647514343262),(0.380851858854289,0.0600228190421992,0.418961954116821),
(0.380851858854289,0.0600228190421992,1.18103799819946),(0.383287161588659,
0.57121361494064,0.674393367767334),(0.383287161588659,0.57121361494064,
0.925606632232666),(0.38339092135429,0.528787314891809,0.957988929748535),
(0.38339092135429,0.52878731489182,0.642011070251465),(0.385515707731239,
0.508284842967981,0.464941883087158),(0.388652151823041,0.538519370555869,
0.645833492279053),(0.388652151823041,0.538519370555869,0.954166412353516),
(0.39084407687187,-0.30666648149491,0.614999961853027),(0.39084407687187,
-0.30666648149491,0.984999942779541),(0.39084407687187,0.00103691816329965,
0.985080337524414),(0.39084407687187,0.00103768110275015,0.615080738067627),
(0.391594046354289,0.00101708173751019,0.990990257263184),(0.391594046354289,
0.00106285810470008,0.620990657806397),(0.39168407320976,0.00101631879805969,
0.608633708953857),(0.39168407320976,0.00106514692305992,0.978633308410645),
(0.391716116666789,0.57771691083908,0.67925968170166),(0.391716116666789,
0.57771691083908,0.920740222930908),(0.392530936002729,0.51695564985275,
0.475858783721924),(0.39274684786796,-0.30666648149491,0.605432891845703),
(0.39274684786796,-0.30666648149491,0.624567031860352),(0.39274684786796,
-0.30666648149491,0.975432872772217),(0.39274684786796,-0.30666648149491,
0.994567108154297),(0.393713492155069,0.00100411176680998,0.996572780609131),
(0.39371425509452,0.00109337568282852,0.626573085784912),(0.39446117281913,
0.00100182294845014,0.602073097229004),(0.39446117281913,0.00110176801680906,
0.972072887420654),(0.39584438204765,0.060000693798061,0.444929552078247),
(0.39584438204765,0.060000693798061,1.15507040023804),(0.39584438204765,
0.48000038862228,0.444929552078247),(0.39584438204765,0.48000038862228,
1.15507040023804),(0.397067373991009,0.000998771190639791,1.00150156021118),
(0.397067373991009,0.00112618207930987,0.631501770019531),(0.39736644625664,
0.49530800580978,1.15243349075317),(0.398166769742959,-0.30666648149491,
0.597322273254395),(0.398166769742959,-0.30666648149491,0.63267765045166),
(0.398166769742959,-0.30666648149491,0.96732234954834),(0.398166769742959,
-0.30666648149491,1.00267763137817),(0.398549765348429,0.000998008251189286,
0.596947479248047),(0.398549765348429,0.00113838911055958,0.966947364807129),
(0.40080730319023,0.520000541210169,0.488736152648926),(0.40080730319023,
0.520000541210169,1.11126375198364),(0.40150157809257,0.00100029706955052,
1.00546503067017),(0.40150157809257,0.00116051435470055,0.635465145111084),
(0.40165798068046,0.58000038862228,0.684999942779541),(0.40165798068046,
0.58000038862228,0.914999961853027),(0.401702231168739,0.508284842967981,
1.14492425918579),(0.403722494840619,0.000882804393760594,0.565079689025879),
(0.403722494840619,0.000882804393760594,1.03492031097412),(0.406276816129679,
-0.30666648149491,0.591903018951416),(0.406276816129679,-0.30666648149491,
0.63809700012207),(0.406276816129679,-0.30666648149491,0.96190299987793),
(0.406276816129679,-0.30666648149491,1.00809698104858),(0.406555289030069,
0.00100868940352966,0.591811370849609),(0.406555289030069,0.00119255781173,
0.961811351776123),(0.40675670504569,0.00119408369063934,0.638268756866455),
(0.406756705045699,0.00100945234298017,1.00826873779297),(0.40819026827812,
0.51695564985275,1.1336859703064),(0.411209982633588,0.00102165937422988,
1.00955648422241),(0.411209982633588,0.00121849775314015,0.639556503295898),
(0.41584407687187,-0.30666648149491,0.589999961853027),(0.41584407687187,
-0.30666648149491,0.639999961853027),(0.41584407687187,-0.30666648149491,
0.959999942779541),(0.41584407687187,-0.30666648149491,1.00999994277954),
(0.41584407687187,0.00103691816329965,0.589999961853027),(0.41584407687187,
0.00103691816329965,1.00999994277954),(0.41584407687187,0.00123986005783061,
0.639999961853027),(0.41584407687187,0.00123986005783061,0.959999942779541),
(0.420443075895299,0.00105675458908078,0.590437412261963),(0.420443075895299,
0.00125817060469963,0.960437488555908),(0.421815603971479,0.52228401899337,
0.586641693115234),(0.424887961149209,0.00107887983321897,0.591714859008789),
(0.424887961149209,0.00127266645430918,0.961714935302734),(0.425176352262489,
0.00108040571211998,1.00817184448242),(0.425176352262489,0.00127342939375968,
0.638171768188477),(0.42541133761405,-0.30666648149491,0.591903018951416),
(0.42541133761405,-0.30666648149491,0.63809700012207),(0.42541133761405,
-0.30666648149491,0.96190299987793),(0.42541133761405,-0.30666648149491,
1.00809698104858),(0.42807094454765,0.528787314891809,0.594097328186035),
(0.43016292452812,0.00111016035079931,0.594518280029297),(0.43016292452812,
0.00128334760665927,0.964518451690674),(0.43038646578788,0.520000541210169,
0.565385055541992),(0.43038646578788,0.520000541210169,1.03461494445801),
(0.430844229459759,0.56000069379806,0.8),(0.43104411959648,0.58000038862228,
0.8),(0.43225185275077,0.538519370555869,0.599079036712647),(0.43313381075859,
0.00113228559494027,1.00305690765381),(0.43313381075859,0.0012856364250205,
0.633056831359863),(0.43352214694023,-0.30666648149491,0.597322273254395),
(0.43352214694023,-0.30666648149491,0.63267765045166),(0.43352214694023,
-0.30666648149491,0.96732234954834),(0.43352214694023,-0.30666648149491,
1.00267763137817),(0.43371898531913,0.5500000834465,0.600828456878662),
(0.43371898531914,0.5500000834465,0.999171543121338),(0.434637564420701,
0.00114449262618999,0.598515796661377),(0.434637564420701,0.0012856364250205,
0.968515968322754),(0.435186880826949,0.56148079633712,0.997422218322754),
(0.435186880826949,0.56148079633713,0.602577781677246),(0.43713466525077,
0.52228401899337,1.0253270149231),(0.437194937467569,0.00116966962813991,
0.997965145111084),(0.437194937467569,0.00128105878829943,0.627964878082275),
(0.438002127408979,0.00117882490158067,0.603463840484619),(0.438002127408979,
0.00127876996993959,0.973464107513428),(0.43894130587577,-0.30666648149491,
0.605432891845703),(0.43894130587577,-0.30666648149491,0.624567031860352),
(0.43894130587577,-0.30666648149491,0.975432872772217),(0.43894130587577,
-0.30666648149491,0.994567108154297),(0.439367789030071,0.57121361494064,
0.607559490203857),(0.439367789030071,0.57121361494064,0.992440509796143),
(0.439987295866009,0.00120934247969939,0.991400337219238),(0.439987295866009,
0.00126427412033003,0.621399974822998),(0.44010860323906,0.00121163129806062,
0.609042739868164),(0.44010860323906,0.00126274824141931,0.979043102264404),
(0.44084407687187,-0.30666648149491,0.614999961853027),(0.44084407687187,
-0.30666648149491,0.984999942779541),(0.44084407687187,0.00123986005783061,
0.614945793151856),(0.44084407687187,0.00124062299727973,0.984946155548096),
(0.442855185270299,0.528787314891809,1.01745309829712),(0.443784445524209,
0.56000069379806,0.734943771362305),(0.443784445524209,0.56000069379806,
0.865056133270264),(0.44396907687187,0.58000038862228,0.735020256042481),
(0.44396907687187,0.58000038862228,0.86497974395752),(0.44562312960624,
0.57771691083908,0.615015125274658),(0.44562312960624,0.57771691083908,
0.98498477935791),(0.44667751193046,0.538519370555869,1.01219186782837),
(0.44984065890312,0.00176552534102981,0.773373889923096),(0.44984065890312,
0.00176552534102981,0.826626014709473),(0.453003042936319,0.58000038862228,
0.623809719085693),(0.453003042936319,0.58000038862228,0.976190185546875),
(0.46805354952812,0.00176552534102981,0.723333358764648),(0.46805354952812,
0.00176552534102981,0.876666641235352),(0.48063594698905,0.56000069379806,
0.679791831970215),(0.48063594698905,0.56000069379806,0.920208168029785),
(0.480777090787879,0.58000038862228,0.679932975769043),(0.480777090787879,
0.58000038862228,0.920066928863525),(0.48178722262382,8.34464997101492E-8,
0.355674123764038),(0.48178722262382,8.34464997101492E-8,1.24432582855225),
(0.48178722262382,0.0400231242179805,0.355674123764038),(0.48178722262382,
0.0400231242179805,1.24432582855225),(0.482181662321089,0.04767998456955,
0.357146024703979),(0.482181662321089,0.04767998456955,1.2428539276123),
(0.48330470919609,0.0541703104972799,0.361337566375732),(0.48330470919609,
0.0541703104972799,1.23866243362427),(0.48498546481132,0.0585053324699394,
0.367609930038452),(0.48498546481132,0.0585053324699394,1.23239002227783),
(0.48619167208671,0.49530800580978,0.40952935218811),(0.48696758151054,
0.0600228190421992,0.37500729560852),(0.48696758151054,0.0600228190421992,
1.22499265670776),(0.488634604215619,0.508284842967981,0.417849016189575),
(0.49229061007499,0.51695564985275,0.430300331115723),(0.49472820162773,
0.060000693798061,0.403970384597778),(0.49472820162773,0.060000693798061,
1.19602956771851),(0.49472820162773,0.48000038862228,0.403970384597778),
(0.49472820162773,0.48000038862228,1.19602956771851),(0.49551631808281,
0.49530800580978,1.19308853149414),(0.49595806002616,0.000882804393760594,
0.511827564239502),(0.49595806002616,0.000882804393760594,1.0881724357605),
(0.49660274386405,0.520000541210169,0.4449875831604),(0.49660274386405,
0.520000541210169,1.1550124168396),(0.4977608859539,0.508284842967981,1.18471307754517),
(0.50111934542655,0.51695564985275,1.17217826843262),(0.50228359103202,
0.00176552534102981,0.68253984451294),(0.50228359103202,0.00176552534102981,
0.917460155487061),(0.505584830045699,0.52228401899337,0.538277244567871),
(0.508913534879679,0.528787314891809,0.547422981262207),(0.511137503385539,
0.538519370555869,0.553534030914307),(0.51122905611992,0.520000541210169,
0.524193572998047),(0.51122905611992,0.520000541210169,1.07580642700195),
(0.511918753385539,0.5500000834465,0.555679893493653),(0.511918753385539,
0.5500000834465,1.04432010650635),(0.51270000338554,0.56148079633712,0.557825756072998),
(0.51270000338554,0.56148079633712,1.04217414855957),(0.51477672457695,
0.52228401899337,1.06488780975342),(0.5149239718914,0.57121361494064,0.563936805725098),
(0.5149239718914,0.57121361494064,1.0360631942749),(0.51778423190116,0.528787314891809,
1.05563144683838),(0.518252676725379,0.57771691083907,0.573082542419434),
(0.518252676725379,0.57771691083908,1.02691745758057),(0.519793814420701,
0.538519370555869,1.04944648742676),(0.52217952609062,0.58000038862228,
0.583870697021484),(0.52217952609062,0.58000038862228,1.01612930297852),
(0.535788077116009,0.56000069379806,0.642940425872803),(0.535788077116009,
0.56000069379806,0.957059478759766),(0.53586437106132,0.58000038862228,
0.643124866485596),(0.53586437106132,0.58000038862228,0.956875038146973),
(0.548400992155069,0.00176552534102981,0.655913734436035),(0.548400992155069,
0.00176552534102981,0.944086170196533),(0.60084392428397,8.34464997101492E-8,
0.340000009536743),(0.60084392428397,0.060000693798061,0.390000009536743),
(0.60084392428397,0.508284842967981,0.401715707778931),(0.60084392428397,
0.508284842967981,1.19828424453735),(0.60084392428397,0.52878731489182,
0.531213188171387),(0.60084392428397,0.52878731489182,1.06878681182861),
(0.60084392428397,0.58000038862228,0.63019962310791),(0.60084392428397,
0.58000038862228,0.96980037689209),(0.600843924283979,8.34464997101492E-8,
1.25999994277954),(0.600843924283979,0.0026482462883004,0.8),(0.600843924283979,
0.0400231242179805,0.340000009536743),(0.600843924283979,0.0400231242179805,
1.25999994277954),(0.600843924283979,0.04767998456955,0.341523838043213),
(0.600843924283979,0.04767998456955,1.25847616195679),(0.600843924283979,
0.0541703104972799,0.345863246917724),(0.600843924283979,0.0541703104972799,
1.25413675308228),(0.600843924283979,0.0585053324699394,0.35235686302185),
(0.600843924283979,0.0585053324699394,1.24764308929443),(0.600843924283979,
0.060000693798061,1.20999994277954),(0.600843924283979,0.0600228190421992,
0.360015153884888),(0.600843924283979,0.0600228190421992,1.2399847984314),
(0.600843924283979,0.48000038862228,0.390000009536743),(0.600843924283979,
0.48000038862228,1.20999994277954),(0.600843924283979,0.49530800580978,
0.393044805526734),(0.600843924283979,0.49530800580978,1.20695514678955),
(0.600843924283979,0.51695564985275,0.414692640304565),(0.600843924283979,
0.51695564985275,1.18530731201172),(0.600843924283979,0.520000541210169,
0.429999971389771),(0.600843924283979,0.520000541210169,0.509999942779541),
(0.600843924283979,0.520000541210169,1.08999996185303),(0.600843924283979,
0.520000541210169,1.16999998092651),(0.600843924283979,0.52228401899337,
0.521480464935303),(0.600843924283979,0.52228401899337,1.07851943969727),
(0.600843924283979,0.538519370555869,0.537716388702393),(0.600843924283979,
0.538519370555869,1.06228361129761),(0.600843924283979,0.5500000834465,
0.539999961853027),(0.600843924283979,0.5500000834465,1.05999994277954),
(0.600843924283979,0.56000069379806,0.629999923706055),(0.600843924283979,
0.56000069379806,0.969999980926514),(0.600843924283979,0.56148079633712,
0.542283535003662),(0.600843924283979,0.56148079633712,1.05771636962891),
(0.600843924283979,0.57121361494064,0.548786735534668),(0.600843924283979,
0.57121361494064,1.0512131690979),(0.600843924283979,0.57771691083908,0.558519458770752),
(0.600843924283979,0.57771691083908,1.04148044586182),(0.600843924283979,
0.58000038862228,0.569999980926514),(0.600843924283979,0.58000038862228,
1.03000001907349),(0.65328685641288,0.00176552534102981,0.655913734436035),
(0.65328685641288,0.00176552534102981,0.944086170196533),(0.66582424044609,
0.58000038862228,0.643124866485596),(0.66582424044609,0.58000038862228,
0.956875038146973),(0.6659005343914,0.56000069379806,0.642940425872803),
(0.6659005343914,0.56000069379806,0.957059478759766),(0.679509085416789,
0.58000038862228,0.583870697021484),(0.679509085416789,0.58000038862228,
1.01612930297852),(0.68189403414726,0.538519370555869,0.550553417205811),
(0.683435171842568,0.57771691083908,0.573082542419434),(0.683435171842568,
0.57771691083908,1.02691745758057),(0.683903616666789,0.528787314891809,
0.544368553161621),(0.686763876676549,0.57121361494064,0.563936805725098),
(0.686763876676549,0.57121361494064,1.0360631942749),(0.686911123991009,
0.52228401899337,0.535112190246582),(0.68898860812187,0.56148079633712,
0.557825756072998),(0.68898860812187,0.56148079633712,1.04217414855957),
(0.689769095182409,0.5500000834465,0.555679893493653),(0.689769095182409,
0.5500000834465,1.04432010650635),(0.69045879244804,0.520000541210169,0.524193572998047),
(0.69045879244804,0.520000541210169,1.07580642700195),(0.690550345182409,
0.538519370555869,1.04646596908569),(0.69277431368827,0.528787314891809,
1.05257692337036),(0.69610378146171,0.52228401899337,1.0617226600647),(0.699405020475379,
0.00176552534102981,0.68253984451294),(0.699405020475379,0.00176552534102981,
0.917460155487061),(0.70056926608085,0.51695564985275,0.427821683883667),
(0.703927725553509,0.508284842967981,0.415286922454834),(0.7050851047039,
0.520000541210169,0.4449875831604),(0.7050851047039,0.520000541210169,1.1550124168396),
(0.70573055148124,0.000882804393760594,0.511827564239502),(0.70573055148124,
0.000882804393760594,1.0881724357605),(0.706171530485149,0.49530800580978,
0.40691146850586),(0.706959646940229,0.060000693798061,0.403970384597778),
(0.706959646940229,0.060000693798061,1.19602956771851),(0.706959646940229,
0.48000038862228,0.403970384597778),(0.706959646940229,0.48000038862228,
1.19602956771851),(0.70939800143241,0.51695564985275,1.16969966888428),
(0.71305400729179,0.508284842967981,1.18215093612671),(0.714720267057409,
0.0600228190421992,0.37500729560852),(0.714720267057409,0.0600228190421992,
1.22499265670776),(0.71549693942069,0.49530800580978,1.19047060012817),
(0.71670238375663,0.0585053324699394,0.367609930038452),(0.71670238375663,
0.0585053324699394,1.23239002227783),(0.71838313937187,0.0541703104972799,
0.361337566375732),(0.71838313937187,0.0541703104972799,1.23866243362427),
(0.71950618624687,0.04767998456955,0.357146024703979),(0.71950618624687,
0.04767998456955,1.2428539276123),(0.71990062594413,8.34464997101492E-8,
0.355674123764038),(0.71990062594413,8.34464997101492E-8,1.24432582855225),
(0.71990062594413,0.0400231242179805,0.355674123764038),(0.71990062594413,
0.0400231242179805,1.24432582855225),(0.72091075778007,0.58000038862228,
0.679932975769043),(0.72091075778007,0.58000038862228,0.920066928863525),
(0.72105266451835,0.56000069379806,0.679791831970215),(0.72105266451835,
0.56000069379806,0.920208168029785),(0.73363506197929,0.00176552534102981,
0.723333358764648),(0.73363506197929,0.00176552534102981,0.876666641235352),
(0.74868556857109,0.58000038862228,0.623809719085693),(0.74868556857109,
0.58000038862228,0.976190185546875),(0.75184795260429,0.00176552534102981,
0.773373889923096),(0.75184795260429,0.00176552534102981,0.826626014709473),
(0.755010336637489,0.538519370555869,0.587808036804199),(0.756064718961709,
0.57771691083908,0.615015125274658),(0.756064718961709,0.57771691083908,
0.98498477935791),(0.75771953463554,0.58000038862228,0.735020256042481),
(0.75771953463554,0.58000038862228,0.86497974395752),(0.75790340304374,
0.56000069379806,0.734943771362305),(0.75790340304374,0.56000069379806,
0.865056133270264),(0.75822078585624,-0.30666648149491,0.984999942779541),
(0.75822078585624,0.00124977827072048,0.985080718994141),(0.7588334262371,
0.528787314891809,0.582546901702881),(0.758970755338659,0.00122078657149999,
0.99099063873291),(0.759060019254679,0.0012741923332199,0.978633689880371),
(0.760123556852339,-0.30666648149491,0.975432872772217),(0.760123556852339,
-0.30666648149491,0.994567108154297),(0.76084377169609,-0.30666648149491,
0.614999961853027),(0.760844534635539,0.00124062299727973,0.615080261230469),
(0.76109020113944,0.00118798017502003,0.996573066711426),(0.761594504117959,
0.00126351118086981,0.62099027633667),(0.76168376803398,0.00120934247969939,
0.608633327484131),(0.761837881803509,0.00129173994063841,0.972073173522949),
(0.762320822477339,0.57121361494064,0.607559490203857),(0.762320822477339,
0.57121361494064,0.992440509796143),(0.762747305631629,-0.30666648149491,
0.605432891845703),(0.762747305631629,-0.30666648149491,0.624567031860352),
(0.76371394991874,0.00127876996993959,0.626572799682617),(0.76444408297538,
0.00115441083907986,1.00150175094604),(0.764461630582799,0.00116966962813991,
0.602072906494141),(0.76455394625663,0.52228401899337,0.574672985076904),
(0.76554271578788,-0.30666648149491,0.96732234954834),(0.76554271578788,
-0.30666648149491,1.00267763137817),(0.765925711393349,0.00129631757735948,
0.966947555541992),(0.76650096774101,0.56148079633712,0.602577781677246),
(0.76650096774101,0.56148079633713,0.997422218322754),(0.767067068815229,
0.0012856364250205,0.631501579284668),(0.767968863248819,0.5500000834465,
0.600828456878662),(0.767968863248819,0.5500000834465,0.999171543121338),
(0.768166464567178,-0.30666648149491,0.597322273254395),(0.768166464567178,
-0.30666648149491,0.63267765045166),(0.768550223112099,0.00113228559494027,
0.596947383880615),(0.768878287076949,0.00112007856369056,1.0054651260376),
(0.76943675875663,0.538519370555869,1.00092086791992),(0.77064449191093,
0.58000038862228,0.8),(0.770844382047649,0.56000069379806,0.8),(0.77130214571952,
0.520000541210169,0.565385055541992),(0.77130214571953,0.520000541210169,
1.03461494445801),(0.771502035856239,0.00128334760665927,0.635465049743652),
(0.773616904020299,0.528787314891809,1.00590257644653),(0.77365352511405,
-0.30666648149491,0.96190299987793),(0.77365352511405,-0.30666648149491,
1.00809698104858),(0.773931998014449,0.00128411054610977,0.961811351776123),
(0.774133414030069,0.00108879804611023,1.00826873779297),(0.77627727389335,
-0.30666648149491,0.591903018951416),(0.77627727389335,-0.30666648149491,
0.63809700012207),(0.776555746793739,0.00107964277266948,0.591811275482178),
(0.776757162809369,0.00127266645430918,0.638268756866455),(0.77858592867851,
0.00106667280196926,1.00955648422241),(0.779873007535929,0.52228401899337,
1.01335830688477),(0.7812096774578,0.00125817060469963,0.639556503295898),
(0.78322078585624,-0.30666648149491,0.959999942779541),(0.78322078585624,
-0.30666648149491,1.00999994277954),(0.78322078585624,0.00104683637618952,
1.00999994277954),(0.78322078585624,0.0012513041496201,0.959999942779541),
(0.78584377169609,-0.30666648149491,0.589999961853027),(0.78584377169609,
-0.30666648149491,0.639999961853027),(0.78584377169609,0.00103691816329965,
0.589999961853027),(0.78584377169609,0.00123986005783061,0.639999961853027),
(0.787819784879679,0.00122994184493935,0.960437393188477),(0.790443533658979,
0.00102165937422988,0.590437412261963),(0.79226390719413,0.00120552778243993,
0.961714935302734),(0.79255229830741,0.00101937055586865,1.00817174911499),
(0.792787283658979,-0.30666648149491,0.96190299987793),(0.792787283658979,
-0.30666648149491,1.00809698104858),(0.79349758028984,0.51695564985275,
0.466314029693604),(0.794888418912879,0.00100945234298017,0.591714954376221),
(0.79517604708671,0.00119255781173,0.638171768188477),(0.79541103243827,
-0.30666648149491,0.591903018951416),(0.79541103243827,-0.30666648149491,
0.63809700012207),(0.79753887057304,0.00117195844649975,0.964518356323242),
(0.79796535372733,0.000882804393760594,0.565079689025879),(0.79796535372733,
0.000882804393760594,1.03492031097412),(0.799986380338659,0.508284842967981,
0.455075645446777),(0.800029867887489,0.58000038862228,0.684999942779541),
(0.800029867887489,0.58000038862228,0.914999961853027),(0.80016338229179,
0.00100029706955052,0.59451847076416),(0.80051051974296,0.00100868940352966,
1.00305681228638),(0.800881308317179,0.520000541210169,0.488736152648926),
(0.800881308317179,0.520000541210169,1.11126375198364),(0.800898092985149,
-0.30666648149491,0.96732234954834),(0.800898092985149,-0.30666648149491,
1.00267763137817),(0.802013510465618,0.00113762617110907,0.968515777587891),
(0.8031335055828,0.00113838911055958,0.633056926727295),(0.80352184176444,
-0.30666648149491,0.597322273254395),(0.80352184176444,-0.30666648149491,
0.63267765045166),(0.804321402311319,0.49530800580978,0.44756646156311),
(0.804571646451939,0.00101326704025073,0.997964954376221),(0.804637259244909,
0.000998771190639791,0.59851598739624),(0.80537883639335,0.00110405683517029,
0.973463821411133),(0.80584422945976,0.060000693798061,0.444929552078247),
(0.80584422945976,0.060000693798061,1.15507040023804),(0.80584422945976,
0.48000038862228,0.444929552078247),(0.80584422945976,0.48000038862228,
1.15507040023804),(0.806317251920699,-0.30666648149491,0.975432872772217),
(0.806317251920699,-0.30666648149491,0.994567108154297),(0.80719463229179,
0.00110176801680906,0.62796516418457),(0.807364004850381,0.00102699995040978,
0.991400051116943),(0.807484549283979,0.00107430219649929,0.979042720794678),
(0.80800258517265,0.00100411176680998,0.603464126586914),(0.80822002291679,
0.00104836225508914,0.984945774078369),(0.80822078585624,-0.30666648149491,
0.984999942779541),(0.808941000699989,-0.30666648149491,0.605432891845703),
(0.808941000699989,-0.30666648149491,0.624567031860352),(0.80915691256523,
0.51695564985275,1.12414112091064),(0.80997249484062,0.57771691083908,0.67925968170166),
(0.80997249484062,0.57771691083908,0.920740222930908),(0.80998699069023,
0.00106514692305992,0.621400356292725),(0.81010829806327,0.00101708173751019,
0.609043121337891),(0.81084377169609,-0.30666648149491,0.614999961853027),
(0.81084377169609,0.00103691816329965,0.614946174621582),(0.813035696744908,
0.538519370555869,0.645833492279053),(0.813035696744919,0.538519370555869,
0.954166412353516),(0.816172903776161,0.508284842967981,1.13505802154541),
(0.818296927213659,0.528787314891809,0.642011070251465),(0.818296927213659,
0.528787314891809,0.957988929748535),(0.81840144991874,0.57121361494064,
0.674393367767334),(0.81840144991874,0.57121361494064,0.925606632232666),
(0.820836752653119,0.0600228190421992,0.418961954116821),(0.820836752653119,
0.0600228190421992,1.18103799819946),(0.820860403776161,0.49530800580978,
1.14235248565674),(0.82403270602226,0.56148079633712,0.671141815185547),
(0.82403270602226,0.56148079633713,0.928858184814453),(0.824665945768351,
0.0585053324699394,0.41232967376709),(0.824665945768351,0.0585053324699394,
1.18767032623291),(0.826011008024209,0.5500000834465,0.669999980926514),
(0.826011008024209,0.5500000834465,0.930000019073486),(0.82617122530937,
0.52228401899337,0.63629035949707),(0.82617122530937,0.52228401899337,0.96370964050293),
(0.827349966764439,0.58000038862228,0.760060882568359),(0.827349966764439,
0.58000038862228,0.839939117431641),(0.8279122531414,0.0541703104972799,
0.40670599937439),(0.8279122531414,0.0541703104972799,1.19329395294189),
(0.82798854708671,0.538519370555869,0.668858146667481),(0.82798854708671,
0.538519370555869,0.931141757965088),(0.830082052946089,0.04767998456955,
0.402947998046875),(0.830082052946089,0.04767998456955,1.19705200195312),
(0.83084422945976,8.34464997101492E-8,0.401628303527832),(0.83084422945976,
8.34464997101492E-8,1.19837169647217),(0.83084422945976,0.0400231242179805,
0.401628303527832),(0.83084422945976,0.0400231242179805,1.19837169647217),
(0.833620566129679,0.528787314891809,0.665606594085693),(0.833620566129679,
0.52878731489182,0.934393405914307),(0.835459250211709,0.520000541210169,
0.629542255401611),(0.835459250211709,0.520000541210169,0.970457744598389),
(0.838655966520299,0.57771691083908,0.758067321777344),(0.838655966520299,
0.57771691083908,0.841932678222656),(0.84204875826835,0.52228401899337,
0.660740184783936),(0.84204875826835,0.52228401899337,0.939259719848633),
(0.848240774869909,0.57121361494064,0.75637731552124),(0.848240774869909,
0.57121361494064,0.84362268447876),(0.85029079318046,0.538519370555869,
0.718949890136719),(0.85029079318046,0.538519370555869,0.881050109863281),
(0.85464488863944,0.56148079633712,0.755247974395752),(0.85464488863944,
0.56148079633712,0.844751930236816),(0.85647594332695,0.528787314891809,
0.716940307617188),(0.85647594332695,0.528787314891809,0.883059692382813),
(0.85689403414726,0.5500000834465,0.75485143661499),(0.85689403414726,0.5500000834465,
0.84514856338501),(0.85914317965507,0.538519370555869,0.754454898834229),
(0.85914317965507,0.538519370555869,0.845545101165772),(0.86312801241874,
0.538519370555869,0.8),(0.8655472934246,0.528787314891809,0.753325653076172),
(0.8655472934246,0.528787314891809,0.846674346923828),(0.865731924772259,
0.52228401899337,0.713932704925537),(0.865731924772259,0.52228401899337,
0.886067295074463),(0.866425436735151,0.000882804393760594,0.646666622161865),
(0.866425436735151,0.000882804393760594,0.953333282470703),(0.869631308317179,
0.528787314891809,0.8),(0.876650351285929,0.520000541210169,0.710385036468506),
(0.876650351285929,0.520000541210169,0.889614963531494),(0.879363363981239,
0.52228401899337,0.8),(0.880471152067179,0.520000541210169,0.55770149230957),
(0.880471152067179,0.520000541210169,1.04229850769043),(0.882473868131629,
0.508284842967981,0.51837043762207),(0.888604849576949,0.49530800580978,
0.512239170074463),(0.890757864713659,0.060000693798061,0.510086154937744),
(0.890757864713659,0.060000693798061,1.08991374969482),(0.890757864713659,
0.48000038862228,0.510086154937744),(0.890757864713659,0.48000038862228,
1.08991374969482),(0.890844076871859,0.520000541210169,0.8),(0.89204036593437,
0.51695564985275,0.547677326202393),(0.89204036593437,0.51695564985275,
1.05232267379761),(0.901847189664839,0.508284842967981,0.539179229736328),
(0.901847189664839,0.508284842967981,1.06082067489624),(0.902851980924599,
0.000882804393760594,0.746747875213623),(0.902851980924599,0.000882804393760594,
0.853252124786377),(0.908400076627729,0.49530800580978,0.533500957489014),
(0.908400076627729,0.49530800580978,1.06649894714355),(0.911960715055459,
0.0600228190421992,0.488883686065674),(0.911960715055459,0.0600228190421992,
1.11111621856689),(0.917375296354289,0.0585053324699394,0.483468437194824),
(0.917375296354289,0.0585053324699394,1.11653146743774),(0.921967428922649,
0.0541703104972799,0.478876781463623),(0.921967428922649,0.0541703104972799,
1.12112321853638),(0.92503597140312,0.04767998456955,0.475808334350586),
(0.92503597140312,0.04767998456955,1.12419157028198),(0.926113241910929,
8.34464997101492E-8,0.47473087310791),(0.926113241910929,8.34464997101492E-8,
1.12526912689209),(0.926113241910929,0.0400231242179805,0.47473087310791),
(0.926113241910929,0.0400231242179805,1.12526912689209),(0.9345299899578,
0.51695564985275,0.607346343994141),(0.9345299899578,0.51695564985275,0.992653656005859),
(0.937407797574989,0.520000541210169,0.646296405792236),(0.937407797574989,
0.520000541210169,0.953703498840332),(0.94576808810234,0.508284842967981,
0.600857830047607),(0.94576808810234,0.508284842967981,0.999142169952393),
(0.951332205533979,0.51695564985275,0.639937496185303),(0.951332205533979,
0.51695564985275,0.960062408447266),(0.953277701139449,0.49530800580978,
0.596522331237793),(0.953277701139449,0.49530800580978,1.00347757339477),
(0.955914419889439,0.060000693798061,0.594999980926514),(0.955914419889439,
0.060000693798061,1.00500001907349),(0.955914419889439,0.48000038862228,
0.594999980926514),(0.955914419889439,0.48000038862228,1.00500001907349),
(0.963136404752729,0.508284842967981,0.634546661376953),(0.963136404752729,
0.508284842967981,0.965453243255615),(0.96707774996757,0.520000541210169,
0.74734354019165),(0.96707774996757,0.520000541210169,0.85265645980835),
(0.97102367281913,0.49530800580978,0.630944633483887),(0.97102367281913,
0.49530800580978,0.969055271148682),(0.981881827116009,0.0600228190421992,
0.580007553100586),(0.981881827116009,0.0600228190421992,1.01999235153198),
(0.982229727506628,0.51695564985275,0.745165061950684),(0.982229727506628,
0.51695564985275,0.854834938049317),(0.98555690646171,0.508284842967981,
0.696916389465332),(0.98555690646171,0.508284842967981,0.903083515167236),
(0.98851482272148,0.0585053324699394,0.576178359985352),(0.98851482272148,
0.0585053324699394,1.02382154464722),(0.99393245577812,0.49530800580978,
0.694672203063965),(0.99393245577812,0.49530800580978,0.905327701568604),
(0.994138449430459,0.0541703104972799,0.572931575775147),(0.994138449430459,
0.0541703104972799,1.02706832885742),(0.995074576139439,0.508284842967981,
0.743318271636963),(0.995074576139439,0.508284842967981,0.856681728363037),
(0.996873587369909,0.060000693798061,0.693884181976318),(0.996873587369909,
0.060000693798061,0.906115818023682),(0.996873587369909,0.48000038862228,
0.693884181976318),(0.996873587369909,0.48000038862228,0.906115818023682),
(0.9978959262371,0.04767998456955,0.570761871337891),(0.9978959262371,0.04767998456955,
1.02923803329468),(0.9991280734539,0.508284842967981,0.8),(0.99921581149101,
8.34464997101492E-8,0.569999980926514),(0.99921581149101,8.34464997101492E-8,
1.03000001907349),(0.99921581149101,0.0400231242179805,0.569999980926514),
(0.99921581149101,0.0400231242179805,1.03000001907349),(1.00365688204765,
0.49530800580978,0.742084217071533),(1.00365688204765,0.49530800580978,
0.857915782928467),(1.00779964327812,0.49530800580978,0.8),(1.01084377169609,
0.060000693798061,0.8),(1.01084377169609,0.48000038862228,0.8),(1.0258370578289,
0.0600228190421992,0.686123561859131),(1.0258370578289,0.0600228190421992,
0.913876438140869),(1.0332345187664,0.0585053324699394,0.684141349792481),
(1.0332345187664,0.0585053324699394,0.915858554840088),(1.03950664401054,
0.0541703104972799,0.682460689544678),(1.03950664401054,0.0541703104972799,
0.917539215087891),(1.0408288180828,0.0600228190421992,0.8),(1.043698233366,
0.04767998456955,0.918662357330322),(1.04369823336601,0.04767998456955,
0.681337642669678),(1.04516994357109,8.34464997101492E-8,0.680943202972412),
(1.04516994357109,8.34464997101492E-8,0.919056797027588),(1.04516994357109,
0.0400231242179805,0.680943202972412),(1.04516994357109,0.0400231242179805,
0.919056797027588),(1.04848720431327,0.0585053324699394,0.8),(1.05498058199882,
0.0541703104972799,0.8),(1.0593201816082,0.04767998456955,0.8),(1.06084377169609,
8.34464997101492E-8,0.8),(1.06084377169609,0.0400231242179805,0.8)));
#934=COORDINATES_LIST('',16,((0.10000011324882,-0.24099951982499,1.13999996185303),
(0.10000011324882,-0.24099951982499,1.15999994277954),(0.10000011324882,
-0.24099951982499,1.28000001907349),(0.10000011324882,-0.24099951982499,
1.3),(0.10000011324882,-0.239999306201939,1.15999994277954),(0.10000011324882,
-0.239999306201939,1.28000001907349),(0.10000011324882,-0.15999976396561,
1.13999996185303),(0.10000011324882,-0.15999976396561,1.3),(0.1800004184246,
-0.24099951982499,1.13999996185303),(0.1800004184246,-0.24099951982499,
1.15999994277954),(0.1800004184246,-0.24099951982499,1.28000001907349),
(0.1800004184246,-0.24099951982499,1.3),(0.1800004184246,-0.239999306201939,
1.15999994277954),(0.1800004184246,-0.239999306201939,1.28000001907349),
(0.1800004184246,-0.15999976396561,1.13999996185303),(0.1800004184246,-0.15999976396561,
1.3)));
#935=COORDINATES_LIST('',40,((0.0979996860027296,-0.419999611377721,1.47427806854248),
(0.0979996860027296,-0.419999611377721,1.65827827453614),(0.0979996860027296,
-0.15999976396561,1.47427806854248),(0.0979996860027296,-0.15999976396561,
1.65827827453614),(0.12799999117851,-0.419999611377721,1.44427804946899),
(0.12799999117851,-0.419999611377721,1.68827819824219),(0.12799999117851,
-0.15999976396561,1.44427804946899),(0.12799999117851,-0.15999976396561,
1.68827819824219),(0.18300029635429,-0.9999999165535,1.53127813339234),
(0.18300029635429,-0.9999999165535,1.60127792358398),(0.18300029635429,
-0.419999611377721,1.53127813339234),(0.18300029635429,-0.419999611377721,
1.60127792358398),(0.18300029635429,-0.15999976396561,1.53127813339234),
(0.18300029635429,-0.15999976396561,1.60127792358398),(0.18300029635429,
0.120000541210169,1.53127813339234),(0.18300029635429,0.120000541210169,
1.60127792358398),(0.20299999117851,-1.01999961137772,1.55127801895142),
(0.20299999117851,-1.01999961137772,1.58127813339234),(0.20299999117851,
0.140000236034389,1.55127801895142),(0.20299999117851,0.140000236034389,
1.58127813339234),(0.23300029635429,-1.01999961137772,1.55127801895142),
(0.23300029635429,-1.01999961137772,1.58127813339234),(0.23300029635429,
0.140000236034389,1.55127801895142),(0.23300029635429,0.140000236034389,
1.58127813339234),(0.25299999117851,-0.9999999165535,1.53127813339234),
(0.25299999117851,-0.9999999165535,1.60127792358398),(0.25299999117851,
-0.419999611377721,1.53127813339234),(0.25299999117851,-0.419999611377721,
1.60127792358398),(0.25299999117851,-0.15999976396561,1.53127813339234),
(0.25299999117851,-0.15999976396561,1.60127792358398),(0.25299999117851,
0.120000541210169,1.53127813339234),(0.25299999117851,0.120000541210169,
1.60127792358398),(0.30800029635429,-0.419999611377721,1.44427804946899),
(0.30800029635429,-0.419999611377721,1.68827819824219),(0.30800029635429,
-0.15999976396561,1.44427804946899),(0.30800029635429,-0.15999976396561,
1.68827819824219),(0.33799983859062,-0.419999611377721,1.47427806854248),
(0.33799983859062,-0.419999611377721,1.65827827453614),(0.33799983859062,
-0.15999976396561,1.47427806854248),(0.33799983859062,-0.15999976396561,
1.65827827453614)));
#936=COORDINATES_LIST('',1356,((1.13248820043932E-7,-0.159999763965619,
0.),(1.13248820043932E-7,-0.159999763965619,1.7),(1.13248820043932E-7,8.34464899956977E-8,
0.),(1.13248820043932E-7,8.34464899956977E-8,1.7),(0.0300004184246,8.34464997101492E-8,
0.425961542129516),(0.0300004184246,8.34464997101492E-8,0.44780650138855),
(0.0300004184246,8.34464997101492E-8,0.510276412963867),(0.0300004184246,
8.34464997101492E-8,0.535727167129517),(0.0300004184246,8.34464997101492E-8,
0.60219349861145),(0.0300004184246,8.34464997101492E-8,0.624038457870484),
(0.0300004184246,8.34464997101492E-8,0.643269205093384),(0.0300004184246,
8.34464997101492E-8,0.664423084259033),(0.0300004184246,8.34464997101492E-8,
0.7375),(0.0300004184246,8.34464997101492E-8,0.758653831481934),(0.0300004184246,
0.00500038862227964,0.425961542129516),(0.0300004184246,0.00500038862227964,
0.44780650138855),(0.0300004184246,0.00500038862227964,0.510276412963867),
(0.0300004184246,0.00500038862227964,0.535727167129517),(0.0300004184246,
0.00500038862227964,0.60219349861145),(0.0300004184246,0.00500038862227964,
0.624038457870483),(0.0300004184246,0.00500038862227964,0.643269205093384),
(0.0300004184246,0.00500038862227964,0.664423084259033),(0.0300004184246,
0.00500038862227964,0.7375),(0.0300004184246,0.00500038862227964,0.758653831481934),
(0.0481187045574094,8.34464997101492E-8,0.523076915740967),(0.0481187045574094,
0.00500038862227964,0.523076915740967),(0.065366476774209,8.34464997101492E-8,
0.518359375),(0.065366476774209,0.00500038862227964,0.518359375),(0.06777049899101,
8.34464997101492E-8,0.52875599861145),(0.06777049899101,0.00500038862227964,
0.52875599861145),(0.0915383517742091,8.34464997101492E-8,0.664423084259033),
(0.0915383517742091,8.34464997101492E-8,0.7375),(0.0915383517742091,0.00500038862227964,
0.664423084259033),(0.0915383517742091,0.00500038862227964,0.7375),(0.10000011324882,
-0.15999976396561,0.25),(0.10000011324882,8.34464997101492E-8,0.25),(0.105149954557408,
8.34464997101492E-8,0.488852167129517),(0.105149954557408,0.00500038862227964,
0.488852167129517),(0.1088463962078,8.34464997101492E-8,0.664423084259033),
(0.1088463962078,8.34464997101492E-8,0.7375),(0.1088463962078,0.00500038862227964,
0.664423084259033),(0.1088463962078,0.00500038862227964,0.7375),(0.111418265104289,
-0.15999976396561,0.192597484588623),(0.111418265104289,-0.15999976396561,
0.307402515411377),(0.111418265104289,8.34464997101492E-8,0.192597484588623),
(0.111418265104289,8.34464997101492E-8,0.307402515411377),(0.12807704806327,
8.34464997101492E-8,0.469951915740967),(0.12807704806327,0.00500038862227964,
0.469951915740967),(0.128647726774209,8.34464997101492E-8,0.57992787361145),
(0.128647726774209,0.00500038862227964,0.57992787361145),(0.13237392306327,
8.34464997101492E-8,0.565354537963867),(0.13237392306327,0.00500038862227964,
0.565354537963867),(0.133900564908979,8.34464997101492E-8,1.38466835021973),
(0.133900564908979,0.00500038862227964,1.38466835021973),(0.14393398165702,
-0.15999976396561,0.143933963775635),(0.14393398165702,-0.15999976396561,
0.356065988540649),(0.14393398165702,8.34464997101492E-8,0.143933963775635),
(0.14393398165702,8.34464997101492E-8,0.356065988540649),(0.14612743258476,
8.34464997101492E-8,1.38466835021973),(0.14612743258476,0.00500038862227964,
1.38466835021973),(0.159026449918739,8.34464997101492E-8,0.476923084259033),
(0.159026449918739,8.34464997101492E-8,0.573076915740967),(0.159026449918739,
0.00500038862227964,0.573076915740967),(0.159026449918749,0.00500038862227964,
0.476923084259033),(0.166159933805458,8.34464997101492E-8,1.46466827392578),
(0.166159933805458,0.00500038862227964,1.46466827392578),(0.167890280485149,
8.34464997101492E-8,1.44200801849365),(0.167890280485149,0.00500038862227964,
1.44200801849365),(0.1680001437664,-0.15999976396561,1.56627807617188),
(0.1680001437664,8.34464997101492E-8,1.56627807617188),(0.171806448698039,
-0.15999976396561,1.54714374542236),(0.171806448698039,-0.15999976396561,
1.58541221618653),(0.171806448698039,8.34464997101492E-8,1.54714374542236),
(0.171806448698039,8.34464997101492E-8,1.58541221618653),(0.17228175997734,
8.34464997101492E-8,1.45492467880249),(0.17228175997734,0.00500038862227964,
1.45492467880249),(0.17662441134452,8.34464997101492E-8,1.44200801849365),
(0.17662441134452,0.00500038862227964,1.44200801849365),(0.1783875644207,
8.34464997101492E-8,1.46466827392578),(0.1783875644207,0.00500038862227964,
1.46466827392578),(0.1800004184246,8.34464997101492E-8,0.4637619972229),
(0.1800004184246,8.34464997101492E-8,0.487019205093384),(0.1800004184246,
8.34464997101492E-8,0.561237955093384),(0.1800004184246,8.34464997101492E-8,
0.586267995834351),(0.1800004184246,8.34464997101492E-8,0.643269205093384),
(0.1800004184246,8.34464997101492E-8,0.664423084259033),(0.1800004184246,
8.34464997101492E-8,0.7375),(0.1800004184246,8.34464997101492E-8,0.758653831481934),
(0.1800004184246,0.00500038862227964,0.4637619972229),(0.1800004184246,
0.00500038862227964,0.487019205093384),(0.1800004184246,0.00500038862227964,
0.561237955093384),(0.1800004184246,0.00500038862227964,0.586267995834351),
(0.1800004184246,0.00500038862227964,0.643269205093384),(0.1800004184246,
0.00500038862227964,0.664423084259033),(0.1800004184246,0.00500038862227964,
0.7375),(0.1800004184246,0.00500038862227964,0.758653831481934),(0.18264476656913,
-0.15999976396561,1.53092269897461),(0.18264476656913,-0.15999976396561,
1.60163326263428),(0.18264476656913,8.34464997101492E-8,1.53092269897461),
(0.18264476656913,8.34464997101492E-8,1.60163326263428),(0.192597311735149,
-0.15999976396561,0.111418056488037),(0.192597311735149,-0.15999976396561,
0.388581943511963),(0.192597311735149,8.34464997101492E-8,0.111418056488037),
(0.192597311735149,8.34464997101492E-8,0.388581943511963),(0.198435324430458,
8.34464997101492E-8,1.38466835021973),(0.198435324430458,0.00500038862227964,
1.38466835021973),(0.19886562228202,-0.15999976396561,1.52008399963379),
(0.19886562228202,-0.15999976396561,1.6124719619751),(0.19886562228202,
8.34464997101492E-8,1.52008399963379),(0.19886562228202,8.34464997101492E-8,
1.6124719619751),(0.210662955045698,8.34464997101492E-8,1.38466835021973),
(0.210662955045698,0.00500038862227964,1.38466835021973),(0.2180001437664,
-0.15999976396561,1.51627798080445),(0.2180001437664,-0.15999976396561,
1.61627807617187),(0.2180001437664,8.34464997101492E-8,1.51627798080445),
(0.2180001437664,8.34464997101492E-8,1.61627807617187),(0.218948477506629,
8.34464997101492E-8,1.38466835021973),(0.218948477506629,0.00500038862227964,
1.38466835021973),(0.218948477506629,0.00500038862227964,1.46466827392578),
(0.218948477506641,8.34464997101492E-8,1.46466827392578),(0.23023006319999,
8.34464997101492E-8,1.38466835021973),(0.23023006319999,8.34464997101492E-8,
1.46466827392578),(0.23023006319999,0.00500038862227964,1.38466835021973),
(0.23023006319999,0.00500038862227964,1.46466827392578),(0.237133902311319,
-0.15999976396561,1.52008399963379),(0.237133902311319,-0.15999976396561,
1.6124719619751),(0.237133902311319,8.34464997101492E-8,1.52008399963379),
(0.237133902311319,8.34464997101492E-8,1.6124719619751),(0.248691672086709,
8.34464997101492E-8,1.38466835021973),(0.248691672086709,8.34464997101492E-8,
1.46466827392578),(0.248691672086709,0.00500038862227964,1.38466835021973),
(0.248691672086709,0.00500038862227964,1.46466827392578),(0.250000113248819,
-0.15999976396561,0.1),(0.250000113248819,-0.15999976396561,0.4),(0.250000113248819,
8.34464997101492E-8,0.1),(0.250000113248819,8.34464997101492E-8,0.4),(0.253355520963659,
-0.15999976396561,1.60163326263428),(0.253355520963659,8.34464997101492E-8,
1.60163326263428),(0.253355520963669,-0.15999976396561,1.53092269897461),
(0.253355520963669,8.34464997101492E-8,1.53092269897461),(0.259974020719519,
8.34464997101492E-8,1.40497283935547),(0.259974020719519,8.34464997101492E-8,
1.46466827392578),(0.259974020719519,0.00500038862227964,1.40497283935547),
(0.259974020719519,0.00500038862227964,1.46466827392578),(0.260614889860149,
8.34464997101492E-8,1.38466835021973),(0.260614889860149,0.00500038862227964,
1.38466835021973),(0.26419383883476,-0.15999976396561,1.54714374542236),
(0.26419383883476,-0.15999976396561,1.58541221618653),(0.26419383883476,
8.34464997101492E-8,1.54714374542236),(0.26419383883476,8.34464997101492E-8,
1.58541221618653),(0.2680001437664,-0.15999976396561,1.56627807617188),
(0.2680001437664,8.34464997101492E-8,1.56627807617188),(0.298307150602341,
8.34464997101492E-8,1.46466827392578),(0.298307150602341,0.00500038862227964,
1.46466827392578),(0.298948019742959,8.34464997101492E-8,1.38466835021973),
(0.298948019742959,8.34464997101492E-8,1.44436378479004),(0.298948019742959,
0.00500038862227964,1.38466835021973),(0.298948019742959,0.00500038862227964,
1.44436378479004),(0.307402914762489,-0.15999976396561,0.111418056488037),
(0.307402914762489,-0.15999976396561,0.388581943511963),(0.307402914762489,
8.34464997101492E-8,0.111418056488037),(0.307402914762489,8.34464997101492E-8,
0.388581943511963),(0.31023036837577,8.34464997101492E-8,1.38466835021973),
(0.31023036837577,8.34464997101492E-8,1.46466827392578),(0.31023036837577,
0.00500038862227964,1.38466835021973),(0.31023036837577,0.00500038862227964,
1.46466827392578),(0.355358237028119,8.34464997101492E-8,1.42505292892456),
(0.355358237028119,0.00500038862227964,1.42505292892456),(0.356066244840619,
-0.15999976396561,0.143933963775635),(0.356066244840619,-0.15999976396561,
0.356065988540649),(0.356066244840619,8.34464997101492E-8,0.143933963775635),
(0.356066244840619,8.34464997101492E-8,0.356065988540649),(0.356335562467569,
8.34464997101492E-8,1.43501234054565),(0.356335562467569,0.00500038862227964,
1.43501234054565),(0.359046286344519,8.34464997101492E-8,1.40603847503662),
(0.359046286344529,0.00500038862227964,1.40603847503662),(0.359433859586709,
8.34464997101492E-8,1.44452314376831),(0.359433859586709,0.00500038862227964,
1.44452314376831),(0.36584407687187,-0.15999976396561,0.615000009536743),
(0.36584407687187,-0.15999976396561,0.984999942779541),(0.36584407687187,
8.34464997101492E-8,0.615000009536743),(0.36584407687187,8.34464997101492E-8,
0.984999942779541),(0.366640585660929,8.34464997101492E-8,1.42463626861572),
(0.366640585660929,0.00500038862227964,1.42463626861572),(0.366670340299599,
8.34464997101492E-8,1.39415111541748),(0.366670340299599,0.00500038862227964,
1.39415111541748),(0.366985434293739,8.34464997101492E-8,1.45518817901611),
(0.366985434293739,0.00500038862227964,1.45518817901611),(0.36934902071952,
8.34464997101492E-8,1.44047288894653),(0.36934902071952,0.00500038862227964,
1.44047288894653),(0.36962139010429,8.34464997101492E-8,1.40867471694946),
(0.36962139010429,0.00500038862227964,1.40867471694946),(0.36965038180351,
-0.15999976396561,0.595865821838379),(0.36965038180351,-0.15999976396561,
0.634134149551392),(0.36965038180351,-0.15999976396561,0.965865802764893),
(0.36965038180351,-0.15999976396561,1.00413417816162),(0.36965038180351,
8.34464997101492E-8,0.595865821838379),(0.36965038180351,8.34464997101492E-8,
0.634134149551392),(0.36965038180351,8.34464997101492E-8,0.965865802764893),
(0.36965038180351,8.34464997101492E-8,1.00413417816162),(0.372410696744908,
8.34464997101492E-8,1.40353012084961),(0.372410696744908,0.00500038862227964,
1.40353012084961),(0.37349254488945,8.34464997101492E-8,1.44737510681152),
(0.37349254488945,0.00500038862227964,1.44737510681152),(0.37625133395195,
8.34464997101492E-8,1.3991153717041),(0.37625133395195,0.00500038862227964,
1.3991153717041),(0.37635967135429,8.34464997101492E-8,1.38746023178101),
(0.37635967135429,0.00500038862227964,1.38746023178101),(0.37899104952812,
8.34464997101492E-8,1.46260423660278),(0.37899104952812,0.00500038862227964,
1.46260423660278),(0.38035976290702,8.34464997101492E-8,1.45285243988037),
(0.38035976290702,0.00500038862227964,1.45285243988037),(0.380488699674598,
-0.15999976396561,0.579644632339478),(0.380488699674598,-0.15999976396561,
0.650355339050293),(0.380488699674598,-0.15999976396561,0.949644660949707),
(0.380488699674598,-0.15999976396561,1.02035531997681),(0.380488699674598,
8.34464997101492E-8,0.579644632339477),(0.380488699674598,8.34464997101492E-8,
0.650355339050293),(0.380488699674598,8.34464997101492E-8,0.949644660949707),
(0.380488699674598,8.34464997101492E-8,1.02035531997681),(0.38454982638359,
8.34464997101492E-8,1.39441432952881),(0.38454982638359,0.00500038862227964,
1.39441432952881),(0.38560115694999,8.34464997101492E-8,1.38453235626221),
(0.38560115694999,0.00500038862227964,1.38453235626221),(0.387558859586709,
8.34464997101492E-8,1.45556001663208),(0.387558859586709,0.00500038862227964,
1.45556001663208),(0.388581961393349,-0.15999976396561,0.192597484588623),
(0.388581961393349,-0.15999976396561,0.307402515411377),(0.388581961393349,
8.34464997101492E-8,0.192597484588623),(0.388581961393349,8.34464997101492E-8,
0.307402515411377),(0.39505397677421,8.34464997101492E-8,1.39287347793579),
(0.39505397677421,0.00500038862227964,1.39287347793579),(0.395198172330849,
8.34464997101492E-8,1.45646314620972),(0.395198172330849,0.00500038862227964,
1.45646314620972),(0.395262259244919,8.34464997101492E-8,1.38364267349243),
(0.395262259244919,0.00500038862227964,1.38364267349243),(0.396143454313269,
8.34464997101492E-8,1.46569395065308),(0.396143454313269,0.00500038862227964,
1.46569395065308),(0.396383780241009,8.34464997101492E-8,1.42364263534546),
(0.396383780241009,8.34464997101492E-8,1.43287343978882),(0.396383780241009,
0.00500038862227964,1.42364263534546),(0.396383780241009,0.00500038862227964,
1.43287343978882),(0.39671031832695,-0.15999976396561,0.568806028366089),
(0.39671031832695,-0.15999976396561,0.661193990707398),(0.39671031832695,
-0.15999976396561,0.938806056976318),(0.39671031832695,-0.15999976396561,
1.03119392395019),(0.39671031832695,8.34464997101492E-8,0.568806028366089),
(0.39671031832695,8.34464997101492E-8,0.661193990707398),(0.39671031832695,
8.34464997101492E-8,0.938806056976318),(0.39671031832695,8.34464997101492E-8,
1.03119392395019),(0.400000113248819,-0.15999976396561,0.25),(0.400000113248819,
8.34464997101492E-8,0.25),(0.40221111178398,8.34464997101492E-8,1.39372758865356),
(0.40221111178398,0.00500038862227964,1.39372758865356),(0.4033517062664,
8.34464997101492E-8,1.45543088912964),(0.4033517062664,0.00500038862227964,
1.45543088912964),(0.40607692599296,8.34464997101492E-8,1.46464176177978),
(0.40607692599296,0.00500038862227964,1.46464176177978),(0.40885478854179,
8.34464997101492E-8,1.39650239944458),(0.40885478854179,0.00500038862227964,
1.39650239944458),(0.409675711393349,8.34464997101492E-8,1.38596611022949),
(0.409675711393349,0.00500038862227964,1.38596611022949),(0.4110421359539,
8.34464997101492E-8,1.45251531600952),(0.4110421359539,0.00500038862227964,
1.45251531600952),(0.4133240878582,8.34464997101492E-8,1.40053825378418),
(0.4133240878582,0.00500038862227964,1.40053825378418),(0.415582388639439,
8.34464997101492E-8,1.46156949996948),(0.415582388639449,0.00500038862227964,
1.46156949996948),(0.41584407687187,-0.15999976396561,0.565000009536743),
(0.41584407687187,-0.15999976396561,0.665000009536743),(0.41584407687187,
-0.15999976396561,0.934999942779541),(0.41584407687187,-0.15999976396561,
1.03499994277954),(0.41584407687187,8.34464997101492E-8,0.565000009536743),
(0.41584407687187,8.34464997101492E-8,0.665000009536743),(0.41584407687187,
8.34464997101492E-8,0.934999942779541),(0.41584407687187,8.34464997101492E-8,
1.03499994277954),(0.417569845914839,8.34464997101492E-8,1.40981254577637),
(0.417569845914839,0.00500038862227964,1.40981254577637),(0.41792232394218,
8.34464997101492E-8,1.43287343978882),(0.41792232394218,8.34464997101492E-8,
1.44803371429443),(0.41792232394218,0.00500038862227964,1.43287343978882),
(0.41792232394218,0.00500038862227964,1.44803371429443),(0.41893855929374,
8.34464997101492E-8,1.39118680953979),(0.41893855929374,0.00500038862227964,
1.39118680953979),(0.42200023531913,8.34464997101492E-8,1.56627807617188),
(0.422000235319139,-0.15999976396561,1.56627807617188),(0.424628561735149,
8.34464997101492E-8,1.39850301742554),(0.424628561735149,0.00500038862227964,
1.39850301742554),(0.425805777311319,-0.15999976396561,1.54714374542236),
(0.425805777311319,-0.15999976396561,1.58541221618653),(0.425805777311319,
8.34464997101492E-8,1.54714374542236),(0.425805777311319,8.34464997101492E-8,
1.58541221618653),(0.42789089083671,8.34464997101492E-8,1.40721635818481),
(0.42789089083671,0.00500038862227964,1.40721635818481),(0.42920467257499,
8.34464997101492E-8,1.42364263534546),(0.42920467257499,8.34464997101492E-8,
1.45324201583862),(0.42920467257499,0.00500038862227964,1.42364263534546),
(0.42920467257499,0.00500038862227964,1.45324201583862),(0.434978598356239,
-0.15999976396561,0.568806028366089),(0.434978598356239,-0.15999976396561,
0.661193990707398),(0.434978598356239,-0.15999976396561,0.938806056976318),
(0.434978598356239,-0.15999976396561,1.03119392395019),(0.434978598356239,
8.34464997101492E-8,0.568806028366089),(0.434978598356239,8.34464997101492E-8,
0.661193990707398),(0.434978598356239,8.34464997101492E-8,0.938806056976318),
(0.434978598356239,8.34464997101492E-8,1.03119392395019),(0.436644858121871,
-0.15999976396561,1.53092269897461),(0.436644858121871,-0.15999976396561,
1.60163326263428),(0.436644858121871,8.34464997101492E-8,1.53092269897461),
(0.436644858121871,8.34464997101492E-8,1.60163326263428),(0.44561473727226,
8.34464997101492E-8,1.38466835021973),(0.44561473727226,8.34464997101492E-8,
1.46466827392578),(0.44561473727226,0.00500038862227964,1.38466835021973),
(0.44561473727226,0.00500038862227964,1.46466827392578),(0.45119945406913,
-0.15999976396561,0.579644632339477),(0.45119945406913,-0.15999976396561,
0.650355339050293),(0.45119945406913,-0.15999976396561,0.949644660949707),
(0.45119945406913,-0.15999976396561,1.02035531997681),(0.45119945406913,
8.34464997101492E-8,0.579644632339477),(0.45119945406913,8.34464997101492E-8,
0.650355339050293),(0.45119945406913,8.34464997101492E-8,0.949644660949707),
(0.45119945406913,8.34464997101492E-8,1.02035531997681),(0.452865713834759,
-0.15999976396561,1.52008399963379),(0.452865713834759,-0.15999976396561,
1.6124719619751),(0.452865713834759,8.34464997101492E-8,1.52008399963379),
(0.452865713834759,8.34464997101492E-8,1.6124719619751),(0.45689708590507,
8.34464997101492E-8,1.40497283935547),(0.45689708590507,8.34464997101492E-8,
1.46466827392578),(0.45689708590507,0.00500038862227964,1.40497283935547),
(0.45689708590507,0.00500038862227964,1.46466827392578),(0.457537955045689,
8.34464997101492E-8,1.38466835021973),(0.457537955045699,0.00500038862227964,
1.38466835021973),(0.46203777194023,-0.15999976396561,0.595865821838379),
(0.46203777194023,-0.15999976396561,0.634134149551392),(0.46203777194023,
-0.15999976396561,0.965865802764893),(0.46203777194023,-0.15999976396561,
1.00413417816162),(0.46203777194023,8.34464997101492E-8,0.595865821838379),
(0.46203777194023,8.34464997101492E-8,0.634134149551392),(0.46203777194023,
8.34464997101492E-8,0.965865802764893),(0.46203777194023,8.34464997101492E-8,
1.00413417816162),(0.46584407687187,-0.15999976396561,0.615000009536743),
(0.46584407687187,-0.15999976396561,0.984999942779541),(0.46584407687187,
8.34464997101492E-8,0.615000009536743),(0.46584407687187,8.34464997101492E-8,
0.984999942779541),(0.47200023531913,-0.15999976396561,1.51627798080445),
(0.47200023531913,-0.15999976396561,1.61627807617187),(0.47200023531913,
8.34464997101492E-8,1.51627798080445),(0.47200023531913,8.34464997101492E-8,
1.61627807617187),(0.49113399386405,-0.15999976396561,1.52008399963379),
(0.49113399386405,-0.15999976396561,1.6124719619751),(0.49113399386405,
8.34464997101492E-8,1.52008399963379),(0.49113399386405,8.34464997101492E-8,
1.6124719619751),(0.49523021578788,8.34464997101492E-8,1.46466827392578),
(0.49523021578788,0.00500038862227964,1.46466827392578),(0.495871084928509,
8.34464997101492E-8,1.38466835021973),(0.495871084928509,8.34464997101492E-8,
1.44436378479004),(0.495871084928509,0.00500038862227964,1.38466835021973),
(0.495871084928509,0.00500038862227964,1.44436378479004),(0.507153433561319,
8.34464997101492E-8,1.38466835021973),(0.507153433561319,8.34464997101492E-8,
1.46466827392578),(0.507153433561319,0.00500038862227964,1.38466835021973),
(0.507153433561319,0.00500038862227964,1.46466827392578),(0.5073556125164,
-0.15999976396561,1.53092269897461),(0.5073556125164,-0.15999976396561,
1.60163326263428),(0.5073556125164,8.34464997101492E-8,1.53092269897461),
(0.5073556125164,8.34464997101492E-8,1.60163326263428),(0.518193930387489,
-0.15999976396561,1.54714374542236),(0.518193930387489,-0.15999976396561,
1.58541221618653),(0.518193930387489,8.34464997101492E-8,1.54714374542236),
(0.518193930387489,8.34464997101492E-8,1.58541221618653),(0.52200023531913,
-0.15999976396561,1.56627807617188),(0.52200023531913,8.34464997101492E-8,
1.56627807617188),(0.52561504244804,8.34464997101492E-8,1.38466835021973),
(0.52561504244804,8.34464997101492E-8,1.46466827392578),(0.52561504244804,
0.00500038862227964,1.38466835021973),(0.52561504244804,0.00500038862227964,
1.46466827392578),(0.536897391080848,8.34464997101492E-8,1.39389905929565),
(0.536897391080848,8.34464997101492E-8,1.45543756484985),(0.536897391080848,
0.00500038862227964,1.39389905929565),(0.536897391080848,0.00500038862227964,
1.45543756484985),(0.55297099947929,8.34464997101492E-8,1.38466835021973),
(0.55297099947929,0.00500038862227964,1.38466835021973),(0.553115195035929,
8.34464997101492E-8,1.39389905929565),(0.553115195035929,0.00500038862227964,
1.39389905929565),(0.5533875644207,8.34464997101492E-8,1.45543756484985),
(0.5533875644207,0.00500038862227964,1.45543756484985),(0.55426875948906,
8.34464997101492E-8,1.46466827392578),(0.55426875948906,0.00500038862227964,
1.46466827392578),(0.55980235934257,8.34464997101492E-8,1.39417791366577),
(0.55980235934257,0.00500038862227964,1.39417791366577),(0.563459128141398,
8.34464997101492E-8,1.45449752807617),(0.563459128141398,0.00500038862227964,
1.45449752807617),(0.564756125211709,8.34464997101492E-8,1.46378936767578),
(0.564756125211709,0.00500038862227964,1.46378936767578),(0.566336172819129,
8.34464997101492E-8,1.39554967880249),(0.566336172819129,0.00500038862227964,
1.39554967880249),(0.56710521578788,8.34464997101492E-8,1.38582210540771),
(0.56710521578788,0.00500038862227964,1.38582210540771),(0.56842128634452,
8.34464997101492E-8,1.452649974823),(0.56842128634452,0.00500038862227964,
1.452649974823),(0.570163077116009,8.34464997101492E-8,1.39775161743164),
(0.570163077116009,0.00500038862227964,1.39775161743164),(0.57228175997734,
8.34464997101492E-8,1.44978046417236),(0.57228175997734,0.00500038862227964,
1.44978046417236),(0.573280447721479,8.34464997101492E-8,1.38795795440674),
(0.573280447721479,0.00500038862227964,1.38795795440674),(0.57333919405937,
8.34464997101492E-8,1.40082635879517),(0.57333919405937,0.00500038862227964,
1.40082635879517),(0.57468807101249,8.34464997101492E-8,1.46039323806763),
(0.57468807101249,0.00500038862227964,1.46039323806763),(0.57707149386405,
8.34464997101492E-8,1.44203510284424),(0.57707149386405,0.00500038862227964,
1.44203510284424),(0.57805797457695,8.34464997101492E-8,1.40932884216309),
(0.57805797457695,0.00500038862227964,1.40932884216309),(0.578740042448041,
8.34464997101492E-8,1.39154329299927),(0.578740042448041,0.00500038862227964,
1.39154329299927),(0.57936794161796,8.34464997101492E-8,1.43319025039673),
(0.57936794161796,0.00500038862227964,1.43319025039673),(0.57997371554374,
8.34464997101492E-8,1.4240592956543),(0.57997371554374,0.00500038862227964,
1.4240592956543),(0.582446402311319,8.34464997101492E-8,1.45372924804687),
(0.582446402311319,0.00500038862227964,1.45372924804687),(0.586210745573039,
8.34464997101492E-8,1.40090656280518),(0.586210745573039,0.00500038862227964,
1.40090656280518),(0.58763973116874,8.34464997101492E-8,1.44469966888428),
(0.58763973116874,0.00500038862227964,1.44469966888428),(0.59013530611992,
8.34464997101492E-8,1.41225786209106),(0.59013530611992,0.00500038862227964,
1.41225786209106),(0.59125606417656,8.34464997101492E-8,1.4242356300354),
(0.59125606417656,0.00500038862227964,1.4242356300354),(0.63228160738944,
8.34464997101492E-8,1.43697595596313),(0.63228160738944,0.00500038862227964,
1.43697595596313),(0.63326732516288,8.34464997101492E-8,1.4442985534668),
(0.63326732516288,0.00500038862227964,1.4442985534668),(0.6353585422039,
8.34464997101492E-8,1.40554971694946),(0.6353585422039,0.00500038862227964,
1.40554971694946),(0.63578426241874,8.34464997101492E-8,1.40958251953125),
(0.63578426241874,0.00500038862227964,1.40958251953125),(0.63597804903984,
8.34464997101492E-8,1.45116682052612),(0.63597804903984,0.00500038862227964,
1.45116682052612),(0.636422079801551,0.00500038862227964,1.39905586242676),
(0.63642207980156,8.34464997101492E-8,1.39905586242676),(0.637107199430459,
8.34464997101492E-8,1.41341962814331),(0.637107199430459,0.00500038862227964,
1.41341962814331),(0.63948833346366,8.34464997101492E-8,1.39323101043701),
(0.63948833346366,0.00500038862227964,1.39323101043701),(0.641063803434369,
8.34464997101492E-8,1.41872072219849),(0.641063803434369,0.00500038862227964,
1.41872072219849),(0.64236232638359,8.34464997101492E-8,1.45888652801514),
(0.64236232638359,0.00500038862227964,1.45888652801514),(0.64356395602226,
8.34464997101492E-8,1.43697595596313),(0.64356395602226,0.00500038862227964,
1.43697595596313),(0.644255942106239,8.34464997101492E-8,1.38870344161987),
(0.644255942106239,0.00500038862227964,1.38870344161987),(0.646051138639439,
0.00500038862227964,1.44639282226562),(0.646051138639449,8.34464997101492E-8,
1.44639282226562),(0.64664089083671,8.34464997101492E-8,1.40481252670288),
(0.64664089083671,0.00500038862227964,1.40481252670288),(0.647169607877729,
8.34464997101492E-8,1.42284135818481),(0.647169607877729,0.00500038862227964,
1.42284135818481),(0.647174185514439,8.34464997101492E-8,1.40140085220337),
(0.647174185514439,0.00500038862227964,1.40140085220337),(0.64717952609062,
8.34464997101492E-8,1.40824041366577),(0.64717952609062,0.00500038862227964,
1.40824041366577),(0.64812328219413,8.34464997101492E-8,1.41020374298096),
(0.64812328219413,0.00500038862227964,1.41020374298096),(0.648808401823039,
8.34464997101492E-8,1.39836254119873),(0.648808401823039,0.00500038862227964,
1.39836254119873),(0.649508780241009,8.34464997101492E-8,1.41187982559204),
(0.649508780241009,0.00500038862227964,1.41187982559204),(0.649510306119909,
8.34464997101492E-8,1.46303186416626),(0.649510306119909,0.00500038862227964,
1.46303186416626),(0.649533194303509,8.34464997101492E-8,1.45096893310547),
(0.649533194303509,0.00500038862227964,1.45096893310547),(0.65015193819999,
8.34464997101492E-8,1.38576240539551),(0.65015193819999,0.00500038862227964,
1.38576240539551),(0.652300375699989,8.34464997101492E-8,1.39522981643677),
(0.652300375699989,0.00500038862227964,1.39522981643677),(0.654708212614048,
0.00500038862227964,1.41472978591919),(0.654708212614059,8.34464997101492E-8,
1.41472978591919),(0.65578319430351,8.34464997101492E-8,1.45475349426269),
(0.65578319430351,0.00500038862227964,1.45475349426269),(0.655887717008589,
8.34464997101492E-8,1.39376811981201),(0.655887717008589,0.00500038862227964,
1.39376811981201),(0.65654842257499,8.34464997101492E-8,1.38414077758789),
(0.65654842257499,0.00500038862227964,1.38414077758789),(0.660456198453899,
8.34464997101492E-8,1.45606212615967),(0.660456198453899,0.00500038862227964,
1.45606212615967),(0.66313106417655,8.34464997101492E-8,1.38364267349243),
(0.66313106417655,0.00500038862227964,1.38364267349243),(0.66357967257499,
8.34464997101492E-8,1.39287347793579),(0.66357967257499,0.00500038862227964,
1.39287347793579),(0.66500560641288,0.00500038862227964,1.41775703430176),
(0.66500560641289,8.34464997101492E-8,1.41775703430176),(0.665294760465619,
8.34464997101492E-8,1.45646314620972),(0.665294760465619,0.00500038862227964,
1.45646314620972),(0.665791434049599,8.34464997101492E-8,1.46569395065308),
(0.665791434049599,0.00500038862227964,1.46569395065308),(0.667833060026159,
8.34464997101492E-8,1.39313106536865),(0.667833060026159,0.00500038862227964,
1.39313106536865),(0.671981924772259,8.34464997101492E-8,1.39408512115478),
(0.671981924772259,0.00500038862227964,1.39408512115478),(0.672739523649209,
8.34464997101492E-8,1.46511163711548),(0.672739523649209,0.00500038862227964,
1.46511163711548),(0.67371150851249,8.34464997101492E-8,1.45514364242554),
(0.67371150851249,0.00500038862227964,1.45514364242554),(0.675038260221479,
8.34464997101492E-8,1.43170356750488),(0.675038260221479,0.00500038862227964,
1.43170356750488),(0.67600032687187,-0.15999976396561,1.56627807617188),
(0.67600032687187,8.34464997101492E-8,1.56627807617188),(0.676524466276158,
8.34464997101492E-8,1.39660243988037),(0.676524466276158,0.00500038862227964,
1.39660243988037),(0.67704402804374,8.34464997101492E-8,1.38586435317993),
(0.67704402804374,0.00500038862227964,1.38586435317993),(0.67808009982108,
8.34464997101492E-8,1.43319444656372),(0.67808009982108,0.00500038862227964,
1.43319444656372),(0.679116934537879,8.34464997101492E-8,1.45208978652954),
(0.679116934537889,0.00500038862227964,1.45208978652954),(0.67945110201835,
8.34464997101492E-8,1.46322546005249),(0.67945110201835,0.00500038862227964,
1.46322546005249),(0.67964794039726,8.34464997101492E-8,1.40056476593018),
(0.67964794039726,0.00500038862227964,1.40056476593018),(0.67980586886405,
-0.15999976396561,1.54714374542236),(0.67980586886405,-0.15999976396561,
1.58541221618653),(0.67980586886405,8.34464997101492E-8,1.54714374542236),
(0.67980586886405,8.34464997101492E-8,1.58541221618653),(0.680753439664829,
0.00500038862227964,1.43526840209961),(0.68075343966484,8.34464997101492E-8,
1.43526840209961),(0.680967825651159,8.34464997101492E-8,1.4226170539856),
(0.680967825651159,0.00500038862227964,1.4226170539856),(0.681512564420689,
8.34464997101492E-8,1.40723237991333),(0.681512564420689,0.00500038862227964,
1.40723237991333),(0.68201152682304,8.34464997101492E-8,1.44844274520874),
(0.68201152682304,0.00500038862227964,1.44844274520874),(0.68288509249687,
8.34464997101492E-8,1.43860292434692),(0.68288509249687,0.00500038862227964,
1.43860292434692),(0.68316814303398,8.34464997101492E-8,1.44557275772095),
(0.68316814303398,0.00500038862227964,1.44557275772095),(0.683563345670689,
8.34464997101492E-8,1.4425048828125),(0.683563345670689,0.00500038862227964,
1.4425048828125),(0.68507930636405,8.34464997101492E-8,1.39041976928711),
(0.68507930636405,0.00500038862227964,1.39041976928711),(0.68556300997734,
8.34464997101492E-8,1.45988817214966),(0.68556300997734,0.00500038862227964,
1.45988817214966),(0.68813335299491,0.00500038862227964,1.42704048156738),
(0.68813335299492,8.34464997101492E-8,1.42704048156738),(0.690300863981239,
8.34464997101492E-8,1.39718618392944),(0.690300863981239,0.00500038862227964,
1.39718618392944),(0.690498465299599,8.34464997101492E-8,1.45499038696289),
(0.690498465299599,0.00500038862227964,1.45499038696289),(0.690644949674599,
-0.15999976396561,1.53092269897461),(0.690644949674599,-0.15999976396561,
1.60163326263428),(0.690644949674599,8.34464997101492E-8,1.53092269897461),
(0.690644949674599,8.34464997101492E-8,1.60163326263428),(0.692093008756629,
8.34464997101492E-8,1.40207471847534),(0.692093008756629,0.00500038862227964,
1.40207471847534),(0.69279415011405,0.00500038862227964,1.40723237991333),
(0.692794150114059,8.34464997101492E-8,1.40723237991333),(0.69281474947929,
8.34464997101492E-8,1.43297386169434),(0.69281474947929,0.00500038862227964,
1.43297386169434),(0.693715780973429,8.34464997101492E-8,1.44882173538208),
(0.693715780973429,0.00500038862227964,1.44882173538208),(0.694355124235151,
8.34464997101492E-8,1.43734750747681),(0.694355124235151,0.00500038862227964,
1.43734750747681),(0.694845694303509,8.34464997101492E-8,1.44195995330811),
(0.694845694303509,0.00500038862227964,1.4419599533081),(0.706128042936319,
8.34464997101492E-8,1.42407531738281),(0.706128042936319,0.00500038862227964,
1.42407531738281),(0.70686580538749,-0.15999976396561,1.6124719619751),
(0.70686580538749,8.34464997101492E-8,1.52008399963379),(0.70686580538749,
8.34464997101492E-8,1.6124719619751),(0.706865805387499,-0.159999763965619,
1.52008399963379),(0.707172507047639,8.34464997101492E-8,1.43508367538452),
(0.707172507047649,0.00500038862227964,1.43508367538452),(0.709241598844519,
8.34464997101492E-8,1.40594749450684),(0.709241598844519,0.00500038862227964,
1.40594749450684),(0.710426443815229,8.34464997101492E-8,1.44564867019653),
(0.710426443815229,0.00500038862227964,1.44564867019653),(0.71625606417655,
8.34464997101492E-8,1.39452114105225),(0.71625606417655,0.00500038862227964,
1.39452114105225),(0.717392843961709,8.34464997101492E-8,1.45630674362183),
(0.717392843961709,0.00500038862227964,1.45630674362183),(0.71740962862968,
8.34464997101492E-8,1.42402725219727),(0.71740962862968,0.00500038862227964,
1.42402725219727),(0.718691366910928,8.34464997101492E-8,1.41280822753906),
(0.718691366910928,0.00500038862227964,1.41280822753906),(0.7194535434246,
8.34464997101492E-8,1.43921594619751),(0.7194535434246,0.00500038862227964,
1.43921594619751),(0.72256328463554,8.34464997101492E-8,1.44622478485107),
(0.72256328463554,0.00500038862227964,1.44622478485107),(0.722940176725378,
8.34464997101492E-8,1.40239610671997),(0.722940176725378,0.00500038862227964,
1.40239610671997),(0.726000326871859,-0.15999976396561,1.61627807617187),
(0.726000326871859,8.34464997101492E-8,1.51627798080445),(0.726000326871859,
8.34464997101492E-8,1.61627807617187),(0.72600032687187,-0.15999976396561,
1.51627798080445),(0.726324576139439,8.34464997101492E-8,1.38726491928101),
(0.726324576139439,0.00500038862227964,1.38726491928101),(0.72653056979179,
8.34464997101492E-8,1.46266469955444),(0.72653056979179,0.00500038862227964,
1.46266469955444),(0.728201407194129,8.34464997101492E-8,1.39703845977783),
(0.728201407194129,0.00500038862227964,1.39703845977783),(0.728337210416789,
8.34464997101492E-8,1.45225696563721),(0.728337210416789,0.00500038862227964,
1.45225696563721),(0.734451407194128,8.34464997101492E-8,1.38452091217041),
(0.734451407194128,0.00500038862227964,1.38452091217041),(0.734929770231239,
0.00500038862227964,1.45539875030518),(0.734929770231249,8.34464997101492E-8,
1.45539875030518),(0.73498012423515,8.34464997101492E-8,1.39381723403931),
(0.73498012423515,0.00500038862227964,1.39381723403931),(0.734999960660929,
-0.15999976396561,0.615000009536743),(0.734999960660929,-0.15999976396561,
0.984999942779541),(0.734999960660929,8.34464997101492E-8,0.615000009536743),
(0.734999960660929,8.34464997101492E-8,0.984999942779541),(0.73880626559257,
-0.15999976396561,0.595865821838379),(0.73880626559257,-0.15999976396561,
0.634134149551392),(0.73880626559257,-0.15999976396561,0.965865802764893),
(0.73880626559257,-0.15999976396561,1.00413417816162),(0.73880626559257,
8.34464997101492E-8,0.595865821838379),(0.73880626559257,8.34464997101492E-8,
0.634134149551392),(0.73880626559257,8.34464997101492E-8,0.965865802764893),
(0.73880626559257,8.34464997101492E-8,1.00413417816162),(0.742153280973429,
8.34464997101492E-8,1.45646314620972),(0.742153280973429,0.00500038862227964,
1.45646314620972),(0.742441672086709,8.34464997101492E-8,1.39287347793579),
(0.742441672086709,0.00500038862227964,1.39287347793579),(0.74298641085624,
8.34464997101492E-8,1.38364267349243),(0.74298641085624,0.00500038862227964,
1.38364267349243),(0.743211477994909,8.34464997101492E-8,1.46569395065308),
(0.743211477994909,0.00500038862227964,1.46569395065308),(0.745134085416789,
-0.15999976396561,1.52008399963379),(0.745134085416789,-0.15999976396561,
1.6124719619751),(0.745134085416789,8.34464997101492E-8,1.52008399963379),
(0.745134085416789,8.34464997101492E-8,1.6124719619751),(0.74836360812187,
8.34464997101492E-8,1.39357118606567),(0.74836360812187,0.00500038862227964,
1.39357118606567),(0.74964458346366,-0.15999976396561,0.579644632339477),
(0.74964458346366,-0.15999976396561,0.650355339050293),(0.74964458346366,
-0.15999976396561,0.949644660949707),(0.74964458346366,-0.15999976396561,
1.02035531997681),(0.74964458346366,8.34464997101492E-8,0.579644632339477),
(0.74964458346366,8.34464997101492E-8,0.650355339050293),(0.74964458346366,
8.34464997101492E-8,0.949644660949707),(0.74964458346366,8.34464997101492E-8,
1.02035531997681),(0.75084850192069,0.00500038862227964,1.45488843917847),
(0.750848501920699,8.34464997101492E-8,1.45488843917847),(0.752827566862101,
8.34464997101492E-8,1.46450815200806),(0.752827566862101,0.00500038862227964,
1.46450815200806),(0.753805655241009,8.34464997101492E-8,1.39598150253296),
(0.753805655241009,0.00500038862227964,1.39598150253296),(0.75659343600272,
0.00500038862227964,1.38620452880859),(0.75659343600273,8.34464997101492E-8,
1.38620452880859),(0.75751582980155,8.34464997101492E-8,1.45055847167969),
(0.75751582980155,0.00500038862227964,1.45055847167969),(0.758621329069128,
8.34464997101492E-8,1.40080413818359),(0.758621329069128,0.00500038862227964,
1.40080413818359),(0.76135570406913,-0.15999976396561,1.53092269897461),
(0.76135570406913,-0.15999976396561,1.60163326263428),(0.76135570406913,
8.34464997101492E-8,1.53092269897461),(0.76135570406913,8.34464997101492E-8,
1.60163326263428),(0.761680716276159,8.34464997101492E-8,1.46060628890991),
(0.761680716276159,0.00500038862227964,1.46060628890991),(0.761743277311319,
8.34464997101492E-8,1.44476680755615),(0.761743277311319,0.00500038862227964,
1.44476680755615),(0.762538260221479,8.34464997101492E-8,1.40931577682495),
(0.762538260221479,0.00500038862227964,1.40931577682495),(0.763446921110149,
8.34464997101492E-8,1.44069490432739),(0.763446921110149,0.00500038862227964,
1.44069490432739),(0.764589041471479,8.34464997101492E-8,1.43643112182617),
(0.764589041471479,0.00500038862227964,1.43643112182617),(0.765852469205849,
8.34464997101492E-8,1.39254179000854),(0.765852469205849,0.00500038862227964,
1.39254179000854),(0.76586620211601,-0.15999976396561,0.568806028366089),
(0.76586620211601,-0.15999976396561,0.661193990707398),(0.76586620211601,
-0.15999976396561,0.938806056976318),(0.76586620211601,-0.15999976396561,
1.03119392395019),(0.76586620211601,8.34464997101492E-8,0.568806028366089),
(0.76586620211601,8.34464997101492E-8,0.661193990707398),(0.76586620211601,
8.34464997101492E-8,0.938806056976318),(0.76586620211601,8.34464997101492E-8,
1.03119392395019),(0.76968166232108,0.00500038862227964,1.45293912887573),
(0.769681662321089,8.34464997101492E-8,1.45293912887573),(0.770730704069129,
8.34464997101492E-8,1.39921722412109),(0.770730704069129,0.00500038862227964,
1.39921722412109),(0.77219402194023,-0.15999976396561,1.54714374542236),
(0.77219402194023,-0.15999976396561,1.58541221618653),(0.77219402194023,
8.34464997101492E-8,1.54714374542236),(0.77219402194023,8.34464997101492E-8,
1.58541221618653),(0.77381984591483,8.34464997101492E-8,1.40689582824707),
(0.77381984591484,0.00500038862227964,1.40689582824707),(0.775871390104289,
8.34464997101492E-8,1.43905935287476),(0.775871390104289,0.00500038862227964,
1.43905935287476),(0.77600032687187,-0.15999976396561,1.56627807617188),
(0.77600032687187,8.34464997101492E-8,1.56627807617188),(0.784999960660929,
-0.15999976396561,0.565000009536743),(0.784999960660929,-0.15999976396561,
0.665000009536743),(0.784999960660929,-0.15999976396561,0.934999942779541),
(0.784999960660929,-0.15999976396561,1.03499994277954),(0.784999960660929,
8.34464997101492E-8,0.565000009536743),(0.784999960660929,8.34464997101492E-8,
0.665000009536743),(0.784999960660929,8.34464997101492E-8,0.934999942779541),
(0.784999960660929,8.34464997101492E-8,1.03499994277954),(0.790229910612099,
8.34464997101492E-8,1.38466835021973),(0.790229910612099,8.34464997101492E-8,
1.46466827392578),(0.790229910612099,0.00500038862227964,1.38466835021973),
(0.790229910612099,0.00500038862227964,1.46466827392578),(0.800000113248819,
-0.15999976396561,0.25),(0.800000113248819,8.34464997101492E-8,0.25),(0.801512259244909,
8.34464997101492E-8,1.38466835021973),(0.801512259244909,8.34464997101492E-8,
1.45543756484985),(0.801512259244909,0.00500038862227964,1.38466835021973),
(0.801512259244909,0.00500038862227964,1.45543756484985),(0.804134482145299,
-0.15999976396561,0.568806028366089),(0.804134482145299,-0.15999976396561,
0.661193990707398),(0.804134482145299,8.34464997101492E-8,0.568806028366089),
(0.804134482145299,8.34464997101492E-8,0.661193990707398),(0.804134482145299,
8.34464997101492E-8,0.938806056976318),(0.804134482145311,-0.15999976396561,
0.938806056976318),(0.804134482145311,-0.15999976396561,1.03119392395019),
(0.804134482145311,8.34464997101492E-8,1.03119392395019),(0.81141826510429,
-0.15999976396561,0.192597484588623),(0.81141826510429,-0.15999976396561,
0.307402515411377),(0.81141826510429,8.34464997101492E-8,0.192597484588623),
(0.81141826510429,8.34464997101492E-8,0.307402515411377),(0.820355337858199,
-0.15999976396561,0.579644632339478),(0.820355337858199,-0.15999976396561,
0.650355339050293),(0.820355337858199,-0.15999976396561,0.949644660949707),
(0.820355337858199,-0.15999976396561,1.02035531997681),(0.820355337858199,
8.34464997101492E-8,0.579644632339478),(0.820355337858199,8.34464997101492E-8,
0.650355339050293),(0.820355337858199,8.34464997101492E-8,0.949644660949707),
(0.820355337858199,8.34464997101492E-8,1.02035531997681),(0.831194418668739,
-0.15999976396561,0.595865821838379),(0.831194418668739,-0.15999976396561,
0.634134149551392),(0.831194418668739,-0.15999976396561,0.965865802764893),
(0.831194418668739,-0.15999976396561,1.00413417816162),(0.831194418668739,
8.34464997101492E-8,0.595865821838379),(0.831194418668739,8.34464997101492E-8,
0.634134149551392),(0.831194418668739,8.34464997101492E-8,0.965865802764893),
(0.831194418668739,8.34464997101492E-8,1.00413417816162),(0.834999960660929,
-0.15999976396561,0.615000009536743),(0.834999960660929,-0.15999976396561,
0.984999942779541),(0.834999960660929,8.34464997101492E-8,0.615000009536743),
(0.834999960660929,8.34464997101492E-8,0.984999942779541),(0.83946086764335,
8.34464997101492E-8,1.45543756484985),(0.83946086764335,8.34464997101492E-8,
1.46466827392578),(0.83946086764335,0.00500038862227964,1.45543756484985),
(0.83946086764335,0.00500038862227964,1.46466827392578),(0.84393398165702,
-0.15999976396561,0.143933963775635),(0.84393398165702,-0.15999976396561,
0.356065988540649),(0.84393398165702,8.34464997101492E-8,0.143933963775635),
(0.84393398165702,8.34464997101492E-8,0.356065988540649),(0.878435629606239,
8.34464997101492E-8,1.43697595596313),(0.878435629606239,0.00500038862227964,
1.43697595596313),(0.879421347379679,8.34464997101492E-8,1.4442985534668),
(0.879421347379679,0.00500038862227964,1.4442985534668),(0.881512564420689,
8.34464997101492E-8,1.40554971694946),(0.881512564420689,0.00500038862227964,
1.40554971694946),(0.881938284635539,8.34464997101492E-8,1.40958251953125),
(0.881938284635539,0.00500038862227964,1.40958251953125),(0.882132071256629,
8.34464997101492E-8,1.45116682052612),(0.882132071256629,0.00500038862227964,
1.45116682052612),(0.88257610201835,8.34464997101492E-8,1.39905586242676),
(0.88257610201835,0.00500038862227964,1.39905586242676),(0.883261221647259,
8.34464997101492E-8,1.41341962814331),(0.883261221647259,0.00500038862227964,
1.41341962814331),(0.885642355680459,8.34464997101492E-8,1.39323101043701),
(0.885642355680459,0.00500038862227964,1.39323101043701),(0.887217825651158,
8.34464997101492E-8,1.41872072219849),(0.887217825651158,0.00500038862227964,
1.41872072219849),(0.888516348600379,8.34464997101492E-8,1.45888652801514),
(0.888516348600379,0.00500038862227964,1.45888652801514),(0.8897172152996,
0.00500038862227964,1.43697595596313),(0.88971721529961,8.34464997101492E-8,
1.43697595596313),(0.89040996432304,8.34464997101492E-8,1.38870344161987),
(0.89040996432304,0.00500038862227964,1.38870344161987),(0.89220516085624,
8.34464997101492E-8,1.44639282226562),(0.892205160856249,0.00500038862227964,
1.44639282226562),(0.892597311735149,-0.15999976396561,0.111418056488037),
(0.892597311735149,-0.15999976396561,0.388581943511963),(0.892597311735149,
8.34464997101492E-8,0.111418056488037),(0.892597311735149,8.34464997101492E-8,
0.388581943511963),(0.89279415011406,8.34464997101492E-8,1.40481252670288),
(0.89279415011406,0.00500038862227964,1.40481252670288),(0.893322867155071,
8.34464997101492E-8,1.42284135818481),(0.893322867155071,0.00500038862227964,
1.42284135818481),(0.893328207731239,8.34464997101492E-8,1.40140085220337),
(0.893328207731239,0.00500038862227964,1.40140085220337),(0.89333354830741,
8.34464997101492E-8,1.40824041366577),(0.89333354830741,0.00500038862227964,
1.40824041366577),(0.89427730441093,8.34464997101492E-8,1.41020374298096),
(0.89427730441093,0.00500038862227964,1.41020374298096),(0.89496242403984,
8.34464997101492E-8,1.39836254119873),(0.89496242403984,0.00500038862227964,
1.39836254119873),(0.895662802457799,8.34464997101492E-8,1.41187982559204),
(0.895662802457799,0.00500038862227964,1.41187982559204),(0.895664328336709,
8.34464997101492E-8,1.46303186416626),(0.895664328336709,0.00500038862227964,
1.46303186416626),(0.89568645358085,8.34464997101492E-8,1.45096893310547),
(0.89568645358085,0.00500038862227964,1.45096893310547),(0.896305960416791,
8.34464997101492E-8,1.38576240539551),(0.896305960416791,0.00500038862227964,
1.38576240539551),(0.89845439791679,8.34464997101492E-8,1.39522981643677),
(0.89845439791679,0.00500038862227964,1.39522981643677),(0.90086223483085,
8.34464997101492E-8,1.41472978591919),(0.90086223483085,0.00500038862227964,
1.41472978591919),(0.90193645358085,8.34464997101492E-8,1.45475349426269),
(0.90193645358085,0.00500038862227964,1.45475349426269),(0.902041739225379,
8.34464997101492E-8,1.39376811981201),(0.902041739225379,0.00500038862227964,
1.39376811981201),(0.902702444791789,8.34464997101492E-8,1.38414077758789),
(0.902702444791789,0.00500038862227964,1.38414077758789),(0.906610220670699,
8.34464997101492E-8,1.45606212615967),(0.906610220670699,0.00500038862227964,
1.45606212615967),(0.909285086393349,8.34464997101492E-8,1.38364267349243),
(0.909285086393349,0.00500038862227964,1.38364267349243),(0.909733694791789,
8.34464997101492E-8,1.39287347793579),(0.909733694791789,0.00500038862227964,
1.39287347793579),(0.911159628629679,8.34464997101492E-8,1.41775703430176),
(0.911159628629679,0.00500038862227964,1.41775703430176),(0.91144801974296,
8.34464997101492E-8,1.45646314620972),(0.91144801974296,0.00500038862227964,
1.45646314620972),(0.911944693326951,8.34464997101492E-8,1.46569395065308),
(0.911944693326951,0.00500038862227964,1.46569395065308),(0.913987082242959,
8.34464997101492E-8,1.39313106536865),(0.913987082242959,0.00500038862227964,
1.39313106536865),(0.91813594698905,8.34464997101492E-8,1.39408512115478),
(0.91813594698905,0.00500038862227964,1.39408512115478),(0.918893545866009,
8.34464997101492E-8,1.46511163711548),(0.918893545866009,0.00500038862227964,
1.46511163711548),(0.91986553072929,8.34464997101492E-8,1.45514364242554),
(0.91986553072929,0.00500038862227964,1.45514364242554),(0.921191519498821,
8.34464997101492E-8,1.43170356750488),(0.921191519498821,0.00500038862227964,
1.43170356750488),(0.92267772555351,8.34464997101492E-8,1.39660243988037),
(0.92267772555351,0.00500038862227964,1.39660243988037),(0.92319805026054,
8.34464997101492E-8,1.38586435317993),(0.92319805026054,0.00500038862227964,
1.38586435317993),(0.92423412203788,0.00500038862227964,1.43319444656372),
(0.92423412203789,8.34464997101492E-8,1.43319444656372),(0.925270956754679,
8.34464997101492E-8,1.45208978652954),(0.925270956754679,0.00500038862227964,
1.45208978652954),(0.92560512423515,8.34464997101492E-8,1.46322546005249),
(0.92560512423515,0.00500038862227964,1.46322546005249),(0.925801962614049,
8.34464997101492E-8,1.40056476593018),(0.925801962614049,0.00500038862227964,
1.40056476593018),(0.926907461881629,8.34464997101492E-8,1.43526840209961),
(0.926907461881629,0.00500038862227964,1.43526840209961),(0.927121084928509,
8.34464997101492E-8,1.4226170539856),(0.927121084928509,0.00500038862227964,
1.4226170539856),(0.927665823698039,8.34464997101492E-8,1.40723237991333),
(0.927665823698039,0.00500038862227964,1.40723237991333),(0.92816478610038,
8.34464997101492E-8,1.44844274520874),(0.92816478610038,0.00500038862227964,
1.44844274520874),(0.929039114713659,8.34464997101492E-8,1.43860292434692),
(0.929039114713659,0.00500038862227964,1.43860292434692),(0.929322165250769,
8.34464997101492E-8,1.44557275772095),(0.929322165250769,0.00500038862227964,
1.44557275772095),(0.929717367887489,8.34464997101492E-8,1.4425048828125),
(0.929717367887489,0.00500038862227964,1.4425048828125),(0.930000418424601,
-0.15999976396561,1.56627807617188),(0.930000418424601,8.34464997101492E-8,
1.56627807617188),(0.931233328580851,8.34464997101492E-8,1.39041976928711),
(0.931233328580851,0.00500038862227964,1.39041976928711),(0.931717032194129,
8.34464997101492E-8,1.45988817214966),(0.931717032194129,0.00500038862227964,
1.45988817214966),(0.933805960416791,-0.15999976396561,1.54714374542236),
(0.933805960416791,-0.15999976396561,1.58541221618653),(0.933805960416791,
8.34464997101492E-8,1.54714374542236),(0.933805960416791,8.34464997101492E-8,
1.58541221618653),(0.934287375211709,8.34464997101492E-8,1.42704048156738),
(0.934287375211709,0.00500038862227964,1.42704048156738),(0.936454886198039,
8.34464997101492E-8,1.39718618392944),(0.936454886198039,0.00500038862227964,
1.39718618392944),(0.936652487516398,8.34464997101492E-8,1.45499038696289),
(0.936652487516398,0.00500038862227964,1.45499038696289),(0.938246268033979,
8.34464997101492E-8,1.40207471847534),(0.938246268033979,0.00500038862227964,
1.40207471847534),(0.938948172330849,8.34464997101492E-8,1.40723237991333),
(0.938948172330849,0.00500038862227964,1.40723237991333),(0.93896877169609,
8.34464997101492E-8,1.43297386169434),(0.93896877169609,0.00500038862227964,
1.43297386169434),(0.93986980319023,8.34464997101492E-8,1.44882173538208),
(0.93986980319023,0.00500038862227964,1.44882173538208),(0.940509146451939,
8.34464997101492E-8,1.43734750747681),(0.940509146451939,0.00500038862227964,
1.43734750747681),(0.940999716520299,8.34464997101492E-8,1.44195995330811),
(0.940999716520299,0.00500038862227964,1.4419599533081),(0.94464504122734,
-0.15999976396561,1.53092269897461),(0.94464504122734,-0.15999976396561,
1.60163326263428),(0.94464504122734,8.34464997101492E-8,1.53092269897461),
(0.94464504122734,8.34464997101492E-8,1.60163326263428),(0.950000113248819,
-0.15999976396561,0.1),(0.950000113248819,-0.15999976396561,0.4),(0.950000113248819,
8.34464997101492E-8,0.1),(0.950000113248819,8.34464997101492E-8,0.4),(0.95638439059257,
8.34464997101492E-8,1.38466835021973),(0.95638439059257,8.34464997101492E-8,
1.46466827392578),(0.95638439059257,0.00500038862227964,1.38466835021973),
(0.95638439059257,0.00500038862227964,1.46466827392578),(0.960865896940229,
-0.15999976396561,1.52008399963379),(0.960865896940229,-0.15999976396561,
1.6124719619751),(0.960865896940229,8.34464997101492E-8,1.52008399963379),
(0.960865896940229,8.34464997101492E-8,1.6124719619751),(0.967665976285929,
8.34464997101492E-8,1.39389905929565),(0.967665976285929,8.34464997101492E-8,
1.45543756484985),(0.967665976285929,0.00500038862227964,1.39389905929565),
(0.967665976285929,0.00500038862227964,1.45543756484985),(0.980000418424601,
-0.15999976396561,1.51627798080445),(0.980000418424601,-0.15999976396561,
1.61627807617187),(0.980000418424601,8.34464997101492E-8,1.51627798080445),
(0.980000418424601,8.34464997101492E-8,1.61627807617187),(0.98374034762382,
8.34464997101492E-8,1.38466835021973),(0.98374034762382,0.00500038862227964,
1.38466835021973),(0.98388378024101,8.34464997101492E-8,1.39389905929565),
(0.98388378024101,0.00500038862227964,1.39389905929565),(0.98415691256523,
8.34464997101492E-8,1.45543756484985),(0.98415691256523,0.00500038862227964,
1.45543756484985),(0.98503810763359,8.34464997101492E-8,1.46466827392578),
(0.98503810763359,0.00500038862227964,1.46466827392578),(0.990571707487101,
8.34464997101492E-8,1.39417791366577),(0.990571707487101,0.00500038862227964,
1.39417791366577),(0.994228476285929,8.34464997101492E-8,1.45449752807617),
(0.994228476285929,0.00500038862227964,1.45449752807617),(0.995525473356239,
8.34464997101492E-8,1.46378936767578),(0.995525473356239,0.00500038862227964,
1.46378936767578),(0.997105520963659,8.34464997101492E-8,1.39554967880249),
(0.997105520963659,0.00500038862227964,1.39554967880249),(0.99787456393242,
8.34464997101492E-8,1.38582210540771),(0.99787456393242,0.00500038862227964,
1.38582210540771),(0.99913417696952,-0.15999976396561,1.52008399963379),
(0.99913417696952,-0.15999976396561,1.6124719619751),(0.99913417696952,
8.34464997101492E-8,1.52008399963379),(0.99913417696952,8.34464997101492E-8,
1.6124719619751),(0.99919063448905,8.34464997101492E-8,1.452649974823),
(0.99919063448905,0.00500038862227964,1.452649974823),(1.00093242526054,
8.34464997101492E-8,1.39775161743164),(1.00093242526054,0.00500038862227964,
1.39775161743164),(1.00305110812187,8.34464997101492E-8,1.44978046417236),
(1.00305110812187,0.00500038862227964,1.44978046417236),(1.00404979586601,
8.34464997101492E-8,1.38795795440674),(1.00404979586601,0.00500038862227964,
1.38795795440674),(1.00410777926445,8.34464997101492E-8,1.40082635879517),
(1.00410777926445,0.00500038862227964,1.40082635879517),(1.00545741915702,
8.34464997101492E-8,1.46039323806763),(1.00545741915702,0.00500038862227964,
1.46039323806763),(1.00740291476249,-0.15999976396561,0.111418056488037),
(1.00740291476249,-0.15999976396561,0.388581943511963),(1.00740291476249,
8.34464997101492E-8,0.111418056488037),(1.00740291476249,8.34464997101492E-8,
0.388581943511963),(1.00784084200859,8.34464997101492E-8,1.44203510284424),
(1.00784084200859,0.00500038862227964,1.44203510284424),(1.00882732272148,
8.34464997101492E-8,1.40932884216309),(1.00882732272148,0.00500038862227964,
1.40932884216309),(1.00950939059257,8.34464997101492E-8,1.39154329299927),
(1.00950939059257,0.00500038862227964,1.39154329299927),(1.01013652682304,
8.34464997101492E-8,1.43319025039673),(1.01013652682304,0.00500038862227964,
1.43319025039673),(1.01074306368827,8.34464997101492E-8,1.4240592956543),
(1.01074306368827,0.00500038862227964,1.4240592956543),(1.01321575045585,
8.34464997101492E-8,1.45372924804687),(1.01321575045585,0.00500038862227964,
1.45372924804687),(1.01535503268241,-0.15999976396561,1.53092269897461),
(1.01535503268241,-0.15999976396561,1.60163326263428),(1.01535503268241,
8.34464997101492E-8,1.53092269897461),(1.01535503268241,8.34464997101492E-8,
1.60163326263428),(1.01698009371757,8.34464997101492E-8,1.40090656280518),
(1.01698009371757,0.00500038862227964,1.40090656280518),(1.01840907931327,
8.34464997101492E-8,1.44469966888428),(1.01840907931327,0.00500038862227964,
1.44469966888428),(1.02090465426444,8.34464997101492E-8,1.41225786209106),
(1.02090465426445,0.00500038862227964,1.41225786209106),(1.02202541232109,
8.34464997101492E-8,1.4242356300354),(1.02202541232109,0.00500038862227964,
1.4242356300354),(1.02543880343437,8.34464997101492E-8,1.46466827392578),
(1.02543880343437,0.00500038862227964,1.46466827392578),(1.02619411349296,
-0.15999976396561,1.54714374542236),(1.02619411349296,-0.15999976396561,
1.58541221618653),(1.02619411349296,8.34464997101492E-8,1.54714374542236),
(1.02619411349296,8.34464997101492E-8,1.58541221618653),(1.0300004184246,
-0.15999976396561,1.56627807617188),(1.0300004184246,8.34464997101492E-8,
1.56627807617188),(1.03741008639335,8.34464997101492E-8,1.46466827392578),
(1.03741008639335,0.00500038862227964,1.46466827392578),(1.04651195406913,
8.34464997101492E-8,1.44005289077759),(1.04651195406913,0.00500038862227964,
1.44005289077759),(1.04991008639335,8.34464997101492E-8,1.43082218170166),
(1.04991008639335,0.00500038862227964,1.43082218170166),(1.05606624484062,
-0.15999976396561,0.143933963775635),(1.05606624484062,-0.15999976396561,
0.356065988540649),(1.05606624484062,8.34464997101492E-8,0.143933963775635),
(1.05606624484062,8.34464997101492E-8,0.356065988540649),(1.05720149874687,
8.34464997101492E-8,1.38466835021973),(1.05720149874687,0.00500038862227964,
1.38466835021973),(1.05809871554374,8.34464997101492E-8,1.40867471694946),
(1.05809871554374,0.00500038862227964,1.40867471694946),(1.05999996066093,
-0.160999977588661,0.49214015007019),(1.05999996066093,-0.160999977588661,
0.50624270439148),(1.05999996066093,-0.160999977588661,0.554960680007935),
(1.05999996066093,-0.160999977588661,0.569063234329224),(1.05999996066093,
-0.160999977588661,0.581883764266968),(1.05999996066093,-0.160999977588661,
0.596447038650513),(1.05999996066093,-0.160999977588661,0.657725095748901),
(1.05999996066093,-0.160999977588661,0.699371719360352),(1.05999996066093,
-0.160999977588661,0.713935041427612),(1.05999996066093,-0.160999977588661,
0.95439977645874),(1.05999996066093,-0.160999977588661,0.962652969360352),
(1.05999996066093,-0.160999977588649,0.640757942199707),(1.05999996066093,
-0.160999977588649,0.79788932800293),(1.05999996066093,-0.160999977588649,
0.871507167816162),(1.05999996066093,-0.159999763965619,0.713935041427613),
(1.05999996066093,-0.15999976396561,0.49214015007019),(1.05999996066093,
-0.15999976396561,0.50624270439148),(1.05999996066093,-0.15999976396561,
0.554960680007935),(1.05999996066093,-0.15999976396561,0.569063234329224),
(1.05999996066093,-0.15999976396561,0.581883764266968),(1.05999996066093,
-0.15999976396561,0.596447038650513),(1.05999996066093,-0.15999976396561,
0.640757942199707),(1.05999996066093,-0.15999976396561,0.657725095748901),
(1.05999996066093,-0.15999976396561,0.699371719360352),(1.05999996066093,
-0.15999976396561,0.79788932800293),(1.05999996066093,-0.15999976396561,
0.871507167816162),(1.05999996066093,-0.15999976396561,0.95439977645874),
(1.05999996066093,-0.15999976396561,0.962652969360352),(1.06059047579765,
-0.160999977588661,0.865045261383057),(1.06059047579765,-0.15999976396561,
0.865045261383057),(1.06114665865898,-0.160999977588661,0.788314437866211),
(1.06114665865898,-0.15999976396561,0.788314437866211),(1.06187450289726,
-0.160999977588661,0.88231782913208),(1.06187450289726,-0.15999976396561,
0.88231782913208),(1.06232082247733,-0.15999976396561,0.810410022735596),
(1.06232082247734,-0.160999977588661,0.810410022735596),(1.06253826022148,
-0.160999977588661,0.858859157562256),(1.06253826022148,-0.15999976396561,
0.858859157562256),(1.06356365084648,8.34464997101492E-8,1.39389905929565),
(1.06356365084648,0.00500038862227964,1.39389905929565),(1.06496288180351,
-0.160999977588661,0.77947244644165),(1.06496288180351,-0.15999976396561,
0.77947244644165),(1.06738521456718,-0.160999977588661,0.891807365417481),
(1.06738521456718,-0.15999976396561,0.891807365417481),(1.06739513278007,
-0.160999977588661,0.818197059631348),(1.06739513278007,-0.15999976396561,
0.818197059631348),(1.0686722934246,-0.160999977588661,0.948491096496582),
(1.0686722934246,-0.15999976396561,0.948491096496582),(1.06909572482109,
-0.160999977588661,0.84960994720459),(1.06909572482109,-0.15999976396561,
0.84960994720459),(1.06944515109062,8.34464997101492E-8,1.40979652404785),
(1.06944515109062,0.00500038862227964,1.40979652404785),(1.06992580294609,
8.34464997101492E-8,1.38466835021973),(1.06992580294609,0.00500038862227964,
1.38466835021973),(1.07135860323906,-0.160999977588661,0.772268390655518),
(1.07135860323906,-0.15999976396561,0.772268390655518),(1.07153865694999,
-0.160999977588661,0.797047996520996),(1.07153865694999,-0.160999977588661,
0.873470306396484),(1.07153865694999,-0.15999976396561,0.797047996520996),
(1.07153865694999,-0.15999976396561,0.873470306396484),(1.07188350558281,
-0.160999977588661,0.877375221252441),(1.07188350558281,-0.15999976396561,
0.877375221252441),(1.07207958102226,-0.160999977588661,0.649191427230835),
(1.07207958102226,-0.15999976396561,0.649191427230835),(1.07208415865898,
-0.160999977588649,0.801562213897705),(1.07208415865898,-0.15999976396561,
0.801562213897705),(1.07212306857109,-0.160999977588661,0.792005825042724),
(1.07212306857109,-0.15999976396561,0.792005825042725),(1.07281963229178,
-0.160999977588649,0.86630802154541),(1.07281963229179,-0.15999976396561,
0.86630802154541),(1.07302410006523,-0.160999977588661,0.88112325668335),
(1.07302410006523,-0.15999976396561,0.88112325668335),(1.0730912387371,
-0.160999977588661,0.788976955413819),(1.0730912387371,-0.15999976396561,
0.788976955413819),(1.07382594943046,-0.160999977588661,0.805758190155029),
(1.07382594943046,-0.15999976396561,0.805758190155029),(1.07450343966484,
-0.160999977588661,0.786130523681641),(1.07450343966484,-0.15999976396561,
0.786130523681641),(1.07514507174491,-0.160999977588661,0.823797607421875),
(1.07514507174491,-0.15999976396561,0.823797607421875),(1.0758500277996,
-0.160999977588649,0.898792457580566),(1.0758500277996,-0.15999976396561,
0.898792457580566),(1.07595989108085,-0.160999977588661,0.940914916992188),
(1.07595989108085,-0.15999976396561,0.940914916992188),(1.07626201510429,
-0.160999977588661,0.860736465454102),(1.07626201510429,-0.15999976396561,
0.860736465454102),(1.07666637301444,-0.160999977588661,0.809307670593262),
(1.07666637301444,-0.15999976396561,0.809307670593262),(1.07670528292655,
-0.160999977588661,0.886402130126953),(1.07670528292655,-0.15999976396561,
0.886402130126953),(1.0772172152996,8.34464997101492E-8,1.43082218170166),
(1.0772172152996,0.00500038862227964,1.43082218170166),(1.0783272922039,
-0.160999977588661,0.843578433990479),(1.0783272922039,-0.15999976396561,
0.843578433990479),(1.08014385104179,-0.160999977588661,0.766910457611084),
(1.08014385104179,-0.15999976396561,0.766910457611084),(1.08027126193046,
-0.160999977588661,0.825703239440918),(1.08027126193046,-0.15999976396561,
0.825703239440918),(1.08061534762382,8.34464997101492E-8,1.44005289077759),
(1.08061534762382,0.00500038862227964,1.44005289077759),(1.08082820773124,
-0.160999977588661,0.85698413848877),(1.08082820773124,-0.15999976396561,
0.85698413848877),(1.08150493502616,-0.160999977588661,0.812243461608887),
(1.08150493502616,-0.15999976396561,0.812243461608887),(1.08191081881523,
-0.160999977588661,0.779634094238281),(1.08191081881523,-0.15999976396561,
0.779634094238281),(1.0820756137371,-0.160999977588649,0.949832439422607),
(1.0820756137371,-0.15999976396561,0.949832439422607),(1.08250057101249,
-0.160999977588661,0.890241622924805),(1.08250057101249,-0.15999976396561,
0.890241622924805),(1.0835778415203,-0.160999977588649,0.652336454391479),
(1.0835778415203,-0.15999976396561,0.65233645439148),(1.08499996066093,
-0.160999977588661,0.926755523681641),(1.08499996066093,-0.15999976396561,
0.926755523681641),(1.08518077731132,-0.160999977588661,0.645405387878418),
(1.08518077731132,-0.15999976396561,0.645405387878418),(1.08564082980155,
-0.160999977588661,0.826755523681641),(1.08564082980155,-0.15999976396561,
0.826755523681641),(1.08625804781913,-0.160999977588661,0.854649353027344),
(1.08625804781913,-0.15999976396561,0.854649353027344),(1.08692333102226,
-0.160999977588661,0.813934993743897),(1.08692333102226,-0.15999976396561,
0.813934993743897),(1.08727352023124,-0.160999977588661,0.891660022735596),
(1.08727352023124,-0.15999976396561,0.891660022735596),(1.08771678805351,
-0.160999977588661,0.77685718536377),(1.08771678805351,-0.15999976396561,
0.77685718536377),(1.08858196139335,-0.15999976396561,0.192597484588623),
(1.08858196139335,-0.15999976396561,0.307402515411377),(1.08858196139335,
8.34464997101492E-8,0.192597484588623),(1.08858196139335,8.34464997101492E-8,
0.307402515411377),(1.0897172152996,0.00500038862227964,1.46466827392578),
(1.08971721529961,8.34464997101492E-8,1.46466827392578),(1.09003154635429,
-0.160999977588661,0.85389461517334),(1.09003154635429,-0.15999976396561,
0.85389461517334),(1.09129039645195,-0.160999977588649,0.763398838043213),
(1.09129039645195,-0.15999976396561,0.763398838043213),(1.09148494601249,
-0.160999977588649,0.903881359100342),(1.09148494601249,-0.15999976396561,
0.903881359100342),(1.09291240572929,-0.160999977588661,0.892140197753906),
(1.09291240572929,-0.15999976396561,0.892140197753906),(1.09319316744804,
-0.160999977588649,0.84085807800293),(1.09319316744804,-0.15999976396561,
0.84085807800293),(1.09387447237968,-0.160999977588661,0.853678607940674),
(1.09387447237968,-0.15999976396561,0.853678607940674),(1.09445659518241,
-0.160999977588661,0.77520637512207),(1.09445659518241,-0.15999976396561,
0.77520637512207),(1.09461528658866,-0.160999977588661,0.798490333557129),
(1.09461528658867,-0.159999763965619,0.798490333557129),(1.09617015719413,
-0.160999977588661,0.78904447555542),(1.09617015719413,-0.15999976396561,
0.78904447555542),(1.09651805758476,-0.160999977588661,0.808985233306885),
(1.09651805758476,-0.15999976396561,0.808985233306885),(1.09681865572929,
-0.160999977588661,0.926755523681641),(1.09681865572929,-0.15999976396561,
0.926755523681641),(1.09832469820976,-0.160999977588661,0.891668319702148),
(1.09832469820976,-0.15999976396561,0.891668319702148),(1.10000011324882,
-0.15999976396561,0.25),(1.10000011324882,8.34464997101492E-8,0.25),(1.1006920993328,
-0.15999976396561,0.780613422393799),(1.10069209933281,-0.160999977588661,
0.780613422393799),(1.10102550387382,-0.160999977588661,0.554960680007935),
(1.10102550387382,-0.160999977588649,0.50624270439148),(1.10102550387382,
-0.15999976396561,0.50624270439148),(1.10102550387382,-0.15999976396561,
0.554960680007935),(1.10140621066093,-0.160999977588661,0.841611957550049),
(1.10140621066093,-0.15999976396561,0.841611957550049),(1.10168849825859,
8.34464997101492E-8,1.46466827392578),(1.10168849825859,0.00500038862227964,
1.46466827392578),(1.10219509005546,-0.160999977588661,0.855101203918457),
(1.10219509005546,-0.15999976396561,0.855101203918457),(1.10225917696952,
-0.160999977588661,0.817971801757812),(1.10225917696952,-0.15999976396561,
0.817971801757812),(1.1035096347332,-0.160999977588661,0.890066337585449),
(1.1035096347332,-0.15999976396561,0.890066337585449),(1.10615398287773,
-0.160999977588661,0.794944667816162),(1.10615398287773,-0.15999976396561,
0.794944667816162),(1.10654537081718,-0.160999977588661,0.799565124511719),
(1.10654537081718,-0.15999976396561,0.799565124511719),(1.10779659152031,
-0.160999977588649,0.774191474914551),(1.10779659152031,-0.15999976396561,
0.774191474914551),(1.10782863497734,-0.160999977588661,0.786309432983398),
(1.10782863497734,-0.15999976396561,0.786309432983398),(1.10784313082695,
-0.160999977588661,0.804013633728028),(1.10784313082695,-0.15999976396561,
0.804013633728027),(1.10797664523124,-0.160999977588649,0.904960632324219),
(1.10797664523124,-0.15999976396561,0.904960632324219),(1.10856181979179,
-0.160999977588649,0.859225463867188),(1.10856181979179,-0.15999976396561,
0.859225463867188),(1.10861598849296,-0.160999977588661,0.886479663848877),
(1.10861598849296,-0.15999976396561,0.886479663848877),(1.10924312472343,
-0.160999977588661,0.844151401519776),(1.10924312472343,-0.15999976396561,
0.844151401519776),(1.11009990572929,-0.160999977588661,0.672007942199707),
(1.11009990572929,-0.15999976396561,0.672007942199707),(1.11074535250663,
-0.160999977588661,0.824444198608399),(1.11074535250663,-0.15999976396561,
0.824444198608399),(1.11162044405937,-0.160999977588661,0.809553813934326),
(1.11162044405937,-0.15999976396561,0.809553813934326),(1.11228954195976,
-0.160999977588661,0.779761791229248),(1.11228954195976,-0.15999976396561,
0.779761791229248),(1.11232387423515,-0.160999977588649,0.892140197753906),
(1.11232387423515,-0.15999976396561,0.892140197753906),(1.1123620212078,
-0.160999977588661,0.86490068435669),(1.1123620212078,-0.15999976396561,
0.864900684356689),(1.11245738863944,-0.160999977588661,0.880717945098877),
(1.11245738863944,-0.15999976396561,0.880717945098877),(1.11256420016288,
-0.160999977588649,0.50624270439148),(1.11256420016288,-0.160999977588649,
0.554960680007935),(1.11256420016288,-0.15999976396561,0.50624270439148),
(1.11256420016288,-0.15999976396561,0.554960680007935),(1.11318523287773,
-0.160999977588649,0.761370944976807),(1.11318523287773,-0.15999976396561,
0.761370944976807),(1.11351100802421,-0.160999977588661,0.86895112991333),
(1.11351100802421,-0.15999976396561,0.86895112991333),(1.11384593844413,
-0.160999977588661,0.87314977645874),(1.11384593844413,-0.15999976396561,
0.87314977645874),(1.11476756930351,-0.160999977588661,0.89220027923584),
(1.11476756930351,-0.15999976396561,0.89220027923584),(1.1176827609539,
-0.160999977588661,0.813510608673096),(1.1176827609539,-0.15999976396561,
0.813510608673096),(1.11772548556327,-0.160999977588661,0.850257205963135),
(1.11772548556327,-0.15999976396561,0.850257205963135),(1.11821071505546,
-0.160999977588661,0.775787830352783),(1.11821071505546,-0.15999976396561,
0.775787830352783),(1.11868984103202,-0.160999977588661,0.827204132080078),
(1.11868984103202,-0.15999976396561,0.827204132080078),(1.11897441744804,
-0.160999977588661,0.715217065811157),(1.11897441744804,-0.160999977588661,
0.752396583557129),(1.11897441744804,-0.15999976396561,0.715217065811157),
(1.11897441744804,-0.15999976396561,0.752396583557129),(1.11921932101249,
-0.160999977588661,0.886147689819336),(1.11921932101249,-0.15999976396561,
0.886147689819336),(1.12242824435234,-0.160999977588661,0.774567031860352),
(1.12242824435234,-0.15999976396561,0.774567031860352),(1.12348110079765,
-0.160999977588661,0.858973407745361),(1.12348110079765,-0.15999976396561,
0.858973407745361),(1.12379238009452,-0.160999977588661,0.878234195709229),
(1.12379238009452,-0.15999976396561,0.878234195709229),(1.12538463473319,
-0.159999763965619,0.86924352645874),(1.1253846347332,-0.160999977588661,
0.684608125686646),(1.1253846347332,-0.160999977588649,0.86924352645874),
(1.1253846347332,-0.15999976396561,0.684608125686646),(1.12576534152031,
-0.160999977588661,0.611290788650513),(1.12576534152031,-0.15999976396561,
0.611290788650513),(1.12680675387382,-0.160999977588661,0.774191474914551),
(1.12680675387382,-0.15999976396561,0.774191474914551),(1.12706767916679,
-0.160999977588661,0.828037548065186),(1.12706767916679,-0.15999976396561,
0.828037548065186),(1.12746822237968,-0.160999977588661,0.815217113494873),
(1.12746822237968,-0.15999976396561,0.815217113494873),(1.12824947237968,
-0.160999977588661,0.621006345748901),(1.12824947237968,-0.15999976396561,
0.621006345748901),(1.12999050021171,-0.160999977588649,0.762678909301758),
(1.12999050021171,-0.15999976396561,0.762678909301758),(1.1303666293621,
-0.160999977588661,0.890249156951904),(1.1303666293621,-0.15999976396561,
0.890249156951904),(1.1305131137371,-0.160999977588661,0.715217065811157),
(1.1305131137371,-0.160999977588661,0.752396583557129),(1.1305131137371,
-0.15999976396561,0.715217065811157),(1.1305131137371,-0.15999976396561,
0.752396583557129),(1.13376857638358,-0.15999976396561,0.814619159698486),
(1.13376857638359,-0.160999977588661,0.814619159698486),(1.1343590915203,
-0.160999977588661,0.854960632324219),(1.1343590915203,-0.15999976396561,
0.854960632324219),(1.13564082980155,-0.160999977588661,0.842140197753906),
(1.13564082980156,-0.15999976396561,0.842140197753906),(1.13602306246757,
-0.160999977588661,0.775934028625488),(1.13602306246757,-0.15999976396561,
0.775934028625488),(1.13926555514335,-0.160999977588661,0.887228679656982),
(1.13926555514335,-0.15999976396561,0.887228679656982),(1.1395577609539,
-0.160999977588649,0.900376415252686),(1.1395577609539,-0.15999976396561,
0.900376415252686),(1.13973628878593,-0.160999977588661,0.812540054321289),
(1.13973628878593,-0.15999976396561,0.812540054321289),(1.14085704684257,
-0.160999977588661,0.825580787658692),(1.14085704684257,-0.15999976396561,
0.825580787658692),(1.14196407198905,-0.160999977588661,0.843401527404785),
(1.14196407198905,-0.15999976396561,0.843401527404785),(1.14201747775077,
-0.160999977588649,0.857326412200928),(1.14201747775077,-0.15999976396561,
0.857326412200928),(1.14396602511406,-0.160999977588661,0.780909156799316),
(1.14396602511406,-0.15999976396561,0.780909156799316),(1.1444909274578,
-0.160999977588661,0.883670806884766),(1.1444909274578,-0.15999976396561,
0.883670806884766),(1.14460689425468,-0.160999977588661,0.808879852294922),
(1.14460689425468,-0.15999976396561,0.808879852294922),(1.14587261080741,
-0.160999977588661,0.768121910095215),(1.14587261080741,-0.15999976396561,
0.768121910095215),(1.14601756930351,-0.160999977588661,0.615858125686646),
(1.14601756930351,-0.160999977588649,0.679960680007935),(1.14601756930351,
-0.15999976396561,0.615858125686646),(1.14601756930351,-0.15999976396561,
0.679960680007935),(1.14623271822929,-0.160999977588661,0.860454368591308),
(1.14623271822929,-0.15999976396561,0.860454368591309),(1.14788829684257,
-0.160999977588661,0.786513328552246),(1.14788829684257,-0.15999976396561,
0.786513328552246),(1.14793559908866,-0.160999977588661,0.845820140838623),
(1.14793559908866,-0.15999976396561,0.845820140838623),(1.1482377231121,
-0.160999977588661,0.803405952453613),(1.1482377231121,-0.15999976396561,
0.803405952453613),(1.14828731417655,-0.160999977588661,0.877927780151367),
(1.14828731417655,-0.15999976396561,0.877927780151367),(1.14876567721366,
-0.160999977588661,0.864608764648438),(1.14876567721366,-0.15999976396561,
0.864608764648438),(1.14931880831718,-0.160999977588661,0.79087381362915),
(1.14931880831718,-0.15999976396561,0.79087381362915),(1.14952175021171,
-0.160999977588649,0.867471885681152),(1.14952175021171,-0.15999976396561,
0.867471885681152),(1.14974376559257,-0.160999977588661,0.795445442199707),
(1.14974376559257,-0.160999977588661,0.870425415039063),(1.14974376559257,
-0.15999976396561,0.795445442199707),(1.14974376559257,-0.15999976396561,
0.870425415039063),(1.15168163180351,-0.160999977588661,0.819124126434326),
(1.15168163180351,-0.15999976396561,0.819124126434326),(1.15176784396171,
-0.160999977588661,0.892829799652099),(1.15176784396171,-0.15999976396561,
0.8928297996521),(1.15429393649101,-0.160999977588661,0.775498580932617),
(1.15429393649101,-0.15999976396561,0.775498580932617),(1.15460368990898,
-0.160999977588661,0.850971126556397),(1.15460368990898,-0.15999976396561,
0.850971126556397),(1.1583939731121,-0.160999977588661,0.809996891021729),
(1.1583939731121,-0.15999976396561,0.809996891021729),(1.15864421725273,
-0.160999977588661,0.883047199249268),(1.15864421725273,-0.15999976396561,
0.883047199249268),(1.15938503146171,-0.160999977588649,0.858702087402344),
(1.15938503146171,-0.15999976396561,0.858702087402344),(1.1596146762371,
-0.160999977588661,0.785344219207764),(1.1596146762371,-0.15999976396561,
0.785344219207764),(1.15999996066093,-0.160999977588661,0.49214015007019),
(1.15999996066093,-0.160999977588661,0.50624270439148),(1.15999996066093,
-0.160999977588661,0.554960680007935),(1.15999996066093,-0.160999977588661,
0.569063234329224),(1.15999996066093,-0.160999977588661,0.607064056396484),
(1.15999996066093,-0.160999977588661,0.623750734329224),(1.15999996066093,
-0.160999977588661,0.673229885101318),(1.15999996066093,-0.160999977588661,
0.688734722137451),(1.15999996066093,-0.160999977588661,0.949832439422607),
(1.15999996066093,-0.160999977588661,0.962652969360352),(1.15999996066093,
-0.159999763965619,0.688734722137451),(1.15999996066093,-0.159999763965619,
0.949832439422607),(1.15999996066093,-0.15999976396561,0.49214015007019),
(1.15999996066093,-0.15999976396561,0.50624270439148),(1.15999996066093,
-0.15999976396561,0.554960680007935),(1.15999996066093,-0.15999976396561,
0.569063234329224),(1.15999996066093,-0.15999976396561,0.607064056396484),
(1.15999996066093,-0.15999976396561,0.623750734329224),(1.15999996066093,
-0.15999976396561,0.673229885101318),(1.15999996066093,-0.15999976396561,
0.962652969360352),(1.16059963107109,-0.160999977588661,0.803375625610352),
(1.16059963107109,-0.15999976396561,0.803375625610352),(1.16066371798515,
-0.160999977588661,0.876546859741211),(1.16066371798515,-0.15999976396561,
0.876546859741211),(1.16128246188163,-0.160999977588661,0.796427059173584),
(1.16128246188163,-0.160999977588661,0.86976432800293),(1.16128246188163,
-0.15999976396561,0.796427059173584),(1.16128246188163,-0.15999976396561,
0.86976432800293),(1.20000011324882,-0.159999763965619,0.),(1.20000011324882,
-0.159999763965619,1.7),(1.20000011324882,8.34464899956977E-8,0.),(1.20000011324882,
8.34464997101492E-8,1.7)));
#937=TESSELLATED_SHELL('ConvergentBody',(#915),$);
#938=TESSELLATED_SHELL('ConvergentBody',(#916),$);
#939=TESSELLATED_SHELL('ConvergentBody',(#917),$);
#940=TESSELLATED_SHELL('ConvergentBody',(#918),$);
#941=TESSELLATED_SHELL('ConvergentBody',(#919),$);
#942=TESSELLATED_SHELL('ConvergentBody',(#920),$);
#943=TESSELLATED_SHELL('ConvergentBody',(#921),$);
#944=TESSELLATED_SHELL('ConvergentBody',(#922),$);
#945=TESSELLATED_SHELL('ConvergentBody',(#923),$);
#946=TESSELLATED_SHELL('ConvergentBody',(#924),$);
#947=TESSELLATED_SHELL('ConvergentBody',(#925),$);
#948=SHAPE_DEFINITION_REPRESENTATION(#1624,#961);
#949=SHAPE_DEFINITION_REPRESENTATION(#1625,#962);
#950=SHAPE_DEFINITION_REPRESENTATION(#1626,#963);
#951=SHAPE_DEFINITION_REPRESENTATION(#1627,#964);
#952=SHAPE_DEFINITION_REPRESENTATION(#1628,#965);
#953=SHAPE_DEFINITION_REPRESENTATION(#1629,#966);
#954=SHAPE_DEFINITION_REPRESENTATION(#1630,#967);
#955=SHAPE_DEFINITION_REPRESENTATION(#1631,#968);
#956=SHAPE_DEFINITION_REPRESENTATION(#1632,#969);
#957=SHAPE_DEFINITION_REPRESENTATION(#1633,#970);
#958=SHAPE_DEFINITION_REPRESENTATION(#1634,#971);
#959=SHAPE_DEFINITION_REPRESENTATION(#1635,#972);
#960=SHAPE_DEFINITION_REPRESENTATION(#1636,#973);
#961=SHAPE_REPRESENTATION('id2',(#974),#1559);
#962=SHAPE_REPRESENTATION('id5',(#975),#1560);
#963=SHAPE_REPRESENTATION('id8',(#976),#1561);
#964=SHAPE_REPRESENTATION('id11',(#977),#1562);
#965=SHAPE_REPRESENTATION('id14',(#978),#1563);
#966=SHAPE_REPRESENTATION('id17',(#979),#1564);
#967=SHAPE_REPRESENTATION('id20',(#980),#1565);
#968=SHAPE_REPRESENTATION('id23',(#981),#1566);
#969=SHAPE_REPRESENTATION('id26',(#982),#1567);
#970=SHAPE_REPRESENTATION('id29',(#983),#1568);
#971=SHAPE_REPRESENTATION('id32',(#984),#1569);
#972=SHAPE_REPRESENTATION('Part 2',(#985),#1570);
#973=SHAPE_REPRESENTATION('Part 1',(#1017),#1571);
#974=AXIS2_PLACEMENT_3D('',#1295,#1049,#1050);
#975=AXIS2_PLACEMENT_3D('',#1296,#1051,#1052);
#976=AXIS2_PLACEMENT_3D('',#1297,#1053,#1054);
#977=AXIS2_PLACEMENT_3D('',#1298,#1055,#1056);
#978=AXIS2_PLACEMENT_3D('',#1299,#1057,#1058);
#979=AXIS2_PLACEMENT_3D('',#1300,#1059,#1060);
#980=AXIS2_PLACEMENT_3D('',#1301,#1061,#1062);
#981=AXIS2_PLACEMENT_3D('',#1302,#1063,#1064);
#982=AXIS2_PLACEMENT_3D('',#1303,#1065,#1066);
#983=AXIS2_PLACEMENT_3D('',#1304,#1067,#1068);
#984=AXIS2_PLACEMENT_3D('',#1305,#1069,#1070);
#985=AXIS2_PLACEMENT_3D('',#1306,#1071,#1072);
#986=AXIS2_PLACEMENT_3D('',#1307,#1073,#1074);
#987=AXIS2_PLACEMENT_3D('',#1308,#1075,#1076);
#988=AXIS2_PLACEMENT_3D('',#1310,#1077,#1078);
#989=AXIS2_PLACEMENT_3D('',#1312,#1079,#1080);
#990=AXIS2_PLACEMENT_3D('',#1313,#1081,#1082);
#991=AXIS2_PLACEMENT_3D('',#1315,#1083,#1084);
#992=AXIS2_PLACEMENT_3D('',#1317,#1085,#1086);
#993=AXIS2_PLACEMENT_3D('',#1326,#1091,#1092);
#994=AXIS2_PLACEMENT_3D('',#1348,#1104,#1105);
#995=AXIS2_PLACEMENT_3D('',#1362,#1113,#1114);
#996=AXIS2_PLACEMENT_3D('',#1365,#1117,#1118);
#997=AXIS2_PLACEMENT_3D('',#1381,#1128,#1129);
#998=AXIS2_PLACEMENT_3D('',#1397,#1139,#1140);
#999=AXIS2_PLACEMENT_3D('',#1399,#1142,#1143);
#1000=AXIS2_PLACEMENT_3D('',#1400,#1144,#1145);
#1001=AXIS2_PLACEMENT_3D('',#1402,#1147,#1148);
#1002=AXIS2_PLACEMENT_3D('',#1404,#1150,#1151);
#1003=AXIS2_PLACEMENT_3D('',#1405,#1152,#1153);
#1004=AXIS2_PLACEMENT_3D('',#1406,#1154,#1155);
#1005=AXIS2_PLACEMENT_3D('',#1408,#1156,#1157);
#1006=AXIS2_PLACEMENT_3D('',#1411,#1159,#1160);
#1007=AXIS2_PLACEMENT_3D('',#1413,#1162,#1163);
#1008=AXIS2_PLACEMENT_3D('',#1414,#1164,#1165);
#1009=AXIS2_PLACEMENT_3D('',#1416,#1166,#1167);
#1010=AXIS2_PLACEMENT_3D('',#1417,#1168,#1169);
#1011=AXIS2_PLACEMENT_3D('',#1418,#1170,#1171);
#1012=AXIS2_PLACEMENT_3D('',#1420,#1172,#1173);
#1013=AXIS2_PLACEMENT_3D('',#1421,#1174,#1175);
#1014=AXIS2_PLACEMENT_3D('',#1422,#1176,#1177);
#1015=AXIS2_PLACEMENT_3D('',#1423,#1178,#1179);
#1016=AXIS2_PLACEMENT_3D('',#1425,#1181,#1182);
#1017=AXIS2_PLACEMENT_3D('',#1426,#1183,#1184);
#1018=AXIS2_PLACEMENT_3D('',#1427,#1185,#1186);
#1019=AXIS2_PLACEMENT_3D('',#1428,#1187,#1188);
#1020=AXIS2_PLACEMENT_3D('',#1430,#1189,#1190);
#1021=AXIS2_PLACEMENT_3D('',#1432,#1191,#1192);
#1022=AXIS2_PLACEMENT_3D('',#1433,#1193,#1194);
#1023=AXIS2_PLACEMENT_3D('',#1435,#1195,#1196);
#1024=AXIS2_PLACEMENT_3D('',#1437,#1197,#1198);
#1025=AXIS2_PLACEMENT_3D('',#1446,#1203,#1204);
#1026=AXIS2_PLACEMENT_3D('',#1468,#1216,#1217);
#1027=AXIS2_PLACEMENT_3D('',#1482,#1225,#1226);
#1028=AXIS2_PLACEMENT_3D('',#1485,#1229,#1230);
#1029=AXIS2_PLACEMENT_3D('',#1501,#1240,#1241);
#1030=AXIS2_PLACEMENT_3D('',#1517,#1251,#1252);
#1031=AXIS2_PLACEMENT_3D('',#1519,#1254,#1255);
#1032=AXIS2_PLACEMENT_3D('',#1520,#1256,#1257);
#1033=AXIS2_PLACEMENT_3D('',#1522,#1259,#1260);
#1034=AXIS2_PLACEMENT_3D('',#1524,#1262,#1263);
#1035=AXIS2_PLACEMENT_3D('',#1525,#1264,#1265);
#1036=AXIS2_PLACEMENT_3D('',#1526,#1266,#1267);
#1037=AXIS2_PLACEMENT_3D('',#1528,#1268,#1269);
#1038=AXIS2_PLACEMENT_3D('',#1531,#1271,#1272);
#1039=AXIS2_PLACEMENT_3D('',#1533,#1274,#1275);
#1040=AXIS2_PLACEMENT_3D('',#1534,#1276,#1277);
#1041=AXIS2_PLACEMENT_3D('',#1536,#1278,#1279);
#1042=AXIS2_PLACEMENT_3D('',#1537,#1280,#1281);
#1043=AXIS2_PLACEMENT_3D('',#1538,#1282,#1283);
#1044=AXIS2_PLACEMENT_3D('',#1540,#1284,#1285);
#1045=AXIS2_PLACEMENT_3D('',#1541,#1286,#1287);
#1046=AXIS2_PLACEMENT_3D('',#1542,#1288,#1289);
#1047=AXIS2_PLACEMENT_3D('',#1543,#1290,#1291);
#1048=AXIS2_PLACEMENT_3D('',#1545,#1293,#1294);
#1049=DIRECTION('',(0.,0.,1.));
#1050=DIRECTION('',(1.,0.,0.));
#1051=DIRECTION('',(0.,0.,1.));
#1052=DIRECTION('',(1.,0.,0.));
#1053=DIRECTION('',(0.,0.,1.));
#1054=DIRECTION('',(1.,0.,0.));
#1055=DIRECTION('',(0.,0.,1.));
#1056=DIRECTION('',(1.,0.,0.));
#1057=DIRECTION('',(0.,0.,1.));
#1058=DIRECTION('',(1.,0.,0.));
#1059=DIRECTION('',(0.,0.,1.));
#1060=DIRECTION('',(1.,0.,0.));
#1061=DIRECTION('',(0.,0.,1.));
#1062=DIRECTION('',(1.,0.,0.));
#1063=DIRECTION('',(0.,0.,1.));
#1064=DIRECTION('',(1.,0.,0.));
#1065=DIRECTION('',(0.,0.,1.));
#1066=DIRECTION('',(1.,0.,0.));
#1067=DIRECTION('',(0.,0.,1.));
#1068=DIRECTION('',(1.,0.,0.));
#1069=DIRECTION('',(0.,0.,1.));
#1070=DIRECTION('',(1.,0.,0.));
#1071=DIRECTION('',(0.,0.,1.));
#1072=DIRECTION('',(1.,0.,0.));
#1073=DIRECTION('',(0.,1.,0.));
#1074=DIRECTION('',(1.,0.,0.));
#1075=DIRECTION('',(0.,1.,0.));
#1076=DIRECTION('',(1.,0.,0.));
#1077=DIRECTION('',(0.,1.,0.));
#1078=DIRECTION('',(1.,0.,0.));
#1079=DIRECTION('',(0.,1.,0.));
#1080=DIRECTION('',(1.,0.,0.));
#1081=DIRECTION('',(0.,1.,0.));
#1082=DIRECTION('',(1.,0.,0.));
#1083=DIRECTION('',(0.,1.,0.));
#1084=DIRECTION('',(1.,0.,0.));
#1085=DIRECTION('',(-1.,0.,0.));
#1086=DIRECTION('',(0.,1.,0.));
#1087=DIRECTION('',(0.,1.,0.));
#1088=DIRECTION('',(0.,0.,1.));
#1089=DIRECTION('',(0.,1.,0.));
#1090=DIRECTION('',(0.,0.,1.));
#1091=DIRECTION('',(0.,1.,0.));
#1092=DIRECTION('',(1.,0.,0.));
#1093=DIRECTION('',(0.,0.,1.));
#1094=DIRECTION('',(-1.,0.,0.));
#1095=DIRECTION('',(5.93274276913021E-17,0.,1.));
#1096=DIRECTION('',(-1.,0.,5.93274276913021E-17));
#1097=DIRECTION('',(-1.,0.,5.93274276913021E-17));
#1098=DIRECTION('',(5.93274276913021E-17,0.,1.));
#1099=DIRECTION('',(1.,0.,0.));
#1100=DIRECTION('',(0.,0.,1.));
#1101=DIRECTION('',(1.,0.,0.));
#1102=DIRECTION('',(0.,0.,1.));
#1103=DIRECTION('',(1.,0.,0.));
#1104=DIRECTION('',(0.,1.,0.));
#1105=DIRECTION('',(1.,0.,0.));
#1106=DIRECTION('',(1.,0.,0.));
#1107=DIRECTION('',(1.,0.,0.));
#1108=DIRECTION('',(0.,0.,1.));
#1109=DIRECTION('',(1.,0.,0.));
#1110=DIRECTION('',(0.,0.,1.));
#1111=DIRECTION('',(1.,0.,0.));
#1112=DIRECTION('',(5.93274276913021E-17,0.,1.));
#1113=DIRECTION('',(-1.,0.,0.));
#1114=DIRECTION('',(0.,1.,0.));
#1115=DIRECTION('',(0.,1.,0.));
#1116=DIRECTION('',(0.,1.,0.));
#1117=DIRECTION('',(-1.,0.,0.));
#1118=DIRECTION('',(0.,1.,0.));
#1119=DIRECTION('',(0.,1.,0.));
#1120=DIRECTION('',(0.,1.,0.));
#1121=DIRECTION('',(0.,0.,-1.));
#1122=DIRECTION('',(0.,1.,0.));
#1123=DIRECTION('',(0.,0.,-1.));
#1124=DIRECTION('',(0.,-1.,0.));
#1125=DIRECTION('',(0.,1.,0.));
#1126=DIRECTION('',(0.,0.,-1.));
#1127=DIRECTION('',(0.,1.,0.));
#1128=DIRECTION('',(-1.,0.,5.93274276913021E-17));
#1129=DIRECTION('',(5.93274276913021E-17,0.,1.));
#1130=DIRECTION('',(0.,-1.,0.));
#1131=DIRECTION('',(0.,0.,1.));
#1132=DIRECTION('',(0.,1.,0.));
#1133=DIRECTION('',(-5.93274276913021E-17,0.,-1.));
#1134=DIRECTION('',(0.,1.,0.));
#1135=DIRECTION('',(0.,1.,0.));
#1136=DIRECTION('',(0.,1.,0.));
#1137=DIRECTION('',(-5.93274276913021E-17,0.,-1.));
#1138=DIRECTION('',(0.,1.,0.));
#1139=DIRECTION('',(0.,0.,1.));
#1140=DIRECTION('',(0.,-1.,0.));
#1141=DIRECTION('',(-1.,0.,5.93274276913021E-17));
#1142=DIRECTION('',(0.,0.,1.));
#1143=DIRECTION('',(0.,-1.,0.));
#1144=DIRECTION('',(5.93274276913021E-17,0.,1.));
#1145=DIRECTION('',(1.,0.,-5.93274276913021E-17));
#1146=DIRECTION('',(-1.,0.,5.93274276913021E-17));
#1147=DIRECTION('',(5.93274276913021E-17,0.,1.));
#1148=DIRECTION('',(1.,0.,-5.93274276913021E-17));
#1149=DIRECTION('',(-1.,0.,5.93274276913021E-17));
#1150=DIRECTION('',(0.,1.,0.));
#1151=DIRECTION('',(1.,0.,0.));
#1152=DIRECTION('',(0.,1.,0.));
#1153=DIRECTION('',(1.,0.,0.));
#1154=DIRECTION('',(0.,1.,0.));
#1155=DIRECTION('',(1.,0.,0.));
#1156=DIRECTION('',(0.,1.,0.));
#1157=DIRECTION('',(1.,0.,0.));
#1158=DIRECTION('',(-1.,0.,5.93274276913021E-17));
#1159=DIRECTION('',(5.93274276913021E-17,0.,1.));
#1160=DIRECTION('',(1.,0.,-5.93274276913021E-17));
#1161=DIRECTION('',(-1.,0.,5.93274276913021E-17));
#1162=DIRECTION('',(0.,-1.,0.));
#1163=DIRECTION('',(-1.,0.,0.));
#1164=DIRECTION('',(0.,1.,0.));
#1165=DIRECTION('',(1.,0.,0.));
#1166=DIRECTION('',(0.,1.,0.));
#1167=DIRECTION('',(1.,0.,0.));
#1168=DIRECTION('',(0.,-1.,0.));
#1169=DIRECTION('',(-1.,0.,0.));
#1170=DIRECTION('',(0.,1.,0.));
#1171=DIRECTION('',(1.,0.,0.));
#1172=DIRECTION('',(0.,1.,0.));
#1173=DIRECTION('',(1.,0.,0.));
#1174=DIRECTION('',(0.,0.,1.));
#1175=DIRECTION('',(0.,-1.,0.));
#1176=DIRECTION('',(0.,0.,1.));
#1177=DIRECTION('',(0.,-1.,0.));
#1178=DIRECTION('',(0.,0.,1.));
#1179=DIRECTION('',(0.,-1.,0.));
#1180=DIRECTION('',(-1.,0.,0.));
#1181=DIRECTION('',(0.,-1.,0.));
#1182=DIRECTION('',(1.,0.,0.));
#1183=DIRECTION('',(0.,0.,1.));
#1184=DIRECTION('',(1.,0.,0.));
#1185=DIRECTION('',(0.,1.,0.));
#1186=DIRECTION('',(1.,0.,0.));
#1187=DIRECTION('',(0.,1.,0.));
#1188=DIRECTION('',(1.,0.,0.));
#1189=DIRECTION('',(0.,1.,0.));
#1190=DIRECTION('',(1.,0.,0.));
#1191=DIRECTION('',(0.,1.,0.));
#1192=DIRECTION('',(1.,0.,0.));
#1193=DIRECTION('',(0.,1.,0.));
#1194=DIRECTION('',(1.,0.,0.));
#1195=DIRECTION('',(0.,1.,0.));
#1196=DIRECTION('',(1.,0.,0.));
#1197=DIRECTION('',(-1.,0.,0.));
#1198=DIRECTION('',(0.,1.,0.));
#1199=DIRECTION('',(0.,1.,0.));
#1200=DIRECTION('',(0.,0.,1.));
#1201=DIRECTION('',(0.,1.,0.));
#1202=DIRECTION('',(0.,0.,1.));
#1203=DIRECTION('',(0.,1.,0.));
#1204=DIRECTION('',(1.,0.,0.));
#1205=DIRECTION('',(0.,0.,1.));
#1206=DIRECTION('',(-1.,0.,0.));
#1207=DIRECTION('',(5.93274276913021E-17,0.,1.));
#1208=DIRECTION('',(-1.,0.,5.93274276913021E-17));
#1209=DIRECTION('',(-1.,0.,5.93274276913021E-17));
#1210=DIRECTION('',(5.93274276913021E-17,0.,1.));
#1211=DIRECTION('',(1.,0.,0.));
#1212=DIRECTION('',(0.,0.,1.));
#1213=DIRECTION('',(1.,0.,0.));
#1214=DIRECTION('',(0.,0.,1.));
#1215=DIRECTION('',(1.,0.,0.));
#1216=DIRECTION('',(0.,1.,0.));
#1217=DIRECTION('',(1.,0.,0.));
#1218=DIRECTION('',(1.,0.,0.));
#1219=DIRECTION('',(1.,0.,0.));
#1220=DIRECTION('',(0.,0.,1.));
#1221=DIRECTION('',(1.,0.,0.));
#1222=DIRECTION('',(0.,0.,1.));
#1223=DIRECTION('',(1.,0.,0.));
#1224=DIRECTION('',(5.93274276913021E-17,0.,1.));
#1225=DIRECTION('',(-1.,0.,0.));
#1226=DIRECTION('',(0.,1.,0.));
#1227=DIRECTION('',(0.,1.,0.));
#1228=DIRECTION('',(0.,1.,0.));
#1229=DIRECTION('',(-1.,0.,0.));
#1230=DIRECTION('',(0.,1.,0.));
#1231=DIRECTION('',(0.,1.,0.));
#1232=DIRECTION('',(0.,1.,0.));
#1233=DIRECTION('',(0.,0.,-1.));
#1234=DIRECTION('',(0.,1.,0.));
#1235=DIRECTION('',(0.,0.,-1.));
#1236=DIRECTION('',(0.,-1.,0.));
#1237=DIRECTION('',(0.,1.,0.));
#1238=DIRECTION('',(0.,0.,-1.));
#1239=DIRECTION('',(0.,1.,0.));
#1240=DIRECTION('',(-1.,0.,5.93274276913021E-17));
#1241=DIRECTION('',(5.93274276913021E-17,0.,1.));
#1242=DIRECTION('',(0.,-1.,0.));
#1243=DIRECTION('',(0.,0.,1.));
#1244=DIRECTION('',(0.,1.,0.));
#1245=DIRECTION('',(-5.93274276913021E-17,0.,-1.));
#1246=DIRECTION('',(0.,1.,0.));
#1247=DIRECTION('',(0.,1.,0.));
#1248=DIRECTION('',(0.,1.,0.));
#1249=DIRECTION('',(-5.93274276913021E-17,0.,-1.));
#1250=DIRECTION('',(0.,1.,0.));
#1251=DIRECTION('',(0.,0.,1.));
#1252=DIRECTION('',(0.,-1.,0.));
#1253=DIRECTION('',(-1.,0.,5.93274276913021E-17));
#1254=DIRECTION('',(0.,0.,1.));
#1255=DIRECTION('',(0.,-1.,0.));
#1256=DIRECTION('',(5.93274276913021E-17,0.,1.));
#1257=DIRECTION('',(1.,0.,-5.93274276913021E-17));
#1258=DIRECTION('',(-1.,0.,5.93274276913021E-17));
#1259=DIRECTION('',(5.93274276913021E-17,0.,1.));
#1260=DIRECTION('',(1.,0.,-5.93274276913021E-17));
#1261=DIRECTION('',(-1.,0.,5.93274276913021E-17));
#1262=DIRECTION('',(0.,1.,0.));
#1263=DIRECTION('',(1.,0.,0.));
#1264=DIRECTION('',(0.,1.,0.));
#1265=DIRECTION('',(1.,0.,0.));
#1266=DIRECTION('',(0.,1.,0.));
#1267=DIRECTION('',(1.,0.,0.));
#1268=DIRECTION('',(0.,1.,0.));
#1269=DIRECTION('',(1.,0.,0.));
#1270=DIRECTION('',(-1.,0.,5.93274276913021E-17));
#1271=DIRECTION('',(5.93274276913021E-17,0.,1.));
#1272=DIRECTION('',(1.,0.,-5.93274276913021E-17));
#1273=DIRECTION('',(-1.,0.,5.93274276913021E-17));
#1274=DIRECTION('',(0.,-1.,0.));
#1275=DIRECTION('',(-1.,0.,0.));
#1276=DIRECTION('',(0.,1.,0.));
#1277=DIRECTION('',(1.,0.,0.));
#1278=DIRECTION('',(0.,1.,0.));
#1279=DIRECTION('',(1.,0.,0.));
#1280=DIRECTION('',(0.,-1.,0.));
#1281=DIRECTION('',(-1.,0.,0.));
#1282=DIRECTION('',(0.,1.,0.));
#1283=DIRECTION('',(1.,0.,0.));
#1284=DIRECTION('',(0.,1.,0.));
#1285=DIRECTION('',(1.,0.,0.));
#1286=DIRECTION('',(0.,0.,1.));
#1287=DIRECTION('',(0.,-1.,0.));
#1288=DIRECTION('',(0.,0.,1.));
#1289=DIRECTION('',(0.,-1.,0.));
#1290=DIRECTION('',(0.,0.,1.));
#1291=DIRECTION('',(0.,-1.,0.));
#1292=DIRECTION('',(-1.,0.,0.));
#1293=DIRECTION('',(0.,-1.,0.));
#1294=DIRECTION('',(1.,0.,0.));
#1295=CARTESIAN_POINT('',(0.,0.,0.));
#1296=CARTESIAN_POINT('',(0.,0.,0.));
#1297=CARTESIAN_POINT('',(0.,0.,0.));
#1298=CARTESIAN_POINT('',(0.,0.,0.));
#1299=CARTESIAN_POINT('',(0.,0.,0.));
#1300=CARTESIAN_POINT('',(0.,0.,0.));
#1301=CARTESIAN_POINT('',(0.,0.,0.));
#1302=CARTESIAN_POINT('',(0.,0.,0.));
#1303=CARTESIAN_POINT('',(0.,0.,0.));
#1304=CARTESIAN_POINT('',(0.,0.,0.));
#1305=CARTESIAN_POINT('',(0.,0.,0.));
#1306=CARTESIAN_POINT('',(0.,0.,0.));
#1307=CARTESIAN_POINT('',(0.94886887818575,-2.52579310929808,0.245192926377058));
#1308=CARTESIAN_POINT('',(0.94886887818575,0.0142068907019259,0.245192926377058));
#1309=CARTESIAN_POINT('',(1.00595622991884,0.0142068907019259,0.245192926377058));
#1310=CARTESIAN_POINT('',(0.94886887818575,-0.3,0.245192926377058));
#1311=CARTESIAN_POINT('',(1.00595622991884,-0.3,0.245192926377058));
#1312=CARTESIAN_POINT('',(0.254373764619233,-2.52579310929808,0.245524756610394));
#1313=CARTESIAN_POINT('',(0.254373764619233,0.0142068907019259,0.245524756610394));
#1314=CARTESIAN_POINT('',(0.310420565185993,0.0142068907019259,0.245524756610394));
#1315=CARTESIAN_POINT('',(0.254373764619233,-0.3,0.245524756610394));
#1316=CARTESIAN_POINT('',(0.310420565185993,-0.3,0.245524756610394));
#1317=CARTESIAN_POINT('',(-0.218381338116359,-0.4,0.858896315735934));
#1318=CARTESIAN_POINT('',(-0.218381338116359,-0.4,-0.217084706054896));
#1319=CARTESIAN_POINT('',(-0.218381338116359,-0.4,-0.217084706054896));
#1320=CARTESIAN_POINT('',(-0.218381338116359,0.02,-0.217084706054896));
#1321=CARTESIAN_POINT('',(-0.218381338116359,-0.4,0.858896315735934));
#1322=CARTESIAN_POINT('',(-0.218381338116359,-0.4,1.90987733752677));
#1323=CARTESIAN_POINT('',(-0.218381338116359,-0.4,1.90987733752677));
#1324=CARTESIAN_POINT('',(-0.218381338116359,0.02,1.90987733752677));
#1325=CARTESIAN_POINT('',(-0.218381338116359,0.02,0.858896315735934));
#1326=CARTESIAN_POINT('',(0.620427404545482,-0.4,0.858896315735934));
#1327=CARTESIAN_POINT('',(1.25485572713602,-0.4,0.856746427048741));
#1328=CARTESIAN_POINT('',(1.25485572713602,-0.4,-0.0561909854551315));
#1329=CARTESIAN_POINT('',(1.25485572713602,-0.4,1.15372953548215));
#1330=CARTESIAN_POINT('',(0.59979691049998,-0.4,-0.0561909854551315));
#1331=CARTESIAN_POINT('',(-0.0552619061360588,-0.4,-0.0561909854551315));
#1332=CARTESIAN_POINT('',(-0.0552619061360588,-0.4,0.856746427048741));
#1333=CARTESIAN_POINT('',(-0.0552619061360588,-0.4,1.15372953548215));
#1334=CARTESIAN_POINT('',(1.45943614720732,-0.4,1.15372953548215));
#1335=CARTESIAN_POINT('',(1.45943614720732,-0.4,1.36723385823902));
#1336=CARTESIAN_POINT('',(1.25485572713602,-0.4,1.36723385823902));
#1337=CARTESIAN_POINT('',(-0.0552619061360588,-0.4,1.36723385823902));
#1338=CARTESIAN_POINT('',(-0.0552619061360588,-0.4,0.856746427048741));
#1339=CARTESIAN_POINT('',(-0.0552619061360588,-0.4,1.72049089118337));
#1340=CARTESIAN_POINT('',(0.59979691049998,-0.4,1.72049089118337));
#1341=CARTESIAN_POINT('',(1.25485572713602,-0.4,1.72049089118337));
#1342=CARTESIAN_POINT('',(1.25485572713602,-0.4,0.856746427048741));
#1343=CARTESIAN_POINT('',(0.620427404545482,-0.4,-0.217084706054896));
#1344=CARTESIAN_POINT('',(1.40923614720732,-0.4,-0.217084706054896));
#1345=CARTESIAN_POINT('',(1.40923614720732,-0.4,0.858896315735934));
#1346=CARTESIAN_POINT('',(1.40923614720732,-0.4,1.90987733752677));
#1347=CARTESIAN_POINT('',(0.620427404545482,-0.4,1.90987733752677));
#1348=CARTESIAN_POINT('',(0.620427404545482,0.02,0.858896315735934));
#1349=CARTESIAN_POINT('',(0.620427404545482,0.02,-0.217084706054896));
#1350=CARTESIAN_POINT('',(1.40923614720732,0.02,-0.217084706054896));
#1351=CARTESIAN_POINT('',(0.620427404545482,0.02,1.90987733752677));
#1352=CARTESIAN_POINT('',(1.40923614720732,0.02,1.90987733752677));
#1353=CARTESIAN_POINT('',(1.40923614720732,0.02,0.858896315735934));
#1354=CARTESIAN_POINT('',(0.59979691049998,0.02,-0.0569980370858949));
#1355=CARTESIAN_POINT('',(-0.0552619061360588,0.02,-0.0569980370858949));
#1356=CARTESIAN_POINT('',(1.25485572713602,0.02,-0.0569980370858949));
#1357=CARTESIAN_POINT('',(1.25485572713602,0.02,0.856746427048741));
#1358=CARTESIAN_POINT('',(1.25485572713602,0.02,1.72049089118337));
#1359=CARTESIAN_POINT('',(0.59979691049998,0.02,1.72049089118337));
#1360=CARTESIAN_POINT('',(-0.0552619061360588,0.02,1.72049089118337));
#1361=CARTESIAN_POINT('',(-0.0552619061360588,0.02,0.856746427048741));
#1362=CARTESIAN_POINT('',(1.40923614720732,-0.4,0.858896315735934));
#1363=CARTESIAN_POINT('',(1.40923614720732,-0.4,-0.217084706054896));
#1364=CARTESIAN_POINT('',(1.40923614720732,-0.4,1.90987733752677));
#1365=CARTESIAN_POINT('',(1.25485572713602,-0.4,0.856746427048741));
#1366=CARTESIAN_POINT('',(1.25485572713602,-0.4,1.72049089118337));
#1367=CARTESIAN_POINT('',(1.25485572713602,-0.4,-0.0569980370858949));
#1368=CARTESIAN_POINT('',(1.25485572713602,-0.185793109298074,-0.0569980370858949));
#1369=CARTESIAN_POINT('',(1.25485572713602,-0.185793109298074,0.856746427048741));
#1370=CARTESIAN_POINT('',(1.25485572713602,-0.185793109298074,0.463424535462013));
#1371=CARTESIAN_POINT('',(1.25485572713602,-0.4,0.463424535462013));
#1372=CARTESIAN_POINT('',(1.25485572713602,-0.3,0.463424535462013));
#1373=CARTESIAN_POINT('',(1.25485572713602,-0.3,0.20361677500344));
#1374=CARTESIAN_POINT('',(1.25485572713602,-0.3,-0.0561909854551315));
#1375=CARTESIAN_POINT('',(1.25485572713602,-0.3,-0.0561909854551315));
#1376=CARTESIAN_POINT('',(1.25485572713602,-0.4,1.15372953548215));
#1377=CARTESIAN_POINT('',(1.25485572713602,-0.342267934707594,1.15372953548215));
#1378=CARTESIAN_POINT('',(1.25485572713602,-0.342267934707594,0.856746427048741));
#1379=CARTESIAN_POINT('',(1.25485572713602,-0.342267934707594,1.36723385823902));
#1380=CARTESIAN_POINT('',(1.25485572713602,-0.4,1.36723385823902));
#1381=CARTESIAN_POINT('',(-0.0552619061360588,-0.4,0.856746427048741));
#1382=CARTESIAN_POINT('',(-0.0552619061360588,-0.3,-0.0561909854551315));
#1383=CARTESIAN_POINT('',(-0.0552619061360588,-0.3,-0.0561909854551315));
#1384=CARTESIAN_POINT('',(-0.0552619061360588,-0.3,0.20361677500344));
#1385=CARTESIAN_POINT('',(-0.0552619061360588,-0.3,0.463424535462013));
#1386=CARTESIAN_POINT('',(-0.0552619061360588,-0.292896554649037,0.463424535462013));
#1387=CARTESIAN_POINT('',(-0.0552619061360588,-0.185793109298074,0.463424535462013));
#1388=CARTESIAN_POINT('',(-0.0552619061360588,-0.185793109298074,0.203213249188059));
#1389=CARTESIAN_POINT('',(-0.0552619061360588,-0.185793109298074,-0.0569980370858949));
#1390=CARTESIAN_POINT('',(-0.0552619061360588,-0.4,-0.0569980370858949));
#1391=CARTESIAN_POINT('',(-0.0552619061360588,-0.4,1.72049089118337));
#1392=CARTESIAN_POINT('',(-0.0552619061360588,-0.371133967353797,1.36723385823902));
#1393=CARTESIAN_POINT('',(-0.0552619061360588,-0.342267934707594,1.36723385823902));
#1394=CARTESIAN_POINT('',(-0.0552619061360588,-0.342267934707594,1.26048169686058));
#1395=CARTESIAN_POINT('',(-0.0552619061360588,-0.342267934707594,1.15372953548215));
#1396=CARTESIAN_POINT('',(-0.0552619061360588,-0.371133967353797,1.15372953548215));
#1397=CARTESIAN_POINT('',(0.59979691049998,-0.4,-0.0569980370858949));
#1398=CARTESIAN_POINT('',(1.45943614720732,-0.185793109298074,-0.056998037085895));
#1399=CARTESIAN_POINT('',(0.59979691049998,-0.4,1.72049089118337));
#1400=CARTESIAN_POINT('',(1.45943614720732,-0.371133967353797,1.15372953548215));
#1401=CARTESIAN_POINT('',(1.45943614720732,-0.342267934707594,1.15372953548215));
#1402=CARTESIAN_POINT('',(1.45943614720732,-0.371133967353797,1.36723385823902));
#1403=CARTESIAN_POINT('',(1.45943614720732,-0.342267934707594,1.36723385823902));
#1404=CARTESIAN_POINT('',(1.45943614720732,-0.342267934707594,1.26048169686058));
#1405=CARTESIAN_POINT('',(1.45943614720732,-0.185793109298074,0.203213249188059));
#1406=CARTESIAN_POINT('',(0.94886887818575,-0.185793109298074,0.245192926377058));
#1407=CARTESIAN_POINT('',(1.08394526637398,-0.185793109298074,0.245192926377058));
#1408=CARTESIAN_POINT('',(0.254373764619233,-0.185793109298074,0.245524756610394));
#1409=CARTESIAN_POINT('',(0.389947122343752,-0.185793109298074,0.245524756610394));
#1410=CARTESIAN_POINT('',(1.45943614720732,-0.185793109298074,0.463424535462013));
#1411=CARTESIAN_POINT('',(1.45943614720732,-0.292896554649037,0.463424535462013));
#1412=CARTESIAN_POINT('',(1.45943614720732,-0.3,0.463424535462013));
#1413=CARTESIAN_POINT('',(0.254373764619233,0.0142068907019259,0.245524756610394));
#1414=CARTESIAN_POINT('',(0.254373764619233,0.0142068907019259,0.245524756610394));
#1415=CARTESIAN_POINT('',(0.389947122343752,0.0142068907019259,0.245524756610394));
#1416=CARTESIAN_POINT('',(0.599796910499979,0.0142068907019259,0.203213249188059));
#1417=CARTESIAN_POINT('',(0.94886887818575,0.0142068907019259,0.245192926377058));
#1418=CARTESIAN_POINT('',(0.94886887818575,0.0142068907019259,0.245192926377058));
#1419=CARTESIAN_POINT('',(1.08394526637398,0.0142068907019259,0.245192926377058));
#1420=CARTESIAN_POINT('',(0.599796910499979,0.0142068907019259,0.203213249188059));
#1421=CARTESIAN_POINT('',(0.620427404545482,-0.4,1.90987733752677));
#1422=CARTESIAN_POINT('',(0.620427404545482,-0.4,-0.217084706054896));
#1423=CARTESIAN_POINT('',(0.59979691049998,-0.3,-0.0561909854551315));
#1424=CARTESIAN_POINT('',(0.59979691049998,-0.3,-0.0561909854551315));
#1425=CARTESIAN_POINT('',(0.595427404545482,-0.3,0.846396315735934));
#1426=CARTESIAN_POINT('',(0.,0.,0.));
#1427=CARTESIAN_POINT('',(4.96206887818575,-2.52579310929808,0.245192926377058));
#1428=CARTESIAN_POINT('',(4.96206887818575,0.0142068907019259,0.245192926377058));
#1429=CARTESIAN_POINT('',(5.01915622991884,0.0142068907019259,0.245192926377058));
#1430=CARTESIAN_POINT('',(4.96206887818575,-0.3,0.245192926377058));
#1431=CARTESIAN_POINT('',(5.01915622991884,-0.3,0.245192926377058));
#1432=CARTESIAN_POINT('',(4.26757376461923,-2.52579310929808,0.245524756610394));
#1433=CARTESIAN_POINT('',(4.26757376461923,0.0142068907019259,0.245524756610394));
#1434=CARTESIAN_POINT('',(4.32362056518599,0.0142068907019259,0.245524756610394));
#1435=CARTESIAN_POINT('',(4.26757376461923,-0.3,0.245524756610394));
#1436=CARTESIAN_POINT('',(4.32362056518599,-0.3,0.245524756610394));
#1437=CARTESIAN_POINT('',(3.79481866188364,-0.4,0.858896315735934));
#1438=CARTESIAN_POINT('',(3.79481866188364,-0.4,-0.217084706054896));
#1439=CARTESIAN_POINT('',(3.79481866188364,-0.4,-0.217084706054896));
#1440=CARTESIAN_POINT('',(3.79481866188364,0.02,-0.217084706054896));
#1441=CARTESIAN_POINT('',(3.79481866188364,-0.4,0.858896315735934));
#1442=CARTESIAN_POINT('',(3.79481866188364,-0.4,1.90987733752677));
#1443=CARTESIAN_POINT('',(3.79481866188364,-0.4,1.90987733752677));
#1444=CARTESIAN_POINT('',(3.79481866188364,0.02,1.90987733752677));
#1445=CARTESIAN_POINT('',(3.79481866188364,0.02,0.858896315735934));
#1446=CARTESIAN_POINT('',(4.63362740454548,-0.4,0.858896315735934));
#1447=CARTESIAN_POINT('',(5.26805572713602,-0.4,0.856746427048741));
#1448=CARTESIAN_POINT('',(5.26805572713602,-0.4,-0.0561909854551315));
#1449=CARTESIAN_POINT('',(5.26805572713602,-0.4,1.15372953548215));
#1450=CARTESIAN_POINT('',(4.61299691049998,-0.4,-0.0561909854551315));
#1451=CARTESIAN_POINT('',(3.95793809386394,-0.4,-0.0561909854551315));
#1452=CARTESIAN_POINT('',(3.95793809386394,-0.4,0.856746427048741));
#1453=CARTESIAN_POINT('',(3.95793809386394,-0.4,1.15372953548215));
#1454=CARTESIAN_POINT('',(5.47263614720732,-0.4,1.15372953548215));
#1455=CARTESIAN_POINT('',(5.47263614720732,-0.4,1.36723385823902));
#1456=CARTESIAN_POINT('',(5.26805572713602,-0.4,1.36723385823902));
#1457=CARTESIAN_POINT('',(3.95793809386394,-0.4,1.36723385823902));
#1458=CARTESIAN_POINT('',(3.95793809386394,-0.4,0.856746427048741));
#1459=CARTESIAN_POINT('',(3.95793809386394,-0.4,1.72049089118337));
#1460=CARTESIAN_POINT('',(4.61299691049998,-0.4,1.72049089118337));
#1461=CARTESIAN_POINT('',(5.26805572713602,-0.4,1.72049089118337));
#1462=CARTESIAN_POINT('',(5.26805572713602,-0.4,0.856746427048741));
#1463=CARTESIAN_POINT('',(4.63362740454548,-0.4,-0.217084706054896));
#1464=CARTESIAN_POINT('',(5.42243614720732,-0.4,-0.217084706054896));
#1465=CARTESIAN_POINT('',(5.42243614720732,-0.4,0.858896315735934));
#1466=CARTESIAN_POINT('',(5.42243614720732,-0.4,1.90987733752677));
#1467=CARTESIAN_POINT('',(4.63362740454548,-0.4,1.90987733752677));
#1468=CARTESIAN_POINT('',(4.63362740454548,0.02,0.858896315735934));
#1469=CARTESIAN_POINT('',(4.63362740454548,0.02,-0.217084706054896));
#1470=CARTESIAN_POINT('',(5.42243614720732,0.02,-0.217084706054896));
#1471=CARTESIAN_POINT('',(4.63362740454548,0.02,1.90987733752677));
#1472=CARTESIAN_POINT('',(5.42243614720732,0.02,1.90987733752677));
#1473=CARTESIAN_POINT('',(5.42243614720732,0.02,0.858896315735934));
#1474=CARTESIAN_POINT('',(4.61299691049998,0.02,-0.0569980370858949));
#1475=CARTESIAN_POINT('',(3.95793809386394,0.02,-0.0569980370858949));
#1476=CARTESIAN_POINT('',(5.26805572713602,0.02,-0.0569980370858949));
#1477=CARTESIAN_POINT('',(5.26805572713602,0.02,0.856746427048741));
#1478=CARTESIAN_POINT('',(5.26805572713602,0.02,1.72049089118337));
#1479=CARTESIAN_POINT('',(4.61299691049998,0.02,1.72049089118337));
#1480=CARTESIAN_POINT('',(3.95793809386394,0.02,1.72049089118337));
#1481=CARTESIAN_POINT('',(3.95793809386394,0.02,0.856746427048741));
#1482=CARTESIAN_POINT('',(5.42243614720732,-0.4,0.858896315735934));
#1483=CARTESIAN_POINT('',(5.42243614720732,-0.4,-0.217084706054896));
#1484=CARTESIAN_POINT('',(5.42243614720732,-0.4,1.90987733752677));
#1485=CARTESIAN_POINT('',(5.26805572713602,-0.4,0.856746427048741));
#1486=CARTESIAN_POINT('',(5.26805572713602,-0.4,1.72049089118337));
#1487=CARTESIAN_POINT('',(5.26805572713602,-0.4,-0.0569980370858949));
#1488=CARTESIAN_POINT('',(5.26805572713602,-0.185793109298074,-0.0569980370858949));
#1489=CARTESIAN_POINT('',(5.26805572713602,-0.185793109298074,0.856746427048741));
#1490=CARTESIAN_POINT('',(5.26805572713602,-0.185793109298074,0.463424535462013));
#1491=CARTESIAN_POINT('',(5.26805572713602,-0.4,0.463424535462013));
#1492=CARTESIAN_POINT('',(5.26805572713602,-0.3,0.463424535462013));
#1493=CARTESIAN_POINT('',(5.26805572713602,-0.3,0.20361677500344));
#1494=CARTESIAN_POINT('',(5.26805572713602,-0.3,-0.0561909854551315));
#1495=CARTESIAN_POINT('',(5.26805572713602,-0.3,-0.0561909854551315));
#1496=CARTESIAN_POINT('',(5.26805572713602,-0.4,1.15372953548215));
#1497=CARTESIAN_POINT('',(5.26805572713602,-0.342267934707594,1.15372953548215));
#1498=CARTESIAN_POINT('',(5.26805572713602,-0.342267934707594,0.856746427048741));
#1499=CARTESIAN_POINT('',(5.26805572713602,-0.342267934707594,1.36723385823902));
#1500=CARTESIAN_POINT('',(5.26805572713602,-0.4,1.36723385823902));
#1501=CARTESIAN_POINT('',(3.95793809386394,-0.4,0.856746427048741));
#1502=CARTESIAN_POINT('',(3.95793809386394,-0.3,-0.0561909854551315));
#1503=CARTESIAN_POINT('',(3.95793809386394,-0.3,-0.0561909854551315));
#1504=CARTESIAN_POINT('',(3.95793809386394,-0.3,0.20361677500344));
#1505=CARTESIAN_POINT('',(3.95793809386394,-0.3,0.463424535462013));
#1506=CARTESIAN_POINT('',(3.95793809386394,-0.292896554649037,0.463424535462013));
#1507=CARTESIAN_POINT('',(3.95793809386394,-0.185793109298074,0.463424535462013));
#1508=CARTESIAN_POINT('',(3.95793809386394,-0.185793109298074,0.203213249188059));
#1509=CARTESIAN_POINT('',(3.95793809386394,-0.185793109298074,-0.0569980370858949));
#1510=CARTESIAN_POINT('',(3.95793809386394,-0.4,-0.0569980370858949));
#1511=CARTESIAN_POINT('',(3.95793809386394,-0.4,1.72049089118337));
#1512=CARTESIAN_POINT('',(3.95793809386394,-0.371133967353797,1.36723385823902));
#1513=CARTESIAN_POINT('',(3.95793809386394,-0.342267934707594,1.36723385823902));
#1514=CARTESIAN_POINT('',(3.95793809386394,-0.342267934707594,1.26048169686058));
#1515=CARTESIAN_POINT('',(3.95793809386394,-0.342267934707594,1.15372953548215));
#1516=CARTESIAN_POINT('',(3.95793809386394,-0.371133967353797,1.15372953548215));
#1517=CARTESIAN_POINT('',(4.61299691049998,-0.4,-0.0569980370858949));
#1518=CARTESIAN_POINT('',(5.47263614720732,-0.185793109298074,-0.056998037085895));
#1519=CARTESIAN_POINT('',(4.61299691049998,-0.4,1.72049089118337));
#1520=CARTESIAN_POINT('',(5.47263614720732,-0.371133967353797,1.15372953548215));
#1521=CARTESIAN_POINT('',(5.47263614720732,-0.342267934707594,1.15372953548215));
#1522=CARTESIAN_POINT('',(5.47263614720732,-0.371133967353797,1.36723385823902));
#1523=CARTESIAN_POINT('',(5.47263614720732,-0.342267934707594,1.36723385823902));
#1524=CARTESIAN_POINT('',(5.47263614720732,-0.342267934707594,1.26048169686058));
#1525=CARTESIAN_POINT('',(5.47263614720732,-0.185793109298074,0.203213249188059));
#1526=CARTESIAN_POINT('',(4.96206887818575,-0.185793109298074,0.245192926377058));
#1527=CARTESIAN_POINT('',(5.09714526637398,-0.185793109298074,0.245192926377058));
#1528=CARTESIAN_POINT('',(4.26757376461923,-0.185793109298074,0.245524756610394));
#1529=CARTESIAN_POINT('',(4.40314712234375,-0.185793109298074,0.245524756610394));
#1530=CARTESIAN_POINT('',(5.47263614720732,-0.185793109298074,0.463424535462013));
#1531=CARTESIAN_POINT('',(5.47263614720732,-0.292896554649037,0.463424535462013));
#1532=CARTESIAN_POINT('',(5.47263614720732,-0.3,0.463424535462013));
#1533=CARTESIAN_POINT('',(4.26757376461923,0.0142068907019259,0.245524756610394));
#1534=CARTESIAN_POINT('',(4.26757376461923,0.0142068907019259,0.245524756610394));
#1535=CARTESIAN_POINT('',(4.40314712234375,0.0142068907019259,0.245524756610394));
#1536=CARTESIAN_POINT('',(4.61299691049998,0.0142068907019259,0.203213249188059));
#1537=CARTESIAN_POINT('',(4.96206887818575,0.0142068907019259,0.245192926377058));
#1538=CARTESIAN_POINT('',(4.96206887818575,0.0142068907019259,0.245192926377058));
#1539=CARTESIAN_POINT('',(5.09714526637398,0.0142068907019259,0.245192926377058));
#1540=CARTESIAN_POINT('',(4.61299691049998,0.0142068907019259,0.203213249188059));
#1541=CARTESIAN_POINT('',(4.63362740454548,-0.4,1.90987733752677));
#1542=CARTESIAN_POINT('',(4.63362740454548,-0.4,-0.217084706054896));
#1543=CARTESIAN_POINT('',(4.61299691049998,-0.3,-0.0561909854551315));
#1544=CARTESIAN_POINT('',(4.61299691049998,-0.3,-0.0561909854551315));
#1545=CARTESIAN_POINT('',(4.60862740454548,-0.3,0.846396315735934));
#1546=MECHANICAL_DESIGN_GEOMETRIC_PRESENTATION_REPRESENTATION('',(),#1559);
#1547=MECHANICAL_DESIGN_GEOMETRIC_PRESENTATION_REPRESENTATION('',(),#1560);
#1548=MECHANICAL_DESIGN_GEOMETRIC_PRESENTATION_REPRESENTATION('',(),#1561);
#1549=MECHANICAL_DESIGN_GEOMETRIC_PRESENTATION_REPRESENTATION('',(),#1562);
#1550=MECHANICAL_DESIGN_GEOMETRIC_PRESENTATION_REPRESENTATION('',(),#1563);
#1551=MECHANICAL_DESIGN_GEOMETRIC_PRESENTATION_REPRESENTATION('',(),#1564);
#1552=MECHANICAL_DESIGN_GEOMETRIC_PRESENTATION_REPRESENTATION('',(),#1565);
#1553=MECHANICAL_DESIGN_GEOMETRIC_PRESENTATION_REPRESENTATION('',(),#1566);
#1554=MECHANICAL_DESIGN_GEOMETRIC_PRESENTATION_REPRESENTATION('',(),#1567);
#1555=MECHANICAL_DESIGN_GEOMETRIC_PRESENTATION_REPRESENTATION('',(),#1568);
#1556=MECHANICAL_DESIGN_GEOMETRIC_PRESENTATION_REPRESENTATION('',(),#1569);
#1557=MECHANICAL_DESIGN_GEOMETRIC_PRESENTATION_REPRESENTATION('',(#874),
#1570);
#1558=MECHANICAL_DESIGN_GEOMETRIC_PRESENTATION_REPRESENTATION('',(#875),
#1571);
#1559=(
GEOMETRIC_REPRESENTATION_CONTEXT(3)
GLOBAL_UNCERTAINTY_ASSIGNED_CONTEXT((#1572))
GLOBAL_UNIT_ASSIGNED_CONTEXT((#1611,#1598,#1585))
REPRESENTATION_CONTEXT('id2','TOP_LEVEL_ASSEMBLY_PART')
);
#1560=(
GEOMETRIC_REPRESENTATION_CONTEXT(3)
GLOBAL_UNCERTAINTY_ASSIGNED_CONTEXT((#1573))
GLOBAL_UNIT_ASSIGNED_CONTEXT((#1612,#1599,#1586))
REPRESENTATION_CONTEXT('id5','TOP_LEVEL_ASSEMBLY_PART')
);
#1561=(
GEOMETRIC_REPRESENTATION_CONTEXT(3)
GLOBAL_UNCERTAINTY_ASSIGNED_CONTEXT((#1574))
GLOBAL_UNIT_ASSIGNED_CONTEXT((#1613,#1600,#1587))
REPRESENTATION_CONTEXT('id8','TOP_LEVEL_ASSEMBLY_PART')
);
#1562=(
GEOMETRIC_REPRESENTATION_CONTEXT(3)
GLOBAL_UNCERTAINTY_ASSIGNED_CONTEXT((#1575))
GLOBAL_UNIT_ASSIGNED_CONTEXT((#1614,#1601,#1588))
REPRESENTATION_CONTEXT('id11','TOP_LEVEL_ASSEMBLY_PART')
);
#1563=(
GEOMETRIC_REPRESENTATION_CONTEXT(3)
GLOBAL_UNCERTAINTY_ASSIGNED_CONTEXT((#1576))
GLOBAL_UNIT_ASSIGNED_CONTEXT((#1615,#1602,#1589))
REPRESENTATION_CONTEXT('id14','TOP_LEVEL_ASSEMBLY_PART')
);
#1564=(
GEOMETRIC_REPRESENTATION_CONTEXT(3)
GLOBAL_UNCERTAINTY_ASSIGNED_CONTEXT((#1577))
GLOBAL_UNIT_ASSIGNED_CONTEXT((#1616,#1603,#1590))
REPRESENTATION_CONTEXT('id17','TOP_LEVEL_ASSEMBLY_PART')
);
#1565=(
GEOMETRIC_REPRESENTATION_CONTEXT(3)
GLOBAL_UNCERTAINTY_ASSIGNED_CONTEXT((#1578))
GLOBAL_UNIT_ASSIGNED_CONTEXT((#1617,#1604,#1591))
REPRESENTATION_CONTEXT('id20','TOP_LEVEL_ASSEMBLY_PART')
);
#1566=(
GEOMETRIC_REPRESENTATION_CONTEXT(3)
GLOBAL_UNCERTAINTY_ASSIGNED_CONTEXT((#1579))
GLOBAL_UNIT_ASSIGNED_CONTEXT((#1618,#1605,#1592))
REPRESENTATION_CONTEXT('id23','TOP_LEVEL_ASSEMBLY_PART')
);
#1567=(
GEOMETRIC_REPRESENTATION_CONTEXT(3)
GLOBAL_UNCERTAINTY_ASSIGNED_CONTEXT((#1580))
GLOBAL_UNIT_ASSIGNED_CONTEXT((#1619,#1606,#1593))
REPRESENTATION_CONTEXT('id26','TOP_LEVEL_ASSEMBLY_PART')
);
#1568=(
GEOMETRIC_REPRESENTATION_CONTEXT(3)
GLOBAL_UNCERTAINTY_ASSIGNED_CONTEXT((#1581))
GLOBAL_UNIT_ASSIGNED_CONTEXT((#1620,#1607,#1594))
REPRESENTATION_CONTEXT('id29','TOP_LEVEL_ASSEMBLY_PART')
);
#1569=(
GEOMETRIC_REPRESENTATION_CONTEXT(3)
GLOBAL_UNCERTAINTY_ASSIGNED_CONTEXT((#1582))
GLOBAL_UNIT_ASSIGNED_CONTEXT((#1621,#1608,#1595))
REPRESENTATION_CONTEXT('id32','TOP_LEVEL_ASSEMBLY_PART')
);
#1570=(
GEOMETRIC_REPRESENTATION_CONTEXT(3)
GLOBAL_UNCERTAINTY_ASSIGNED_CONTEXT((#1583))
GLOBAL_UNIT_ASSIGNED_CONTEXT((#1622,#1609,#1596))
REPRESENTATION_CONTEXT('Part 2','TOP_LEVEL_ASSEMBLY_PART')
);
#1571=(
GEOMETRIC_REPRESENTATION_CONTEXT(3)
GLOBAL_UNCERTAINTY_ASSIGNED_CONTEXT((#1584))
GLOBAL_UNIT_ASSIGNED_CONTEXT((#1623,#1610,#1597))
REPRESENTATION_CONTEXT('Part 1','TOP_LEVEL_ASSEMBLY_PART')
);
#1572=UNCERTAINTY_MEASURE_WITH_UNIT(LENGTH_MEASURE(1.E-6),#1611,
'DISTANCE_ACCURACY_VALUE','Maximum Tolerance applied to model');
#1573=UNCERTAINTY_MEASURE_WITH_UNIT(LENGTH_MEASURE(1.E-6),#1612,
'DISTANCE_ACCURACY_VALUE','Maximum Tolerance applied to model');
#1574=UNCERTAINTY_MEASURE_WITH_UNIT(LENGTH_MEASURE(1.E-6),#1613,
'DISTANCE_ACCURACY_VALUE','Maximum Tolerance applied to model');
#1575=UNCERTAINTY_MEASURE_WITH_UNIT(LENGTH_MEASURE(1.E-6),#1614,
'DISTANCE_ACCURACY_VALUE','Maximum Tolerance applied to model');
#1576=UNCERTAINTY_MEASURE_WITH_UNIT(LENGTH_MEASURE(1.E-6),#1615,
'DISTANCE_ACCURACY_VALUE','Maximum Tolerance applied to model');
#1577=UNCERTAINTY_MEASURE_WITH_UNIT(LENGTH_MEASURE(1.E-6),#1616,
'DISTANCE_ACCURACY_VALUE','Maximum Tolerance applied to model');
#1578=UNCERTAINTY_MEASURE_WITH_UNIT(LENGTH_MEASURE(1.E-6),#1617,
'DISTANCE_ACCURACY_VALUE','Maximum Tolerance applied to model');
#1579=UNCERTAINTY_MEASURE_WITH_UNIT(LENGTH_MEASURE(1.E-6),#1618,
'DISTANCE_ACCURACY_VALUE','Maximum Tolerance applied to model');
#1580=UNCERTAINTY_MEASURE_WITH_UNIT(LENGTH_MEASURE(1.E-6),#1619,
'DISTANCE_ACCURACY_VALUE','Maximum Tolerance applied to model');
#1581=UNCERTAINTY_MEASURE_WITH_UNIT(LENGTH_MEASURE(1.E-6),#1620,
'DISTANCE_ACCURACY_VALUE','Maximum Tolerance applied to model');
#1582=UNCERTAINTY_MEASURE_WITH_UNIT(LENGTH_MEASURE(1.E-6),#1621,
'DISTANCE_ACCURACY_VALUE','Maximum Tolerance applied to model');
#1583=UNCERTAINTY_MEASURE_WITH_UNIT(LENGTH_MEASURE(1.E-6),#1622,
'DISTANCE_ACCURACY_VALUE','Maximum Tolerance applied to model');
#1584=UNCERTAINTY_MEASURE_WITH_UNIT(LENGTH_MEASURE(1.E-6),#1623,
'DISTANCE_ACCURACY_VALUE','Maximum Tolerance applied to model');
#1585=(
NAMED_UNIT(*)
SI_UNIT($,.STERADIAN.)
SOLID_ANGLE_UNIT()
);
#1586=(
NAMED_UNIT(*)
SI_UNIT($,.STERADIAN.)
SOLID_ANGLE_UNIT()
);
#1587=(
NAMED_UNIT(*)
SI_UNIT($,.STERADIAN.)
SOLID_ANGLE_UNIT()
);
#1588=(
NAMED_UNIT(*)
SI_UNIT($,.STERADIAN.)
SOLID_ANGLE_UNIT()
);
#1589=(
NAMED_UNIT(*)
SI_UNIT($,.STERADIAN.)
SOLID_ANGLE_UNIT()
);
#1590=(
NAMED_UNIT(*)
SI_UNIT($,.STERADIAN.)
SOLID_ANGLE_UNIT()
);
#1591=(
NAMED_UNIT(*)
SI_UNIT($,.STERADIAN.)
SOLID_ANGLE_UNIT()
);
#1592=(
NAMED_UNIT(*)
SI_UNIT($,.STERADIAN.)
SOLID_ANGLE_UNIT()
);
#1593=(
NAMED_UNIT(*)
SI_UNIT($,.STERADIAN.)
SOLID_ANGLE_UNIT()
);
#1594=(
NAMED_UNIT(*)
SI_UNIT($,.STERADIAN.)
SOLID_ANGLE_UNIT()
);
#1595=(
NAMED_UNIT(*)
SI_UNIT($,.STERADIAN.)
SOLID_ANGLE_UNIT()
);
#1596=(
NAMED_UNIT(*)
SI_UNIT($,.STERADIAN.)
SOLID_ANGLE_UNIT()
);
#1597=(
NAMED_UNIT(*)
SI_UNIT($,.STERADIAN.)
SOLID_ANGLE_UNIT()
);
#1598=(
NAMED_UNIT(*)
PLANE_ANGLE_UNIT()
SI_UNIT($,.RADIAN.)
);
#1599=(
NAMED_UNIT(*)
PLANE_ANGLE_UNIT()
SI_UNIT($,.RADIAN.)
);
#1600=(
NAMED_UNIT(*)
PLANE_ANGLE_UNIT()
SI_UNIT($,.RADIAN.)
);
#1601=(
NAMED_UNIT(*)
PLANE_ANGLE_UNIT()
SI_UNIT($,.RADIAN.)
);
#1602=(
NAMED_UNIT(*)
PLANE_ANGLE_UNIT()
SI_UNIT($,.RADIAN.)
);
#1603=(
NAMED_UNIT(*)
PLANE_ANGLE_UNIT()
SI_UNIT($,.RADIAN.)
);
#1604=(
NAMED_UNIT(*)
PLANE_ANGLE_UNIT()
SI_UNIT($,.RADIAN.)
);
#1605=(
NAMED_UNIT(*)
PLANE_ANGLE_UNIT()
SI_UNIT($,.RADIAN.)
);
#1606=(
NAMED_UNIT(*)
PLANE_ANGLE_UNIT()
SI_UNIT($,.RADIAN.)
);
#1607=(
NAMED_UNIT(*)
PLANE_ANGLE_UNIT()
SI_UNIT($,.RADIAN.)
);
#1608=(
NAMED_UNIT(*)
PLANE_ANGLE_UNIT()
SI_UNIT($,.RADIAN.)
);
#1609=(
NAMED_UNIT(*)
PLANE_ANGLE_UNIT()
SI_UNIT($,.RADIAN.)
);
#1610=(
NAMED_UNIT(*)
PLANE_ANGLE_UNIT()
SI_UNIT($,.RADIAN.)
);
#1611=(
LENGTH_UNIT()
NAMED_UNIT(*)
SI_UNIT(.CENTI.,.METRE.)
);
#1612=(
LENGTH_UNIT()
NAMED_UNIT(*)
SI_UNIT(.CENTI.,.METRE.)
);
#1613=(
LENGTH_UNIT()
NAMED_UNIT(*)
SI_UNIT(.CENTI.,.METRE.)
);
#1614=(
LENGTH_UNIT()
NAMED_UNIT(*)
SI_UNIT(.CENTI.,.METRE.)
);
#1615=(
LENGTH_UNIT()
NAMED_UNIT(*)
SI_UNIT(.CENTI.,.METRE.)
);
#1616=(
LENGTH_UNIT()
NAMED_UNIT(*)
SI_UNIT(.CENTI.,.METRE.)
);
#1617=(
LENGTH_UNIT()
NAMED_UNIT(*)
SI_UNIT(.CENTI.,.METRE.)
);
#1618=(
LENGTH_UNIT()
NAMED_UNIT(*)
SI_UNIT(.CENTI.,.METRE.)
);
#1619=(
LENGTH_UNIT()
NAMED_UNIT(*)
SI_UNIT(.CENTI.,.METRE.)
);
#1620=(
LENGTH_UNIT()
NAMED_UNIT(*)
SI_UNIT(.CENTI.,.METRE.)
);
#1621=(
LENGTH_UNIT()
NAMED_UNIT(*)
SI_UNIT(.CENTI.,.METRE.)
);
#1622=(
LENGTH_UNIT()
NAMED_UNIT(*)
SI_UNIT(.CENTI.,.METRE.)
);
#1623=(
LENGTH_UNIT()
NAMED_UNIT(*)
SI_UNIT(.CENTI.,.METRE.)
);
#1624=PRODUCT_DEFINITION_SHAPE('','',#1637);
#1625=PRODUCT_DEFINITION_SHAPE('','',#1638);
#1626=PRODUCT_DEFINITION_SHAPE('','',#1639);
#1627=PRODUCT_DEFINITION_SHAPE('','',#1640);
#1628=PRODUCT_DEFINITION_SHAPE('','',#1641);
#1629=PRODUCT_DEFINITION_SHAPE('','',#1642);
#1630=PRODUCT_DEFINITION_SHAPE('','',#1643);
#1631=PRODUCT_DEFINITION_SHAPE('','',#1644);
#1632=PRODUCT_DEFINITION_SHAPE('','',#1645);
#1633=PRODUCT_DEFINITION_SHAPE('','',#1646);
#1634=PRODUCT_DEFINITION_SHAPE('','',#1647);
#1635=PRODUCT_DEFINITION_SHAPE('','',#1648);
#1636=PRODUCT_DEFINITION_SHAPE('','',#1649);
#1637=PRODUCT_DEFINITION('','',#1663,#1650);
#1638=PRODUCT_DEFINITION('','',#1664,#1651);
#1639=PRODUCT_DEFINITION('','',#1665,#1652);
#1640=PRODUCT_DEFINITION('','',#1666,#1653);
#1641=PRODUCT_DEFINITION('','',#1667,#1654);
#1642=PRODUCT_DEFINITION('','',#1668,#1655);
#1643=PRODUCT_DEFINITION('','',#1669,#1656);
#1644=PRODUCT_DEFINITION('','',#1670,#1657);
#1645=PRODUCT_DEFINITION('','',#1671,#1658);
#1646=PRODUCT_DEFINITION('','',#1672,#1659);
#1647=PRODUCT_DEFINITION('','',#1673,#1660);
#1648=PRODUCT_DEFINITION('','',#1674,#1661);
#1649=PRODUCT_DEFINITION('','',#1675,#1662);
#1650=PRODUCT_DEFINITION_CONTEXT('',#1741,'design');
#1651=PRODUCT_DEFINITION_CONTEXT('',#1742,'design');
#1652=PRODUCT_DEFINITION_CONTEXT('',#1743,'design');
#1653=PRODUCT_DEFINITION_CONTEXT('',#1744,'design');
#1654=PRODUCT_DEFINITION_CONTEXT('',#1745,'design');
#1655=PRODUCT_DEFINITION_CONTEXT('',#1746,'design');
#1656=PRODUCT_DEFINITION_CONTEXT('',#1747,'design');
#1657=PRODUCT_DEFINITION_CONTEXT('',#1748,'design');
#1658=PRODUCT_DEFINITION_CONTEXT('',#1749,'design');
#1659=PRODUCT_DEFINITION_CONTEXT('',#1750,'design');
#1660=PRODUCT_DEFINITION_CONTEXT('',#1751,'design');
#1661=PRODUCT_DEFINITION_CONTEXT('',#1752,'design');
#1662=PRODUCT_DEFINITION_CONTEXT('',#1753,'design');
#1663=PRODUCT_DEFINITION_FORMATION_WITH_SPECIFIED_SOURCE('','',#1689,
 .NOT_KNOWN.);
#1664=PRODUCT_DEFINITION_FORMATION_WITH_SPECIFIED_SOURCE('','',#1690,
 .NOT_KNOWN.);
#1665=PRODUCT_DEFINITION_FORMATION_WITH_SPECIFIED_SOURCE('','',#1691,
 .NOT_KNOWN.);
#1666=PRODUCT_DEFINITION_FORMATION_WITH_SPECIFIED_SOURCE('','',#1692,
 .NOT_KNOWN.);
#1667=PRODUCT_DEFINITION_FORMATION_WITH_SPECIFIED_SOURCE('','',#1693,
 .NOT_KNOWN.);
#1668=PRODUCT_DEFINITION_FORMATION_WITH_SPECIFIED_SOURCE('','',#1694,
 .NOT_KNOWN.);
#1669=PRODUCT_DEFINITION_FORMATION_WITH_SPECIFIED_SOURCE('','',#1695,
 .NOT_KNOWN.);
#1670=PRODUCT_DEFINITION_FORMATION_WITH_SPECIFIED_SOURCE('','',#1696,
 .NOT_KNOWN.);
#1671=PRODUCT_DEFINITION_FORMATION_WITH_SPECIFIED_SOURCE('','',#1697,
 .NOT_KNOWN.);
#1672=PRODUCT_DEFINITION_FORMATION_WITH_SPECIFIED_SOURCE('','',#1698,
 .NOT_KNOWN.);
#1673=PRODUCT_DEFINITION_FORMATION_WITH_SPECIFIED_SOURCE('','',#1699,
 .NOT_KNOWN.);
#1674=PRODUCT_DEFINITION_FORMATION_WITH_SPECIFIED_SOURCE('','',#1700,
 .NOT_KNOWN.);
#1675=PRODUCT_DEFINITION_FORMATION_WITH_SPECIFIED_SOURCE('','',#1701,
 .NOT_KNOWN.);
#1676=PRODUCT_RELATED_PRODUCT_CATEGORY('','',(#1689));
#1677=PRODUCT_RELATED_PRODUCT_CATEGORY('','',(#1690));
#1678=PRODUCT_RELATED_PRODUCT_CATEGORY('','',(#1691));
#1679=PRODUCT_RELATED_PRODUCT_CATEGORY('','',(#1692));
#1680=PRODUCT_RELATED_PRODUCT_CATEGORY('','',(#1693));
#1681=PRODUCT_RELATED_PRODUCT_CATEGORY('','',(#1694));
#1682=PRODUCT_RELATED_PRODUCT_CATEGORY('','',(#1695));
#1683=PRODUCT_RELATED_PRODUCT_CATEGORY('','',(#1696));
#1684=PRODUCT_RELATED_PRODUCT_CATEGORY('','',(#1697));
#1685=PRODUCT_RELATED_PRODUCT_CATEGORY('','',(#1698));
#1686=PRODUCT_RELATED_PRODUCT_CATEGORY('','',(#1699));
#1687=PRODUCT_RELATED_PRODUCT_CATEGORY('','',(#1700));
#1688=PRODUCT_RELATED_PRODUCT_CATEGORY('','',(#1701));
#1689=PRODUCT('id2','id2','id2',(#1715));
#1690=PRODUCT('id5','id5','id5',(#1716));
#1691=PRODUCT('id8','id8','id8',(#1717));
#1692=PRODUCT('id11','id11','id11',(#1718));
#1693=PRODUCT('id14','id14','id14',(#1719));
#1694=PRODUCT('id17','id17','id17',(#1720));
#1695=PRODUCT('id20','id20','id20',(#1721));
#1696=PRODUCT('id23','id23','id23',(#1722));
#1697=PRODUCT('id26','id26','id26',(#1723));
#1698=PRODUCT('id29','id29','id29',(#1724));
#1699=PRODUCT('id32','id32','id32',(#1725));
#1700=PRODUCT('Part 2','Part 2','Part 2',(#1726));
#1701=PRODUCT('Part 1','Part 1','Part 1',(#1727));
#1702=PRODUCT_CATEGORY('','');
#1703=PRODUCT_CATEGORY('','');
#1704=PRODUCT_CATEGORY('','');
#1705=PRODUCT_CATEGORY('','');
#1706=PRODUCT_CATEGORY('','');
#1707=PRODUCT_CATEGORY('','');
#1708=PRODUCT_CATEGORY('','');
#1709=PRODUCT_CATEGORY('','');
#1710=PRODUCT_CATEGORY('','');
#1711=PRODUCT_CATEGORY('','');
#1712=PRODUCT_CATEGORY('','');
#1713=PRODUCT_CATEGORY('','');
#1714=PRODUCT_CATEGORY('','');
#1715=PRODUCT_CONTEXT('',#1741,'mechanical');
#1716=PRODUCT_CONTEXT('',#1742,'mechanical');
#1717=PRODUCT_CONTEXT('',#1743,'mechanical');
#1718=PRODUCT_CONTEXT('',#1744,'mechanical');
#1719=PRODUCT_CONTEXT('',#1745,'mechanical');
#1720=PRODUCT_CONTEXT('',#1746,'mechanical');
#1721=PRODUCT_CONTEXT('',#1747,'mechanical');
#1722=PRODUCT_CONTEXT('',#1748,'mechanical');
#1723=PRODUCT_CONTEXT('',#1749,'mechanical');
#1724=PRODUCT_CONTEXT('',#1750,'mechanical');
#1725=PRODUCT_CONTEXT('',#1751,'mechanical');
#1726=PRODUCT_CONTEXT('',#1752,'mechanical');
#1727=PRODUCT_CONTEXT('',#1753,'mechanical');
#1728=APPLICATION_PROTOCOL_DEFINITION('international standard',
'ap242_managed_model_based_3d_engineering',2020,#1741);
#1729=APPLICATION_PROTOCOL_DEFINITION('international standard',
'ap242_managed_model_based_3d_engineering',2020,#1742);
#1730=APPLICATION_PROTOCOL_DEFINITION('international standard',
'ap242_managed_model_based_3d_engineering',2020,#1743);
#1731=APPLICATION_PROTOCOL_DEFINITION('international standard',
'ap242_managed_model_based_3d_engineering',2020,#1744);
#1732=APPLICATION_PROTOCOL_DEFINITION('international standard',
'ap242_managed_model_based_3d_engineering',2020,#1745);
#1733=APPLICATION_PROTOCOL_DEFINITION('international standard',
'ap242_managed_model_based_3d_engineering',2020,#1746);
#1734=APPLICATION_PROTOCOL_DEFINITION('international standard',
'ap242_managed_model_based_3d_engineering',2020,#1747);
#1735=APPLICATION_PROTOCOL_DEFINITION('international standard',
'ap242_managed_model_based_3d_engineering',2020,#1748);
#1736=APPLICATION_PROTOCOL_DEFINITION('international standard',
'ap242_managed_model_based_3d_engineering',2020,#1749);
#1737=APPLICATION_PROTOCOL_DEFINITION('international standard',
'ap242_managed_model_based_3d_engineering',2020,#1750);
#1738=APPLICATION_PROTOCOL_DEFINITION('international standard',
'ap242_managed_model_based_3d_engineering',2020,#1751);
#1739=APPLICATION_PROTOCOL_DEFINITION('international standard',
'ap242_managed_model_based_3d_engineering',2020,#1752);
#1740=APPLICATION_PROTOCOL_DEFINITION('international standard',
'ap242_managed_model_based_3d_engineering',2020,#1753);
#1741=APPLICATION_CONTEXT('managed model based 3d engineering');
#1742=APPLICATION_CONTEXT('managed model based 3d engineering');
#1743=APPLICATION_CONTEXT('managed model based 3d engineering');
#1744=APPLICATION_CONTEXT('managed model based 3d engineering');
#1745=APPLICATION_CONTEXT('managed model based 3d engineering');
#1746=APPLICATION_CONTEXT('managed model based 3d engineering');
#1747=APPLICATION_CONTEXT('managed model based 3d engineering');
#1748=APPLICATION_CONTEXT('managed model based 3d engineering');
#1749=APPLICATION_CONTEXT('managed model based 3d engineering');
#1750=APPLICATION_CONTEXT('managed model based 3d engineering');
#1751=APPLICATION_CONTEXT('managed model based 3d engineering');
#1752=APPLICATION_CONTEXT('managed model based 3d engineering');
#1753=APPLICATION_CONTEXT('managed model based 3d engineering');
ENDSEC;
END-ISO-10303-21;
