ISO-10303-21;
HEADER;
/* Generated by software containing ST-Developer
 * from STEP Tools, Inc. (www.steptools.com) 
 */
/* OPTION: using custom renumber hook */

FILE_DESCRIPTION(
/* description */ ('STEP AP242 Edition 2',
'CAx-IF Rec.Pracs.---Representation and Presentation of Product Manufa
cturing Information (PMI)---4.0---2014-10-13',
'CAx-IF Rec.Pracs.---3D Tessellated Geometry---0.4---2014-09-14','2;1',
'CAx-IF Rec.Pracs.---User Defined Attributes---1.5---2016-08-15'),
/* implementation_level */ '2;1');

FILE_NAME(
/* name */ 'UVA UVB + mount',
/* time_stamp */ '2026-02-01T16:54:57Z',
/* author */ (''),
/* organization */ (''),
/* preprocessor_version */ 'ST-DEVELOPER v20',
/* originating_system */ 'ONSHAPE BY PTC INC, 1.210',
/* authorisation */ '  ');

FILE_SCHEMA (('AP242_MANAGED_MODEL_BASED_3D_ENGINEERING_MIM_LF { 1 0 10303 442 3 1 4 }'));
ENDSEC;

DATA;
#10=ADVANCED_BREP_SHAPE_REPRESENTATION('',(#2016),#3388);
#11=ADVANCED_BREP_SHAPE_REPRESENTATION('',(#2017),#3389);
#12=ADVANCED_BREP_SHAPE_REPRESENTATION('',(#2018),#3390);
#13=CYLINDRICAL_SURFACE('',#2113,0.25);
#14=CYLINDRICAL_SURFACE('',#2114,0.25);
#15=CYLINDRICAL_SURFACE('',#2115,0.25);
#16=CYLINDRICAL_SURFACE('',#2116,0.25);
#17=CYLINDRICAL_SURFACE('',#2117,0.081048450698611);
#18=CYLINDRICAL_SURFACE('',#2118,0.081048450698611);
#19=CYLINDRICAL_SURFACE('',#2119,0.081048450698611);
#20=CYLINDRICAL_SURFACE('',#2120,0.081048450698611);
#21=CYLINDRICAL_SURFACE('',#2121,0.081048450698611);
#22=CYLINDRICAL_SURFACE('',#2122,0.15144769523291);
#23=CYLINDRICAL_SURFACE('',#2123,0.15113);
#24=CYLINDRICAL_SURFACE('',#2168,0.059954918342672);
#25=CYLINDRICAL_SURFACE('',#2171,0.0614862172887472);
#26=CYLINDRICAL_SURFACE('',#2174,0.313595119397322);
#27=CYLINDRICAL_SURFACE('',#2178,0.313593967719261);
#28=CYLINDRICAL_SURFACE('',#2182,0.314235078024195);
#29=CYLINDRICAL_SURFACE('',#2186,0.317656719685228);
#30=CYLINDRICAL_SURFACE('',#2191,0.137205242448874);
#31=CYLINDRICAL_SURFACE('',#2195,0.134343836825232);
#32=CYLINDRICAL_SURFACE('',#2215,0.059954918342672);
#33=CYLINDRICAL_SURFACE('',#2218,0.0614862172887472);
#34=CYLINDRICAL_SURFACE('',#2221,0.313595119397322);
#35=CYLINDRICAL_SURFACE('',#2225,0.313593967719261);
#36=CYLINDRICAL_SURFACE('',#2229,0.314235078024195);
#37=CYLINDRICAL_SURFACE('',#2233,0.317656719685228);
#38=CYLINDRICAL_SURFACE('',#2238,0.137205242448874);
#39=CYLINDRICAL_SURFACE('',#2242,0.134343836825232);
#40=CIRCLE('',#2090,0.15113);
#41=CIRCLE('',#2091,0.15144769523291);
#42=CIRCLE('',#2092,0.081048450698611);
#43=CIRCLE('',#2093,0.081048450698611);
#44=CIRCLE('',#2094,0.081048450698611);
#45=CIRCLE('',#2095,0.081048450698611);
#46=CIRCLE('',#2096,0.081048450698611);
#47=CIRCLE('',#2097,0.25);
#48=CIRCLE('',#2098,0.25);
#49=CIRCLE('',#2099,0.25);
#50=CIRCLE('',#2100,0.25);
#51=CIRCLE('',#2102,0.15113);
#52=CIRCLE('',#2103,0.15144769523291);
#53=CIRCLE('',#2104,0.081048450698611);
#54=CIRCLE('',#2105,0.081048450698611);
#55=CIRCLE('',#2106,0.081048450698611);
#56=CIRCLE('',#2107,0.081048450698611);
#57=CIRCLE('',#2108,0.081048450698611);
#58=CIRCLE('',#2109,0.25);
#59=CIRCLE('',#2110,0.25);
#60=CIRCLE('',#2111,0.25);
#61=CIRCLE('',#2112,0.25);
#62=CIRCLE('',#2169,0.059954918342672);
#63=CIRCLE('',#2170,0.059954918342672);
#64=CIRCLE('',#2172,0.0614862172887472);
#65=CIRCLE('',#2173,0.0614862172887472);
#66=CIRCLE('',#2175,0.313595119397322);
#67=CIRCLE('',#2176,0.313595119397322);
#68=CIRCLE('',#2179,0.313593967719261);
#69=CIRCLE('',#2180,0.313593967719261);
#70=CIRCLE('',#2183,0.314235078024195);
#71=CIRCLE('',#2184,0.314235078024195);
#72=CIRCLE('',#2187,0.317656719685228);
#73=CIRCLE('',#2188,0.317656719685228);
#74=CIRCLE('',#2192,0.137205242448874);
#75=CIRCLE('',#2193,0.137205242448874);
#76=CIRCLE('',#2196,0.134343836825232);
#77=CIRCLE('',#2197,0.134343836825232);
#78=CIRCLE('',#2216,0.059954918342672);
#79=CIRCLE('',#2217,0.059954918342672);
#80=CIRCLE('',#2219,0.0614862172887472);
#81=CIRCLE('',#2220,0.0614862172887472);
#82=CIRCLE('',#2222,0.313595119397322);
#83=CIRCLE('',#2223,0.313595119397322);
#84=CIRCLE('',#2226,0.313593967719261);
#85=CIRCLE('',#2227,0.313593967719261);
#86=CIRCLE('',#2230,0.314235078024195);
#87=CIRCLE('',#2231,0.314235078024195);
#88=CIRCLE('',#2234,0.317656719685228);
#89=CIRCLE('',#2235,0.317656719685228);
#90=CIRCLE('',#2239,0.137205242448874);
#91=CIRCLE('',#2240,0.137205242448874);
#92=CIRCLE('',#2243,0.134343836825232);
#93=CIRCLE('',#2244,0.134343836825232);
#94=ORIENTED_EDGE('',*,*,#610,.F.);
#95=ORIENTED_EDGE('',*,*,#611,.T.);
#96=ORIENTED_EDGE('',*,*,#612,.T.);
#97=ORIENTED_EDGE('',*,*,#613,.T.);
#98=ORIENTED_EDGE('',*,*,#614,.T.);
#99=ORIENTED_EDGE('',*,*,#615,.T.);
#100=ORIENTED_EDGE('',*,*,#616,.F.);
#101=ORIENTED_EDGE('',*,*,#617,.T.);
#102=ORIENTED_EDGE('',*,*,#618,.T.);
#103=ORIENTED_EDGE('',*,*,#619,.T.);
#104=ORIENTED_EDGE('',*,*,#620,.F.);
#105=ORIENTED_EDGE('',*,*,#621,.T.);
#106=ORIENTED_EDGE('',*,*,#622,.T.);
#107=ORIENTED_EDGE('',*,*,#623,.T.);
#108=ORIENTED_EDGE('',*,*,#624,.F.);
#109=ORIENTED_EDGE('',*,*,#625,.T.);
#110=ORIENTED_EDGE('',*,*,#626,.F.);
#111=ORIENTED_EDGE('',*,*,#627,.F.);
#112=ORIENTED_EDGE('',*,*,#628,.F.);
#113=ORIENTED_EDGE('',*,*,#629,.F.);
#114=ORIENTED_EDGE('',*,*,#630,.F.);
#115=ORIENTED_EDGE('',*,*,#631,.F.);
#116=ORIENTED_EDGE('',*,*,#632,.F.);
#117=ORIENTED_EDGE('',*,*,#620,.T.);
#118=ORIENTED_EDGE('',*,*,#633,.T.);
#119=ORIENTED_EDGE('',*,*,#622,.F.);
#120=ORIENTED_EDGE('',*,*,#634,.T.);
#121=ORIENTED_EDGE('',*,*,#612,.F.);
#122=ORIENTED_EDGE('',*,*,#635,.T.);
#123=ORIENTED_EDGE('',*,*,#616,.T.);
#124=ORIENTED_EDGE('',*,*,#636,.T.);
#125=ORIENTED_EDGE('',*,*,#637,.F.);
#126=ORIENTED_EDGE('',*,*,#638,.T.);
#127=ORIENTED_EDGE('',*,*,#639,.T.);
#128=ORIENTED_EDGE('',*,*,#640,.F.);
#129=ORIENTED_EDGE('',*,*,#641,.F.);
#130=ORIENTED_EDGE('',*,*,#642,.T.);
#131=ORIENTED_EDGE('',*,*,#643,.T.);
#132=ORIENTED_EDGE('',*,*,#644,.F.);
#133=ORIENTED_EDGE('',*,*,#645,.F.);
#134=ORIENTED_EDGE('',*,*,#646,.T.);
#135=ORIENTED_EDGE('',*,*,#647,.T.);
#136=ORIENTED_EDGE('',*,*,#648,.F.);
#137=ORIENTED_EDGE('',*,*,#649,.F.);
#138=ORIENTED_EDGE('',*,*,#650,.T.);
#139=ORIENTED_EDGE('',*,*,#651,.T.);
#140=ORIENTED_EDGE('',*,*,#652,.F.);
#141=ORIENTED_EDGE('',*,*,#653,.F.);
#142=ORIENTED_EDGE('',*,*,#654,.T.);
#143=ORIENTED_EDGE('',*,*,#655,.T.);
#144=ORIENTED_EDGE('',*,*,#656,.F.);
#145=ORIENTED_EDGE('',*,*,#657,.F.);
#146=ORIENTED_EDGE('',*,*,#658,.T.);
#147=ORIENTED_EDGE('',*,*,#659,.T.);
#148=ORIENTED_EDGE('',*,*,#660,.F.);
#149=ORIENTED_EDGE('',*,*,#661,.F.);
#150=ORIENTED_EDGE('',*,*,#662,.T.);
#151=ORIENTED_EDGE('',*,*,#663,.T.);
#152=ORIENTED_EDGE('',*,*,#664,.F.);
#153=ORIENTED_EDGE('',*,*,#665,.T.);
#154=ORIENTED_EDGE('',*,*,#666,.T.);
#155=ORIENTED_EDGE('',*,*,#667,.T.);
#156=ORIENTED_EDGE('',*,*,#668,.T.);
#157=ORIENTED_EDGE('',*,*,#669,.T.);
#158=ORIENTED_EDGE('',*,*,#670,.T.);
#159=ORIENTED_EDGE('',*,*,#671,.T.);
#160=ORIENTED_EDGE('',*,*,#624,.T.);
#161=ORIENTED_EDGE('',*,*,#672,.T.);
#162=ORIENTED_EDGE('',*,*,#618,.F.);
#163=ORIENTED_EDGE('',*,*,#673,.T.);
#164=ORIENTED_EDGE('',*,*,#614,.F.);
#165=ORIENTED_EDGE('',*,*,#674,.T.);
#166=ORIENTED_EDGE('',*,*,#610,.T.);
#167=ORIENTED_EDGE('',*,*,#675,.T.);
#168=ORIENTED_EDGE('',*,*,#634,.F.);
#169=ORIENTED_EDGE('',*,*,#625,.F.);
#170=ORIENTED_EDGE('',*,*,#675,.F.);
#171=ORIENTED_EDGE('',*,*,#613,.F.);
#172=ORIENTED_EDGE('',*,*,#633,.F.);
#173=ORIENTED_EDGE('',*,*,#619,.F.);
#174=ORIENTED_EDGE('',*,*,#672,.F.);
#175=ORIENTED_EDGE('',*,*,#623,.F.);
#176=ORIENTED_EDGE('',*,*,#636,.F.);
#177=ORIENTED_EDGE('',*,*,#615,.F.);
#178=ORIENTED_EDGE('',*,*,#673,.F.);
#179=ORIENTED_EDGE('',*,*,#621,.F.);
#180=ORIENTED_EDGE('',*,*,#635,.F.);
#181=ORIENTED_EDGE('',*,*,#611,.F.);
#182=ORIENTED_EDGE('',*,*,#674,.F.);
#183=ORIENTED_EDGE('',*,*,#617,.F.);
#184=ORIENTED_EDGE('',*,*,#632,.T.);
#185=ORIENTED_EDGE('',*,*,#671,.F.);
#186=ORIENTED_EDGE('',*,*,#631,.T.);
#187=ORIENTED_EDGE('',*,*,#670,.F.);
#188=ORIENTED_EDGE('',*,*,#630,.T.);
#189=ORIENTED_EDGE('',*,*,#669,.F.);
#190=ORIENTED_EDGE('',*,*,#629,.T.);
#191=ORIENTED_EDGE('',*,*,#668,.F.);
#192=ORIENTED_EDGE('',*,*,#628,.T.);
#193=ORIENTED_EDGE('',*,*,#667,.F.);
#194=ORIENTED_EDGE('',*,*,#627,.T.);
#195=ORIENTED_EDGE('',*,*,#666,.F.);
#196=ORIENTED_EDGE('',*,*,#626,.T.);
#197=ORIENTED_EDGE('',*,*,#665,.F.);
#198=ORIENTED_EDGE('',*,*,#662,.F.);
#199=ORIENTED_EDGE('',*,*,#676,.F.);
#200=ORIENTED_EDGE('',*,*,#677,.T.);
#201=ORIENTED_EDGE('',*,*,#678,.T.);
#202=ORIENTED_EDGE('',*,*,#661,.T.);
#203=ORIENTED_EDGE('',*,*,#679,.F.);
#204=ORIENTED_EDGE('',*,*,#680,.F.);
#205=ORIENTED_EDGE('',*,*,#676,.T.);
#206=ORIENTED_EDGE('',*,*,#664,.T.);
#207=ORIENTED_EDGE('',*,*,#681,.F.);
#208=ORIENTED_EDGE('',*,*,#682,.F.);
#209=ORIENTED_EDGE('',*,*,#679,.T.);
#210=ORIENTED_EDGE('',*,*,#663,.F.);
#211=ORIENTED_EDGE('',*,*,#678,.F.);
#212=ORIENTED_EDGE('',*,*,#683,.T.);
#213=ORIENTED_EDGE('',*,*,#681,.T.);
#214=ORIENTED_EDGE('',*,*,#677,.F.);
#215=ORIENTED_EDGE('',*,*,#680,.T.);
#216=ORIENTED_EDGE('',*,*,#682,.T.);
#217=ORIENTED_EDGE('',*,*,#683,.F.);
#218=ORIENTED_EDGE('',*,*,#658,.F.);
#219=ORIENTED_EDGE('',*,*,#684,.F.);
#220=ORIENTED_EDGE('',*,*,#685,.T.);
#221=ORIENTED_EDGE('',*,*,#686,.T.);
#222=ORIENTED_EDGE('',*,*,#657,.T.);
#223=ORIENTED_EDGE('',*,*,#687,.F.);
#224=ORIENTED_EDGE('',*,*,#688,.F.);
#225=ORIENTED_EDGE('',*,*,#684,.T.);
#226=ORIENTED_EDGE('',*,*,#660,.T.);
#227=ORIENTED_EDGE('',*,*,#689,.F.);
#228=ORIENTED_EDGE('',*,*,#690,.F.);
#229=ORIENTED_EDGE('',*,*,#687,.T.);
#230=ORIENTED_EDGE('',*,*,#659,.F.);
#231=ORIENTED_EDGE('',*,*,#686,.F.);
#232=ORIENTED_EDGE('',*,*,#691,.T.);
#233=ORIENTED_EDGE('',*,*,#689,.T.);
#234=ORIENTED_EDGE('',*,*,#685,.F.);
#235=ORIENTED_EDGE('',*,*,#688,.T.);
#236=ORIENTED_EDGE('',*,*,#690,.T.);
#237=ORIENTED_EDGE('',*,*,#691,.F.);
#238=ORIENTED_EDGE('',*,*,#654,.F.);
#239=ORIENTED_EDGE('',*,*,#692,.F.);
#240=ORIENTED_EDGE('',*,*,#693,.T.);
#241=ORIENTED_EDGE('',*,*,#694,.T.);
#242=ORIENTED_EDGE('',*,*,#653,.T.);
#243=ORIENTED_EDGE('',*,*,#695,.F.);
#244=ORIENTED_EDGE('',*,*,#696,.F.);
#245=ORIENTED_EDGE('',*,*,#692,.T.);
#246=ORIENTED_EDGE('',*,*,#656,.T.);
#247=ORIENTED_EDGE('',*,*,#697,.F.);
#248=ORIENTED_EDGE('',*,*,#698,.F.);
#249=ORIENTED_EDGE('',*,*,#695,.T.);
#250=ORIENTED_EDGE('',*,*,#655,.F.);
#251=ORIENTED_EDGE('',*,*,#694,.F.);
#252=ORIENTED_EDGE('',*,*,#699,.T.);
#253=ORIENTED_EDGE('',*,*,#697,.T.);
#254=ORIENTED_EDGE('',*,*,#693,.F.);
#255=ORIENTED_EDGE('',*,*,#696,.T.);
#256=ORIENTED_EDGE('',*,*,#698,.T.);
#257=ORIENTED_EDGE('',*,*,#699,.F.);
#258=ORIENTED_EDGE('',*,*,#650,.F.);
#259=ORIENTED_EDGE('',*,*,#700,.F.);
#260=ORIENTED_EDGE('',*,*,#701,.T.);
#261=ORIENTED_EDGE('',*,*,#702,.T.);
#262=ORIENTED_EDGE('',*,*,#649,.T.);
#263=ORIENTED_EDGE('',*,*,#703,.F.);
#264=ORIENTED_EDGE('',*,*,#704,.F.);
#265=ORIENTED_EDGE('',*,*,#700,.T.);
#266=ORIENTED_EDGE('',*,*,#652,.T.);
#267=ORIENTED_EDGE('',*,*,#705,.F.);
#268=ORIENTED_EDGE('',*,*,#706,.F.);
#269=ORIENTED_EDGE('',*,*,#703,.T.);
#270=ORIENTED_EDGE('',*,*,#651,.F.);
#271=ORIENTED_EDGE('',*,*,#702,.F.);
#272=ORIENTED_EDGE('',*,*,#707,.T.);
#273=ORIENTED_EDGE('',*,*,#705,.T.);
#274=ORIENTED_EDGE('',*,*,#701,.F.);
#275=ORIENTED_EDGE('',*,*,#704,.T.);
#276=ORIENTED_EDGE('',*,*,#706,.T.);
#277=ORIENTED_EDGE('',*,*,#707,.F.);
#278=ORIENTED_EDGE('',*,*,#646,.F.);
#279=ORIENTED_EDGE('',*,*,#708,.F.);
#280=ORIENTED_EDGE('',*,*,#709,.T.);
#281=ORIENTED_EDGE('',*,*,#710,.T.);
#282=ORIENTED_EDGE('',*,*,#645,.T.);
#283=ORIENTED_EDGE('',*,*,#711,.F.);
#284=ORIENTED_EDGE('',*,*,#712,.F.);
#285=ORIENTED_EDGE('',*,*,#708,.T.);
#286=ORIENTED_EDGE('',*,*,#648,.T.);
#287=ORIENTED_EDGE('',*,*,#713,.F.);
#288=ORIENTED_EDGE('',*,*,#714,.F.);
#289=ORIENTED_EDGE('',*,*,#711,.T.);
#290=ORIENTED_EDGE('',*,*,#647,.F.);
#291=ORIENTED_EDGE('',*,*,#710,.F.);
#292=ORIENTED_EDGE('',*,*,#715,.T.);
#293=ORIENTED_EDGE('',*,*,#713,.T.);
#294=ORIENTED_EDGE('',*,*,#709,.F.);
#295=ORIENTED_EDGE('',*,*,#712,.T.);
#296=ORIENTED_EDGE('',*,*,#714,.T.);
#297=ORIENTED_EDGE('',*,*,#715,.F.);
#298=ORIENTED_EDGE('',*,*,#642,.F.);
#299=ORIENTED_EDGE('',*,*,#716,.F.);
#300=ORIENTED_EDGE('',*,*,#717,.T.);
#301=ORIENTED_EDGE('',*,*,#718,.T.);
#302=ORIENTED_EDGE('',*,*,#641,.T.);
#303=ORIENTED_EDGE('',*,*,#719,.F.);
#304=ORIENTED_EDGE('',*,*,#720,.F.);
#305=ORIENTED_EDGE('',*,*,#716,.T.);
#306=ORIENTED_EDGE('',*,*,#644,.T.);
#307=ORIENTED_EDGE('',*,*,#721,.F.);
#308=ORIENTED_EDGE('',*,*,#722,.F.);
#309=ORIENTED_EDGE('',*,*,#719,.T.);
#310=ORIENTED_EDGE('',*,*,#643,.F.);
#311=ORIENTED_EDGE('',*,*,#718,.F.);
#312=ORIENTED_EDGE('',*,*,#723,.T.);
#313=ORIENTED_EDGE('',*,*,#721,.T.);
#314=ORIENTED_EDGE('',*,*,#717,.F.);
#315=ORIENTED_EDGE('',*,*,#720,.T.);
#316=ORIENTED_EDGE('',*,*,#722,.T.);
#317=ORIENTED_EDGE('',*,*,#723,.F.);
#318=ORIENTED_EDGE('',*,*,#638,.F.);
#319=ORIENTED_EDGE('',*,*,#724,.F.);
#320=ORIENTED_EDGE('',*,*,#725,.T.);
#321=ORIENTED_EDGE('',*,*,#726,.T.);
#322=ORIENTED_EDGE('',*,*,#637,.T.);
#323=ORIENTED_EDGE('',*,*,#727,.F.);
#324=ORIENTED_EDGE('',*,*,#728,.F.);
#325=ORIENTED_EDGE('',*,*,#724,.T.);
#326=ORIENTED_EDGE('',*,*,#640,.T.);
#327=ORIENTED_EDGE('',*,*,#729,.F.);
#328=ORIENTED_EDGE('',*,*,#730,.F.);
#329=ORIENTED_EDGE('',*,*,#727,.T.);
#330=ORIENTED_EDGE('',*,*,#639,.F.);
#331=ORIENTED_EDGE('',*,*,#726,.F.);
#332=ORIENTED_EDGE('',*,*,#731,.T.);
#333=ORIENTED_EDGE('',*,*,#729,.T.);
#334=ORIENTED_EDGE('',*,*,#725,.F.);
#335=ORIENTED_EDGE('',*,*,#728,.T.);
#336=ORIENTED_EDGE('',*,*,#730,.T.);
#337=ORIENTED_EDGE('',*,*,#731,.F.);
#338=ORIENTED_EDGE('',*,*,#732,.F.);
#339=ORIENTED_EDGE('',*,*,#733,.T.);
#340=ORIENTED_EDGE('',*,*,#734,.T.);
#341=ORIENTED_EDGE('',*,*,#735,.T.);
#342=ORIENTED_EDGE('',*,*,#736,.F.);
#343=ORIENTED_EDGE('',*,*,#737,.T.);
#344=ORIENTED_EDGE('',*,*,#732,.T.);
#345=ORIENTED_EDGE('',*,*,#738,.T.);
#346=ORIENTED_EDGE('',*,*,#739,.F.);
#347=ORIENTED_EDGE('',*,*,#736,.T.);
#348=ORIENTED_EDGE('',*,*,#740,.T.);
#349=ORIENTED_EDGE('',*,*,#741,.F.);
#350=ORIENTED_EDGE('',*,*,#742,.F.);
#351=ORIENTED_EDGE('',*,*,#741,.T.);
#352=ORIENTED_EDGE('',*,*,#743,.F.);
#353=ORIENTED_EDGE('',*,*,#734,.F.);
#354=ORIENTED_EDGE('',*,*,#744,.F.);
#355=ORIENTED_EDGE('',*,*,#745,.F.);
#356=ORIENTED_EDGE('',*,*,#746,.T.);
#357=ORIENTED_EDGE('',*,*,#747,.T.);
#358=ORIENTED_EDGE('',*,*,#745,.T.);
#359=ORIENTED_EDGE('',*,*,#748,.T.);
#360=ORIENTED_EDGE('',*,*,#749,.F.);
#361=ORIENTED_EDGE('',*,*,#750,.F.);
#362=ORIENTED_EDGE('',*,*,#749,.T.);
#363=ORIENTED_EDGE('',*,*,#751,.T.);
#364=ORIENTED_EDGE('',*,*,#752,.F.);
#365=ORIENTED_EDGE('',*,*,#753,.F.);
#366=ORIENTED_EDGE('',*,*,#754,.F.);
#367=ORIENTED_EDGE('',*,*,#747,.F.);
#368=ORIENTED_EDGE('',*,*,#755,.T.);
#369=ORIENTED_EDGE('',*,*,#752,.T.);
#370=ORIENTED_EDGE('',*,*,#756,.T.);
#371=ORIENTED_EDGE('',*,*,#757,.T.);
#372=ORIENTED_EDGE('',*,*,#758,.T.);
#373=ORIENTED_EDGE('',*,*,#759,.T.);
#374=ORIENTED_EDGE('',*,*,#760,.F.);
#375=ORIENTED_EDGE('',*,*,#761,.F.);
#376=ORIENTED_EDGE('',*,*,#762,.T.);
#377=ORIENTED_EDGE('',*,*,#763,.T.);
#378=ORIENTED_EDGE('',*,*,#761,.T.);
#379=ORIENTED_EDGE('',*,*,#764,.T.);
#380=ORIENTED_EDGE('',*,*,#765,.F.);
#381=ORIENTED_EDGE('',*,*,#766,.F.);
#382=ORIENTED_EDGE('',*,*,#767,.F.);
#383=ORIENTED_EDGE('',*,*,#768,.F.);
#384=ORIENTED_EDGE('',*,*,#769,.T.);
#385=ORIENTED_EDGE('',*,*,#765,.T.);
#386=ORIENTED_EDGE('',*,*,#768,.T.);
#387=ORIENTED_EDGE('',*,*,#770,.T.);
#388=ORIENTED_EDGE('',*,*,#771,.F.);
#389=ORIENTED_EDGE('',*,*,#772,.F.);
#390=ORIENTED_EDGE('',*,*,#773,.F.);
#391=ORIENTED_EDGE('',*,*,#774,.F.);
#392=ORIENTED_EDGE('',*,*,#775,.T.);
#393=ORIENTED_EDGE('',*,*,#771,.T.);
#394=ORIENTED_EDGE('',*,*,#774,.T.);
#395=ORIENTED_EDGE('',*,*,#776,.T.);
#396=ORIENTED_EDGE('',*,*,#777,.F.);
#397=ORIENTED_EDGE('',*,*,#778,.F.);
#398=ORIENTED_EDGE('',*,*,#779,.F.);
#399=ORIENTED_EDGE('',*,*,#780,.F.);
#400=ORIENTED_EDGE('',*,*,#781,.T.);
#401=ORIENTED_EDGE('',*,*,#777,.T.);
#402=ORIENTED_EDGE('',*,*,#780,.T.);
#403=ORIENTED_EDGE('',*,*,#782,.T.);
#404=ORIENTED_EDGE('',*,*,#763,.F.);
#405=ORIENTED_EDGE('',*,*,#783,.F.);
#406=ORIENTED_EDGE('',*,*,#784,.T.);
#407=ORIENTED_EDGE('',*,*,#785,.F.);
#408=ORIENTED_EDGE('',*,*,#786,.F.);
#409=ORIENTED_EDGE('',*,*,#787,.T.);
#410=ORIENTED_EDGE('',*,*,#760,.T.);
#411=ORIENTED_EDGE('',*,*,#782,.F.);
#412=ORIENTED_EDGE('',*,*,#779,.T.);
#413=ORIENTED_EDGE('',*,*,#776,.F.);
#414=ORIENTED_EDGE('',*,*,#773,.T.);
#415=ORIENTED_EDGE('',*,*,#770,.F.);
#416=ORIENTED_EDGE('',*,*,#767,.T.);
#417=ORIENTED_EDGE('',*,*,#764,.F.);
#418=ORIENTED_EDGE('',*,*,#788,.F.);
#419=ORIENTED_EDGE('',*,*,#789,.T.);
#420=ORIENTED_EDGE('',*,*,#758,.F.);
#421=ORIENTED_EDGE('',*,*,#788,.T.);
#422=ORIENTED_EDGE('',*,*,#790,.F.);
#423=ORIENTED_EDGE('',*,*,#791,.T.);
#424=ORIENTED_EDGE('',*,*,#756,.F.);
#425=ORIENTED_EDGE('',*,*,#790,.T.);
#426=ORIENTED_EDGE('',*,*,#735,.F.);
#427=ORIENTED_EDGE('',*,*,#743,.T.);
#428=ORIENTED_EDGE('',*,*,#740,.F.);
#429=ORIENTED_EDGE('',*,*,#738,.F.);
#430=ORIENTED_EDGE('',*,*,#792,.F.);
#431=ORIENTED_EDGE('',*,*,#793,.T.);
#432=ORIENTED_EDGE('',*,*,#794,.T.);
#433=ORIENTED_EDGE('',*,*,#795,.T.);
#434=ORIENTED_EDGE('',*,*,#785,.T.);
#435=ORIENTED_EDGE('',*,*,#796,.F.);
#436=ORIENTED_EDGE('',*,*,#792,.T.);
#437=ORIENTED_EDGE('',*,*,#797,.T.);
#438=ORIENTED_EDGE('',*,*,#795,.F.);
#439=ORIENTED_EDGE('',*,*,#798,.T.);
#440=ORIENTED_EDGE('',*,*,#786,.T.);
#441=ORIENTED_EDGE('',*,*,#797,.F.);
#442=ORIENTED_EDGE('',*,*,#794,.F.);
#443=ORIENTED_EDGE('',*,*,#799,.T.);
#444=ORIENTED_EDGE('',*,*,#787,.F.);
#445=ORIENTED_EDGE('',*,*,#798,.F.);
#446=ORIENTED_EDGE('',*,*,#793,.F.);
#447=ORIENTED_EDGE('',*,*,#796,.T.);
#448=ORIENTED_EDGE('',*,*,#784,.F.);
#449=ORIENTED_EDGE('',*,*,#799,.F.);
#450=ORIENTED_EDGE('',*,*,#757,.F.);
#451=ORIENTED_EDGE('',*,*,#759,.F.);
#452=ORIENTED_EDGE('',*,*,#746,.F.);
#453=ORIENTED_EDGE('',*,*,#750,.T.);
#454=ORIENTED_EDGE('',*,*,#753,.T.);
#455=ORIENTED_EDGE('',*,*,#755,.F.);
#456=ORIENTED_EDGE('',*,*,#737,.F.);
#457=ORIENTED_EDGE('',*,*,#739,.T.);
#458=ORIENTED_EDGE('',*,*,#742,.T.);
#459=ORIENTED_EDGE('',*,*,#733,.F.);
#460=ORIENTED_EDGE('',*,*,#791,.F.);
#461=ORIENTED_EDGE('',*,*,#789,.F.);
#462=ORIENTED_EDGE('',*,*,#762,.F.);
#463=ORIENTED_EDGE('',*,*,#766,.T.);
#464=ORIENTED_EDGE('',*,*,#769,.F.);
#465=ORIENTED_EDGE('',*,*,#772,.T.);
#466=ORIENTED_EDGE('',*,*,#775,.F.);
#467=ORIENTED_EDGE('',*,*,#778,.T.);
#468=ORIENTED_EDGE('',*,*,#781,.F.);
#469=ORIENTED_EDGE('',*,*,#783,.T.);
#470=ORIENTED_EDGE('',*,*,#744,.T.);
#471=ORIENTED_EDGE('',*,*,#754,.T.);
#472=ORIENTED_EDGE('',*,*,#751,.F.);
#473=ORIENTED_EDGE('',*,*,#748,.F.);
#474=ORIENTED_EDGE('',*,*,#800,.F.);
#475=ORIENTED_EDGE('',*,*,#801,.T.);
#476=ORIENTED_EDGE('',*,*,#802,.T.);
#477=ORIENTED_EDGE('',*,*,#803,.T.);
#478=ORIENTED_EDGE('',*,*,#804,.F.);
#479=ORIENTED_EDGE('',*,*,#805,.T.);
#480=ORIENTED_EDGE('',*,*,#800,.T.);
#481=ORIENTED_EDGE('',*,*,#806,.T.);
#482=ORIENTED_EDGE('',*,*,#807,.F.);
#483=ORIENTED_EDGE('',*,*,#804,.T.);
#484=ORIENTED_EDGE('',*,*,#808,.T.);
#485=ORIENTED_EDGE('',*,*,#809,.F.);
#486=ORIENTED_EDGE('',*,*,#810,.F.);
#487=ORIENTED_EDGE('',*,*,#809,.T.);
#488=ORIENTED_EDGE('',*,*,#811,.F.);
#489=ORIENTED_EDGE('',*,*,#802,.F.);
#490=ORIENTED_EDGE('',*,*,#812,.F.);
#491=ORIENTED_EDGE('',*,*,#813,.F.);
#492=ORIENTED_EDGE('',*,*,#814,.T.);
#493=ORIENTED_EDGE('',*,*,#815,.T.);
#494=ORIENTED_EDGE('',*,*,#813,.T.);
#495=ORIENTED_EDGE('',*,*,#816,.T.);
#496=ORIENTED_EDGE('',*,*,#817,.F.);
#497=ORIENTED_EDGE('',*,*,#818,.F.);
#498=ORIENTED_EDGE('',*,*,#817,.T.);
#499=ORIENTED_EDGE('',*,*,#819,.T.);
#500=ORIENTED_EDGE('',*,*,#820,.F.);
#501=ORIENTED_EDGE('',*,*,#821,.F.);
#502=ORIENTED_EDGE('',*,*,#822,.F.);
#503=ORIENTED_EDGE('',*,*,#815,.F.);
#504=ORIENTED_EDGE('',*,*,#823,.T.);
#505=ORIENTED_EDGE('',*,*,#820,.T.);
#506=ORIENTED_EDGE('',*,*,#824,.T.);
#507=ORIENTED_EDGE('',*,*,#825,.T.);
#508=ORIENTED_EDGE('',*,*,#826,.T.);
#509=ORIENTED_EDGE('',*,*,#827,.T.);
#510=ORIENTED_EDGE('',*,*,#828,.F.);
#511=ORIENTED_EDGE('',*,*,#829,.F.);
#512=ORIENTED_EDGE('',*,*,#830,.T.);
#513=ORIENTED_EDGE('',*,*,#831,.T.);
#514=ORIENTED_EDGE('',*,*,#829,.T.);
#515=ORIENTED_EDGE('',*,*,#832,.T.);
#516=ORIENTED_EDGE('',*,*,#833,.F.);
#517=ORIENTED_EDGE('',*,*,#834,.F.);
#518=ORIENTED_EDGE('',*,*,#835,.F.);
#519=ORIENTED_EDGE('',*,*,#836,.F.);
#520=ORIENTED_EDGE('',*,*,#837,.T.);
#521=ORIENTED_EDGE('',*,*,#833,.T.);
#522=ORIENTED_EDGE('',*,*,#836,.T.);
#523=ORIENTED_EDGE('',*,*,#838,.T.);
#524=ORIENTED_EDGE('',*,*,#839,.F.);
#525=ORIENTED_EDGE('',*,*,#840,.F.);
#526=ORIENTED_EDGE('',*,*,#841,.F.);
#527=ORIENTED_EDGE('',*,*,#842,.F.);
#528=ORIENTED_EDGE('',*,*,#843,.T.);
#529=ORIENTED_EDGE('',*,*,#839,.T.);
#530=ORIENTED_EDGE('',*,*,#842,.T.);
#531=ORIENTED_EDGE('',*,*,#844,.T.);
#532=ORIENTED_EDGE('',*,*,#845,.F.);
#533=ORIENTED_EDGE('',*,*,#846,.F.);
#534=ORIENTED_EDGE('',*,*,#847,.F.);
#535=ORIENTED_EDGE('',*,*,#848,.F.);
#536=ORIENTED_EDGE('',*,*,#849,.T.);
#537=ORIENTED_EDGE('',*,*,#845,.T.);
#538=ORIENTED_EDGE('',*,*,#848,.T.);
#539=ORIENTED_EDGE('',*,*,#850,.T.);
#540=ORIENTED_EDGE('',*,*,#831,.F.);
#541=ORIENTED_EDGE('',*,*,#851,.F.);
#542=ORIENTED_EDGE('',*,*,#852,.T.);
#543=ORIENTED_EDGE('',*,*,#853,.F.);
#544=ORIENTED_EDGE('',*,*,#854,.F.);
#545=ORIENTED_EDGE('',*,*,#855,.T.);
#546=ORIENTED_EDGE('',*,*,#828,.T.);
#547=ORIENTED_EDGE('',*,*,#850,.F.);
#548=ORIENTED_EDGE('',*,*,#847,.T.);
#549=ORIENTED_EDGE('',*,*,#844,.F.);
#550=ORIENTED_EDGE('',*,*,#841,.T.);
#551=ORIENTED_EDGE('',*,*,#838,.F.);
#552=ORIENTED_EDGE('',*,*,#835,.T.);
#553=ORIENTED_EDGE('',*,*,#832,.F.);
#554=ORIENTED_EDGE('',*,*,#856,.F.);
#555=ORIENTED_EDGE('',*,*,#857,.T.);
#556=ORIENTED_EDGE('',*,*,#826,.F.);
#557=ORIENTED_EDGE('',*,*,#856,.T.);
#558=ORIENTED_EDGE('',*,*,#858,.F.);
#559=ORIENTED_EDGE('',*,*,#859,.T.);
#560=ORIENTED_EDGE('',*,*,#824,.F.);
#561=ORIENTED_EDGE('',*,*,#858,.T.);
#562=ORIENTED_EDGE('',*,*,#803,.F.);
#563=ORIENTED_EDGE('',*,*,#811,.T.);
#564=ORIENTED_EDGE('',*,*,#808,.F.);
#565=ORIENTED_EDGE('',*,*,#806,.F.);
#566=ORIENTED_EDGE('',*,*,#860,.F.);
#567=ORIENTED_EDGE('',*,*,#861,.T.);
#568=ORIENTED_EDGE('',*,*,#862,.T.);
#569=ORIENTED_EDGE('',*,*,#863,.T.);
#570=ORIENTED_EDGE('',*,*,#853,.T.);
#571=ORIENTED_EDGE('',*,*,#864,.F.);
#572=ORIENTED_EDGE('',*,*,#860,.T.);
#573=ORIENTED_EDGE('',*,*,#865,.T.);
#574=ORIENTED_EDGE('',*,*,#863,.F.);
#575=ORIENTED_EDGE('',*,*,#866,.T.);
#576=ORIENTED_EDGE('',*,*,#854,.T.);
#577=ORIENTED_EDGE('',*,*,#865,.F.);
#578=ORIENTED_EDGE('',*,*,#862,.F.);
#579=ORIENTED_EDGE('',*,*,#867,.T.);
#580=ORIENTED_EDGE('',*,*,#855,.F.);
#581=ORIENTED_EDGE('',*,*,#866,.F.);
#582=ORIENTED_EDGE('',*,*,#861,.F.);
#583=ORIENTED_EDGE('',*,*,#864,.T.);
#584=ORIENTED_EDGE('',*,*,#852,.F.);
#585=ORIENTED_EDGE('',*,*,#867,.F.);
#586=ORIENTED_EDGE('',*,*,#825,.F.);
#587=ORIENTED_EDGE('',*,*,#827,.F.);
#588=ORIENTED_EDGE('',*,*,#814,.F.);
#589=ORIENTED_EDGE('',*,*,#818,.T.);
#590=ORIENTED_EDGE('',*,*,#821,.T.);
#591=ORIENTED_EDGE('',*,*,#823,.F.);
#592=ORIENTED_EDGE('',*,*,#805,.F.);
#593=ORIENTED_EDGE('',*,*,#807,.T.);
#594=ORIENTED_EDGE('',*,*,#810,.T.);
#595=ORIENTED_EDGE('',*,*,#801,.F.);
#596=ORIENTED_EDGE('',*,*,#859,.F.);
#597=ORIENTED_EDGE('',*,*,#857,.F.);
#598=ORIENTED_EDGE('',*,*,#830,.F.);
#599=ORIENTED_EDGE('',*,*,#834,.T.);
#600=ORIENTED_EDGE('',*,*,#837,.F.);
#601=ORIENTED_EDGE('',*,*,#840,.T.);
#602=ORIENTED_EDGE('',*,*,#843,.F.);
#603=ORIENTED_EDGE('',*,*,#846,.T.);
#604=ORIENTED_EDGE('',*,*,#849,.F.);
#605=ORIENTED_EDGE('',*,*,#851,.T.);
#606=ORIENTED_EDGE('',*,*,#812,.T.);
#607=ORIENTED_EDGE('',*,*,#822,.T.);
#608=ORIENTED_EDGE('',*,*,#819,.F.);
#609=ORIENTED_EDGE('',*,*,#816,.F.);
#610=EDGE_CURVE('',#868,#869,#1050,.T.);
#611=EDGE_CURVE('',#868,#870,#1051,.F.);
#612=EDGE_CURVE('',#870,#871,#1052,.T.);
#613=EDGE_CURVE('',#871,#869,#1053,.T.);
#614=EDGE_CURVE('',#872,#873,#1054,.T.);
#615=EDGE_CURVE('',#873,#874,#1055,.F.);
#616=EDGE_CURVE('',#875,#874,#1056,.T.);
#617=EDGE_CURVE('',#875,#872,#1057,.T.);
#618=EDGE_CURVE('',#876,#877,#1058,.T.);
#619=EDGE_CURVE('',#877,#878,#1059,.F.);
#620=EDGE_CURVE('',#879,#878,#1060,.T.);
#621=EDGE_CURVE('',#879,#876,#1061,.T.);
#622=EDGE_CURVE('',#880,#881,#1062,.T.);
#623=EDGE_CURVE('',#881,#882,#1063,.T.);
#624=EDGE_CURVE('',#883,#882,#1064,.T.);
#625=EDGE_CURVE('',#883,#880,#1065,.F.);
#626=EDGE_CURVE('',#884,#884,#40,.T.);
#627=EDGE_CURVE('',#885,#885,#41,.T.);
#628=EDGE_CURVE('',#886,#886,#42,.T.);
#629=EDGE_CURVE('',#887,#887,#43,.T.);
#630=EDGE_CURVE('',#888,#888,#44,.T.);
#631=EDGE_CURVE('',#889,#889,#45,.T.);
#632=EDGE_CURVE('',#890,#890,#46,.T.);
#633=EDGE_CURVE('',#878,#881,#47,.T.);
#634=EDGE_CURVE('',#880,#871,#48,.T.);
#635=EDGE_CURVE('',#870,#875,#49,.T.);
#636=EDGE_CURVE('',#874,#879,#50,.T.);
#637=EDGE_CURVE('',#891,#892,#1066,.T.);
#638=EDGE_CURVE('',#891,#893,#1067,.T.);
#639=EDGE_CURVE('',#893,#894,#1068,.T.);
#640=EDGE_CURVE('',#892,#894,#1069,.T.);
#641=EDGE_CURVE('',#895,#896,#1070,.T.);
#642=EDGE_CURVE('',#895,#897,#1071,.T.);
#643=EDGE_CURVE('',#897,#898,#1072,.T.);
#644=EDGE_CURVE('',#896,#898,#1073,.T.);
#645=EDGE_CURVE('',#899,#900,#1074,.T.);
#646=EDGE_CURVE('',#899,#901,#1075,.T.);
#647=EDGE_CURVE('',#901,#902,#1076,.T.);
#648=EDGE_CURVE('',#900,#902,#1077,.T.);
#649=EDGE_CURVE('',#903,#904,#1078,.T.);
#650=EDGE_CURVE('',#903,#905,#1079,.T.);
#651=EDGE_CURVE('',#905,#906,#1080,.T.);
#652=EDGE_CURVE('',#904,#906,#1081,.T.);
#653=EDGE_CURVE('',#907,#908,#1082,.T.);
#654=EDGE_CURVE('',#907,#909,#1083,.T.);
#655=EDGE_CURVE('',#909,#910,#1084,.T.);
#656=EDGE_CURVE('',#908,#910,#1085,.T.);
#657=EDGE_CURVE('',#911,#912,#1086,.T.);
#658=EDGE_CURVE('',#911,#913,#1087,.T.);
#659=EDGE_CURVE('',#913,#914,#1088,.T.);
#660=EDGE_CURVE('',#912,#914,#1089,.T.);
#661=EDGE_CURVE('',#915,#916,#1090,.T.);
#662=EDGE_CURVE('',#915,#917,#1091,.T.);
#663=EDGE_CURVE('',#917,#918,#1092,.T.);
#664=EDGE_CURVE('',#916,#918,#1093,.T.);
#665=EDGE_CURVE('',#919,#919,#51,.T.);
#666=EDGE_CURVE('',#920,#920,#52,.T.);
#667=EDGE_CURVE('',#921,#921,#53,.F.);
#668=EDGE_CURVE('',#922,#922,#54,.F.);
#669=EDGE_CURVE('',#923,#923,#55,.F.);
#670=EDGE_CURVE('',#924,#924,#56,.F.);
#671=EDGE_CURVE('',#925,#925,#57,.F.);
#672=EDGE_CURVE('',#882,#877,#58,.F.);
#673=EDGE_CURVE('',#876,#873,#59,.F.);
#674=EDGE_CURVE('',#872,#868,#60,.F.);
#675=EDGE_CURVE('',#869,#883,#61,.F.);
#676=EDGE_CURVE('',#926,#915,#1094,.T.);
#677=EDGE_CURVE('',#926,#927,#1095,.T.);
#678=EDGE_CURVE('',#927,#917,#1096,.T.);
#679=EDGE_CURVE('',#928,#916,#1097,.T.);
#680=EDGE_CURVE('',#926,#928,#1098,.T.);
#681=EDGE_CURVE('',#929,#918,#1099,.T.);
#682=EDGE_CURVE('',#928,#929,#1100,.T.);
#683=EDGE_CURVE('',#927,#929,#1101,.T.);
#684=EDGE_CURVE('',#930,#911,#1102,.T.);
#685=EDGE_CURVE('',#930,#931,#1103,.T.);
#686=EDGE_CURVE('',#931,#913,#1104,.T.);
#687=EDGE_CURVE('',#932,#912,#1105,.T.);
#688=EDGE_CURVE('',#930,#932,#1106,.T.);
#689=EDGE_CURVE('',#933,#914,#1107,.T.);
#690=EDGE_CURVE('',#932,#933,#1108,.T.);
#691=EDGE_CURVE('',#931,#933,#1109,.T.);
#692=EDGE_CURVE('',#934,#907,#1110,.T.);
#693=EDGE_CURVE('',#934,#935,#1111,.T.);
#694=EDGE_CURVE('',#935,#909,#1112,.T.);
#695=EDGE_CURVE('',#936,#908,#1113,.T.);
#696=EDGE_CURVE('',#934,#936,#1114,.T.);
#697=EDGE_CURVE('',#937,#910,#1115,.T.);
#698=EDGE_CURVE('',#936,#937,#1116,.T.);
#699=EDGE_CURVE('',#935,#937,#1117,.T.);
#700=EDGE_CURVE('',#938,#903,#1118,.T.);
#701=EDGE_CURVE('',#938,#939,#1119,.T.);
#702=EDGE_CURVE('',#939,#905,#1120,.T.);
#703=EDGE_CURVE('',#940,#904,#1121,.T.);
#704=EDGE_CURVE('',#938,#940,#1122,.T.);
#705=EDGE_CURVE('',#941,#906,#1123,.T.);
#706=EDGE_CURVE('',#940,#941,#1124,.T.);
#707=EDGE_CURVE('',#939,#941,#1125,.T.);
#708=EDGE_CURVE('',#942,#899,#1126,.T.);
#709=EDGE_CURVE('',#942,#943,#1127,.T.);
#710=EDGE_CURVE('',#943,#901,#1128,.T.);
#711=EDGE_CURVE('',#944,#900,#1129,.T.);
#712=EDGE_CURVE('',#942,#944,#1130,.T.);
#713=EDGE_CURVE('',#945,#902,#1131,.T.);
#714=EDGE_CURVE('',#944,#945,#1132,.T.);
#715=EDGE_CURVE('',#943,#945,#1133,.T.);
#716=EDGE_CURVE('',#946,#895,#1134,.T.);
#717=EDGE_CURVE('',#946,#947,#1135,.T.);
#718=EDGE_CURVE('',#947,#897,#1136,.T.);
#719=EDGE_CURVE('',#948,#896,#1137,.T.);
#720=EDGE_CURVE('',#946,#948,#1138,.T.);
#721=EDGE_CURVE('',#949,#898,#1139,.T.);
#722=EDGE_CURVE('',#948,#949,#1140,.T.);
#723=EDGE_CURVE('',#947,#949,#1141,.T.);
#724=EDGE_CURVE('',#950,#891,#1142,.T.);
#725=EDGE_CURVE('',#950,#951,#1143,.T.);
#726=EDGE_CURVE('',#951,#893,#1144,.T.);
#727=EDGE_CURVE('',#952,#892,#1145,.T.);
#728=EDGE_CURVE('',#950,#952,#1146,.T.);
#729=EDGE_CURVE('',#953,#894,#1147,.T.);
#730=EDGE_CURVE('',#952,#953,#1148,.T.);
#731=EDGE_CURVE('',#951,#953,#1149,.T.);
#732=EDGE_CURVE('',#954,#955,#1150,.T.);
#733=EDGE_CURVE('',#954,#956,#1151,.T.);
#734=EDGE_CURVE('',#956,#957,#1152,.T.);
#735=EDGE_CURVE('',#957,#955,#1153,.T.);
#736=EDGE_CURVE('',#958,#959,#1154,.T.);
#737=EDGE_CURVE('',#958,#954,#1155,.T.);
#738=EDGE_CURVE('',#955,#959,#1156,.T.);
#739=EDGE_CURVE('',#958,#960,#1157,.T.);
#740=EDGE_CURVE('',#959,#961,#1158,.T.);
#741=EDGE_CURVE('',#960,#961,#1159,.T.);
#742=EDGE_CURVE('',#960,#956,#1160,.T.);
#743=EDGE_CURVE('',#957,#961,#1161,.T.);
#744=EDGE_CURVE('',#962,#963,#1162,.T.);
#745=EDGE_CURVE('',#964,#962,#1163,.T.);
#746=EDGE_CURVE('',#964,#965,#1164,.T.);
#747=EDGE_CURVE('',#965,#963,#1165,.T.);
#748=EDGE_CURVE('',#962,#966,#1166,.T.);
#749=EDGE_CURVE('',#967,#966,#1167,.T.);
#750=EDGE_CURVE('',#964,#967,#1168,.T.);
#751=EDGE_CURVE('',#966,#968,#1169,.T.);
#752=EDGE_CURVE('',#969,#968,#1170,.T.);
#753=EDGE_CURVE('',#967,#969,#1171,.T.);
#754=EDGE_CURVE('',#963,#968,#1172,.T.);
#755=EDGE_CURVE('',#965,#969,#1173,.T.);
#756=EDGE_CURVE('',#970,#970,#62,.T.);
#757=EDGE_CURVE('',#971,#971,#63,.T.);
#758=EDGE_CURVE('',#972,#972,#64,.T.);
#759=EDGE_CURVE('',#973,#973,#65,.T.);
#760=EDGE_CURVE('',#974,#975,#66,.T.);
#761=EDGE_CURVE('',#976,#974,#1174,.T.);
#762=EDGE_CURVE('',#976,#977,#67,.T.);
#763=EDGE_CURVE('',#977,#975,#1175,.T.);
#764=EDGE_CURVE('',#974,#978,#1176,.T.);
#765=EDGE_CURVE('',#979,#978,#1177,.T.);
#766=EDGE_CURVE('',#976,#979,#1178,.T.);
#767=EDGE_CURVE('',#980,#978,#68,.T.);
#768=EDGE_CURVE('',#981,#980,#1179,.T.);
#769=EDGE_CURVE('',#981,#979,#69,.T.);
#770=EDGE_CURVE('',#980,#982,#1180,.T.);
#771=EDGE_CURVE('',#983,#982,#1181,.T.);
#772=EDGE_CURVE('',#981,#983,#1182,.T.);
#773=EDGE_CURVE('',#984,#982,#70,.T.);
#774=EDGE_CURVE('',#985,#984,#1183,.T.);
#775=EDGE_CURVE('',#985,#983,#71,.T.);
#776=EDGE_CURVE('',#984,#986,#1184,.T.);
#777=EDGE_CURVE('',#987,#986,#1185,.T.);
#778=EDGE_CURVE('',#985,#987,#1186,.T.);
#779=EDGE_CURVE('',#988,#986,#72,.T.);
#780=EDGE_CURVE('',#989,#988,#1187,.T.);
#781=EDGE_CURVE('',#989,#987,#73,.T.);
#782=EDGE_CURVE('',#988,#975,#1188,.T.);
#783=EDGE_CURVE('',#989,#977,#1189,.T.);
#784=EDGE_CURVE('',#990,#991,#1190,.T.);
#785=EDGE_CURVE('',#992,#991,#1191,.T.);
#786=EDGE_CURVE('',#993,#992,#1192,.T.);
#787=EDGE_CURVE('',#993,#990,#1193,.T.);
#788=EDGE_CURVE('',#994,#994,#74,.T.);
#789=EDGE_CURVE('',#995,#995,#75,.F.);
#790=EDGE_CURVE('',#996,#996,#76,.T.);
#791=EDGE_CURVE('',#997,#997,#77,.F.);
#792=EDGE_CURVE('',#998,#999,#1194,.T.);
#793=EDGE_CURVE('',#998,#1000,#1195,.T.);
#794=EDGE_CURVE('',#1000,#1001,#1196,.T.);
#795=EDGE_CURVE('',#1001,#999,#1197,.T.);
#796=EDGE_CURVE('',#998,#991,#1198,.T.);
#797=EDGE_CURVE('',#999,#992,#1199,.T.);
#798=EDGE_CURVE('',#1001,#993,#1200,.T.);
#799=EDGE_CURVE('',#1000,#990,#1201,.T.);
#800=EDGE_CURVE('',#1002,#1003,#1202,.T.);
#801=EDGE_CURVE('',#1002,#1004,#1203,.T.);
#802=EDGE_CURVE('',#1004,#1005,#1204,.T.);
#803=EDGE_CURVE('',#1005,#1003,#1205,.T.);
#804=EDGE_CURVE('',#1006,#1007,#1206,.T.);
#805=EDGE_CURVE('',#1006,#1002,#1207,.T.);
#806=EDGE_CURVE('',#1003,#1007,#1208,.T.);
#807=EDGE_CURVE('',#1006,#1008,#1209,.T.);
#808=EDGE_CURVE('',#1007,#1009,#1210,.T.);
#809=EDGE_CURVE('',#1008,#1009,#1211,.T.);
#810=EDGE_CURVE('',#1008,#1004,#1212,.T.);
#811=EDGE_CURVE('',#1005,#1009,#1213,.T.);
#812=EDGE_CURVE('',#1010,#1011,#1214,.T.);
#813=EDGE_CURVE('',#1012,#1010,#1215,.T.);
#814=EDGE_CURVE('',#1012,#1013,#1216,.T.);
#815=EDGE_CURVE('',#1013,#1011,#1217,.T.);
#816=EDGE_CURVE('',#1010,#1014,#1218,.T.);
#817=EDGE_CURVE('',#1015,#1014,#1219,.T.);
#818=EDGE_CURVE('',#1012,#1015,#1220,.T.);
#819=EDGE_CURVE('',#1014,#1016,#1221,.T.);
#820=EDGE_CURVE('',#1017,#1016,#1222,.T.);
#821=EDGE_CURVE('',#1015,#1017,#1223,.T.);
#822=EDGE_CURVE('',#1011,#1016,#1224,.T.);
#823=EDGE_CURVE('',#1013,#1017,#1225,.T.);
#824=EDGE_CURVE('',#1018,#1018,#78,.T.);
#825=EDGE_CURVE('',#1019,#1019,#79,.T.);
#826=EDGE_CURVE('',#1020,#1020,#80,.T.);
#827=EDGE_CURVE('',#1021,#1021,#81,.T.);
#828=EDGE_CURVE('',#1022,#1023,#82,.T.);
#829=EDGE_CURVE('',#1024,#1022,#1226,.T.);
#830=EDGE_CURVE('',#1024,#1025,#83,.T.);
#831=EDGE_CURVE('',#1025,#1023,#1227,.T.);
#832=EDGE_CURVE('',#1022,#1026,#1228,.T.);
#833=EDGE_CURVE('',#1027,#1026,#1229,.T.);
#834=EDGE_CURVE('',#1024,#1027,#1230,.T.);
#835=EDGE_CURVE('',#1028,#1026,#84,.T.);
#836=EDGE_CURVE('',#1029,#1028,#1231,.T.);
#837=EDGE_CURVE('',#1029,#1027,#85,.T.);
#838=EDGE_CURVE('',#1028,#1030,#1232,.T.);
#839=EDGE_CURVE('',#1031,#1030,#1233,.T.);
#840=EDGE_CURVE('',#1029,#1031,#1234,.T.);
#841=EDGE_CURVE('',#1032,#1030,#86,.T.);
#842=EDGE_CURVE('',#1033,#1032,#1235,.T.);
#843=EDGE_CURVE('',#1033,#1031,#87,.T.);
#844=EDGE_CURVE('',#1032,#1034,#1236,.T.);
#845=EDGE_CURVE('',#1035,#1034,#1237,.T.);
#846=EDGE_CURVE('',#1033,#1035,#1238,.T.);
#847=EDGE_CURVE('',#1036,#1034,#88,.T.);
#848=EDGE_CURVE('',#1037,#1036,#1239,.T.);
#849=EDGE_CURVE('',#1037,#1035,#89,.T.);
#850=EDGE_CURVE('',#1036,#1023,#1240,.T.);
#851=EDGE_CURVE('',#1037,#1025,#1241,.T.);
#852=EDGE_CURVE('',#1038,#1039,#1242,.T.);
#853=EDGE_CURVE('',#1040,#1039,#1243,.T.);
#854=EDGE_CURVE('',#1041,#1040,#1244,.T.);
#855=EDGE_CURVE('',#1041,#1038,#1245,.T.);
#856=EDGE_CURVE('',#1042,#1042,#90,.T.);
#857=EDGE_CURVE('',#1043,#1043,#91,.F.);
#858=EDGE_CURVE('',#1044,#1044,#92,.T.);
#859=EDGE_CURVE('',#1045,#1045,#93,.F.);
#860=EDGE_CURVE('',#1046,#1047,#1246,.T.);
#861=EDGE_CURVE('',#1046,#1048,#1247,.T.);
#862=EDGE_CURVE('',#1048,#1049,#1248,.T.);
#863=EDGE_CURVE('',#1049,#1047,#1249,.T.);
#864=EDGE_CURVE('',#1046,#1039,#1250,.T.);
#865=EDGE_CURVE('',#1047,#1040,#1251,.T.);
#866=EDGE_CURVE('',#1049,#1041,#1252,.T.);
#867=EDGE_CURVE('',#1048,#1038,#1253,.T.);
#868=VERTEX_POINT('',#2819);
#869=VERTEX_POINT('',#2820);
#870=VERTEX_POINT('',#2822);
#871=VERTEX_POINT('',#2824);
#872=VERTEX_POINT('',#2828);
#873=VERTEX_POINT('',#2829);
#874=VERTEX_POINT('',#2831);
#875=VERTEX_POINT('',#2833);
#876=VERTEX_POINT('',#2837);
#877=VERTEX_POINT('',#2838);
#878=VERTEX_POINT('',#2840);
#879=VERTEX_POINT('',#2842);
#880=VERTEX_POINT('',#2846);
#881=VERTEX_POINT('',#2847);
#882=VERTEX_POINT('',#2849);
#883=VERTEX_POINT('',#2851);
#884=VERTEX_POINT('',#2855);
#885=VERTEX_POINT('',#2857);
#886=VERTEX_POINT('',#2859);
#887=VERTEX_POINT('',#2861);
#888=VERTEX_POINT('',#2863);
#889=VERTEX_POINT('',#2865);
#890=VERTEX_POINT('',#2867);
#891=VERTEX_POINT('',#2874);
#892=VERTEX_POINT('',#2875);
#893=VERTEX_POINT('',#2877);
#894=VERTEX_POINT('',#2879);
#895=VERTEX_POINT('',#2882);
#896=VERTEX_POINT('',#2883);
#897=VERTEX_POINT('',#2885);
#898=VERTEX_POINT('',#2887);
#899=VERTEX_POINT('',#2890);
#900=VERTEX_POINT('',#2891);
#901=VERTEX_POINT('',#2893);
#902=VERTEX_POINT('',#2895);
#903=VERTEX_POINT('',#2898);
#904=VERTEX_POINT('',#2899);
#905=VERTEX_POINT('',#2901);
#906=VERTEX_POINT('',#2903);
#907=VERTEX_POINT('',#2906);
#908=VERTEX_POINT('',#2907);
#909=VERTEX_POINT('',#2909);
#910=VERTEX_POINT('',#2911);
#911=VERTEX_POINT('',#2914);
#912=VERTEX_POINT('',#2915);
#913=VERTEX_POINT('',#2917);
#914=VERTEX_POINT('',#2919);
#915=VERTEX_POINT('',#2922);
#916=VERTEX_POINT('',#2923);
#917=VERTEX_POINT('',#2925);
#918=VERTEX_POINT('',#2927);
#919=VERTEX_POINT('',#2930);
#920=VERTEX_POINT('',#2932);
#921=VERTEX_POINT('',#2934);
#922=VERTEX_POINT('',#2936);
#923=VERTEX_POINT('',#2938);
#924=VERTEX_POINT('',#2940);
#925=VERTEX_POINT('',#2942);
#926=VERTEX_POINT('',#2960);
#927=VERTEX_POINT('',#2962);
#928=VERTEX_POINT('',#2966);
#929=VERTEX_POINT('',#2970);
#930=VERTEX_POINT('',#2977);
#931=VERTEX_POINT('',#2979);
#932=VERTEX_POINT('',#2983);
#933=VERTEX_POINT('',#2987);
#934=VERTEX_POINT('',#2994);
#935=VERTEX_POINT('',#2996);
#936=VERTEX_POINT('',#3000);
#937=VERTEX_POINT('',#3004);
#938=VERTEX_POINT('',#3011);
#939=VERTEX_POINT('',#3013);
#940=VERTEX_POINT('',#3017);
#941=VERTEX_POINT('',#3021);
#942=VERTEX_POINT('',#3028);
#943=VERTEX_POINT('',#3030);
#944=VERTEX_POINT('',#3034);
#945=VERTEX_POINT('',#3038);
#946=VERTEX_POINT('',#3045);
#947=VERTEX_POINT('',#3047);
#948=VERTEX_POINT('',#3051);
#949=VERTEX_POINT('',#3055);
#950=VERTEX_POINT('',#3062);
#951=VERTEX_POINT('',#3064);
#952=VERTEX_POINT('',#3068);
#953=VERTEX_POINT('',#3072);
#954=VERTEX_POINT('',#3080);
#955=VERTEX_POINT('',#3081);
#956=VERTEX_POINT('',#3083);
#957=VERTEX_POINT('',#3085);
#958=VERTEX_POINT('',#3089);
#959=VERTEX_POINT('',#3090);
#960=VERTEX_POINT('',#3095);
#961=VERTEX_POINT('',#3097);
#962=VERTEX_POINT('',#3104);
#963=VERTEX_POINT('',#3105);
#964=VERTEX_POINT('',#3107);
#965=VERTEX_POINT('',#3109);
#966=VERTEX_POINT('',#3113);
#967=VERTEX_POINT('',#3115);
#968=VERTEX_POINT('',#3119);
#969=VERTEX_POINT('',#3121);
#970=VERTEX_POINT('',#3128);
#971=VERTEX_POINT('',#3130);
#972=VERTEX_POINT('',#3133);
#973=VERTEX_POINT('',#3135);
#974=VERTEX_POINT('',#3138);
#975=VERTEX_POINT('',#3139);
#976=VERTEX_POINT('',#3141);
#977=VERTEX_POINT('',#3143);
#978=VERTEX_POINT('',#3147);
#979=VERTEX_POINT('',#3149);
#980=VERTEX_POINT('',#3153);
#981=VERTEX_POINT('',#3155);
#982=VERTEX_POINT('',#3159);
#983=VERTEX_POINT('',#3161);
#984=VERTEX_POINT('',#3165);
#985=VERTEX_POINT('',#3167);
#986=VERTEX_POINT('',#3171);
#987=VERTEX_POINT('',#3173);
#988=VERTEX_POINT('',#3177);
#989=VERTEX_POINT('',#3179);
#990=VERTEX_POINT('',#3186);
#991=VERTEX_POINT('',#3187);
#992=VERTEX_POINT('',#3189);
#993=VERTEX_POINT('',#3191);
#994=VERTEX_POINT('',#3195);
#995=VERTEX_POINT('',#3197);
#996=VERTEX_POINT('',#3201);
#997=VERTEX_POINT('',#3203);
#998=VERTEX_POINT('',#3207);
#999=VERTEX_POINT('',#3208);
#1000=VERTEX_POINT('',#3210);
#1001=VERTEX_POINT('',#3212);
#1002=VERTEX_POINT('',#3227);
#1003=VERTEX_POINT('',#3228);
#1004=VERTEX_POINT('',#3230);
#1005=VERTEX_POINT('',#3232);
#1006=VERTEX_POINT('',#3236);
#1007=VERTEX_POINT('',#3237);
#1008=VERTEX_POINT('',#3242);
#1009=VERTEX_POINT('',#3244);
#1010=VERTEX_POINT('',#3251);
#1011=VERTEX_POINT('',#3252);
#1012=VERTEX_POINT('',#3254);
#1013=VERTEX_POINT('',#3256);
#1014=VERTEX_POINT('',#3260);
#1015=VERTEX_POINT('',#3262);
#1016=VERTEX_POINT('',#3266);
#1017=VERTEX_POINT('',#3268);
#1018=VERTEX_POINT('',#3275);
#1019=VERTEX_POINT('',#3277);
#1020=VERTEX_POINT('',#3280);
#1021=VERTEX_POINT('',#3282);
#1022=VERTEX_POINT('',#3285);
#1023=VERTEX_POINT('',#3286);
#1024=VERTEX_POINT('',#3288);
#1025=VERTEX_POINT('',#3290);
#1026=VERTEX_POINT('',#3294);
#1027=VERTEX_POINT('',#3296);
#1028=VERTEX_POINT('',#3300);
#1029=VERTEX_POINT('',#3302);
#1030=VERTEX_POINT('',#3306);
#1031=VERTEX_POINT('',#3308);
#1032=VERTEX_POINT('',#3312);
#1033=VERTEX_POINT('',#3314);
#1034=VERTEX_POINT('',#3318);
#1035=VERTEX_POINT('',#3320);
#1036=VERTEX_POINT('',#3324);
#1037=VERTEX_POINT('',#3326);
#1038=VERTEX_POINT('',#3333);
#1039=VERTEX_POINT('',#3334);
#1040=VERTEX_POINT('',#3336);
#1041=VERTEX_POINT('',#3338);
#1042=VERTEX_POINT('',#3342);
#1043=VERTEX_POINT('',#3344);
#1044=VERTEX_POINT('',#3348);
#1045=VERTEX_POINT('',#3350);
#1046=VERTEX_POINT('',#3354);
#1047=VERTEX_POINT('',#3355);
#1048=VERTEX_POINT('',#3357);
#1049=VERTEX_POINT('',#3359);
#1050=LINE('',#2818,#1254);
#1051=LINE('',#2821,#1255);
#1052=LINE('',#2823,#1256);
#1053=LINE('',#2825,#1257);
#1054=LINE('',#2827,#1258);
#1055=LINE('',#2830,#1259);
#1056=LINE('',#2832,#1260);
#1057=LINE('',#2834,#1261);
#1058=LINE('',#2836,#1262);
#1059=LINE('',#2839,#1263);
#1060=LINE('',#2841,#1264);
#1061=LINE('',#2843,#1265);
#1062=LINE('',#2845,#1266);
#1063=LINE('',#2848,#1267);
#1064=LINE('',#2850,#1268);
#1065=LINE('',#2852,#1269);
#1066=LINE('',#2873,#1270);
#1067=LINE('',#2876,#1271);
#1068=LINE('',#2878,#1272);
#1069=LINE('',#2880,#1273);
#1070=LINE('',#2881,#1274);
#1071=LINE('',#2884,#1275);
#1072=LINE('',#2886,#1276);
#1073=LINE('',#2888,#1277);
#1074=LINE('',#2889,#1278);
#1075=LINE('',#2892,#1279);
#1076=LINE('',#2894,#1280);
#1077=LINE('',#2896,#1281);
#1078=LINE('',#2897,#1282);
#1079=LINE('',#2900,#1283);
#1080=LINE('',#2902,#1284);
#1081=LINE('',#2904,#1285);
#1082=LINE('',#2905,#1286);
#1083=LINE('',#2908,#1287);
#1084=LINE('',#2910,#1288);
#1085=LINE('',#2912,#1289);
#1086=LINE('',#2913,#1290);
#1087=LINE('',#2916,#1291);
#1088=LINE('',#2918,#1292);
#1089=LINE('',#2920,#1293);
#1090=LINE('',#2921,#1294);
#1091=LINE('',#2924,#1295);
#1092=LINE('',#2926,#1296);
#1093=LINE('',#2928,#1297);
#1094=LINE('',#2959,#1298);
#1095=LINE('',#2961,#1299);
#1096=LINE('',#2963,#1300);
#1097=LINE('',#2965,#1301);
#1098=LINE('',#2967,#1302);
#1099=LINE('',#2969,#1303);
#1100=LINE('',#2971,#1304);
#1101=LINE('',#2973,#1305);
#1102=LINE('',#2976,#1306);
#1103=LINE('',#2978,#1307);
#1104=LINE('',#2980,#1308);
#1105=LINE('',#2982,#1309);
#1106=LINE('',#2984,#1310);
#1107=LINE('',#2986,#1311);
#1108=LINE('',#2988,#1312);
#1109=LINE('',#2990,#1313);
#1110=LINE('',#2993,#1314);
#1111=LINE('',#2995,#1315);
#1112=LINE('',#2997,#1316);
#1113=LINE('',#2999,#1317);
#1114=LINE('',#3001,#1318);
#1115=LINE('',#3003,#1319);
#1116=LINE('',#3005,#1320);
#1117=LINE('',#3007,#1321);
#1118=LINE('',#3010,#1322);
#1119=LINE('',#3012,#1323);
#1120=LINE('',#3014,#1324);
#1121=LINE('',#3016,#1325);
#1122=LINE('',#3018,#1326);
#1123=LINE('',#3020,#1327);
#1124=LINE('',#3022,#1328);
#1125=LINE('',#3024,#1329);
#1126=LINE('',#3027,#1330);
#1127=LINE('',#3029,#1331);
#1128=LINE('',#3031,#1332);
#1129=LINE('',#3033,#1333);
#1130=LINE('',#3035,#1334);
#1131=LINE('',#3037,#1335);
#1132=LINE('',#3039,#1336);
#1133=LINE('',#3041,#1337);
#1134=LINE('',#3044,#1338);
#1135=LINE('',#3046,#1339);
#1136=LINE('',#3048,#1340);
#1137=LINE('',#3050,#1341);
#1138=LINE('',#3052,#1342);
#1139=LINE('',#3054,#1343);
#1140=LINE('',#3056,#1344);
#1141=LINE('',#3058,#1345);
#1142=LINE('',#3061,#1346);
#1143=LINE('',#3063,#1347);
#1144=LINE('',#3065,#1348);
#1145=LINE('',#3067,#1349);
#1146=LINE('',#3069,#1350);
#1147=LINE('',#3071,#1351);
#1148=LINE('',#3073,#1352);
#1149=LINE('',#3075,#1353);
#1150=LINE('',#3079,#1354);
#1151=LINE('',#3082,#1355);
#1152=LINE('',#3084,#1356);
#1153=LINE('',#3086,#1357);
#1154=LINE('',#3088,#1358);
#1155=LINE('',#3091,#1359);
#1156=LINE('',#3092,#1360);
#1157=LINE('',#3094,#1361);
#1158=LINE('',#3096,#1362);
#1159=LINE('',#3098,#1363);
#1160=LINE('',#3100,#1364);
#1161=LINE('',#3101,#1365);
#1162=LINE('',#3103,#1366);
#1163=LINE('',#3106,#1367);
#1164=LINE('',#3108,#1368);
#1165=LINE('',#3110,#1369);
#1166=LINE('',#3112,#1370);
#1167=LINE('',#3114,#1371);
#1168=LINE('',#3116,#1372);
#1169=LINE('',#3118,#1373);
#1170=LINE('',#3120,#1374);
#1171=LINE('',#3122,#1375);
#1172=LINE('',#3124,#1376);
#1173=LINE('',#3125,#1377);
#1174=LINE('',#3140,#1378);
#1175=LINE('',#3144,#1379);
#1176=LINE('',#3146,#1380);
#1177=LINE('',#3148,#1381);
#1178=LINE('',#3150,#1382);
#1179=LINE('',#3154,#1383);
#1180=LINE('',#3158,#1384);
#1181=LINE('',#3160,#1385);
#1182=LINE('',#3162,#1386);
#1183=LINE('',#3166,#1387);
#1184=LINE('',#3170,#1388);
#1185=LINE('',#3172,#1389);
#1186=LINE('',#3174,#1390);
#1187=LINE('',#3178,#1391);
#1188=LINE('',#3182,#1392);
#1189=LINE('',#3183,#1393);
#1190=LINE('',#3185,#1394);
#1191=LINE('',#3188,#1395);
#1192=LINE('',#3190,#1396);
#1193=LINE('',#3192,#1397);
#1194=LINE('',#3206,#1398);
#1195=LINE('',#3209,#1399);
#1196=LINE('',#3211,#1400);
#1197=LINE('',#3213,#1401);
#1198=LINE('',#3215,#1402);
#1199=LINE('',#3216,#1403);
#1200=LINE('',#3218,#1404);
#1201=LINE('',#3220,#1405);
#1202=LINE('',#3226,#1406);
#1203=LINE('',#3229,#1407);
#1204=LINE('',#3231,#1408);
#1205=LINE('',#3233,#1409);
#1206=LINE('',#3235,#1410);
#1207=LINE('',#3238,#1411);
#1208=LINE('',#3239,#1412);
#1209=LINE('',#3241,#1413);
#1210=LINE('',#3243,#1414);
#1211=LINE('',#3245,#1415);
#1212=LINE('',#3247,#1416);
#1213=LINE('',#3248,#1417);
#1214=LINE('',#3250,#1418);
#1215=LINE('',#3253,#1419);
#1216=LINE('',#3255,#1420);
#1217=LINE('',#3257,#1421);
#1218=LINE('',#3259,#1422);
#1219=LINE('',#3261,#1423);
#1220=LINE('',#3263,#1424);
#1221=LINE('',#3265,#1425);
#1222=LINE('',#3267,#1426);
#1223=LINE('',#3269,#1427);
#1224=LINE('',#3271,#1428);
#1225=LINE('',#3272,#1429);
#1226=LINE('',#3287,#1430);
#1227=LINE('',#3291,#1431);
#1228=LINE('',#3293,#1432);
#1229=LINE('',#3295,#1433);
#1230=LINE('',#3297,#1434);
#1231=LINE('',#3301,#1435);
#1232=LINE('',#3305,#1436);
#1233=LINE('',#3307,#1437);
#1234=LINE('',#3309,#1438);
#1235=LINE('',#3313,#1439);
#1236=LINE('',#3317,#1440);
#1237=LINE('',#3319,#1441);
#1238=LINE('',#3321,#1442);
#1239=LINE('',#3325,#1443);
#1240=LINE('',#3329,#1444);
#1241=LINE('',#3330,#1445);
#1242=LINE('',#3332,#1446);
#1243=LINE('',#3335,#1447);
#1244=LINE('',#3337,#1448);
#1245=LINE('',#3339,#1449);
#1246=LINE('',#3353,#1450);
#1247=LINE('',#3356,#1451);
#1248=LINE('',#3358,#1452);
#1249=LINE('',#3360,#1453);
#1250=LINE('',#3362,#1454);
#1251=LINE('',#3363,#1455);
#1252=LINE('',#3365,#1456);
#1253=LINE('',#3367,#1457);
#1254=VECTOR('',#2271,100.);
#1255=VECTOR('',#2272,100.);
#1256=VECTOR('',#2273,100.);
#1257=VECTOR('',#2274,100.);
#1258=VECTOR('',#2277,100.);
#1259=VECTOR('',#2278,100.);
#1260=VECTOR('',#2279,100.);
#1261=VECTOR('',#2280,100.);
#1262=VECTOR('',#2283,100.);
#1263=VECTOR('',#2284,100.);
#1264=VECTOR('',#2285,100.);
#1265=VECTOR('',#2286,100.);
#1266=VECTOR('',#2289,100.);
#1267=VECTOR('',#2290,100.);
#1268=VECTOR('',#2291,100.);
#1269=VECTOR('',#2292,100.);
#1270=VECTOR('',#2319,100.);
#1271=VECTOR('',#2320,100.);
#1272=VECTOR('',#2321,100.);
#1273=VECTOR('',#2322,100.);
#1274=VECTOR('',#2323,100.);
#1275=VECTOR('',#2324,100.);
#1276=VECTOR('',#2325,100.);
#1277=VECTOR('',#2326,100.);
#1278=VECTOR('',#2327,100.);
#1279=VECTOR('',#2328,100.);
#1280=VECTOR('',#2329,100.);
#1281=VECTOR('',#2330,100.);
#1282=VECTOR('',#2331,100.);
#1283=VECTOR('',#2332,100.);
#1284=VECTOR('',#2333,100.);
#1285=VECTOR('',#2334,100.);
#1286=VECTOR('',#2335,100.);
#1287=VECTOR('',#2336,100.);
#1288=VECTOR('',#2337,100.);
#1289=VECTOR('',#2338,100.);
#1290=VECTOR('',#2339,100.);
#1291=VECTOR('',#2340,100.);
#1292=VECTOR('',#2341,100.);
#1293=VECTOR('',#2342,100.);
#1294=VECTOR('',#2343,100.);
#1295=VECTOR('',#2344,100.);
#1296=VECTOR('',#2345,100.);
#1297=VECTOR('',#2346,100.);
#1298=VECTOR('',#2393,100.);
#1299=VECTOR('',#2394,100.);
#1300=VECTOR('',#2395,100.);
#1301=VECTOR('',#2398,100.);
#1302=VECTOR('',#2399,100.);
#1303=VECTOR('',#2402,100.);
#1304=VECTOR('',#2403,100.);
#1305=VECTOR('',#2406,100.);
#1306=VECTOR('',#2411,100.);
#1307=VECTOR('',#2412,100.);
#1308=VECTOR('',#2413,100.);
#1309=VECTOR('',#2416,100.);
#1310=VECTOR('',#2417,100.);
#1311=VECTOR('',#2420,100.);
#1312=VECTOR('',#2421,100.);
#1313=VECTOR('',#2424,100.);
#1314=VECTOR('',#2429,100.);
#1315=VECTOR('',#2430,100.);
#1316=VECTOR('',#2431,100.);
#1317=VECTOR('',#2434,100.);
#1318=VECTOR('',#2435,100.);
#1319=VECTOR('',#2438,100.);
#1320=VECTOR('',#2439,100.);
#1321=VECTOR('',#2442,100.);
#1322=VECTOR('',#2447,100.);
#1323=VECTOR('',#2448,100.);
#1324=VECTOR('',#2449,100.);
#1325=VECTOR('',#2452,100.);
#1326=VECTOR('',#2453,100.);
#1327=VECTOR('',#2456,100.);
#1328=VECTOR('',#2457,100.);
#1329=VECTOR('',#2460,100.);
#1330=VECTOR('',#2465,100.);
#1331=VECTOR('',#2466,100.);
#1332=VECTOR('',#2467,100.);
#1333=VECTOR('',#2470,100.);
#1334=VECTOR('',#2471,100.);
#1335=VECTOR('',#2474,100.);
#1336=VECTOR('',#2475,100.);
#1337=VECTOR('',#2478,100.);
#1338=VECTOR('',#2483,100.);
#1339=VECTOR('',#2484,100.);
#1340=VECTOR('',#2485,100.);
#1341=VECTOR('',#2488,100.);
#1342=VECTOR('',#2489,100.);
#1343=VECTOR('',#2492,100.);
#1344=VECTOR('',#2493,100.);
#1345=VECTOR('',#2496,100.);
#1346=VECTOR('',#2501,100.);
#1347=VECTOR('',#2502,100.);
#1348=VECTOR('',#2503,100.);
#1349=VECTOR('',#2506,100.);
#1350=VECTOR('',#2507,100.);
#1351=VECTOR('',#2510,100.);
#1352=VECTOR('',#2511,100.);
#1353=VECTOR('',#2514,100.);
#1354=VECTOR('',#2521,100.);
#1355=VECTOR('',#2522,100.);
#1356=VECTOR('',#2523,100.);
#1357=VECTOR('',#2524,100.);
#1358=VECTOR('',#2527,100.);
#1359=VECTOR('',#2528,100.);
#1360=VECTOR('',#2529,100.);
#1361=VECTOR('',#2532,100.);
#1362=VECTOR('',#2533,100.);
#1363=VECTOR('',#2534,100.);
#1364=VECTOR('',#2537,100.);
#1365=VECTOR('',#2538,100.);
#1366=VECTOR('',#2541,100.);
#1367=VECTOR('',#2542,100.);
#1368=VECTOR('',#2543,100.);
#1369=VECTOR('',#2544,100.);
#1370=VECTOR('',#2547,100.);
#1371=VECTOR('',#2548,100.);
#1372=VECTOR('',#2549,100.);
#1373=VECTOR('',#2552,100.);
#1374=VECTOR('',#2553,100.);
#1375=VECTOR('',#2554,100.);
#1376=VECTOR('',#2557,100.);
#1377=VECTOR('',#2558,100.);
#1378=VECTOR('',#2575,100.);
#1379=VECTOR('',#2578,100.);
#1380=VECTOR('',#2581,100.);
#1381=VECTOR('',#2582,100.);
#1382=VECTOR('',#2583,100.);
#1383=VECTOR('',#2588,100.);
#1384=VECTOR('',#2593,100.);
#1385=VECTOR('',#2594,100.);
#1386=VECTOR('',#2595,100.);
#1387=VECTOR('',#2600,100.);
#1388=VECTOR('',#2605,100.);
#1389=VECTOR('',#2606,100.);
#1390=VECTOR('',#2607,100.);
#1391=VECTOR('',#2612,100.);
#1392=VECTOR('',#2617,100.);
#1393=VECTOR('',#2618,100.);
#1394=VECTOR('',#2621,100.);
#1395=VECTOR('',#2622,100.);
#1396=VECTOR('',#2623,100.);
#1397=VECTOR('',#2624,100.);
#1398=VECTOR('',#2643,100.);
#1399=VECTOR('',#2644,100.);
#1400=VECTOR('',#2645,100.);
#1401=VECTOR('',#2646,100.);
#1402=VECTOR('',#2649,100.);
#1403=VECTOR('',#2650,100.);
#1404=VECTOR('',#2653,100.);
#1405=VECTOR('',#2656,100.);
#1406=VECTOR('',#2667,100.);
#1407=VECTOR('',#2668,100.);
#1408=VECTOR('',#2669,100.);
#1409=VECTOR('',#2670,100.);
#1410=VECTOR('',#2673,100.);
#1411=VECTOR('',#2674,100.);
#1412=VECTOR('',#2675,100.);
#1413=VECTOR('',#2678,100.);
#1414=VECTOR('',#2679,100.);
#1415=VECTOR('',#2680,100.);
#1416=VECTOR('',#2683,100.);
#1417=VECTOR('',#2684,100.);
#1418=VECTOR('',#2687,100.);
#1419=VECTOR('',#2688,100.);
#1420=VECTOR('',#2689,100.);
#1421=VECTOR('',#2690,100.);
#1422=VECTOR('',#2693,100.);
#1423=VECTOR('',#2694,100.);
#1424=VECTOR('',#2695,100.);
#1425=VECTOR('',#2698,100.);
#1426=VECTOR('',#2699,100.);
#1427=VECTOR('',#2700,100.);
#1428=VECTOR('',#2703,100.);
#1429=VECTOR('',#2704,100.);
#1430=VECTOR('',#2721,100.);
#1431=VECTOR('',#2724,100.);
#1432=VECTOR('',#2727,100.);
#1433=VECTOR('',#2728,100.);
#1434=VECTOR('',#2729,100.);
#1435=VECTOR('',#2734,100.);
#1436=VECTOR('',#2739,100.);
#1437=VECTOR('',#2740,100.);
#1438=VECTOR('',#2741,100.);
#1439=VECTOR('',#2746,100.);
#1440=VECTOR('',#2751,100.);
#1441=VECTOR('',#2752,100.);
#1442=VECTOR('',#2753,100.);
#1443=VECTOR('',#2758,100.);
#1444=VECTOR('',#2763,100.);
#1445=VECTOR('',#2764,100.);
#1446=VECTOR('',#2767,100.);
#1447=VECTOR('',#2768,100.);
#1448=VECTOR('',#2769,100.);
#1449=VECTOR('',#2770,100.);
#1450=VECTOR('',#2789,100.);
#1451=VECTOR('',#2790,100.);
#1452=VECTOR('',#2791,100.);
#1453=VECTOR('',#2792,100.);
#1454=VECTOR('',#2795,100.);
#1455=VECTOR('',#2796,100.);
#1456=VECTOR('',#2799,100.);
#1457=VECTOR('',#2802,100.);
#1458=EDGE_LOOP('',(#94,#95,#96,#97));
#1459=EDGE_LOOP('',(#98,#99,#100,#101));
#1460=EDGE_LOOP('',(#102,#103,#104,#105));
#1461=EDGE_LOOP('',(#106,#107,#108,#109));
#1462=EDGE_LOOP('',(#110));
#1463=EDGE_LOOP('',(#111));
#1464=EDGE_LOOP('',(#112));
#1465=EDGE_LOOP('',(#113));
#1466=EDGE_LOOP('',(#114));
#1467=EDGE_LOOP('',(#115));
#1468=EDGE_LOOP('',(#116));
#1469=EDGE_LOOP('',(#117,#118,#119,#120,#121,#122,#123,#124));
#1470=EDGE_LOOP('',(#125,#126,#127,#128));
#1471=EDGE_LOOP('',(#129,#130,#131,#132));
#1472=EDGE_LOOP('',(#133,#134,#135,#136));
#1473=EDGE_LOOP('',(#137,#138,#139,#140));
#1474=EDGE_LOOP('',(#141,#142,#143,#144));
#1475=EDGE_LOOP('',(#145,#146,#147,#148));
#1476=EDGE_LOOP('',(#149,#150,#151,#152));
#1477=EDGE_LOOP('',(#153));
#1478=EDGE_LOOP('',(#154));
#1479=EDGE_LOOP('',(#155));
#1480=EDGE_LOOP('',(#156));
#1481=EDGE_LOOP('',(#157));
#1482=EDGE_LOOP('',(#158));
#1483=EDGE_LOOP('',(#159));
#1484=EDGE_LOOP('',(#160,#161,#162,#163,#164,#165,#166,#167));
#1485=EDGE_LOOP('',(#168,#169,#170,#171));
#1486=EDGE_LOOP('',(#172,#173,#174,#175));
#1487=EDGE_LOOP('',(#176,#177,#178,#179));
#1488=EDGE_LOOP('',(#180,#181,#182,#183));
#1489=EDGE_LOOP('',(#184));
#1490=EDGE_LOOP('',(#185));
#1491=EDGE_LOOP('',(#186));
#1492=EDGE_LOOP('',(#187));
#1493=EDGE_LOOP('',(#188));
#1494=EDGE_LOOP('',(#189));
#1495=EDGE_LOOP('',(#190));
#1496=EDGE_LOOP('',(#191));
#1497=EDGE_LOOP('',(#192));
#1498=EDGE_LOOP('',(#193));
#1499=EDGE_LOOP('',(#194));
#1500=EDGE_LOOP('',(#195));
#1501=EDGE_LOOP('',(#196));
#1502=EDGE_LOOP('',(#197));
#1503=EDGE_LOOP('',(#198,#199,#200,#201));
#1504=EDGE_LOOP('',(#202,#203,#204,#205));
#1505=EDGE_LOOP('',(#206,#207,#208,#209));
#1506=EDGE_LOOP('',(#210,#211,#212,#213));
#1507=EDGE_LOOP('',(#214,#215,#216,#217));
#1508=EDGE_LOOP('',(#218,#219,#220,#221));
#1509=EDGE_LOOP('',(#222,#223,#224,#225));
#1510=EDGE_LOOP('',(#226,#227,#228,#229));
#1511=EDGE_LOOP('',(#230,#231,#232,#233));
#1512=EDGE_LOOP('',(#234,#235,#236,#237));
#1513=EDGE_LOOP('',(#238,#239,#240,#241));
#1514=EDGE_LOOP('',(#242,#243,#244,#245));
#1515=EDGE_LOOP('',(#246,#247,#248,#249));
#1516=EDGE_LOOP('',(#250,#251,#252,#253));
#1517=EDGE_LOOP('',(#254,#255,#256,#257));
#1518=EDGE_LOOP('',(#258,#259,#260,#261));
#1519=EDGE_LOOP('',(#262,#263,#264,#265));
#1520=EDGE_LOOP('',(#266,#267,#268,#269));
#1521=EDGE_LOOP('',(#270,#271,#272,#273));
#1522=EDGE_LOOP('',(#274,#275,#276,#277));
#1523=EDGE_LOOP('',(#278,#279,#280,#281));
#1524=EDGE_LOOP('',(#282,#283,#284,#285));
#1525=EDGE_LOOP('',(#286,#287,#288,#289));
#1526=EDGE_LOOP('',(#290,#291,#292,#293));
#1527=EDGE_LOOP('',(#294,#295,#296,#297));
#1528=EDGE_LOOP('',(#298,#299,#300,#301));
#1529=EDGE_LOOP('',(#302,#303,#304,#305));
#1530=EDGE_LOOP('',(#306,#307,#308,#309));
#1531=EDGE_LOOP('',(#310,#311,#312,#313));
#1532=EDGE_LOOP('',(#314,#315,#316,#317));
#1533=EDGE_LOOP('',(#318,#319,#320,#321));
#1534=EDGE_LOOP('',(#322,#323,#324,#325));
#1535=EDGE_LOOP('',(#326,#327,#328,#329));
#1536=EDGE_LOOP('',(#330,#331,#332,#333));
#1537=EDGE_LOOP('',(#334,#335,#336,#337));
#1538=EDGE_LOOP('',(#338,#339,#340,#341));
#1539=EDGE_LOOP('',(#342,#343,#344,#345));
#1540=EDGE_LOOP('',(#346,#347,#348,#349));
#1541=EDGE_LOOP('',(#350,#351,#352,#353));
#1542=EDGE_LOOP('',(#354,#355,#356,#357));
#1543=EDGE_LOOP('',(#358,#359,#360,#361));
#1544=EDGE_LOOP('',(#362,#363,#364,#365));
#1545=EDGE_LOOP('',(#366,#367,#368,#369));
#1546=EDGE_LOOP('',(#370));
#1547=EDGE_LOOP('',(#371));
#1548=EDGE_LOOP('',(#372));
#1549=EDGE_LOOP('',(#373));
#1550=EDGE_LOOP('',(#374,#375,#376,#377));
#1551=EDGE_LOOP('',(#378,#379,#380,#381));
#1552=EDGE_LOOP('',(#382,#383,#384,#385));
#1553=EDGE_LOOP('',(#386,#387,#388,#389));
#1554=EDGE_LOOP('',(#390,#391,#392,#393));
#1555=EDGE_LOOP('',(#394,#395,#396,#397));
#1556=EDGE_LOOP('',(#398,#399,#400,#401));
#1557=EDGE_LOOP('',(#402,#403,#404,#405));
#1558=EDGE_LOOP('',(#406,#407,#408,#409));
#1559=EDGE_LOOP('',(#410,#411,#412,#413,#414,#415,#416,#417));
#1560=EDGE_LOOP('',(#418));
#1561=EDGE_LOOP('',(#419));
#1562=EDGE_LOOP('',(#420));
#1563=EDGE_LOOP('',(#421));
#1564=EDGE_LOOP('',(#422));
#1565=EDGE_LOOP('',(#423));
#1566=EDGE_LOOP('',(#424));
#1567=EDGE_LOOP('',(#425));
#1568=EDGE_LOOP('',(#426,#427,#428,#429));
#1569=EDGE_LOOP('',(#430,#431,#432,#433));
#1570=EDGE_LOOP('',(#434,#435,#436,#437));
#1571=EDGE_LOOP('',(#438,#439,#440,#441));
#1572=EDGE_LOOP('',(#442,#443,#444,#445));
#1573=EDGE_LOOP('',(#446,#447,#448,#449));
#1574=EDGE_LOOP('',(#450));
#1575=EDGE_LOOP('',(#451));
#1576=EDGE_LOOP('',(#452,#453,#454,#455));
#1577=EDGE_LOOP('',(#456,#457,#458,#459));
#1578=EDGE_LOOP('',(#460));
#1579=EDGE_LOOP('',(#461));
#1580=EDGE_LOOP('',(#462,#463,#464,#465,#466,#467,#468,#469));
#1581=EDGE_LOOP('',(#470,#471,#472,#473));
#1582=EDGE_LOOP('',(#474,#475,#476,#477));
#1583=EDGE_LOOP('',(#478,#479,#480,#481));
#1584=EDGE_LOOP('',(#482,#483,#484,#485));
#1585=EDGE_LOOP('',(#486,#487,#488,#489));
#1586=EDGE_LOOP('',(#490,#491,#492,#493));
#1587=EDGE_LOOP('',(#494,#495,#496,#497));
#1588=EDGE_LOOP('',(#498,#499,#500,#501));
#1589=EDGE_LOOP('',(#502,#503,#504,#505));
#1590=EDGE_LOOP('',(#506));
#1591=EDGE_LOOP('',(#507));
#1592=EDGE_LOOP('',(#508));
#1593=EDGE_LOOP('',(#509));
#1594=EDGE_LOOP('',(#510,#511,#512,#513));
#1595=EDGE_LOOP('',(#514,#515,#516,#517));
#1596=EDGE_LOOP('',(#518,#519,#520,#521));
#1597=EDGE_LOOP('',(#522,#523,#524,#525));
#1598=EDGE_LOOP('',(#526,#527,#528,#529));
#1599=EDGE_LOOP('',(#530,#531,#532,#533));
#1600=EDGE_LOOP('',(#534,#535,#536,#537));
#1601=EDGE_LOOP('',(#538,#539,#540,#541));
#1602=EDGE_LOOP('',(#542,#543,#544,#545));
#1603=EDGE_LOOP('',(#546,#547,#548,#549,#550,#551,#552,#553));
#1604=EDGE_LOOP('',(#554));
#1605=EDGE_LOOP('',(#555));
#1606=EDGE_LOOP('',(#556));
#1607=EDGE_LOOP('',(#557));
#1608=EDGE_LOOP('',(#558));
#1609=EDGE_LOOP('',(#559));
#1610=EDGE_LOOP('',(#560));
#1611=EDGE_LOOP('',(#561));
#1612=EDGE_LOOP('',(#562,#563,#564,#565));
#1613=EDGE_LOOP('',(#566,#567,#568,#569));
#1614=EDGE_LOOP('',(#570,#571,#572,#573));
#1615=EDGE_LOOP('',(#574,#575,#576,#577));
#1616=EDGE_LOOP('',(#578,#579,#580,#581));
#1617=EDGE_LOOP('',(#582,#583,#584,#585));
#1618=EDGE_LOOP('',(#586));
#1619=EDGE_LOOP('',(#587));
#1620=EDGE_LOOP('',(#588,#589,#590,#591));
#1621=EDGE_LOOP('',(#592,#593,#594,#595));
#1622=EDGE_LOOP('',(#596));
#1623=EDGE_LOOP('',(#597));
#1624=EDGE_LOOP('',(#598,#599,#600,#601,#602,#603,#604,#605));
#1625=EDGE_LOOP('',(#606,#607,#608,#609));
#1626=FACE_BOUND('',#1458,.T.);
#1627=FACE_BOUND('',#1459,.T.);
#1628=FACE_BOUND('',#1460,.T.);
#1629=FACE_BOUND('',#1461,.T.);
#1630=FACE_BOUND('',#1462,.T.);
#1631=FACE_BOUND('',#1463,.T.);
#1632=FACE_BOUND('',#1464,.T.);
#1633=FACE_BOUND('',#1465,.T.);
#1634=FACE_BOUND('',#1466,.T.);
#1635=FACE_BOUND('',#1467,.T.);
#1636=FACE_BOUND('',#1468,.T.);
#1637=FACE_BOUND('',#1469,.T.);
#1638=FACE_BOUND('',#1470,.T.);
#1639=FACE_BOUND('',#1471,.T.);
#1640=FACE_BOUND('',#1472,.T.);
#1641=FACE_BOUND('',#1473,.T.);
#1642=FACE_BOUND('',#1474,.T.);
#1643=FACE_BOUND('',#1475,.T.);
#1644=FACE_BOUND('',#1476,.T.);
#1645=FACE_BOUND('',#1477,.T.);
#1646=FACE_BOUND('',#1478,.T.);
#1647=FACE_BOUND('',#1479,.T.);
#1648=FACE_BOUND('',#1480,.T.);
#1649=FACE_BOUND('',#1481,.T.);
#1650=FACE_BOUND('',#1482,.T.);
#1651=FACE_BOUND('',#1483,.T.);
#1652=FACE_BOUND('',#1484,.T.);
#1653=FACE_BOUND('',#1485,.T.);
#1654=FACE_BOUND('',#1486,.T.);
#1655=FACE_BOUND('',#1487,.T.);
#1656=FACE_BOUND('',#1488,.T.);
#1657=FACE_BOUND('',#1489,.T.);
#1658=FACE_BOUND('',#1490,.T.);
#1659=FACE_BOUND('',#1491,.T.);
#1660=FACE_BOUND('',#1492,.T.);
#1661=FACE_BOUND('',#1493,.T.);
#1662=FACE_BOUND('',#1494,.T.);
#1663=FACE_BOUND('',#1495,.T.);
#1664=FACE_BOUND('',#1496,.T.);
#1665=FACE_BOUND('',#1497,.T.);
#1666=FACE_BOUND('',#1498,.T.);
#1667=FACE_BOUND('',#1499,.T.);
#1668=FACE_BOUND('',#1500,.T.);
#1669=FACE_BOUND('',#1501,.T.);
#1670=FACE_BOUND('',#1502,.T.);
#1671=FACE_BOUND('',#1503,.T.);
#1672=FACE_BOUND('',#1504,.T.);
#1673=FACE_BOUND('',#1505,.T.);
#1674=FACE_BOUND('',#1506,.T.);
#1675=FACE_BOUND('',#1507,.T.);
#1676=FACE_BOUND('',#1508,.T.);
#1677=FACE_BOUND('',#1509,.T.);
#1678=FACE_BOUND('',#1510,.T.);
#1679=FACE_BOUND('',#1511,.T.);
#1680=FACE_BOUND('',#1512,.T.);
#1681=FACE_BOUND('',#1513,.T.);
#1682=FACE_BOUND('',#1514,.T.);
#1683=FACE_BOUND('',#1515,.T.);
#1684=FACE_BOUND('',#1516,.T.);
#1685=FACE_BOUND('',#1517,.T.);
#1686=FACE_BOUND('',#1518,.T.);
#1687=FACE_BOUND('',#1519,.T.);
#1688=FACE_BOUND('',#1520,.T.);
#1689=FACE_BOUND('',#1521,.T.);
#1690=FACE_BOUND('',#1522,.T.);
#1691=FACE_BOUND('',#1523,.T.);
#1692=FACE_BOUND('',#1524,.T.);
#1693=FACE_BOUND('',#1525,.T.);
#1694=FACE_BOUND('',#1526,.T.);
#1695=FACE_BOUND('',#1527,.T.);
#1696=FACE_BOUND('',#1528,.T.);
#1697=FACE_BOUND('',#1529,.T.);
#1698=FACE_BOUND('',#1530,.T.);
#1699=FACE_BOUND('',#1531,.T.);
#1700=FACE_BOUND('',#1532,.T.);
#1701=FACE_BOUND('',#1533,.T.);
#1702=FACE_BOUND('',#1534,.T.);
#1703=FACE_BOUND('',#1535,.T.);
#1704=FACE_BOUND('',#1536,.T.);
#1705=FACE_BOUND('',#1537,.T.);
#1706=FACE_BOUND('',#1538,.T.);
#1707=FACE_BOUND('',#1539,.T.);
#1708=FACE_BOUND('',#1540,.T.);
#1709=FACE_BOUND('',#1541,.T.);
#1710=FACE_BOUND('',#1542,.T.);
#1711=FACE_BOUND('',#1543,.T.);
#1712=FACE_BOUND('',#1544,.T.);
#1713=FACE_BOUND('',#1545,.T.);
#1714=FACE_BOUND('',#1546,.T.);
#1715=FACE_BOUND('',#1547,.T.);
#1716=FACE_BOUND('',#1548,.T.);
#1717=FACE_BOUND('',#1549,.T.);
#1718=FACE_BOUND('',#1550,.T.);
#1719=FACE_BOUND('',#1551,.T.);
#1720=FACE_BOUND('',#1552,.T.);
#1721=FACE_BOUND('',#1553,.T.);
#1722=FACE_BOUND('',#1554,.T.);
#1723=FACE_BOUND('',#1555,.T.);
#1724=FACE_BOUND('',#1556,.T.);
#1725=FACE_BOUND('',#1557,.T.);
#1726=FACE_BOUND('',#1558,.T.);
#1727=FACE_BOUND('',#1559,.T.);
#1728=FACE_BOUND('',#1560,.T.);
#1729=FACE_BOUND('',#1561,.T.);
#1730=FACE_BOUND('',#1562,.T.);
#1731=FACE_BOUND('',#1563,.T.);
#1732=FACE_BOUND('',#1564,.T.);
#1733=FACE_BOUND('',#1565,.T.);
#1734=FACE_BOUND('',#1566,.T.);
#1735=FACE_BOUND('',#1567,.T.);
#1736=FACE_BOUND('',#1568,.T.);
#1737=FACE_BOUND('',#1569,.T.);
#1738=FACE_BOUND('',#1570,.T.);
#1739=FACE_BOUND('',#1571,.T.);
#1740=FACE_BOUND('',#1572,.T.);
#1741=FACE_BOUND('',#1573,.T.);
#1742=FACE_BOUND('',#1574,.T.);
#1743=FACE_BOUND('',#1575,.T.);
#1744=FACE_BOUND('',#1576,.T.);
#1745=FACE_BOUND('',#1577,.T.);
#1746=FACE_BOUND('',#1578,.T.);
#1747=FACE_BOUND('',#1579,.T.);
#1748=FACE_BOUND('',#1580,.T.);
#1749=FACE_BOUND('',#1581,.T.);
#1750=FACE_BOUND('',#1582,.T.);
#1751=FACE_BOUND('',#1583,.T.);
#1752=FACE_BOUND('',#1584,.T.);
#1753=FACE_BOUND('',#1585,.T.);
#1754=FACE_BOUND('',#1586,.T.);
#1755=FACE_BOUND('',#1587,.T.);
#1756=FACE_BOUND('',#1588,.T.);
#1757=FACE_BOUND('',#1589,.T.);
#1758=FACE_BOUND('',#1590,.T.);
#1759=FACE_BOUND('',#1591,.T.);
#1760=FACE_BOUND('',#1592,.T.);
#1761=FACE_BOUND('',#1593,.T.);
#1762=FACE_BOUND('',#1594,.T.);
#1763=FACE_BOUND('',#1595,.T.);
#1764=FACE_BOUND('',#1596,.T.);
#1765=FACE_BOUND('',#1597,.T.);
#1766=FACE_BOUND('',#1598,.T.);
#1767=FACE_BOUND('',#1599,.T.);
#1768=FACE_BOUND('',#1600,.T.);
#1769=FACE_BOUND('',#1601,.T.);
#1770=FACE_BOUND('',#1602,.T.);
#1771=FACE_BOUND('',#1603,.T.);
#1772=FACE_BOUND('',#1604,.T.);
#1773=FACE_BOUND('',#1605,.T.);
#1774=FACE_BOUND('',#1606,.T.);
#1775=FACE_BOUND('',#1607,.T.);
#1776=FACE_BOUND('',#1608,.T.);
#1777=FACE_BOUND('',#1609,.T.);
#1778=FACE_BOUND('',#1610,.T.);
#1779=FACE_BOUND('',#1611,.T.);
#1780=FACE_BOUND('',#1612,.T.);
#1781=FACE_BOUND('',#1613,.T.);
#1782=FACE_BOUND('',#1614,.T.);
#1783=FACE_BOUND('',#1615,.T.);
#1784=FACE_BOUND('',#1616,.T.);
#1785=FACE_BOUND('',#1617,.T.);
#1786=FACE_BOUND('',#1618,.T.);
#1787=FACE_BOUND('',#1619,.T.);
#1788=FACE_BOUND('',#1620,.T.);
#1789=FACE_BOUND('',#1621,.T.);
#1790=FACE_BOUND('',#1622,.T.);
#1791=FACE_BOUND('',#1623,.T.);
#1792=FACE_BOUND('',#1624,.T.);
#1793=FACE_BOUND('',#1625,.T.);
#1794=PLANE('',#2085);
#1795=PLANE('',#2086);
#1796=PLANE('',#2087);
#1797=PLANE('',#2088);
#1798=PLANE('',#2089);
#1799=PLANE('',#2101);
#1800=PLANE('',#2124);
#1801=PLANE('',#2125);
#1802=PLANE('',#2126);
#1803=PLANE('',#2127);
#1804=PLANE('',#2128);
#1805=PLANE('',#2129);
#1806=PLANE('',#2130);
#1807=PLANE('',#2131);
#1808=PLANE('',#2132);
#1809=PLANE('',#2133);
#1810=PLANE('',#2134);
#1811=PLANE('',#2135);
#1812=PLANE('',#2136);
#1813=PLANE('',#2137);
#1814=PLANE('',#2138);
#1815=PLANE('',#2139);
#1816=PLANE('',#2140);
#1817=PLANE('',#2141);
#1818=PLANE('',#2142);
#1819=PLANE('',#2143);
#1820=PLANE('',#2144);
#1821=PLANE('',#2145);
#1822=PLANE('',#2146);
#1823=PLANE('',#2147);
#1824=PLANE('',#2148);
#1825=PLANE('',#2149);
#1826=PLANE('',#2150);
#1827=PLANE('',#2151);
#1828=PLANE('',#2152);
#1829=PLANE('',#2153);
#1830=PLANE('',#2154);
#1831=PLANE('',#2155);
#1832=PLANE('',#2156);
#1833=PLANE('',#2157);
#1834=PLANE('',#2158);
#1835=PLANE('',#2160);
#1836=PLANE('',#2161);
#1837=PLANE('',#2162);
#1838=PLANE('',#2163);
#1839=PLANE('',#2164);
#1840=PLANE('',#2165);
#1841=PLANE('',#2166);
#1842=PLANE('',#2167);
#1843=PLANE('',#2177);
#1844=PLANE('',#2181);
#1845=PLANE('',#2185);
#1846=PLANE('',#2189);
#1847=PLANE('',#2190);
#1848=PLANE('',#2194);
#1849=PLANE('',#2198);
#1850=PLANE('',#2199);
#1851=PLANE('',#2200);
#1852=PLANE('',#2201);
#1853=PLANE('',#2202);
#1854=PLANE('',#2203);
#1855=PLANE('',#2204);
#1856=PLANE('',#2205);
#1857=PLANE('',#2207);
#1858=PLANE('',#2208);
#1859=PLANE('',#2209);
#1860=PLANE('',#2210);
#1861=PLANE('',#2211);
#1862=PLANE('',#2212);
#1863=PLANE('',#2213);
#1864=PLANE('',#2214);
#1865=PLANE('',#2224);
#1866=PLANE('',#2228);
#1867=PLANE('',#2232);
#1868=PLANE('',#2236);
#1869=PLANE('',#2237);
#1870=PLANE('',#2241);
#1871=PLANE('',#2245);
#1872=PLANE('',#2246);
#1873=PLANE('',#2247);
#1874=PLANE('',#2248);
#1875=PLANE('',#2249);
#1876=PLANE('',#2250);
#1877=PLANE('',#2251);
#1878=PLANE('',#2252);
#1879=ADVANCED_FACE('',(#1626),#1794,.T.);
#1880=ADVANCED_FACE('',(#1627),#1795,.F.);
#1881=ADVANCED_FACE('',(#1628),#1796,.F.);
#1882=ADVANCED_FACE('',(#1629),#1797,.T.);
#1883=ADVANCED_FACE('',(#1630,#1631,#1632,#1633,#1634,#1635,#1636,#1637),
#1798,.T.);
#1884=ADVANCED_FACE('',(#1638,#1639,#1640,#1641,#1642,#1643,#1644,#1645,
#1646,#1647,#1648,#1649,#1650,#1651,#1652),#1799,.F.);
#1885=ADVANCED_FACE('',(#1653),#13,.T.);
#1886=ADVANCED_FACE('',(#1654),#14,.T.);
#1887=ADVANCED_FACE('',(#1655),#15,.T.);
#1888=ADVANCED_FACE('',(#1656),#16,.T.);
#1889=ADVANCED_FACE('',(#1657,#1658),#17,.F.);
#1890=ADVANCED_FACE('',(#1659,#1660),#18,.F.);
#1891=ADVANCED_FACE('',(#1661,#1662),#19,.F.);
#1892=ADVANCED_FACE('',(#1663,#1664),#20,.F.);
#1893=ADVANCED_FACE('',(#1665,#1666),#21,.F.);
#1894=ADVANCED_FACE('',(#1667,#1668),#22,.F.);
#1895=ADVANCED_FACE('',(#1669,#1670),#23,.F.);
#1896=ADVANCED_FACE('',(#1671),#1800,.T.);
#1897=ADVANCED_FACE('',(#1672),#1801,.F.);
#1898=ADVANCED_FACE('',(#1673),#1802,.F.);
#1899=ADVANCED_FACE('',(#1674),#1803,.T.);
#1900=ADVANCED_FACE('',(#1675),#1804,.T.);
#1901=ADVANCED_FACE('',(#1676),#1805,.T.);
#1902=ADVANCED_FACE('',(#1677),#1806,.F.);
#1903=ADVANCED_FACE('',(#1678),#1807,.F.);
#1904=ADVANCED_FACE('',(#1679),#1808,.T.);
#1905=ADVANCED_FACE('',(#1680),#1809,.T.);
#1906=ADVANCED_FACE('',(#1681),#1810,.T.);
#1907=ADVANCED_FACE('',(#1682),#1811,.F.);
#1908=ADVANCED_FACE('',(#1683),#1812,.F.);
#1909=ADVANCED_FACE('',(#1684),#1813,.T.);
#1910=ADVANCED_FACE('',(#1685),#1814,.T.);
#1911=ADVANCED_FACE('',(#1686),#1815,.T.);
#1912=ADVANCED_FACE('',(#1687),#1816,.F.);
#1913=ADVANCED_FACE('',(#1688),#1817,.F.);
#1914=ADVANCED_FACE('',(#1689),#1818,.T.);
#1915=ADVANCED_FACE('',(#1690),#1819,.T.);
#1916=ADVANCED_FACE('',(#1691),#1820,.T.);
#1917=ADVANCED_FACE('',(#1692),#1821,.F.);
#1918=ADVANCED_FACE('',(#1693),#1822,.F.);
#1919=ADVANCED_FACE('',(#1694),#1823,.T.);
#1920=ADVANCED_FACE('',(#1695),#1824,.T.);
#1921=ADVANCED_FACE('',(#1696),#1825,.T.);
#1922=ADVANCED_FACE('',(#1697),#1826,.F.);
#1923=ADVANCED_FACE('',(#1698),#1827,.F.);
#1924=ADVANCED_FACE('',(#1699),#1828,.T.);
#1925=ADVANCED_FACE('',(#1700),#1829,.T.);
#1926=ADVANCED_FACE('',(#1701),#1830,.T.);
#1927=ADVANCED_FACE('',(#1702),#1831,.F.);
#1928=ADVANCED_FACE('',(#1703),#1832,.F.);
#1929=ADVANCED_FACE('',(#1704),#1833,.T.);
#1930=ADVANCED_FACE('',(#1705),#1834,.T.);
#1931=ADVANCED_FACE('',(#1706),#1835,.T.);
#1932=ADVANCED_FACE('',(#1707),#1836,.T.);
#1933=ADVANCED_FACE('',(#1708),#1837,.F.);
#1934=ADVANCED_FACE('',(#1709),#1838,.F.);
#1935=ADVANCED_FACE('',(#1710),#1839,.T.);
#1936=ADVANCED_FACE('',(#1711),#1840,.F.);
#1937=ADVANCED_FACE('',(#1712),#1841,.F.);
#1938=ADVANCED_FACE('',(#1713),#1842,.T.);
#1939=ADVANCED_FACE('',(#1714,#1715),#24,.F.);
#1940=ADVANCED_FACE('',(#1716,#1717),#25,.F.);
#1941=ADVANCED_FACE('',(#1718),#26,.F.);
#1942=ADVANCED_FACE('',(#1719),#1843,.F.);
#1943=ADVANCED_FACE('',(#1720),#27,.F.);
#1944=ADVANCED_FACE('',(#1721),#1844,.F.);
#1945=ADVANCED_FACE('',(#1722),#28,.F.);
#1946=ADVANCED_FACE('',(#1723),#1845,.F.);
#1947=ADVANCED_FACE('',(#1724),#29,.F.);
#1948=ADVANCED_FACE('',(#1725),#1846,.F.);
#1949=ADVANCED_FACE('',(#1726,#1727),#1847,.F.);
#1950=ADVANCED_FACE('',(#1728,#1729),#30,.T.);
#1951=ADVANCED_FACE('',(#1730,#1731),#1848,.T.);
#1952=ADVANCED_FACE('',(#1732,#1733),#31,.T.);
#1953=ADVANCED_FACE('',(#1734,#1735),#1849,.T.);
#1954=ADVANCED_FACE('',(#1736,#1737),#1850,.F.);
#1955=ADVANCED_FACE('',(#1738),#1851,.T.);
#1956=ADVANCED_FACE('',(#1739),#1852,.T.);
#1957=ADVANCED_FACE('',(#1740),#1853,.T.);
#1958=ADVANCED_FACE('',(#1741),#1854,.T.);
#1959=ADVANCED_FACE('',(#1742,#1743,#1744,#1745),#1855,.T.);
#1960=ADVANCED_FACE('',(#1746,#1747,#1748,#1749),#1856,.F.);
#1961=ADVANCED_FACE('',(#1750),#1857,.T.);
#1962=ADVANCED_FACE('',(#1751),#1858,.T.);
#1963=ADVANCED_FACE('',(#1752),#1859,.F.);
#1964=ADVANCED_FACE('',(#1753),#1860,.F.);
#1965=ADVANCED_FACE('',(#1754),#1861,.T.);
#1966=ADVANCED_FACE('',(#1755),#1862,.F.);
#1967=ADVANCED_FACE('',(#1756),#1863,.F.);
#1968=ADVANCED_FACE('',(#1757),#1864,.T.);
#1969=ADVANCED_FACE('',(#1758,#1759),#32,.F.);
#1970=ADVANCED_FACE('',(#1760,#1761),#33,.F.);
#1971=ADVANCED_FACE('',(#1762),#34,.F.);
#1972=ADVANCED_FACE('',(#1763),#1865,.F.);
#1973=ADVANCED_FACE('',(#1764),#35,.F.);
#1974=ADVANCED_FACE('',(#1765),#1866,.F.);
#1975=ADVANCED_FACE('',(#1766),#36,.F.);
#1976=ADVANCED_FACE('',(#1767),#1867,.F.);
#1977=ADVANCED_FACE('',(#1768),#37,.F.);
#1978=ADVANCED_FACE('',(#1769),#1868,.F.);
#1979=ADVANCED_FACE('',(#1770,#1771),#1869,.F.);
#1980=ADVANCED_FACE('',(#1772,#1773),#38,.T.);
#1981=ADVANCED_FACE('',(#1774,#1775),#1870,.T.);
#1982=ADVANCED_FACE('',(#1776,#1777),#39,.T.);
#1983=ADVANCED_FACE('',(#1778,#1779),#1871,.T.);
#1984=ADVANCED_FACE('',(#1780,#1781),#1872,.F.);
#1985=ADVANCED_FACE('',(#1782),#1873,.T.);
#1986=ADVANCED_FACE('',(#1783),#1874,.T.);
#1987=ADVANCED_FACE('',(#1784),#1875,.T.);
#1988=ADVANCED_FACE('',(#1785),#1876,.T.);
#1989=ADVANCED_FACE('',(#1786,#1787,#1788,#1789),#1877,.T.);
#1990=ADVANCED_FACE('',(#1790,#1791,#1792,#1793),#1878,.F.);
#1991=CLOSED_SHELL('',(#1879,#1880,#1881,#1882,#1883,#1884,#1885,#1886,
#1887,#1888,#1889,#1890,#1891,#1892,#1893,#1894,#1895,#1896,#1897,#1898,
#1899,#1900,#1901,#1902,#1903,#1904,#1905,#1906,#1907,#1908,#1909,#1910,
#1911,#1912,#1913,#1914,#1915,#1916,#1917,#1918,#1919,#1920,#1921,#1922,
#1923,#1924,#1925,#1926,#1927,#1928,#1929,#1930));
#1992=CLOSED_SHELL('',(#1931,#1932,#1933,#1934,#1935,#1936,#1937,#1938,
#1939,#1940,#1941,#1942,#1943,#1944,#1945,#1946,#1947,#1948,#1949,#1950,
#1951,#1952,#1953,#1954,#1955,#1956,#1957,#1958,#1959,#1960));
#1993=CLOSED_SHELL('',(#1961,#1962,#1963,#1964,#1965,#1966,#1967,#1968,
#1969,#1970,#1971,#1972,#1973,#1974,#1975,#1976,#1977,#1978,#1979,#1980,
#1981,#1982,#1983,#1984,#1985,#1986,#1987,#1988,#1989,#1990));
#1994=STYLED_ITEM('',(#1997),#2016);
#1995=STYLED_ITEM('',(#1998),#2017);
#1996=STYLED_ITEM('',(#1999),#2018);
#1997=PRESENTATION_STYLE_ASSIGNMENT((#2000));
#1998=PRESENTATION_STYLE_ASSIGNMENT((#2001));
#1999=PRESENTATION_STYLE_ASSIGNMENT((#2002));
#2000=SURFACE_STYLE_USAGE(.BOTH.,#2003);
#2001=SURFACE_STYLE_USAGE(.BOTH.,#2004);
#2002=SURFACE_STYLE_USAGE(.BOTH.,#2005);
#2003=SURFACE_SIDE_STYLE('',(#2006));
#2004=SURFACE_SIDE_STYLE('',(#2007));
#2005=SURFACE_SIDE_STYLE('',(#2008));
#2006=SURFACE_STYLE_FILL_AREA(#2009);
#2007=SURFACE_STYLE_FILL_AREA(#2010);
#2008=SURFACE_STYLE_FILL_AREA(#2011);
#2009=FILL_AREA_STYLE('',(#2012));
#2010=FILL_AREA_STYLE('',(#2013));
#2011=FILL_AREA_STYLE('',(#2014));
#2012=FILL_AREA_STYLE_COLOUR('',#2015);
#2013=FILL_AREA_STYLE_COLOUR('',#2015);
#2014=FILL_AREA_STYLE_COLOUR('',#2015);
#2015=COLOUR_RGB('',0.615686274509804,0.811764705882353,0.929411764705882);
#2016=MANIFOLD_SOLID_BREP('Part 1',#1991);
#2017=MANIFOLD_SOLID_BREP('Part 3',#1992);
#2018=MANIFOLD_SOLID_BREP('Part 2',#1993);
#2019=SHAPE_REPRESENTATION_RELATIONSHIP('','',#2067,#2029);
#2020=SHAPE_REPRESENTATION_RELATIONSHIP('','',#2068,#2030);
#2021=SHAPE_REPRESENTATION_RELATIONSHIP('','',#2069,#2031);
#2022=SHAPE_REPRESENTATION_RELATIONSHIP('','',#2070,#2032);
#2023=SHAPE_REPRESENTATION_RELATIONSHIP('','',#2071,#2033);
#2024=SHAPE_REPRESENTATION_RELATIONSHIP('','',#2072,#2034);
#2025=SHAPE_REPRESENTATION_RELATIONSHIP('','',#2073,#2035);
#2026=SHAPE_REPRESENTATION_RELATIONSHIP('','',#2074,#10);
#2027=SHAPE_REPRESENTATION_RELATIONSHIP('','',#2075,#11);
#2028=SHAPE_REPRESENTATION_RELATIONSHIP('','',#2076,#12);
#2029=TESSELLATED_SHAPE_REPRESENTATION('',(#2050),#3381);
#2030=TESSELLATED_SHAPE_REPRESENTATION('',(#2051),#3382);
#2031=TESSELLATED_SHAPE_REPRESENTATION('',(#2052),#3383);
#2032=TESSELLATED_SHAPE_REPRESENTATION('',(#2053),#3384);
#2033=TESSELLATED_SHAPE_REPRESENTATION('',(#2054),#3385);
#2034=TESSELLATED_SHAPE_REPRESENTATION('',(#2055),#3386);
#2035=TESSELLATED_SHAPE_REPRESENTATION('',(#2056),#3387);
#2036=COMPLEX_TRIANGULATED_FACE('ConvergentBody',#2043,40,((0.,-0.119074145233979,
0.992885364952469),(-0.992893416131428,-0.119006992243578,0.),(0.,-0.119067771758211,
0.992886129286),(0.992886129286,-0.119067771758211,0.),(0.,0.119074069304586,
0.99288537405848),(-0.992893425226917,0.119006916358505,0.),(-0.992893552487338,
0.119005854599989,0.),(0.,0.119084199305509,-0.992884159142327),(0.,0.119067695837962,
0.992886138390419),(0.992886138390419,0.119067695837962,0.),(0.,0.258806123919153,
0.965929288417089),(0.965929288417089,0.258806123919153,0.),(0.,1.,0.),
(0.,1.,0.),(0.,0.258806123919153,0.965929288417089),(-0.965963823777624,
0.258677194883721,0.),(-0.965963823777624,0.258677194883721,0.),(0.,1.,
0.),(0.,0.258827610747079,-0.96592353109082),(0.,-0.258806303829323,0.965929240212866),
(0.,-1.,0.),(0.965929240212866,-0.258806303829323,0.),(0.,-0.258806303829323,
0.965929240212866),(-0.965963775619695,-0.258677374717125,0.),(0.,-1.,0.),
(-0.965963775619695,-0.258677374717125,0.),(0.,-1.,0.),(0.,-0.258827790670041,
-0.96592348287888),(-0.992893543392114,-0.119005930483539,0.),(0.,-0.119084275240765,
-0.992884150034827),(0.992886256672615,-0.119066709497833,0.),(0.,-0.119077901264724,
-0.992884914494318),(0.965929288417089,0.258806123919153,0.),(0.,0.258827610747079,
-0.96592353109082),(0.,1.,0.),(0.99288626577677,0.119066633579109,0.),(0.,
0.119077825338613,-0.992884923600226),(0.965929240212866,-0.258806303829323,
0.),(0.,-1.,0.),(0.,-0.258827790670041,-0.96592348287888)),$,(2,2,14,14,
3,3,4,4,16,16,12,12,12,7,7,7,8,8,8,10,10,10,6,6,6,5,5,5,1,1,13,13,11,11,
11,15,15,9,9,9),((1,3,5),(7,2,6),(5,3,9),(9,11,5),(5,11,15),(17,6,16),(7,
6,17),(3,1,20),(20,1,23),(2,26,24),(29,26,2),(29,2,7),(4,31,10),(10,33,
12),(36,33,10),(10,31,36),(38,4,22),(31,4,38),(35,14,13),(18,14,35),(27,
21,25),(39,21,27),(34,8,19),(30,40,28),(37,8,34),(32,40,30),(37,30,8),(32,
30,37)),());
#2037=COMPLEX_TRIANGULATED_FACE('ConvergentBody',#2044,40,((0.,-0.119092280320754,
0.992883189890937),(-0.992891242150435,-0.119025128695439,0.),(0.,-0.119085905795004,
0.992883954468488),(0.992883954468488,-0.119085905795004,0.),(0.,0.119092204382685,
0.992883198999395),(-0.992891251248371,0.119025052801687,0.),(-0.992891123946637,
0.119026114731115,0.),(0.,0.119082074666366,-0.992884413964261),(0.,0.119085829866081,
0.992883963575355),(0.992883963575355,0.119085829866081,0.),(0.,0.258849097190899,
0.965917773355194),(0.965917773355194,0.258849097190899,0.),(0.,1.,0.),
(0.,1.,0.),(0.,0.258849097190899,0.965917773355194),(-0.96595231362851,
0.258720172765343,0.),(-0.96595231362851,0.258720172765343,0.),(0.,1.,0.),
(0.,0.258827610747079,-0.96592353109082),(0.,-0.258849277126653,0.965917725135536),
(0.,-1.,0.),(0.965917725135536,-0.258849277126653,0.),(0.,-0.258849277126653,
0.965917725135536),(-0.965952265455151,-0.258720352624338,0.),(0.,-1.,0.),
(-0.965952265455151,-0.258720352624338,0.),(0.,-1.,0.),(0.,-0.258827790670041,
-0.96592348287888),(-0.992891114848436,-0.11902619062639,0.),(0.,-0.119082150598573,
-0.992884404857292),(0.992883827040544,-0.119086968226263,0.),(0.,-0.119075776573085,
-0.992885169308877),(0.965917773355194,0.258849097190899,0.),(0.,0.258827610747079,
-0.96592353109082),(0.,1.,0.),(0.992883836147676,0.119086892295816,0.),
(0.,0.119075700650023,-0.992885178414255),(0.965917725135536,-0.258849277126653,
0.),(0.,-1.,0.),(0.,-0.258827790670041,-0.96592348287888)),$,(2,2,14,14,
4,4,3,3,15,15,12,12,12,8,8,8,7,7,7,10,10,10,6,6,6,5,5,5,1,1,13,13,11,11,
11,16,16,9,9,9),((1,3,5),(7,2,6),(5,3,9),(9,11,5),(5,11,15),(17,6,16),(7,
6,17),(3,1,20),(20,1,23),(2,26,24),(29,26,2),(29,2,7),(4,31,10),(10,33,
12),(36,33,10),(10,31,36),(38,4,22),(31,4,38),(35,14,13),(18,14,35),(27,
21,25),(39,21,27),(34,8,19),(30,40,28),(37,8,34),(32,40,30),(37,30,8),(32,
30,37)),());
#2038=COMPLEX_TRIANGULATED_FACE('ConvergentBody',#2045,40,((0.,-0.119082150598641,
0.992884404857284),(-0.992891114848431,-0.119026190626438,0.),(0.,-0.119075776573158,
0.992885169308868),(0.992883827040545,-0.119086968226255,0.),(0.,0.119082074666434,
0.992884413964253),(-0.992891123946631,0.119026114731162,0.),(-0.992890996644237,
0.119027176656483,0.),(0.,0.119071944832129,-0.992885628838435),(0.,0.119075700650096,
0.992885178414246),(0.992883836147677,0.119086892295808,0.),(0.,0.258827610747235,
0.965923531090778),(0.965917773355194,0.258849097190899,0.),(0.,1.,0.),
(0.,1.,0.),(0.,0.258827610747235,0.965923531090778),(-0.965952313628479,
0.25872017276546,0.),(-0.965952313628479,0.25872017276546,0.),(0.,1.,0.),
(0.,0.258806123919016,-0.965929288417126),(0.,-0.258827790670198,0.965923482878838),
(0.,-1.,0.),(0.965917725135536,-0.258849277126653,0.),(0.,-0.258827790670198,
0.965923482878838),(-0.965952265455119,-0.258720352624456,0.),(0.,-1.,0.),
(-0.965952265455119,-0.258720352624456,0.),(0.,-1.,0.),(0.,-0.258806303829187,
-0.965929240212902),(-0.992890987545771,-0.119027252553282,0.),(0.,-0.119072020758473,
-0.992885619732955),(0.99288369961194,-0.119088030653405,0.),(0.,-0.119065647233268,
-0.992886384058581),(0.965917773355194,0.258849097190899,0.),(0.,0.258806123919016,
-0.965929288417126),(0.,1.,0.),(0.992883708719337,0.119087954721433,0.),
(0.,0.119065571316068,-0.99288639316247),(0.965917725135536,-0.258849277126653,
0.),(0.,-1.,0.),(0.,-0.258806303829187,-0.965929240212902)),$,(2,2,13,13,
3,3,4,4,16,16,12,12,12,8,8,8,7,7,7,10,10,10,6,6,6,5,5,5,1,1,14,14,11,11,
11,15,15,9,9,9),((1,3,5),(7,2,6),(5,3,9),(9,11,5),(5,11,15),(17,6,16),(7,
6,17),(3,1,20),(20,1,23),(2,26,24),(29,26,2),(29,2,7),(4,31,10),(10,33,
12),(36,33,10),(10,31,36),(38,4,22),(31,4,38),(35,14,13),(18,14,35),(27,
21,25),(39,21,27),(34,8,19),(30,40,28),(37,8,34),(32,40,30),(37,30,8),(32,
30,37)),());
#2039=COMPLEX_TRIANGULATED_FACE('ConvergentBody',#2046,40,((0.,-0.119083212921729,
0.992884277446389),(-0.992892329165628,-0.11901606061391,0.),(0.,-0.119075776573085,
0.992885169308877),(0.992883827040544,-0.119086968226263,0.),(0.,0.119083136987997,
0.992884286553623),(-0.992892338262341,0.119015984724497,0.),(-0.992892210980935,
0.119017046566409,0.),(0.,0.119073007070452,-0.992885501448782),(0.,0.119075700650023,
0.992885178414255),(0.992883836147676,0.119086892295815,0.),(0.,0.258827610747079,
0.96592353109082),(0.965917773355194,0.258849097190899,0.),(0.,1.,0.),(0.,
1.,0.),(0.,0.258827610747079,0.96592353109082),(-0.96595806890779,0.258698684016624,
0.),(-0.96595806890779,0.258698684016624,0.),(0.,1.,0.),(0.,0.258806123919153,
-0.965929288417089),(0.,-0.258827790670041,0.96592348287888),(0.,-1.,0.),
(0.965917725135536,-0.258849277126653,0.),(0.,-0.258827790670041,0.96592348287888),
(-0.965958020742146,-0.258698863862824,0.),(0.,-1.,0.),(-0.965958020742146,
-0.258698863862824,0.),(0.,-1.,0.),(0.,-0.258806303829323,-0.965929240212866),
(-0.992892201883957,-0.119017122457346,0.),(0.,-0.11907308299832,-0.992885492343037),
(0.992883699611941,-0.119088030653398,0.),(0.,-0.119065647233332,-0.992886384058573),
(0.965917773355194,0.258849097190899,0.),(0.,0.258806123919153,-0.965929288417089),
(0.,1.,0.),(0.992883708719338,0.119087954721426,0.),(0.,0.119065571316132,
-0.992886393162462),(0.965917725135536,-0.258849277126653,0.),(0.,-1.,0.),
(0.,-0.258806303829323,-0.965929240212866)),$,(2,2,14,14,4,4,3,3,15,15,
11,11,11,8,8,8,7,7,7,10,10,10,6,6,6,5,5,5,1,1,13,13,12,12,12,16,16,9,9,
9),((1,3,5),(7,2,6),(5,3,9),(9,11,5),(5,11,15),(17,6,16),(7,6,17),(3,1,
20),(20,1,23),(2,26,24),(29,26,2),(29,2,7),(4,31,10),(10,33,12),(36,33,
10),(10,31,36),(38,4,22),(31,4,38),(35,14,13),(18,14,35),(27,21,25),(39,
21,27),(34,8,19),(30,40,28),(37,8,34),(32,40,30),(37,30,8),(32,30,37)),
());
#2040=COMPLEX_TRIANGULATED_FACE('ConvergentBody',#2047,40,((0.,-0.119083212921735,
0.992884277446388),(-0.992892329165636,-0.119016060613845,0.),(0.,-0.119076838920966,
0.992885041901927),(0.992885041901927,-0.119076838920966,0.),(0.,0.119083136988004,
0.992884286553623),(-0.992892338262348,0.119015984724432,0.),(-0.992892338262348,
0.119015984724432,0.),(0.,0.119083136988013,-0.992884286553621),(0.,0.11907676299638,
0.99288505100757),(0.99288505100757,0.119076762996379,0.),(0.,0.258827610747079,
0.96592353109082),(0.96592353109082,0.258827610747079,0.),(0.,1.,0.),(0.,
1.,0.),(0.,0.258827610747079,0.96592353109082),(-0.965958068907827,0.258698684016487,
0.),(-0.965958068907827,0.258698684016487,0.),(0.,1.,0.),(0.,0.258827610747098,
-0.965923531090815),(0.,-0.258827790670041,0.96592348287888),(0.,-1.,0.),
(0.96592348287888,-0.258827790670041,0.),(0.,-0.258827790670041,0.96592348287888),
(-0.965958020742183,-0.258698863862687,0.),(0.,-1.,0.),(-0.965958020742183,
-0.258698863862687,0.),(0.,-1.,0.),(0.,-0.258827790670061,-0.965923482878874),
(-0.992892329165636,-0.119016060613845,0.),(0.,-0.119083212921744,-0.992884277446387),
(0.992885041901927,-0.119076838920966,0.),(0.,-0.119076838920975,-0.992885041901926),
(0.96592353109082,0.258827610747079,0.),(0.,0.258827610747098,-0.965923531090815),
(0.,1.,0.),(0.99288505100757,0.119076762996379,0.),(0.,0.119076762996389,
-0.992885051007569),(0.96592348287888,-0.258827790670041,0.),(0.,-1.,0.),
(0.,-0.258827790670061,-0.965923482878874)),$,(2,2,14,14,4,4,3,3,16,16,
12,12,12,8,8,8,7,7,7,10,10,10,6,6,6,5,5,5,1,1,13,13,11,11,11,15,15,9,9,
9),((1,3,5),(7,2,6),(5,3,9),(9,11,5),(5,11,15),(17,6,16),(7,6,17),(3,1,
20),(20,1,23),(2,26,24),(29,26,2),(29,2,7),(4,31,10),(10,33,12),(36,33,
10),(10,31,36),(38,4,22),(31,4,38),(35,14,13),(18,14,35),(27,21,25),(39,
21,27),(34,8,19),(30,40,28),(37,8,34),(32,40,30),(37,30,8),(32,30,37)),
());
#2041=COMPLEX_TRIANGULATED_FACE('ConvergentBody',#2048,850,((-0.0115361580514467,
0.,0.999933456314675),(0.,-1.,0.),(0.,-1.,0.),(0.0112710612672908,0.,0.999936479571532),
(-0.0115361580514467,0.,0.999933456314675),(0.,1.,0.),(-0.0807397234480995,
0.,0.996735219131703),(0.,-1.,0.),(0.0112710612672908,0.,0.999936479571532),
(0.,1.,0.),(0.,1.,0.),(-0.707121392235624,0.707092169835554,0.),(0.,0.707128134608927,
-0.707085427119311),(-0.0807397234480995,0.,0.996735219131703),(0.,1.,0.),
(0.,1.,0.),(-0.999939374758807,0.,0.011011212783652),(0.,1.,0.),(-8.01312636948561E-6,
0.707115636428193,-0.707097925788601),(0.707126738475949,0.707086823127194,
1.70955571339422E-5),(0.,-1.,0.),(0.,-0.707128134608916,-0.707085427119323),
(-0.707121392235668,-0.707092169835511,0.),(0.,-1.,0.),(-0.999939374758807,
0.,0.011011212783652),(0.,-1.,0.),(0.707126781995797,-0.707086779605927,
1.70525144054394E-5),(-7.96998229434447E-6,-0.707115592845358,-0.707097969373013),
(0.0804963683800603,0.,0.996754902008323),(0.,1.,0.),(0.,1.,0.),(0.229128220558267,
0.,0.973396249501611),(0.,1.,0.),(0.404146635138691,0.,0.914694209725892),
(0.,1.,0.),(0.564974332676018,0.,0.825108479787529),(0.,1.,0.),(0.706867446355165,
0.,0.707346035037539),(0.,1.,0.),(0.824600121351352,0.,0.565716041727063),
(0.,1.,0.),(0.914827122760546,0.,0.403845682732477),(0.,1.,0.),(0.973519712215555,
0.,0.22860308381066),(0.,1.,0.),(0.996676691852867,0.,0.081459019864131),
(0.,1.,0.),(0.999929352875177,0.,0.0118865158322324),(0.0804963683800603,
0.,0.996754902008323),(0.,-1.,0.),(0.,-1.,0.),(0.229128220558267,0.,0.973396249501611),
(0.,-1.,0.),(0.404146635138691,0.,0.914694209725892),(0.,-1.,0.),(0.564974332676018,
0.,0.825108479787529),(0.,-1.,0.),(0.706867446355165,0.,0.707346035037539),
(0.,-1.,0.),(0.824600121351352,0.,0.565716041727063),(0.,-1.,0.),(0.914827122760546,
0.,0.403845682732477),(0.,-1.,0.),(0.973519712215555,0.,0.22860308381066),
(0.,-1.,0.),(0.996676691852867,0.,0.081459019864131),(0.,-1.,0.),(0.999929352875177,
0.,0.0118865158322324),(-0.228945816986086,0.,0.973439167531579),(0.,1.,
0.),(-0.228945816986086,0.,0.973439167531579),(0.,-1.,0.),(0.,-1.,0.),(-0.403727057660519,
0.,0.914879479993283),(-0.403727057660519,0.,0.914879479993283),(0.,1.,
0.),(-0.564919334184879,0.,0.825146136065675),(0.,-1.,0.),(-0.564919334184879,
0.,0.825146136065675),(0.,1.,0.),(-0.707406774396163,0.,0.706806660649442),
(0.,-1.,0.),(-0.707406774396163,0.,0.706806660649442),(0.,1.,0.),(-0.824932292881021,
0.,0.565231556233427),(0.,-1.,0.),(-0.824932292881021,0.,0.565231556233427),
(0.,1.,0.),(-0.914607929704499,0.,0.404341854031524),(0.,-1.,0.),(-0.914607929704499,
0.,0.404341854031524),(0.,1.,0.),(0.,1.,0.),(-0.973567060737192,0.,0.228401353427566),
(-0.973567060737192,0.,0.228401353427566),(0.,-1.,0.),(0.,-1.,0.),(-0.99681175779465,
0.,0.0797892193365766),(-0.99681175779465,0.,0.0797892193365766),(0.,1.,
0.),(0.99989756690648,0.,-0.0143127808095502),(0.,-1.,0.),(0.,1.,0.),(0.99989756690648,
0.,-0.0143127808095502),(-0.999939374758807,0.,-0.011011212783641),(0.,
1.,0.),(0.,1.,0.),(0.707085427119209,0.707128134609029,0.),(0.,0.70709216983544,
0.707121392235739),(0.,-1.,0.),(-0.999939374758807,0.,-0.011011212783641),
(-0.000284355931828021,0.706867405602792,-0.707346018606227),(0.0104198215186224,
0.,-0.999945712186177),(-0.000954743728374969,0.706244927260057,-0.707966942154681),
(0.0766608212438091,0.,-0.997057229293396),(0.000101063102094416,0.707187966374495,
-0.707025579453358),(0.215749077151552,0.,-0.97644883926822),(2.30133934801022E-5,
0.707142797846931,-0.707070762317039),(0.382516425749329,0.,-0.923948691233425),
(-5.6537109522889E-5,0.707072679758856,-0.707140878709601),(0.53884851109588,
0.,-0.842402684047097),(7.21115578041979E-5,0.707149155065817,-0.707064401090611),
(0.706924017936818,0.,-0.707289497210347),(0.706914069180692,0.707299309739385,
-0.000430391200201066),(0.707172840838338,0.707040715347143,4.69411923164442E-6),
(0.842518148407743,0.,-0.53866795858264),(0.707183088855495,0.707030459593574,
8.96866756515E-5),(0.924081801424162,0.,-0.382194746532021),(0.706848839260271,
0.707364535046567,-0.000364684467652732),(0.976385260790499,0.,-0.216036623078286),
(0.710332915767886,0.703857032759809,0.00352508315513027),(0.997239185689856,
0.,-0.0742563567961167),(0.708059904835508,0.706151569166933,0.00106420271052062),
(0.999969138396202,0.,-0.00785635126237705),(-0.000290401152619808,-0.706861861011134,
-0.707351556946789),(0.0104196825716011,0.,-0.999945713634049),(-0.000970657462619816,
-0.706230070344934,-0.707981740982548),(0.0766606898619145,0.,-0.997057239394958),
(0.000107436978096679,-0.707194185607189,-0.707019357797706),(0.215748877672236,
0.,-0.976448883343706),(1.4360677816917E-5,-0.707136227826138,-0.707077333174803),
(0.382515828992347,0.,-0.923948938291666),(-5.3680133122459E-5,-0.70707388787216,
-0.707139670933396),(0.538848764905833,0.,-0.842402521695809),(7.73018910019546E-5,
-0.707151749608958,-0.707061805678547),(0.706911471787611,-0.70730190253113,
-0.000435581126280196),(0.706924017946686,0.,-0.707289497200484),(0.707171633239024,
-0.707041923183253,1.83795567724828E-6),(0.84251798520886,0.,-0.538668213838169),
(0.707189657056367,-0.707023888763528,9.83371539976674E-5),(0.924082047674961,
0.,-0.382194151138988),(0.706842611854924,-0.707370754541184,-0.000371060567708423),
(0.97638530458973,0.,-0.216036425125994),(0.710347745108789,-0.703841986173041,
0.003541118304667),(0.997239196275923,0.,-0.0742562146284825),(0.708065463214264,
-0.706145986538711,0.00107027960813703),(0.999969139223828,0.,-0.00785624592010379),
(0.707085427119306,-0.707128134608932,0.),(0.,-1.,0.),(0.,-0.707092169835449,
0.707121392235729),(0.,0.707128134608927,-0.707085427119311),(-0.707121392235624,
0.707092169835554,0.),(-1.,0.,0.),(0.,0.,-1.),(-0.707121392235624,0.707092169835554,
0.),(0.,1.,0.),(0.,0.70709216983544,0.707121392235739),(0.,-0.707128134608916,
-0.707085427119323),(0.,0.,-1.),(-1.,0.,0.),(-0.707121392235668,-0.707092169835511,
0.),(-1.,0.,0.),(-0.707121392235668,-0.707092169835511,0.),(0.,0.,1.),(0.,
-0.707092169835449,0.707121392235729),(0.,-0.707092169835449,0.707121392235729),
(-0.707121392235668,-0.707092169835511,0.),(0.,-1.,0.),(-1.,0.,0.),(-0.707121392235624,
0.707092169835554,0.),(0.,0.70709216983544,0.707121392235739),(0.,0.,1.),
(1.,0.,0.),(0.707085427119306,-0.707128134608932,0.),(0.,-0.707092169835449,
0.707121392235729),(0.,0.,1.),(0.,0.,1.),(1.,0.,0.),(0.,0.70709216983544,
0.707121392235739),(0.707085427119209,0.707128134609029,0.),(0.,1.,0.),
(-0.707121392235624,0.707092169835554,0.),(0.,0.707110152908157,-0.707103409448861),
(0.,1.,0.),(0.,0.,1.),(-0.0241687622454819,0.,-0.999707892802453),(0.,1.,
0.),(5.76966297690809E-6,0.707109619125901,-0.707103943212265),(0.707133418242506,
0.707080143120582,-3.04084468033219E-6),(0.,-1.,0.),(0.,-0.707110152908145,
-0.707103409448872),(-0.707121392235668,-0.707092169835511,0.),(0.,-1.,
0.),(-0.0241687622454819,0.,-0.999707892802453),(0.,0.,1.),(0.,-1.,0.),
(0.707133461762763,-0.707080099596857,-3.08389009153012E-6),(5.81286160149644E-6,
-0.707109575503922,-0.707103986834237),(0.,1.,0.),(0.0243290797484904,0.,
-0.999704004132519),(0.,0.,1.),(0.,0.,1.),(0.,-1.,0.),(0.0243290797484904,
0.,-0.999704004132519),(-0.996813267162967,0.,-0.0797703604598302),(0.,
-1.,0.),(-0.996813267162967,0.,-0.0797703604598302),(0.,1.,0.),(0.,1.,0.),
(-0.973571381729599,0.,-0.228382934294835),(0.,1.,0.),(-0.914635080884792,
0.,-0.404280433381174),(0.,1.,0.),(-0.824870738777464,0.,-0.565321381436012),
(0.,1.,0.),(-0.707282332804647,0.,-0.706931185973866),(0.,1.,0.),(-0.565018633837829,
0.,-0.825078143823985),(0.,1.,0.),(-0.403837157607538,0.,-0.914830886085217),
(0.,1.,0.),(-0.238002783360036,0.,-0.971264472279757),(0.,1.,0.),(-0.110614378953304,
0.,-0.993863400658649),(0.,1.,0.),(-0.0443065320334604,0.,-0.999017983431313),
(0.,-1.,0.),(-0.973571381729599,0.,-0.228382934294835),(0.,-1.,0.),(-0.914635080884792,
0.,-0.404280433381174),(0.,-1.,0.),(-0.824870738777464,0.,-0.565321381436012),
(0.,-1.,0.),(-0.707282332804647,0.,-0.706931185973866),(0.,-1.,0.),(-0.565018633837829,
0.,-0.825078143823985),(0.,-1.,0.),(-0.403837157607538,0.,-0.914830886085217),
(0.,-1.,0.),(-0.238002783360036,0.,-0.971264472279757),(0.,-1.,0.),(-0.110614378953304,
0.,-0.993863400658649),(0.,-1.,0.),(-0.0443065320334604,0.,-0.999017983431313),
(0.996544445456841,0.,-0.0830612318059234),(0.,1.,0.),(0.996544445456841,
0.,-0.0830612318059234),(0.,-1.,0.),(0.973571381729627,0.,-0.228382934294719),
(0.,1.,0.),(0.973571381729627,0.,-0.228382934294719),(0.,-1.,0.),(0.,-1.,
0.),(0.914926745241568,0.,-0.403619933652527),(0.914926745241568,0.,-0.403619933652527),
(0.,1.,0.),(0.,1.,0.),(0.824919157662511,0.,-0.56525072606886),(0.824919157662511,
0.,-0.56525072606886),(0.,-1.,0.),(0.70683231508246,0.,-0.707381140796933),
(0.,1.,0.),(0.70683231508246,0.,-0.707381140796933),(0.,-1.,0.),(0.56501863383775,
0.,-0.82507814382404),(0.,1.,0.),(0.56501863383775,0.,-0.82507814382404),
(0.,-1.,0.),(0.403837157607538,0.,-0.914830886085217),(0.,1.,0.),(0.403837157607538,
0.,-0.914830886085217),(0.,-1.,0.),(0.238002783360036,0.,-0.971264472279757),
(0.,1.,0.),(0.238002783360036,0.,-0.971264472279757),(0.,-1.,0.),(0.,-1.,
0.),(0.110614378953344,0.,-0.993863400658645),(0.110614378953344,0.,-0.993863400658645),
(0.,1.,0.),(0.,1.,0.),(0.0443866354796804,0.,-0.999014427618938),(0.0443866354796804,
0.,-0.999014427618938),(0.,-1.,0.),(-0.010962935440779,0.,0.999939905217569),
(0.,1.,0.),(-0.010962935440779,0.,0.999939905217569),(0.,-1.,0.),(0.,-1.,
0.),(0.,0.,1.),(-0.0803424788506606,0.,0.996767317929381),(0.,-1.,0.),(0.,
0.,1.),(0.,1.,0.),(0.,1.,0.),(-0.999950890443631,0.,0.00991043394552603),
(-0.0803424788506606,0.,0.996767317929381),(0.,1.,0.),(0.,-1.,0.),(-0.999950890443631,
0.,0.00991043394552603),(0.,0.,1.),(0.,-1.,0.),(0.,0.,1.),(0.,1.,0.),(0.,
1.,0.),(0.999913019120791,0.,0.0131891695244341),(0.999913019120791,0.,
0.0131891695244341),(0.,-1.,0.),(0.,-1.,0.),(0.010608288470946,0.,0.999943730524732),
(0.010608288470946,0.,0.999943730524732),(0.,1.,0.),(0.,1.,0.),(0.0798356891666598,
0.,0.996808037053918),(0.,1.,0.),(0.229128220558267,0.,0.973396249501611),
(0.,1.,0.),(0.404146635138691,0.,0.914694209725892),(0.,1.,0.),(0.565253528010871,
0.,0.824917237710101),(0.,1.,0.),(0.706926942793671,0.,0.707286573852773),
(0.,1.,0.),(0.824619504018197,0.,0.565687788088785),(0.,1.,0.),(0.914816882442045,
0.,0.403868879215789),(0.,1.,0.),(0.973517586474268,0.,0.228612136216158),
(0.,1.,0.),(0.996594888043435,0.,0.0824537999469536),(0.0798356891666598,
0.,0.996808037053918),(0.,-1.,0.),(0.,-1.,0.),(0.229128220558267,0.,0.973396249501611),
(0.,-1.,0.),(0.404146635138691,0.,0.914694209725892),(0.,-1.,0.),(0.565253528010871,
0.,0.824917237710101),(0.,-1.,0.),(0.706926942793671,0.,0.707286573852773),
(0.,-1.,0.),(0.824619504018197,0.,0.565687788088785),(0.,-1.,0.),(0.914816882442045,
0.,0.403868879215789),(0.,-1.,0.),(0.973517586474268,0.,0.228612136216158),
(0.,-1.,0.),(0.996594888043435,0.,0.0824537999469536),(-0.228903522128085,
0.,0.973449114005122),(0.,1.,0.),(-0.228903522128085,0.,0.973449114005122),
(0.,-1.,0.),(0.,-1.,0.),(-0.403760204016569,0.,0.914864852124345),(-0.403760204016569,
0.,0.914864852124345),(0.,1.,0.),(-0.565129232102365,0.,0.825002394556156),
(0.,-1.,0.),(-0.565129232102365,0.,0.825002394556156),(0.,1.,0.),(-0.707344569551762,
0.,0.706868912830118),(0.,-1.,0.),(-0.707344569551762,0.,0.706868912830118),
(0.,1.,0.),(-0.824882546815429,0.,0.565304151726565),(0.,-1.,0.),(-0.824882546815429,
0.,0.565304151726565),(0.,1.,0.),(-0.914502228412492,0.,0.404580862410207),
(0.,-1.,0.),(-0.914502228412492,0.,0.404580862410207),(0.,1.,0.),(0.,1.,
0.),(-0.9735116632492,0.,0.22863735809744),(-0.9735116632492,0.,0.22863735809744),
(0.,-1.,0.),(0.,-1.,0.),(-0.996900477486795,0.,0.0786729812998055),(-0.996900477486795,
0.,0.0786729812998055),(0.,1.,0.),(0.99989756690648,0.,-0.0143127808095502),
(0.,-1.,0.),(0.,1.,0.),(0.99989756690648,0.,-0.0143127808095502),(-0.999950890443631,
0.,-0.00991043394558557),(0.,1.,0.),(0.,-1.,0.),(-0.999950890443631,0.,
-0.00991043394558557),(-9.09520249838199E-5,0.70702677507754,-0.707186772395512),
(0.0110997320712005,0.,-0.999938396076452),(-0.000295345966550929,0.706836859827561,
-0.707376537891859),(0.077379186335917,0.,-0.997001735967391),(-9.1734180259667E-6,
0.707099411252059,-0.707114150984718),(0.215486810437269,0.,-0.97650675088684),
(-1.92218631143771E-5,0.707079706905274,-0.707133854169967),(0.382354135570374,
0.,-0.924015862965692),(9.80276639595702E-5,0.707164558499431,-0.707048992356882),
(0.539176806250913,0.,-0.842192597688359),(7.21115578041979E-5,0.707149155065817,
-0.707064401090611),(0.706851012217911,0.,-0.707362457673938),(0.706914018593421,
0.707299360237585,-0.000430492280658856),(0.707172792104137,0.707040764090986,
4.6123162085651E-6),(0.842483138744071,0.,-0.53872271247084),(0.707183101450532,
0.707030446993144,8.97077519431859E-5),(0.924106261765893,0.,-0.382135600232517),
(0.706848847045848,0.707364527271658,-0.00036467478513238),(0.976394210321316,
0.,-0.215996171380451),(0.709142381173618,0.705061904801493,0.00218943396802027),
(0.997134153335338,0.,-0.0756536863095196),(0.707740186546256,0.706472484973397,
0.00067551682697348),(0.999957886329087,0.,-0.00917744889739633),(0.707121392235669,
0.707092169835509,0.),(0.,0.707110152908157,0.707103409448861),(0.,1.,0.),
(-9.70130865281379E-5,-0.707021218204602,-0.707192327162097),(0.0110995836643917,
0.,-0.999938397723818),(-0.000311305545748114,-0.706821981130916,-0.707391398081023),
(0.077379054587485,0.,-0.997001746192627),(-2.79717613204237E-6,-0.707105633523719,
-0.707107928841981),(0.215486611411068,0.,-0.976506794806147),(-2.7872617727254E-5,
-0.707073137144957,-0.707140423078123),(0.382353534739038,0.,-0.92401611158711),
(0.00010088514948823,-0.707165766382399,-0.707047783872477),(0.539177059209037,
0.,-0.842192435742981),(7.73018910019546E-5,-0.707151749608958,-0.707061805678547),
(0.70691142058957,-0.707301953637899,-0.000435683426016673),(0.706851012217911,
0.,-0.707362457673938),(0.707171584085575,-0.707041972345927,1.75534114470592E-6),
(0.842482975312978,0.,-0.538722968052962),(0.70718966818812,-0.707023877626484,
9.8356430094296E-5),(0.924106508072387,0.,-0.382135004596882),(0.706842617967638,
-0.707370748437021,-0.000371052965767005),(0.976394254016418,0.,-0.215995973859983),
(0.709157265753854,-0.7050468837362,0.00220548461593567),(0.997134163961705,
0.,-0.0756535462512578),(0.707745756255748,-0.706466899381377,0.000681601381492909),
(0.999957887459935,0.,-0.00917732568151905),(0.707121392235652,-0.707092169835527,
0.),(0.,-1.,0.),(0.,-0.707110152908145,0.707103409448872),(0.,0.707110152908157,
-0.707103409448861),(-0.707121392235624,0.707092169835554,0.),(-1.,0.,0.),
(0.,0.,-1.),(-0.707121392235624,0.707092169835554,0.),(0.,1.,0.),(0.,0.707110152908157,
0.707103409448861),(0.,-0.707110152908145,-0.707103409448872),(0.,0.,-1.),
(-1.,0.,0.),(-0.707121392235668,-0.707092169835511,0.),(-1.,0.,0.),(-0.707121392235668,
-0.707092169835511,0.),(0.,0.,1.),(0.,-0.707110152908145,0.707103409448872),
(0.,-0.707110152908145,0.707103409448872),(-0.707121392235668,-0.707092169835511,
0.),(0.,-1.,0.),(-1.,0.,0.),(-0.707121392235624,0.707092169835554,0.),(0.,
0.707110152908157,0.707103409448861),(0.,0.,1.),(1.,0.,0.),(0.707121392235652,
-0.707092169835527,0.),(0.,-0.707110152908145,0.707103409448872),(0.,0.,
1.),(0.,0.,1.),(1.,0.,0.),(0.,0.707110152908157,0.707103409448861),(0.707121392235669,
0.707092169835509,0.),(0.,1.,0.),(-0.707085427119426,0.707128134608813,
0.),(0.,0.70709216983544,-0.707121392235739),(0.,1.,0.),(0.,0.,1.),(-0.021924553244142,
0.,-0.999759628093196),(0.,1.,0.),(2.450145758576E-6,0.707098319249013,
-0.707115243018575),(0.707135417094054,0.707078144091966,-6.21921394318432E-6),
(0.,-1.,0.),(0.,-0.707092169835429,-0.70712139223575),(-0.707085427119416,
-0.707128134608822,0.),(0.,-1.,0.),(-0.021924553244142,0.,-0.999759628093196),
(0.,0.,1.),(0.,-1.,0.),(0.707135460608926,-0.707078100573188,-6.26224553735182E-6),
(2.49334782545107E-6,-0.707098275626859,-0.70711528663953),(0.,1.,0.),(0.0221184813414183,
0.,-0.999755356466345),(0.,0.,1.),(0.,0.,1.),(0.,-1.,0.),(0.0221184813414183,
0.,-0.999755356466345),(-0.996898988879984,0.,-0.0786918418266245),(0.,
-1.,0.),(-0.996898988879984,0.,-0.0786918418266245),(0.,1.,0.),(0.,1.,0.),
(-0.973507337443341,0.,-0.228655776100184),(0.,1.,0.),(-0.914529395643425,
0.,-0.404519448857618),(0.,1.,0.),(-0.824920507488217,0.,-0.565248756146692),
(0.,1.,0.),(-0.707344569552033,0.,-0.706868912829846),(0.,1.,0.),(-0.565129232101653,
0.,-0.825002394556644),(0.,1.,0.),(-0.403760204015868,0.,-0.914864852124654),
(0.,1.,0.),(-0.237790878647103,0.,-0.971316373810428),(0.,1.,0.),(-0.111383919650841,
0.,-0.993777451164603),(0.,1.,0.),(-0.0439587939784245,0.,-0.999033345005042),
(0.,-1.,0.),(-0.973507337443341,0.,-0.228655776100184),(0.,-1.,0.),(-0.914529395643425,
0.,-0.404519448857618),(0.,-1.,0.),(-0.824920507488217,0.,-0.565248756146692),
(0.,-1.,0.),(-0.707344569552033,0.,-0.706868912829846),(0.,-1.,0.),(-0.565129232101653,
0.,-0.825002394556644),(0.,-1.,0.),(-0.403760204015868,0.,-0.914864852124654),
(0.,-1.,0.),(-0.237790878647103,0.,-0.971316373810428),(0.,-1.,0.),(-0.111383919650841,
0.,-0.993777451164603),(0.,-1.,0.),(-0.0439587939784245,0.,-0.999033345005042),
(0.996542873828159,0.,-0.0830800855940516),(0.,1.,0.),(0.996542873828159,
0.,-0.0830800855940516),(0.,-1.,0.),(0.973507337443169,0.,-0.228655776100914),
(0.,1.,0.),(0.973507337443169,0.,-0.228655776100914),(0.,-1.,0.),(0.,-1.,
0.),(0.914918509873276,0.,-0.403638601091699),(0.914918509873276,0.,-0.403638601091699),
(0.,1.,0.),(0.,1.,0.),(0.825105091144384,0.,-0.564979281538375),(0.825105091144384,
0.,-0.564979281538375),(0.,-1.,0.),(0.70689462109928,0.,-0.707318877636463),
(0.,1.,0.),(0.70689462109928,0.,-0.707318877636463),(0.,-1.,0.),(0.56501863383775,
0.,-0.82507814382404),(0.,1.,0.),(0.56501863383775,0.,-0.82507814382404),
(0.,-1.,0.),(0.403717603460171,0.,-0.914883651977876),(0.,1.,0.),(0.403717603460171,
0.,-0.914883651977876),(0.,-1.,0.),(0.237875855850668,0.,-0.971295566345956),
(0.,1.,0.),(0.237875855850668,0.,-0.971295566345956),(0.,-1.,0.),(0.,-1.,
0.),(0.111294057775973,0.,-0.993787518891115),(0.111294057775973,0.,-0.993787518891115),
(0.,1.,0.),(0.,1.,0.),(0.0439653511134974,0.,-0.999033056460829),(0.0439653511134974,
0.,-0.999033056460829),(0.,-1.,0.),(-0.0120587725015445,0.,0.999927290359532),
(0.,1.,0.),(-0.0120587725015445,0.,0.999927290359532),(0.,-1.,0.),(0.,-1.,
0.),(0.,0.,1.),(-0.0812986404291238,0.,0.996689786776395),(0.,-1.,0.),(0.,
0.,1.),(0.,1.,0.),(0.,1.,0.),(-0.999939508029998,0.,0.0109991036328423),
(-0.0812986404291238,0.,0.996689786776395),(0.,1.,0.),(0.,-1.,0.),(-0.999939508029998,
0.,0.0109991036328423),(0.,0.,1.),(0.,-1.,0.),(0.,0.,1.),(0.,1.,0.),(0.,
1.,0.),(0.999912558517405,0.,0.0132240432235082),(0.999912558517405,0.,
0.0132240432235082),(0.,-1.,0.),(0.,-1.,0.),(0.0119337894940118,0.,0.99992878979871),
(0.0119337894940118,0.,0.99992878979871),(0.,1.,0.),(0.,1.,0.),(0.0812025311712145,
0.,0.996697621614193),(0.,1.,0.),(0.229019956800976,0.,0.97342172740641),
(0.,1.,0.),(0.403987974453689,0.,0.914764295595759),(0.,1.,0.),(0.565239899937285,
0.,0.824926575835018),(0.,1.,0.),(0.706852176795458,0.,0.707361293936502),
(0.,1.,0.),(0.824559704725654,0.,0.565774949377173),(0.,1.,0.),(0.914838059285988,
0.,0.403820907435272),(0.,1.,0.),(0.973529573113477,0.,0.228561086525007),
(0.,1.,0.),(0.996592011717426,0.,0.0824885578793436),(0.0812025311712145,
0.,0.996697621614193),(0.,-1.,0.),(0.,-1.,0.),(0.229019956800976,0.,0.97342172740641),
(0.,-1.,0.),(0.403987974453689,0.,0.914764295595759),(0.,-1.,0.),(0.565239899937285,
0.,0.824926575835018),(0.,-1.,0.),(0.706852176795458,0.,0.707361293936502),
(0.,-1.,0.),(0.824559704725654,0.,0.565774949377173),(0.,-1.,0.),(0.914838059285988,
0.,0.403820907435272),(0.,-1.,0.),(0.973529573113477,0.,0.228561086525007),
(0.,-1.,0.),(0.996592011717426,0.,0.0824885578793436),(-0.228897691279366,
0.,0.973450485092578),(0.,1.,0.),(-0.228897691279366,0.,0.973450485092578),
(0.,-1.,0.),(0.,-1.,0.),(-0.403757064269744,0.,0.914866237792322),(-0.403757064269744,
0.,0.914866237792322),(0.,1.,0.),(-0.565018633838683,0.,0.825078143823401),
(0.,-1.,0.),(-0.565018633838683,0.,0.825078143823401),(0.,1.,0.),(-0.707432486456823,
0.,0.706780925821797),(0.,-1.,0.),(-0.707432486456823,0.,0.706780925821797),
(0.,1.,0.),(-0.824990808363194,0.,0.565146145803228),(0.,-1.,0.),(-0.824990808363194,
0.,0.565146145803228),(0.,1.,0.),(-0.914529395643075,0.,0.40451944885841),
(0.,-1.,0.),(-0.914529395643075,0.,0.40451944885841),(0.,1.,0.),(0.,1.,
0.),(-0.973507337443368,0.,0.228655776100068),(-0.973507337443368,0.,0.228655776100068),
(0.,-1.,0.),(0.,-1.,0.),(-0.996812723959772,0.,0.0797771480556828),(-0.996812723959772,
0.,0.0797771480556828),(0.,1.,0.),(0.999896658929756,0.,-0.0143760725203745),
(0.,-1.,0.),(0.,1.,0.),(0.999896658929756,0.,-0.0143760725203745),(-0.999938837246147,
0.,-0.0110599171255804),(0.,1.,0.),(0.,1.,0.),(0.707121392235669,0.707092169835509,
0.),(0.,0.707128134608927,0.707085427119311),(0.,-1.,0.),(-0.999938837246147,
0.,-0.0110599171255804),(0.000103172482398605,0.707186736272348,-0.707026809531225),
(0.0117523932124605,0.,-0.999930938242127),(0.000364867622609683,0.707428721575712,
-0.706784599974682),(0.078069581530314,0.,-0.996947912601095),(-9.1734180259667E-6,
0.707099411252059,-0.707114150984718),(0.215486810437269,0.,-0.97650675088684),
(-1.92218631143771E-5,0.707079706905274,-0.707133854169967),(0.382354135570374,
0.,-0.924015862965692),(1.84628035961072E-5,0.707117265947396,-0.707096296029193),
(0.539102790230389,0.,-0.842239978608121),(-8.08625020185807E-5,0.707058217263653,
-0.70715533715104),(0.706759544560503,0.,-0.707453847379905),(0.706914023397353,
0.707299355431406,-0.000430500271174142),(0.707172788583639,0.707040767612179,
4.60656605423502E-6),(0.842483138744071,0.,-0.53872271247084),(0.70705019070837,
0.707163359993987,-0.000100505087744323),(0.923955239513044,0.,-0.382500608334672),
(0.706990587466701,0.707222917713456,-0.000232151580527449),(0.976423192961481,
0.,-0.215865115863835),(0.709233269683281,0.704970154866173,0.00229127089763529),
(0.997158224364529,0.,-0.0753357523502593),(0.707740997416521,0.706471671781627,
0.000676421422339871),(0.999957775707946,0.,-0.0091894940675228),(9.71116888878203E-5,
-0.707181181592588,-0.707032366282217),(0.0117522360842143,0.,-0.999930940088875),
(0.000348914032539905,-0.707413867672166,-0.70679947515834),(0.0780694513033115,
0.,-0.996947922798979),(-2.79717613204237E-6,-0.707105633523719,-0.707107928841981),
(0.215486611411068,0.,-0.976506794806147),(-2.7872617727254E-5,-0.707073137144957,
-0.707140423078123),(0.382353534739038,0.,-0.92401611158711),(2.132021684505E-5,
-0.707118474061778,-0.707095087796536),(0.539103042891517,0.,-0.842239816884186),
(-7.56722749317789E-5,-0.707060812701939,-0.707152742634136),(0.706911425451443,
-0.707301948773729,-0.000435691512840344),(0.706759544569365,0.,-0.707453847371052),
(0.707171580581391,-0.707041975850767,1.749511792193E-6),(0.842482975312978,
0.,-0.538722968052962),(0.707056759665065,-0.707156793203827,-9.18565126408206E-5),
(0.923955485176168,0.,-0.382500014918786),(0.706984362823959,-0.707229138135194,
-0.00023852662454857),(0.976423236934961,0.,-0.215864916958392),(0.709248179546133,
-0.704955102067286,0.00230735341873621),(0.997158234970335,0.,-0.0753356119696768),
(0.707746574415274,-0.706466078858653,0.000682514120290662),(0.999957776843258,
0.,-0.00918937052737562),(0.707121392235652,-0.707092169835527,0.),(0.,
-1.,0.),(0.,-0.707128134608937,0.707085427119302),(0.,0.70709216983544,
-0.707121392235739),(-0.707085427119426,0.707128134608813,0.),(-1.,0.,0.),
(0.,0.,-1.),(-0.707085427119426,0.707128134608813,0.),(0.,1.,0.),(0.,0.707128134608927,
0.707085427119311),(0.,-0.707092169835429,-0.70712139223575),(0.,0.,-1.),
(-1.,0.,0.),(-0.707085427119416,-0.707128134608822,0.),(-1.,0.,0.),(-0.707085427119416,
-0.707128134608822,0.),(0.,0.,1.),(0.,-0.707128134608937,0.707085427119302),
(0.,-0.707128134608937,0.707085427119302),(-0.707085427119416,-0.707128134608822,
0.),(0.,-1.,0.),(-1.,0.,0.),(-0.707085427119426,0.707128134608813,0.),(0.,
0.707128134608927,0.707085427119311),(0.,0.,1.),(1.,0.,0.),(0.707121392235652,
-0.707092169835527,0.),(0.,-0.707128134608937,0.707085427119302),(0.,0.,
1.),(0.,0.,1.),(1.,0.,0.),(0.,0.707128134608927,0.707085427119311),(0.707121392235669,
0.707092169835509,0.),(0.,1.,0.),(-0.0109629354373014,0.,-0.999939905217607),
(-0.0109629354373014,0.,-0.999939905217607),(0.,-1.,0.),(0.,1.,0.),(0.0110599171221786,
0.,-0.999938837246184),(0.0110599171221786,0.,-0.999938837246184),(0.,-1.,
0.),(0.,-1.,0.),(-0.99681540993215,0.,-0.0797435798155534),(-0.99681540993215,
0.,-0.0797435798155534),(0.,1.,0.),(0.,1.,0.),(-0.973538953181295,0.,-0.228521129523439),
(0.,1.,0.),(-0.914411124300733,0.,-0.404786728728931),(0.,1.,0.),(-0.8249003313178,
0.,-0.565278199996943),(0.,1.,0.),(-0.70770664033825,0.,-0.706506412724716),
(0.,1.,0.),(-0.564895534949944,0.,-0.825162429218403),(0.,1.,0.),(-0.403426645620233,
0.,-0.915011989868771),(0.,1.,0.),(-0.22942952801524,0.,-0.973325275370318),
(0.,1.,0.),(-0.0807509144978183,0.,-0.996734312546611),(0.,-1.,0.),(-0.973538953181295,
0.,-0.228521129523439),(0.,-1.,0.),(-0.914411124300733,0.,-0.404786728728931),
(0.,-1.,0.),(-0.8249003313178,0.,-0.565278199996943),(0.,-1.,0.),(-0.70770664033825,
0.,-0.706506412724716),(0.,-1.,0.),(-0.564895534949944,0.,-0.825162429218403),
(0.,-1.,0.),(-0.403426645620233,0.,-0.915011989868771),(0.,-1.,0.),(-0.22942952801524,
0.,-0.973325275370318),(0.,-1.,0.),(-0.0807509144978183,0.,-0.996734312546611),
(0.9965454649846,0.,-0.0830489989020185),(0.,1.,0.),(0.,1.,0.),(0.0808093084513398,
0.,-0.996729580010354),(0.9965454649846,0.,-0.0830489989020185),(0.,-1.,
0.),(0.,-1.,0.),(0.0808093084513398,0.,-0.996729580010354),(0.973538953181079,
0.,-0.228521129524359),(0.,1.,0.),(0.973538953181079,0.,-0.228521129524359),
(0.,-1.,0.),(0.,-1.,0.),(0.914800818880958,0.,-0.403905263365964),(0.914800818880958,
0.,-0.403905263365964),(0.,1.,0.),(0.,1.,0.),(0.824965375748366,0.,-0.565183270113648),
(0.824965375748366,0.,-0.565183270113648),(0.,-1.,0.),(0.707106781186083,
0.,-0.707106781187012),(0.,1.,0.),(0.707106781186083,0.,-0.707106781187012),
(0.,-1.,0.),(0.56489553495001,0.,-0.825162429218358),(0.,1.,0.),(0.56489553495001,
0.,-0.825162429218358),(0.,-1.,0.),(0.403506751720806,0.,-0.914976667088142),
(0.,1.,0.),(0.403506751720806,0.,-0.914976667088142),(0.,-1.,0.),(0.22947736282325,
0.,-0.973313998641593),(0.,1.,0.),(0.22947736282325,0.,-0.973313998641593),
(0.,-1.,0.)),$,(138,138,281,281,140,140,133,133,282,282,248,248,248,136,
136,32,32,152,152,152,246,246,246,30,30,150,150,150,286,286,298,298,310,
310,322,322,336,336,360,360,376,376,380,380,384,384,388,388,285,285,297,
297,309,309,321,321,335,335,359,359,375,375,379,379,383,383,386,386,108,
108,106,106,94,94,96,96,86,86,88,88,74,74,76,76,62,62,64,64,50,50,52,52,
48,48,46,46,34,34,36,36,385,385,387,387,31,31,151,151,151,29,29,224,224,
222,222,214,214,208,208,202,202,196,196,196,190,190,186,186,182,182,180,
180,175,175,223,223,221,221,213,213,207,207,201,201,195,195,195,189,189,
185,185,181,181,179,179,177,177,149,149,149,235,235,235,235,247,247,247,
233,233,233,233,236,236,236,236,245,245,245,234,234,234,234,176,176,176,
176,178,178,178,178,244,244,244,139,139,139,148,148,148,242,242,242,137,
137,137,146,146,146,263,263,263,262,262,262,33,33,35,35,47,47,51,51,63,
63,75,75,87,87,95,95,107,107,130,130,135,135,45,45,49,49,61,61,73,73,85,
85,93,93,105,105,127,127,132,132,382,382,381,381,378,378,377,377,365,365,
366,366,346,346,345,345,330,330,329,329,316,316,315,315,302,302,301,301,
288,288,287,287,273,273,274,274,270,270,268,268,129,129,126,126,131,131,
121,121,134,134,16,16,124,124,14,14,267,267,269,269,373,373,372,372,275,
275,276,276,278,278,292,292,304,304,314,314,326,326,340,340,358,358,364,
364,370,370,277,277,291,291,303,303,313,313,325,325,339,339,357,357,363,
363,369,369,104,104,102,102,90,90,92,92,78,78,80,80,66,66,68,68,54,54,56,
56,38,38,40,40,28,28,26,26,18,18,20,20,371,371,374,374,15,15,13,13,220,
220,218,218,210,210,204,204,198,198,192,192,192,184,184,174,174,170,170,
168,168,163,163,147,147,147,219,219,217,217,209,209,203,203,197,197,191,
191,191,183,183,173,173,169,169,167,167,165,165,145,145,145,232,232,232,
232,243,243,243,230,230,230,230,229,229,229,229,241,241,241,231,231,231,
231,164,164,164,164,166,166,166,166,240,240,240,128,128,128,143,143,143,
238,238,238,125,125,125,142,142,142,254,254,254,253,253,253,17,17,19,19,
27,27,39,39,55,55,67,67,79,79,91,91,103,103,117,117,123,123,25,25,37,37,
53,53,65,65,77,77,89,89,101,101,115,115,120,120,368,368,367,367,362,362,
361,361,347,347,348,348,332,332,331,331,320,320,319,319,308,308,307,307,
294,294,293,293,280,280,279,279,259,259,260,260,258,258,256,256,116,116,
114,114,119,119,110,110,122,122,3,3,111,111,2,2,255,255,257,257,356,356,
354,354,261,261,264,264,266,266,284,284,296,296,306,306,318,318,328,328,
338,338,344,344,352,352,265,265,283,283,295,295,305,305,317,317,327,327,
337,337,343,343,351,351,99,99,98,98,82,82,83,83,70,70,71,71,58,58,59,59,
42,42,43,43,22,22,23,23,11,11,10,10,6,6,7,7,353,353,355,355,4,4,144,144,
144,1,1,216,216,212,212,206,206,200,200,194,194,188,188,188,172,172,162,
162,160,160,158,158,156,156,215,215,211,211,205,205,199,199,193,193,187,
187,187,171,171,161,161,159,159,157,157,154,154,141,141,141,228,228,228,
228,239,239,239,226,226,226,226,225,225,225,225,237,237,237,227,227,227,
227,153,153,153,153,155,155,155,155,118,118,113,113,250,250,249,249,5,5,
8,8,12,12,24,24,44,44,60,60,72,72,84,84,100,100,112,112,9,9,21,21,41,41,
57,57,69,69,81,81,97,97,109,109,350,350,252,252,349,349,251,251,342,342,
341,341,333,333,334,334,324,324,323,323,312,312,311,311,300,300,299,299,
290,290,289,289,272,272,271,271),((1,4,5),(1,5,7),(5,4,9),(10,11,6),(7,
5,14),(15,6,16),(16,6,18),(6,11,18),(2,21,3),(8,24,2),(2,24,26),(26,21,
2),(9,4,29),(30,31,10),(10,31,33),(33,35,10),(10,35,37),(37,39,10),(10,
39,41),(41,43,10),(10,43,45),(45,47,10),(47,11,10),(29,4,49),(3,51,50),
(53,51,3),(3,55,53),(57,55,3),(3,59,57),(61,59,3),(3,63,61),(65,63,3),(65,
3,67),(67,3,21),(29,49,32),(32,49,52),(7,14,69),(16,70,15),(7,69,71),(8,
72,24),(32,52,34),(34,52,54),(69,74,71),(75,74,69),(76,70,16),(24,72,73),
(34,54,36),(36,54,56),(75,77,74),(79,77,75),(16,80,76),(73,78,24),(36,56,
38),(38,56,58),(79,81,77),(83,81,79),(84,80,16),(24,78,82),(38,58,40),(40,
58,60),(83,85,81),(87,85,83),(16,88,84),(82,86,24),(40,60,42),(42,60,62),
(87,89,85),(91,89,87),(92,88,16),(24,86,90),(42,62,44),(44,62,64),(89,91,
94),(16,93,92),(89,94,95),(90,96,24),(44,64,46),(46,64,66),(94,98,95),(99,
98,94),(100,93,16),(24,96,97),(66,48,46),(68,48,66),(101,48,68),(103,11,
47),(104,48,101),(67,21,102),(99,25,98),(17,25,99),(17,105,25),(107,16,
18),(106,16,107),(110,26,24),(25,105,111),(13,112,19),(112,114,19),(19,
114,116),(116,118,19),(19,118,120),(120,122,19),(124,125,20),(20,125,127),
(127,129,20),(20,129,131),(131,133,20),(133,108,20),(135,22,28),(137,135,
28),(28,139,137),(141,139,28),(28,143,141),(145,143,28),(148,146,27),(27,
150,148),(152,150,27),(27,154,152),(156,154,27),(158,156,27),(26,110,159),
(13,161,112),(12,165,162),(166,11,103),(168,22,135),(173,23,171),(177,23,
173),(102,21,178),(113,164,136),(136,138,113),(113,138,115),(136,164,169),
(163,179,170),(162,165,180),(170,179,172),(115,138,117),(117,138,140),(117,
140,119),(119,140,142),(119,142,121),(121,142,144),(121,144,123),(123,144,
147),(123,147,126),(126,147,149),(126,149,128),(128,149,151),(128,151,130),
(130,151,153),(130,153,132),(132,153,155),(155,134,132),(157,134,155),(157,
183,134),(134,183,188),(190,108,133),(158,184,156),(174,187,186),(182,187,
174),(181,109,189),(160,175,185),(167,109,181),(176,175,160),(191,107,166),
(194,106,107),(197,194,107),(197,107,191),(159,200,178),(110,203,159),(203,
206,159),(206,200,159),(103,209,166),(191,166,209),(178,213,102),(178,200,
213),(111,105,215),(215,105,217),(106,219,218),(221,219,106),(106,223,221),
(225,223,106),(106,227,225),(229,227,106),(106,231,229),(233,231,106),(106,
235,233),(194,235,106),(216,237,110),(110,237,239),(239,241,110),(110,241,
243),(243,245,110),(110,245,247),(247,249,110),(110,249,251),(251,253,110),
(110,253,203),(104,101,255),(103,256,209),(255,101,257),(258,102,213),(215,
217,220),(215,220,238),(255,257,259),(209,256,260),(259,257,261),(262,258,
213),(220,240,238),(222,240,220),(264,259,261),(264,265,259),(260,266,209),
(213,263,262),(222,242,240),(224,242,222),(265,264,268),(209,266,267),(268,
264,269),(270,263,213),(224,244,242),(226,244,224),(268,269,271),(267,272,
209),(271,269,273),(213,274,270),(226,246,244),(228,246,226),(271,273,275),
(209,272,276),(275,273,277),(278,274,213),(228,248,246),(230,248,228),(275,
277,279),(276,280,209),(279,277,281),(213,282,278),(248,230,232),(248,232,
250),(279,281,283),(209,280,284),(283,281,285),(286,282,213),(232,252,250),
(234,252,232),(288,283,285),(288,289,283),(284,290,209),(213,287,286),(234,
254,252),(236,254,234),(289,288,292),(209,290,291),(292,288,293),(294,287,
213),(236,204,254),(196,204,236),(293,210,292),(214,210,293),(295,297,300),
(297,295,301),(300,303,295),(296,304,305),(301,295,307),(308,296,305),(299,
298,309),(309,298,302),(205,303,300),(195,303,205),(304,194,305),(299,309,
203),(305,194,197),(203,309,206),(212,311,211),(211,311,313),(209,314,315),
(315,191,209),(312,213,318),(200,318,213),(313,311,320),(320,321,313),(315,
314,322),(312,318,319),(321,320,324),(323,325,322),(322,325,327),(327,329,
322),(322,329,331),(331,333,322),(322,333,335),(335,337,322),(322,337,339),
(339,315,322),(324,320,341),(319,343,342),(345,343,319),(319,347,345),(349,
347,319),(319,351,349),(353,351,319),(319,355,353),(357,355,319),(319,318,
357),(324,341,326),(326,341,344),(301,307,359),(305,360,308),(301,359,361),
(302,362,309),(326,344,328),(328,344,346),(359,364,361),(365,364,359),(366,
360,305),(309,362,363),(328,346,330),(330,346,348),(365,367,364),(369,367,
365),(305,370,366),(363,368,309),(330,348,332),(332,348,350),(369,371,367),
(373,371,369),(374,370,305),(309,368,372),(332,350,334),(334,350,352),(373,
375,371),(377,375,373),(305,378,374),(372,376,309),(334,352,336),(336,352,
354),(377,379,375),(381,379,377),(382,378,305),(309,376,380),(336,354,338),
(338,354,356),(379,381,384),(305,383,382),(379,384,385),(380,386,309),(338,
356,340),(340,356,358),(384,388,385),(389,388,384),(390,383,305),(309,386,
387),(358,316,340),(317,316,358),(391,316,317),(393,191,315),(394,316,391),
(392,318,200),(389,310,388),(306,310,389),(306,395,310),(197,396,305),(309,
397,206),(310,395,398),(193,399,198),(399,401,198),(198,401,403),(403,405,
198),(198,405,407),(407,409,198),(411,412,199),(199,412,414),(414,416,199),
(199,416,418),(418,420,199),(420,422,199),(424,396,197),(425,201,208),(427,
425,208),(208,429,427),(431,429,208),(208,433,431),(435,433,208),(438,436,
207),(207,440,438),(442,440,207),(207,444,442),(446,444,207),(448,446,207),
(206,397,449),(193,451,399),(192,455,452),(456,191,393),(458,201,425),(463,
202,461),(467,202,463),(200,468,392),(400,454,426),(426,428,400),(400,428,
402),(426,454,459),(453,469,460),(452,455,470),(460,469,462),(402,428,404),
(404,428,430),(404,430,406),(406,430,432),(406,432,408),(408,432,434),(408,
434,410),(410,434,437),(410,437,413),(413,437,439),(413,439,415),(415,439,
441),(415,441,417),(417,441,443),(417,443,419),(419,443,445),(445,421,419),
(447,421,445),(447,473,421),(421,473,478),(480,422,420),(448,474,446),(464,
477,476),(472,477,464),(471,423,479),(450,465,475),(457,423,471),(466,465,
450),(481,424,456),(424,484,396),(487,484,424),(487,424,481),(449,490,468),
(493,449,397),(493,496,449),(449,496,490),(393,499,456),(481,456,499),(468,
503,392),(490,503,468),(398,395,505),(505,395,507),(396,509,508),(511,509,
396),(396,513,511),(515,513,396),(396,517,515),(519,517,396),(396,521,519),
(523,521,396),(396,525,523),(484,525,396),(506,527,397),(397,527,529),(529,
531,397),(397,531,533),(533,535,397),(397,535,537),(537,539,397),(397,539,
541),(541,543,397),(397,543,493),(394,391,545),(393,546,499),(545,391,547),
(503,548,392),(505,507,510),(505,510,528),(545,547,549),(499,546,550),(549,
547,551),(552,548,503),(510,530,528),(512,530,510),(554,549,551),(554,555,
549),(550,556,499),(503,553,552),(512,532,530),(514,532,512),(555,554,558),
(499,556,557),(558,554,559),(560,553,503),(514,534,532),(516,534,514),(558,
559,561),(557,562,499),(561,559,563),(503,564,560),(516,536,534),(518,536,
516),(561,563,565),(499,562,566),(565,563,567),(568,564,503),(518,538,536),
(520,538,518),(565,567,569),(566,570,499),(569,567,571),(503,572,568),(538,
520,522),(538,522,540),(569,571,573),(499,570,574),(573,571,575),(576,572,
503),(522,542,540),(524,542,522),(578,573,575),(578,579,573),(574,580,499),
(503,577,576),(524,544,542),(526,544,524),(579,578,582),(499,580,581),(582,
578,583),(584,577,503),(526,494,544),(486,494,526),(583,500,582),(504,500,
583),(585,587,590),(587,585,591),(590,593,585),(586,594,595),(591,585,597),
(598,586,595),(599,589,588),(588,592,599),(495,593,590),(485,593,495),(594,
484,595),(493,589,599),(595,484,487),(493,599,496),(502,601,501),(501,601,
603),(499,604,605),(605,481,499),(608,602,503),(608,503,490),(603,601,610),
(610,611,603),(605,604,612),(609,602,608),(611,610,614),(613,615,612),(612,
615,617),(617,619,612),(612,619,621),(621,623,612),(612,623,625),(625,627,
612),(612,627,629),(629,605,612),(614,610,631),(609,633,632),(635,633,609),
(609,637,635),(639,637,609),(609,641,639),(643,641,609),(609,645,643),(647,
645,609),(647,609,608),(614,631,616),(616,631,634),(591,597,649),(595,650,
598),(591,649,651),(599,592,652),(616,634,618),(618,634,636),(649,654,651),
(655,654,649),(656,650,595),(652,653,599),(618,636,620),(620,636,638),(655,
657,654),(659,657,655),(595,660,656),(599,653,658),(620,638,622),(622,638,
640),(659,661,657),(663,661,659),(664,660,595),(658,662,599),(622,640,624),
(624,640,642),(663,665,661),(667,665,663),(595,668,664),(599,662,666),(624,
642,626),(626,642,644),(667,669,665),(671,669,667),(672,668,595),(666,670,
599),(626,644,628),(628,644,646),(669,671,674),(595,673,672),(669,674,675),
(599,670,676),(628,646,630),(630,646,648),(674,678,675),(679,678,674),(680,
673,595),(676,677,599),(648,606,630),(607,606,648),(681,606,607),(683,481,
605),(684,606,681),(682,608,490),(679,600,678),(596,600,679),(596,685,600),
(687,595,487),(686,595,687),(599,690,496),(600,685,691),(483,692,488),(692,
694,488),(488,694,696),(696,698,488),(488,698,700),(700,702,488),(704,705,
489),(489,705,707),(707,709,489),(489,709,711),(711,713,489),(713,688,489),
(715,491,498),(717,715,498),(498,719,717),(721,719,498),(498,723,721),(725,
723,498),(728,726,497),(497,730,728),(732,730,497),(497,734,732),(736,734,
497),(738,736,497),(496,690,739),(483,741,692),(482,745,742),(746,481,683),
(748,491,715),(753,492,751),(757,492,753),(758,682,490),(693,744,716),(716,
718,693),(693,718,695),(716,744,749),(743,759,750),(742,745,760),(750,759,
752),(695,718,697),(697,718,720),(697,720,699),(699,720,722),(699,722,701),
(701,722,724),(701,724,703),(703,724,727),(703,727,706),(706,727,729),(706,
729,708),(708,729,731),(708,731,710),(710,731,733),(710,733,712),(712,733,
735),(735,714,712),(737,714,735),(737,763,714),(714,763,768),(770,688,713),
(738,764,736),(754,767,766),(762,767,754),(761,689,769),(740,755,765),(747,
689,761),(756,755,740),(687,746,771),(771,686,687),(758,739,774),(774,739,
690),(775,746,683),(771,746,775),(758,778,682),(774,778,758),(691,685,780),
(780,685,781),(783,782,686),(686,785,783),(787,785,686),(686,789,787),(791,
789,686),(686,793,791),(795,793,686),(686,797,795),(771,797,686),(779,799,
690),(690,799,801),(801,803,690),(690,803,805),(805,807,690),(690,807,809),
(809,811,690),(690,811,813),(813,774,690),(684,681,815),(817,683,816),(775,
683,817),(815,681,819),(821,820,682),(682,778,821),(780,781,784),(780,784,
800),(815,819,823),(816,824,817),(823,819,825),(826,820,821),(784,802,800),
(786,802,784),(828,823,825),(828,829,823),(817,824,830),(821,827,826),(786,
804,802),(788,804,786),(829,828,832),(830,831,817),(832,828,833),(834,827,
821),(788,806,804),(790,806,788),(832,833,835),(817,831,836),(835,833,837),
(821,838,834),(790,808,806),(792,808,790),(835,837,839),(836,840,817),(839,
837,841),(842,838,821),(792,810,808),(794,810,792),(839,841,843),(817,840,
844),(843,841,845),(821,846,842),(810,794,796),(810,796,812),(843,845,847),
(844,848,817),(847,845,849),(850,846,821),(796,814,812),(798,814,796),(822,
847,849),(822,818,847),(798,773,814),(772,773,798),(822,776,818),(777,776,
822),(772,776,773),(773,776,777)),());
#2042=COMPLEX_TRIANGULATED_FACE('ConvergentBody',#2049,560,((-0.0115234999177156,
0.,0.999933602270494),(0.,-1.,0.),(0.,-1.,0.),(0.01127106126851,0.,0.999936479571518),
(-0.0115234999177156,0.,0.999933602270494),(0.,1.,0.),(-0.0807460932198794,
0.,0.996734703133049),(0.,-1.,0.),(0.01127106126851,0.,0.999936479571518),
(0.,1.,0.),(0.,1.,0.),(-0.707103128468541,0.707110433885685,0.),(0.,0.707110433885685,
-0.707103128468541),(-0.0807460932198794,0.,0.996734703133049),(0.,1.,0.),
(0.,1.,0.),(-0.999939374758844,0.,0.0110112127802253),(0.,1.,0.),(3.75535885713468E-6,
0.707111009735821,-0.707102552602014),(0.707131024998602,0.707082536521096,
5.59648330962643E-6),(0.,-1.,0.),(0.,-0.707110152908231,-0.707103409448786),
(-0.707103409448872,-0.707110152908145,0.),(0.,-1.,0.),(-0.999939374758844,
0.,0.0110112127802253),(0.,-1.,0.),(0.707131120688226,-0.707082440826454,
5.39614941919406E-6),(3.95584206268222E-6,-0.707110913949747,-0.707102648388128),
(0.080519141381909,0.,0.996753062634432),(0.,1.,0.),(0.,1.,0.),(0.229150459840198,
0.,0.973391014318),(0.,1.,0.),(0.404072996392427,0.,0.914726742577501),
(0.,1.,0.),(0.564995009800103,0.,0.825094321214843),(0.,1.,0.),(0.706852160035161,
0.,0.707361310684736),(0.,1.,0.),(0.824609784455931,0.,0.565701956315817),
(0.,1.,0.),(0.914885370831516,0.,0.403713708261783),(0.,1.,0.),(0.973519712215566,
0.,0.228603083810613),(0.,1.,0.),(0.996622702988569,0.,0.0821169159659483),
(0.,1.,0.),(0.999921288640207,0.,0.012546574198113),(0.080519141381909,
0.,0.996753062634432),(0.,-1.,0.),(0.,-1.,0.),(0.229150459840198,0.,0.973391014318),
(0.,-1.,0.),(0.404072996392427,0.,0.914726742577501),(0.,-1.,0.),(0.564995009800103,
0.,0.825094321214843),(0.,-1.,0.),(0.706852160035161,0.,0.707361310684736),
(0.,-1.,0.),(0.824609784455931,0.,0.565701956315817),(0.,-1.,0.),(0.914885370831516,
0.,0.403713708261783),(0.,-1.,0.),(0.973519712215566,0.,0.228603083810613),
(0.,-1.,0.),(0.996622702988569,0.,0.0821169159659483),(0.,-1.,0.),(0.999921288640207,
0.,0.012546574198113),(-0.228921738002326,0.,0.973444830419266),(0.,1.,
0.),(-0.228921738002326,0.,0.973444830419266),(0.,-1.,0.),(0.,-1.,0.),(-0.403686998788081,
0.,0.914897156520596),(-0.403686998788081,0.,0.914897156520596),(0.,1.,
0.),(-0.564919334184865,0.,0.825146136065684),(0.,-1.,0.),(-0.564919334184865,
0.,0.825146136065684),(0.,1.,0.),(-0.707419625550005,0.,0.706793798350474),
(0.,-1.,0.),(-0.707419625550005,0.,0.706793798350474),(0.,1.,0.),(-0.824980524663922,
0.,0.565161157480979),(0.,-1.,0.),(-0.824980524663922,0.,0.565161157480979),
(0.,1.,0.),(-0.914582241443215,0.,0.404399955040434),(0.,-1.,0.),(-0.914582241443215,
0.,0.404399955040434),(0.,1.,0.),(0.,1.,0.),(-0.973537204785802,0.,0.228528577858103),
(-0.973537204785802,0.,0.228528577858103),(0.,-1.,0.),(0.,-1.,0.),(-0.996811757794863,
0.,0.079789219333907),(-0.996811757794863,0.,0.079789219333907),(0.,1.,
0.),(0.999897566906528,0.,-0.0143127808061623),(0.,-1.,0.),(0.,1.,0.),(0.999897566906528,
0.,-0.0143127808061623),(-0.999939374758844,0.,-0.0110112127802253),(0.,
1.,0.),(0.,1.,0.),(0.707103128468557,0.707110433885669,0.),(0.,0.707092450820097,
0.707121111262581),(0.,-1.,0.),(-0.999939374758844,0.,-0.0110112127802253),
(-9.38601927757597E-5,0.707024387424282,-0.707189159120517),(0.0110851866148026,
0.,-0.999938557431263),(-0.000305270566426137,0.706827956588943,-0.70738543001265),
(0.0773432522287104,0.,-0.997004524229798),(4.59392755548226E-5,0.707143685659326,
-0.707069873295226),(0.215593410596959,0.,-0.976483221211287),(1.91671183125875E-6,
0.707111268576763,-0.707102293765256),(0.382486568558127,0.,-0.923961051599378),
(2.07591338942468E-5,0.707118630970078,-0.707094930899707),(0.539101568783691,
0.,-0.842240760433122),(7.21115579432331E-5,0.7071491550659,-0.707064401090528),
(0.706924017937432,0.,-0.707289497209734),(0.706914069181304,0.707299309738774,
-0.000430391199004601),(0.707172856358176,0.70704069982423,4.72022518270699E-6),
(0.842461379929439,0.,-0.538756738544759),(0.707116684526247,0.707096877687899,
-5.35098464020246E-6),(0.924009565871824,0.,-0.382369353083329),(0.706919685156088,
0.707293764757068,-0.00029845366685132),(0.976405986101027,0.,-0.215942932984807),
(0.709792698302297,0.704404576532018,0.00291856085974215),(0.997198174366858,
0.,-0.0748050869888276),(0.707903208532234,0.70630891554274,0.000873598653457099),
(0.999963687024934,0.,-0.00852200865401583),(-9.68840616663662E-5,-0.707021334033115,
-0.707192211379277),(0.0110851126070799,0.,-0.9999385582517),(-0.000310902789695529,
-0.706822342446402,-0.707391037233323),(0.0773434938928827,0.,-0.997004505482519),
(5.2311212947589E-5,-0.707149903745377,-0.70706365406266),(0.21559321106365,
0.,-0.976483265265342),(-6.73451612303553E-6,-0.707104699246215,-0.70710886308868),
(0.382485969268304,0.,-0.923961299683534),(2.36165401339186E-5,-0.707119839072375,
-0.707093722665191),(0.539101821924576,0.,-0.842240598402619),(7.7301891141246E-5,
-0.70715174960904,-0.707061805678465),(0.706911471788223,-0.707301902530519,
-0.000435581125083964),(0.706924017947299,0.,-0.707289497199871),(0.707171648654846,
-0.707041907764535,1.86388654868489E-6),(0.842461216848017,0.,-0.538756993557354),
(0.707123252107718,-0.707090309874017,3.2971156819097E-6),(0.924009812100272,
0.,-0.382368758062712),(0.70691345696001,-0.707299986884205,-0.000304831841189213),
(0.976406029907123,0.,-0.215942734911388),(0.70979834014329,-0.704398867828632,
0.00292426598855663),(0.997198155510739,0.,-0.0748053383521522),(0.707906270775968,
-0.706305842606608,0.000876638939706925),(0.999963687512521,0.,-0.00852195144096265),
(0.707103409448888,-0.707110152908129,0.),(0.,-1.,0.),(0.,-0.70709216983545,
0.707121392235728),(0.,0.707110433885685,-0.707103128468541),(-0.707103128468541,
0.707110433885685,0.),(-1.,0.,0.),(0.,0.,-1.),(-0.707103128468541,0.707110433885685,
0.),(0.,1.,0.),(0.,0.707092450820097,0.707121111262581),(0.,-0.707110152908231,
-0.707103409448786),(0.,0.,-1.),(-1.,0.,0.),(-0.707103409448872,-0.707110152908145,
0.),(-1.,0.,0.),(-0.707103409448872,-0.707110152908145,0.),(0.,0.,1.),(0.,
-0.70709216983545,0.707121392235728),(0.,-0.70709216983545,0.707121392235728),
(-0.707103409448872,-0.707110152908145,0.),(0.,-1.,0.),(-1.,0.,0.),(-0.707103128468541,
0.707110433885685,0.),(0.,0.707092450820097,0.707121111262581),(0.,0.,1.),
(1.,0.,0.),(0.707103409448888,-0.707110152908129,0.),(0.,-0.70709216983545,
0.707121392235728),(0.,0.,1.),(0.,0.,1.),(1.,0.,0.),(0.,0.707092450820097,
0.707121111262581),(0.707103128468557,0.707110433885669,0.),(0.,1.,0.),
(-0.707121111262434,0.707092450820245,0.),(0.,0.707110433885685,-0.707103128468541),
(0.,1.,0.),(0.,0.,1.),(-0.0230454695661566,0.,-0.999734417899312),(0.,1.,
0.),(-7.77650756435885E-6,0.707101712119055,-0.70711185017494),(0.707127108079737,
0.707086453624749,1.09162156784954E-5),(0.,-1.,0.),(0.,-0.707110152908231,
-0.707103409448786),(-0.70712139223564,-0.707092169835539,0.),(0.,-1.,0.),
(-0.0230454695661566,0.,-0.999734417899312),(0.,0.,1.),(0.,-1.,0.),(0.707127203765932,
-0.707086357936104,1.07158925017358E-5),(-7.57600285958819E-6,-0.707101616319376,
-0.70711194597541),(0.,1.,0.),(0.0232238231219636,0.,-0.999730290648233),
(0.,0.,1.),(0.,0.,1.),(0.,-1.,0.),(0.0232238231219636,0.,-0.999730290648233),
(-0.996811757794863,0.,-0.079789219333907),(0.,-1.,0.),(-0.996811757794863,
0.,-0.079789219333907),(0.,1.,0.),(0.,1.,0.),(-0.973537204785793,0.,-0.228528577858142),
(0.,1.,0.),(-0.914582241443224,0.,-0.404399955040414),(0.,1.,0.),(-0.824980524664273,
0.,-0.565161157480466),(0.,1.,0.),(-0.707419625549992,0.,-0.706793798350487),
(0.,1.,0.),(-0.56501863383797,0.,-0.825078143823889),(0.,1.,0.),(-0.403797100862536,
0.,-0.914848567433436),(0.,1.,0.),(-0.237986485310845,0.,-0.971268465878199),
(0.,1.,0.),(-0.110641218522094,0.,-0.993860413118435),(0.,1.,0.),(-0.0437452738343904,
0.,-0.999042717313506),(0.,-1.,0.),(-0.973537204785793,0.,-0.228528577858142),
(0.,-1.,0.),(-0.914582241443224,0.,-0.404399955040414),(0.,-1.,0.),(-0.824980524664273,
0.,-0.565161157480466),(0.,-1.,0.),(-0.707419625549992,0.,-0.706793798350487),
(0.,-1.,0.),(-0.56501863383797,0.,-0.825078143823889),(0.,-1.,0.),(-0.403797100862536,
0.,-0.914848567433436),(0.,-1.,0.),(-0.237986485310845,0.,-0.971268465878199),
(0.,-1.,0.),(-0.110641218522094,0.,-0.993860413118435),(0.,-1.,0.),(-0.0437452738343904,
0.,-0.999042717313506),(0.996542873828272,0.,-0.0830800855926866),(0.,1.,
0.),(0.996542873828272,0.,-0.0830800855926866),(0.,-1.,0.),(0.973537204785774,
0.,-0.228528577858221),(0.,1.,0.),(0.973537204785774,0.,-0.228528577858221),
(0.,-1.,0.),(0.,-1.,0.),(0.914922616469294,0.,-0.40362929263494),(0.914922616469294,
0.,-0.40362929263494),(0.,1.,0.),(0.,1.,0.),(0.825037014360218,0.,-0.565078689153623),
(0.825037014360218,0.,-0.565078689153623),(0.,-1.,0.),(0.706894621098927,
0.,-0.707318877636815),(0.,1.,0.),(0.706894621098927,0.,-0.707318877636815),
(0.,-1.,0.),(0.565018633837904,0.,-0.825078143823934),(0.,1.,0.),(0.565018633837904,
0.,-0.825078143823934),(0.,-1.,0.),(0.403797100862573,0.,-0.91484856743342),
(0.,1.,0.),(0.403797100862573,0.,-0.91484856743342),(0.,-1.,0.),(0.237986485311061,
0.,-0.971268465878146),(0.,1.,0.),(0.237986485311061,0.,-0.971268465878146),
(0.,-1.,0.),(0.,-1.,0.),(0.110641218526003,0.,-0.993860413118),(0.110641218526003,
0.,-0.993860413118),(0.,1.,0.),(0.,1.,0.),(0.0438343889218514,0.,-0.999038811232),
(0.0438343889218514,0.,-0.999038811232),(0.,-1.,0.),(-0.0115234999177156,
0.,0.999933602270494),(0.,1.,0.),(-0.0115234999177156,0.,0.999933602270494),
(0.,-1.,0.),(0.,-1.,0.),(0.,0.,1.),(-0.0807460932198794,0.,0.996734703133049),
(0.,-1.,0.),(0.,0.,1.),(0.,1.,0.),(0.,1.,0.),(-0.999945283941162,0.,0.010460837625574),
(-0.0807460932198794,0.,0.996734703133049),(0.,1.,0.),(0.,-1.,0.),(-0.999945283941162,
0.,0.010460837625574),(0.,0.,1.),(0.,-1.,0.),(0.,0.,1.),(0.,1.,0.),(0.,
1.,0.),(0.999912789275173,0.,0.0132065833561537),(0.999912789275173,0.,
0.0132065833561537),(0.,-1.,0.),(0.,-1.,0.),(0.01127106126851,0.,0.999936479571518),
(0.01127106126851,0.,0.999936479571518),(0.,1.,0.),(0.,1.,0.),(0.080519141381909,
0.,0.996753062634432),(0.,1.,0.),(0.229150459840198,0.,0.973391014318),
(0.,1.,0.),(0.404072996392427,0.,0.914726742577501),(0.,1.,0.),(0.565187116234432,
0.,0.824962740760215),(0.,1.,0.),(0.706852176795279,0.,0.707361293936681),
(0.,1.,0.),(0.824559704726048,0.,0.565774949376599),(0.,1.,0.),(0.914901406813337,
0.,0.403677365987959),(0.,1.,0.),(0.973527995550948,0.,0.228567805866343),
(0.,1.,0.),(0.996579929762386,0.,0.0826343971648493),(0.080519141381909,
0.,0.996753062634432),(0.,-1.,0.),(0.,-1.,0.),(0.229150459840198,0.,0.973391014318),
(0.,-1.,0.),(0.404072996392427,0.,0.914726742577501),(0.,-1.,0.),(0.565187116234432,
0.,0.824962740760215),(0.,-1.,0.),(0.706852176795279,0.,0.707361293936681),
(0.,-1.,0.),(0.824559704726048,0.,0.565774949376599),(0.,-1.,0.),(0.914901406813337,
0.,0.403677365987959),(0.,-1.,0.),(0.973527995550948,0.,0.228567805866343),
(0.,-1.,0.),(0.996579929762386,0.,0.0826343971648493),(-0.228921738002326,
0.,0.973444830419266),(0.,1.,0.),(-0.228921738002326,0.,0.973444830419266),
(0.,-1.,0.),(0.,-1.,0.),(-0.403858403817296,0.,0.91482150699803),(-0.403858403817296,
0.,0.91482150699803),(0.,1.,0.),(-0.565073920928579,0.,0.825040280159946),
(0.,-1.,0.),(-0.565073920928579,0.,0.825040280159946),(0.,1.,0.),(-0.707344569552079,
0.,0.706868912829801),(0.,-1.,0.),(-0.707344569552079,0.,0.706868912829801),
(0.,1.,0.),(-0.824950534276755,0.,0.565204932742537),(0.,-1.,0.),(-0.824950534276755,
0.,0.565204932742537),(0.,1.,0.),(-0.914550883813219,0.,0.40447086534936),
(0.,-1.,0.),(-0.914550883813219,0.,0.40447086534936),(0.,1.,0.),(0.,1.,
0.),(-0.973511663249227,0.,0.228637358097323),(-0.973511663249227,0.,0.228637358097323),
(0.,-1.,0.),(0.,-1.,0.),(-0.996857022325335,0.,0.079221695517491),(-0.996857022325335,
0.,0.079221695517491),(0.,1.,0.),(0.999897341037278,0.,-0.0143285514474019),
(0.,-1.,0.),(0.,1.,0.),(0.999897341037278,0.,-0.0143285514474019),(-0.999945163258226,
0.,-0.0104723672815097),(0.,1.,0.),(0.,1.,0.),(0.707103128468557,0.707110433885669,
0.),(0.,0.707110433885723,0.707103128468503),(0.,-1.,0.),(-0.999945163258226,
0.,-0.0104723672815097),(-9.39832568135816E-5,0.707024274594177,-0.70718927190797),
(0.0110996578682491,0.,-0.999938396900133),(-0.000305674572962312,0.706827586385912,
-0.707385799749275),(0.0773581271464421,0.,-0.99700337018708),(-9.1819460430646E-6,
0.707099404400562,-0.707114157835963),(0.21546226060913,0.,-0.976512168000585),
(-1.92022825233461E-5,0.707079720587834,-0.707133840488987),(0.382405401412441,
0.,-0.923994647695856),(1.84870830500824E-5,0.707117280790317,-0.707096281185197),
(0.539136962691064,0.,-0.842218104448161),(-8.08435109038825E-5,0.707058226760543,
-0.707155327657625),(0.706850991911172,0.,-0.707362477965994),(0.706997137828824,
0.707216358125126,-0.0002643900228176),(0.707211467746509,0.70700207259689,
9.60808553744663E-5),(0.842565463997435,0.,-0.538593946195821),(0.707106042553061,
0.707107519810854,3.44839906876421E-6),(0.9240062659292,0.,-0.382377327418318),
(0.706804635859426,0.707408672979333,-0.000419668015744984),(0.976361722272152,
0.,-0.216142978793569),(0.709748701652183,0.704449109735807,0.00286919770488345),
(0.997188111091943,0.,-0.0749391159334161),(0.707903208532234,0.70630891554274,
0.000873598653457099),(0.999963687024934,0.,-0.00852200865401583),(-9.70110902650709E-5,
-0.707021217567474,-0.707192327799344),(0.0110995836642852,0.,-0.99993839772382),
(-0.0003113198361988,-0.706821960397361,-0.707391418791598),(0.0773583682665716,
0.,-0.997003351478386),(-2.80868263599298E-6,-0.707105624279414,-0.70710793808621),
(0.215462061302313,0.,-0.976512211976562),(-2.7852515688791E-5,-0.707073151192138,
-0.70714040903307),(0.382404800085037,0.,-0.923994896561622),(2.13438603224514E-5,
-0.707118488589972,-0.707095073267148),(0.539137214783225,0.,-0.842217943073993),
(-7.56545026396685E-5,-0.70706082158924,-0.707152733749892),(0.706994541406781,
-0.707218951773504,-0.000269580046740318),(0.706850991911172,0.,-0.707362477965994),
(0.707210260413868,-0.707003280667439,9.32246122678196E-5),(0.842565301019529,
0.,-0.538594201155073),(0.707112611776414,-0.707100950445092,1.20989966149866E-5),
(0.924006511858193,0.,-0.382376733135863),(0.706798411366941,-0.707414888293458,
-0.000426039813801234),(0.976361766205543,0.,-0.216142780337427),(0.709754344699812,
-0.7044434009269,0.00287490352583439),(0.997188092177385,0.,-0.0749393676222744),
(0.707906270775968,-0.706305842606608,0.000876638939706925),(0.999963687512521,
0.,-0.00852195144096265),(0.707103409448888,-0.707110152908129,0.),(0.,
-1.,0.),(0.,-0.707110152908222,0.707103409448796),(0.,0.707110433885685,
-0.707103128468541),(-0.707121111262434,0.707092450820245,0.),(-1.,0.,0.),
(0.,0.,-1.),(-0.707121111262434,0.707092450820245,0.),(0.,1.,0.),(0.,0.707110433885723,
0.707103128468503),(0.,-0.707110152908231,-0.707103409448786),(0.,0.,-1.),
(-1.,0.,0.),(-0.70712139223564,-0.707092169835539,0.),(-1.,0.,0.),(-0.70712139223564,
-0.707092169835539,0.),(0.,0.,1.),(0.,-0.707110152908222,0.707103409448796),
(0.,-0.707110152908222,0.707103409448796),(-0.70712139223564,-0.707092169835539,
0.),(0.,-1.,0.),(-1.,0.,0.),(-0.707121111262434,0.707092450820245,0.),(0.,
0.707110433885723,0.707103128468503),(0.,0.,1.),(1.,0.,0.),(0.707103409448888,
-0.707110152908129,0.),(0.,-0.707110152908222,0.707103409448796),(0.,0.,
1.),(0.,0.,1.),(1.,0.,0.),(0.,0.707110433885723,0.707103128468503),(0.707103128468557,
0.707110433885669,0.),(0.,1.,0.),(-0.0109749650491744,0.,-0.999939773257454),
(-0.0109749650491744,0.,-0.999939773257454),(0.,-1.,0.),(0.,1.,0.),(0.0110477006960226,
0.,-0.999938972292475),(0.0110477006960226,0.,-0.999938972292475),(0.,-1.,
0.),(0.,-1.,0.),(-0.996856108810132,0.,-0.0792331895604487),(-0.996856108810132,
0.,-0.0792331895604487),(0.,1.,0.),(0.,1.,0.),(-0.973511663249195,0.,-0.228637358097457),
(0.,1.,0.),(-0.914578035604876,0.,-0.40440946674024),(0.,1.,0.),(-0.824988477032782,
0.,-0.565149549024974),(0.,1.,0.),(-0.707344569552171,0.,-0.706868912829708),
(0.,1.,0.),(-0.564974609335134,0.,-0.825108290351402),(0.,1.,0.),(-0.403748286707394,
0.,-0.914870111535427),(0.,1.,0.),(-0.229054682470941,0.,-0.973413556736363),
(0.,1.,0.),(-0.0803354354146791,0.,-0.996767885626706),(0.,-1.,0.),(-0.973511663249195,
0.,-0.228637358097457),(0.,-1.,0.),(-0.914578035604876,0.,-0.40440946674024),
(0.,-1.,0.),(-0.824988477032782,0.,-0.565149549024974),(0.,-1.,0.),(-0.707344569552171,
0.,-0.706868912829708),(0.,-1.,0.),(-0.564974609335134,0.,-0.825108290351402),
(0.,-1.,0.),(-0.403748286707394,0.,-0.914870111535427),(0.,-1.,0.),(-0.229054682470941,
0.,-0.973413556736363),(0.,-1.,0.),(-0.0803354354146791,0.,-0.996767885626706),
(0.996543135269939,0.,-0.0830769495489539),(0.,1.,0.),(0.996543135269939,
0.,-0.0830769495489539),(0.,-1.,0.),(0.973511663249033,0.,-0.228637358098151),
(0.,1.,0.),(0.973511663249033,0.,-0.228637358098151),(0.,-1.,0.),(0.,-1.,
0.),(0.914869871359659,0.,-0.403748830931262),(0.914869871359659,0.,-0.403748830931262),
(0.,1.,0.),(0.,1.,0.),(0.825037014360218,0.,-0.565078689153623),(0.825037014360218,
0.,-0.565078689153623),(0.,-1.,0.),(0.706956885390214,0.,-0.707256645214004),
(0.,1.,0.),(0.706956885390214,0.,-0.707256645214004),(0.,-1.,0.),(0.564991971651688,
0.,-0.825096401621737),(0.,1.,0.),(0.564991971651688,0.,-0.825096401621737),
(0.,-1.,0.),(0.403686998788272,0.,-0.914897156520512),(0.,1.,0.),(0.403686998788272,
0.,-0.914897156520512),(0.,-1.,0.),(0.229054682470941,0.,-0.973413556736363),
(0.,1.,0.),(0.229054682470941,0.,-0.973413556736363),(0.,-1.,0.),(0.,-1.,
0.),(0.0804079401547438,0.,-0.996762039385565),(0.0804079401547438,0.,-0.996762039385565),
(0.,1.,0.)),$,(89,89,183,183,92,92,83,83,184,184,164,164,164,88,88,16,16,
100,100,100,162,162,162,13,13,98,98,98,186,186,194,194,202,202,210,210,
218,218,228,228,244,244,248,248,252,252,255,255,185,185,193,193,201,201,
209,209,217,217,227,227,243,243,247,247,251,251,254,254,72,72,69,69,61,
61,64,64,53,53,56,56,45,45,48,48,37,37,40,40,29,29,32,32,28,28,25,25,17,
17,20,20,253,253,256,256,15,15,99,99,99,14,14,148,148,146,146,140,140,136,
136,132,132,128,128,128,124,124,122,122,118,118,116,116,114,114,147,147,
145,145,139,139,135,135,131,131,127,127,127,123,123,121,121,117,117,115,
115,112,112,97,97,97,156,156,156,156,163,163,163,154,154,154,154,153,153,
153,153,161,161,161,155,155,155,155,111,111,111,111,113,113,113,113,160,
160,160,91,91,91,95,95,95,158,158,158,90,90,90,94,94,94,170,170,170,169,
169,169,18,18,19,19,27,27,31,31,39,39,47,47,55,55,63,63,71,71,81,81,87,
87,26,26,30,30,38,38,46,46,54,54,62,62,70,70,79,79,85,85,250,250,249,249,
246,246,245,245,233,233,234,234,222,222,221,221,214,214,213,213,206,206,
205,205,196,196,195,195,188,188,187,187,175,175,176,176,174,174,172,172,
80,80,78,78,84,84,74,74,86,86,3,3,75,75,2,2,171,171,173,173,242,242,240,
240,177,177,178,178,180,180,190,190,198,198,204,204,212,212,220,220,226,
226,232,232,238,238,179,179,189,189,197,197,203,203,211,211,219,219,225,
225,231,231,237,237,67,67,66,66,58,58,59,59,50,50,51,51,42,42,43,43,34,
34,35,35,22,22,23,23,11,11,10,10,6,6,7,7,239,239,241,241,4,4,96,96,96,1,
1,144,144,142,142,138,138,134,134,130,130,126,126,126,120,120,110,110,108,
108,106,106,104,104,143,143,141,141,137,137,133,133,129,129,125,125,125,
119,119,109,109,107,107,105,105,102,102,93,93,93,151,151,151,151,159,159,
159,149,149,149,149,152,152,152,152,157,157,157,150,150,150,150,101,101,
101,101,103,103,103,103,82,82,77,77,166,166,165,165,5,5,8,8,12,12,24,24,
36,36,44,44,52,52,60,60,68,68,76,76,9,9,21,21,33,33,41,41,49,49,57,57,65,
65,73,73,236,236,235,235,230,230,229,229,223,223,224,224,216,216,215,215,
208,208,207,207,200,200,199,199,192,192,191,191,182,182,181,181,167,167,
168,168),((1,4,5),(1,5,7),(5,4,9),(10,11,6),(7,5,14),(15,6,16),(16,6,18),
(6,11,18),(2,21,3),(8,24,2),(2,24,26),(26,21,2),(9,4,29),(30,31,10),(10,
31,33),(33,35,10),(10,35,37),(37,39,10),(10,39,41),(41,43,10),(10,43,45),
(45,47,10),(47,11,10),(29,4,49),(3,51,50),(53,51,3),(3,55,53),(57,55,3),
(3,59,57),(61,59,3),(3,63,61),(65,63,3),(65,3,67),(67,3,21),(29,49,32),
(32,49,52),(7,14,69),(16,70,15),(7,69,71),(8,72,24),(32,52,34),(34,52,54),
(69,74,71),(75,74,69),(76,70,16),(24,72,73),(34,54,36),(36,54,56),(75,77,
74),(79,77,75),(16,80,76),(73,78,24),(36,56,38),(38,56,58),(79,81,77),(83,
81,79),(84,80,16),(24,78,82),(38,58,40),(40,58,60),(83,85,81),(87,85,83),
(16,88,84),(82,86,24),(40,60,42),(42,60,62),(87,89,85),(91,89,87),(92,88,
16),(24,86,90),(42,62,44),(44,62,64),(89,91,94),(16,93,92),(89,94,95),(90,
96,24),(44,64,46),(46,64,66),(94,98,95),(99,98,94),(100,93,16),(24,96,97),
(66,48,46),(68,48,66),(101,48,68),(103,11,47),(104,48,101),(67,21,102),
(99,25,98),(17,25,99),(17,105,25),(107,16,18),(106,16,107),(110,26,24),
(25,105,111),(13,112,19),(112,114,19),(19,114,116),(116,118,19),(19,118,
120),(120,122,19),(124,125,20),(20,125,127),(127,129,20),(20,129,131),(131,
133,20),(133,108,20),(135,22,28),(137,135,28),(28,139,137),(141,139,28),
(28,143,141),(145,143,28),(148,146,27),(27,150,148),(152,150,27),(27,154,
152),(156,154,27),(158,156,27),(110,159,26),(13,161,112),(12,165,162),(166,
11,103),(168,22,135),(173,23,171),(177,23,173),(102,21,178),(113,164,136),
(136,138,113),(113,138,115),(136,164,169),(163,179,170),(162,165,180),(170,
179,172),(115,138,117),(117,138,140),(117,140,119),(119,140,142),(119,142,
121),(121,142,144),(121,144,123),(123,144,147),(123,147,126),(126,147,149),
(126,149,128),(128,149,151),(128,151,130),(130,151,153),(130,153,132),(132,
153,155),(155,134,132),(157,134,155),(157,183,134),(134,183,188),(190,108,
133),(158,184,156),(174,187,186),(182,187,174),(181,109,189),(160,175,185),
(167,109,181),(176,175,160),(107,166,191),(194,106,107),(107,197,194),(191,
197,107),(159,200,178),(203,159,110),(203,206,159),(159,206,200),(103,209,
166),(191,166,209),(178,213,102),(200,213,178),(111,105,215),(215,105,217),
(106,219,218),(221,219,106),(106,223,221),(225,223,106),(106,227,225),(229,
227,106),(106,231,229),(233,231,106),(106,235,233),(194,235,106),(216,237,
110),(110,237,239),(239,241,110),(110,241,243),(243,245,110),(110,245,247),
(247,249,110),(110,249,251),(251,253,110),(110,253,203),(104,101,255),(103,
256,209),(255,101,257),(213,258,102),(215,217,220),(215,220,238),(255,257,
259),(209,256,260),(259,257,261),(262,258,213),(220,240,238),(222,240,220),
(264,259,261),(264,265,259),(260,266,209),(213,263,262),(222,242,240),(224,
242,222),(265,264,268),(209,266,267),(268,264,269),(270,263,213),(224,244,
242),(226,244,224),(268,269,271),(267,272,209),(271,269,273),(213,274,270),
(226,246,244),(228,246,226),(271,273,275),(209,272,276),(275,273,277),(278,
274,213),(228,248,246),(230,248,228),(275,277,279),(276,280,209),(279,277,
281),(213,282,278),(248,230,232),(248,232,250),(279,281,283),(209,280,284),
(283,281,285),(286,282,213),(232,252,250),(234,252,232),(288,283,285),(288,
289,283),(284,290,209),(213,287,286),(234,254,252),(236,254,234),(289,288,
292),(209,290,291),(292,288,293),(294,287,213),(236,204,254),(196,204,236),
(293,210,292),(214,210,293),(295,297,300),(297,295,301),(300,303,295),(296,
304,305),(301,295,307),(308,296,305),(309,299,298),(298,302,309),(205,303,
300),(195,303,205),(304,194,305),(203,299,309),(197,305,194),(203,309,206),
(212,311,211),(211,311,313),(209,314,315),(315,191,209),(318,312,213),(318,
213,200),(313,311,320),(320,321,313),(315,314,322),(319,312,318),(321,320,
324),(323,325,322),(322,325,327),(327,329,322),(322,329,331),(331,333,322),
(322,333,335),(335,337,322),(322,337,339),(339,315,322),(324,320,341),(319,
343,342),(345,343,319),(319,347,345),(349,347,319),(319,351,349),(353,351,
319),(319,355,353),(357,355,319),(357,319,318),(324,341,326),(326,341,344),
(301,307,359),(305,360,308),(301,359,361),(309,302,362),(326,344,328),(328,
344,346),(359,364,361),(365,364,359),(366,360,305),(362,363,309),(328,346,
330),(330,346,348),(365,367,364),(369,367,365),(305,370,366),(309,363,368),
(330,348,332),(332,348,350),(369,371,367),(373,371,369),(374,370,305),(368,
372,309),(332,350,334),(334,350,352),(373,375,371),(377,375,373),(305,378,
374),(309,372,376),(334,352,336),(336,352,354),(377,379,375),(381,379,377),
(382,378,305),(376,380,309),(336,354,338),(338,354,356),(379,381,384),(305,
383,382),(379,384,385),(309,380,386),(338,356,340),(340,356,358),(384,388,
385),(389,388,384),(390,383,305),(386,387,309),(358,316,340),(317,316,358),
(391,316,317),(393,191,315),(394,316,391),(200,392,318),(389,310,388),(306,
310,389),(306,395,310),(397,305,197),(396,305,397),(309,400,206),(310,395,
401),(193,402,198),(402,404,198),(198,404,406),(406,408,198),(198,408,410),
(410,412,198),(414,415,199),(199,415,417),(417,419,199),(199,419,421),(421,
423,199),(423,398,199),(425,201,208),(427,425,208),(208,429,427),(431,429,
208),(208,433,431),(435,433,208),(438,436,207),(207,440,438),(442,440,207),
(207,444,442),(446,444,207),(448,446,207),(206,400,449),(193,451,402),(192,
455,452),(456,191,393),(458,201,425),(463,202,461),(467,202,463),(468,392,
200),(403,454,426),(426,428,403),(403,428,405),(426,454,459),(453,469,460),
(452,455,470),(460,469,462),(405,428,407),(407,428,430),(407,430,409),(409,
430,432),(409,432,411),(411,432,434),(411,434,413),(413,434,437),(413,437,
416),(416,437,439),(416,439,418),(418,439,441),(418,441,420),(420,441,443),
(420,443,422),(422,443,445),(445,424,422),(447,424,445),(447,473,424),(424,
473,478),(480,398,423),(448,474,446),(464,477,476),(472,477,464),(471,399,
479),(450,465,475),(457,399,471),(466,465,450),(397,456,481),(481,396,397),
(468,449,484),(484,449,400),(485,456,393),(481,456,485),(488,392,468),(484,
488,468),(401,395,490),(490,395,491),(493,492,396),(396,495,493),(497,495,
396),(396,499,497),(501,499,396),(396,503,501),(505,503,396),(396,507,505),
(481,507,396),(489,509,400),(400,509,511),(511,513,400),(400,513,515),(515,
517,400),(400,517,519),(519,521,400),(400,521,523),(523,484,400),(394,391,
525),(393,526,485),(525,391,527),(528,392,488),(490,491,494),(490,494,510),
(525,527,529),(485,526,530),(529,527,531),(488,532,528),(494,512,510),(496,
512,494),(534,529,531),(534,535,529),(530,536,485),(533,532,488),(496,514,
512),(498,514,496),(535,534,538),(485,536,537),(538,534,539),(488,540,533),
(498,516,514),(500,516,498),(538,539,541),(537,542,485),(541,539,543),(544,
540,488),(500,518,516),(502,518,500),(541,543,545),(485,542,546),(545,543,
547),(488,548,544),(502,520,518),(504,520,502),(545,547,549),(546,550,485),
(549,547,551),(552,548,488),(520,504,506),(520,506,522),(549,551,553),(485,
550,554),(553,551,555),(488,556,552),(506,524,522),(508,524,506),(558,553,
555),(558,559,553),(554,560,485),(557,556,488),(508,483,524),(482,483,508),
(558,486,559),(487,486,558),(482,486,483),(483,486,487)),());
#2043=COORDINATES_LIST('',16,((-1.81085681539565,-0.957770750872492,-0.244875928084549),
(-1.81085681539565,-0.957770750872492,-0.18087598911971),(-1.81085681539565,
0.0142293235141048,-0.18087598911971),(-1.81085681539565,0.0142293235141048,
-0.244875928084549),(-1.79371814352065,-1.02177068983734,-0.227726575057209),
(-1.79371814352065,-1.02177068983734,-0.198023816268149),(-1.79371814352065,
0.0782293101626644,-0.198023816268149),(-1.79371814352065,0.0782293101626645,
-0.227726575057209),(-1.76400622945815,-1.02177068983734,-0.227726575057209),
(-1.76400622945815,-1.02177068983734,-0.198023816268149),(-1.76400622945815,
0.0782293101626645,-0.227726575057209),(-1.76400622945815,0.0782293101626645,
-0.198023816268149),(-1.74685840230971,-0.957770750872492,-0.244875928084549),
(-1.74685840230971,-0.957770750872492,-0.18087598911971),(-1.74685840230971,
0.0142293235141048,-0.244875928084549),(-1.74685840230971,0.0142293235141048,
-0.18087598911971)));
#2044=COORDINATES_LIST('',16,((-1.80835742574721,-0.957770750872492,0.00912340052873079),
(-1.80835742574721,-0.957770750872492,0.0731248653724814),(-1.80835742574721,
0.0142293235141048,0.00912340052873079),(-1.80835742574721,0.0142293235141048,
0.0731248653724814),(-1.7912157021144,-1.02177068983734,0.0262727535560711),
(-1.7912157021144,-1.02177068983734,0.0559739864662318),(-1.7912157021144,
0.0782293101626644,0.0262727535560711),(-1.7912157021144,0.0782293101626644,
0.0559739864662318),(-1.76150683980971,-1.02177068983734,0.0262727535560711),
(-1.76150683980971,-1.02177068983734,0.0559739864662318),(-1.76150683980971,
0.0782293101626644,0.0262727535560711),(-1.76150683980971,0.0782293101626644,
0.0559739864662318),(-1.74435596090346,-0.957770750872492,0.00912340052873079),
(-1.74435596090346,-0.957770750872492,0.0731248653724814),(-1.74435596090346,
0.0142293235141048,0.0731248653724814),(-1.74435596090346,0.0142293235141048,
0.00912340052873079)));
#2045=COORDINATES_LIST('',16,((-1.80585803609878,-0.957770750872492,0.26312425502092),
(-1.80585803609878,-0.957770750872492,0.327124193985762),(-1.80585803609878,
0.0142293235141048,0.327124193985762),(-1.80585803609878,0.0142293235141048,
0.26312425502092),(-1.78871631246596,-1.02177068983734,0.28027208216935),
(-1.78871631246596,-1.02177068983734,0.30997484095841),(-1.78871631246596,
0.0782293101626644,0.28027208216935),(-1.78871631246596,0.0782293101626644,
0.30997484095841),(-1.75900745016128,-1.02177068983734,0.28027208216935),
(-1.75900745016128,-1.02177068983734,0.30997484095841),(-1.75900745016128,
0.0782293101626644,0.28027208216935),(-1.75900745016128,0.0782293101626644,
0.30997484095841),(-1.74185657125503,-0.957770750872492,0.327124193985762),
(-1.74185657125503,-0.957770750872492,0.26312425502092),(-1.74185657125503,
0.0142293235141048,0.26312425502092),(-1.74185657125503,0.0142293235141048,
0.327124193985762)));
#2046=COORDINATES_LIST('',16,((-1.80703830343276,-0.957770750872492,0.513701037247481),
(-1.80703830343276,-0.957770750872492,0.577700976212321),(-1.80703830343276,
0.0142293235141048,0.513701037247481),(-1.80703830343276,0.0142293235141048,
0.577700976212321),(-1.78989810567885,-1.02177068983734,0.530848864395921),
(-1.78989810567885,-1.02177068983734,0.560551623184981),(-1.78989810567885,
0.0782293101626644,0.530848864395921),(-1.78989810567885,0.0782293101626644,
0.560551623184981),(-1.76018924337417,-1.02177068983734,0.530848864395921),
(-1.76018924337417,-1.02177068983734,0.560551623184981),(-1.76018924337417,
0.0782293101626644,0.560551623184981),(-1.76018924337417,0.0782293101626644,
0.530848864395921),(-1.74303836446792,-0.957770750872492,0.513701037247481),
(-1.74303836446792,-0.957770750872492,0.577700976212321),(-1.74303836446792,
0.0142293235141048,0.577700976212321),(-1.74303836446792,0.0142293235141048,
0.513701037247481)));
#2047=COORDINATES_LIST('',16,((-1.80453891378432,-0.957770750872492,0.76770036586076),
(-1.80453891378432,-0.957770750872492,0.831700304825601),(-1.80453891378432,
0.0142293235141048,0.76770036586076),(-1.80453891378432,0.0142293235141048,
0.831700304825601),(-1.78739871603042,-1.02177068983734,0.784849718888102),
(-1.78739871603042,-1.02177068983734,0.814550951798261),(-1.78739871603042,
0.0782293101626644,0.784849718888102),(-1.78739871603042,0.0782293101626644,
0.814550951798261),(-1.75768832784682,-1.02177068983734,0.784849718888102),
(-1.75768832784682,-1.02177068983734,0.814550951798261),(-1.75768832784682,
0.0782293101626644,0.784849718888102),(-1.75768832784682,0.0782293101626644,
0.814550951798261),(-1.74053897481948,-0.957770750872492,0.76770036586076),
(-1.74053897481948,-0.957770750872492,0.831700304825601),(-1.74053897481948,
0.0142293235141048,0.76770036586076),(-1.74053897481948,0.0142293235141048,
0.831700304825601)));
#2048=COORDINATES_LIST('',388,((-1.90585803609878,-0.429770682207942,-0.309876843611899),
(-1.90585803609877,-0.429770682207942,-0.115876599471269),(-1.90585803609877,
-0.175770686022639,-0.115876599471269),(-1.90585803609877,-0.175770686022639,
-0.309876843611899),(-1.90582751852065,-0.429770682207942,-0.31125623814315),
(-1.90582751852065,-0.429770682207942,-0.114489575545489),(-1.90582751852065,
-0.175770686022639,-0.114489575545489),(-1.90582751852065,-0.175770686022639,
-0.31125623814315),(-1.90506763082534,-0.429770682207942,-0.31674635044784),
(-1.90506763082534,-0.429770682207942,-0.109007092635328),(-1.90506763082534,
-0.175770686022639,-0.109007092635328),(-1.90506763082534,-0.175770686022639,
-0.31674635044784),(-1.90335559469253,-0.429770682207942,-0.0558759891197094),
(-1.90335559469253,-0.429770682207942,0.138124255020912),(-1.90335559469253,
-0.175770686022639,-0.0558759891197094),(-1.90335559469253,-0.175770686022639,
0.138124255020912),(-1.90332812887221,-0.429770682207942,-0.0572614871665794),
(-1.90332812887221,-0.429770682207942,0.13950975306779),(-1.90332812887221,
-0.175770686022639,-0.0572614871665794),(-1.90332812887221,-0.175770686022639,
0.13950975306779),(-1.90330676656753,-0.429770682207942,-0.321996899764239),
(-1.90330676656753,-0.429770682207942,-0.103758069197829),(-1.90330676656753,
-0.175770686022639,-0.10375806919784),(-1.90330676656753,-0.175770686022639,
-0.321996899764239),(-1.9025682411769,-0.429770682207942,-0.0627439700767396),
(-1.9025682411769,-0.429770682207942,0.14499376185685),(-1.9025682411769,
-0.175770686022639,-0.0627439700767396),(-1.9025682411769,-0.175770686022639,
0.14499376185685),(-1.90085620504409,-0.429770682207942,0.198124865372482),
(-1.90085620504409,-0.429770682207942,0.392125109513101),(-1.90085620504409,
-0.175770686022639,0.198124865372482),(-1.90085620504409,-0.175770686022639,
0.392125109513101),(-1.90082568746596,-0.429770682207942,0.1967393673256),
(-1.90082568746596,-0.429770682207942,0.393510607559981),(-1.90082568746596,
-0.175770686022639,0.1967393673256),(-1.90082568746596,-0.175770686022639,
0.393510607559981),(-1.90080737691909,-0.429770682207942,-0.067992993514239),
(-1.90080737691909,-0.429770682207942,0.150242785294351),(-1.90080737691909,
-0.175770686022639,-0.067992993514239),(-1.90080737691909,-0.175770686022639,
0.150242785294351),(-1.90060596090346,-0.429770682207942,-0.326826306502519),
(-1.90060596090346,-0.429770682207942,-0.0989210330650178),(-1.90060596090346,
-0.175770686022639,-0.0989210330650178),(-1.90060596090346,-0.175770686022639,
-0.326826306502519),(-1.90006579977065,-0.429770682207942,0.191255358536541),
(-1.90006579977065,-0.429770682207942,0.398993090470132),(-1.90006579977065,
-0.175770686022639,0.191255358536541),(-1.90006579977065,-0.175770686022639,
0.398993090470132),(-1.89830798727065,-0.429770682207942,0.18600633509904),
(-1.89830798727065,-0.429770682207942,0.404242113907631),(-1.89830798727065,
-0.175770686022639,0.18600633509904),(-1.89830798727065,-0.175770686022639,
0.404242113907631),(-1.89810657125503,-0.429770682207942,-0.0728300296470502),
(-1.89810657125503,-0.429770682207942,0.15507829554826),(-1.89810657125503,
-0.175770686022639,-0.0728300296470502),(-1.89810657125503,-0.175770686022639,
0.15507829554826),(-1.89707812887221,-0.429770682207942,-0.331086560408758),
(-1.89707812887221,-0.429770682207942,-0.0946638309165887),(-1.89707812887221,
-0.175770686022639,-0.0946638309165887),(-1.89707812887221,-0.175770686022639,
-0.331086560408758),(-1.89560718160659,-0.429770682207942,0.18116929896623),
(-1.89560718160659,-0.429770682207942,0.40907762416154),(-1.89560718160659,
-0.175770686022639,0.18116929896623),(-1.89560718160659,-0.175770686022639,
0.40907762416154),(-1.89457568746596,-0.429770682207942,-0.0770887576743998),
(-1.89457568746596,-0.429770682207942,0.159337023575601),(-1.89457568746596,
-0.175770686022639,-0.0770887576743998),(-1.89457568746596,-0.175770686022639,
0.159337023575601),(-1.89281787496596,-0.429770682207942,-0.334626599471258),
(-1.89281787496596,-0.429770682207942,-0.0911268436118995),(-1.89281787496596,
-0.175770686022639,-0.0911268436118995),(-1.89281787496596,-0.175770686022639,
-0.334626599471258),(-1.89207629781753,-0.429770682207942,0.176912096817791),
(-1.89207629781753,-0.429770682207942,0.41333787806779),(-1.89207629781753,
-0.175770686022639,0.176912096817791),(-1.89207629781753,-0.175770686022639,
0.41333787806779),(-1.89031543355971,-0.429770682207942,-0.080625744979089),
(-1.89031543355971,-0.429770682207942,0.162874010880291),(-1.89031543355971,
-0.175770686022639,-0.080625744979089),(-1.89031543355971,-0.175770686022639,
0.162874010880291),(-1.88797778707534,-0.429770682207942,-0.337316723982979),
(-1.88797778707534,-0.429770682207942,-0.0884321414634598),(-1.88797778707534,
-0.175770686022639,-0.0884321414634598),(-1.88797778707534,-0.175770686022639,
-0.337316723982979),(-1.88781604391128,-0.429770682207942,0.173375109513101),
(-1.88781604391128,-0.429770682207942,0.416874865372481),(-1.88781604391128,
-0.175770686022639,0.173375109513101),(-1.88781604391128,-0.175770686022639,
0.416874865372481),(-1.8854783974269,-0.429770682207942,-0.083320447127519),
(-1.8854783974269,-0.429770682207942,0.165568713028731),(-1.8854783974269,
-0.175770686022639,-0.083320447127519),(-1.8854783974269,-0.175770686022639,
0.165568713028731),(-1.88297595602065,-0.429770682207942,0.170680407364671),
(-1.88297595602065,-0.429770682207942,0.419568041642011),(-1.88297595602065,
-0.175770686022639,0.170680407364671),(-1.88297595602065,-0.175770686022639,
0.419568041642011),(-1.88272571188003,-0.429770682207942,-0.339076062361898),
(-1.88272571188003,-0.429770682207942,-0.086672803084549),(-1.88272571188002,
-0.175770686022639,-0.086672803084549),(-1.88272571188002,-0.175770686022639,
-0.339076062361898),(-1.88022632223159,-0.429770682207942,-0.085078259627519),
(-1.88022632223159,-0.429770682207942,0.167326525528731),(-1.88022632223159,
-0.175770686022639,-0.085078259627519),(-1.88022632223159,-0.175770686022639,
0.167326525528731),(-1.87772693258315,-0.429770682207942,0.168921068985761),
(-1.87772693258315,-0.429770682207942,0.42132738002091),(-1.87772693258315,
-0.175770686022639,0.168921068985761),(-1.87772693258315,-0.175770686022639,
0.42132738002091),(-1.87724780660659,-0.429770682207942,-0.33984663120956),
(-1.87724780660659,-0.429770682207942,-0.0859083377525188),(-1.87724780660659,
-0.175770686022639,-0.0859083377525188),(-1.87724780660659,-0.175770686022639,
-0.33984663120956),(-1.87585620504409,-0.429770682207942,-0.33987714878768),
(-1.87585620504409,-0.429770682207942,-0.0858747684165884),(-1.87585620504409,
-0.429770682207942,-0.0857710086509589),(-1.87585620504409,-0.175770686022639,
-0.0858747684165884),(-1.87585620504409,-0.175770686022639,-0.0857710086509589),
(-1.87585620504409,-0.175770686022639,-0.33987714878768),(-1.87474841695815,
-0.429770682207942,-0.0858747684165884),(-1.87474841695815,-0.429770682207942,
-0.0858442508384585),(-1.87474841695815,-0.429770682207942,0.168092516739661),
(-1.87474841695815,-0.175770686022639,-0.0858747684165884),(-1.87474841695815,
-0.175770686022639,-0.0858442508384585),(-1.87474841695815,-0.175770686022639,
0.168092516739661),(-1.87335681539565,-0.429770682207942,-0.0858747684165787),
(-1.87335681539565,-0.429770682207942,0.168123034317791),(-1.87335681539565,
-0.429770682207942,0.168228319962321),(-1.87335681539565,-0.175770686022639,
-0.0858747684165787),(-1.87335681539565,-0.175770686022639,0.168123034317791),
(-1.87335681539565,-0.175770686022639,0.168228319962321),(-1.8722459755519,
-0.429770682207942,0.168123034317791),(-1.8722459755519,-0.429770682207942,
0.168156603653731),(-1.8722459755519,-0.429770682207942,0.422091845352951),
(-1.8722459755519,-0.175770686022639,0.168123034317791),(-1.8722459755519,
-0.175770686022639,0.168156603653731),(-1.8722459755519,-0.175770686022639,
0.422091845352951),(-1.87085742574721,-0.429770682207942,0.168123034317791),
(-1.87085742574721,-0.429770682207942,0.42212388880998),(-1.87085742574721,
-0.175770686022639,0.168123034317791),(-1.87085742574721,-0.175770686022639,
0.42212388880998),(-1.84135608297377,-0.429770682207942,-0.275376721541588),
(-1.84135608297377,-0.429770682207942,-0.150376721541588),(-1.84135608297377,
-0.175770686022639,-0.150376721541588),(-1.84135608297377,-0.175770686022639,
-0.275376721541588),(-1.83885669332534,-0.429770682207942,-0.0213758670493988),
(-1.83885669332534,-0.429770682207942,0.103624132950601),(-1.83885669332534,
-0.175770686022639,-0.0213758670493988),(-1.83885669332534,-0.175770686022639,
0.103624132950601),(-1.8363573036769,-0.429770682207942,0.232624987442791),
(-1.8363573036769,-0.429770682207942,0.357624987442791),(-1.8363573036769,
-0.175770686022639,0.232624987442791),(-1.8363573036769,-0.175770686022639,
0.357624987442791),(-1.8113573036769,-0.399770663134455,-0.245374890486899),
(-1.8113573036769,-0.399770663134455,-0.205375500838459),(-1.8113573036769,
-0.205770705096125,-0.245374890486899),(-1.8113573036769,-0.205770705096125,
-0.205375500838459),(-1.81133594137221,-0.399743960253596,-0.204221936385339),
(-1.81133594137221,-0.205797360293268,-0.204221936385339),(-1.8106981239894,
-0.399106715075373,-0.199651929061119),(-1.8106981239894,-0.206434748522638,
-0.199651929061119),(-1.80922717672378,-0.397640488497614,-0.195277234236899),
(-1.80922717672378,-0.20790083204925,-0.195277234236899),(-1.80885791402847,
-0.205770705096125,0.0486238277748213),(-1.80885791402846,-0.399770663134455,
0.00862443812638114),(-1.80885791402846,-0.399770663134455,0.0486238277748213),
(-1.80885791402846,-0.205770705096125,0.00862443812638114),(-1.80883655172378,
-0.399743960253596,0.0497789181068506),(-1.80883655172378,-0.205797360293268,
0.0497789181068506),(-1.80819568258315,-0.399106715075373,0.0543473995521598),
(-1.80819568258315,-0.206434748522638,0.0543473995521598),(-1.8069871864894,
-0.39539558684051,-0.191245862166579),(-1.8069871864894,-0.210145733706354,
-0.191245862166579),(-1.80672778707534,-0.397640488497614,0.0587220943763817),
(-1.80672778707534,-0.20790083204925,0.0587220943763817),(-1.80635547262222,
-0.205770705096125,0.302623156388102),(-1.80635547262221,-0.399770663134455,
0.262623766739661),(-1.80635547262221,-0.399770663134455,0.302623156388102),
(-1.80635547262221,-0.205770705096125,0.262623766739661),(-1.80633716207534,
-0.399743960253596,0.303779772599042),(-1.80633716207534,-0.205797360293268,
0.303779772599042),(-1.80569629293471,-0.399106715075373,0.308348254044351),
(-1.80569629293471,-0.206434748522638,0.308348254044351),(-1.80448779684096,
-0.39539558684051,0.0627534664467008),(-1.80448779684096,-0.210145733706354,
0.0627534664467008),(-1.8042283974269,-0.397640488497614,0.31272142298967),
(-1.8042283974269,-0.20790083204925,0.31272142298967),(-1.80403613668471,
-0.392448351733088,-0.187698193709548),(-1.80403613668471,-0.213093016497492,
-0.187698193709548),(-1.80198840719253,-0.39539558684051,0.316752795059981),
(-1.80198840719253,-0.210145733706354,0.316752795059981),(-1.80153674703628,
-0.392448351733088,0.0663011349037318),(-1.80153674703628,-0.213093016497492,
0.0663011349037318),(-1.80048694234878,-0.39539558684051,-0.184751721541589),
(-1.80048694234878,-0.210145733706354,-0.184751721541589),(-1.79903735738784,
-0.392448351733088,0.32030198939591),(-1.79903735738784,-0.213093016497492,
0.32030198939591),(-1.79798755270034,-0.39539558684051,0.0692491329506009),
(-1.79798755270034,-0.210145733706354,0.0692491329506009),(-1.79645557027846,
-0.397640488497614,-0.182505627791589),(-1.79645557027846,-0.20790083204925,
-0.182505627791589),(-1.7954881630519,-0.39539558684051,0.32324998744279),
(-1.7954881630519,-0.210145733706354,0.32324998744279),(-1.79395618063003,
-0.397640488497614,0.0714952267006005),(-1.79395618063003,-0.20790083204925,
0.0714952267006005),(-1.79208545309096,-0.399106715075373,-0.181040784041589),
(-1.79208545309096,-0.206434748522638,-0.181040784041589),(-1.79145679098159,
-0.397640488497614,0.32549302943498),(-1.79145679098159,-0.20790083204925,
0.32549302943498),(-1.78958606344253,-0.399106715075373,0.072960070450602),
(-1.78958606344253,-0.206434748522638,0.072960070450602),(-1.78751697164565,
-0.399743960253596,-0.180402966658769),(-1.78751697164565,-0.205797360293268,
-0.180402966658769),(-1.78708667379409,-0.399106715075373,0.32696092494279),
(-1.78708667379409,-0.206434748522638,0.32696092494279),(-1.7863573036769,
-0.399770663134455,-0.180375500838459),(-1.7863573036769,-0.205770705096125,
-0.180375500838459),(-1.78501758199721,-0.399743960253596,0.0735978878334112),
(-1.78501758199721,-0.205797360293268,0.0735978878334112),(-1.78385791402846,
-0.399770663134455,0.0736238277748213),(-1.78385791402846,-0.205770705096125,
0.0736238277748213),(-1.78251819234878,-0.399743960253596,0.327598742325601),
(-1.78251819234878,-0.205797360293268,0.327598742325601),(-1.78135547262221,
-0.399770663134455,0.327623156388102),(-1.78135547262221,-0.205770705096125,
0.327623156388102),(-1.74635791402847,-0.399770663134455,-0.245374890486889),
(-1.74635791402846,-0.399770663134455,-0.180375500838459),(-1.74635791402846,
-0.205770705096125,-0.245374890486899),(-1.74635791402846,-0.205770705096125,
-0.180375500838459),(-1.74385547262222,-0.399770663134455,0.00862443812638114),
(-1.74385547262221,-0.399770663134455,0.0736238277748213),(-1.74385547262221,
-0.205770705096125,0.00862443812638114),(-1.74385547262221,-0.205770705096125,
0.0736238277748213),(-1.74135608297378,-0.399770663134455,0.327623156388102),
(-1.74135608297378,-0.205770705096125,0.262623766739661),(-1.74135608297378,
-0.205770705096125,0.327623156388102),(-1.74135608297377,-0.399770663134455,
0.262623766739671),(-1.71635608297378,-0.429770682207942,-0.275376721541588),
(-1.71635608297378,-0.429770682207942,-0.150376721541588),(-1.71635608297378,
-0.175770686022639,-0.275376721541588),(-1.71635608297378,-0.175770686022639,
-0.150376721541588),(-1.71385669332534,-0.429770682207942,-0.0213758670493988),
(-1.71385669332534,-0.429770682207942,0.103624132950601),(-1.71385669332534,
-0.175770686022639,-0.0213758670493988),(-1.71385669332534,-0.175770686022639,
0.103624132950601),(-1.7113573036769,-0.429770682207942,0.232624987442791),
(-1.7113573036769,-0.429770682207942,0.357624987442791),(-1.7113573036769,
-0.175770686022639,0.232624987442791),(-1.7113573036769,-0.175770686022639,
0.357624987442791),(-1.68185596090346,-0.429770682207942,-0.33987714878768),
(-1.68185596090346,-0.175770686022639,-0.33987714878768),(-1.68047656637222,
-0.429770682207942,-0.33984663120956),(-1.68047656637222,-0.175770686022639,
-0.33984663120956),(-1.67935657125502,-0.429770682207942,-0.0858747684165884),
(-1.67935657125502,-0.175770686022639,-0.0858747684165884),(-1.67797717672378,
-0.429770682207942,-0.0858747684165884),(-1.67797717672378,-0.429770682207942,
-0.0858442508384585),(-1.67797717672378,-0.175770686022639,-0.0858747684165884),
(-1.67797717672378,-0.175770686022639,-0.0858442508384585),(-1.67686633688003,
-0.429770682207942,-0.0857710086509589),(-1.67686633688003,-0.175770686022639,
-0.0857710086509589),(-1.67685718160659,-0.429770682207942,-0.0858747684165884),
(-1.67685718160659,-0.429770682207942,0.168123034317791),(-1.67685718160659,
-0.175770686022639,0.168123034317791),(-1.67685718160659,-0.175770686022639,
-0.0858747684165884),(-1.67570666891128,-0.429770682207942,-0.0859022342368995),
(-1.67570666891128,-0.175770686022639,-0.0859022342368995),(-1.67547778707534,
-0.429770682207942,0.168123034317791),(-1.67547778707534,-0.429770682207942,
0.168156603653731),(-1.67547778707534,-0.175770686022639,0.168123034317791),
(-1.67547778707534,-0.175770686022639,0.168156603653731),(-1.67499560934096,
-0.429770682207942,-0.339076062361898),(-1.67499560934096,-0.175770686022639,
-0.339076062361898),(-1.67436694723159,-0.429770682207942,0.168228319962321),
(-1.67436694723159,-0.175770686022639,0.168228319962321),(-1.67435779195815,
-0.429770682207942,0.168123034317791),(-1.67435779195815,-0.175770686022639,
0.168123034317791),(-1.67320727926284,-0.429770682207942,0.168098620255291),
(-1.67320727926284,-0.175770686022639,0.168098620255291),(-1.67249621969253,
-0.429770682207942,-0.085078259627519),(-1.67249621969253,-0.175770686022639,
-0.085078259627519),(-1.67185840230972,-0.429770682207942,0.42212388880998),
(-1.67185840230972,-0.175770686022639,0.42212388880998),(-1.67113818746596,
-0.429770682207942,-0.0865400516197087),(-1.67113818746596,-0.175770686022639,
-0.0865400516197087),(-1.6707078896144,-0.429770682207942,0.422097948868572),
(-1.6707078896144,-0.175770686022639,0.422097948868572),(-1.66999683004409,
-0.429770682207942,0.168921068985761),(-1.66999683004409,-0.175770686022639,
0.168921068985761),(-1.66974658590346,-0.429770682207942,-0.337316723982979),
(-1.66974658590346,-0.175770686022639,-0.337316723982979),(-1.66863574605971,
-0.429770682207942,0.167460802872481),(-1.66863574605971,-0.175770686022639,
0.167460802872481),(-1.66724719625503,-0.429770682207942,-0.083320447127519),
(-1.66724719625503,-0.175770686022639,-0.083320447127519),(-1.66676807027846,
-0.429770682207942,-0.0880048953697102),(-1.66676807027846,-0.175770686022639,
-0.0880048953697102),(-1.66613635641128,-0.429770682207942,0.421460131485761),
(-1.66613635641128,-0.175770686022639,0.421460131485761),(-1.66490649801284,
-0.429770682207942,-0.334626599471258),(-1.66490649801284,-0.175770686022639,
-0.334626599471258),(-1.66474780660659,-0.429770682207942,0.170680407364671),
(-1.66474780660659,-0.175770686022639,0.170680407364671),(-1.66426562887221,
-0.429770682207942,0.16599443324357),(-1.66426562887221,-0.175770686022639,
0.16599443324357),(-1.66273669820815,-0.429770682207942,-0.0902509891197084),
(-1.66273669820815,-0.175770686022639,-0.0902509891197084),(-1.6624071083644,
-0.429770682207942,-0.080625744979089),(-1.6624071083644,-0.175770686022639,
-0.080625744979089),(-1.66176623922378,-0.429770682207942,0.41999376185685),
(-1.66176623922378,-0.175770686022639,0.41999376185685),(-1.66064624410659,
-0.429770682207942,-0.331086560408758),(-1.66064624410659,-0.175770686022639,
-0.331086560408758),(-1.66023730855971,-0.429770682207942,0.163749865372481),
(-1.66023730855971,-0.175770686022639,0.163749865372481),(-1.65990771871596,
-0.429770682207942,0.173375109513101),(-1.65990771871596,-0.175770686022639,
0.173375109513101),(-1.65918750387221,-0.429770682207942,-0.0931989871665886),
(-1.65918750387221,-0.175770686022639,-0.0931989871665886),(-1.65814685445815,
-0.429770682207942,-0.0770887576743998),(-1.65814685445815,-0.175770686022639,
-0.0770887576743998),(-1.65773791891128,-0.429770682207942,0.417749193985761),
(-1.65773791891128,-0.175770686022639,0.417749193985761),(-1.65710620504409,
-0.429770682207942,-0.326826306502519),(-1.65710620504409,-0.175770686022639,
-0.326826306502519),(-1.65668811422378,-0.429770682207942,0.160801867325601),
(-1.65668811422378,-0.175770686022639,0.160801867325601),(-1.65623645406753,
-0.429770682207942,-0.0967466556236196),(-1.65623645406753,-0.175770686022639,
-0.0967466556236196),(-1.65564746480971,-0.429770682207942,0.176912096817791),
(-1.65564746480971,-0.175770686022639,0.176912096817791),(-1.65460681539565,
-0.429770682207942,-0.0728300296470502),(-1.65460681539565,-0.175770686022639,
-0.0728300296470502),(-1.65441760641128,-0.429770682207942,-0.321996899764239),
(-1.65441760641128,-0.175770686022639,-0.321996899764239),(-1.65418567281753,
-0.429770682207942,0.414802721817792),(-1.65418567281753,-0.175770686022639,
0.414802721817792),(-1.65398730855971,-0.429770682207942,-0.100778027693929),
(-1.65398730855971,-0.175770686022639,-0.100778027693929),(-1.65373706441909,
-0.429770682207942,0.15725267298967),(-1.65373706441909,-0.175770686022639,
0.15725267298967),(-1.65265674215346,-0.429770682207942,-0.31674635044784),
(-1.65265674215346,-0.175770686022639,-0.31674635044784),(-1.65252551656753,
-0.429770682207942,-0.105152722518149),(-1.65252551656753,-0.175770686022639,
-0.105152722518149),(-1.65210742574721,-0.429770682207942,0.18116929896623),
(-1.65210742574721,-0.175770686022639,0.18116929896623),(-1.65191821676284,
-0.429770682207942,-0.067992993514239),(-1.65191821676284,-0.175770686022639,
-0.067992993514239),(-1.65189685445815,-0.429770682207942,-0.31125623814315),
(-1.65189685445815,-0.175770686022639,-0.31125623814315),(-1.65188769918471,
-0.429770682207942,-0.10972120396346),(-1.65188769918471,-0.175770686022639,
-0.10972120396346),(-1.65185718160659,-0.429770682207942,-0.309876843611899),
(-1.65185718160659,-0.429770682207942,-0.110874768416588),(-1.65185718160659,
-0.175770686022639,-0.309876843611899),(-1.65185718160659,-0.175770686022639,
-0.110874768416588),(-1.65148791891128,-0.429770682207942,0.153221300919351),
(-1.65148791891128,-0.175770686022639,0.153221300919351),(-1.65123767477065,
-0.429770682207942,0.411253527481852),(-1.65123767477065,-0.175770686022639,
0.411253527481852),(-1.65015735250503,-0.429770682207942,-0.0627439700767396),
(-1.65015735250503,-0.175770686022639,-0.0627439700767396),(-1.65002612691909,
-0.429770682207942,0.148848131974041),(-1.65002612691909,-0.175770686022639,
0.148848131974041),(-1.64941577535659,-0.429770682207942,0.18600633509904),
(-1.64941577535659,-0.175770686022639,0.18600633509904),(-1.64939746480971,
-0.429770682207942,-0.0572614871665794),(-1.64939746480971,-0.175770686022639,
-0.0572614871665794),(-1.64938830953628,-0.429770682207942,0.144279650528731),
(-1.64938830953628,-0.175770686022639,0.144279650528731),(-1.64935779195815,
-0.429770682207942,-0.0558759891197094),(-1.64935779195815,-0.429770682207942,
0.143123034317791),(-1.64935779195815,-0.175770686022639,0.143123034317791),
(-1.64935779195815,-0.175770686022639,-0.0558759891197094),(-1.64898547750503,
-0.429770682207942,0.407222155411541),(-1.64898547750503,-0.175770686022639,
0.407222155411541),(-1.64765796285659,-0.429770682207942,0.191255358536541),
(-1.64765796285659,-0.175770686022639,0.191255358536541),(-1.64752673727065,
-0.429770682207942,0.402848986466231),(-1.64752673727065,-0.175770686022639,
0.402848986466231),(-1.64689807516128,-0.429770682207942,0.1967393673256),
(-1.64689807516128,-0.175770686022639,0.1967393673256),(-1.64688586813003,
-0.429770682207942,0.398278979142011),(-1.64688586813003,-0.175770686022639,
0.398278979142011),(-1.64685840230971,-0.429770682207942,0.198124865372482),
(-1.64685840230971,-0.429770682207942,0.39712388880998),(-1.64685840230971,
-0.175770686022639,0.198124865372482),(-1.64685840230971,-0.175770686022639,
0.39712388880998)));
#2049=COORDINATES_LIST('',256,((-1.90203799825698,-0.429770682207942,0.44870012172014),
(-1.90203799825698,-0.429770682207942,0.64270036586076),(-1.90203799825698,
-0.175770686022639,0.64270036586076),(-1.90203799825698,-0.175770686022639,
0.44870012172014),(-1.90200900655776,-0.429770682207942,0.44731614955216),
(-1.90200900655776,-0.429770682207942,0.644085863907631),(-1.90200900655776,
-0.175770686022639,0.644085863907631),(-1.90200900655776,-0.175770686022639,
0.44731614955216),(-1.90124911886245,-0.429770682207942,0.441832140763102),
(-1.90124911886245,-0.429770682207942,0.649569872696701),(-1.90124911886245,
-0.175770686022639,0.649569872696701),(-1.90124911886245,-0.175770686022639,
0.441832140763102),(-1.89953860860854,-0.429770682207942,0.896701220352951),
(-1.89953860860854,-0.429770682207942,0.702700976212321),(-1.89953860860854,
-0.175770686022639,0.702700976212321),(-1.89953860860854,-0.175770686022639,
0.896701220352951),(-1.89950809103042,-0.429770682207942,0.898086718399821),
(-1.89950809103042,-0.429770682207942,0.701315478165451),(-1.89950809103042,
-0.175770686022639,0.701315478165451),(-1.89950809103042,-0.175770686022639,
0.898086718399821),(-1.89948825460464,-0.429770682207942,0.436583117325601),
(-1.89948825460464,-0.429770682207942,0.654818896134202),(-1.89948825460464,
-0.175770686022639,0.654818896134202),(-1.89948825460464,-0.175770686022639,
0.436583117325601),(-1.8987482033351,-0.429770682207942,0.903569201309981),
(-1.8987482033351,-0.429770682207942,0.695832995255291),(-1.8987482033351,
-0.175770686022639,0.695832995255291),(-1.8987482033351,-0.175770686022639,
0.903569201309981),(-1.8969888649562,-0.429770682207942,0.908818224747482),
(-1.8969888649562,-0.429770682207942,0.690583971817792),(-1.8969888649562,
-0.175770686022639,0.690583971817792),(-1.8969888649562,-0.175770686022639,
0.908818224747482),(-1.89678897481948,-0.429770682207942,0.431746081192791),
(-1.89678897481948,-0.429770682207942,0.659654406388101),(-1.89678897481948,
-0.175770686022639,0.659654406388101),(-1.89678897481948,-0.175770686022639,
0.431746081192791),(-1.89428805929213,-0.429770682207942,0.91365526088029),
(-1.89428805929213,-0.429770682207942,0.685746935684982),(-1.89428805929213,
-0.175770686022639,0.685746935684982),(-1.89428805929213,-0.175770686022639,
0.91365526088029),(-1.89325809103042,-0.429770682207942,0.427487353165451),
(-1.89325809103042,-0.429770682207942,0.663913134415452),(-1.89325809103042,
-0.175770686022639,0.663913134415452),(-1.89325809103042,-0.175770686022639,
0.427487353165451),(-1.89075870138198,-0.429770682207942,0.917913988907632),
(-1.89075870138198,-0.429770682207942,0.681488207657631),(-1.89075870138198,
-0.175770686022639,0.681488207657631),(-1.89075870138198,-0.175770686022639,
0.917913988907632),(-1.88899783712417,-0.429770682207942,0.42395036586076),
(-1.88899783712417,-0.429770682207942,0.667450121720131),(-1.88899783712417,
-0.175770686022639,0.667450121720131),(-1.88899783712417,-0.175770686022639,
0.42395036586076),(-1.88649844747573,-0.429770682207942,0.921450976212321),
(-1.88649844747573,-0.429770682207942,0.67795122035295),(-1.88649844747573,
-0.175770686022639,0.67795122035295),(-1.88649844747573,-0.175770686022639,
0.921450976212321),(-1.88415927511245,-0.429770682207942,0.42125718959123),
(-1.88415927511245,-0.429770682207942,0.670144823868571),(-1.88415927511245,
-0.175770686022639,0.670144823868571),(-1.88415927511245,-0.175770686022639,
0.42125718959123),(-1.8816583595851,-0.429770682207942,0.924144152481851),
(-1.8816583595851,-0.429770682207942,0.67525651820451),(-1.8816583595851,
-0.175770686022639,0.67525651820451),(-1.8816583595851,-0.175770686022639,
0.924144152481851),(-1.87890872579604,-0.429770682207942,0.419497851212321),
(-1.87890872579604,-0.429770682207942,0.671904162247482),(-1.87890872579604,
-0.175770686022639,0.671904162247482),(-1.87890872579604,-0.175770686022639,
0.419497851212321),(-1.8764078102687,-0.429770682207942,0.925903490860761),
(-1.8764078102687,-0.429770682207942,0.673497179825601),(-1.8764078102687,
-0.175770686022639,0.673497179825601),(-1.8764078102687,-0.175770686022639,
0.925903490860761),(-1.8734292946437,-0.429770682207942,0.418731860001381),
(-1.8734292946437,-0.429770682207942,0.67266862757951),(-1.8734292946437,
-0.175770686022639,0.67266862757951),(-1.8734292946437,-0.175770686022639,
0.418731860001381),(-1.8720392189601,-0.429770682207942,0.418701342423261),
(-1.8720392189601,-0.429770682207942,0.672700671036541),(-1.8720392189601,
-0.429770682207942,0.672804430802161),(-1.8720392189601,-0.175770686022639,
0.672700671036541),(-1.8720392189601,-0.175770686022639,0.672804430802161),
(-1.8720392189601,-0.175770686022639,0.418701342423261),(-1.87092837911635,
-0.429770682207942,0.926667956192791),(-1.87092837911635,-0.429770682207942,
0.672700671036541),(-1.87092837911635,-0.429770682207942,0.672732714493571),
(-1.87092837911635,-0.175770686022639,0.672700671036541),(-1.87092837911635,
-0.175770686022639,0.672732714493571),(-1.87092837911635,-0.175770686022639,
0.926667956192791),(-1.86953830343276,-0.429770682207942,0.926699999649822),
(-1.86953830343276,-0.429770682207942,0.672700671036541),(-1.86953830343276,
-0.175770686022639,0.672700671036541),(-1.86953830343276,-0.175770686022639,
0.926699999649822),(-1.83753909688979,-0.429770682207942,0.483200243790441),
(-1.83753909688979,-0.429770682207942,0.608200243790451),(-1.83753909688979,
-0.175770686022639,0.608200243790451),(-1.83753909688979,-0.175770686022639,
0.483200243790451),(-1.83503818136245,-0.429770682207942,0.737201098282642),
(-1.83503818136245,-0.429770682207942,0.862201098282632),(-1.83503818136245,
-0.175770686022639,0.737201098282642),(-1.83503818136245,-0.175770686022639,
0.862201098282632),(-1.80753879171401,-0.399770663134455,0.513200548966231),
(-1.80753879171401,-0.399770663134455,0.553199938614661),(-1.80753879171401,
-0.205770681254267,0.513200548966231),(-1.80753879171401,-0.205770681254267,
0.553199938614661),(-1.80751895528823,-0.399743960253596,0.554355028946701),
(-1.80751895528823,-0.205797360293268,0.554355028946701),(-1.8068780861476,
-0.399106715075373,0.558925036270912),(-1.8068780861476,-0.206434748522638,
0.558925036270912),(-1.80540866476089,-0.397640488497614,0.563298205216231),
(-1.80540866476089,-0.20790083204925,0.563298205216231),(-1.80503787618667,
-0.399770663134455,0.767199877579511),(-1.80503787618667,-0.399770663134455,
0.807200793106851),(-1.80503787618667,-0.205770681254267,0.767199877579511),
(-1.80503787618667,-0.205770681254267,0.807200793106851),(-1.80501803976088,
-0.399743960253596,0.808355883438881),(-1.80501803976088,-0.205797360293268,
0.808355883438881),(-1.80437869649917,-0.399106715075373,0.812924364884202),
(-1.80437869649917,-0.206434748522638,0.812924364884202),(-1.80316867452651,
-0.39539558684051,0.567329577286541),(-1.80316867452651,-0.210145733706354,
0.567329577286541),(-1.80290927511245,-0.397640488497614,0.817299059708411),
(-1.80290927511245,-0.20790083204925,0.817299059708411),(-1.80066928487807,
-0.39539558684051,0.821328905899821),(-1.80066928487807,-0.210145733706354,
0.821328905899821),(-1.80021915060073,-0.392448351733088,0.570878771622481),
(-1.80021915060073,-0.213093016497492,0.570878771622481),(-1.79771823507339,
-0.392448351733088,0.824878100235761),(-1.79771823507339,-0.213093016497492,
0.824878100235761),(-1.79666843038589,-0.39539558684051,0.573825243790452),
(-1.79666843038589,-0.210145733706354,0.573825243790452),(-1.79416904073745,
-0.39539558684051,0.827826098282632),(-1.79416904073745,-0.210145733706354,
0.827826098282632),(-1.79263858419448,-0.397640488497614,0.576071337540451),
(-1.79263858419448,-0.20790083204925,0.576071337540451),(-1.79013919454604,
-0.397640488497614,0.830070666153732),(-1.79013919454604,-0.20790083204925,
0.830070666153732),(-1.78826846700698,-0.399106715075373,0.577536181290451),
(-1.78826846700698,-0.206434748522638,0.577536181290451),(-1.78576907735854,
-0.399106715075373,0.831537035782631),(-1.78576907735854,-0.206434748522638,
0.831537035782631),(-1.78369845968276,-0.399743960253596,0.578173998673261),
(-1.78369845968276,-0.205797360293268,0.578173998673261),(-1.78253879171401,
-0.399770663134455,0.578199938614671),(-1.78253879171401,-0.205770681254267,
0.578199938614671),(-1.78119907003432,-0.399743960253596,0.832174853165452),
(-1.78119907003432,-0.205797360293268,0.832174853165452),(-1.78003787618666,
-0.399770663134455,0.832200793106851),(-1.78003787618666,-0.205770681254267,
0.832200793106851),(-1.74253787618667,-0.399770663134455,0.578199938614661),
(-1.74253787618667,-0.205770681254267,0.513200548966231),(-1.74253787618667,
-0.205770681254267,0.578199938614671),(-1.74253787618666,-0.399770663134455,
0.513200548966231),(-1.74003848653823,-0.399770663134455,0.767199877579511),
(-1.74003848653823,-0.399770663134455,0.832200793106851),(-1.74003848653823,
-0.205770681254267,0.767199877579511),(-1.74003848653823,-0.205770681254267,
0.832200793106851),(-1.71253909688979,-0.429770682207942,0.483200243790451),
(-1.71253909688979,-0.429770682207942,0.608200243790451),(-1.71253909688979,
-0.175770686022639,0.483200243790441),(-1.71253909688979,-0.175770686022639,
0.608200243790451),(-1.71003818136245,-0.429770682207942,0.737201098282632),
(-1.71003818136245,-0.429770682207942,0.862201098282632),(-1.71003818136245,
-0.175770686022639,0.737201098282642),(-1.71003818136245,-0.175770686022639,
0.862201098282632),(-1.67803897481948,-0.429770682207942,0.418701342423261),
(-1.67803897481948,-0.175770686022639,0.418701342423261),(-1.67665805440932,
-0.429770682207942,0.418731860001381),(-1.67665805440932,-0.175770686022639,
0.418731860001381),(-1.67553805929214,-0.429770682207942,0.672700671036541),
(-1.67553805929214,-0.175770686022639,0.672700671036541),(-1.67415866476088,
-0.429770682207942,0.672700671036541),(-1.67415866476088,-0.429770682207942,
0.672732714493571),(-1.67415866476088,-0.175770686022639,0.672700671036541),
(-1.67415866476088,-0.175770686022639,0.672732714493571),(-1.67304782491713,
-0.429770682207942,0.672804430802172),(-1.67304782491713,-0.175770686022639,
0.672804430802161),(-1.6730386696437,-0.429770682207942,0.672700671036541),
(-1.6730386696437,-0.175770686022639,0.672700671036541),(-1.67188815694839,
-0.429770682207942,0.672674731095131),(-1.67188815694839,-0.175770686022639,
0.672674731095131),(-1.67117862325698,-0.429770682207942,0.419497851212321),
(-1.67117862325698,-0.175770686022639,0.419497851212321),(-1.67053927999527,
-0.429770682207942,0.926699999649822),(-1.67053927999526,-0.175770686022639,
0.926699999649822),(-1.66938876729995,-0.429770682207942,0.92667405970841),
(-1.66938876729995,-0.175770686022639,0.92667405970841),(-1.66867923360854,
-0.429770682207942,0.673497179825601),(-1.66867923360854,-0.175770686022639,
0.673497179825601),(-1.66731814962417,-0.429770682207942,0.672036913712321),
(-1.66731814962417,-0.175770686022639,0.672036913712321),(-1.66592807394057,
-0.429770682207942,0.42125718959123),(-1.66592807394057,-0.175770686022639,
0.42125718959123),(-1.66481875997573,-0.429770682207942,0.926036242325601),
(-1.66481875997573,-0.175770686022639,0.926036242325601),(-1.66342868429214,
-0.429770682207942,0.67525651820451),(-1.66342868429214,-0.175770686022639,
0.67525651820451),(-1.66294803243667,-0.429770682207942,0.670570544083411),
(-1.66294803243667,-0.175770686022639,0.670570544083411),(-1.66108798604995,
-0.429770682207942,0.42395036586076),(-1.66108798604995,-0.175770686022639,
0.42395036586076),(-1.66044864278823,-0.429770682207942,0.924569872696701),
(-1.66044864278823,-0.175770686022639,0.924569872696701),(-1.65891818624526,
-0.429770682207942,0.668325976212321),(-1.65891818624526,-0.175770686022639,
0.668325976212321),(-1.65858859640151,-0.429770682207942,0.67795122035295),
(-1.65858859640151,-0.175770686022639,0.67795122035295),(-1.6568292580226,
-0.429770682207942,0.427487353165451),(-1.6568292580226,-0.175770686022639,
0.427487353165451),(-1.65641879659682,-0.429770682207942,0.922325304825601),
(-1.65641879659682,-0.175770686022639,0.922325304825601),(-1.65536899190932,
-0.429770682207942,0.665377978165452),(-1.65536899190932,-0.175770686022639,
0.665377978165452),(-1.65432834249526,-0.429770682207942,0.681488207657631),
(-1.65432834249526,-0.175770686022639,0.681488207657631),(-1.6532892189601,
-0.429770682207942,0.431746081192791),(-1.6532892189601,-0.175770686022639,
0.431746081192791),(-1.65286807638198,-0.429770682207942,0.91937883265763),
(-1.65286807638198,-0.175770686022639,0.91937883265763),(-1.65241794210464,
-0.429770682207942,0.66183030970841),(-1.65241794210464,-0.175770686022639,
0.66183030970841),(-1.65078830343276,-0.429770682207942,0.685746935684982),
(-1.65078830343276,-0.175770686022639,0.685746935684982),(-1.65059909444839,
-0.429770682207942,0.436583117325601),(-1.65059909444839,-0.175770686022639,
0.436583117325601),(-1.65016879659682,-0.429770682207942,0.657798937638102),
(-1.65016879659682,-0.175770686022639,0.657798937638102),(-1.6499185524562,
-0.429770682207942,0.915829638321701),(-1.6499185524562,-0.175770686022639,
0.915829638321701),(-1.64883823019057,-0.429770682207942,0.441832140763102),
(-1.64883823019057,-0.175770686022639,0.441832140763102),(-1.64870853048354,
-0.429770682207942,0.653424242813881),(-1.64870853048354,-0.175770686022639,
0.653424242813881),(-1.64809817892104,-0.429770682207942,0.690583971817792),
(-1.64809817892104,-0.175770686022639,0.690583971817792),(-1.64807834249526,
-0.429770682207942,0.44731614955216),(-1.64807834249526,-0.175770686022639,
0.44731614955216),(-1.64806918722182,-0.429770682207942,0.648855761368571),
(-1.64806918722182,-0.175770686022639,0.648855761368571),(-1.6480386696437,
-0.429770682207942,0.44870012172014),(-1.6480386696437,-0.429770682207942,
0.647700671036541),(-1.6480386696437,-0.175770686022639,0.44870012172013),
(-1.6480386696437,-0.175770686022639,0.647700671036541),(-1.64766788106948,
-0.429770682207942,0.911798266251382),(-1.64766788106948,-0.175770686022639,
0.911798266251382),(-1.64633884054213,-0.429770682207942,0.695832995255291),
(-1.64633884054213,-0.175770686022639,0.695832995255291),(-1.6462091408351,
-0.429770682207942,0.907425097306071),(-1.6462091408351,-0.175770686022639,
0.907425097306071),(-1.64557895284682,-0.429770682207942,0.701315478165451),
(-1.64557895284682,-0.175770686022639,0.701315478165451),(-1.64556827169448,
-0.429770682207942,0.902855089981851),(-1.64556827169448,-0.175770686022639,
0.902855089981851),(-1.64553927999526,-0.429770682207942,0.702700976212321),
(-1.64553927999526,-0.429770682207942,0.901699999649822),(-1.64553927999526,
-0.175770686022639,0.901699999649822),(-1.64553927999526,-0.175770686022639,
0.702700976212321)));
#2050=TESSELLATED_SHELL('ConvergentBody',(#2036),$);
#2051=TESSELLATED_SHELL('ConvergentBody',(#2037),$);
#2052=TESSELLATED_SHELL('ConvergentBody',(#2038),$);
#2053=TESSELLATED_SHELL('ConvergentBody',(#2039),$);
#2054=TESSELLATED_SHELL('ConvergentBody',(#2040),$);
#2055=TESSELLATED_SHELL('ConvergentBody',(#2041),$);
#2056=TESSELLATED_SHELL('ConvergentBody',(#2042),$);
#2057=SHAPE_DEFINITION_REPRESENTATION(#3431,#2067);
#2058=SHAPE_DEFINITION_REPRESENTATION(#3432,#2068);
#2059=SHAPE_DEFINITION_REPRESENTATION(#3433,#2069);
#2060=SHAPE_DEFINITION_REPRESENTATION(#3434,#2070);
#2061=SHAPE_DEFINITION_REPRESENTATION(#3435,#2071);
#2062=SHAPE_DEFINITION_REPRESENTATION(#3436,#2072);
#2063=SHAPE_DEFINITION_REPRESENTATION(#3437,#2073);
#2064=SHAPE_DEFINITION_REPRESENTATION(#3438,#2074);
#2065=SHAPE_DEFINITION_REPRESENTATION(#3439,#2075);
#2066=SHAPE_DEFINITION_REPRESENTATION(#3440,#2076);
#2067=SHAPE_REPRESENTATION('id2',(#2077),#3381);
#2068=SHAPE_REPRESENTATION('id5',(#2078),#3382);
#2069=SHAPE_REPRESENTATION('id8',(#2079),#3383);
#2070=SHAPE_REPRESENTATION('id11',(#2080),#3384);
#2071=SHAPE_REPRESENTATION('id14',(#2081),#3385);
#2072=SHAPE_REPRESENTATION('id17',(#2082),#3386);
#2073=SHAPE_REPRESENTATION('id20',(#2083),#3387);
#2074=SHAPE_REPRESENTATION('Part 1',(#2084),#3388);
#2075=SHAPE_REPRESENTATION('Part 3',(#2159),#3389);
#2076=SHAPE_REPRESENTATION('Part 2',(#2206),#3390);
#2077=AXIS2_PLACEMENT_3D('',#2809,#2253,#2254);
#2078=AXIS2_PLACEMENT_3D('',#2810,#2255,#2256);
#2079=AXIS2_PLACEMENT_3D('',#2811,#2257,#2258);
#2080=AXIS2_PLACEMENT_3D('',#2812,#2259,#2260);
#2081=AXIS2_PLACEMENT_3D('',#2813,#2261,#2262);
#2082=AXIS2_PLACEMENT_3D('',#2814,#2263,#2264);
#2083=AXIS2_PLACEMENT_3D('',#2815,#2265,#2266);
#2084=AXIS2_PLACEMENT_3D('',#2816,#2267,#2268);
#2085=AXIS2_PLACEMENT_3D('',#2817,#2269,#2270);
#2086=AXIS2_PLACEMENT_3D('',#2826,#2275,#2276);
#2087=AXIS2_PLACEMENT_3D('',#2835,#2281,#2282);
#2088=AXIS2_PLACEMENT_3D('',#2844,#2287,#2288);
#2089=AXIS2_PLACEMENT_3D('',#2853,#2293,#2294);
#2090=AXIS2_PLACEMENT_3D('',#2854,#2295,#2296);
#2091=AXIS2_PLACEMENT_3D('',#2856,#2297,#2298);
#2092=AXIS2_PLACEMENT_3D('',#2858,#2299,#2300);
#2093=AXIS2_PLACEMENT_3D('',#2860,#2301,#2302);
#2094=AXIS2_PLACEMENT_3D('',#2862,#2303,#2304);
#2095=AXIS2_PLACEMENT_3D('',#2864,#2305,#2306);
#2096=AXIS2_PLACEMENT_3D('',#2866,#2307,#2308);
#2097=AXIS2_PLACEMENT_3D('',#2868,#2309,#2310);
#2098=AXIS2_PLACEMENT_3D('',#2869,#2311,#2312);
#2099=AXIS2_PLACEMENT_3D('',#2870,#2313,#2314);
#2100=AXIS2_PLACEMENT_3D('',#2871,#2315,#2316);
#2101=AXIS2_PLACEMENT_3D('',#2872,#2317,#2318);
#2102=AXIS2_PLACEMENT_3D('',#2929,#2347,#2348);
#2103=AXIS2_PLACEMENT_3D('',#2931,#2349,#2350);
#2104=AXIS2_PLACEMENT_3D('',#2933,#2351,#2352);
#2105=AXIS2_PLACEMENT_3D('',#2935,#2353,#2354);
#2106=AXIS2_PLACEMENT_3D('',#2937,#2355,#2356);
#2107=AXIS2_PLACEMENT_3D('',#2939,#2357,#2358);
#2108=AXIS2_PLACEMENT_3D('',#2941,#2359,#2360);
#2109=AXIS2_PLACEMENT_3D('',#2943,#2361,#2362);
#2110=AXIS2_PLACEMENT_3D('',#2944,#2363,#2364);
#2111=AXIS2_PLACEMENT_3D('',#2945,#2365,#2366);
#2112=AXIS2_PLACEMENT_3D('',#2946,#2367,#2368);
#2113=AXIS2_PLACEMENT_3D('',#2947,#2369,#2370);
#2114=AXIS2_PLACEMENT_3D('',#2948,#2371,#2372);
#2115=AXIS2_PLACEMENT_3D('',#2949,#2373,#2374);
#2116=AXIS2_PLACEMENT_3D('',#2950,#2375,#2376);
#2117=AXIS2_PLACEMENT_3D('',#2951,#2377,#2378);
#2118=AXIS2_PLACEMENT_3D('',#2952,#2379,#2380);
#2119=AXIS2_PLACEMENT_3D('',#2953,#2381,#2382);
#2120=AXIS2_PLACEMENT_3D('',#2954,#2383,#2384);
#2121=AXIS2_PLACEMENT_3D('',#2955,#2385,#2386);
#2122=AXIS2_PLACEMENT_3D('',#2956,#2387,#2388);
#2123=AXIS2_PLACEMENT_3D('',#2957,#2389,#2390);
#2124=AXIS2_PLACEMENT_3D('',#2958,#2391,#2392);
#2125=AXIS2_PLACEMENT_3D('',#2964,#2396,#2397);
#2126=AXIS2_PLACEMENT_3D('',#2968,#2400,#2401);
#2127=AXIS2_PLACEMENT_3D('',#2972,#2404,#2405);
#2128=AXIS2_PLACEMENT_3D('',#2974,#2407,#2408);
#2129=AXIS2_PLACEMENT_3D('',#2975,#2409,#2410);
#2130=AXIS2_PLACEMENT_3D('',#2981,#2414,#2415);
#2131=AXIS2_PLACEMENT_3D('',#2985,#2418,#2419);
#2132=AXIS2_PLACEMENT_3D('',#2989,#2422,#2423);
#2133=AXIS2_PLACEMENT_3D('',#2991,#2425,#2426);
#2134=AXIS2_PLACEMENT_3D('',#2992,#2427,#2428);
#2135=AXIS2_PLACEMENT_3D('',#2998,#2432,#2433);
#2136=AXIS2_PLACEMENT_3D('',#3002,#2436,#2437);
#2137=AXIS2_PLACEMENT_3D('',#3006,#2440,#2441);
#2138=AXIS2_PLACEMENT_3D('',#3008,#2443,#2444);
#2139=AXIS2_PLACEMENT_3D('',#3009,#2445,#2446);
#2140=AXIS2_PLACEMENT_3D('',#3015,#2450,#2451);
#2141=AXIS2_PLACEMENT_3D('',#3019,#2454,#2455);
#2142=AXIS2_PLACEMENT_3D('',#3023,#2458,#2459);
#2143=AXIS2_PLACEMENT_3D('',#3025,#2461,#2462);
#2144=AXIS2_PLACEMENT_3D('',#3026,#2463,#2464);
#2145=AXIS2_PLACEMENT_3D('',#3032,#2468,#2469);
#2146=AXIS2_PLACEMENT_3D('',#3036,#2472,#2473);
#2147=AXIS2_PLACEMENT_3D('',#3040,#2476,#2477);
#2148=AXIS2_PLACEMENT_3D('',#3042,#2479,#2480);
#2149=AXIS2_PLACEMENT_3D('',#3043,#2481,#2482);
#2150=AXIS2_PLACEMENT_3D('',#3049,#2486,#2487);
#2151=AXIS2_PLACEMENT_3D('',#3053,#2490,#2491);
#2152=AXIS2_PLACEMENT_3D('',#3057,#2494,#2495);
#2153=AXIS2_PLACEMENT_3D('',#3059,#2497,#2498);
#2154=AXIS2_PLACEMENT_3D('',#3060,#2499,#2500);
#2155=AXIS2_PLACEMENT_3D('',#3066,#2504,#2505);
#2156=AXIS2_PLACEMENT_3D('',#3070,#2508,#2509);
#2157=AXIS2_PLACEMENT_3D('',#3074,#2512,#2513);
#2158=AXIS2_PLACEMENT_3D('',#3076,#2515,#2516);
#2159=AXIS2_PLACEMENT_3D('',#3077,#2517,#2518);
#2160=AXIS2_PLACEMENT_3D('',#3078,#2519,#2520);
#2161=AXIS2_PLACEMENT_3D('',#3087,#2525,#2526);
#2162=AXIS2_PLACEMENT_3D('',#3093,#2530,#2531);
#2163=AXIS2_PLACEMENT_3D('',#3099,#2535,#2536);
#2164=AXIS2_PLACEMENT_3D('',#3102,#2539,#2540);
#2165=AXIS2_PLACEMENT_3D('',#3111,#2545,#2546);
#2166=AXIS2_PLACEMENT_3D('',#3117,#2550,#2551);
#2167=AXIS2_PLACEMENT_3D('',#3123,#2555,#2556);
#2168=AXIS2_PLACEMENT_3D('',#3126,#2559,#2560);
#2169=AXIS2_PLACEMENT_3D('',#3127,#2561,#2562);
#2170=AXIS2_PLACEMENT_3D('',#3129,#2563,#2564);
#2171=AXIS2_PLACEMENT_3D('',#3131,#2565,#2566);
#2172=AXIS2_PLACEMENT_3D('',#3132,#2567,#2568);
#2173=AXIS2_PLACEMENT_3D('',#3134,#2569,#2570);
#2174=AXIS2_PLACEMENT_3D('',#3136,#2571,#2572);
#2175=AXIS2_PLACEMENT_3D('',#3137,#2573,#2574);
#2176=AXIS2_PLACEMENT_3D('',#3142,#2576,#2577);
#2177=AXIS2_PLACEMENT_3D('',#3145,#2579,#2580);
#2178=AXIS2_PLACEMENT_3D('',#3151,#2584,#2585);
#2179=AXIS2_PLACEMENT_3D('',#3152,#2586,#2587);
#2180=AXIS2_PLACEMENT_3D('',#3156,#2589,#2590);
#2181=AXIS2_PLACEMENT_3D('',#3157,#2591,#2592);
#2182=AXIS2_PLACEMENT_3D('',#3163,#2596,#2597);
#2183=AXIS2_PLACEMENT_3D('',#3164,#2598,#2599);
#2184=AXIS2_PLACEMENT_3D('',#3168,#2601,#2602);
#2185=AXIS2_PLACEMENT_3D('',#3169,#2603,#2604);
#2186=AXIS2_PLACEMENT_3D('',#3175,#2608,#2609);
#2187=AXIS2_PLACEMENT_3D('',#3176,#2610,#2611);
#2188=AXIS2_PLACEMENT_3D('',#3180,#2613,#2614);
#2189=AXIS2_PLACEMENT_3D('',#3181,#2615,#2616);
#2190=AXIS2_PLACEMENT_3D('',#3184,#2619,#2620);
#2191=AXIS2_PLACEMENT_3D('',#3193,#2625,#2626);
#2192=AXIS2_PLACEMENT_3D('',#3194,#2627,#2628);
#2193=AXIS2_PLACEMENT_3D('',#3196,#2629,#2630);
#2194=AXIS2_PLACEMENT_3D('',#3198,#2631,#2632);
#2195=AXIS2_PLACEMENT_3D('',#3199,#2633,#2634);
#2196=AXIS2_PLACEMENT_3D('',#3200,#2635,#2636);
#2197=AXIS2_PLACEMENT_3D('',#3202,#2637,#2638);
#2198=AXIS2_PLACEMENT_3D('',#3204,#2639,#2640);
#2199=AXIS2_PLACEMENT_3D('',#3205,#2641,#2642);
#2200=AXIS2_PLACEMENT_3D('',#3214,#2647,#2648);
#2201=AXIS2_PLACEMENT_3D('',#3217,#2651,#2652);
#2202=AXIS2_PLACEMENT_3D('',#3219,#2654,#2655);
#2203=AXIS2_PLACEMENT_3D('',#3221,#2657,#2658);
#2204=AXIS2_PLACEMENT_3D('',#3222,#2659,#2660);
#2205=AXIS2_PLACEMENT_3D('',#3223,#2661,#2662);
#2206=AXIS2_PLACEMENT_3D('',#3224,#2663,#2664);
#2207=AXIS2_PLACEMENT_3D('',#3225,#2665,#2666);
#2208=AXIS2_PLACEMENT_3D('',#3234,#2671,#2672);
#2209=AXIS2_PLACEMENT_3D('',#3240,#2676,#2677);
#2210=AXIS2_PLACEMENT_3D('',#3246,#2681,#2682);
#2211=AXIS2_PLACEMENT_3D('',#3249,#2685,#2686);
#2212=AXIS2_PLACEMENT_3D('',#3258,#2691,#2692);
#2213=AXIS2_PLACEMENT_3D('',#3264,#2696,#2697);
#2214=AXIS2_PLACEMENT_3D('',#3270,#2701,#2702);
#2215=AXIS2_PLACEMENT_3D('',#3273,#2705,#2706);
#2216=AXIS2_PLACEMENT_3D('',#3274,#2707,#2708);
#2217=AXIS2_PLACEMENT_3D('',#3276,#2709,#2710);
#2218=AXIS2_PLACEMENT_3D('',#3278,#2711,#2712);
#2219=AXIS2_PLACEMENT_3D('',#3279,#2713,#2714);
#2220=AXIS2_PLACEMENT_3D('',#3281,#2715,#2716);
#2221=AXIS2_PLACEMENT_3D('',#3283,#2717,#2718);
#2222=AXIS2_PLACEMENT_3D('',#3284,#2719,#2720);
#2223=AXIS2_PLACEMENT_3D('',#3289,#2722,#2723);
#2224=AXIS2_PLACEMENT_3D('',#3292,#2725,#2726);
#2225=AXIS2_PLACEMENT_3D('',#3298,#2730,#2731);
#2226=AXIS2_PLACEMENT_3D('',#3299,#2732,#2733);
#2227=AXIS2_PLACEMENT_3D('',#3303,#2735,#2736);
#2228=AXIS2_PLACEMENT_3D('',#3304,#2737,#2738);
#2229=AXIS2_PLACEMENT_3D('',#3310,#2742,#2743);
#2230=AXIS2_PLACEMENT_3D('',#3311,#2744,#2745);
#2231=AXIS2_PLACEMENT_3D('',#3315,#2747,#2748);
#2232=AXIS2_PLACEMENT_3D('',#3316,#2749,#2750);
#2233=AXIS2_PLACEMENT_3D('',#3322,#2754,#2755);
#2234=AXIS2_PLACEMENT_3D('',#3323,#2756,#2757);
#2235=AXIS2_PLACEMENT_3D('',#3327,#2759,#2760);
#2236=AXIS2_PLACEMENT_3D('',#3328,#2761,#2762);
#2237=AXIS2_PLACEMENT_3D('',#3331,#2765,#2766);
#2238=AXIS2_PLACEMENT_3D('',#3340,#2771,#2772);
#2239=AXIS2_PLACEMENT_3D('',#3341,#2773,#2774);
#2240=AXIS2_PLACEMENT_3D('',#3343,#2775,#2776);
#2241=AXIS2_PLACEMENT_3D('',#3345,#2777,#2778);
#2242=AXIS2_PLACEMENT_3D('',#3346,#2779,#2780);
#2243=AXIS2_PLACEMENT_3D('',#3347,#2781,#2782);
#2244=AXIS2_PLACEMENT_3D('',#3349,#2783,#2784);
#2245=AXIS2_PLACEMENT_3D('',#3351,#2785,#2786);
#2246=AXIS2_PLACEMENT_3D('',#3352,#2787,#2788);
#2247=AXIS2_PLACEMENT_3D('',#3361,#2793,#2794);
#2248=AXIS2_PLACEMENT_3D('',#3364,#2797,#2798);
#2249=AXIS2_PLACEMENT_3D('',#3366,#2800,#2801);
#2250=AXIS2_PLACEMENT_3D('',#3368,#2803,#2804);
#2251=AXIS2_PLACEMENT_3D('',#3369,#2805,#2806);
#2252=AXIS2_PLACEMENT_3D('',#3370,#2807,#2808);
#2253=DIRECTION('',(0.,0.,1.));
#2254=DIRECTION('',(1.,0.,0.));
#2255=DIRECTION('',(0.,0.,1.));
#2256=DIRECTION('',(1.,0.,0.));
#2257=DIRECTION('',(0.,0.,1.));
#2258=DIRECTION('',(1.,0.,0.));
#2259=DIRECTION('',(0.,0.,1.));
#2260=DIRECTION('',(1.,0.,0.));
#2261=DIRECTION('',(0.,0.,1.));
#2262=DIRECTION('',(1.,0.,0.));
#2263=DIRECTION('',(0.,0.,1.));
#2264=DIRECTION('',(1.,0.,0.));
#2265=DIRECTION('',(0.,0.,1.));
#2266=DIRECTION('',(1.,0.,0.));
#2267=DIRECTION('',(0.,0.,1.));
#2268=DIRECTION('',(1.,0.,0.));
#2269=DIRECTION('',(0.,0.,-1.));
#2270=DIRECTION('',(0.,1.,0.));
#2271=DIRECTION('',(1.,0.,0.));
#2272=DIRECTION('',(0.,-1.,0.));
#2273=DIRECTION('',(1.,0.,0.));
#2274=DIRECTION('',(0.,-1.,0.));
#2275=DIRECTION('',(1.,0.,0.));
#2276=DIRECTION('',(0.,-1.,0.));
#2277=DIRECTION('',(0.,0.,1.));
#2278=DIRECTION('',(0.,-1.,0.));
#2279=DIRECTION('',(0.,0.,1.));
#2280=DIRECTION('',(0.,-1.,0.));
#2281=DIRECTION('',(0.,0.,-1.));
#2282=DIRECTION('',(0.,1.,0.));
#2283=DIRECTION('',(1.,0.,0.));
#2284=DIRECTION('',(0.,-1.,0.));
#2285=DIRECTION('',(1.,0.,0.));
#2286=DIRECTION('',(0.,-1.,0.));
#2287=DIRECTION('',(1.,0.,-8.5035464508667E-17));
#2288=DIRECTION('',(-8.5035464508667E-17,0.,-1.));
#2289=DIRECTION('',(8.5035464508667E-17,0.,1.));
#2290=DIRECTION('',(0.,-1.,0.));
#2291=DIRECTION('',(8.5035464508667E-17,0.,1.));
#2292=DIRECTION('',(0.,-1.,0.));
#2293=DIRECTION('',(0.,1.,0.));
#2294=DIRECTION('',(1.,0.,0.));
#2295=DIRECTION('',(0.,1.,0.));
#2296=DIRECTION('',(1.,0.,0.));
#2297=DIRECTION('',(0.,1.,0.));
#2298=DIRECTION('',(1.,0.,0.));
#2299=DIRECTION('',(0.,1.,0.));
#2300=DIRECTION('',(1.,0.,0.));
#2301=DIRECTION('',(0.,1.,0.));
#2302=DIRECTION('',(1.,0.,0.));
#2303=DIRECTION('',(0.,1.,0.));
#2304=DIRECTION('',(1.,0.,0.));
#2305=DIRECTION('',(0.,1.,0.));
#2306=DIRECTION('',(1.,0.,0.));
#2307=DIRECTION('',(0.,1.,0.));
#2308=DIRECTION('',(1.,0.,0.));
#2309=DIRECTION('',(0.,1.,0.));
#2310=DIRECTION('',(1.,0.,0.));
#2311=DIRECTION('',(0.,1.,0.));
#2312=DIRECTION('',(1.,0.,0.));
#2313=DIRECTION('',(0.,1.,0.));
#2314=DIRECTION('',(1.,0.,0.));
#2315=DIRECTION('',(0.,1.,0.));
#2316=DIRECTION('',(1.,0.,0.));
#2317=DIRECTION('',(0.,1.,0.));
#2318=DIRECTION('',(1.,0.,0.));
#2319=DIRECTION('',(-1.,0.,0.));
#2320=DIRECTION('',(0.,0.,-1.));
#2321=DIRECTION('',(-1.,0.,0.));
#2322=DIRECTION('',(0.,0.,-1.));
#2323=DIRECTION('',(-1.,0.,0.));
#2324=DIRECTION('',(0.,0.,-1.));
#2325=DIRECTION('',(-1.,0.,0.));
#2326=DIRECTION('',(0.,0.,-1.));
#2327=DIRECTION('',(-1.,0.,0.));
#2328=DIRECTION('',(0.,0.,-1.));
#2329=DIRECTION('',(-1.,0.,0.));
#2330=DIRECTION('',(0.,0.,-1.));
#2331=DIRECTION('',(-1.,0.,0.));
#2332=DIRECTION('',(0.,0.,-1.));
#2333=DIRECTION('',(-1.,0.,0.));
#2334=DIRECTION('',(0.,0.,-1.));
#2335=DIRECTION('',(-1.,0.,0.));
#2336=DIRECTION('',(0.,0.,-1.));
#2337=DIRECTION('',(-1.,0.,0.));
#2338=DIRECTION('',(0.,0.,-1.));
#2339=DIRECTION('',(-1.,0.,0.));
#2340=DIRECTION('',(0.,0.,-1.));
#2341=DIRECTION('',(-1.,0.,0.));
#2342=DIRECTION('',(0.,0.,-1.));
#2343=DIRECTION('',(-1.,0.,0.));
#2344=DIRECTION('',(0.,0.,-1.));
#2345=DIRECTION('',(-1.,0.,0.));
#2346=DIRECTION('',(0.,0.,-1.));
#2347=DIRECTION('',(0.,1.,0.));
#2348=DIRECTION('',(1.,0.,0.));
#2349=DIRECTION('',(0.,1.,0.));
#2350=DIRECTION('',(1.,0.,0.));
#2351=DIRECTION('',(0.,-1.,0.));
#2352=DIRECTION('',(-1.,0.,0.));
#2353=DIRECTION('',(0.,-1.,0.));
#2354=DIRECTION('',(-1.,0.,0.));
#2355=DIRECTION('',(0.,-1.,0.));
#2356=DIRECTION('',(-1.,0.,0.));
#2357=DIRECTION('',(0.,-1.,0.));
#2358=DIRECTION('',(-1.,0.,0.));
#2359=DIRECTION('',(0.,-1.,0.));
#2360=DIRECTION('',(-1.,0.,0.));
#2361=DIRECTION('',(0.,1.,0.));
#2362=DIRECTION('',(1.,0.,0.));
#2363=DIRECTION('',(0.,1.,0.));
#2364=DIRECTION('',(1.,0.,0.));
#2365=DIRECTION('',(0.,1.,0.));
#2366=DIRECTION('',(1.,0.,0.));
#2367=DIRECTION('',(0.,1.,0.));
#2368=DIRECTION('',(1.,0.,0.));
#2369=DIRECTION('',(0.,-1.,0.));
#2370=DIRECTION('',(-1.,0.,0.));
#2371=DIRECTION('',(0.,1.,0.));
#2372=DIRECTION('',(1.,0.,0.));
#2373=DIRECTION('',(0.,-1.,0.));
#2374=DIRECTION('',(-1.,0.,0.));
#2375=DIRECTION('',(0.,1.,0.));
#2376=DIRECTION('',(1.,0.,0.));
#2377=DIRECTION('',(0.,1.,0.));
#2378=DIRECTION('',(1.,0.,0.));
#2379=DIRECTION('',(0.,1.,0.));
#2380=DIRECTION('',(1.,0.,0.));
#2381=DIRECTION('',(0.,1.,0.));
#2382=DIRECTION('',(1.,0.,0.));
#2383=DIRECTION('',(0.,1.,0.));
#2384=DIRECTION('',(1.,0.,0.));
#2385=DIRECTION('',(0.,1.,0.));
#2386=DIRECTION('',(1.,0.,0.));
#2387=DIRECTION('',(0.,1.,0.));
#2388=DIRECTION('',(1.,0.,0.));
#2389=DIRECTION('',(0.,1.,0.));
#2390=DIRECTION('',(1.,0.,0.));
#2391=DIRECTION('',(1.,0.,0.));
#2392=DIRECTION('',(0.,-1.,0.));
#2393=DIRECTION('',(0.,1.,0.));
#2394=DIRECTION('',(0.,0.,-1.));
#2395=DIRECTION('',(0.,1.,0.));
#2396=DIRECTION('',(0.,0.,-1.));
#2397=DIRECTION('',(0.,1.,0.));
#2398=DIRECTION('',(0.,1.,0.));
#2399=DIRECTION('',(-1.,0.,0.));
#2400=DIRECTION('',(1.,0.,0.));
#2401=DIRECTION('',(0.,-1.,0.));
#2402=DIRECTION('',(0.,1.,0.));
#2403=DIRECTION('',(0.,0.,-1.));
#2404=DIRECTION('',(0.,0.,-1.));
#2405=DIRECTION('',(0.,1.,0.));
#2406=DIRECTION('',(-1.,0.,0.));
#2407=DIRECTION('',(0.,-1.,0.));
#2408=DIRECTION('',(1.,0.,0.));
#2409=DIRECTION('',(1.,0.,0.));
#2410=DIRECTION('',(0.,-1.,0.));
#2411=DIRECTION('',(0.,1.,0.));
#2412=DIRECTION('',(0.,0.,-1.));
#2413=DIRECTION('',(0.,1.,0.));
#2414=DIRECTION('',(0.,0.,-1.));
#2415=DIRECTION('',(0.,1.,0.));
#2416=DIRECTION('',(0.,1.,0.));
#2417=DIRECTION('',(-1.,0.,0.));
#2418=DIRECTION('',(1.,0.,0.));
#2419=DIRECTION('',(0.,-1.,0.));
#2420=DIRECTION('',(0.,1.,0.));
#2421=DIRECTION('',(0.,0.,-1.));
#2422=DIRECTION('',(0.,0.,-1.));
#2423=DIRECTION('',(0.,1.,0.));
#2424=DIRECTION('',(-1.,0.,0.));
#2425=DIRECTION('',(0.,-1.,0.));
#2426=DIRECTION('',(1.,0.,0.));
#2427=DIRECTION('',(1.,0.,0.));
#2428=DIRECTION('',(0.,-1.,0.));
#2429=DIRECTION('',(0.,1.,0.));
#2430=DIRECTION('',(0.,0.,-1.));
#2431=DIRECTION('',(0.,1.,0.));
#2432=DIRECTION('',(0.,0.,-1.));
#2433=DIRECTION('',(0.,1.,0.));
#2434=DIRECTION('',(0.,1.,0.));
#2435=DIRECTION('',(-1.,0.,0.));
#2436=DIRECTION('',(1.,0.,0.));
#2437=DIRECTION('',(0.,-1.,0.));
#2438=DIRECTION('',(0.,1.,0.));
#2439=DIRECTION('',(0.,0.,-1.));
#2440=DIRECTION('',(0.,0.,-1.));
#2441=DIRECTION('',(0.,1.,0.));
#2442=DIRECTION('',(-1.,0.,0.));
#2443=DIRECTION('',(0.,-1.,0.));
#2444=DIRECTION('',(1.,0.,0.));
#2445=DIRECTION('',(1.,0.,0.));
#2446=DIRECTION('',(0.,-1.,0.));
#2447=DIRECTION('',(0.,1.,0.));
#2448=DIRECTION('',(0.,0.,-1.));
#2449=DIRECTION('',(0.,1.,0.));
#2450=DIRECTION('',(0.,0.,-1.));
#2451=DIRECTION('',(0.,1.,0.));
#2452=DIRECTION('',(0.,1.,0.));
#2453=DIRECTION('',(-1.,0.,0.));
#2454=DIRECTION('',(1.,0.,0.));
#2455=DIRECTION('',(0.,-1.,0.));
#2456=DIRECTION('',(0.,1.,0.));
#2457=DIRECTION('',(0.,0.,-1.));
#2458=DIRECTION('',(0.,0.,-1.));
#2459=DIRECTION('',(0.,1.,0.));
#2460=DIRECTION('',(-1.,0.,0.));
#2461=DIRECTION('',(0.,-1.,0.));
#2462=DIRECTION('',(1.,0.,0.));
#2463=DIRECTION('',(1.,0.,0.));
#2464=DIRECTION('',(0.,-1.,0.));
#2465=DIRECTION('',(0.,1.,0.));
#2466=DIRECTION('',(0.,0.,-1.));
#2467=DIRECTION('',(0.,1.,0.));
#2468=DIRECTION('',(0.,0.,-1.));
#2469=DIRECTION('',(0.,1.,0.));
#2470=DIRECTION('',(0.,1.,0.));
#2471=DIRECTION('',(-1.,0.,0.));
#2472=DIRECTION('',(1.,0.,0.));
#2473=DIRECTION('',(0.,-1.,0.));
#2474=DIRECTION('',(0.,1.,0.));
#2475=DIRECTION('',(0.,0.,-1.));
#2476=DIRECTION('',(0.,0.,-1.));
#2477=DIRECTION('',(0.,1.,0.));
#2478=DIRECTION('',(-1.,0.,0.));
#2479=DIRECTION('',(0.,-1.,0.));
#2480=DIRECTION('',(1.,0.,0.));
#2481=DIRECTION('',(1.,0.,0.));
#2482=DIRECTION('',(0.,-1.,0.));
#2483=DIRECTION('',(0.,1.,0.));
#2484=DIRECTION('',(0.,0.,-1.));
#2485=DIRECTION('',(0.,1.,0.));
#2486=DIRECTION('',(0.,0.,-1.));
#2487=DIRECTION('',(0.,1.,0.));
#2488=DIRECTION('',(0.,1.,0.));
#2489=DIRECTION('',(-1.,0.,0.));
#2490=DIRECTION('',(1.,0.,0.));
#2491=DIRECTION('',(0.,-1.,0.));
#2492=DIRECTION('',(0.,1.,0.));
#2493=DIRECTION('',(0.,0.,-1.));
#2494=DIRECTION('',(0.,0.,-1.));
#2495=DIRECTION('',(0.,1.,0.));
#2496=DIRECTION('',(-1.,0.,0.));
#2497=DIRECTION('',(0.,-1.,0.));
#2498=DIRECTION('',(1.,0.,0.));
#2499=DIRECTION('',(1.,0.,0.));
#2500=DIRECTION('',(0.,-1.,0.));
#2501=DIRECTION('',(0.,1.,0.));
#2502=DIRECTION('',(0.,0.,-1.));
#2503=DIRECTION('',(0.,1.,0.));
#2504=DIRECTION('',(0.,0.,-1.));
#2505=DIRECTION('',(0.,1.,0.));
#2506=DIRECTION('',(0.,1.,0.));
#2507=DIRECTION('',(-1.,0.,0.));
#2508=DIRECTION('',(1.,0.,0.));
#2509=DIRECTION('',(0.,-1.,0.));
#2510=DIRECTION('',(0.,1.,0.));
#2511=DIRECTION('',(0.,0.,-1.));
#2512=DIRECTION('',(0.,0.,-1.));
#2513=DIRECTION('',(0.,1.,0.));
#2514=DIRECTION('',(-1.,0.,0.));
#2515=DIRECTION('',(0.,-1.,0.));
#2516=DIRECTION('',(1.,0.,0.));
#2517=DIRECTION('',(0.,0.,1.));
#2518=DIRECTION('',(1.,0.,0.));
#2519=DIRECTION('',(0.,0.,1.));
#2520=DIRECTION('',(0.,-1.,0.));
#2521=DIRECTION('',(0.,1.,0.));
#2522=DIRECTION('',(1.,0.,0.));
#2523=DIRECTION('',(0.,1.,0.));
#2524=DIRECTION('',(-1.,0.,0.));
#2525=DIRECTION('',(-1.,0.,0.));
#2526=DIRECTION('',(0.,1.,0.));
#2527=DIRECTION('',(0.,1.,0.));
#2528=DIRECTION('',(0.,0.,1.));
#2529=DIRECTION('',(0.,0.,-1.));
#2530=DIRECTION('',(0.,0.,1.));
#2531=DIRECTION('',(0.,-1.,0.));
#2532=DIRECTION('',(1.,0.,0.));
#2533=DIRECTION('',(1.,0.,0.));
#2534=DIRECTION('',(0.,1.,0.));
#2535=DIRECTION('',(-1.,0.,0.));
#2536=DIRECTION('',(0.,1.,0.));
#2537=DIRECTION('',(0.,0.,1.));
#2538=DIRECTION('',(0.,0.,-1.));
#2539=DIRECTION('',(0.,0.,-1.));
#2540=DIRECTION('',(0.,1.,0.));
#2541=DIRECTION('',(-1.,0.,0.));
#2542=DIRECTION('',(0.,1.,0.));
#2543=DIRECTION('',(-1.,0.,0.));
#2544=DIRECTION('',(0.,1.,0.));
#2545=DIRECTION('',(1.,0.,0.));
#2546=DIRECTION('',(0.,-1.,0.));
#2547=DIRECTION('',(0.,0.,-1.));
#2548=DIRECTION('',(0.,1.,0.));
#2549=DIRECTION('',(0.,0.,-1.));
#2550=DIRECTION('',(0.,0.,-1.));
#2551=DIRECTION('',(0.,1.,0.));
#2552=DIRECTION('',(-1.,0.,0.));
#2553=DIRECTION('',(0.,1.,0.));
#2554=DIRECTION('',(-1.,0.,0.));
#2555=DIRECTION('',(1.,0.,0.));
#2556=DIRECTION('',(0.,-1.,0.));
#2557=DIRECTION('',(0.,0.,-1.));
#2558=DIRECTION('',(0.,0.,-1.));
#2559=DIRECTION('',(0.,1.,0.));
#2560=DIRECTION('',(1.,0.,0.));
#2561=DIRECTION('',(0.,1.,0.));
#2562=DIRECTION('',(1.,0.,0.));
#2563=DIRECTION('',(0.,-1.,0.));
#2564=DIRECTION('',(-1.,0.,0.));
#2565=DIRECTION('',(0.,1.,0.));
#2566=DIRECTION('',(1.,0.,0.));
#2567=DIRECTION('',(0.,1.,0.));
#2568=DIRECTION('',(1.,0.,0.));
#2569=DIRECTION('',(0.,-1.,0.));
#2570=DIRECTION('',(-1.,0.,0.));
#2571=DIRECTION('',(0.,1.,0.));
#2572=DIRECTION('',(1.,0.,0.));
#2573=DIRECTION('',(0.,-1.,0.));
#2574=DIRECTION('',(-1.,0.,0.));
#2575=DIRECTION('',(0.,1.,0.));
#2576=DIRECTION('',(0.,-1.,0.));
#2577=DIRECTION('',(-1.,0.,0.));
#2578=DIRECTION('',(0.,1.,0.));
#2579=DIRECTION('',(0.,0.,-1.));
#2580=DIRECTION('',(0.,1.,0.));
#2581=DIRECTION('',(-1.,0.,0.));
#2582=DIRECTION('',(0.,1.,0.));
#2583=DIRECTION('',(-1.,0.,0.));
#2584=DIRECTION('',(0.,1.,0.));
#2585=DIRECTION('',(1.,0.,0.));
#2586=DIRECTION('',(0.,-1.,0.));
#2587=DIRECTION('',(-1.,0.,0.));
#2588=DIRECTION('',(0.,1.,0.));
#2589=DIRECTION('',(0.,-1.,0.));
#2590=DIRECTION('',(-1.,0.,0.));
#2591=DIRECTION('',(-1.,0.,0.));
#2592=DIRECTION('',(0.,1.,0.));
#2593=DIRECTION('',(0.,0.,1.));
#2594=DIRECTION('',(0.,1.,0.));
#2595=DIRECTION('',(0.,0.,1.));
#2596=DIRECTION('',(0.,1.,0.));
#2597=DIRECTION('',(1.,0.,0.));
#2598=DIRECTION('',(0.,-1.,0.));
#2599=DIRECTION('',(-1.,0.,0.));
#2600=DIRECTION('',(0.,1.,0.));
#2601=DIRECTION('',(0.,-1.,0.));
#2602=DIRECTION('',(-1.,0.,0.));
#2603=DIRECTION('',(0.,0.,1.));
#2604=DIRECTION('',(0.,-1.,0.));
#2605=DIRECTION('',(1.,0.,0.));
#2606=DIRECTION('',(0.,1.,0.));
#2607=DIRECTION('',(1.,0.,0.));
#2608=DIRECTION('',(0.,1.,0.));
#2609=DIRECTION('',(1.,0.,0.));
#2610=DIRECTION('',(0.,-1.,0.));
#2611=DIRECTION('',(-1.,0.,0.));
#2612=DIRECTION('',(0.,1.,0.));
#2613=DIRECTION('',(0.,-1.,0.));
#2614=DIRECTION('',(-1.,0.,0.));
#2615=DIRECTION('',(1.,0.,0.));
#2616=DIRECTION('',(0.,-1.,0.));
#2617=DIRECTION('',(0.,0.,-1.));
#2618=DIRECTION('',(0.,0.,-1.));
#2619=DIRECTION('',(0.,-1.,0.));
#2620=DIRECTION('',(1.,0.,0.));
#2621=DIRECTION('',(1.,0.,0.));
#2622=DIRECTION('',(0.,0.,1.));
#2623=DIRECTION('',(1.,0.,0.));
#2624=DIRECTION('',(0.,0.,1.));
#2625=DIRECTION('',(0.,-1.,0.));
#2626=DIRECTION('',(-1.,0.,0.));
#2627=DIRECTION('',(0.,1.,0.));
#2628=DIRECTION('',(1.,0.,0.));
#2629=DIRECTION('',(0.,-1.,0.));
#2630=DIRECTION('',(-1.,0.,0.));
#2631=DIRECTION('',(0.,1.,0.));
#2632=DIRECTION('',(1.,0.,0.));
#2633=DIRECTION('',(0.,-1.,0.));
#2634=DIRECTION('',(-1.,0.,0.));
#2635=DIRECTION('',(0.,1.,0.));
#2636=DIRECTION('',(1.,0.,0.));
#2637=DIRECTION('',(0.,-1.,0.));
#2638=DIRECTION('',(-1.,0.,0.));
#2639=DIRECTION('',(0.,1.,0.));
#2640=DIRECTION('',(1.,0.,0.));
#2641=DIRECTION('',(0.,1.,0.));
#2642=DIRECTION('',(1.,0.,0.));
#2643=DIRECTION('',(0.,0.,-1.));
#2644=DIRECTION('',(-1.,0.,0.));
#2645=DIRECTION('',(0.,0.,-1.));
#2646=DIRECTION('',(1.,0.,0.));
#2647=DIRECTION('',(1.,0.,0.));
#2648=DIRECTION('',(0.,0.,-1.));
#2649=DIRECTION('',(0.,1.,0.));
#2650=DIRECTION('',(0.,1.,0.));
#2651=DIRECTION('',(0.,0.,-1.));
#2652=DIRECTION('',(-1.,0.,0.));
#2653=DIRECTION('',(0.,1.,0.));
#2654=DIRECTION('',(-1.,0.,0.));
#2655=DIRECTION('',(0.,0.,1.));
#2656=DIRECTION('',(0.,1.,0.));
#2657=DIRECTION('',(0.,0.,1.));
#2658=DIRECTION('',(1.,0.,0.));
#2659=DIRECTION('',(0.,-1.,0.));
#2660=DIRECTION('',(1.,0.,0.));
#2661=DIRECTION('',(0.,-1.,0.));
#2662=DIRECTION('',(1.,0.,0.));
#2663=DIRECTION('',(0.,0.,1.));
#2664=DIRECTION('',(1.,0.,0.));
#2665=DIRECTION('',(0.,0.,1.));
#2666=DIRECTION('',(0.,-1.,0.));
#2667=DIRECTION('',(0.,1.,0.));
#2668=DIRECTION('',(1.,0.,0.));
#2669=DIRECTION('',(0.,1.,0.));
#2670=DIRECTION('',(-1.,0.,0.));
#2671=DIRECTION('',(-1.,0.,0.));
#2672=DIRECTION('',(0.,1.,0.));
#2673=DIRECTION('',(0.,1.,0.));
#2674=DIRECTION('',(0.,0.,1.));
#2675=DIRECTION('',(0.,0.,-1.));
#2676=DIRECTION('',(0.,0.,1.));
#2677=DIRECTION('',(0.,-1.,0.));
#2678=DIRECTION('',(1.,0.,0.));
#2679=DIRECTION('',(1.,0.,0.));
#2680=DIRECTION('',(0.,1.,0.));
#2681=DIRECTION('',(-1.,0.,0.));
#2682=DIRECTION('',(0.,1.,0.));
#2683=DIRECTION('',(0.,0.,1.));
#2684=DIRECTION('',(0.,0.,-1.));
#2685=DIRECTION('',(0.,0.,-1.));
#2686=DIRECTION('',(0.,1.,0.));
#2687=DIRECTION('',(-1.,0.,0.));
#2688=DIRECTION('',(0.,1.,0.));
#2689=DIRECTION('',(-1.,0.,0.));
#2690=DIRECTION('',(0.,1.,0.));
#2691=DIRECTION('',(1.,0.,0.));
#2692=DIRECTION('',(0.,-1.,0.));
#2693=DIRECTION('',(0.,0.,-1.));
#2694=DIRECTION('',(0.,1.,0.));
#2695=DIRECTION('',(0.,0.,-1.));
#2696=DIRECTION('',(0.,0.,-1.));
#2697=DIRECTION('',(0.,1.,0.));
#2698=DIRECTION('',(-1.,0.,0.));
#2699=DIRECTION('',(0.,1.,0.));
#2700=DIRECTION('',(-1.,0.,0.));
#2701=DIRECTION('',(1.,0.,0.));
#2702=DIRECTION('',(0.,-1.,0.));
#2703=DIRECTION('',(0.,0.,-1.));
#2704=DIRECTION('',(0.,0.,-1.));
#2705=DIRECTION('',(0.,1.,0.));
#2706=DIRECTION('',(1.,0.,0.));
#2707=DIRECTION('',(0.,1.,0.));
#2708=DIRECTION('',(1.,0.,0.));
#2709=DIRECTION('',(0.,-1.,0.));
#2710=DIRECTION('',(-1.,0.,0.));
#2711=DIRECTION('',(0.,1.,0.));
#2712=DIRECTION('',(1.,0.,0.));
#2713=DIRECTION('',(0.,1.,0.));
#2714=DIRECTION('',(1.,0.,0.));
#2715=DIRECTION('',(0.,-1.,0.));
#2716=DIRECTION('',(-1.,0.,0.));
#2717=DIRECTION('',(0.,1.,0.));
#2718=DIRECTION('',(1.,0.,0.));
#2719=DIRECTION('',(0.,-1.,0.));
#2720=DIRECTION('',(-1.,0.,0.));
#2721=DIRECTION('',(0.,1.,0.));
#2722=DIRECTION('',(0.,-1.,0.));
#2723=DIRECTION('',(-1.,0.,0.));
#2724=DIRECTION('',(0.,1.,0.));
#2725=DIRECTION('',(0.,0.,-1.));
#2726=DIRECTION('',(0.,1.,0.));
#2727=DIRECTION('',(-1.,0.,0.));
#2728=DIRECTION('',(0.,1.,0.));
#2729=DIRECTION('',(-1.,0.,0.));
#2730=DIRECTION('',(0.,1.,0.));
#2731=DIRECTION('',(1.,0.,0.));
#2732=DIRECTION('',(0.,-1.,0.));
#2733=DIRECTION('',(-1.,0.,0.));
#2734=DIRECTION('',(0.,1.,0.));
#2735=DIRECTION('',(0.,-1.,0.));
#2736=DIRECTION('',(-1.,0.,0.));
#2737=DIRECTION('',(-1.,0.,0.));
#2738=DIRECTION('',(0.,1.,0.));
#2739=DIRECTION('',(0.,0.,1.));
#2740=DIRECTION('',(0.,1.,0.));
#2741=DIRECTION('',(0.,0.,1.));
#2742=DIRECTION('',(0.,1.,0.));
#2743=DIRECTION('',(1.,0.,0.));
#2744=DIRECTION('',(0.,-1.,0.));
#2745=DIRECTION('',(-1.,0.,0.));
#2746=DIRECTION('',(0.,1.,0.));
#2747=DIRECTION('',(0.,-1.,0.));
#2748=DIRECTION('',(-1.,0.,0.));
#2749=DIRECTION('',(0.,0.,1.));
#2750=DIRECTION('',(0.,-1.,0.));
#2751=DIRECTION('',(1.,0.,0.));
#2752=DIRECTION('',(0.,1.,0.));
#2753=DIRECTION('',(1.,0.,0.));
#2754=DIRECTION('',(0.,1.,0.));
#2755=DIRECTION('',(1.,0.,0.));
#2756=DIRECTION('',(0.,-1.,0.));
#2757=DIRECTION('',(-1.,0.,0.));
#2758=DIRECTION('',(0.,1.,0.));
#2759=DIRECTION('',(0.,-1.,0.));
#2760=DIRECTION('',(-1.,0.,0.));
#2761=DIRECTION('',(1.,0.,0.));
#2762=DIRECTION('',(0.,-1.,0.));
#2763=DIRECTION('',(0.,0.,-1.));
#2764=DIRECTION('',(0.,0.,-1.));
#2765=DIRECTION('',(0.,-1.,0.));
#2766=DIRECTION('',(1.,0.,0.));
#2767=DIRECTION('',(1.,0.,0.));
#2768=DIRECTION('',(0.,0.,1.));
#2769=DIRECTION('',(1.,0.,0.));
#2770=DIRECTION('',(0.,0.,1.));
#2771=DIRECTION('',(0.,-1.,0.));
#2772=DIRECTION('',(-1.,0.,0.));
#2773=DIRECTION('',(0.,1.,0.));
#2774=DIRECTION('',(1.,0.,0.));
#2775=DIRECTION('',(0.,-1.,0.));
#2776=DIRECTION('',(-1.,0.,0.));
#2777=DIRECTION('',(0.,1.,0.));
#2778=DIRECTION('',(1.,0.,0.));
#2779=DIRECTION('',(0.,-1.,0.));
#2780=DIRECTION('',(-1.,0.,0.));
#2781=DIRECTION('',(0.,1.,0.));
#2782=DIRECTION('',(1.,0.,0.));
#2783=DIRECTION('',(0.,-1.,0.));
#2784=DIRECTION('',(-1.,0.,0.));
#2785=DIRECTION('',(0.,1.,0.));
#2786=DIRECTION('',(1.,0.,0.));
#2787=DIRECTION('',(0.,1.,0.));
#2788=DIRECTION('',(1.,0.,0.));
#2789=DIRECTION('',(0.,0.,-1.));
#2790=DIRECTION('',(-1.,0.,0.));
#2791=DIRECTION('',(0.,0.,-1.));
#2792=DIRECTION('',(1.,0.,0.));
#2793=DIRECTION('',(1.,0.,0.));
#2794=DIRECTION('',(0.,0.,-1.));
#2795=DIRECTION('',(0.,1.,0.));
#2796=DIRECTION('',(0.,1.,0.));
#2797=DIRECTION('',(0.,0.,-1.));
#2798=DIRECTION('',(-1.,0.,0.));
#2799=DIRECTION('',(0.,1.,0.));
#2800=DIRECTION('',(-1.,0.,0.));
#2801=DIRECTION('',(0.,0.,1.));
#2802=DIRECTION('',(0.,1.,0.));
#2803=DIRECTION('',(0.,0.,1.));
#2804=DIRECTION('',(1.,0.,0.));
#2805=DIRECTION('',(0.,-1.,0.));
#2806=DIRECTION('',(1.,0.,0.));
#2807=DIRECTION('',(0.,-1.,0.));
#2808=DIRECTION('',(1.,0.,0.));
#2809=CARTESIAN_POINT('',(0.,0.,0.));
#2810=CARTESIAN_POINT('',(0.,0.,0.));
#2811=CARTESIAN_POINT('',(0.,0.,0.));
#2812=CARTESIAN_POINT('',(0.,0.,0.));
#2813=CARTESIAN_POINT('',(0.,0.,0.));
#2814=CARTESIAN_POINT('',(0.,0.,0.));
#2815=CARTESIAN_POINT('',(0.,0.,0.));
#2816=CARTESIAN_POINT('',(0.,0.,0.));
#2817=CARTESIAN_POINT('',(-1.16680548621291,0.10966,-0.464760058533034));
#2818=CARTESIAN_POINT('',(-1.16680548621291,-0.18034,-0.464760058533034));
#2819=CARTESIAN_POINT('',(-1.76680548621291,-0.18034,-0.464760058533034));
#2820=CARTESIAN_POINT('',(-0.566805486212906,-0.18034,-0.464760058533034));
#2821=CARTESIAN_POINT('',(-1.76680548621291,0.10966,-0.464760058533034));
#2822=CARTESIAN_POINT('',(-1.76680548621291,0.10966,-0.464760058533034));
#2823=CARTESIAN_POINT('',(-1.16680548621291,0.10966,-0.464760058533034));
#2824=CARTESIAN_POINT('',(-0.566805486212906,0.10966,-0.464760058533034));
#2825=CARTESIAN_POINT('',(-0.566805486212906,0.10966,-0.464760058533034));
#2826=CARTESIAN_POINT('',(-2.0168054862129,0.10966,0.300239941466966));
#2827=CARTESIAN_POINT('',(-2.0168054862129,-0.18034,0.300239941466966));
#2828=CARTESIAN_POINT('',(-2.0168054862129,-0.18034,-0.214760058533033));
#2829=CARTESIAN_POINT('',(-2.0168054862129,-0.18034,0.815239941466967));
#2830=CARTESIAN_POINT('',(-2.0168054862129,0.10966,0.815239941466967));
#2831=CARTESIAN_POINT('',(-2.0168054862129,0.10966,0.815239941466967));
#2832=CARTESIAN_POINT('',(-2.0168054862129,0.10966,0.300239941466966));
#2833=CARTESIAN_POINT('',(-2.0168054862129,0.10966,-0.214760058533033));
#2834=CARTESIAN_POINT('',(-2.0168054862129,-0.18034,-0.214760058533033));
#2835=CARTESIAN_POINT('',(-1.16680548621291,0.10966,1.06523994146697));
#2836=CARTESIAN_POINT('',(-1.16680548621291,-0.18034,1.06523994146697));
#2837=CARTESIAN_POINT('',(-1.76680548621291,-0.18034,1.06523994146697));
#2838=CARTESIAN_POINT('',(-0.566805486212906,-0.18034,1.06523994146697));
#2839=CARTESIAN_POINT('',(-0.566805486212906,0.10966,1.06523994146697));
#2840=CARTESIAN_POINT('',(-0.566805486212906,0.10966,1.06523994146697));
#2841=CARTESIAN_POINT('',(-1.16680548621291,0.10966,1.06523994146697));
#2842=CARTESIAN_POINT('',(-1.76680548621291,0.10966,1.06523994146697));
#2843=CARTESIAN_POINT('',(-1.76680548621291,0.10966,1.06523994146697));
#2844=CARTESIAN_POINT('',(-0.316805486212906,0.10966,0.300239941466966));
#2845=CARTESIAN_POINT('',(-0.316805486212906,0.10966,0.300239941466966));
#2846=CARTESIAN_POINT('',(-0.316805486212906,0.10966,-0.214760058533033));
#2847=CARTESIAN_POINT('',(-0.316805486212906,0.10966,0.815239941466967));
#2848=CARTESIAN_POINT('',(-0.316805486212906,-0.18034,0.815239941466967));
#2849=CARTESIAN_POINT('',(-0.316805486212906,-0.18034,0.815239941466967));
#2850=CARTESIAN_POINT('',(-0.316805486212906,-0.18034,0.300239941466966));
#2851=CARTESIAN_POINT('',(-0.316805486212906,-0.18034,-0.214760058533033));
#2852=CARTESIAN_POINT('',(-0.316805486212906,0.10966,-0.214760058533033));
#2853=CARTESIAN_POINT('',(-1.16680548621291,0.10966,0.300239941466966));
#2854=CARTESIAN_POINT('',(-0.566805486212906,0.10966,-0.214760058533034));
#2855=CARTESIAN_POINT('',(-0.415675486212906,0.10966,-0.214760058533034));
#2856=CARTESIAN_POINT('',(-0.566805486212906,0.10966,0.815239941466967));
#2857=CARTESIAN_POINT('',(-0.415357790979996,0.10966,0.815239941466967));
#2858=CARTESIAN_POINT('',(-1.76680548621291,0.10966,-0.205273166953598));
#2859=CARTESIAN_POINT('',(-1.68575703551429,0.10966,-0.205273166953598));
#2860=CARTESIAN_POINT('',(-1.76680548621291,0.10966,0.0464536781480713));
#2861=CARTESIAN_POINT('',(-1.68575703551429,0.10966,0.0464536781480713));
#2862=CARTESIAN_POINT('',(-1.76680548621291,0.10966,0.300239941466966));
#2863=CARTESIAN_POINT('',(-1.68575703551429,0.10966,0.300239941466966));
#2864=CARTESIAN_POINT('',(-1.76680548621291,0.10966,0.554229557646057));
#2865=CARTESIAN_POINT('',(-1.68575703551429,0.10966,0.554229557646057));
#2866=CARTESIAN_POINT('',(-1.76680548621291,0.10966,0.791983085345726));
#2867=CARTESIAN_POINT('',(-1.68575703551429,0.10966,0.791983085345726));
#2868=CARTESIAN_POINT('',(-0.566805486212906,0.10966,0.815239941466967));
#2869=CARTESIAN_POINT('',(-0.566805486212906,0.10966,-0.214760058533033));
#2870=CARTESIAN_POINT('',(-1.76680548621291,0.10966,-0.214760058533033));
#2871=CARTESIAN_POINT('',(-1.76680548621291,0.10966,0.815239941466967));
#2872=CARTESIAN_POINT('',(-1.16680548621291,-0.18034,0.300239941466966));
#2873=CARTESIAN_POINT('',(-1.53781704126936,-0.18034,0.974421509638275));
#2874=CARTESIAN_POINT('',(-1.46382912183777,-0.18034,0.974421509638275));
#2875=CARTESIAN_POINT('',(-1.61180496070094,-0.18034,0.974421509638275));
#2876=CARTESIAN_POINT('',(-1.46382912183777,-0.18034,0.832177716634312));
#2877=CARTESIAN_POINT('',(-1.46382912183777,-0.18034,0.689933923630348));
#2878=CARTESIAN_POINT('',(-1.53781704126936,-0.18034,0.689933923630348));
#2879=CARTESIAN_POINT('',(-1.61180496070094,-0.18034,0.689933923630348));
#2880=CARTESIAN_POINT('',(-1.61180496070094,-0.18034,0.832177716634312));
#2881=CARTESIAN_POINT('',(-1.36961502307924,-0.18034,-0.0950102857202189));
#2882=CARTESIAN_POINT('',(-1.24406018773012,-0.18034,-0.0950102857202189));
#2883=CARTESIAN_POINT('',(-1.49516985842836,-0.18034,-0.0950102857202189));
#2884=CARTESIAN_POINT('',(-1.24406018773012,-0.18034,-0.177091334562569));
#2885=CARTESIAN_POINT('',(-1.24406018773012,-0.18034,-0.259172383404919));
#2886=CARTESIAN_POINT('',(-1.36961502307924,-0.18034,-0.259172383404919));
#2887=CARTESIAN_POINT('',(-1.49516985842836,-0.18034,-0.259172383404919));
#2888=CARTESIAN_POINT('',(-1.49516985842836,-0.18034,-0.177091334562569));
#2889=CARTESIAN_POINT('',(-1.17986427361741,-0.18034,0.467335503125814));
#2890=CARTESIAN_POINT('',(-1.11548187269019,-0.18034,0.467335503125814));
#2891=CARTESIAN_POINT('',(-1.24424667454463,-0.18034,0.467335503125814));
#2892=CARTESIAN_POINT('',(-1.11548187269019,-0.18034,0.296289160074544));
#2893=CARTESIAN_POINT('',(-1.11548187269019,-0.18034,0.125242817023275));
#2894=CARTESIAN_POINT('',(-1.17986427361741,-0.18034,0.125242817023275));
#2895=CARTESIAN_POINT('',(-1.24424667454463,-0.18034,0.125242817023275));
#2896=CARTESIAN_POINT('',(-1.24424667454463,-0.18034,0.296289160074544));
#2897=CARTESIAN_POINT('',(-1.00849741417294,-0.18034,0.41074114817677));
#2898=CARTESIAN_POINT('',(-0.950494118926555,-0.18034,0.41074114817677));
#2899=CARTESIAN_POINT('',(-1.06650070941932,-0.18034,0.41074114817677));
#2900=CARTESIAN_POINT('',(-0.950494118926555,-0.18034,0.288455545008364));
#2901=CARTESIAN_POINT('',(-0.950494118926555,-0.18034,0.166169941839958));
#2902=CARTESIAN_POINT('',(-1.00849741417294,-0.18034,0.166169941839958));
#2903=CARTESIAN_POINT('',(-1.06650070941932,-0.18034,0.166169941839958));
#2904=CARTESIAN_POINT('',(-1.06650070941932,-0.18034,0.288455545008364));
#2905=CARTESIAN_POINT('',(-0.940178099691039,-0.18034,-0.0344056889143258));
#2906=CARTESIAN_POINT('',(-0.860099636225797,-0.18034,-0.0344056889143258));
#2907=CARTESIAN_POINT('',(-1.02025656315628,-0.18034,-0.0344056889143258));
#2908=CARTESIAN_POINT('',(-0.860099636225797,-0.18034,-0.194031326257848));
#2909=CARTESIAN_POINT('',(-0.860099636225797,-0.18034,-0.353656963601371));
#2910=CARTESIAN_POINT('',(-0.940178099691039,-0.18034,-0.353656963601371));
#2911=CARTESIAN_POINT('',(-1.02025656315628,-0.18034,-0.353656963601371));
#2912=CARTESIAN_POINT('',(-1.02025656315628,-0.18034,-0.194031326257848));
#2913=CARTESIAN_POINT('',(-0.898457862958414,-0.18034,0.992016636763604));
#2914=CARTESIAN_POINT('',(-0.832190400764569,-0.18034,0.992016636763604));
#2915=CARTESIAN_POINT('',(-0.96472532515226,-0.18034,0.992016636763604));
#2916=CARTESIAN_POINT('',(-0.832190400764569,-0.18034,0.859627502597878));
#2917=CARTESIAN_POINT('',(-0.832190400764569,-0.18034,0.727238368432153));
#2918=CARTESIAN_POINT('',(-0.898457862958414,-0.18034,0.727238368432153));
#2919=CARTESIAN_POINT('',(-0.96472532515226,-0.18034,0.727238368432153));
#2920=CARTESIAN_POINT('',(-0.96472532515226,-0.18034,0.859627502597878));
#2921=CARTESIAN_POINT('',(-1.21628474818785,-0.18034,0.967400579207015));
#2922=CARTESIAN_POINT('',(-1.0761442108438,-0.18034,0.967400579207015));
#2923=CARTESIAN_POINT('',(-1.35642528553191,-0.18034,0.967400579207015));
#2924=CARTESIAN_POINT('',(-1.0761442108438,-0.18034,0.877569284845328));
#2925=CARTESIAN_POINT('',(-1.0761442108438,-0.18034,0.787737990483641));
#2926=CARTESIAN_POINT('',(-1.21628474818785,-0.18034,0.787737990483641));
#2927=CARTESIAN_POINT('',(-1.35642528553191,-0.18034,0.787737990483641));
#2928=CARTESIAN_POINT('',(-1.35642528553191,-0.18034,0.877569284845328));
#2929=CARTESIAN_POINT('',(-0.566805486212906,-0.18034,-0.214760058533034));
#2930=CARTESIAN_POINT('',(-0.415675486212906,-0.18034,-0.214760058533034));
#2931=CARTESIAN_POINT('',(-0.566805486212906,-0.18034,0.815239941466967));
#2932=CARTESIAN_POINT('',(-0.415357790979996,-0.18034,0.815239941466967));
#2933=CARTESIAN_POINT('',(-1.76680548621291,-0.18034,-0.205273166953598));
#2934=CARTESIAN_POINT('',(-1.84785393691152,-0.18034,-0.205273166953598));
#2935=CARTESIAN_POINT('',(-1.76680548621291,-0.18034,0.0464536781480713));
#2936=CARTESIAN_POINT('',(-1.84785393691152,-0.18034,0.0464536781480713));
#2937=CARTESIAN_POINT('',(-1.76680548621291,-0.18034,0.300239941466966));
#2938=CARTESIAN_POINT('',(-1.84785393691152,-0.18034,0.300239941466966));
#2939=CARTESIAN_POINT('',(-1.76680548621291,-0.18034,0.554229557646057));
#2940=CARTESIAN_POINT('',(-1.84785393691152,-0.18034,0.554229557646057));
#2941=CARTESIAN_POINT('',(-1.76680548621291,-0.18034,0.791983085345726));
#2942=CARTESIAN_POINT('',(-1.84785393691152,-0.18034,0.791983085345726));
#2943=CARTESIAN_POINT('',(-0.566805486212906,-0.18034,0.815239941466967));
#2944=CARTESIAN_POINT('',(-1.76680548621291,-0.18034,0.815239941466967));
#2945=CARTESIAN_POINT('',(-1.76680548621291,-0.18034,-0.214760058533033));
#2946=CARTESIAN_POINT('',(-0.566805486212906,-0.18034,-0.214760058533033));
#2947=CARTESIAN_POINT('',(-0.566805486212906,0.10966,-0.214760058533033));
#2948=CARTESIAN_POINT('',(-0.566805486212906,0.10966,0.815239941466967));
#2949=CARTESIAN_POINT('',(-1.76680548621291,0.10966,0.815239941466967));
#2950=CARTESIAN_POINT('',(-1.76680548621291,0.10966,-0.214760058533033));
#2951=CARTESIAN_POINT('',(-1.76680548621291,-0.18054,0.791983085345726));
#2952=CARTESIAN_POINT('',(-1.76680548621291,-0.18054,0.554229557646057));
#2953=CARTESIAN_POINT('',(-1.76680548621291,-0.18054,0.300239941466966));
#2954=CARTESIAN_POINT('',(-1.76680548621291,-0.18054,0.0464536781480713));
#2955=CARTESIAN_POINT('',(-1.76680548621291,-0.18054,-0.205273166953598));
#2956=CARTESIAN_POINT('',(-0.566805486212906,-2.43034,0.815239941466967));
#2957=CARTESIAN_POINT('',(-0.566805486212906,-2.43034,-0.214760058533034));
#2958=CARTESIAN_POINT('',(-1.0761442108438,-0.33034,0.877569284845328));
#2959=CARTESIAN_POINT('',(-1.0761442108438,-0.33034,0.967400579207015));
#2960=CARTESIAN_POINT('',(-1.0761442108438,-0.33034,0.967400579207015));
#2961=CARTESIAN_POINT('',(-1.0761442108438,-0.33034,0.877569284845328));
#2962=CARTESIAN_POINT('',(-1.0761442108438,-0.33034,0.787737990483641));
#2963=CARTESIAN_POINT('',(-1.0761442108438,-0.33034,0.787737990483641));
#2964=CARTESIAN_POINT('',(-1.21628474818785,-0.33034,0.967400579207015));
#2965=CARTESIAN_POINT('',(-1.35642528553191,-0.33034,0.967400579207015));
#2966=CARTESIAN_POINT('',(-1.35642528553191,-0.33034,0.967400579207015));
#2967=CARTESIAN_POINT('',(-1.21628474818785,-0.33034,0.967400579207015));
#2968=CARTESIAN_POINT('',(-1.35642528553191,-0.33034,0.877569284845328));
#2969=CARTESIAN_POINT('',(-1.35642528553191,-0.33034,0.787737990483641));
#2970=CARTESIAN_POINT('',(-1.35642528553191,-0.33034,0.787737990483641));
#2971=CARTESIAN_POINT('',(-1.35642528553191,-0.33034,0.877569284845328));
#2972=CARTESIAN_POINT('',(-1.21628474818785,-0.33034,0.787737990483641));
#2973=CARTESIAN_POINT('',(-1.21628474818785,-0.33034,0.787737990483641));
#2974=CARTESIAN_POINT('',(-1.16680548621291,-0.33034,0.300239941466966));
#2975=CARTESIAN_POINT('',(-0.832190400764569,-0.28034,0.859627502597878));
#2976=CARTESIAN_POINT('',(-0.832190400764569,-0.28034,0.992016636763604));
#2977=CARTESIAN_POINT('',(-0.832190400764569,-0.28034,0.992016636763604));
#2978=CARTESIAN_POINT('',(-0.832190400764569,-0.28034,0.859627502597878));
#2979=CARTESIAN_POINT('',(-0.832190400764569,-0.28034,0.727238368432153));
#2980=CARTESIAN_POINT('',(-0.832190400764569,-0.28034,0.727238368432153));
#2981=CARTESIAN_POINT('',(-0.898457862958414,-0.28034,0.992016636763604));
#2982=CARTESIAN_POINT('',(-0.96472532515226,-0.28034,0.992016636763604));
#2983=CARTESIAN_POINT('',(-0.96472532515226,-0.28034,0.992016636763604));
#2984=CARTESIAN_POINT('',(-0.898457862958414,-0.28034,0.992016636763604));
#2985=CARTESIAN_POINT('',(-0.96472532515226,-0.28034,0.859627502597878));
#2986=CARTESIAN_POINT('',(-0.96472532515226,-0.28034,0.727238368432153));
#2987=CARTESIAN_POINT('',(-0.96472532515226,-0.28034,0.727238368432153));
#2988=CARTESIAN_POINT('',(-0.96472532515226,-0.28034,0.859627502597878));
#2989=CARTESIAN_POINT('',(-0.898457862958414,-0.28034,0.727238368432153));
#2990=CARTESIAN_POINT('',(-0.898457862958414,-0.28034,0.727238368432153));
#2991=CARTESIAN_POINT('',(-1.16680548621291,-0.28034,0.300239941466966));
#2992=CARTESIAN_POINT('',(-0.860099636225797,-0.23034,-0.194031326257848));
#2993=CARTESIAN_POINT('',(-0.860099636225797,-0.23034,-0.0344056889143258));
#2994=CARTESIAN_POINT('',(-0.860099636225797,-0.23034,-0.0344056889143258));
#2995=CARTESIAN_POINT('',(-0.860099636225797,-0.23034,-0.194031326257848));
#2996=CARTESIAN_POINT('',(-0.860099636225797,-0.23034,-0.353656963601371));
#2997=CARTESIAN_POINT('',(-0.860099636225797,-0.23034,-0.353656963601371));
#2998=CARTESIAN_POINT('',(-0.940178099691039,-0.23034,-0.0344056889143258));
#2999=CARTESIAN_POINT('',(-1.02025656315628,-0.23034,-0.0344056889143258));
#3000=CARTESIAN_POINT('',(-1.02025656315628,-0.23034,-0.0344056889143258));
#3001=CARTESIAN_POINT('',(-0.940178099691039,-0.23034,-0.0344056889143258));
#3002=CARTESIAN_POINT('',(-1.02025656315628,-0.23034,-0.194031326257848));
#3003=CARTESIAN_POINT('',(-1.02025656315628,-0.23034,-0.353656963601371));
#3004=CARTESIAN_POINT('',(-1.02025656315628,-0.23034,-0.353656963601371));
#3005=CARTESIAN_POINT('',(-1.02025656315628,-0.23034,-0.194031326257848));
#3006=CARTESIAN_POINT('',(-0.940178099691039,-0.23034,-0.353656963601371));
#3007=CARTESIAN_POINT('',(-0.940178099691039,-0.23034,-0.353656963601371));
#3008=CARTESIAN_POINT('',(-1.16680548621291,-0.23034,0.300239941466966));
#3009=CARTESIAN_POINT('',(-0.950494118926555,-0.28034,0.288455545008364));
#3010=CARTESIAN_POINT('',(-0.950494118926555,-0.28034,0.41074114817677));
#3011=CARTESIAN_POINT('',(-0.950494118926555,-0.28034,0.41074114817677));
#3012=CARTESIAN_POINT('',(-0.950494118926555,-0.28034,0.288455545008364));
#3013=CARTESIAN_POINT('',(-0.950494118926555,-0.28034,0.166169941839958));
#3014=CARTESIAN_POINT('',(-0.950494118926555,-0.28034,0.166169941839958));
#3015=CARTESIAN_POINT('',(-1.00849741417294,-0.28034,0.41074114817677));
#3016=CARTESIAN_POINT('',(-1.06650070941932,-0.28034,0.41074114817677));
#3017=CARTESIAN_POINT('',(-1.06650070941932,-0.28034,0.41074114817677));
#3018=CARTESIAN_POINT('',(-1.00849741417294,-0.28034,0.41074114817677));
#3019=CARTESIAN_POINT('',(-1.06650070941932,-0.28034,0.288455545008364));
#3020=CARTESIAN_POINT('',(-1.06650070941932,-0.28034,0.166169941839958));
#3021=CARTESIAN_POINT('',(-1.06650070941932,-0.28034,0.166169941839958));
#3022=CARTESIAN_POINT('',(-1.06650070941932,-0.28034,0.288455545008364));
#3023=CARTESIAN_POINT('',(-1.00849741417294,-0.28034,0.166169941839958));
#3024=CARTESIAN_POINT('',(-1.00849741417294,-0.28034,0.166169941839958));
#3025=CARTESIAN_POINT('',(-1.16680548621291,-0.28034,0.300239941466966));
#3026=CARTESIAN_POINT('',(-1.11548187269019,-0.28034,0.296289160074544));
#3027=CARTESIAN_POINT('',(-1.11548187269019,-0.28034,0.467335503125814));
#3028=CARTESIAN_POINT('',(-1.11548187269019,-0.28034,0.467335503125814));
#3029=CARTESIAN_POINT('',(-1.11548187269019,-0.28034,0.296289160074544));
#3030=CARTESIAN_POINT('',(-1.11548187269019,-0.28034,0.125242817023275));
#3031=CARTESIAN_POINT('',(-1.11548187269019,-0.28034,0.125242817023275));
#3032=CARTESIAN_POINT('',(-1.17986427361741,-0.28034,0.467335503125814));
#3033=CARTESIAN_POINT('',(-1.24424667454463,-0.28034,0.467335503125814));
#3034=CARTESIAN_POINT('',(-1.24424667454463,-0.28034,0.467335503125814));
#3035=CARTESIAN_POINT('',(-1.17986427361741,-0.28034,0.467335503125814));
#3036=CARTESIAN_POINT('',(-1.24424667454463,-0.28034,0.296289160074544));
#3037=CARTESIAN_POINT('',(-1.24424667454463,-0.28034,0.125242817023275));
#3038=CARTESIAN_POINT('',(-1.24424667454463,-0.28034,0.125242817023275));
#3039=CARTESIAN_POINT('',(-1.24424667454463,-0.28034,0.296289160074544));
#3040=CARTESIAN_POINT('',(-1.17986427361741,-0.28034,0.125242817023275));
#3041=CARTESIAN_POINT('',(-1.17986427361741,-0.28034,0.125242817023275));
#3042=CARTESIAN_POINT('',(-1.16680548621291,-0.28034,0.300239941466966));
#3043=CARTESIAN_POINT('',(-1.24406018773012,-0.33034,-0.177091334562569));
#3044=CARTESIAN_POINT('',(-1.24406018773012,-0.33034,-0.0950102857202189));
#3045=CARTESIAN_POINT('',(-1.24406018773012,-0.33034,-0.0950102857202189));
#3046=CARTESIAN_POINT('',(-1.24406018773012,-0.33034,-0.177091334562569));
#3047=CARTESIAN_POINT('',(-1.24406018773012,-0.33034,-0.259172383404919));
#3048=CARTESIAN_POINT('',(-1.24406018773012,-0.33034,-0.259172383404919));
#3049=CARTESIAN_POINT('',(-1.36961502307924,-0.33034,-0.0950102857202189));
#3050=CARTESIAN_POINT('',(-1.49516985842836,-0.33034,-0.0950102857202189));
#3051=CARTESIAN_POINT('',(-1.49516985842836,-0.33034,-0.0950102857202189));
#3052=CARTESIAN_POINT('',(-1.36961502307924,-0.33034,-0.0950102857202189));
#3053=CARTESIAN_POINT('',(-1.49516985842836,-0.33034,-0.177091334562569));
#3054=CARTESIAN_POINT('',(-1.49516985842836,-0.33034,-0.259172383404919));
#3055=CARTESIAN_POINT('',(-1.49516985842836,-0.33034,-0.259172383404919));
#3056=CARTESIAN_POINT('',(-1.49516985842836,-0.33034,-0.177091334562569));
#3057=CARTESIAN_POINT('',(-1.36961502307924,-0.33034,-0.259172383404919));
#3058=CARTESIAN_POINT('',(-1.36961502307924,-0.33034,-0.259172383404919));
#3059=CARTESIAN_POINT('',(-1.16680548621291,-0.33034,0.300239941466966));
#3060=CARTESIAN_POINT('',(-1.46382912183777,-0.28034,0.832177716634312));
#3061=CARTESIAN_POINT('',(-1.46382912183777,-0.28034,0.974421509638275));
#3062=CARTESIAN_POINT('',(-1.46382912183777,-0.28034,0.974421509638275));
#3063=CARTESIAN_POINT('',(-1.46382912183777,-0.28034,0.832177716634312));
#3064=CARTESIAN_POINT('',(-1.46382912183777,-0.28034,0.689933923630348));
#3065=CARTESIAN_POINT('',(-1.46382912183777,-0.28034,0.689933923630348));
#3066=CARTESIAN_POINT('',(-1.53781704126936,-0.28034,0.974421509638275));
#3067=CARTESIAN_POINT('',(-1.61180496070094,-0.28034,0.974421509638275));
#3068=CARTESIAN_POINT('',(-1.61180496070094,-0.28034,0.974421509638275));
#3069=CARTESIAN_POINT('',(-1.53781704126936,-0.28034,0.974421509638275));
#3070=CARTESIAN_POINT('',(-1.61180496070094,-0.28034,0.832177716634312));
#3071=CARTESIAN_POINT('',(-1.61180496070094,-0.28034,0.689933923630348));
#3072=CARTESIAN_POINT('',(-1.61180496070094,-0.28034,0.689933923630348));
#3073=CARTESIAN_POINT('',(-1.61180496070094,-0.28034,0.832177716634312));
#3074=CARTESIAN_POINT('',(-1.53781704126936,-0.28034,0.689933923630348));
#3075=CARTESIAN_POINT('',(-1.53781704126936,-0.28034,0.689933923630348));
#3076=CARTESIAN_POINT('',(-1.16680548621291,-0.28034,0.300239941466966));
#3077=CARTESIAN_POINT('',(0.,0.,0.));
#3078=CARTESIAN_POINT('',(-1.15552079847492,-0.2,1.23871992064189));
#3079=CARTESIAN_POINT('',(-2.21195086623518,-0.2,1.23871992064189));
#3080=CARTESIAN_POINT('',(-2.21195086623518,-0.3,1.23871992064189));
#3081=CARTESIAN_POINT('',(-2.21195086623518,0.13588791052055,1.23871992064189));
#3082=CARTESIAN_POINT('',(-1.15552079847492,-0.3,1.23871992064189));
#3083=CARTESIAN_POINT('',(-0.0990907307146654,-0.3,1.23871992064189));
#3084=CARTESIAN_POINT('',(-0.0990907307146654,-0.2,1.23871992064189));
#3085=CARTESIAN_POINT('',(-0.0990907307146654,0.13588791052055,1.23871992064189));
#3086=CARTESIAN_POINT('',(-1.15552079847492,0.13588791052055,1.23871992064189));
#3087=CARTESIAN_POINT('',(-2.21195086623518,-0.2,0.302641685220498));
#3088=CARTESIAN_POINT('',(-2.21195086623518,-0.2,-0.633436550200899));
#3089=CARTESIAN_POINT('',(-2.21195086623518,-0.3,-0.633436550200899));
#3090=CARTESIAN_POINT('',(-2.21195086623518,0.13588791052055,-0.633436550200899));
#3091=CARTESIAN_POINT('',(-2.21195086623518,-0.3,0.302641685220498));
#3092=CARTESIAN_POINT('',(-2.21195086623518,0.13588791052055,0.302641685220498));
#3093=CARTESIAN_POINT('',(-1.15552079847492,-0.2,-0.633436550200899));
#3094=CARTESIAN_POINT('',(-1.15552079847492,-0.3,-0.633436550200899));
#3095=CARTESIAN_POINT('',(-0.0990907307146654,-0.3,-0.633436550200899));
#3096=CARTESIAN_POINT('',(-1.15552079847492,0.13588791052055,-0.633436550200899));
#3097=CARTESIAN_POINT('',(-0.0990907307146654,0.13588791052055,-0.633436550200899));
#3098=CARTESIAN_POINT('',(-0.0990907307146654,-0.2,-0.633436550200899));
#3099=CARTESIAN_POINT('',(-0.0990907307146654,-0.2,0.302641685220498));
#3100=CARTESIAN_POINT('',(-0.0990907307146654,-0.3,0.302641685220498));
#3101=CARTESIAN_POINT('',(-0.0990907307146654,0.13588791052055,0.302641685220498));
#3102=CARTESIAN_POINT('',(-1.77718628512136,-0.4,0.952216881935961));
#3103=CARTESIAN_POINT('',(-1.77718628512136,-0.22,0.952216881935961));
#3104=CARTESIAN_POINT('',(-1.61786201837668,-0.22,0.952216881935961));
#3105=CARTESIAN_POINT('',(-1.93651055186603,-0.22,0.952216881935961));
#3106=CARTESIAN_POINT('',(-1.61786201837668,-0.4,0.952216881935961));
#3107=CARTESIAN_POINT('',(-1.61786201837668,-0.3,0.952216881935961));
#3108=CARTESIAN_POINT('',(-1.77718628512136,-0.3,0.952216881935961));
#3109=CARTESIAN_POINT('',(-1.93651055186603,-0.3,0.952216881935961));
#3110=CARTESIAN_POINT('',(-1.93651055186603,-0.4,0.952216881935961));
#3111=CARTESIAN_POINT('',(-1.61786201837668,-0.4,0.29693568078522));
#3112=CARTESIAN_POINT('',(-1.61786201837668,-0.22,0.29693568078522));
#3113=CARTESIAN_POINT('',(-1.61786201837668,-0.22,-0.358345520365521));
#3114=CARTESIAN_POINT('',(-1.61786201837668,-0.4,-0.358345520365521));
#3115=CARTESIAN_POINT('',(-1.61786201837668,-0.3,-0.358345520365521));
#3116=CARTESIAN_POINT('',(-1.61786201837668,-0.3,0.29693568078522));
#3117=CARTESIAN_POINT('',(-1.77718628512136,-0.4,-0.358345520365521));
#3118=CARTESIAN_POINT('',(-1.77718628512136,-0.22,-0.358345520365521));
#3119=CARTESIAN_POINT('',(-1.93651055186603,-0.22,-0.358345520365521));
#3120=CARTESIAN_POINT('',(-1.93651055186603,-0.4,-0.358345520365521));
#3121=CARTESIAN_POINT('',(-1.93651055186603,-0.3,-0.358345520365521));
#3122=CARTESIAN_POINT('',(-1.77718628512136,-0.3,-0.358345520365521));
#3123=CARTESIAN_POINT('',(-1.93651055186603,-0.4,0.29693568078522));
#3124=CARTESIAN_POINT('',(-1.93651055186603,-0.22,0.29693568078522));
#3125=CARTESIAN_POINT('',(-1.93651055186603,-0.3,0.29693568078522));
#3126=CARTESIAN_POINT('',(-0.565742405257954,-2.34,-0.214760058533034));
#3127=CARTESIAN_POINT('',(-0.565742405257954,0.2,-0.214760058533034));
#3128=CARTESIAN_POINT('',(-0.505787486915282,0.2,-0.214760058533034));
#3129=CARTESIAN_POINT('',(-0.565742405257954,-0.3,-0.214760058533034));
#3130=CARTESIAN_POINT('',(-0.625697323600626,-0.3,-0.214760058533034));
#3131=CARTESIAN_POINT('',(-0.56980400554586,-2.34,0.815239941466966));
#3132=CARTESIAN_POINT('',(-0.56980400554586,0.2,0.815239941466966));
#3133=CARTESIAN_POINT('',(-0.508317788257113,0.2,0.815239941466966));
#3134=CARTESIAN_POINT('',(-0.56980400554586,-0.3,0.815239941466966));
#3135=CARTESIAN_POINT('',(-0.631290222834607,-0.3,0.815239941466966));
#3136=CARTESIAN_POINT('',(-0.565742405257954,-0.2,-0.214760058533034));
#3137=CARTESIAN_POINT('',(-0.565742405257954,0.2,-0.214760058533034));
#3138=CARTESIAN_POINT('',(-0.566805486212906,0.2,-0.528353376013978));
#3139=CARTESIAN_POINT('',(-0.252147285860632,0.2,-0.214760058533034));
#3140=CARTESIAN_POINT('',(-0.566805486212906,-0.2,-0.528353376013978));
#3141=CARTESIAN_POINT('',(-0.566805486212906,-0.22,-0.528353376013978));
#3142=CARTESIAN_POINT('',(-0.565742405257954,-0.22,-0.214760058533034));
#3143=CARTESIAN_POINT('',(-0.252147285860632,-0.22,-0.214760058533034));
#3144=CARTESIAN_POINT('',(-0.252147285860632,-0.2,-0.214760058533034));
#3145=CARTESIAN_POINT('',(-1.16680548621291,-0.2,-0.528353376013978));
#3146=CARTESIAN_POINT('',(-1.16680548621291,0.2,-0.528353376013978));
#3147=CARTESIAN_POINT('',(-1.76744409501677,0.2,-0.528354026252294));
#3148=CARTESIAN_POINT('',(-1.76744409501677,-0.2,-0.528354026252294));
#3149=CARTESIAN_POINT('',(-1.76744409501677,-0.22,-0.528354026252294));
#3150=CARTESIAN_POINT('',(-1.16680548621291,-0.22,-0.528353376013978));
#3151=CARTESIAN_POINT('',(-1.76744409501677,-0.2,-0.214760058533032));
#3152=CARTESIAN_POINT('',(-1.76744409501677,0.2,-0.214760058533032));
#3153=CARTESIAN_POINT('',(-2.08103806273603,0.2,-0.214760058533033));
#3154=CARTESIAN_POINT('',(-2.08103806273603,-0.2,-0.214760058533033));
#3155=CARTESIAN_POINT('',(-2.08103806273603,-0.22,-0.214760058533033));
#3156=CARTESIAN_POINT('',(-1.76744409501677,-0.22,-0.214760058533032));
#3157=CARTESIAN_POINT('',(-2.08103806273603,-0.2,0.300239941466966));
#3158=CARTESIAN_POINT('',(-2.08103806273603,0.2,0.300239941466966));
#3159=CARTESIAN_POINT('',(-2.08103806273603,0.2,0.815239941466966));
#3160=CARTESIAN_POINT('',(-2.08103806273603,-0.2,0.815239941466966));
#3161=CARTESIAN_POINT('',(-2.08103806273603,-0.22,0.815239941466966));
#3162=CARTESIAN_POINT('',(-2.08103806273603,-0.22,0.300239941466966));
#3163=CARTESIAN_POINT('',(-1.76680548621291,-0.2,0.813986102359122));
#3164=CARTESIAN_POINT('',(-1.76680548621291,0.2,0.813986102359122));
#3165=CARTESIAN_POINT('',(-1.76680548621291,0.2,1.12822118038332));
#3166=CARTESIAN_POINT('',(-1.76680548621291,-0.2,1.12822118038332));
#3167=CARTESIAN_POINT('',(-1.76680548621291,-0.22,1.12822118038332));
#3168=CARTESIAN_POINT('',(-1.76680548621291,-0.22,0.813986102359122));
#3169=CARTESIAN_POINT('',(-1.16680548621291,-0.2,1.12822118038332));
#3170=CARTESIAN_POINT('',(-1.16680548621291,0.2,1.12822118038332));
#3171=CARTESIAN_POINT('',(-0.515503585219999,0.2,1.12822118038332));
#3172=CARTESIAN_POINT('',(-0.515503585219999,-0.2,1.12822118038332));
#3173=CARTESIAN_POINT('',(-0.515503585219999,-0.22,1.12822118038332));
#3174=CARTESIAN_POINT('',(-1.16680548621291,-0.22,1.12822118038332));
#3175=CARTESIAN_POINT('',(-0.56980400554586,-0.2,0.815239941466966));
#3176=CARTESIAN_POINT('',(-0.56980400554586,0.2,0.815239941466966));
#3177=CARTESIAN_POINT('',(-0.252147285860632,0.2,0.815239941466966));
#3178=CARTESIAN_POINT('',(-0.252147285860632,-0.2,0.815239941466966));
#3179=CARTESIAN_POINT('',(-0.252147285860632,-0.22,0.815239941466966));
#3180=CARTESIAN_POINT('',(-0.56980400554586,-0.22,0.815239941466966));
#3181=CARTESIAN_POINT('',(-0.252147285860632,-0.2,0.300239941466966));
#3182=CARTESIAN_POINT('',(-0.252147285860632,0.2,0.300239941466966));
#3183=CARTESIAN_POINT('',(-0.252147285860632,-0.22,0.300239941466966));
#3184=CARTESIAN_POINT('',(-1.15552079847492,0.2,0.302641685220498));
#3185=CARTESIAN_POINT('',(-1.15552079847492,0.2,1.7387199206419));
#3186=CARTESIAN_POINT('',(-2.71195086623519,0.2,1.7387199206419));
#3187=CARTESIAN_POINT('',(0.400909269285335,0.2,1.7387199206419));
#3188=CARTESIAN_POINT('',(0.400909269285335,0.2,0.302641685220498));
#3189=CARTESIAN_POINT('',(0.400909269285335,0.2,-1.1334365502009));
#3190=CARTESIAN_POINT('',(-1.15552079847492,0.2,-1.1334365502009));
#3191=CARTESIAN_POINT('',(-2.71195086623519,0.2,-1.1334365502009));
#3192=CARTESIAN_POINT('',(-2.71195086623519,0.2,0.302641685220498));
#3193=CARTESIAN_POINT('',(-0.56980400554586,0.2,0.815239941466966));
#3194=CARTESIAN_POINT('',(-0.56980400554586,0.2,0.815239941466966));
#3195=CARTESIAN_POINT('',(-0.432598763096986,0.2,0.815239941466966));
#3196=CARTESIAN_POINT('',(-0.56980400554586,-0.22,0.815239941466966));
#3197=CARTESIAN_POINT('',(-0.707009247994734,-0.22,0.815239941466966));
#3198=CARTESIAN_POINT('',(-1.16659267429833,0.2,0.299933001226481));
#3199=CARTESIAN_POINT('',(-0.565742405257954,0.2,-0.214760058533034));
#3200=CARTESIAN_POINT('',(-0.565742405257954,0.2,-0.214760058533034));
#3201=CARTESIAN_POINT('',(-0.431398568432722,0.2,-0.214760058533034));
#3202=CARTESIAN_POINT('',(-0.565742405257954,-0.22,-0.214760058533034));
#3203=CARTESIAN_POINT('',(-0.700086242083186,-0.22,-0.214760058533034));
#3204=CARTESIAN_POINT('',(-1.16659267429833,0.2,0.299933001226481));
#3205=CARTESIAN_POINT('',(0.400909269285335,0.13588791052055,0.302641685220498));
#3206=CARTESIAN_POINT('',(0.400909269285335,0.13588791052055,0.302641685220498));
#3207=CARTESIAN_POINT('',(0.400909269285335,0.13588791052055,1.7387199206419));
#3208=CARTESIAN_POINT('',(0.400909269285335,0.13588791052055,-1.1334365502009));
#3209=CARTESIAN_POINT('',(-1.15552079847492,0.13588791052055,1.7387199206419));
#3210=CARTESIAN_POINT('',(-2.71195086623519,0.13588791052055,1.7387199206419));
#3211=CARTESIAN_POINT('',(-2.71195086623519,0.13588791052055,0.302641685220498));
#3212=CARTESIAN_POINT('',(-2.71195086623519,0.13588791052055,-1.1334365502009));
#3213=CARTESIAN_POINT('',(-1.15552079847492,0.13588791052055,-1.1334365502009));
#3214=CARTESIAN_POINT('',(0.400909269285335,-0.1,0.302641685220498));
#3215=CARTESIAN_POINT('',(0.400909269285335,-0.2,1.7387199206419));
#3216=CARTESIAN_POINT('',(0.400909269285335,-0.2,-1.1334365502009));
#3217=CARTESIAN_POINT('',(-1.15552079847492,-0.1,-1.1334365502009));
#3218=CARTESIAN_POINT('',(-2.71195086623519,-0.2,-1.1334365502009));
#3219=CARTESIAN_POINT('',(-2.71195086623519,-0.1,0.302641685220498));
#3220=CARTESIAN_POINT('',(-2.71195086623519,-0.2,1.7387199206419));
#3221=CARTESIAN_POINT('',(-1.15552079847492,-0.1,1.7387199206419));
#3222=CARTESIAN_POINT('',(-1.15552079847492,-0.3,0.302641685220498));
#3223=CARTESIAN_POINT('',(-1.15552079847492,-0.22,0.302641685220498));
#3224=CARTESIAN_POINT('',(0.,0.,0.));
#3225=CARTESIAN_POINT('',(-1.15552079847492,-4.25892,1.23871992064189));
#3226=CARTESIAN_POINT('',(-2.21195086623518,-4.25892,1.23871992064189));
#3227=CARTESIAN_POINT('',(-2.21195086623518,-4.35892,1.23871992064189));
#3228=CARTESIAN_POINT('',(-2.21195086623518,-3.92303208947945,1.23871992064189));
#3229=CARTESIAN_POINT('',(-1.15552079847492,-4.35892,1.23871992064189));
#3230=CARTESIAN_POINT('',(-0.0990907307146653,-4.35892,1.23871992064189));
#3231=CARTESIAN_POINT('',(-0.0990907307146653,-4.25892,1.23871992064189));
#3232=CARTESIAN_POINT('',(-0.0990907307146653,-3.92303208947945,1.23871992064189));
#3233=CARTESIAN_POINT('',(-1.15552079847492,-3.92303208947945,1.23871992064189));
#3234=CARTESIAN_POINT('',(-2.21195086623518,-4.25892,0.302641685220498));
#3235=CARTESIAN_POINT('',(-2.21195086623518,-4.25892,-0.633436550200899));
#3236=CARTESIAN_POINT('',(-2.21195086623518,-4.35892,-0.633436550200899));
#3237=CARTESIAN_POINT('',(-2.21195086623518,-3.92303208947945,-0.633436550200899));
#3238=CARTESIAN_POINT('',(-2.21195086623518,-4.35892,0.302641685220498));
#3239=CARTESIAN_POINT('',(-2.21195086623518,-3.92303208947945,0.302641685220498));
#3240=CARTESIAN_POINT('',(-1.15552079847492,-4.25892,-0.633436550200899));
#3241=CARTESIAN_POINT('',(-1.15552079847492,-4.35892,-0.633436550200899));
#3242=CARTESIAN_POINT('',(-0.0990907307146653,-4.35892,-0.633436550200899));
#3243=CARTESIAN_POINT('',(-1.15552079847492,-3.92303208947945,-0.633436550200899));
#3244=CARTESIAN_POINT('',(-0.0990907307146653,-3.92303208947945,-0.633436550200899));
#3245=CARTESIAN_POINT('',(-0.0990907307146653,-4.25892,-0.633436550200899));
#3246=CARTESIAN_POINT('',(-0.0990907307146653,-4.25892,0.302641685220498));
#3247=CARTESIAN_POINT('',(-0.0990907307146653,-4.35892,0.302641685220498));
#3248=CARTESIAN_POINT('',(-0.0990907307146653,-3.92303208947945,0.302641685220498));
#3249=CARTESIAN_POINT('',(-1.77718628512136,-4.45892,0.952216881935961));
#3250=CARTESIAN_POINT('',(-1.77718628512136,-4.27892,0.952216881935961));
#3251=CARTESIAN_POINT('',(-1.61786201837668,-4.27892,0.952216881935961));
#3252=CARTESIAN_POINT('',(-1.93651055186603,-4.27892,0.952216881935961));
#3253=CARTESIAN_POINT('',(-1.61786201837668,-4.45892,0.952216881935961));
#3254=CARTESIAN_POINT('',(-1.61786201837668,-4.35892,0.952216881935961));
#3255=CARTESIAN_POINT('',(-1.77718628512136,-4.35892,0.952216881935961));
#3256=CARTESIAN_POINT('',(-1.93651055186603,-4.35892,0.952216881935961));
#3257=CARTESIAN_POINT('',(-1.93651055186603,-4.45892,0.952216881935961));
#3258=CARTESIAN_POINT('',(-1.61786201837668,-4.45892,0.29693568078522));
#3259=CARTESIAN_POINT('',(-1.61786201837668,-4.27892,0.29693568078522));
#3260=CARTESIAN_POINT('',(-1.61786201837668,-4.27892,-0.358345520365521));
#3261=CARTESIAN_POINT('',(-1.61786201837668,-4.45892,-0.358345520365521));
#3262=CARTESIAN_POINT('',(-1.61786201837668,-4.35892,-0.358345520365521));
#3263=CARTESIAN_POINT('',(-1.61786201837668,-4.35892,0.29693568078522));
#3264=CARTESIAN_POINT('',(-1.77718628512136,-4.45892,-0.358345520365521));
#3265=CARTESIAN_POINT('',(-1.77718628512136,-4.27892,-0.358345520365521));
#3266=CARTESIAN_POINT('',(-1.93651055186603,-4.27892,-0.358345520365521));
#3267=CARTESIAN_POINT('',(-1.93651055186603,-4.45892,-0.358345520365521));
#3268=CARTESIAN_POINT('',(-1.93651055186603,-4.35892,-0.358345520365521));
#3269=CARTESIAN_POINT('',(-1.77718628512136,-4.35892,-0.358345520365521));
#3270=CARTESIAN_POINT('',(-1.93651055186603,-4.45892,0.29693568078522));
#3271=CARTESIAN_POINT('',(-1.93651055186603,-4.27892,0.29693568078522));
#3272=CARTESIAN_POINT('',(-1.93651055186603,-4.35892,0.29693568078522));
#3273=CARTESIAN_POINT('',(-0.565742405257954,-6.39892,-0.214760058533034));
#3274=CARTESIAN_POINT('',(-0.565742405257954,-3.85892,-0.214760058533034));
#3275=CARTESIAN_POINT('',(-0.505787486915282,-3.85892,-0.214760058533034));
#3276=CARTESIAN_POINT('',(-0.565742405257954,-4.35892,-0.214760058533034));
#3277=CARTESIAN_POINT('',(-0.625697323600626,-4.35892,-0.214760058533034));
#3278=CARTESIAN_POINT('',(-0.56980400554586,-6.39892,0.815239941466966));
#3279=CARTESIAN_POINT('',(-0.56980400554586,-3.85892,0.815239941466966));
#3280=CARTESIAN_POINT('',(-0.508317788257113,-3.85892,0.815239941466966));
#3281=CARTESIAN_POINT('',(-0.56980400554586,-4.35892,0.815239941466966));
#3282=CARTESIAN_POINT('',(-0.631290222834607,-4.35892,0.815239941466966));
#3283=CARTESIAN_POINT('',(-0.565742405257954,-4.25892,-0.214760058533034));
#3284=CARTESIAN_POINT('',(-0.565742405257954,-3.85892,-0.214760058533034));
#3285=CARTESIAN_POINT('',(-0.566805486212906,-3.85892,-0.528353376013977));
#3286=CARTESIAN_POINT('',(-0.252147285860632,-3.85892,-0.214760058533034));
#3287=CARTESIAN_POINT('',(-0.566805486212906,-4.25892,-0.528353376013977));
#3288=CARTESIAN_POINT('',(-0.566805486212906,-4.27892,-0.528353376013977));
#3289=CARTESIAN_POINT('',(-0.565742405257954,-4.27892,-0.214760058533034));
#3290=CARTESIAN_POINT('',(-0.252147285860632,-4.27892,-0.214760058533034));
#3291=CARTESIAN_POINT('',(-0.252147285860632,-4.25892,-0.214760058533034));
#3292=CARTESIAN_POINT('',(-1.16680548621291,-4.25892,-0.528353376013977));
#3293=CARTESIAN_POINT('',(-1.16680548621291,-3.85892,-0.528353376013977));
#3294=CARTESIAN_POINT('',(-1.76744409501677,-3.85892,-0.528354026252294));
#3295=CARTESIAN_POINT('',(-1.76744409501677,-4.25892,-0.528354026252294));
#3296=CARTESIAN_POINT('',(-1.76744409501677,-4.27892,-0.528354026252294));
#3297=CARTESIAN_POINT('',(-1.16680548621291,-4.27892,-0.528353376013977));
#3298=CARTESIAN_POINT('',(-1.76744409501677,-4.25892,-0.214760058533032));
#3299=CARTESIAN_POINT('',(-1.76744409501677,-3.85892,-0.214760058533032));
#3300=CARTESIAN_POINT('',(-2.08103806273603,-3.85892,-0.214760058533033));
#3301=CARTESIAN_POINT('',(-2.08103806273603,-4.25892,-0.214760058533033));
#3302=CARTESIAN_POINT('',(-2.08103806273603,-4.27892,-0.214760058533033));
#3303=CARTESIAN_POINT('',(-1.76744409501677,-4.27892,-0.214760058533032));
#3304=CARTESIAN_POINT('',(-2.08103806273603,-4.25892,0.300239941466966));
#3305=CARTESIAN_POINT('',(-2.08103806273603,-3.85892,0.300239941466966));
#3306=CARTESIAN_POINT('',(-2.08103806273603,-3.85892,0.815239941466967));
#3307=CARTESIAN_POINT('',(-2.08103806273603,-4.25892,0.815239941466967));
#3308=CARTESIAN_POINT('',(-2.08103806273603,-4.27892,0.815239941466967));
#3309=CARTESIAN_POINT('',(-2.08103806273603,-4.27892,0.300239941466966));
#3310=CARTESIAN_POINT('',(-1.76680548621291,-4.25892,0.813986102359122));
#3311=CARTESIAN_POINT('',(-1.76680548621291,-3.85892,0.813986102359122));
#3312=CARTESIAN_POINT('',(-1.76680548621291,-3.85892,1.12822118038332));
#3313=CARTESIAN_POINT('',(-1.76680548621291,-4.25892,1.12822118038332));
#3314=CARTESIAN_POINT('',(-1.76680548621291,-4.27892,1.12822118038332));
#3315=CARTESIAN_POINT('',(-1.76680548621291,-4.27892,0.813986102359122));
#3316=CARTESIAN_POINT('',(-1.16680548621291,-4.25892,1.12822118038332));
#3317=CARTESIAN_POINT('',(-1.16680548621291,-3.85892,1.12822118038332));
#3318=CARTESIAN_POINT('',(-0.515503585219999,-3.85892,1.12822118038332));
#3319=CARTESIAN_POINT('',(-0.515503585219999,-4.25892,1.12822118038332));
#3320=CARTESIAN_POINT('',(-0.515503585219999,-4.27892,1.12822118038332));
#3321=CARTESIAN_POINT('',(-1.16680548621291,-4.27892,1.12822118038332));
#3322=CARTESIAN_POINT('',(-0.56980400554586,-4.25892,0.815239941466966));
#3323=CARTESIAN_POINT('',(-0.56980400554586,-3.85892,0.815239941466966));
#3324=CARTESIAN_POINT('',(-0.252147285860632,-3.85892,0.815239941466967));
#3325=CARTESIAN_POINT('',(-0.252147285860632,-4.25892,0.815239941466967));
#3326=CARTESIAN_POINT('',(-0.252147285860632,-4.27892,0.815239941466967));
#3327=CARTESIAN_POINT('',(-0.56980400554586,-4.27892,0.815239941466966));
#3328=CARTESIAN_POINT('',(-0.252147285860632,-4.25892,0.300239941466966));
#3329=CARTESIAN_POINT('',(-0.252147285860632,-3.85892,0.300239941466966));
#3330=CARTESIAN_POINT('',(-0.252147285860632,-4.27892,0.300239941466966));
#3331=CARTESIAN_POINT('',(-1.15552079847492,-3.85892,0.302641685220498));
#3332=CARTESIAN_POINT('',(-1.15552079847492,-3.85892,1.7387199206419));
#3333=CARTESIAN_POINT('',(-2.71195086623519,-3.85892,1.7387199206419));
#3334=CARTESIAN_POINT('',(0.400909269285335,-3.85892,1.7387199206419));
#3335=CARTESIAN_POINT('',(0.400909269285335,-3.85892,0.302641685220498));
#3336=CARTESIAN_POINT('',(0.400909269285335,-3.85892,-1.1334365502009));
#3337=CARTESIAN_POINT('',(-1.15552079847492,-3.85892,-1.1334365502009));
#3338=CARTESIAN_POINT('',(-2.71195086623519,-3.85892,-1.1334365502009));
#3339=CARTESIAN_POINT('',(-2.71195086623519,-3.85892,0.302641685220498));
#3340=CARTESIAN_POINT('',(-0.56980400554586,-3.85892,0.815239941466966));
#3341=CARTESIAN_POINT('',(-0.56980400554586,-3.85892,0.815239941466966));
#3342=CARTESIAN_POINT('',(-0.432598763096986,-3.85892,0.815239941466966));
#3343=CARTESIAN_POINT('',(-0.56980400554586,-4.27892,0.815239941466966));
#3344=CARTESIAN_POINT('',(-0.707009247994734,-4.27892,0.815239941466966));
#3345=CARTESIAN_POINT('',(-1.16659267429833,-3.85892,0.299933001226481));
#3346=CARTESIAN_POINT('',(-0.565742405257954,-3.85892,-0.214760058533034));
#3347=CARTESIAN_POINT('',(-0.565742405257954,-3.85892,-0.214760058533034));
#3348=CARTESIAN_POINT('',(-0.431398568432722,-3.85892,-0.214760058533034));
#3349=CARTESIAN_POINT('',(-0.565742405257954,-4.27892,-0.214760058533034));
#3350=CARTESIAN_POINT('',(-0.700086242083186,-4.27892,-0.214760058533034));
#3351=CARTESIAN_POINT('',(-1.16659267429833,-3.85892,0.299933001226481));
#3352=CARTESIAN_POINT('',(0.400909269285335,-3.92303208947945,0.302641685220498));
#3353=CARTESIAN_POINT('',(0.400909269285335,-3.92303208947945,0.302641685220498));
#3354=CARTESIAN_POINT('',(0.400909269285335,-3.92303208947945,1.7387199206419));
#3355=CARTESIAN_POINT('',(0.400909269285335,-3.92303208947945,-1.1334365502009));
#3356=CARTESIAN_POINT('',(-1.15552079847492,-3.92303208947945,1.7387199206419));
#3357=CARTESIAN_POINT('',(-2.71195086623519,-3.92303208947945,1.7387199206419));
#3358=CARTESIAN_POINT('',(-2.71195086623519,-3.92303208947945,0.302641685220498));
#3359=CARTESIAN_POINT('',(-2.71195086623519,-3.92303208947945,-1.1334365502009));
#3360=CARTESIAN_POINT('',(-1.15552079847492,-3.92303208947945,-1.1334365502009));
#3361=CARTESIAN_POINT('',(0.400909269285335,-4.15892,0.302641685220498));
#3362=CARTESIAN_POINT('',(0.400909269285335,-4.25892,1.7387199206419));
#3363=CARTESIAN_POINT('',(0.400909269285335,-4.25892,-1.1334365502009));
#3364=CARTESIAN_POINT('',(-1.15552079847492,-4.15892,-1.1334365502009));
#3365=CARTESIAN_POINT('',(-2.71195086623519,-4.25892,-1.1334365502009));
#3366=CARTESIAN_POINT('',(-2.71195086623519,-4.15892,0.302641685220498));
#3367=CARTESIAN_POINT('',(-2.71195086623519,-4.25892,1.7387199206419));
#3368=CARTESIAN_POINT('',(-1.15552079847492,-4.15892,1.7387199206419));
#3369=CARTESIAN_POINT('',(-1.15552079847492,-4.35892,0.302641685220498));
#3370=CARTESIAN_POINT('',(-1.15552079847492,-4.27892,0.302641685220498));
#3371=MECHANICAL_DESIGN_GEOMETRIC_PRESENTATION_REPRESENTATION('',(),#3381);
#3372=MECHANICAL_DESIGN_GEOMETRIC_PRESENTATION_REPRESENTATION('',(),#3382);
#3373=MECHANICAL_DESIGN_GEOMETRIC_PRESENTATION_REPRESENTATION('',(),#3383);
#3374=MECHANICAL_DESIGN_GEOMETRIC_PRESENTATION_REPRESENTATION('',(),#3384);
#3375=MECHANICAL_DESIGN_GEOMETRIC_PRESENTATION_REPRESENTATION('',(),#3385);
#3376=MECHANICAL_DESIGN_GEOMETRIC_PRESENTATION_REPRESENTATION('',(),#3386);
#3377=MECHANICAL_DESIGN_GEOMETRIC_PRESENTATION_REPRESENTATION('',(),#3387);
#3378=MECHANICAL_DESIGN_GEOMETRIC_PRESENTATION_REPRESENTATION('',(#1994),
#3388);
#3379=MECHANICAL_DESIGN_GEOMETRIC_PRESENTATION_REPRESENTATION('',(#1995),
#3389);
#3380=MECHANICAL_DESIGN_GEOMETRIC_PRESENTATION_REPRESENTATION('',(#1996),
#3390);
#3381=(
GEOMETRIC_REPRESENTATION_CONTEXT(3)
GLOBAL_UNCERTAINTY_ASSIGNED_CONTEXT((#3391))
GLOBAL_UNIT_ASSIGNED_CONTEXT((#3421,#3411,#3401))
REPRESENTATION_CONTEXT('id2','TOP_LEVEL_ASSEMBLY_PART')
);
#3382=(
GEOMETRIC_REPRESENTATION_CONTEXT(3)
GLOBAL_UNCERTAINTY_ASSIGNED_CONTEXT((#3392))
GLOBAL_UNIT_ASSIGNED_CONTEXT((#3422,#3412,#3402))
REPRESENTATION_CONTEXT('id5','TOP_LEVEL_ASSEMBLY_PART')
);
#3383=(
GEOMETRIC_REPRESENTATION_CONTEXT(3)
GLOBAL_UNCERTAINTY_ASSIGNED_CONTEXT((#3393))
GLOBAL_UNIT_ASSIGNED_CONTEXT((#3423,#3413,#3403))
REPRESENTATION_CONTEXT('id8','TOP_LEVEL_ASSEMBLY_PART')
);
#3384=(
GEOMETRIC_REPRESENTATION_CONTEXT(3)
GLOBAL_UNCERTAINTY_ASSIGNED_CONTEXT((#3394))
GLOBAL_UNIT_ASSIGNED_CONTEXT((#3424,#3414,#3404))
REPRESENTATION_CONTEXT('id11','TOP_LEVEL_ASSEMBLY_PART')
);
#3385=(
GEOMETRIC_REPRESENTATION_CONTEXT(3)
GLOBAL_UNCERTAINTY_ASSIGNED_CONTEXT((#3395))
GLOBAL_UNIT_ASSIGNED_CONTEXT((#3425,#3415,#3405))
REPRESENTATION_CONTEXT('id14','TOP_LEVEL_ASSEMBLY_PART')
);
#3386=(
GEOMETRIC_REPRESENTATION_CONTEXT(3)
GLOBAL_UNCERTAINTY_ASSIGNED_CONTEXT((#3396))
GLOBAL_UNIT_ASSIGNED_CONTEXT((#3426,#3416,#3406))
REPRESENTATION_CONTEXT('id17','TOP_LEVEL_ASSEMBLY_PART')
);
#3387=(
GEOMETRIC_REPRESENTATION_CONTEXT(3)
GLOBAL_UNCERTAINTY_ASSIGNED_CONTEXT((#3397))
GLOBAL_UNIT_ASSIGNED_CONTEXT((#3427,#3417,#3407))
REPRESENTATION_CONTEXT('id20','TOP_LEVEL_ASSEMBLY_PART')
);
#3388=(
GEOMETRIC_REPRESENTATION_CONTEXT(3)
GLOBAL_UNCERTAINTY_ASSIGNED_CONTEXT((#3398))
GLOBAL_UNIT_ASSIGNED_CONTEXT((#3428,#3418,#3408))
REPRESENTATION_CONTEXT('Part 1','TOP_LEVEL_ASSEMBLY_PART')
);
#3389=(
GEOMETRIC_REPRESENTATION_CONTEXT(3)
GLOBAL_UNCERTAINTY_ASSIGNED_CONTEXT((#3399))
GLOBAL_UNIT_ASSIGNED_CONTEXT((#3429,#3419,#3409))
REPRESENTATION_CONTEXT('Part 3','TOP_LEVEL_ASSEMBLY_PART')
);
#3390=(
GEOMETRIC_REPRESENTATION_CONTEXT(3)
GLOBAL_UNCERTAINTY_ASSIGNED_CONTEXT((#3400))
GLOBAL_UNIT_ASSIGNED_CONTEXT((#3430,#3420,#3410))
REPRESENTATION_CONTEXT('Part 2','TOP_LEVEL_ASSEMBLY_PART')
);
#3391=UNCERTAINTY_MEASURE_WITH_UNIT(LENGTH_MEASURE(1.E-6),#3421,
'DISTANCE_ACCURACY_VALUE','Maximum Tolerance applied to model');
#3392=UNCERTAINTY_MEASURE_WITH_UNIT(LENGTH_MEASURE(1.E-6),#3422,
'DISTANCE_ACCURACY_VALUE','Maximum Tolerance applied to model');
#3393=UNCERTAINTY_MEASURE_WITH_UNIT(LENGTH_MEASURE(1.E-6),#3423,
'DISTANCE_ACCURACY_VALUE','Maximum Tolerance applied to model');
#3394=UNCERTAINTY_MEASURE_WITH_UNIT(LENGTH_MEASURE(1.E-6),#3424,
'DISTANCE_ACCURACY_VALUE','Maximum Tolerance applied to model');
#3395=UNCERTAINTY_MEASURE_WITH_UNIT(LENGTH_MEASURE(1.E-6),#3425,
'DISTANCE_ACCURACY_VALUE','Maximum Tolerance applied to model');
#3396=UNCERTAINTY_MEASURE_WITH_UNIT(LENGTH_MEASURE(1.E-6),#3426,
'DISTANCE_ACCURACY_VALUE','Maximum Tolerance applied to model');
#3397=UNCERTAINTY_MEASURE_WITH_UNIT(LENGTH_MEASURE(1.E-6),#3427,
'DISTANCE_ACCURACY_VALUE','Maximum Tolerance applied to model');
#3398=UNCERTAINTY_MEASURE_WITH_UNIT(LENGTH_MEASURE(1.E-6),#3428,
'DISTANCE_ACCURACY_VALUE','Maximum Tolerance applied to model');
#3399=UNCERTAINTY_MEASURE_WITH_UNIT(LENGTH_MEASURE(1.E-6),#3429,
'DISTANCE_ACCURACY_VALUE','Maximum Tolerance applied to model');
#3400=UNCERTAINTY_MEASURE_WITH_UNIT(LENGTH_MEASURE(1.E-6),#3430,
'DISTANCE_ACCURACY_VALUE','Maximum Tolerance applied to model');
#3401=(
NAMED_UNIT(*)
SI_UNIT($,.STERADIAN.)
SOLID_ANGLE_UNIT()
);
#3402=(
NAMED_UNIT(*)
SI_UNIT($,.STERADIAN.)
SOLID_ANGLE_UNIT()
);
#3403=(
NAMED_UNIT(*)
SI_UNIT($,.STERADIAN.)
SOLID_ANGLE_UNIT()
);
#3404=(
NAMED_UNIT(*)
SI_UNIT($,.STERADIAN.)
SOLID_ANGLE_UNIT()
);
#3405=(
NAMED_UNIT(*)
SI_UNIT($,.STERADIAN.)
SOLID_ANGLE_UNIT()
);
#3406=(
NAMED_UNIT(*)
SI_UNIT($,.STERADIAN.)
SOLID_ANGLE_UNIT()
);
#3407=(
NAMED_UNIT(*)
SI_UNIT($,.STERADIAN.)
SOLID_ANGLE_UNIT()
);
#3408=(
NAMED_UNIT(*)
SI_UNIT($,.STERADIAN.)
SOLID_ANGLE_UNIT()
);
#3409=(
NAMED_UNIT(*)
SI_UNIT($,.STERADIAN.)
SOLID_ANGLE_UNIT()
);
#3410=(
NAMED_UNIT(*)
SI_UNIT($,.STERADIAN.)
SOLID_ANGLE_UNIT()
);
#3411=(
NAMED_UNIT(*)
PLANE_ANGLE_UNIT()
SI_UNIT($,.RADIAN.)
);
#3412=(
NAMED_UNIT(*)
PLANE_ANGLE_UNIT()
SI_UNIT($,.RADIAN.)
);
#3413=(
NAMED_UNIT(*)
PLANE_ANGLE_UNIT()
SI_UNIT($,.RADIAN.)
);
#3414=(
NAMED_UNIT(*)
PLANE_ANGLE_UNIT()
SI_UNIT($,.RADIAN.)
);
#3415=(
NAMED_UNIT(*)
PLANE_ANGLE_UNIT()
SI_UNIT($,.RADIAN.)
);
#3416=(
NAMED_UNIT(*)
PLANE_ANGLE_UNIT()
SI_UNIT($,.RADIAN.)
);
#3417=(
NAMED_UNIT(*)
PLANE_ANGLE_UNIT()
SI_UNIT($,.RADIAN.)
);
#3418=(
NAMED_UNIT(*)
PLANE_ANGLE_UNIT()
SI_UNIT($,.RADIAN.)
);
#3419=(
NAMED_UNIT(*)
PLANE_ANGLE_UNIT()
SI_UNIT($,.RADIAN.)
);
#3420=(
NAMED_UNIT(*)
PLANE_ANGLE_UNIT()
SI_UNIT($,.RADIAN.)
);
#3421=(
LENGTH_UNIT()
NAMED_UNIT(*)
SI_UNIT(.CENTI.,.METRE.)
);
#3422=(
LENGTH_UNIT()
NAMED_UNIT(*)
SI_UNIT(.CENTI.,.METRE.)
);
#3423=(
LENGTH_UNIT()
NAMED_UNIT(*)
SI_UNIT(.CENTI.,.METRE.)
);
#3424=(
LENGTH_UNIT()
NAMED_UNIT(*)
SI_UNIT(.CENTI.,.METRE.)
);
#3425=(
LENGTH_UNIT()
NAMED_UNIT(*)
SI_UNIT(.CENTI.,.METRE.)
);
#3426=(
LENGTH_UNIT()
NAMED_UNIT(*)
SI_UNIT(.CENTI.,.METRE.)
);
#3427=(
LENGTH_UNIT()
NAMED_UNIT(*)
SI_UNIT(.CENTI.,.METRE.)
);
#3428=(
LENGTH_UNIT()
NAMED_UNIT(*)
SI_UNIT(.CENTI.,.METRE.)
);
#3429=(
LENGTH_UNIT()
NAMED_UNIT(*)
SI_UNIT(.CENTI.,.METRE.)
);
#3430=(
LENGTH_UNIT()
NAMED_UNIT(*)
SI_UNIT(.CENTI.,.METRE.)
);
#3431=PRODUCT_DEFINITION_SHAPE('','',#3441);
#3432=PRODUCT_DEFINITION_SHAPE('','',#3442);
#3433=PRODUCT_DEFINITION_SHAPE('','',#3443);
#3434=PRODUCT_DEFINITION_SHAPE('','',#3444);
#3435=PRODUCT_DEFINITION_SHAPE('','',#3445);
#3436=PRODUCT_DEFINITION_SHAPE('','',#3446);
#3437=PRODUCT_DEFINITION_SHAPE('','',#3447);
#3438=PRODUCT_DEFINITION_SHAPE('','',#3448);
#3439=PRODUCT_DEFINITION_SHAPE('','',#3449);
#3440=PRODUCT_DEFINITION_SHAPE('','',#3450);
#3441=PRODUCT_DEFINITION('','',#3461,#3451);
#3442=PRODUCT_DEFINITION('','',#3462,#3452);
#3443=PRODUCT_DEFINITION('','',#3463,#3453);
#3444=PRODUCT_DEFINITION('','',#3464,#3454);
#3445=PRODUCT_DEFINITION('','',#3465,#3455);
#3446=PRODUCT_DEFINITION('','',#3466,#3456);
#3447=PRODUCT_DEFINITION('','',#3467,#3457);
#3448=PRODUCT_DEFINITION('','',#3468,#3458);
#3449=PRODUCT_DEFINITION('','',#3469,#3459);
#3450=PRODUCT_DEFINITION('','',#3470,#3460);
#3451=PRODUCT_DEFINITION_CONTEXT('',#3521,'design');
#3452=PRODUCT_DEFINITION_CONTEXT('',#3522,'design');
#3453=PRODUCT_DEFINITION_CONTEXT('',#3523,'design');
#3454=PRODUCT_DEFINITION_CONTEXT('',#3524,'design');
#3455=PRODUCT_DEFINITION_CONTEXT('',#3525,'design');
#3456=PRODUCT_DEFINITION_CONTEXT('',#3526,'design');
#3457=PRODUCT_DEFINITION_CONTEXT('',#3527,'design');
#3458=PRODUCT_DEFINITION_CONTEXT('',#3528,'design');
#3459=PRODUCT_DEFINITION_CONTEXT('',#3529,'design');
#3460=PRODUCT_DEFINITION_CONTEXT('',#3530,'design');
#3461=PRODUCT_DEFINITION_FORMATION_WITH_SPECIFIED_SOURCE('','',#3481,
 .NOT_KNOWN.);
#3462=PRODUCT_DEFINITION_FORMATION_WITH_SPECIFIED_SOURCE('','',#3482,
 .NOT_KNOWN.);
#3463=PRODUCT_DEFINITION_FORMATION_WITH_SPECIFIED_SOURCE('','',#3483,
 .NOT_KNOWN.);
#3464=PRODUCT_DEFINITION_FORMATION_WITH_SPECIFIED_SOURCE('','',#3484,
 .NOT_KNOWN.);
#3465=PRODUCT_DEFINITION_FORMATION_WITH_SPECIFIED_SOURCE('','',#3485,
 .NOT_KNOWN.);
#3466=PRODUCT_DEFINITION_FORMATION_WITH_SPECIFIED_SOURCE('','',#3486,
 .NOT_KNOWN.);
#3467=PRODUCT_DEFINITION_FORMATION_WITH_SPECIFIED_SOURCE('','',#3487,
 .NOT_KNOWN.);
#3468=PRODUCT_DEFINITION_FORMATION_WITH_SPECIFIED_SOURCE('','',#3488,
 .NOT_KNOWN.);
#3469=PRODUCT_DEFINITION_FORMATION_WITH_SPECIFIED_SOURCE('','',#3489,
 .NOT_KNOWN.);
#3470=PRODUCT_DEFINITION_FORMATION_WITH_SPECIFIED_SOURCE('','',#3490,
 .NOT_KNOWN.);
#3471=PRODUCT_RELATED_PRODUCT_CATEGORY('','',(#3481));
#3472=PRODUCT_RELATED_PRODUCT_CATEGORY('','',(#3482));
#3473=PRODUCT_RELATED_PRODUCT_CATEGORY('','',(#3483));
#3474=PRODUCT_RELATED_PRODUCT_CATEGORY('','',(#3484));
#3475=PRODUCT_RELATED_PRODUCT_CATEGORY('','',(#3485));
#3476=PRODUCT_RELATED_PRODUCT_CATEGORY('','',(#3486));
#3477=PRODUCT_RELATED_PRODUCT_CATEGORY('','',(#3487));
#3478=PRODUCT_RELATED_PRODUCT_CATEGORY('','',(#3488));
#3479=PRODUCT_RELATED_PRODUCT_CATEGORY('','',(#3489));
#3480=PRODUCT_RELATED_PRODUCT_CATEGORY('','',(#3490));
#3481=PRODUCT('id2','id2','id2',(#3501));
#3482=PRODUCT('id5','id5','id5',(#3502));
#3483=PRODUCT('id8','id8','id8',(#3503));
#3484=PRODUCT('id11','id11','id11',(#3504));
#3485=PRODUCT('id14','id14','id14',(#3505));
#3486=PRODUCT('id17','id17','id17',(#3506));
#3487=PRODUCT('id20','id20','id20',(#3507));
#3488=PRODUCT('Part 1','Part 1','Part 1',(#3508));
#3489=PRODUCT('Part 3','Part 3','Part 3',(#3509));
#3490=PRODUCT('Part 2','Part 2','Part 2',(#3510));
#3491=PRODUCT_CATEGORY('','');
#3492=PRODUCT_CATEGORY('','');
#3493=PRODUCT_CATEGORY('','');
#3494=PRODUCT_CATEGORY('','');
#3495=PRODUCT_CATEGORY('','');
#3496=PRODUCT_CATEGORY('','');
#3497=PRODUCT_CATEGORY('','');
#3498=PRODUCT_CATEGORY('','');
#3499=PRODUCT_CATEGORY('','');
#3500=PRODUCT_CATEGORY('','');
#3501=PRODUCT_CONTEXT('',#3521,'mechanical');
#3502=PRODUCT_CONTEXT('',#3522,'mechanical');
#3503=PRODUCT_CONTEXT('',#3523,'mechanical');
#3504=PRODUCT_CONTEXT('',#3524,'mechanical');
#3505=PRODUCT_CONTEXT('',#3525,'mechanical');
#3506=PRODUCT_CONTEXT('',#3526,'mechanical');
#3507=PRODUCT_CONTEXT('',#3527,'mechanical');
#3508=PRODUCT_CONTEXT('',#3528,'mechanical');
#3509=PRODUCT_CONTEXT('',#3529,'mechanical');
#3510=PRODUCT_CONTEXT('',#3530,'mechanical');
#3511=APPLICATION_PROTOCOL_DEFINITION('international standard',
'ap242_managed_model_based_3d_engineering',2020,#3521);
#3512=APPLICATION_PROTOCOL_DEFINITION('international standard',
'ap242_managed_model_based_3d_engineering',2020,#3522);
#3513=APPLICATION_PROTOCOL_DEFINITION('international standard',
'ap242_managed_model_based_3d_engineering',2020,#3523);
#3514=APPLICATION_PROTOCOL_DEFINITION('international standard',
'ap242_managed_model_based_3d_engineering',2020,#3524);
#3515=APPLICATION_PROTOCOL_DEFINITION('international standard',
'ap242_managed_model_based_3d_engineering',2020,#3525);
#3516=APPLICATION_PROTOCOL_DEFINITION('international standard',
'ap242_managed_model_based_3d_engineering',2020,#3526);
#3517=APPLICATION_PROTOCOL_DEFINITION('international standard',
'ap242_managed_model_based_3d_engineering',2020,#3527);
#3518=APPLICATION_PROTOCOL_DEFINITION('international standard',
'ap242_managed_model_based_3d_engineering',2020,#3528);
#3519=APPLICATION_PROTOCOL_DEFINITION('international standard',
'ap242_managed_model_based_3d_engineering',2020,#3529);
#3520=APPLICATION_PROTOCOL_DEFINITION('international standard',
'ap242_managed_model_based_3d_engineering',2020,#3530);
#3521=APPLICATION_CONTEXT('managed model based 3d engineering');
#3522=APPLICATION_CONTEXT('managed model based 3d engineering');
#3523=APPLICATION_CONTEXT('managed model based 3d engineering');
#3524=APPLICATION_CONTEXT('managed model based 3d engineering');
#3525=APPLICATION_CONTEXT('managed model based 3d engineering');
#3526=APPLICATION_CONTEXT('managed model based 3d engineering');
#3527=APPLICATION_CONTEXT('managed model based 3d engineering');
#3528=APPLICATION_CONTEXT('managed model based 3d engineering');
#3529=APPLICATION_CONTEXT('managed model based 3d engineering');
#3530=APPLICATION_CONTEXT('managed model based 3d engineering');
ENDSEC;
END-ISO-10303-21;
